ticker,company,sector,industry,pe,fwd_pe,eps_qq,sales_qq,insider_trans,inst_trans,short_float,perf_quarter,perf_half,beta,pct_from_52w_high,recom,avg_volume,rel_volume,price,earnings,target_price,market_cap
AADX,Applied Aerospace & Defense Inc,Industrials,Aerospace & Defense,,,-3159.49,47.42,0.05,31.11,7.18,-38.59,,,-47.48,1.38,1500000.0,0.01,12.73,Aug 12/b,25.75,2190000000.0
AAL,American Airlines Group Inc,Industrials,Airlines,,6.88,-88.18,16.28,-3.2799999999999994,12.27,14.05,-24.39,31.55,1.38,-27.889999999999997,2.21,87990000.0,0.05,13.55,Jul 23/b,17.5,8970000000.0
AAOI,Applied Optoelectronics Inc,Technology,Communication Equipment,,17.92,-74.24,86.42,-11.36,-2.39,15.28,-33.72,1.3,3.83,-57.42,1.88,9590000.0,0.47,99.49,Aug 06/a,170.5,8449999999.999999
AAON,AAON Inc,Industrials,Building Products & Equipment,46.4,25.07,262.51,101.23,-1.09,-0.03,7.07,-29.439999999999998,8.86,1.42,-41.05,1.33,1170000.0,0.06,88.7,Aug 10/b,132.8,7310000000.0
AAP,Advance Auto Parts Inc,Consumer Cyclical,Auto Parts,30.26,10.62,263.7,-0.5,0.0,2.27,17.39,-32.35,-19.16,1.08,-36.06,3.04,1950000.0,0.04,41.69,Aug 20/b,54.53,2520000000.0
ABAT,American Battery Technology Company,Industrials,Waste Management,,,-39.66,196.6,-2.84,2.28,16.11,-16.59,-15.960000000000003,1.29,-80.54,1.0,3330000.0,0.12,2.24,Sep 14/b,6.0,318720000.0
ABEO,Abeona Therapeutics Inc,Healthcare,Biotechnology,,,-120.75,2745.0,-5.2,0.83,31.08,-2.83,28.21,1.29,-28.1,1.0,1490000.0,0.0,5.5,Aug 13/b,18.88,314510000.0
ABR,Arbor Realty Trust Inc,Real Estate,REIT - Mortgage,63.16,6.96,-257.57,-3.04,0.43,3.03,23.64,-24.06,-44.83,1.19,-67.75,3.4,4190000.0000000005,0.11,4.05,Jul 31/b,5.88,756490000.0
ABSI,Absci Corp,Healthcare,Biotechnology,,,11.98,-46.37,0.21,18.28,25.16,-15.329999999999998,245.67999999999998,2.3,-20.28,1.18,3730000.0,0.04,9.61,Aug 11/a,14.4,1650000000.0
ABTC,American Bitcoin Corp,Financial,Capital Markets,,,84.59,4766.74,1.55,3.6799999999999997,16.39,-16.7,-30.78,3.98,-92.06,1.0,1760000.0,0.16,8.93,Aug 03/b,21.0,650280000.0
ABUS,Arbutus Biopharma Corp,Healthcare,Biotechnology,6.26,,-298.47,-90.56,0.0,0.59,11.74,4.75,14.27,0.76,-10.05,1.0,3720000.0,0.0,4.9,Aug 12/b,5.5,971130000.0
ABX,Abacus Global Management Inc,Financial,Insurance - Life,29.03,7.08,-62.74000000000001,29.87,-1.16,1.39,14.02,-16.35,-6.12,0.06,-33.36,1.38,645190.0,0.0,8.29,Aug 06/a,14.31,810700000.0
ACA,Arcosa Inc,Industrials,Engineering & Construction,54.86,30.12,-152.41,-10.61,0.0,-2.39,3.25,1.47,39.39,1.08,-0.2,3.25,708940.0,0.0,146.62,Aug 05/a,150.0,7200000000.0
ACAD,Acadia Pharmaceuticals Inc,Healthcare,Biotechnology,9.4,22.53,15.24,16.4,-2.2,1.37,5.69,-17.21,0.55,0.86,-32.61,1.65,1800000.0,0.06,20.86,Aug 04/a,32.16,3600000000.0
ACCO,Acco Brands Corp,Industrials,Business Equipment & Supplies,7.09,4.57,-52.96999999999999,5.14,-2.19,0.61,7.67,3.04,49.66,1.18,-3.47,1.0,747940.0,0.0,4.4,Jul 30/a,8.0,406160000.0
ACDC,ProFrac Holding Corp,Energy,Oil & Gas Equipment & Services,,,33.5,-0.76,1.31,3.45,18.26,-18.79,-28.96,1.5,-42.7,4.5,1530000.0,0.01,4.71,Aug 06/b,5.38,857800000.0
ACHC,Acadia Healthcare Company Inc,Healthcare,Medical Care Facilities,,15.14,-64.09,-0.39,0.0,-0.22999999999999998,24.71,0.9399999999999998,22.0,0.63,-21.99,1.93,2440000.0,0.01,27.95,Jul 28/a,33.79,2600000000.0
ACHR,Archer Aviation Inc,Industrials,Aerospace & Defense,,,5.34,,-0.49,2.08,14.65,19.02,9.43,3.26,-61.9,1.78,32860000.0,0.09,5.57,Aug 10/a,10.61,4290000000.0
ACHV,Achieve Life Sciences Inc,Healthcare,Biotechnology,,,-118.04999999999998,,-0.06,51.59,22.91,21.03,184.53,2.32,-12.73,1.0,1700000.0,0.0,7.54,Aug 11/b,14.27,775880000.0
ACI,Albertsons Companies Inc,Consumer Defensive,Grocery Stores,156.28,,-58.62,0.24,0.08,-3.35,17.22,-13.209999999999999,-31.52,0.38,-41.55,2.55,8369999.999999999,0.0,11.69,Jul 23/b,14.19,5670000000.0
ACIW,ACI Worldwide Inc,Technology,Software - Infrastructure,22.52,16.74,169.34,7.2700000000000005,0.0,2.26,6.49,-0.61,23.4,0.98,-19.43,1.4,985350.0,0.0,49.21,Aug 06/b,67.33,4970000000.0
ACM,AECOM,Industrials,Engineering & Construction,22.32,9.58,-149.62,-14.180000000000001,1.18,2.8,4.96,-12.4,-28.48,0.92,-54.89999999999999,1.4,1980000.0,0.0,61.12,Aug 10/a,84.18,7870000000.0
ACMR,ACM Research Inc,Technology,Semiconductor Equipment & Materials,35.77,23.78,180.57,36.01,-2.79,7.31,7.11,-36.66,87.92,2.1,-40.8,1.25,1150000.0,0.07,75.3,Aug 07/b,121.71,5240000000.0
ACP,abrdn Income Credit Strategies Fund,Financial,Closed-End Fund - Debt,,,,,,,0.15,-15.02,-10.96,0.78,-23.33,,637870.0,0.03,4.47,-,,560850000.0
ACRS,Aclaris Therapeutics Inc,Healthcare,Biotechnology,,,-19.7,-8.33,-0.8199999999999998,4.66,14.51,1.42,44.64,0.87,-22.86,1.15,2240000.0,0.0,5.09,Aug 06/b,10.58,749410000.0
ACVA,ACV Auctions Inc,Consumer Cyclical,Auto & Truck Dealerships,,30.39,-12.38,10.45,0.0,0.8100000000000002,9.65,45.16,151.84,1.81,-0.45999999999999996,3.0,7060000.0,0.0,10.45,Aug 10/a,9.92,1770000000.0
ADAM,Adamas Trust Inc,Real Estate,REIT - Mortgage,4.87,7.91,1318.13,34.52,0.0,0.97,3.79,-13.3,13.04,1.24,-21.0,2.33,966670.0,0.01,8.18,Jul 29/a,9.75,735580000.0
ADC,Agree Realty Corp,Real Estate,REIT - Retail,36.35,34.32,2.22,16.85,3.7699999999999996,1.31,5.56,-12.28,-9.31,0.42,-17.79,1.81,1400000.0,0.0,67.48,Jul 30/a,83.84,8390000000.000001
ADEA,Adeia Inc,Technology,Software - Application,23.59,15.94,1.81,12.11,-3.16,5.3,6.97,-22.66,5.51,2.19,-25.679999999999996,1.25,1150000.0,0.01,25.52,Aug 03/a,43.0,2810000000.0
ADIG,ADI Global Distribution Inc,Technology,Computer Hardware,,,,,0.0,60.309999999999995,5.5,,,,-36.92,2.0,1010000.0,0.0,19.55,Aug 13/b,28.5,1480000000.0
ADMA,Adma Biologics Inc,Healthcare,Biotechnology,13.31,9.94,19.33,1.9799999999999998,0.34,-4.06,11.28,12.07,1.41,0.7,-54.15,1.33,2670000.0,0.07,9.38,Aug 05/a,18.67,2100000000.0
ADNT,Adient plc,Consumer Cyclical,Auto Parts,29.45,5.89,-26.6,5.03,-1.81,-2.27,8.95,-3.1400000000000006,-13.04,1.6,-35.54,1.69,1010000.0,0.0,17.61,Aug 05/b,26.1,1360000000.0
ADPT,Adaptive Biotechnologies Corp,Healthcare,Diagnostics & Research,,,-47.8,21.53,-37.87,2.47,8.71,34.21,131.43,2.11,-4.14,1.25,2490000.0,0.06,28.72,Jul 29/a,26.36,4580000000.0
ADRX,ADARx Pharmaceuticals Inc,Healthcare,Biotechnology,,,,,,,,,,,-21.41,,4210000.0,0.01,18.24,-,,1380000000.0
ADT,ADT Inc,Industrials,Security & Protection Services,8.85,6.49,8.88,1.96,0.1,-8.43,3.66,-1.69,-1.08,1.04,-28.04,2.75,7850000.0,0.0,6.39,Jul 30/b,8.23,4670000000.0
ADTN,ADTRAN Holdings Inc,Technology,Communication Equipment,,12.27,46.59,6.07,-2.2,5.41,16.77,-48.03,-44.74,1.48,-64.24,1.44,2009999.9999999998,0.0,7.15,Aug 04/b,14.7,582230000.0
AEHR,Aehr Test Systems,Technology,Semiconductor Equipment & Materials,,,143.11,33.69,-31.290000000000003,3.29,16.42,6.419999999999999,210.12,3.51,-31.58,1.0,2810000.0,0.52,100.85,Jul 14/a,130.29,3290000000.0
AEMD,Aethlon Medical Inc,Healthcare,Medical Devices,,,90.52,,0.0,2.46,4.74,45.56,-42.57,1.44,-85.07,3.0,2560000.0,0.02,6.17,Aug 13/a,13.25,9900000.0
AEO,American Eagle Outfitters Inc,Consumer Cyclical,Apparel Retail,8.26,8.4,74.24,7.53,-0.15,-0.37,10.85,-5.5,0.01,1.27,-43.32,2.88,5490000.0,0.0,16.13,Sep 09/a,18.36,2700000000.0
AESI,Atlas Energy Solutions Inc,Energy,Oil & Gas Equipment & Services,,,-347.44,1.56,0.0,23.66,29.97,-24.15,-4.01,1.14,-36.96,2.62,3420000.0,0.06,12.69,Aug 03/a,17.42,1590000000.0
AEVA,Aeva Technologies Inc,Technology,Software - Infrastructure,,,64.76,11.34,-6.7,3.49,15.08,-41.57,17.51,2.4,-52.07999999999999,2.0,1760000.0,0.08,15.0,Aug 05/a,30.0,1050000000.0
AGCO,AGCO Corp,Industrials,Farm & Heavy Construction Machinery,16.17,15.92,-74.3,-0.96,-7.64,2.76,5.91,-2.04,2.92,1.07,-18.73,2.53,993800.0,0.01,116.85,Jul 30/b,122.64,8180000000.0
AGEN,Agenus Inc,Healthcare,Biotechnology,3.21,,98.53,34.36,0.0,17.96,17.05,170.47,151.32,1.36,-3.73,1.0,4230000.0,0.08,8.52,Aug 06/b,26.33,384770000.0
AGIO,Agios Pharmaceuticals Inc,Healthcare,Biotechnology,,,12.45,259.25,-4.54,3.6699999999999995,12.97,-14.46,10.57,0.63,-29.26,1.6,1100000.0,0.0,32.54,Jul 30/b,46.25,1940000000.0
AGNT,AGNT Inc,Real Estate,Real Estate Services,,64.06,-10.2,10.75,-11.5,3.15,14.78,-34.71,-39.4,2.06,-70.31,2.33,1540000.0,0.0,3.63,Aug 04/a,5.38,606640000.0
AHCO,AdaptHealth Corp,Healthcare,Medical Devices,,,-1103.98,-7.5,0.08,0.13,11.16,-44.71,-49.6,1.42,-57.97,1.14,2800000.0,0.0,5.65,Aug 04/b,9.0,769690000.0
AHRT,AH Realty Trust Inc,Real Estate,REIT - Diversified,,,-745.55,-48.1,0.16,-0.15,3.65,-17.71,14.719999999999999,1.11,-19.35,2.25,703040.0,0.06,5.91,Aug 03/a,7.5,566640000.0
AI,C3.ai Inc,Technology,Software - Infrastructure,,,30.579999999999995,-25.46,-15.289999999999997,9.08,29.73,19.39,36.47,2.1,-47.63,3.73,5100000.0,0.05,10.59,Sep 02/a,8.3,1700000000.0
AIAI,AIAI Holdings Corp,Industrials,Conglomerates,,,,,-0.55,79.47,3.67,-76.24,,,-81.86,,532780.0,0.01,3.55,-,,277840000.0
AIB,AIB Data Centers Inc,Technology,Software - Infrastructure,,,98.74,2317.48,0.0,180.99,1.07,-19.52,53.64,4.97,-73.09,1.0,1120000.0,0.6,1.69,Aug 14/b,5.88,128410000.0
AIFF,Firefly Neuroscience Inc,Technology,Software - Application,,,33.38,71.91,0.0,3.12,2.11,40.65,-20.64,0.54,-45.08,,2560000.0,5.28,1.73,-,,27150000.0
AIOT,PowerFleet Inc,Technology,Software - Application,,17.5,18.1,6.41,0.0,-2.29,11.47,-25.53,-3.7800000000000002,1.4,-52.38,1.29,1720000.0,0.02,2.8,Aug 10/b,8.4,375830000.0
AIP,Arteris Inc,Technology,Semiconductors,,190.2,-36.28,46.25,-19.7,11.61,6.51,-50.080000000000005,43.19,1.91,-52.959999999999994,1.0,780060.0,0.02,23.64,Aug 06/a,39.43,1160000000.0
AIRJ,AirJoule Technologies Corp,Industrials,Building Products & Equipment,,,-392.82,,-0.02,3.61,14.86,-11.74,38.1,0.87,-39.85,1.33,1410000.0,0.06,4.06,Aug 13/a,9.55,305340000.0
AIRS,Airsculpt Technologies Inc,Healthcare,Medical Care Facilities,,,-58.59000000000001,-2.53,0.34,-2.61,29.33,-56.42,-31.36,2.27,-83.58,2.33,773410.0,0.0,1.97,Aug 10/b,4.5,142030000.0
AIV,Apartment Investment & Management Co,Real Estate,REIT - Residential,,,1182.77,-36.06,0.0,-0.02,1.15,-26.6,-22.11,1.18,-30.829999999999995,1.0,1300000.0,0.0,2.18,Mar 02/a,6.7,316620000.0
AIXC,AIxCrypto Holdings Inc,Technology,Software - Infrastructure,,,79.4,,0.0,2.36,11.64,54.21,43.48,0.51,-73.21,,1370000.0,0.36,1.65,May 11/a,250.0,34830000.0
AKR,Acadia Realty Trust,Real Estate,REIT - Retail,56.89,59.98,312.1,-5.14,-3.27,4.42,9.29,-12.07,0.4699999999999999,1.12,-16.46,1.29,1440000.0,0.0,19.24,Jul 28/a,24.71,2690000000.0
ALDX,Aldeyra Therapeutics Inc,Healthcare,Biotechnology,,,44.44,,12.61,-3.93,6.2,-41.46,-32.2,1.18,-79.76,1.4,1100000.0,0.06,1.2,Jul 31,6.6,72390000.0
ALEC,Alector Inc,Healthcare,Biotechnology,,,32.03,-57.84,-0.78,7.9399999999999995,7.41,-6.4399999999999995,-2.7,0.6,-42.76,2.83,1190000.0,0.03,1.95,Aug 06/a,3.1,217280000.0
ALGM,Allegro Microsystems Inc,Technology,Semiconductors,478.03,23.93,217.85000000000002,27.449999999999996,-0.12,4.83,8.35,-45.91,19.19,1.99,-49.98,1.21,2670000.0,0.09,35.9,Jul 30/b,54.83,6690000000.0
ALGT,Allegiant Travel,Industrials,Airlines,54.88,7.1,94.13,36.86,0.0,44.96,9.72,-32.4,-2.77,1.54,-37.56,1.53,546010.0,0.06,77.2,Aug 04/a,124.93,2109999999.9999998
ALH,Alliance Laundry Holdings Inc,Consumer Cyclical,"Furnishings, Fixtures & Appliances",24.6,14.7,286.93,22.38,-17.19,0.01,5.39,-16.89,11.88,,-22.6,1.38,1130000.0,0.0,21.85,Aug 13/b,32.25,4340000000.0
ALHC,Alignment Healthcare Inc,Healthcare,Healthcare Plans,43.44,19.73,127.27,31.55,-24.16,10.92,12.41,-65.13,-51.2,1.1,-67.71,1.43,7010000.0,0.02,8.11,Jul 30/a,22.23,1680000000.0
ALIT,Alight Inc,Technology,Software - Application,,2.31,99.06,-3.2199999999999998,0.0,-17.12,4.51,0.25,1.5700000000000003,1.66,-83.72,2.8,681360.0,0.0,11.02,Aug 04/a,17.0,296870000.0
ALK,Alaska Air Group Inc,Industrials,Airlines,,7.25,-148.08,9.75,2.59,-0.79,10.39,-22.97,10.62,1.32,-34.03,1.39,2770000.0,0.03,40.0,Jul 21/a,57.12,4460000000.0
ALKT,Alkami Technology Inc,Technology,Software - Application,,12.66,36.61,15.869999999999997,21.27,-7.5,10.96,-19.33,-10.07,0.57,-47.17,1.89,1740000.0,0.01,13.71,Jul 29/a,20.71,1470000000.0
ALLO,Allogene Therapeutics Inc,Healthcare,Biotechnology,,,44.26,,-0.04,53.72,24.92,-25.679999999999996,-26.99,0.54,-63.0,1.27,6870000.0,0.04,1.65,Aug 12/a,8.75,570060000.0
ALM,Almonty Industries Inc,Basic Materials,Other Industrial Metals & Mining,54.08,9.37,235.56,497.88999999999993,0.0,15.939999999999998,9.43,-17.84,-11.07,1.37,-45.68,1.17,6790000.0,0.17,13.26,Aug 11/a,25.4,3830000000.0
ALMS,Alumis Inc,Healthcare,Biotechnology,,,-243.88,-37.66,2.34,3.4799999999999995,6.6,-73.8,-71.33,-0.64,-77.32,1.3,2470000.0,0.0,7.11,Aug 13/a,31.12,949150000.0
ALMU,Aeluma Inc,Technology,Semiconductors,,,-297.97,-55.8,-5.17,5.15,24.68,-40.85,7.79,0.31,-58.63,1.0,560530.0,0.07,13.15,Sep 16/a,23.5,253340000.0
ALOY,REalloys Inc,Basic Materials,Other Industrial Metals & Mining,,,-69.62,54.98,0.0,111.40999999999998,17.88,-39.24,-13.36,1.36,-67.86,1.0,2640000.0,0.12,8.65,Aug 13/a,26.5,600250000.0
ALSN,Allison Transmission Holdings Inc,Consumer Cyclical,Auto Parts,18.08,10.45,-6.07,92.38,-4.78,-0.57,2.95,-4.99,-2.11,0.97,-17.26,2.36,1070000.0,0.0,113.86,Aug 03/a,140.45,9400000000.0
ALT,Altimmune Inc,Healthcare,Biotechnology,,,54.71,-100.0,0.45999999999999996,36.32,28.17,4.42,1.66,0.05,-52.33,1.3,4430000.0,0.02,3.07,Aug 12/b,17.11,597170000.0
ALTO,Alto Ingredients Inc,Basic Materials,Specialty Chemicals,5.59,11.27,197.43,12.48,0.93,6.52,9.54,-30.47,-17.52,0.14,-39.07,1.0,2049999.9999999998,0.03,3.72,Aug 05/a,9.0,288550000.0
ALXO,Alx Oncology Holdings Inc,Healthcare,Biotechnology,,,72.71,,-0.01,14.63,6.42,-40.45,-35.78,0.45,-50.74999999999999,1.29,1220000.0,0.0,1.31,Aug 06/b,4.6,181140000.0
AM,Antero Midstream Corp,Energy,Oil & Gas Midstream,24.62,15.72,-7.84,8.33,-0.13,0.56,3.67,-10.04,-11.56,0.68,-13.95,3.11,2370000.0,0.0,20.51,Jul 29/a,24.0,9740000000.0
AMBA,Ambarella Inc,Technology,Semiconductor Equipment & Materials,,67.73,67.66,13.209999999999999,-5.08,-2.19,13.55,7.04,42.12,2.38,-25.81,1.83,1880000.0,0.18,71.73,Sep 03/a,91.33,3170000000.0
AMBQ,Ambiq Micro Inc,Technology,Semiconductors,,,29.770000000000003,89.68,-11.08,35.24,10.54,-18.54,191.46,5.47,-24.38,1.67,534810.0,0.02,69.28,Aug 11/b,85.67,1680000000.0
AMC,AMC Entertainment Holdings Inc,Communication Services,Entertainment,,,-46.3,14.219999999999999,4.9,27.35,4.88,43.84,207.95,2.02,-8.18,2.33,34950000.0,0.1,2.92,Jul 20/b,3.03,2610000000.0
AMCX,AMC Global Media Inc,Communication Services,Entertainment,,4.89,-155.88,-8.75,-0.08,3.07,22.95,20.63,81.76,1.39,-5.92,3.75,646410.0,0.0,12.16,Jul 30/b,9.8,501600000.0
AMIX,Autonomix Medical Inc,Healthcare,Medical Devices,,,77.77,,0.0,5.21,3.55,-34.94,-54.84,-0.98,-88.33,1.0,4450000.0,0.09,3.8,Sep 02,58.8,7450000.0
AMLX,Amylyx Pharmaceuticals Inc,Healthcare,Drug Manufacturers - Specialty & Generic,,,16.0,,-0.61,0.2,12.72,57.70000000000001,117.64000000000001,-0.11,-28.32,1.25,2420000.0,0.03,29.49,Aug 06/b,42.36,3700000000.0
AMN,AMN Healthcare Services Inc,Healthcare,Medical Care Facilities,12.81,36.64,117.60999999999999,2.29,-0.96,8.83,9.1,6.02,81.54,0.41,-7.76,2.44,727790.0,0.0,34.33,Aug 06/a,36.14,1330000000.0
AMPG,Amplitech Group Inc,Technology,Communication Equipment,,40.63,-39.38,-26.810000000000002,-2.9,2.25,15.88,-53.77000000000001,80.56,-0.27,-67.85,1.0,2100000.0,0.06,3.25,Aug 13/a,7.0,97650000.0
AMPL,Amplitude Inc,Technology,Software - Application,,76.78,-42.49,21.16,-1.28,-2.94,7.75,75.26,106.71,1.5,-10.23,1.58,2080000.0,0.0,13.25,Aug 05/a,13.77,1660000000.0
AMPX,Amprius Technologies Inc,Industrials,Electrical Equipment & Parts,,233.77,32.31,125.87000000000002,-16.37,8.78,16.66,-18.73,-31.840000000000003,2.35,-54.65,1.0,5650000.0,4.12,10.99,Aug 04/a,23.7,1610000000.0
AMPY,Amplify Energy Corp,Energy,Oil & Gas E&P,8.56,9.59,168.67,-22.93,0.24,-3.09,12.36,2.29,-37.16,0.06,-39.29,1.0,781810.0,0.04,4.12,Aug 10/a,7.75,170890000.0
AMRC,Ameresco Inc,Industrials,Engineering & Construction,42.67,13.28,-25.72,9.14,0.25,3.35,16.97,-16.37,-16.93,2.62,-50.55,1.67,664290.0,0.03,22.22,Aug 03/a,42.7,1180000000.0
AMRX,Amneal Pharmaceuticals Inc,Healthcare,Drug Manufacturers - Specialty & Generic,41.26,16.59,152.81,9.89,-0.25,0.9399999999999998,7.86,14.35,66.84,1.23,-6.63,1.12,2150000.0,0.07,19.77,Jul 30/b,22.71,6310000000.0
AMSC,American Superconductor Corp,Industrials,Specialty Industrial Machinery,9.81,23.05,19.03,30.010000000000005,-8.92,4.47,8.4,-25.46,-11.95,3.33,-57.879999999999995,1.0,745790.0,0.12,29.69,Aug 05/a,61.4,1440000000.0
AMTM,Amentum Holdings Inc,Industrials,Specialty Business Services,22.96,7.26,553.88,-1.9900000000000002,0.0,2.51,6.2,-5.25,-25.82,0.27,-49.7,2.42,2049999.9999999998,0.02,19.17,Aug 10/a,29.58,4690000000.0
AMTX,Aemetis Inc,Basic Materials,Specialty Chemicals,,,67.43,20.02,-0.2,9.28,13.72,9.1,-44.13,1.81,-51.47999999999999,1.0,1040000.0,0.04,1.84,Aug 06/b,13.25,133060000.0
ANAB,AnaptysBio Inc,Healthcare,Biotechnology,7.95,,561.29,23.47,-1.02,5.61,19.49,-22.31,33.95,0.9,-29.17,1.17,597310.0,0.04,51.25,Sep 21/a,83.0,1530000000.0
ANF,Abercrombie & Fitch Co,Consumer Cyclical,Apparel Retail,11.44,10.32,43.22,4.81,-8.32,5.62,12.69,49.37,49.8,1.0,-13.98,1.94,1520000.0,0.0,133.52,Aug 26/b,163.55,5670000000.0
ANGI,Angi Inc,Communication Services,Internet Content & Information,,12.34,-2595.05,-10.86,0.0,-1.86,14.24,-9.21,-22.01,1.74,-68.06,2.75,787420.0,0.0,5.42,Aug 04/a,8.0,219810000.0
ANGX,Angel Studios Inc,Communication Services,Entertainment,,,51.96999999999999,,1.6200000000000003,11.98,6.75,39.89,59.11,-0.2,-49.44,1.0,1640000.0,0.03,4.98,Aug 04/a,8.5,930050000.0
ANNX,Annexon Inc,Healthcare,Biotechnology,,,19.92,,2.74,15.5,19.93,-29.98,-22.0,1.32,-45.68,1.36,3500000.0,0.07,3.9,Aug 12/b,15.5,739360000.0
ANRO,Alto Neuroscience Inc,Healthcare,Biotechnology,,,1.28,,0.0,6.39,11.72,-5.24,29.75,1.22,-29.03,1.27,595950.0,0.01,26.6,Aug 12/a,38.38,1040000000.0
ANVS,Annovis Bio Inc,Healthcare,Biotechnology,,,-23.75,,18.59,15.289999999999997,16.0,-28.49,-34.48,1.2,-75.82,1.0,927080.0,0.09,1.33,Aug 14/b,10.5,56760000.0
AORT,Artivion Inc,Healthcare,Medical Devices,,79.65,-1039.19,11.32,-4.97,4.18,7.11,2.72,-34.83,1.21,-52.33,1.0,698220.0,0.0,23.0,Aug 06/a,42.15,1120000000.0
AOS,A.O. Smith Corp,Industrials,Specialty Industrial Machinery,16.52,14.55,-15.18,-0.69,0.0,4.41,9.78,-3.94,-8.03,1.11,-27.62,2.62,1570000.0,0.0,59.25,Jul 30/b,69.7,8050000000.000001
AOSL,Alpha & Omega Semiconductor Ltd,Technology,Semiconductors,,84.95,83.17,-3.46,-1.23,3.72,11.94,-40.81,21.36,2.66,-50.74999999999999,2.0,619170.0,0.04,26.76,Aug 12/a,46.4,809750000.0
APAM,Artisan Partners Asset Management Inc,Financial,Asset Management,8.98,9.11,18.68,8.05,-0.39,2.39,5.37,1.66,-0.39,1.67,-21.26,3.0,875910.0,0.0,36.16,Jul 28/a,39.5,2930000000.0
APLD,Applied Digital Corp,Technology,Information Technology Services,,,-62.41,580.68,-0.39,4.84,22.0,-31.759999999999998,8.48,5.99,-49.19,1.21,18030000.0,0.23,25.77,Jul 27/a,65.15,7510000000.0
APLE,Apple Hospitality REIT Inc,Real Estate,REIT - Hotel & Motel,21.84,21.8,6.05,4.73,0.03,-0.16,7.53,-4.14,40.91,0.92,-6.309999999999999,2.55,2790000.0,0.0,16.19,Aug 05/a,17.17,3820000000.0
APMD,Apnimed Inc,Healthcare,Biotechnology,,,,,12.97,24.35,2.27,,,,-40.21,1.0,557220.0,0.0,21.1,Sep 08/a,50.33,878410000.0
APPN,Appian Corp,Technology,Software - Infrastructure,,25.38,-3759.52,19.11,-0.5,-1.37,10.82,60.099999999999994,55.26,0.91,-21.86,3.11,857500.0,0.03,35.99,Aug 06/b,34.0,2580000000.0
APPS,Digital Turbine Inc,Technology,Software - Application,,11.77,29.020000000000003,26.780000000000005,0.0,1.7399999999999998,9.51,-13.4,284.19,3.04,-27.089999999999996,1.0,3600000.0,0.36,11.18,Aug 04/a,17.0,1350000000.0
APUS,Apimeds Pharmaceuticals US Inc,Healthcare,Drug Manufacturers - Specialty & Generic,,,-456.18,,0.0,,1.85,-33.32,-67.71,-0.49,-89.67,,2060000.0,0.8,6.17,-,,9310000.0
AQST,Aquestive Therapeutics Inc,Healthcare,Drug Manufacturers - Specialty & Generic,,,-34.09,38.15,-2.1,0.1,22.85,12.98,16.92,1.47,-37.75,1.0,2740000.0,0.01,4.7,Aug 11/a,9.33,589900000.0
ARCT,Arcturus Therapeutics Holdings Inc,Healthcare,Biotechnology,,,-147.28,-96.41,0.0,3.2099999999999995,20.99,103.08,104.88,2.48,-42.7,1.31,936580.0,0.09,13.85,Aug 06/a,23.2,393660000.0
ARDX,Ardelyx Inc,Healthcare,Biotechnology,,13.17,15.22,23.77,-4.52,-1.17,10.69,-34.61,-37.59,0.67,-59.29,1.0,4380000.0,0.03,3.42,Aug 06/a,12.9,852220000.0
ARE,Alexandria Real Estate Equities Inc,Real Estate,REIT - Office,,,33.01,-13.03,0.22,2.63,3.97,-9.96,8.72,1.17,-41.37,3.18,1900000.0,0.0,50.06,Aug 03/a,53.14,8720000000.0
AREC,American Resources Corp,Industrials,Waste Management,,6.36,56.13,-99.93,0.0,-2.02,15.97,-14.39,-16.64,1.14,-73.27,1.0,2430000.0,0.05,1.87,Aug 18,6.0,200210000.0
ARHS,Arhaus Inc,Consumer Cyclical,Specialty Retail,20.12,17.14,12.560000000000002,7.380000000000001,-0.0,2.06,12.36,16.63,51.080000000000005,2.3,-14.7,2.13,1360000.0,0.0,9.82,Aug 06/b,10.54,1390000000.0
ARI,Apollo Commercial Real Estate Finance Inc,Real Estate,REIT - Mortgage,7.91,8.21,-12.45,-239.95,-0.4099999999999999,-5.9,3.7,-13.34,-12.2,1.45,-16.88,1.5,5000000.0,0.0,6.24,Aug 10/a,8.0,802120000.0
ARKO,ARKO Corp,Consumer Cyclical,Specialty Retail,54.94,32.08,-75.02,17.36,-0.09,7.33,8.92,-47.68,-23.63,0.92,-52.37,2.0,956530.0,0.0,4.17,Aug 07/b,8.5,467810000.0
ARLO,Arlo Technologies Inc,Industrials,Building Products & Equipment,46.08,12.45,-5.54,20.5,-6.309999999999999,0.98,11.87,-2.22,-5.2,1.59,-36.01,1.14,1310000.0,0.0,12.76,Aug 06/a,21.0,1370000000.0
AROC,Archrock Inc,Energy,Oil & Gas Equipment & Services,16.65,15.12,5.71,-3.11,-6.43,3.03,4.46,-23.37,-12.73,0.91,-26.6,1.12,1910000.0,0.01,31.0,Aug 04/a,42.33,5430000000.0
ARQT,Arcutis Biotherapeutics Inc,Healthcare,Biotechnology,123.85,19.35,188.25,59.32999999999999,-0.8,-1.06,16.86,-4.15,20.88,1.59,-19.26,1.29,2150000.0,0.0,25.65,Aug 05/a,37.0,3220000000.0
ARR,ARMOUR Residential REIT Inc,Real Estate,REIT - Mortgage,3.76,4.77,191.47,8.35,-12.25,8.01,11.55,-19.26,-11.0,1.39,-27.500000000000004,2.33,4000000.0,0.03,14.0,Jul 22/a,18.38,1980000000.0
ARRY,Array Technologies Inc,Technology,Solar,,4.51,-70.86,-5.57,0.0,0.29,23.24,-44.75,-45.43,1.8,-67.29,2.22,6700000.0,0.01,4.0,Aug 05/a,8.6,616030000.0
ARTW,Art's-way Manufacturing Co Inc,Industrials,Farm & Heavy Construction Machinery,,,-88.52,23.95,0.0,3.1,2.99,28.74,57.75,1.07,-19.42,1.0,545020.0,0.0,3.36,-,7.0,17480000.0
ARVN,Arvinas Inc,Healthcare,Biotechnology,47.38,,407.54,1014.7299999999999,-0.79,1.14,8.51,-8.32,-24.75,1.8,-47.62,2.31,822870.0,0.07,7.6,Aug 04/b,13.93,496930000.0
ARWR,Arrowhead Pharmaceuticals Inc,Healthcare,Biotechnology,,,-7.51,171.02,-0.48,-3.06,6.97,-19.25,12.5,1.28,-31.929999999999996,1.12,2180000.0,0.01,65.0,Aug 04/a,107.83,9180000000.0
ASAN,Asana Inc,Technology,Software - Application,,19.79,17.05,9.9,-0.4699999999999999,3.52,24.78,28.57,45.87,1.17,-41.86,2.71,6310000.0,0.01,9.0,Sep 03/a,10.08,2060000000.0
ASB,Associated Banc-Corp,Financial,Banks - Regional,10.26,8.81,-2.18,14.35,-1.14,2.23,4.55,-6.29,15.72,0.8,-9.52,2.36,1990000.0,0.0,29.37,Jul 23/a,34.09,5550000000.0
ASH,Ashland Inc,Basic Materials,Specialty Chemicals,61.92,16.32,102.16000000000001,7.339999999999999,0.0,3.08,9.74,8.98,31.629999999999995,0.39,-10.54,1.64,787280.0,0.01,70.0,Jul 28/a,80.18,3210000000.0
ASO,Academy Sports and Outdoors Inc,Consumer Cyclical,Specialty Retail,8.19,6.96,17.1,2.97,-11.31,1.7000000000000002,13.5,4.6,-8.17,0.99,-21.31,2.22,1710000.0,0.0,49.14,Sep 09/b,59.65,3030000000.0
ASPI,ASP Isotopes Inc,Basic Materials,Specialty Chemicals,,,73.38,327.51,-5.21,-0.42,19.05,-52.89,-32.95,3.63,-79.78,1.0,3880000.0,0.15,2.93,Jun 03,13.0,449200000.0
ASPN,Aspen Aerogels Inc,Basic Materials,Specialty Chemicals,,,-154.63,-36.11,-47.63,5.52,11.09,-13.819999999999999,56.169999999999995,3.07,-44.87,2.2,1230000.0,0.0,5.15,Aug 06/b,7.94,427700000.0
ASST,Strive Inc,Financial,Asset Management,,53.11,-10.31,-19.2,0.14,15.560000000000002,27.65,149.08,193.69,13.33,-47.18,1.0,6340000.0,0.43,28.94,Aug 10/b,33.2,2820000000.0
ASTH,Astrana Health Inc,Healthcare,Medical Care Facilities,44.47,18.52,108.13999999999999,48.52,0.0,5.48,8.34,-19.06,50.67,1.03,-29.37,1.36,547700.0,0.0,36.45,Aug 06/a,51.67,1810000000.0
ATEC,Alphatec Holdings Inc,Healthcare,Medical Devices,,16.16,40.0,15.07,0.63,-1.13,12.33,3.6799999999999997,-9.88,0.79,-57.71000000000001,1.0,2350000.0,0.17,9.85,Aug 04/a,15.79,1520000000.0
ATEN,A10 Networks Inc,Technology,Software - Infrastructure,43.98,21.72,-18.53,15.5,-1.25,5.56,14.01,-26.44,11.0,1.13,-33.15,1.83,1280000.0,0.0,25.73,Aug 05/a,36.67,1870000000.0
ATKR,Atkore Inc,Industrials,Electrical Equipment & Parts,,14.92,-98.25,8.13,-1.21,3.85,3.99,21.51,56.26,1.7,-0.08,3.33,828480.0,0.0,94.57,Aug 03/b,93.5,3190000000.0
ATMU,Atmus Filtration Technologies Inc,Consumer Cyclical,Auto Parts,17.1,13.64,7.980000000000001,16.41,-4.84,3.9699999999999998,3.82,-17.0,-24.46,1.18,-32.77,1.67,710920.0,0.0,44.71,Aug 07/b,65.2,3650000000.0
ATOM,Atomera Inc,Technology,Semiconductor Equipment & Materials,,,-0.37,,-8.48,14.790000000000001,17.56,-45.54,10.81,2.05,-66.48,1.0,596820.0,0.03,4.14,Aug 04/a,10.0,161720000.0
ATRC,Atricure Inc,Healthcare,Medical Instruments & Supplies,274.83,142.12,241.25,12.83,-3.8900000000000006,4.44,8.77,107.32,106.02000000000001,1.27,-3.5699999999999994,1.4,1110000.0,0.0,59.5,Jul 23/a,53.33,3030000000.0
ATRO,Astronics Corp,Industrials,Aerospace & Defense,36.23,21.72,1986.9800000000002,27.01,0.0,-10.45,9.48,-20.18,32.27,1.23,-27.62,1.0,673420.0,0.01,68.37,Aug 11/a,100.5,2940000000.0
AUB,Atlantic Union Bankshares Corp,Financial,Banks - Regional,11.6,9.61,835.55,-2.5,0.05,0.79,5.83,-8.26,11.47,0.78,-11.1,1.67,1180000.0,0.0,38.78,Jul 21/b,47.62,5540000000.0
AUGO,Aura Minerals Inc,Basic Materials,Gold,22.27,9.06,2271.56,76.42,-3.4099999999999997,9.54,16.3,23.33,12.03,0.16,-28.84,1.22,1030000.0,0.03,78.5,Aug 05/a,101.8,6580000000.0
AURA,Aura Biosciences Inc,Healthcare,Biotechnology,,,-3.3099999999999996,,-16.19,41.75,10.41,-14.01,-5.65,0.4,-37.96,1.0,753050.0,0.0,5.92,Aug 11/b,16.6,613510000.0
AUUD,Auddia Inc,Technology,Software - Application,,,96.86,,0.0,15.370000000000001,10.94,-11.1,-81.01,0.47,-94.01,1.0,3270000.0,0.09,1.12,-,3272.5,6510000.0
AVA,Avista Corp,Utilities,Utilities - Diversified,12.69,12.55,142.99,0.49,-0.76,4.57,5.0,-15.939999999999998,-11.34,0.21,-19.29,3.0,676620.0,0.0,35.11,Aug 03/b,40.25,2940000000.0
AVAH,Aveanna Healthcare Holdings Inc,Healthcare,Medical Care Facilities,10.13,13.73,39.56,13.73,-43.86,7.16,4.74,43.88,98.09,1.94,-15.299999999999999,1.64,2990000.0,0.01,12.46,Aug 13/b,14.6,2720000000.0
AVAT,Avalanche Treasury Corp,Financial,Asset Management,,,-2268.12,,0.0,41.35,0.15,151.41,-82.71,1.42,-82.97,,1070000.0,0.53,1.82,Aug 26/a,,79580000.0
AVAV,AeroVironment Inc,Industrials,Aerospace & Defense,,33.46,92.92,5.68,-0.02,-1.03,11.86,8.63,-18.13,1.36,-63.85999999999999,1.33,1940000.0,0.11,151.0,Sep 09/a,217.79,7670000000.0
AVBP,ArriVent BioPharma Inc,Healthcare,Biotechnology,,,-16.83,,0.0,8.02,25.31,-16.32,30.47,1.37,-20.6,1.0,529370.0,0.0,28.45,Aug 12/a,44.91,1400000000.0
AVEX,AEVEX Corp,Industrials,Aerospace & Defense,20.26,23.66,,99.53,-2.6,39.37,10.85,-11.65,,,-62.56,1.4,1760000.0,0.09,15.85,Aug 12/a,32.78,2009999999.9999998
AVNT,Avient Corp,Basic Materials,Specialty Chemicals,22.34,11.69,22.25,5.83,0.0,2.46,4.54,8.89,13.94,1.29,-11.49,1.56,830430.0,0.0,41.28,Aug 06/b,50.75,3790000000.0
AVO,Mission Produce Inc,Consumer Defensive,Food Distribution,383.09,16.85,-137.94,25.8,9.71,18.34,9.68,7.180000000000001,-3.38,0.44,-15.39,1.0,903340.0,0.0,13.14,Sep 08/a,16.5,1150000000.0
AVPT,AvePoint Inc,Technology,Software - Infrastructure,40.69,25.93,957.63,22.03,-0.18,5.33,7.77,16.08,36.12,1.17,-17.52,1.57,2069999.9999999998,0.29,12.85,Aug 06/a,16.8,2720000000.0
AVR,Anteris Technologies Global Corp,Healthcare,Medical Devices,,,48.26,63.27,-15.629999999999999,-6.15,7.9,-21.37,48.17,1.83,-30.44,1.5,984770.0,0.02,7.69,Aug 10/a,13.8,749460000.0
AVT,Avnet Inc,Technology,Electronics & Computer Distribution,26.15,8.05,1987.43,47.66,-9.57,0.33,10.47,19.1,74.72,1.09,-0.21,2.43,1210000.0,0.01,104.36,Aug 05/b,106.25,8570000000.0
AVTX,Avalo Therapeutics Inc,Healthcare,Biotechnology,,,56.50999999999999,,-6.64,118.19,26.9,-15.0,10.9,0.67,-36.26,1.0,1130000.0,0.0,15.47,Aug 06/b,44.91,829660000.0
AVXL,Anavex Life Sciences Corp,Healthcare,Biotechnology,,,154.29,,0.0,-3.32,15.73,-9.16,-17.36,1.15,-77.07,1.0,909440.0,0.0,2.38,Aug 25/b,20.0,220620000.0
AXGN,Axogen Inc,Healthcare,Medical Devices,,63.17,-334.71,23.06,-8.67,5.66,7.09,-3.4300000000000006,34.54,1.15,-17.99,1.27,1220000.0,0.0,43.39,Jul 29/b,54.4,2550000000.0
AXTA,Axalta Coating Systems Ltd,Basic Materials,Specialty Chemicals,19.94,11.29,-16.98,3.1400000000000006,0.0,0.26,3.74,-4.82,20.56,1.25,-16.16,2.22,1700000.0,0.07,32.37,Jul 28/b,39.33,6930000000.0
AXTI,AXT Inc,Technology,Semiconductor Equipment & Materials,4093.55,34.36,208.25,164.77,-9.08,26.789999999999996,14.03,6.550000000000001,25.58,1.88,-46.81,1.33,10030000.0,0.52,76.14,Jul 30/a,95.03,4990000000.0
AZIO,Azio AI Holdings Inc,Technology,Software - Infrastructure,,,77.01,154.33,0.0,11.39,7.24,-15.54,-18.65,0.91,-72.99,1.0,568470.0,0.33,1.33,-,0.7,22820000.0
AZTA,Azenta Inc,Healthcare,Medical Instruments & Supplies,,61.8,104.69999999999999,11.97,1.52,-7.109999999999999,12.48,32.03,69.25,1.53,-19.29,2.0,744710.0,0.07,33.68,Aug 04/a,34.8,1480000000.0
BAH,Booz Allen Hamilton Holding Corp,Industrials,Consulting Services,11.45,10.81,-24.54,-4.24,-0.03,0.4699999999999999,6.1,17.5,-7.139999999999999,0.36,-33.2,2.94,2020000.0,0.01,72.88,Oct 23/b,85.15,8770000000.0
BANC,Banc of California Inc,Financial,Banks - Regional,,8.5,-1485.65,-60.17,-2.02,2.88,7.16,-13.79,3.4000000000000004,0.78,-18.19,1.58,2950000.0,0.0,17.94,Jul 29/b,22.0,2840000000.0
BAND,Bandwidth Inc,Technology,Software - Infrastructure,,31.54,56.67,22.16,-9.26,27.24,15.98,-0.64,258.83,3.04,-23.5,1.67,1090000.0,0.02,60.5,Jul 29/b,68.6,1950000000.0
BATL,Battalion Oil Corp,Energy,Oil & Gas E&P,,,262.62,12.689999999999998,-30.61,3.66,8.35,-25.34,-83.09,0.44,-96.43,3.0,10520000.0,0.71,1.06,Aug 12/a,18.6,60730000.0
BATRK,Atlanta Braves Holdings Inc,Communication Services,Entertainment,,,-140.5,-2.34,-0.19,,7.88,4.43,28.7,0.84,-0.37,2.0,540590.0,0.0,54.26,Aug 05/b,67.0,3480000000.0
BBAI,BigBear.ai Holdings Inc,Technology,Information Technology Services,,,92.47,13.170000000000002,-0.43,-0.08,31.69,-23.06,-11.78,3.25,-70.5,2.33,21260000.0,0.05,2.77,Jul 30/a,4.33,1330000000.0
BBDC,Barings BDC Inc,Financial,Asset Management,10.36,8.52,-10.39,43.22,1.56,,2.4,2.14,7.629999999999999,0.71,-9.81,1.83,666480.0,0.03,8.6,Aug 05/a,9.96,900480000.0
BBNX,Beta Bionics Inc,Healthcare,Medical Devices,,,-35.38,37.76,-1.9299999999999997,-4.79,23.63,28.249999999999996,102.63,3.35,-33.34,1.62,1280000.0,0.0,21.8,Jul 29/a,23.28,1180000000.0
BBT,Beacon Financial Corp,Financial,Banks - Regional,20.24,8.41,16.29,83.94,0.0,-0.58,5.55,-9.61,-4.48,0.59,-14.89,2.14,886190.0,0.0,27.94,Jul 29/a,34.83,2340000000.0
BBW,Build A Bear Workshop Inc,Consumer Cyclical,Specialty Retail,6.41,6.79,-25.129999999999995,-7.21,-1.48,0.07,24.82,-14.649999999999999,-30.61,1.03,-65.22,1.0,580650.0,0.01,25.87,Aug 27/b,43.0,318680000.0
BBWI,Bath & Body Works Inc,Consumer Cyclical,Specialty Retail,4.24,5.9,92.61,-2.26,0.0,-0.05,8.14,-30.55,-2.86,1.39,-40.44,2.48,6010000.0,0.01,16.32,Aug 26/b,22.07,3290000000.0
BC,Brunswick Corp,Consumer Cyclical,Recreational Vehicles,,12.44,86.57,7.66,-2.91,0.95,7.72,-21.61,-5.3,1.36,-25.55,2.14,728710.0,0.0,67.19,Jul 30/b,90.94,4350000000.0
BCAT,BlackRock Capital Allocation Term Trust,Financial,Closed-End Fund - Equity,,,,,,,2.39,-15.0,-2.43,0.77,-15.68,,875890.0,0.02,13.66,-,,1450000000.0
BCAX,Bicara Therapeutics Inc,Healthcare,Biotechnology,,,-62.5,,-0.89,3.72,25.72,-35.28,3.38,-0.78,-38.72,1.29,706560.0,0.0,18.99,Aug 11/b,33.92,1260000000.0
BCO,Brink's Co,Industrials,Security & Protection Services,24.53,10.98,3.8,7.06,0.0,12.0,13.2,15.06,5.23,0.96,-22.24,1.0,504860.0,0.07,106.04,Aug 05/b,146.33,4370000000.0
BCRX,Biocryst Pharmaceuticals Inc,Healthcare,Drug Manufacturers - Specialty & Generic,,14.74,1180.09,33.61,-0.2,4.81,15.87,-10.66,-8.56,0.53,-23.96,1.36,4230000.0,0.0,8.53,Aug 05/b,20.64,2180000000.0
BDN,Brandywine Realty Trust,Real Estate,REIT - Office,,,64.61,6.92,0.4,1.83,7.01,-11.42,16.19,1.28,-35.65,3.8,1980000.0,0.02,2.87,Oct 21/a,3.0,502510000.0
BDTX,Black Diamond Therapeutics Inc,Healthcare,Biotechnology,,,7.1,,0.0,-5.74,11.15,7.429999999999999,-7.39,3.32,-61.94,1.38,914040.0,0.02,1.88,Aug 05/a,10.0,108010000.0
BEAM,Beam Therapeutics Inc,Healthcare,Biotechnology,,,-17.25,-94.21,-4.7,0.9399999999999998,27.55,-31.39,8.07,2.19,-37.32,1.25,2069999.9999999998,0.07,23.98,Aug 04/b,51.07,2480000000.0
BEEM,Beam Global,Technology,Solar,,,49.02,21.02,0.0,2.53,6.71,-4.88,-14.6,1.48,-71.04,1.67,1100000.0,0.02,1.17,Aug 19/a,2.5,26480000.0
BENF,Beneficient,Financial,Asset Management,,,99.19,-71.72,0.25,2.5,13.72,-62.27,-54.52,-0.04,-88.3,,9400000.0,1.2,1.46,Aug 14/b,9.0,22570000.0
BEPC,Brookfield Renewable Corp,Utilities,Utilities - Renewable,,,45.8,12.990000000000002,0.0,-14.219999999999999,8.52,-24.01,-28.110000000000003,1.14,-37.38,3.0,1710000.0,0.01,28.29,Jul 31,39.75,5250000000.0
BETA,BETA Technologies Inc,Industrials,Aerospace & Defense,,,-62.49,52.7,-0.54,3.84,9.06,49.6,73.69,,-38.0,1.0,2400000.0,0.02,24.49,Aug 12/b,32.0,5730000000.0
BETR,Better Home & Finance Holding Co,Financial,Mortgage Finance,,,31.33,17.19,1.09,21.34,50.89,-60.36,-65.63,1.73,-88.63,1.5,561180.0,0.5,10.54,Aug 06/a,25.71,200310000.0
BFAM,Bright Horizons Family Solutions Inc,Consumer Cyclical,Personal Services,20.83,11.17,-17.28,6.509999999999999,-1.54,-4.48,6.21,-6.1,-18.89,1.16,-40.05,2.27,863850.0,0.0,65.86,Jul 30/a,89.22,3200000000.0
BFH,Bread Financial Holdings Inc,Financial,Credit Services,8.05,7.52,20.14,3.66,-2.21,-9.4,7.49,-3.16,35.6,1.14,-10.15,2.12,584210.0,0.0,102.91,Jul 23/b,116.73,3950000000.0
BFLY,Butterfly Network Inc,Healthcare,Medical Devices,,,11.49,39.47,-19.88,20.1,16.53,3.82,135.97,2.06,-7.960000000000001,1.0,6820000.0,0.03,9.25,Jul 30/b,10.4,2510000000.0
BFRI,Biofrontera Inc,Healthcare,Drug Manufacturers - Specialty & Generic,,5.95,91.8,32.92,0.0,1.96,3.62,16.67,45.3,0.85,-28.309999999999995,1.0,565150.0,0.81,1.19,Aug 13/b,6.0,17680000.0
BGC,BGC Group Inc,Financial,Capital Markets,29.35,7.43,159.46,14.760000000000002,0.0,-16.88,3.27,11.99,24.5,0.98,-9.17,1.0,3190000.0,0.0,11.7,Jul 30/b,15.5,5560000000.0
BGS,B&G Foods Inc,Consumer Defensive,Packaged Foods,,6.05,59.89,-9.7,0.13,-5.19,17.23,-24.09,-40.12,0.53,-51.1,3.4,2160000.0,0.03,3.12,Aug 11/a,4.2,253580000.0
BHF,Brighthouse Financial Inc,Financial,Insurance - Life,4.25,2.48,1490.47,86.22,0.0,-1.37,13.87,-15.689999999999998,-11.96,0.82,-20.3,3.4,889990.0,0.0,53.24,Aug 05/a,64.0,3060000000.0
BHR,Braemar Hotels & Resorts Inc,Real Estate,REIT - Hotel & Motel,,,95.64,-4.5,0.0,-0.72,4.16,-13.780000000000001,-25.55,0.81,-47.02,3.0,514090.00000000006,0.0,1.69,Aug 05/a,2.5,116070000.0
BHVN,Biohaven Ltd,Healthcare,Biotechnology,,,52.910000000000004,,0.0,-5.82,15.91,-13.08,55.26,3.19,-30.010000000000005,1.71,2890000.0,0.01,12.99,Aug 10/a,23.08,1960000000.0
BIAF,BioAffinity Technologies Inc,Healthcare,Diagnostics & Research,,,87.3,18.99,0.0,3.27,6.19,-34.88,-86.92,-1.22,-92.82,1.0,3100000.0,0.07,7.85,Aug 07/b,2700.0,9160000.0
BILL,BILL Holdings Inc,Technology,Software - Application,,9.97,-175.47,13.780000000000001,-2.7,-7.35,14.94,22.1,18.57,1.13,-23.32,1.8,2270000.0,0.01,43.87,Aug 19/a,57.48,3740000000.0
BIOA,BioAge Labs Inc,Healthcare,Drug Manufacturers - Specialty & Generic,,,3.2400000000000007,1.6200000000000003,-0.4699999999999999,9.73,9.94,-71.9,-56.59,0.99,-72.99,1.44,898390.0,0.01,7.01,Aug 05/a,35.62,321800000.0
BIPC,Brookfield Infrastructure Corp,Utilities,Utilities - Regulated Gas,,17.09,83.1,8.55,0.0,3.66,7.71,-9.55,-7.6499999999999995,1.3,-32.58,5.0,1080000.0,0.0,34.87,Jul 30/b,50.0,4740000000.0
BIVI,BioVie Inc,Healthcare,Biotechnology,,,58.93000000000001,,5.73,7.739999999999999,12.91,-20.16,18.0,0.7,-57.66,1.0,4600000.0,0.0,1.6,-,5.51,13690000.0
BKD,Brookdale Senior Living Inc,Healthcare,Medical Care Facilities,,64.72,152.05,-11.61,0.0,6.07,20.93,-29.28,-19.08,0.52,-34.99,1.17,5000000.0,0.0,11.11,Aug 10/a,19.25,2650000000.0
BKH,Black Hills Corp,Utilities,Utilities - Regulated Gas,17.76,15.39,32.17,3.1400000000000006,-1.03,2.55,14.27,-7.339999999999999,2.91,0.66,-10.46,1.25,854320.0,0.0,70.46,Aug 05/a,89.0,5370000000.0
BKKT,Bakkt Inc,Technology,Software - Infrastructure,,,189.82,-70.56,6.619999999999999,8.25,22.82,1.21,14.48,6.07,-83.17,1.0,1300000.0,0.26,8.38,Aug 10/a,12.5,377680000.0
BKSY,BlackSky Technology Inc,Industrials,Specialty Business Services,,,57.31,50.080000000000005,-3.2,24.75,19.57,-19.58,-2.1,2.69,-56.879999999999995,1.29,1090000.0,0.06,22.8,Aug 06/b,38.71,933080000.0
BKU,BankUnited Inc,Financial,Banks - Regional,11.99,9.79,6.67,-5.42,-1.18,-0.58,4.73,-9.85,-1.95,1.19,-16.25,2.55,924690.0,0.0,43.64,Oct 21/b,50.18,3110000000.0
BKV,BKV Corp,Energy,Oil & Gas E&P,7.92,11.67,-45.16,45.28,-0.11,6.34,27.05,-15.35,-26.49,1.08,-32.92,1.08,1420000.0,0.02,22.01,Aug 06/b,33.58,2410000000.0
BL,BlackLine Inc,Technology,Software - Application,48.61,9.79,104.71,9.18,-0.65,-8.74,12.43,-2.77,-24.48,0.72,-54.29999999999999,2.69,1030000.0,0.08,27.22,Aug 04/a,38.8,1580000000.0
BLBD,Blue Bird Corp,Industrials,Farm & Heavy Construction Machinery,7.05,12.26,371.03,29.94,-0.74,-3.55,13.56,-25.95,5.24,1.35,-30.45,1.12,547400.0,0.0,58.0,Aug 05/a,90.14,1840000000.0
BLDR,Builders Firstsource Inc,Industrials,Building Products & Equipment,63.68,13.17,-102.18,-8.77,-0.13,-0.62,8.59,-35.31,-27.200000000000003,1.43,-55.48,2.26,2660000.0,0.0,58.55,Jul 30/b,80.95,6300000000.0
BLFS,Biolife Solutions Inc,Healthcare,Medical Instruments & Supplies,39.8,123.37,376.1,11.98,-41.96,-6.09,8.22,34.25,95.88,1.83,-1.03,3.0,1120000.0,0.0,38.49,Aug 06/a,30.86,1880000000.0
BLKB,Blackbaud Inc,Technology,Software - Application,13.48,7.23,46.3,3.3000000000000003,-0.45000000000000007,9.07,10.63,47.76,9.79,1.03,-38.92,2.14,581420.0,0.0,43.19,Jul 29/b,51.5,1960000000.0
BLLN,Billiontoone Inc,Healthcare,Diagnostics & Research,199.48,118.03,2789.09,64.4,-1.6399999999999997,5.05,10.95,2.08,76.71,,-18.31,1.44,703190.0,0.01,122.9,Aug 05/a,123.75,5800000000.0
BLMN,Bloomin Brands Inc,Consumer Cyclical,Restaurants,23.06,7.1,30.329999999999995,1.34,0.0,6.709999999999999,10.84,-15.5,47.15,1.24,-38.72,2.7,2120000.0,0.0,7.74,Aug 05/b,11.73,662700000.0
BLND,Blend Labs Inc,Technology,Software - Application,,24.21,37.18,7.339999999999999,11.94,-8.39,7.3,-33.14,-31.52,1.05,-70.73,1.33,2270000.0,0.0,1.13,Aug 06/a,2.96,267260000.0
BLZE,Backblaze Inc,Technology,Software - Infrastructure,,60.74,34.4,17.67,-0.45000000000000007,11.71,9.4,-11.89,287.94,1.57,-45.02,1.29,2750000.0,0.0,13.19,Aug 03/a,22.83,816460000.0
BMBL,Bumble Inc,Communication Services,Internet Content & Information,,2.83,65.75,-15.190000000000001,-54.02,1.6399999999999997,13.97,-12.5,-20.12,1.89,-59.01,2.92,2610000.0,0.0,2.66,Aug 05/a,3.49,351040000.0
BMEA,Biomea Fusion Inc,Healthcare,Biotechnology,,,77.45,,0.0,1.46,19.56,0.72,6.06,-0.32,-53.18000000000001,1.5,1490000.0,0.2,1.4,Aug 05/a,6.71,101480000.0
BNC,CEA Industries Inc,Industrials,Farm & Heavy Construction Machinery,3.2,,96.82,-4.56,0.0,-1.35,7.57,97.97,106.34000000000002,0.58,-51.17,1.0,1880000.0,0.94,5.86,Sep 11/a,29.0,241280000.0
BNGO,Bionano Genomics Inc,Healthcare,Medical Instruments & Supplies,,,67.74,21.36,1.16,-1.36,10.33,42.63,43.86,1.7,-25.17,1.0,896160.0,0.01,1.67,Aug 10/a,4.0,19650000.0
BNL,Broadstone Net Lease Inc,Real Estate,REIT - Diversified,25.28,24.73,95.71,8.14,0.45999999999999996,6.08,10.62,-10.44,2.65,0.93,-17.97,1.73,2130000.0,0.0,18.95,Jul 29/a,23.7,3640000000.0
BOBS,Bob's Discount Furniture Inc,Consumer Cyclical,Specialty Retail,13.41,12.99,63.74999999999999,8.79,0.02,1.78,21.04,-16.42,33.27,,-41.51,1.38,1010000.0,0.04,13.74,Aug 06/b,22.92,1800000000.0
BOOT,Boot Barn Holdings Inc,Consumer Cyclical,Apparel Retail,15.58,12.21,31.920000000000005,17.75,-0.1,1.8399999999999999,10.86,-25.15,-17.47,1.75,-41.42,1.24,684840.0,0.0,123.16,Jul 29/a,221.5,3730000000.0
BOX,Box Inc,Technology,Software - Infrastructure,44.96,17.94,75.37,9.23,-4.04,-1.23,12.68,17.24,35.02,0.72,-14.279999999999998,2.58,2890000.0,0.0,31.15,Aug 25/a,38.71,4269999999.9999995
BOXL,Boxlight Corp,Technology,Consumer Electronics,,,100.61,-15.990000000000002,-0.12,0.34,11.14,4.35,-33.88,0.9,-95.21,3.0,1280000.0,0.0,4.8,Aug 12/a,225.0,4050000.0
BRBR,Bellring Brands Inc,Consumer Defensive,Packaged Foods,5.59,6.02,78.73,4.18,0.27,6.41,11.36,-35.78,-48.21,0.4,-78.48,1.94,4120000.0,0.0,7.95,Aug 04/b,14.71,924410000.0
BRBS,Blue Ridge Bankshares Inc (VA),Financial,Banks - Regional,41.44,,-200.0,-19.56,0.0,-1.11,3.16,7.24,12.950000000000001,0.68,-8.22,,883410.0,0.0,3.85,Apr 23/a,,340240000.0
BRKR,Bruker Corp,Healthcare,Medical Devices,,26.52,-924.3500000000001,5.15,-0.04,4.18,11.25,6.43,88.46,1.24,-2.68,2.13,2230000.0,0.02,63.55,Aug 04/b,60.0,9680000000.0
BROS,Dutch Bros Inc,Consumer Cyclical,Restaurants,53.55,29.81,37.32,32.48,-33.57,-1.86,12.77,-47.01,-18.63,2.29,-48.68,1.18,3850000.0,0.16,37.99,Aug 05/a,77.42,6640000000.0
BRRKU,Bluerock Acquisition Corp II,Financial,Shell Companies,,,,,,,,,,,-0.1,,3580000.0,0.0,10.01,-,,150150000.0
BRSP,BrightSpire Capital Inc,Real Estate,REIT - Mortgage,,6.25,19.53,-3.1,0.0,-6.52,3.7,-25.0,-25.41,1.38,-33.33,2.0,1660000.0,0.01,4.11,Jul 28/a,6.32,520010000.0
BRUN,Boost Run Inc,Technology,Software - Infrastructure,,34.84,-2453.81,,-1.47,247.33,13.18,-52.300000000000004,50.84000000000001,3.87,-61.42999999999999,1.0,2060000.0,0.09,16.2,Aug 14/b,42.2,1360000000.0
BRVE,Braveheart Bio Inc,Healthcare,Biotechnology,,,,,11.18,17.0,111.87,,,,-33.84,1.0,547620.0,0.01,21.17,Sep 08/a,45.25,1910000000.0
BRX,Brixmor Property Group Inc,Real Estate,REIT - Retail,20.05,27.72,-14.16,4.33,-0.22999999999999998,0.39,6.82,-12.73,-0.9899999999999999,0.95,-14.49,1.33,2550000.0,0.02,28.1,Jul 27/a,35.22,8620000000.0
BRZE,Braze Inc,Technology,Software - Application,,24.9,35.11,26.16,-1.26,9.26,9.32,15.98,5.74,0.89,-34.85,1.09,2540000.0,0.16,24.32,Sep 08/a,37.3,2760000000.0
BSIN,Big Sky Industrial Inc,Energy,Oil & Gas E&P,,18.13,76.54,5.23,0.09,7.32,1.85,35.51,40.78,0.9,-13.170000000000002,1.0,1420000.0,0.01,1.45,Aug 11/b,2.75,76110000.0
BSY,Bentley Systems Inc,Technology,Software - Application,34.53,19.91,14.85,12.8,0.0,1.46,11.55,5.4,-9.88,0.99,-45.28,1.63,2750000.0,0.0,31.33,Aug 06/b,44.0,9460000000.0
BTBT,Bit Digital Inc,Financial,Capital Markets,,,-530.2,25.15,0.0,8.17,18.41,-7.19,29.659999999999997,3.86,-62.67,1.0,27950000.0,0.07,1.7,Aug 13/b,4.08,612530000.0
BTCS,BTCS Inc,Financial,Capital Markets,,,-604.82,-11.75,-6.0,-8.89,6.49,40.37,16.79,3.31,-75.12,1.0,1580000.0,0.37,1.53,Aug 20/b,5.0,80280000.0
BTGO,BitGo Holdings Inc,Financial,Capital Markets,,62.42,-138.34,2201.89,-0.08,5.43,3.93,38.22,-4.85,,-70.21,1.31,1610000.0,0.13,7.3,Aug 12/a,10.63,857860000.0
BTU,Peabody Energy Corp,Energy,Thermal Coal,,9.87,-227.43,12.710000000000003,-0.7,-2.02,10.09,10.3,-35.0,0.3,-37.59,1.57,2510000.0,0.06,25.68,Jul 29/b,31.36,3130000000.0
BULL,Webull Corp,Technology,Software - Application,87.06,23.63,103.73000000000002,51.21,-0.16,5.63,11.65,5.63,47.93,0.61,-55.55,1.4,13090000.0,0.18,7.13,Aug 19/a,13.3,3780000000.0
BURU,Nuburu Inc,Industrials,Specialty Industrial Machinery,,,96.04,,0.0,23.55,2.75,-81.47,-85.26,1.46,-99.39,,574000.0,8.79,1.03,-,,9540000.0
BUSE,First Busey Corp,Financial,Banks - Regional,12.51,10.98,31.97,-6.94,-0.19,0.9199999999999999,5.65,1.9,22.22,0.74,-5.08,2.0,817260.0,0.0,30.09,Jul 28/a,33.29,2480000000.0
BV,BrightView Holdings Inc,Industrials,Specialty Business Services,,17.04,-119.75,1.31,0.2,0.26,5.46,-28.84,-11.03,1.19,-30.599999999999998,1.82,1080000.0,0.0,10.41,Aug 04/a,15.45,963970000.0
BVS,Bioventus Inc,Healthcare,Medical Devices,18.43,15.53,333.92,3.7599999999999993,0.0,6.05,6.2,46.11,59.84,0.64,-10.08,1.0,685560.0,0.02,14.29,Aug 05/b,17.6,1200000000.0
BW,Babcock & Wilcox Enterprises Inc,Industrials,Specialty Industrial Machinery,,14.3,128.82,121.94,0.22,22.43,16.77,-56.769999999999996,-58.95,1.15,-72.31,1.0,4860000.0,0.02,6.1,Aug 10/a,22.0,908690000.0
BWIN,Baldwin Insurance Group Inc,Financial,Insurance Brokers,,12.85,-804.09,30.130000000000003,-5.78,0.2,13.37,21.33,51.019999999999996,1.0,-2.61,2.25,2350000.0,0.0,31.85,Jul 30/a,32.75,4470000000.0
BXDC,Blackstone Digital Infrastructure Trust Inc,Real Estate,REIT - Specialty,,,,,103.27,95.25,4.51,-12.839999999999998,,,-17.37,2.17,1280000.0,0.0,18.92,Aug 04/b,23.58,1900000000.0
BXMT,Blackstone Mortgage Trust Inc,Real Estate,REIT - Mortgage,144.84,8.78,-1286.91,-2.87,0.01,-0.13,6.92,-28.24,-33.69,0.95,-39.51,2.0,2240000.0,0.02,12.5,Jul 30/b,18.5,2109999999.9999998
BXSL,Blackstone Secured Lending Fund,Financial,Asset Management,19.42,9.58,-93.99,-15.89,0.01,,5.42,0.16,4.89,0.44,-13.750000000000002,2.27,1500000.0,0.07,24.66,Aug 06/b,24.77,5750000000.0
BYD,Boyd Gaming Corp,Consumer Cyclical,Resorts & Casinos,3.07,9.01,-4.68,0.04,-0.9199999999999999,3.7900000000000005,10.87,-22.06,-12.91,1.11,-23.63,2.3,942220.0,0.0,69.81,Jul 23/a,96.53,5070000000.0
BYND,Beyond Meat Inc,Consumer Defensive,Packaged Foods,,,83.86,-8.17,-19.08,-10.48,31.07,-60.260000000000005,-55.78999999999999,2.82,-96.34,5.0,1430000.0,0.85,8.45,Aug 05/a,12.5,154560000.0
BYRN,Byrna Technologies Inc,Industrials,Aerospace & Defense,,,-538.99,-42.51,1.7000000000000002,-18.06,7.91,-45.51,-61.36000000000001,1.68,-88.9,2.0,726960.0,0.07,3.4,Oct 08/b,7.62,79570000.0
BZFD,BuzzFeed Inc,Communication Services,Internet Content & Information,,,24.29,-21.78,0.15,-0.25,17.24,-30.260000000000005,80.58,3.89,-52.04,3.0,556430.0,0.25,1.06,Aug 04/a,1.0,90140000.0
BZH,Beazer Homes USA Inc,Consumer Cyclical,Residential Construction,,22.96,-1349.09,-5.33,0.0,-5.21,8.51,14.279999999999998,68.71,2.19,-3.39,3.0,666490.0,0.0,33.37,Aug 07/b,29.5,890300000.0
CABA,Cabaletta Bio Inc,Healthcare,Biotechnology,,,53.72,,0.0,63.23,25.03,-33.12,-22.39,3.44,-50.83,1.4,5110000.0,0.03,2.08,Aug 13/b,13.25,352660000.0
CADL,Candel Therapeutics Inc,Healthcare,Biotechnology,,,-463.69,,-2.05,11.55,20.12,5.69,127.64999999999999,-0.34,-21.79,1.0,1360000.0,0.0,10.95,Aug 13/b,21.75,837870000.0
CAG,Conagra Brands Inc,Consumer Defensive,Packaged Foods,,9.8,-731.99,3.61,2.18,1.67,8.48,4.86,-6.15,-0.02,-27.839999999999996,3.42,15000000.0,0.01,14.66,Sep 30/b,13.82,7020000000.0
CAI,Caris Life Sciences Inc,Healthcare,Biotechnology,85.23,89.62,99.88,45.38,-0.58,-1.36,10.55,73.2,87.2,0.97,-5.72,1.64,4890000.0,0.0,31.73,Aug 05/a,28.0,8970000000.0
CAKE,Cheesecake Factory Inc,Consumer Cyclical,Restaurants,27.74,20.48,23.78,7.719999999999999,-7.62,-6.4,21.6,28.78,89.01,1.03,-13.73,2.7,1650000.0,0.0,102.2,Jul 28/a,95.93,5090000000.0
CAL,Caleres Inc,Consumer Cyclical,Apparel Retail,8.3,5.71,767.27,5.61,-0.6,-1.03,12.82,-7.19,14.760000000000002,0.74,-16.74,2.0,539570.0,0.0,12.52,Sep 09/b,17.0,432000000.0
CALM,Cal-Maine Foods Inc,Consumer Defensive,Farm Products,10.28,25.92,-110.85000000000001,-49.93,0.0,1.76,11.7,-15.14,-12.7,0.21,-33.9,3.2,969020.0,0.02,67.32,Sep 30/b,84.4,3160000000.0
CALX,Calix Inc,Technology,Software - Infrastructure,44.1,14.39,8525.81,21.27,-1.6399999999999997,0.07,9.8,-6.83,-35.05,1.31,-53.47,1.22,1140000.0,0.0,33.14,Jul 20/a,62.33,2089999999.9999998
CALY,Callaway Golf Co,Consumer Cyclical,Leisure,,15.94,264.04,-44.87,-0.8199999999999998,0.4099999999999999,4.19,-25.61,5.85,0.96,-29.54,2.33,1990000.0,0.0,14.29,Aug 04/a,20.4,2550000000.0
CAPR,Capricor Therapeutics Inc,Healthcare,Biotechnology,,,-24.04,,-4.73,10.21,37.38,-64.37,-70.65,0.59,-78.99,2.2,6550000.0,0.06,8.48,Aug 13/a,33.56,493070000.0
CARG,CarGurus Inc,Communication Services,Internet Content & Information,16.83,10.25,142.2,7.24,-0.57,-3.83,10.15,-8.84,-11.47,1.21,-24.81,1.88,1100000.0,0.0,30.99,Aug 06/a,42.0,2760000000.0
CARS,Cars.com,Communication Services,Internet Content & Information,19.12,4.26,129.33,0.67,-2.17,-4.38,15.18,-1.04,38.49,1.63,-19.48,2.43,646730.0,0.0,11.02,Aug 06/b,13.08,590130000.0
CAST,Freecast Inc,Communication Services,Broadcasting,,,-34.22,-35.43,0.0,19.68,7.84,-78.04,-69.1,,-96.27,1.0,4390000.0,0.04,1.23,Jun 03,6.0,58520000.0
CATX,Perspective Therapeutics Inc,Healthcare,Medical Devices,,,23.29,-72.07,-2.34,6.88,24.65,-26.39,-35.79,1.84,-57.58,1.13,1760000.0,0.06,2.61,Aug 10/a,12.23,298310000.0
CAVA,Cava Group Inc,Consumer Cyclical,Restaurants,91.46,68.66,25.259999999999998,31.3,-18.39,-4.51,14.24,-37.44,-32.09,1.78,-48.15,1.9,3420000.0,0.04,51.22,Aug 11/a,87.09,5980000000.0
CBC,Central Bancompany Inc,Financial,Banks - Regional,17.49,15.66,14.59,7.109999999999999,0.0,5.25,18.82,4.66,34.15,0.08,-5.79,2.2,1010000.0,0.01,31.86,Aug 04/b,34.8,7630000000.0
CBRL,Cracker Barrel Old Country Store Inc,Consumer Cyclical,Restaurants,36.58,26.76,79.97,-2.15,0.0,5.15,25.95,-5.45,90.73,1.21,-15.370000000000001,3.2,983800.0,0.01,51.0,Sep 23/b,49.71,1140000000.0
CBSH,Commerce Bancshares Inc,Financial,Banks - Regional,13.84,12.29,1.17,14.279999999999998,-0.76,2.38,4.62,-2.84,17.41,0.59,-7.35,2.73,1100000.0,0.0,56.44,Jul 16/b,65.2,8100000000.0
CBZ,Cbiz Inc,Industrials,Specialty Business Services,25.6,12.2,-52.62,-0.19,0.0,-9.42,4.21,73.26,103.42,0.92,-3.95,3.0,1320000.0,0.0,54.68,Jul 29/b,55.0,3000000000.0
CC,Chemours Company,Basic Materials,Specialty Chemicals,,7.38,28.550000000000004,-1.49,2.03,2.87,10.56,-28.63,-33.06,1.39,-49.56,2.08,2430000.0,0.0,14.46,Aug 04/a,19.1,2180000000.0
CCC,CCC Intelligent Solutions Holdings Inc,Technology,Software - Application,96.74,13.03,81.12,9.78,0.0,0.93,8.81,39.18,17.38,0.45,-28.550000000000004,1.69,10900000.0,0.01,6.82,Jul 30/b,8.75,4019999999.9999995
CCCC,C4 Therapeutics Inc,Healthcare,Biotechnology,,,50.66,2.75,0.0,28.17,35.52,-31.489999999999995,23.66,3.08,-42.36,1.14,2900000.0,0.08,2.98,Aug 11/b,13.33,366620000.0
CCO,Clear Channel Outdoor Holdings Inc,Communication Services,Advertising Agencies,,190.94,-129.36,8.75,-17.07,7.15,8.17,-1.67,0.43,2.02,-3.2799999999999994,3.25,7760000.0,0.0,2.36,Aug 05/b,2.43,1200000000.0
CCOI,Cogent Communications Holdings Inc,Communication Services,Telecom Services,,,213.29,-4.34,-0.74,-3.9599999999999995,14.17,-41.78,-56.58,0.77,-83.25,2.43,1790000.0,0.07,7.65,Aug 06/b,17.36,391800000.0
CCXI,Churchill Capital Corp XI,Financial,Shell Companies,,,-604400.0,,0.0,,10.81,-24.94,21.4,,-37.48,,3200000.0,0.07,12.31,-,,685670000.0
CDNA,Caredx Inc,Healthcare,Diagnostics & Research,30.41,47.48,1412.42,52.23,-6.99,0.52,13.38,115.43999999999998,275.92,2.41,-3.2400000000000007,1.75,1190000.0,0.01,63.08,Jul 30/a,56.14,3260000000.0
CDNL,Cardinal Infrastructure Group Inc,Industrials,Engineering & Construction,22.78,10.55,-52.32,113.87,5.79,19.01,13.91,-70.58,-23.55,,-71.21,1.0,741160.0,0.0,27.75,Aug 11/b,54.25,1320000000.0
CDP,COPT Defense Properties,Real Estate,REIT - Office,23.61,22.95,19.22,3.94,-4.85,-1.08,6.58,-6.72,8.17,0.78,-12.9,1.75,917280.0,0.0,33.88,Jul 27/a,40.48,7660000000.0
CDXS,Codexis Inc,Healthcare,Biotechnology,,,15.190000000000001,-2.69,-0.03,-2.23,3.96,-39.91,-11.39,2.54,-53.02,1.5,1150000.0,0.47,1.4,Aug 11/a,6.14,153310000.0
CDZI,Cadiz Inc,Industrials,Pollution & Treatment Controls,,,-36.42,-76.27,0.38,1.76,17.13,-3.09,-23.89,1.73,-45.98,1.0,1020000.0,0.0,3.76,Aug 14,10.5,318380000.0
CE,Celanese Corp,Basic Materials,Chemicals,,7.46,-37.48,8.69,1.19,3.7800000000000002,6.43,2.53,-25.739999999999995,0.76,-33.39,1.86,1900000.0,0.0,47.09,Aug 04/a,61.94,5170000000.0
CECO,Ceco Environmental Corp,Industrials,Pollution & Treatment Controls,,23.32,-408.65,53.71,-1.06,55.28999999999999,3.81,-20.0,20.31,1.49,-27.399999999999995,1.0,845790.0,0.0,73.5,Aug 10/b,111.86,4300000000.0
CELC,Celcuity Inc,Healthcare,Biotechnology,,,-38.76,,-26.63,21.66,28.2,-22.56,-25.120000000000005,0.09,-47.43,1.0,1170000.0,0.01,79.39,Aug 13/a,160.75,3880000000.0
CELH,Celsius Holdings Inc,Consumer Defensive,Beverages - Non-Alcoholic,120.46,16.06,-56.95,10.64,0.13,1.15,16.5,-6.509999999999999,-17.94,0.99,-58.269999999999996,1.59,9460000.0,0.04,27.85,Aug 06/b,43.43,7050000000.0
CELU,Celularity Inc,Healthcare,Biotechnology,,,-42.54,-77.37,0.0,0.2,5.09,129.26,13.930000000000001,0.75,-45.49,2.0,3900000.0,0.02,1.39,-,6.0,40240000.0
CELZ,Creative Medical Technology Holdings Inc,Healthcare,Biotechnology,,,14.52,,0.0,2.1,1.28,23.43,-49.24,1.89,-84.0,1.0,9890000.0,0.03,1.0,Sep 02,20.0,6590000.0
CENX,Century Aluminum Co,Basic Materials,Aluminum,6.58,3.43,4938.74,19.74,0.0,3.62,14.21,-18.3,-23.4,2.06,-46.0,1.17,1960000.0,0.08,38.03,Aug 06/a,66.6,3760000000.0
CERS,Cerus Corp,Healthcare,Medical Devices,,,50.67,9.53,-2.72,-0.53,9.44,-14.31,43.93,1.82,-26.16,1.0,2400000.0,0.0,2.56,Jul 30/a,5.12,516309999.99999994
CERT,Certara Inc,Healthcare,Health Information Services,,23.25,642.62,-10.81,0.0,1.24,29.67,42.77,57.91,1.44,-34.58,2.23,3460000.0,0.07,9.08,Aug 04/b,8.34,1390000000.0
CEVA,Ceva Inc,Technology,Semiconductors,,44.86,32.97,13.07,0.0,2.96,11.72,-16.34,97.59,1.97,-30.23,1.22,770650.0,0.08,36.0,Aug 10/b,46.67,1010000000.0
CFFN,Capitol Federal Financial,Financial,Banks - Regional,13.34,11.2,34.51,6.5,0.0,0.71,6.18,2.36,22.25,0.67,-6.260000000000001,2.33,873870.0,0.0,8.68,Jul 29/b,9.5,1090000000.0
CFR,Cullen Frost Bankers Inc,Financial,Banks - Regional,14.88,13.23,12.79,0.51,-0.02,2.08,6.94,1.67,17.69,0.54,-7.870000000000001,2.41,558570.0,0.05,157.35,Jul 30/b,173.36,9780000000.0
CGBD,Carlyle Secured Lending Inc,Financial,Asset Management,22.33,7.85,-100.44999999999999,-6.460000000000001,-4.47,,4.34,3.8699999999999997,2.83,0.71,-15.06,2.5,531540.0,0.07,11.28,Aug 07/b,12.5,776110000.0
CGEM,Cullinan Therapeutics Inc,Healthcare,Biotechnology,,,27.0,,-0.34,6.7,19.85,-19.98,14.71,-0.07,-36.44,1.0,853010.0,0.02,14.74,Aug 06/b,34.58,948590000.0
CGNX,Cognex Corp,Technology,Scientific & Technical Instruments,56.18,28.94,78.11,16.93,-28.64,9.82,4.26,-15.130000000000003,21.92,1.49,-20.39,1.78,2069999.9999999998,0.01,58.02,Aug 05/a,79.63,9760000000.0
CGON,Cg Oncology Inc,Healthcare,Biotechnology,,,-64.91,,1.08,2.97,19.05,-8.46,4.44,0.27,-16.65,1.13,938430.0,0.0,67.49,Aug 06/b,91.08,5980000000.0
CHDN,Churchill Downs Inc,Consumer Cyclical,Gambling,13.69,10.74,14.499999999999998,4.88,0.0,6.0,6.78,-12.22,-5.62,0.76,-32.6,1.23,1030000.0,0.0,79.77,Jul 29/a,133.64,5560000000.0
CHEF,Chefs' Warehouse Inc,Consumer Defensive,Food Distribution,51.92,35.7,55.46,12.920000000000002,-6.52,-1.21,12.6,14.6,83.47,1.44,-7.180000000000001,1.25,648340.0,0.04,109.2,Jul 29/b,122.0,4450000000.0
CHH,Choice Hotels International Inc,Consumer Cyclical,Lodging,14.26,13.47,-19.15,3.36,-0.16,-4.86,24.41,-9.76,0.42,0.72,-18.4,3.17,567340.0,0.0,101.04,Aug 05/b,113.73,4550000000.0
CHPT,ChargePoint Holdings Inc,Consumer Cyclical,Specialty Retail,,,52.56000000000001,17.74,0.03,14.39,23.83,44.9,88.46,1.8,-29.909999999999997,3.0,1720000.0,0.08,8.84,Sep 02/a,7.5,237320000.0
CHRD,Chord Energy Corp,Energy,Oil & Gas E&P,9.25,8.98,237.05000000000004,84.04,-2.38,-6.01,6.62,19.0,-5.06,0.59,-12.14,1.55,761780.0,0.01,138.0,Aug 05/a,173.18,7550000000.0
CHRS,Coherus Oncology Inc,Healthcare,Biotechnology,,,63.16,39.53,0.0,-1.4,19.8,-20.0,-28.83,0.98,-55.65,1.33,1150000.0,0.04,1.16,Aug 05/a,7.75,179230000.0
CHWY,Chewy Inc,Consumer Cyclical,Internet Retail,28.03,17.23,35.66,7.28,-0.08,-1.72,10.36,-5.61,-29.82,1.36,-54.79999999999999,1.74,8570000.0,0.01,18.33,Sep 09/b,28.32,7370000000.0
CIFR,Cipher Digital Inc,Technology,Information Technology Services,,,-435.21999999999997,-42.99,-4.36,17.14,21.33,-30.29,25.94,3.21,-42.57,1.2,32580000.0,0.12,17.31,Aug 04/b,30.52,7180000000.0
CIM,Chimera Investment Corp,Real Estate,REIT - Mortgage,,5.06,-128.21,28.32,0.0,0.78,4.15,-24.18,-16.36,1.78,-26.77,2.5,894700.0,0.07,10.38,Aug 05/b,13.5,868950000.0
CJMB,Callan Jmb Inc,Industrials,Integrated Freight & Logistics,,,-1079.46,-23.13,0.31,2.24,4.27,165.58,64.12,-0.44,-62.55,,2150000.0,0.03,2.1,-,,12080000.0
CLB,Core Laboratories Inc,Energy,Oil & Gas Equipment & Services,18.42,14.33,-43.46,-4.26,0.75,-3.6900000000000004,9.69,-5.72,-36.72,1.12,-48.97,2.75,792210.0,0.0,10.39,Jul 29/a,15.0,476740000.0
CLBK,Columbia Financial Inc,Financial,Banks - Regional,43.61,32.37,17.88,5.15,0.0,4.26,7.3,19.49,43.75,0.26,-5.58,1.0,5800000.0,0.0,11.33,Jul 30/a,14.17,3050000000.0
CLDX,Celldex Therapeutics Inc,Healthcare,Biotechnology,,,-10.77,-96.99,0.0,19.58,11.79,-16.62,3.03,0.88,-30.84,1.2,1260000.0,0.0,31.22,Aug 06/a,62.5,2450000000.0
CLF,Cleveland-Cliffs Inc,Basic Materials,Steel,,15.73,73.98,6.34,-2.11,0.54,14.33,27.92,47.95,2.09,-28.15,2.88,19040000.0,0.06,12.0,Jul 23/b,12.77,6850000000.0
CLM,Cornerstone Strategic Investment Fund Inc,Financial,Closed-End Fund - Equity,,,,,,,10.66,-13.699999999999998,-7.359999999999999,1.2,-24.63,,2089999.9999999998,0.02,6.43,-,,1990000000.0
CLMT,Calumet Inc,Basic Materials,Specialty Chemicals,,24.71,35.75,40.77,-3.29,-0.0,6.48,52.33,70.24,0.78,-8.83,2.33,1280000.0,0.01,54.58,Aug 07/b,53.4,4800000000.0
CLNE,Clean Energy Fuels Corp,Energy,Oil & Gas Refining & Marketing,,,26.58,3.34,-0.17,1.4,4.82,-13.68,-36.68,1.89,-47.27,1.57,1910000.0,0.0,1.64,Aug 06/a,4.36,361530000.0
CLOV,Clover Health Investments Corp,Healthcare,Healthcare Plans,,44.73,346.63,55.60000000000001,-1.11,7.109999999999999,5.71,-15.439999999999998,156.57,2.47,-19.68,2.0,4750000.0,0.11,4.49,Aug 05/a,5.38,2380000000.0
CLPT,ClearPoint Neuro Inc,Healthcare,Medical Devices,,,-81.9,18.07,-3.06,1.6500000000000001,15.99,-23.83,63.18,1.27,-50.83,1.0,601750.0,0.07,14.8,Aug 03/a,23.5,451460000.0
CLRO,ClearOne Inc,Technology,Communication Equipment,,,87.05,-100.0,0.0,-1.38,3.62,76.09,55.24,0.22,-64.25,1.0,4450000.0,56.08,5.9,-,4.0,15780000.0
CLSK,Cleanspark Inc,Financial,Capital Markets,,,-215.53999999999996,-30.53,-0.26,12.72,32.03,-11.0,57.97,3.85,-42.06,1.07,20600000.0,0.08,13.68,Aug 06/a,23.77,3510000000.0
CLYM,Climb Bio Inc,Healthcare,Biotechnology,,,-38.22,,-2.28,74.1,16.42,-12.43,66.67,-0.05,-36.17,1.06,1510000.0,0.04,11.7,Aug 06/b,27.47,672010000.0
CMC,Commercial Metals Co,Industrials,Metal Fabrication,12.39,9.11,111.57,22.93,1.05,-1.44,5.64,-5.01,10.51,1.52,-22.55,1.79,1220000.0,0.0,65.73,Oct 15/b,80.27,7270000000.0
CMCO,Columbus Mckinnon Corp,Industrials,Farm & Heavy Construction Machinery,,6.35,-2991.84,125.27,1.15,-8.71,8.15,16.52,19.33,1.42,-31.19,1.5,566400.0,0.02,16.79,Jul 30/b,26.0,484640000.0
CMPX,Compass Therapeutics Inc,Healthcare,Biotechnology,,,6.329999999999999,,0.01,-0.38,30.5,-47.22,-78.12,0.86,-83.43,1.4,3430000.0,0.16,1.14,Aug 06/b,5.5,205300000.0
CMRC,Commerce.com Inc,Technology,Software - Application,,5.18,112.72,0.09,-0.1,3.4300000000000006,9.48,7.26,31.58,1.09,-41.39,2.88,1060000.0,0.0,3.25,Aug 06/b,4.0,269300000.0
CMTG,Claros Mortgage Trust Inc,Real Estate,REIT - Mortgage,,,-39.27,-99.41,0.68,0.4699999999999999,3.84,-44.73,-43.78,1.16,-63.91,3.8,757470.0,0.0,1.31,Jul 29/a,2.22,184820000.0
CNDT,Conduent Inc,Technology,Information Technology Services,,,-187.22,-29.580000000000002,0.0,2.55,3.83,28.300000000000004,29.31,1.45,-42.38,1.0,1050000.0,0.0,1.64,Aug 10/b,4.67,255410000.0
CNK,Cinemark Holdings Inc,Communication Services,Entertainment,21.07,14.5,87.86,15.509999999999998,-1.2,2.15,7.01,15.86,35.01,1.03,-2.81,1.77,2460000.0,0.0,37.88,Jul 30/b,40.23,4390000000.0
CNM,Core & Main Inc,Industrials,Industrial Distribution,17.6,12.46,9.19,2.48,-0.1,0.9899999999999999,5.55,-11.19,-11.46,0.91,-28.550000000000004,2.12,2360000.0,0.0,42.63,Sep 09/b,54.92,8119999999.999999
CNMD,Conmed Corp,Healthcare,Medical Devices,24.82,9.6,11.05,0.21,0.0,-1.03,7.17,33.39,32.74,0.94,-14.46,3.25,522530.0,0.02,45.9,Jul 29/a,45.5,1370000000.0
CNO,CNO Financial Group Inc,Financial,Insurance - Life,18.57,10.61,44.99,11.28,-4.84,-0.1,2.42,3.55,36.49,0.81,-6.27,2.71,903380.0,0.0,53.98,Jul 30/a,57.8,4990000000.0
CNR,Core Natural Resources Inc,Energy,Thermal Coal,45.36,14.27,459.06,3.51,0.0,-0.15,3.93,13.570000000000002,-20.64,0.22,-21.73,1.4,550530.0,0.16,89.86,Aug 06/b,111.6,4460000000.0
CNTB,Connect Biopharma Holdings Ltd,Healthcare,Biotechnology,,,-18.29,5666.67,2.93,5.92,16.35,-55.88000000000001,-69.57,-0.2,-72.51,1.0,1010000.0,0.2,1.05,Aug 12/a,6.52,66120000.00000001
CNTN,Canton Strategic Holdings Inc,Healthcare,Biotechnology,,,86.23,,-1.16,16.18,9.53,-3.2400000000000007,-15.14,1.49,-60.96,1.0,833280.0,0.62,2.69,-,5.0,214340000.0
CNX,CNX Resources Corp,Energy,Oil & Gas E&P,5.48,7.96,-47.83,-18.32,-0.5,-1.31,10.83,-2.79,-18.05,0.67,-24.83,3.2,1760000.0,0.0,32.79,Jul 30/b,38.83,4850000000.0
CNXC,Concentrix Corp,Technology,Information Technology Services,,2.34,36.61,1.87,-30.39,2.89,18.17,7.490000000000001,2.65,0.49,-47.31,2.0,1720000.0,0.01,27.12,Sep 29/a,33.75,1650000000.0
COCO,Vita Coco Company Inc,Consumer Defensive,Beverages - Non-Alcoholic,32.29,26.62,112.29,28.08,-8.27,-1.52,12.04,-19.34,24.55,0.75,-31.840000000000003,1.67,1270000.0,0.0,58.5,Jul 23/b,83.22,3360000000.0
CODI,Compass Diversified Holdings,Industrials,Conglomerates,,17.47,190.99,-11.42,2.47,-0.78,7.19,8.07,70.2,1.29,-15.09,1.67,691280.0,0.0,11.25,Aug 10/a,17.0,846400000.0
COGT,Cogent Biosciences Inc,Healthcare,Biotechnology,,,12.21,,-28.43,4.71,11.63,-16.55,-10.44,0.3,-26.07,1.17,2180000.0,0.02,32.33,Aug 10/b,55.82,5610000000.0
COHU,Cohu Inc,Technology,Semiconductor Equipment & Materials,,35.48,99.06,38.37,-10.35,7.670000000000001,18.91,-3.85,118.48,1.56,-12.2,1.12,1100000.0,0.03,65.5,Jul 30/a,70.88,3100000000.0
COLB,Columbia Banking System Inc,Financial,Banks - Regional,11.91,9.09,0.03,21.96,-0.13,-4.35,3.76,-6.660000000000001,11.84,0.63,-11.33,2.14,2930000.0,0.0,29.86,Jul 23/a,34.14,8449999999.999999
COLD,Americold Realty Trust Inc,Real Estate,REIT - Industrial,,154.88,-22229.63,1.87,-0.08,-7.180000000000001,9.74,-8.5,34.73,0.93,-12.68,2.47,3900000.0,0.0,14.74,Aug 06/b,16.31,4210000000.0
COLL,Collegium Pharmaceutical Inc,Healthcare,Drug Manufacturers - Specialty & Generic,17.85,3.3,-234.56,6.32,-2.39,2.27,17.82,-38.76,-32.07,0.72,-56.61000000000001,1.38,722050.0,0.17,22.04,Aug 06/b,49.0,717390000.0
COLM,Columbia Sportswear Co,Consumer Cyclical,Apparel Manufacturing,14.78,13.6,378.34,1.5,-0.05,1.16,20.03,-7.53,4.38,0.93,-17.46,2.55,649070.0,0.0,57.0,Jul 30/a,69.83,2920000000.0
COMP,Compass Inc,Real Estate,Real Estate Services,175.3,36.17,63.96000000000001,109.07,-0.11,7.13,6.45,-22.14,31.97,2.3,-33.04,1.64,13190000.0,0.0,9.34,Aug 04/a,15.27,7170000000.0
CON,Concentra Group Holdings Parent Inc,Healthcare,Medical Care Facilities,23.01,19.02,45.65,10.03,-4.09,1.87,2.76,16.0,61.34,0.63,-4.63,1.0,979860.0,0.0,35.01,Aug 06/a,41.0,4460000000.0
CORZ,Core Scientific Inc,Technology,Software - Infrastructure,,63.43,-7868.82,108.83,-1.82,-1.8900000000000001,20.47,-34.39,12.94,5.48,-44.12,1.22,12210000.0,0.07,17.02,Jul 28/b,33.73,5470000000.0
COTY,Coty Inc,Consumer Defensive,Household & Personal Products,,10.52,-98.19,1.34,0.0,4.3,12.92,32.65,30.0,0.89,-41.83,3.19,9270000.0,0.0,2.6,Aug 19/a,2.66,2290000000.0
COUR,Coursera Inc,Consumer Defensive,Education & Training Services,,6.15,-617.71,59.589999999999996,-5.73,34.39,10.43,-10.92,-8.17,1.23,-58.93000000000001,1.67,5930000.0,0.01,5.06,Jul 29/a,8.17,1340000000.0
CPB,Campbells Co,Consumer Defensive,Packaged Foods,14.7,10.74,-146.8,-7.93,0.0,-0.22,20.04,-15.560000000000002,-11.64,0.03,-40.62,3.43,6830000.0,0.03,19.43,Sep 03/b,19.44,5790000000.0
CRBP,Corbus Pharmaceuticals Holdings Inc,Healthcare,Biotechnology,,,-25.120000000000005,,-1.21,4.23,15.89,-19.38,-16.88,2.59,-64.79,1.0,723360.0,0.03,7.24,Aug 06/b,34.02,140030000.0
CRBU,Caribou Biosciences Inc,Healthcare,Biotechnology,,,58.660000000000004,-43.79,0.0,11.91,13.3,-29.15,-29.549999999999997,2.3,-64.53,1.0,1570000.0,0.03,1.25,Aug 13/a,12.0,134440000.0
CRC,California Resources Corp,Energy,Oil & Gas E&P,,13.2,199.18,33.01,-0.97,-2.25,4.5,0.59,-23.17,1.01,-26.49,1.38,855340.0,0.13,52.91,Aug 10/b,75.71,4700000000.0
CRCT,Cricut Inc,Technology,Computer Hardware,15.02,26.15,62.0,-9.2,-0.57,0.89,11.0,39.41,63.32,0.26,-5.5,5.0,724930.0,0.01,6.19,Aug 04/a,4.07,1300000000.0
CRDF,Cardiff Oncology Inc,Healthcare,Biotechnology,,,35.57,-14.05,19.29,-7.829999999999999,16.86,-0.8,-25.75,1.44,-62.53999999999999,2.33,1200000.0,0.0,1.24,Aug 11/a,5.14,96470000.0
CRF,Cornerstone Total Return Fund,Financial,Closed-End Fund - Equity,,,,,,,10.36,-13.309999999999999,-6.64,1.25,-24.97,,1480000.0,0.03,6.19,-,,1050000000.0
CRGY,Crescent Energy Co,Energy,Oil & Gas E&P,,6.18,117.15,55.34,-44.56,-0.88,11.19,35.0,-1.46,0.92,-12.73,1.58,6160000.0,0.01,13.5,Aug 03/a,17.56,4460000000.0
CRI,Carters Inc,Consumer Cyclical,Apparel Retail,5.86,8.48,46921.31,5.16,0.0,-2.76,16.65,-27.77,-9.43,0.84,-29.549999999999997,2.44,1230000.0,0.0,31.31,Jul 31/b,42.29,1150000000.0
CRK,Comstock Resources Inc,Energy,Oil & Gas E&P,7.78,24.63,-92.98,-25.21,0.0,1.96,32.7,-5.57,-42.81,0.5,-52.31,2.79,2590000.0,0.01,13.4,Jul 29/a,16.91,3930000000.0
CRMD,CorMedix Inc,Healthcare,Biotechnology,3.73,138.34,1.92,156.52,0.0,3.03,22.67,2.62,16.84,1.4,-39.78,1.0,1140000.0,0.0,7.84,Aug 13/b,15.33,611080000.0
CRMT,Americas Car Mart Inc,Consumer Cyclical,Auto & Truck Dealerships,,,-1092.6,-57.3,-1.33,-9.79,20.58,-53.90999999999999,-90.95,1.29,-96.19,2.0,547090.0,2.99,1.18,Sep 09/b,7.5,9840000.0
CRNC,Cerence Inc,Technology,Software - Application,,10.4,151.03,11.81,-0.65,2.87,14.71,-25.069999999999997,22.12,3.05,-42.13,2.6,701510.0,0.0,7.95,Aug 06/a,10.75,359580000.0
CROX,Crocs Inc,Consumer Cyclical,Footwear & Accessories,10.82,8.38,146.78,2.62,-2.62,-2.0,10.21,-0.06,57.47,1.55,-11.35,2.28,1060000.0,0.0,125.25,Jul 30/b,138.25,6010000000.0
CRSR,Corsair Gaming Inc,Technology,Computer Hardware,43.19,15.99,138.92,-1.8000000000000003,-0.01,0.8100000000000002,19.58,43.27,149.1,1.87,-11.52,2.44,1640000.0,0.02,13.25,Aug 06/a,13.22,1430000000.0
CRUS,Cirrus Logic Inc,Technology,Semiconductors,14.67,13.47,28.939999999999998,12.879999999999999,-13.15,1.44,7.19,-18.07,-16.38,1.18,-33.54,1.57,804000.0,0.02,119.9,Aug 05/a,165.0,6010000000.0
CRVS,Corvus Pharmaceuticals Inc,Healthcare,Biotechnology,,,-89.11,,0.15,1.12,26.51,-19.74,-17.04,1.41,-56.87,1.12,1060000.0,0.01,11.62,Aug 06/a,33.14,977680000.0
CSQR,Csquare Inc,Technology,Information Technology Services,,,,,0.0,9.87,3.35,,,,-27.62,1.3,1670000.0,0.0,17.01,Sep 02,28.5,2830000000.0
CSWC,Capital Southwest Corp,Financial,Asset Management,12.76,9.63,-17.81,-21.1,0.08,,6.49,-1.41,8.38,0.74,-9.95,1.67,650230.0,0.02,23.13,Aug 03/a,25.3,1470000000.0
CTKB,Cytek BioSciences Inc,Healthcare,Medical Devices,,,-113.40999999999998,5.57,0.0,-5.29,4.41,26.119999999999997,23.36,1.19,-8.58,2.0,1030000.0,0.0,5.65,Aug 05/a,5.56,734410000.0
CTMX,CytomX Therapeutics Inc,Healthcare,Biotechnology,,,-7766.670000000001,-92.4,-0.0,5.95,21.29,-26.090000000000003,-38.84,2.19,-66.33,1.12,3980000.0,0.0,2.76,Aug 06/a,12.25,602360000.0
CTNM,Contineum Therapeutics Inc,Healthcare,Biotechnology,,,34.71,,-0.98,0.03,8.25,-15.73,-5.25,0.81,-28.93,1.38,512880.0,0.04,12.64,Jul 30/a,22.0,475530000.0
CTOS,Custom Truck One Source Inc,Industrials,Rental & Leasing Services,100.64,31.85,136.15,10.16,0.0,1.95,7.78,-20.85,43.62,1.43,-22.73,1.33,1050000.0,0.0,9.45,Aug 03/a,13.33,2150000000.0
CTRE,CareTrust REIT Inc,Real Estate,REIT - Healthcare Facilities,23.44,22.14,7.049999999999999,43.46,0.0,6.77,6.93,-8.1,0.16,0.76,-14.74,1.43,2350000.0,0.0,37.19,Aug 06/a,45.07,8790000000.0
CTRI,Centuri Holdings Inc,Utilities,Utilities - Regulated Gas,65.81,20.32,-33.74,32.86,0.03,-2.41,5.63,-33.6,-31.03,1.01,-52.86,2.71,1820000.0,0.01,20.26,Aug 04/b,29.67,2049999999.9999998
CUBE,CubeSmart,Real Estate,REIT - Industrial,25.86,23.71,8.98,1.48,-5.19,3.2300000000000004,3.89,-8.36,4.39,1.04,-12.58,2.26,2280000.0,0.0,37.82,Jul 30/a,43.94,8550000000.000001
CURB,Curbline Properties Corp,Real Estate,REIT - Retail,104.71,117.12,-35.79,52.98,-15.61,17.65,12.97,-10.11,10.96,0.58,-11.48,1.44,1540000.0,0.0,28.46,Jul 28/b,34.31,3270000000.0
CURI,CuriosityStream Inc,Communication Services,Broadcasting,,12.48,977.94,22.26,0.73,-0.22999999999999998,6.09,14.87,8.42,1.76,-43.92,1.0,1050000.0,0.01,3.09,Aug 12/a,5.38,183360000.0
CUZ,Cousins Properties Inc,Real Estate,REIT - Office,726.6,61.29,84.5,11.83,-0.27,-1.23,7.43,-5.77,33.13,1.17,-13.780000000000001,1.36,1510000.0,0.04,28.41,Jul 30/a,33.55,4680000000.0
CVBF,CVB Financial Corp,Financial,Banks - Regional,15.58,11.33,-21.58,37.86,1.15,26.56,5.87,0.31,16.49,0.67,-3.7599999999999993,1.83,1380000.0,0.0,22.53,Jul 22/a,26.0,3970000000.0
CVI,CVR Energy Inc,Energy,Oil & Gas Refining & Marketing,76.73,19.28,97.37,55.48,0.0,1.94,19.79,87.47,51.24999999999999,0.92,-4.54,4.14,1050000.0,0.01,52.68,Jul 29/a,33.4,5300000000.0
CVLT,Commvault Systems Inc,Technology,Software - Application,92.82,23.41,-2.7,11.4,-15.45,6.709999999999999,8.25,3.93,79.32,0.8,-26.08,1.95,638850.0,0.0,145.54,Jul 28/b,160.75,6030000000.0
CVRX,CVRx Inc,Healthcare,Medical Devices,,,6.3,15.57,0.21,3.3000000000000003,11.03,-52.019999999999996,-68.01,0.72,-74.78,2.14,812320.0,0.03,2.85,Aug 06/a,4.3,75930000.0
CWEN,Clearway Energy Inc,Utilities,Utilities - Renewable,37.41,46.37,260.49,18.27,0.0,-0.45000000000000007,6.5,-15.920000000000002,-24.37,0.88,-29.13,1.25,1220000.0,0.01,29.58,Aug 05/a,43.45,6070000000.0
CWH,Camping World Holdings Inc,Consumer Cyclical,Auto & Truck Dealerships,,6.84,-13.170000000000002,-2.12,0.0,-6.92,18.93,-32.71,-22.0,2.15,-68.57,1.38,2089999.9999999998,0.01,5.39,Jul 29/a,10.4,556750000.0
CWST,Casella Waste Systems Inc,Industrials,Waste Management,897.85,49.98,-27.72,16.85,-2.33,3.4099999999999997,8.15,-14.77,7.19,0.77,-25.569999999999997,1.69,592100.0,0.0,80.36,Aug 06/a,111.8,5110000000.0
CWT,California Water Service Group,Utilities,Utilities - Regulated Water,20.59,16.94,32.11,16.47,-1.86,6.92,3.94,-6.5,1.6,0.47,-15.03,1.6,507410.0,0.0,45.73,Jul 30/b,54.4,2830000000.0
CXM,Sprinklr Inc,Technology,Software - Application,53.77,9.46,-37.58,0.8,-0.56,-12.47,11.55,-2.5,-13.95,0.73,-38.85,2.4,3490000.0,0.0,5.06,Sep 02/b,8.44,1170000000.0
CXT,Crane NXT Co,Industrials,Business Equipment & Supplies,19.69,10.1,41.93,21.96,0.35,11.45,16.1,-3.11,15.7,1.08,-31.0,1.38,732680.0,0.01,47.61,Aug 05/a,68.71,2740000000.0
CXW,CoreCivic Inc,Industrials,Security & Protection Services,25.34,13.08,5.27,27.27,-15.98,0.08,15.15,5.02,63.629999999999995,0.56,-12.97,1.0,1610000.0,0.02,31.81,Aug 05/a,41.8,3150000000.0
CYCU,Cycurion Inc,Technology,Information Technology Services,,,90.57,-3.37,0.0,,8.87,-37.81,-64.4,0.92,-97.58,1.0,2270000.0,0.05,2.99,Aug 14/b,56.0,9660000.0
CYH,Community Health Systems Inc,Healthcare,Medical Care Facilities,1.6,,-75.47,-9.83,-0.13,6.660000000000001,12.35,-12.98,3.15,1.89,-33.41,3.2,1650000.0,0.03,2.95,Jul 22/a,3.16,415980000.0
CYPH,Cypherpunk Technologies Inc,Healthcare,Biotechnology,7.21,9.71,145.12,,-1.79,12.24,10.79,542.52,521.38,0.92,-2.63,1.0,8199999.999999999,1.17,4.08,Aug 12/b,4.15,439680000.0
CYRX,CryoPort Inc,Industrials,Integrated Freight & Logistics,,,24.23,7.739999999999999,-10.34,2.08,5.75,6.94,122.63,1.97,-3.17,1.22,627120.0,0.0,17.41,Aug 06/a,19.33,881800000.0
CYTK,Cytokinetics Inc,Healthcare,Biotechnology,,,-33.78,-57.13,-7.61,10.88,13.03,-25.91,3.44,0.4,-26.789999999999996,1.22,2000000.0,0.09,64.65,Aug 06/a,109.9,8990000000.0
CZR,Caesars Entertainment Inc,Consumer Cyclical,Resorts & Casinos,,132.13,22.53,2.96,-4.66,-9.01,9.82,-1.9900000000000002,10.04,1.86,-4.18,2.94,4030000.0000000005,0.0,29.59,Jul 28/a,31.27,6030000000.0
DAIC,CID Holdco Inc,Technology,Information Technology Services,,,94.64,-90.22,0.0,27.310000000000002,14.62,97.02,-23.82,3.4,-95.95,,7790000.0,0.08,3.31,May 11/a,,6490000.0
DAKT,Daktronics Inc,Technology,Electronic Components,17.3,11.53,19.96,7.12,-0.18,0.38,4.7,-12.85,-14.469999999999999,1.67,-39.79,1.0,607960.0,0.0,17.02,Sep 02/b,32.0,818540000.0
DAN,Dana Inc,Consumer Cyclical,Auto Parts,,6.8,-100.0,3.88,0.0,0.27,4.29,-3.52,-17.38,2.03,-31.4,1.78,1550000.0,0.0,27.14,Aug 06/b,39.0,2920000000.0
DAR,Darling Ingredients Inc,Consumer Defensive,Packaged Foods,16.39,10.0,2940.61,15.909999999999998,-1.5,-0.1,4.34,14.77,2.9,1.04,-12.83,1.27,2480000.0,0.02,61.0,Jul 30/b,82.57,9630000000.0
DBGI,Digital Brands Group Inc,Consumer Cyclical,Apparel Retail,,,58.040000000000006,-46.34,,5.54,19.6,-84.06,-93.25,0.02,-99.35,,753970.0,0.28,4.67,-,,4360000.0
DBI,Designer Brands Inc,Consumer Cyclical,Footwear & Accessories,21.5,8.76,44.1,-1.23,-0.5,2.01,15.0,-1.76,8.5,1.26,-33.15,3.0,597150.0,0.0,6.13,Sep 10/b,6.75,313390000.0
DBRG,DigitalBridge Group Inc,Financial,Asset Management,10.39,,1100.21,99.04,0.0,0.66,8.97,1.17,3.93,1.45,-0.09,3.0,4300000.0,0.01,15.98,Aug 04/a,16.0,3040000000.0
DBX,Dropbox Inc,Technology,Software - Infrastructure,17.95,9.78,-6.94,0.93,-0.9399999999999998,-3.5900000000000003,17.08,21.32,41.94,0.63,-15.329999999999998,3.64,4120000.0,0.0,32.32,Aug 06/a,31.8,7030000000.0
DC,Dakota Gold Corp,Basic Materials,Gold,,,-8.15,,-0.56,3.05,6.81,46.71,37.06,1.24,-13.79,1.0,1490000.0,0.14,6.25,Sep 02,12.09,838580000.0
DCH,Dauch Corp,Consumer Cyclical,Auto Parts,,4.6,-98.8,92.4,0.0,-6.21,8.12,8.74,-0.18,1.68,-39.46,2.15,3440000.0,0.01,5.6,Aug 07/b,9.3,1330000000.0
DCOY,Decoy Therapeutics Inc,Healthcare,Biotechnology,,,94.51,,0.0,5.2,1.86,-69.24,-53.17000000000001,0.61,-94.72,1.0,2340000.0,0.3,2.95,Mar 30,30.0,5420000.0
DCTH,Delcath Systems Inc,Healthcare,Medical Devices,2548.62,,0.15,20.6,0.0,5.3,7.2,20.05,73.32,0.59,-10.75,1.0,504750.0,0.03,15.55,Aug 06/b,24.5,539450000.0
DDD,3D Systems Corp,Technology,Computer Hardware,,,-115.10000000000001,-0.27,-3.2,21.93,27.38,22.73,80.0,2.79,-14.81,2.0,2860000.0,0.03,3.51,Aug 03/a,5.5,583170000.0
DEC,Diversified Energy Co,Energy,Oil & Gas Integrated,,3.26,,,0.0,3.63,10.61,3.64,-23.07,0.34,-26.08,1.15,944600.0,0.22,13.97,Aug 05/a,24.57,1100000000.0
DEI,Douglas Emmett Inc,Real Estate,REIT - Office,,,49.59,1.63,0.0,5.6,19.07,-17.01,6.860000000000001,1.2,-38.03,2.92,1930000.0,0.0,9.81,Aug 04/a,13.1,1640000000.0
DFDV,DeFi Development Corp,Financial,Asset Management,,,-224.98,66.87,0.71,-0.3,18.63,95.1,65.51,-3.66,-67.77,1.0,1480000.0,0.63,5.89,Aug 12/a,10.4,192210000.0
DFH,Dream Finders Homes Inc,Consumer Cyclical,Residential Construction,8.02,14.52,-48.96,-7.57,-0.77,0.48,26.51,-34.48,-14.859999999999998,1.88,-58.08,3.0,748590.0,0.05,11.4,Jul 30/b,18.0,1030000000.0
DFNS,T3 Defense Inc,Industrials,Aerospace & Defense,,,-369.36,,0.0,2.73,15.57,-64.05,-91.68,-6.11,-99.6,1.0,3580000.0,0.02,7.79,Sep 02,65.0,22130000.0
DFTX,Definium Therapeutics Inc,Healthcare,Biotechnology,,,-186.82,,-1.01,38.63,9.29,-22.41,102.01,2.19,-27.32,1.06,2390000.0,0.01,36.12,Aug 06/a,71.88,4850000000.0
DGXX,Digi Power X Inc,Utilities,Utilities - Independent Power Producers,,223.5,-247.82999999999998,-28.54,-0.22,15.61,6.18,-17.07,116.99,6.2,-51.41,1.0,3290000.0,0.12,4.47,Aug 14/b,8.5,456210000.0
DH,Definitive Healthcare Corp,Healthcare,Health Information Services,,5.73,27.58,-9.14,0.0,-1.55,5.79,48.85,1.8000000000000003,1.4,-73.7,3.0,647570.0,0.03,1.07,Aug 10/a,1.9,154820000.0
DHC,Diversified Healthcare Trust,Real Estate,REIT - Healthcare Facilities,,,59.28,-4.53,0.0,3.17,6.17,-14.330000000000002,18.34,2.28,-15.839999999999998,1.8,1740000.0,0.0,8.13,Aug 03/a,10.15,1970000000.0
DHY,UBS Asset Management High Yield Credit Fund,Financial,Closed-End Fund - Debt,,,,,,,0.24,-7.429999999999999,-11.96,0.51,-23.58,,874320.0,0.01,1.62,-,,223800000.0
DIOD,Diodes Inc,Technology,Semiconductors,51.62,16.62,1.23,21.66,-6.11,1.0,5.31,-7.77,40.53,1.91,-23.93,2.2,610070.0,0.14,95.84,Aug 05/a,162.5,4410000000.0
DJT,Trump Media & Technology Group Corp,Communication Services,Internet Content & Information,,,-933.0899999999999,89.03,0.0,2.36,9.12,20.43,6.49,4.09,-49.81,,4390000.0,0.71,9.02,Aug 10/a,,2510000000.0
DK,Delek US Holdings Inc,Energy,Oil & Gas Refining & Marketing,19.19,8.19,254.25999999999996,47.83,-28.000000000000004,-2.09,9.12,32.32,43.9,0.6,-17.04,2.0,1840000.0,0.0,68.25,Aug 05/b,75.0,4179999999.9999995
DLB,Dolby Laboratories Inc,Industrials,Specialty Business Services,25.02,12.88,-36.35,-3.34,-0.2,1.91,9.49,13.200000000000001,1.67,0.77,-19.19,1.5,980940.0,0.03,59.0,Jul 30/a,79.0,5530000000.0
DMRA,Damora Therapeutics Inc,Healthcare,Biotechnology,,,80.38,,0.09,17.49,9.83,-9.13,-13.73,1.41,-42.6,1.0,669710.0,0.03,22.0,Aug 10/a,46.89,1360000000.0
DNA,Ginkgo Bioworks Holdings Inc,Healthcare,Biotechnology,,,-4.34,-59.37,-3.3300000000000005,8.35,14.59,2.37,76.25,1.9,-40.55,4.33,1260000.0,0.27,10.45,Aug 05/a,7.0,703820000.0
DNLI,Denali Therapeutics Inc,Healthcare,Biotechnology,,,5.93,,-0.18,2.3,11.45,-19.35,14.980000000000002,1.01,-23.52,1.15,1620000.0,0.0,20.88,Aug 06/a,36.06,3340000000.0
DNOW,Dnow Inc,Industrials,Industrial Distribution,,18.86,-148.81,108.11999999999999,-12.65,0.9399999999999998,5.37,19.05,27.51,0.89,-9.5,1.4,2420000.0,0.0,15.62,Aug 06/b,18.8,2820000000.0
DNP,DNP Select Income Fund Inc,Financial,Closed-End Fund - Equity,,,,,12.15,,0.24,-10.64,-4.6,0.34,-12.72,,688130.0,0.06,9.74,-,,3690000000.0
DNTH,Dianthus Therapeutics Inc,Healthcare,Biotechnology,,,-1.51,294.3,-4.59,-1.69,18.98,-8.55,7.85,1.33,-25.77,1.06,921300.0,0.0,87.5,Aug 04/a,140.12,4890000000.0
DNUT,Krispy Kreme Inc,Consumer Defensive,Grocery Stores,,36.01,95.38,-12.839999999999998,1.12,1.71,20.61,-15.35,-9.07,1.24,-42.52,3.17,2700000.0,0.05,2.94,Aug 06/b,4.18,509610000.0
DOCS,Doximity Inc,Healthcare,Health Information Services,31.19,16.92,-52.019999999999996,7.339999999999999,-0.06,0.98,10.09,27.73,11.02,1.23,-65.63,2.48,4550000.0,0.0,26.3,Aug 06/a,30.68,4690000000.0
DOX,Amdocs Ltd,Technology,Software - Infrastructure,13.83,7.22,-57.53,2.63,-0.04,-0.38,8.33,12.44,-10.06,0.44,-32.44,2.0,1210000.0,0.0,57.85,Aug 05/a,84.67,6220000000.0
DPZ,Dominos Pizza Inc,Consumer Cyclical,Restaurants,16.64,14.11,6.92,4.3,-13.01,-0.5,9.92,-0.19,-15.689999999999998,0.94,-33.65,2.09,882270.0,0.01,293.5,Oct 13/b,378.07,9710000000.0
DRH,Diamondrock Hospitality Co,Real Estate,REIT - Hotel & Motel,17.31,18.75,137.81,4.11,-1.46,1.44,7.03,1.87,34.0,1.03,-9.43,2.07,2730000.0,0.0,12.49,Jul 30/a,13.96,2560000000.0
DRK,DarkHorse Technologies Inc,Technology,Software - Infrastructure,,,-545.15,-18.75,0.0,14.35,5.1,14.39,118.31,3.38,-75.4,1.0,611580.0,0.06,3.1,Aug 14/b,5.0,32770000.000000004
DRMA,Dermata Therapeutics Inc,Healthcare,Biotechnology,,,55.49000000000001,,-0.0,2.2,4.69,-15.380000000000003,-6.78,0.66,-81.26,1.0,724720.0,0.0,1.1,Aug 11/a,4.0,4430000.0
DRS,Leonardo DRS Inc,Industrials,Aerospace & Defense,31.01,25.44,59.34,10.13,-0.06,0.51,4.45,-9.21,-17.08,0.32,-26.51,1.33,1010000.0,0.02,37.18,Jul 30/b,54.5,9920000000.0
DRVN,Driven Brands Holdings Inc,Consumer Cyclical,Auto & Truck Dealerships,13.77,8.54,-22.25,-7.91,0.0,-3.9900000000000007,17.02,-12.509999999999998,-5.31,0.96,-28.84,2.29,976650.0,0.0,12.31,Aug 06/b,16.09,2029999999.9999998
DSGN,Design Therapeutics Inc,Healthcare,Biotechnology,,,3.8699999999999997,,0.0,26.61,15.79,-15.310000000000002,14.529999999999998,1.67,-30.09,1.0,716820.0,0.07,12.06,Aug 03/b,21.0,754740000.0
DSL,Doubleline Income Solutions Fund,Financial,Closed-End Fund - Debt,,,,,,,0.12,-8.07,-4.75,0.7,-18.95,,584570.0,0.0,10.03,-,,1150000000.0
DUOL,Duolingo Inc,Technology,Software - Application,17.21,42.76,-27.49,18.31,-1.45,1.92,16.54,23.67,50.49,1.05,-59.35,2.7,1200000.0,0.05,143.49,Aug 05/a,134.29,6710000000.0
DUOT,Duos Technologies Group Inc,Technology,Software - Application,9.33,8.46,553.3,7.66,0.73,14.75,19.36,-21.78,31.04,1.36,-40.05,1.0,966220.0,0.05,9.16,Aug 17/a,25.0,288290000.0
DV,DoubleVerify Holdings Inc,Communication Services,Advertising Agencies,36.46,23.12,55.81,2.52,0.0,0.38,4.77,20.29,41.09,1.0,-3.7699999999999996,3.06,3920000.0,0.0,13.14,Aug 06/a,13.64,2040000000.0
DX,Dynex Capital Inc,Real Estate,REIT - Mortgage,4.32,7.05,653.65,170.93,0.1,6.88,6.72,-14.180000000000001,-7.06,0.95,-24.24,1.67,5880000.0,0.06,11.31,Jul 20/b,14.75,2810000000.0
DXC,DXC Technology Co,Technology,Information Technology Services,15.09,3.6,748.32,-5.06,0.69,7.9399999999999995,15.47,20.75,-12.629999999999999,0.79,-32.08,3.27,3800000.0,0.0,10.65,Jul 30/a,11.21,1700000000.0
DXYZ,Destiny Tech100 Inc,Financial,Asset Management,2.91,,1407.36,106.52999999999999,4.96,,0.43,14.730000000000002,7.24,5.61,-58.75,,1090000.0,0.13,30.06,-,,1430000000.0
DY,Dycom Industries Inc,Industrials,Engineering & Construction,24.57,13.23,14.24,45.57,0.5,-2.81,4.19,-46.74,-21.06,1.49,-52.349999999999994,1.08,627900.0,0.03,269.94,Aug 26/b,520.91,8140000000.000001
DYN,Dyne Therapeutics Inc,Healthcare,Biotechnology,,,-10.86,,-18.66,1.39,14.87,-24.98,-6.94,1.08,-41.59,1.29,2700000.0,0.03,15.95,Jul 29/a,36.93,2980000000.0
EAT,Brinker International Inc,Consumer Cyclical,Restaurants,18.98,14.21,29.78,5.06,-25.64,-3.04,13.47,23.37,54.71,1.24,-18.9,1.58,1200000.0,0.0,206.8,Aug 12/b,270.52,8640000000.0
EBC,Eastern Bankshares Inc,Financial,Banks - Regional,12.13,10.04,-4.73,26.36,-0.62,11.27,7.97,-3.04,12.57,0.7,-9.99,1.5,2470000.0,0.0,21.4,Jul 23/a,25.13,4890000000.0
EBS,Emergent Biosolutions Inc,Healthcare,Drug Manufacturers - Specialty & Generic,,6.43,-1477.33,66.29,-2.19,2.78,20.3,-20.45,-15.130000000000003,2.3,-52.129999999999995,2.33,1130000.0,0.0,6.73,Aug 05/a,11.0,345070000.0
ECAT,BlackRock ESG Capital Allocation Term Trust,Financial,Closed-End Fund - Equity,,,,,,,0.34,-9.46,5.67,0.97,-15.36,,527030.0,0.16,14.16,-,,1410000000.0
ECC,Eagle Point Credit Company,Financial,Closed-End Fund - Debt,,,,,,,5.56,-4.86,-4.61,0.37,-49.64,,845230.0,0.03,3.52,Aug 13/b,,468200000.0
ECG,Everus Construction Group,Industrials,Engineering & Construction,23.32,19.4,58.36,33.65,-1.04,0.95,3.5,-27.58,-1.16,2.41,-32.42,1.57,565620.0,0.04,115.95,Aug 04/a,176.0,5920000000.0
ECVT,Ecovyst Inc,Basic Materials,Specialty Chemicals,,11.66,38.13,24.9,0.65,0.62,4.92,-16.82,-22.0,1.06,-32.78,1.5,1450000.0,0.0,10.14,Aug 05/b,15.17,1110000000.0
EDBL,Edible Garden AG Inc,Consumer Defensive,Farm Products,,,99.37,12.839999999999998,,-0.07,4.29,-83.82,-97.41,1.75,-99.9,1.0,1830000.0,0.2,1.19,Aug 14/b,4.0,2320000.0
EDIT,Editas Medicine Inc,Healthcare,Biotechnology,,,75.77,232.31,-0.19,24.23,21.63,-18.75,16.59,1.99,-42.7,2.17,2620000.0,0.01,2.6,Aug 05/a,4.89,399310000.0
EEFT,Euronet Worldwide Inc,Technology,Software - Infrastructure,10.83,5.75,-24.69,3.17,0.13,-2.99,14.56,-4.64,6.01,0.84,-23.81,2.36,653370.0,0.01,68.99,Jul 30/b,83.43,2580000000.0
EFC,Ellington Financial Inc,Real Estate,REIT - Mortgage,7.61,6.32,-2.15,31.72,0.0,1.29,6.18,-8.63,8.14,0.95,-11.54,1.57,1240000.0,0.03,12.49,Aug 06/a,14.86,1610000000.0
EFOR,Everforth Inc,Technology,Information Technology Services,17.05,7.73,-48.0,-1.33,6.13,-1.24,9.23,68.89,-16.99,0.48,-39.72,2.71,900340.0,0.0,33.12,Jul 29/a,27.5,1360000000.0
EGHT,8X8 Inc,Technology,Software - Application,68.47,6.11,73.75,4.86,-2.12,-5.86,2.51,34.92,40.75,1.88,-20.83,2.33,1710000.0,0.03,2.28,Aug 04/a,2.58,329330000.0
EGY,VAALCO Energy Inc,Energy,Oil & Gas E&P,,16.33,395.23,39.5,0.0,7.73,7.98,18.18,-9.16,0.21,-12.950000000000001,1.0,1330000.0,0.02,5.85,Aug 06/a,9.59,615380000.0
EIKN,Eikon Therapeutics Inc,Healthcare,Biotechnology,,,-10.51,,0.31,6.27,21.59,-37.99,-19.47,,-54.6,1.67,526540.0,0.0,7.9,Aug 13/a,24.6,427910000.0
ELDN,Eledon Pharmaceuticals Inc,Healthcare,Biotechnology,,,-91.47,,0.0,6.68,10.27,-31.19,-5.65,0.84,-41.96,1.0,1140000.0,0.06,2.67,Aug 13/a,9.5,216970000.0
ELF,e.l.f. Beauty Inc,Consumer Defensive,Household & Personal Products,99.62,25.44,93.06,35.52,-16.75,-9.82,7.41,40.18,60.52000000000001,1.59,-33.67,1.9,2270000.0,0.01,98.0,Aug 05/a,102.12,5780000000.0
ELME,Elme Communities,Real Estate,REIT - Residential,,,-3942.6500000000005,1.72,0.0,-5.33,2.75,20.0,-13.86,0.84,-45.28,3.0,995810.0,0.01,1.74,-,,154610000.0
ELMT,Elmet Group Co,Industrials,Aerospace & Defense,,32.27,,,0.06,362.02,16.15,-0.05,,,-23.29,1.0,695230.0,0.04,19.2,Aug 13/b,23.0,584820000.0
ELTX,Elicio Therapeutics Inc,Healthcare,Biotechnology,,,35.07,,0.0,6.0,8.8,-52.5,-81.8,1.29,-88.13,1.4,583620.0,0.0,1.9,Aug 13/a,14.38,49940000.0
ELVN,Enliven Therapeutics Inc,Healthcare,Biotechnology,,,-0.97,,-10.03,37.43,14.14,-10.91,16.66,0.22,-27.310000000000002,1.15,1210000.0,0.02,45.3,Aug 05/a,73.45,3320000000.0
EMAT,Evolution Metals & Technologies Corp,Basic Materials,Other Industrial Metals & Mining,,,87.76,,0.0,120.87999999999998,1.78,-53.73,-54.61,0.11,-87.13,1.0,787880.0,0.15,3.1,Aug 17/b,11.5,1940000000.0
EMBC,Embecta Corp,Healthcare,Medical Instruments & Supplies,3.98,3.35,-53.64,-8.05,2.38,-16.39,10.67,78.25,-31.16,0.84,-60.42999999999999,3.25,1540000.0,0.03,5.9,Aug 07/b,4.0,334290000.0
EMN,Eastman Chemical Co,Basic Materials,Specialty Chemicals,17.28,9.68,31.739999999999995,9.82,-0.4699999999999999,-1.43,5.09,-0.9000000000000001,-6.849999999999999,1.07,-20.55,2.11,1160000.0,0.0,66.32,Jul 30/a,80.07,7590000000.0
ENHA,Enhanced Group Inc,Consumer Defensive,Packaged Foods,,,-67000.0,,3.93,11.01,3.01,-47.74,-85.56,-1.75,-89.51,1.0,844730.0,0.06,1.47,Aug 13/a,4.0,580610000.0
ENOV,Enovis Corp,Healthcare,Medical Devices,,5.0,96.78,3.2300000000000004,1.96,3.1300000000000003,16.86,-18.71,-21.01,1.13,-46.15,1.23,1470000.0,0.0,18.46,Aug 06/b,38.33,1060000000.0
ENPH,Enphase Energy Inc,Technology,Solar,31.81,14.54,-2.55,-19.63,0.03,-3.44,18.64,-33.6,-15.17,1.63,-56.47,2.5,4740000.0,0.1,32.1,Jul 28/a,44.8,4240000000.0
ENR,Energizer Holdings Inc,Industrials,Electrical Equipment & Parts,18.75,6.52,-72.92,1.21,12.619999999999997,1.26,12.68,1.71,29.57,0.78,-15.68,3.0,1010000.0,0.0,22.04,Aug 04/b,21.2,1510000000.0
ENS,Enersys,Industrials,Electrical Equipment & Parts,18.88,12.28,111.66,4.77,0.02,1.36,8.48,-21.25,2.99,1.19,-27.750000000000004,1.56,546770.0,0.02,176.5,Aug 12/a,264.0,6370000000.0
ENVX,Enovix Corp,Industrials,Electrical Equipment & Parts,,,9.34,20.84,0.0,1.43,27.89,-53.44,-45.7,2.47,-80.01,1.91,6890000.0,0.14,2.84,Aug 12/a,10.94,623240000.0
EOLS,Evolus Inc,Healthcare,Drug Manufacturers - Specialty & Generic,,30.67,54.03,21.18,-1.26,9.3,9.56,9.68,95.01,1.33,-16.0,1.33,904400.0,0.0,7.82,Aug 05/a,15.0,516510000.0
EOSE,Eos Energy Enterprises Inc,Industrials,Electrical Equipment & Parts,,,-14.26,351.4,-9.83,5.82,33.65,-48.44,-35.39,2.88,-84.19,2.27,27100000.0,0.5,3.14,Aug 05/b,6.5,1140000000.0
EPAM,EPAM Systems Inc,Technology,Information Technology Services,14.66,7.67,26.539999999999996,4.53,0.0,0.18,12.86,35.24,-19.94,1.38,-51.35999999999999,2.14,1460000.0,0.02,108.23,Aug 06/b,120.69,5580000000.0
EPC,Edgewell Personal Care Co,Consumer Defensive,Household & Personal Products,,13.76,-52.52,-9.1,0.0,1.68,9.99,-0.32,31.730000000000004,0.35,-7.55,2.14,659970.0,0.01,27.69,Aug 05/b,32.17,1280000000.0
EPM,Evolution Petroleum Corp,Energy,Oil & Gas E&P,,89.75,30.079999999999995,14.69,0.0,0.75,8.42,-3.49,-22.96,0.48,-29.049999999999997,1.0,512070.00000000006,0.02,3.59,Sep 15/a,4.94,144220000.0
EPR,EPR Properties,Real Estate,REIT - Specialty,18.24,18.59,-12.68,10.11,-2.88,0.96,9.79,-3.6799999999999997,16.71,1.02,-12.5,2.23,770710.0,0.03,56.85,Jul 29/a,64.79,4360000000.0
EPRT,Essential Properties Realty Trust Inc,Real Estate,REIT - Retail,20.62,19.69,7.77,20.22,-1.71,2.24,6.59,-13.36,-13.699999999999998,0.83,-23.61,1.21,1950000.0,0.0,26.53,Jul 22/a,36.32,5780000000.0
EQ,Equillium Inc,Healthcare,Biotechnology,,,73.86,,-3.08,-3.4099999999999997,10.87,-45.13,-10.11,1.89,-52.26,1.0,682550.0,0.01,1.69,Aug 13/a,8.6,107160000.0
EQPT,Equipmentshare.Com Inc,Industrials,Rental & Leasing Services,223.48,23.93,29.24,26.33,-1.33,6.63,13.04,-14.38,-13.62,,-51.21,1.75,3190000.0,0.01,17.32,Aug 12/a,33.2,4400000000.0
ERAS,Erasca Inc,Healthcare,Biotechnology,,,-18.39,,-0.08,1.8399999999999999,13.37,-22.62,-5.46,0.6,-41.71,1.4,4570000.0,0.01,14.15,Aug 11/a,23.7,4950000000.0
ERII,Energy Recovery Inc,Industrials,Pollution & Treatment Controls,23.93,41.67,-264.72,-57.24,-9.97,-1.48,6.92,-23.38,-31.61,0.9,-63.16,3.0,937020.0,0.01,6.75,Aug 05/a,8.0,344560000.0
EROC,ERock Inc,Industrials,Specialty Industrial Machinery,,,,,0.0,32.67,32.16,-11.32,,,-40.58,1.12,2370000.0,0.05,12.3,Aug 11/a,22.5,2700000000.0
ESAB,ESAB Corp,Industrials,Metal Fabrication,25.52,11.05,-54.09,12.86,-0.02,11.1,8.15,-27.9,-22.65,1.13,-48.45,1.23,776680.0,0.01,70.84,Aug 06/b,127.5,4400000000.0
ESI,Element Solutions Inc,Basic Materials,Specialty Chemicals,47.69,16.63,61.92999999999999,56.41,0.0,0.62,3.01,-24.41,4.92,1.27,-28.93,1.15,5380000.0,0.0,35.0,Jul 27/a,47.0,8529999999.999999
ESRT,Empire State Realty Trust Inc,Real Estate,REIT - Diversified,230.41,,-494.26,2.95,0.0,-1.36,8.19,-22.04,-16.39,1.41,-48.42,2.67,2770000.0,0.0,4.15,Jul 29/a,5.4,718040000.0
ESTA,Establishment Labs Holdings Inc,Healthcare,Medical Devices,,,32.04,31.66,-16.03,5.29,16.03,-24.69,19.04,1.05,-32.53,1.0,530270.0,0.21,65.84,Aug 06/b,102.44,1960000000.0
ESTC,Elastic N.V,Technology,Software - Application,24.27,21.92,31.14,15.130000000000003,-8.05,3.19,4.61,52.2,78.65,1.03,-19.74,1.97,2270000.0,0.02,86.68,Aug 27/a,110.42,9100000000.0
ETD,Ethan Allen Interiors Inc,Consumer Cyclical,"Furnishings, Fixtures & Appliances",13.52,16.53,-3.54,-8.48,-0.78,3.3099999999999996,13.24,9.67,9.43,1.03,-18.11,3.33,611120.0,0.01,21.08,Jul 29/a,22.0,531309999.99999994
ETON,Eton Pharmaceuticals Inc,Healthcare,Drug Manufacturers - Specialty & Generic,150.85,27.17,467.42999999999995,98.59,-29.99,9.34,5.68,55.32,145.48,0.88,-14.04,1.0,568560.0,0.14,57.05,Aug 13/a,71.0,1630000000.0
ETRA,Electra Therapeutics Inc,Healthcare,Biotechnology,,,,,,,,,,,-25.480000000000004,,1360000.0,0.0,11.55,-,,724960000.0
ETSY,Etsy Inc,Consumer Cyclical,Internet Retail,40.38,15.03,-295.65,-0.65,-47.44,3.83,11.36,-13.83,45.09,1.85,-21.98,2.4,3060000.0,0.04,68.64,Aug 05/a,89.11,6300000000.0
EU,enCore Energy Corp,Energy,Uranium,,,-531.36,328.38,17.56,4.27,21.12,-7.64,-31.370000000000005,1.69,-70.65,1.0,4920000.0,0.01,1.23,Aug 13/b,2.98,238660000.0
EVC,Entravision Communications Corp,Communication Services,Advertising Agencies,339.91,,597.14,126.24,-13.059999999999999,19.92,12.34,-38.4,143.75,1.73,-46.07,1.0,1580000.0,0.0,7.41,Aug 10/a,3.5,683860000.0
EVER,EverQuote Inc,Communication Services,Internet Content & Information,6.13,8.25,37.21,24.55,-1.19,4.01,25.02,-19.33,23.9,0.65,-34.49,1.62,770420.0,0.06,18.82,Aug 03/a,29.5,663210000.0
EVEX,Eve Holding Inc,Industrials,Aerospace & Defense,,,54.32,,0.0,1.86,13.01,-10.34,-9.98,1.18,-57.60000000000001,1.6,1030000.0,0.01,2.19,Aug 04/b,6.29,762350000.0
EVGO,EVgo Inc,Consumer Cyclical,Specialty Retail,,,-52.07000000000001,-15.689999999999998,0.0,2.14,30.08,-26.06,-19.19,2.86,-73.17,1.89,3780000.0,0.02,1.39,Aug 05/b,3.07,437180000.0
EVH,Evolent Health Inc,Healthcare,Health Information Services,,10.14,42.84,46.86,-0.61,-3.11,13.74,-34.48,51.68000000000001,1.0,-60.35,1.43,3080000.0,0.0,3.61,Aug 06/b,5.75,408140000.0
EVLV,Evolv Technologies Holdings Inc,Industrials,Security & Protection Services,,,78.96,34.44,-3.58,1.07,6.53,-13.19,-15.299999999999999,1.73,-44.72,1.0,2089999.9999999998,0.16,4.87,Aug 11/a,9.85,882080000.0
EVMN,Evommune Inc,Healthcare,Biotechnology,,,-97.87,,-0.58,-1.24,13.76,-66.28,-64.13,,-74.43,1.42,866990.0,0.0,8.49,Aug 06/a,24.0,308120000.0
EVR,Evercore Inc,Financial,Capital Markets,14.7,11.51,-1.79,19.15,-0.77,0.25,3.04,-22.32,-6.819999999999999,1.5,-33.11,1.91,504380.0,0.01,260.01,Jul 29/b,370.67,10000000000.0
EWTX,Edgewise Therapeutics Inc,Healthcare,Biotechnology,,,-54.67999999999999,,-1.35,-0.76,11.65,-3.95,27.440000000000005,0.35,-18.98,1.31,1320000.0,0.01,39.3,Aug 06/b,52.62,4269999999.9999995
EXFY,Expensify Inc,Technology,Software - Application,,22.1,57.67,-5.31,-0.53,-10.06,2.17,25.569999999999997,172.57,1.73,-21.35,2.33,1060000.0,0.0,2.21,Aug 06/a,2.83,201520000.0
EXLS,ExlService Holdings Inc,Technology,Information Technology Services,21.95,13.41,4.92,15.61,-1.07,1.35,6.71,36.21,16.72,0.83,-21.41,1.18,2420000.0,0.0,34.83,Jul 28/a,44.62,5280000000.0
EXPO,Exponent Inc,Industrials,Engineering & Construction,28.81,24.39,16.39,20.89,-4.31,-2.51,6.57,7.5,-0.45000000000000007,0.69,-21.68,1.6,503590.0,0.07,64.18,Jul 30/a,84.0,3050000000.0
EXTR,Extreme Networks Inc,Technology,Communication Equipment,65.1,13.44,329.59,10.28,-15.93,0.9899999999999999,6.03,-36.09,33.94,1.75,-39.4,1.25,1730000.0,0.0,20.44,Aug 05/b,33.5,2700000000.0
EXYN,Exyn Technologies Inc,Technology,Software - Infrastructure,,,,,0.0,14.719999999999999,3.56,-55.43,,,-68.06,1.0,647790.0,0.05,2.3,Aug 19/a,10.0,18290000.0
EYE,National Vision Holdings Inc,Consumer Cyclical,Specialty Retail,26.71,13.68,41.28,2.55,2.22,3.3000000000000003,20.42,-12.35,-39.74,0.98,-44.94,1.58,2150000.0,0.0,16.53,Aug 12/b,28.18,1310000000.0
EYPT,EyePoint Inc,Healthcare,Biotechnology,,,-28.449999999999996,-90.49,0.06,8.51,24.54,-74.15,-70.83,1.65,-80.92,1.92,3840000.0,0.03,3.65,Aug 06/b,25.55,314400000.0
EZPW,EZCorp Inc,Financial,Credit Services,15.84,14.3,39.52,34.65,-1.16,0.64,22.59,-4.18,23.26,0.7,-16.07,1.33,985110.0,0.0,31.16,Aug 05/a,40.67,1910000000.0
EZRA,Reliance Global Group Inc,Financial,Insurance Brokers,,,90.38,-31.620000000000005,-5.8,2.82,1.62,-21.87,-59.07,0.28,-94.81,1.0,1830000.0,0.0,2.68,-,4760.0,4500000.0
FA,First Advantage Corp,Industrials,Specialty Business Services,136.93,13.16,5322.22,14.88,-11.79,5.84,13.18,9.27,77.58,1.1,-21.27,1.9,1930000.0,0.0,19.8,Aug 06/b,26.25,3400000000.0
FAF,First American Financial Corp,Financial,Insurance - Specialty,9.09,9.12,50.72,14.99,-0.4,1.92,6.15,-4.55,12.28,1.24,-17.8,1.38,799190.0,0.0,65.65,Oct 21/a,87.67,6700000000.0
FATE,Fate Therapeutics Inc,Healthcare,Biotechnology,,,12.839999999999998,9.18,-2.39,-1.8799999999999997,8.22,-2.39,101.88999999999999,2.53,-26.87,1.91,2460000.0,0.0,2.36,Aug 13/b,6.19,283030000.0
FBDT,First Breach Inc,Industrials,Aerospace & Defense,,,,,0.66,,1.4,,,,-90.02,,4370000.0,0.26,1.2,-,,66790000.00000001
FBIN,Fortune Brands Innovations Inc,Industrials,Building Products & Equipment,31.43,11.57,-122.7,-4.11,57.65,0.9899999999999999,6.5,-23.85,1.68,1.29,-40.14,2.33,2540000.0,0.0,38.81,Aug 04/a,56.36,4630000000.0
FBIO,Fortress Biotech Inc,Healthcare,Biotechnology,0.86,,-117.40000000000002,14.04,0.0,3.06,22.16,-22.29,-16.94,1.23,-49.4,1.0,534000.0,0.03,2.29,Aug 13/a,5.0,76450000.0
FBP,First Bancorp PR,Financial,Banks - Regional,11.41,10.62,25.64,4.7,-1.42,-2.79,4.92,2.66,27.76,0.83,-9.44,1.57,1410000.0,0.0,27.06,Oct 22/b,31.71,4130000000.0
FBRT,Franklin BSP Realty Trust Inc,Real Estate,REIT - Mortgage,15.85,6.2,-37.77,15.5,2.08,-2.06,8.98,-14.48,-16.53,1.06,-38.56,1.8,1760000.0,0.0,6.97,Jul 29/a,11.67,578830000.0
FCEL,Fuelcell Energy Inc,Industrials,Electrical Equipment & Parts,,,83.0,-29.4,0.9899999999999999,33.4,32.72,-45.37,149.31,2.46,-57.02,2.27,9670000.0,0.07,16.28,Sep 02/b,20.78,1300000000.0
FCF,First Commonwealth Financial Corp,Financial,Banks - Regional,12.8,10.64,36.59,0.6,-6.87,1.21,3.91,1.8500000000000003,19.83,0.75,-6.41,1.83,844900.0,0.0,20.91,Jul 28/a,24.08,2109999999.9999998
FCPT,Four Corners Property Trust Inc,Real Estate,REIT - Retail,20.13,19.33,-1.12,7.6499999999999995,0.26,0.2,4.2,-12.46,-6.370000000000001,0.8,-17.35,2.2,904300.0,0.0,22.2,Jul 29/a,27.7,2440000000.0
FCUV,Focus Universal Inc,Technology,Scientific & Technical Instruments,,,66.36,1811.04,0.0,6.23,3.01,20.78,-70.12,-0.29,-97.82,,2009999.9999999998,0.01,4.58,-,4.5,4500000.0
FDMT,4D Molecular Therapeutics Inc,Healthcare,Biotechnology,,,-6.2,25106.67,-6.890000000000001,16.38,23.82,11.88,54.449999999999996,2.74,-14.88,1.27,939400.0,0.02,14.41,Aug 13/a,28.0,796070000.0
FDS,Factset Research Systems Inc,Financial,Financial Data & Stock Exchanges,17.94,13.78,-9.62,6.39,0.0,5.0,10.84,16.52,37.26,0.75,-15.06,3.14,906110.0,0.0,272.22,Sep 30/b,276.5,9680000000.0
FEAM,5E Advanced Materials Inc,Basic Materials,Specialty Chemicals,,,54.38000000000001,,0.0,0.76,1.78,97.89,114.5,1.95,-62.529999999999994,1.0,716760.0,0.06,2.81,May 12/a,3.75,117030000.0
FEMY,Femasys Inc,Healthcare,Medical Instruments & Supplies,,,58.08,-18.92,17.06,33.61,7.57,-34.74,-75.11,-2.2,-88.83,1.0,709980.0,0.0,2.48,Aug 14/a,14.33,20770000.0
FFAI,Faraday Future Intelligent Electric Inc,Consumer Cyclical,Auto Manufacturers,,,90.36,1448.15,-15.67,0.78,17.8,-95.47,-95.14,5.74,-99.3,1.5,1360000.0,13.04,1.76,Aug 13/a,48.0,10780000.0
FFBC,First Financial Bancorp,Financial,Banks - Regional,11.45,9.47,-0.34,12.98,-4.74,1.06,5.9,-4.09,16.97,0.94,-10.61,2.0,992050.0,0.0,32.4,Jul 21/a,37.86,3400000000.0
FFIN,First Financial Bankshares Inc,Financial,Banks - Regional,17.19,14.94,7.61,8.43,-0.19,3.6799999999999997,6.53,-6.61,11.07,0.83,-11.83,2.71,806390.0,0.0,32.2,Jul 16/a,36.57,4620000000.0
FG,F&G Annuities & Life Inc,Financial,Insurance - Life,7.72,4.53,-338.55,2.02,0.0,1.6500000000000001,3.13,-18.65,-9.27,1.25,-37.85,2.67,642040.0,0.0,21.96,Aug 05/a,27.0,2870000000.0
FGI,FGI Industries Ltd,Consumer Cyclical,"Furnishings, Fixtures & Appliances",,18.8,200.53,2.86,0.0,0.15,9.81,75.29,96.86,2.3,-62.27,1.0,1720000.0,0.0,7.52,Aug 12/a,13.0,14520000.0
FHB,First Hawaiian INC,Financial,Banks - Regional,10.96,10.05,3.04,0.71,0.0,4.11,9.77,-14.550000000000002,2.68,0.75,-17.43,3.45,2270000.0,0.0,25.25,Jul 24/b,30.78,3070000000.0
FHI,Federated Hermes Inc,Financial,Asset Management,10.75,9.72,19.61,18.21,-1.1,1.37,6.23,0.5,0.84,0.64,-13.96,2.89,606110.0,0.0,57.82,Jul 30/a,61.57,4320000000.0
FIBK,First Interstate BancSystem Inc,Financial,Banks - Regional,11.33,12.87,24.97,-7.8,-0.9199999999999999,-2.32,12.21,-4.85,11.92,0.7,-9.56,3.44,1160000.0,0.0,36.72,Jul 23/a,37.25,3500000000.0
FIGR,Figure Technology Solutions Inc,Financial,Capital Markets,37.39,20.36,150.25,84.85,-0.53,11.09,11.21,16.97,2.14,0.42,-59.41,1.56,4179999.9999999995,0.04,31.66,Aug 13/b,53.22,7100000000.0
FIGS,Figs Inc,Consumer Cyclical,Apparel Manufacturing,41.46,35.38,253.77,28.809999999999995,-0.83,2.96,11.08,20.94,-8.84,1.06,-23.34,2.12,2980000.0,0.08,13.4,Aug 06/a,18.14,2230000000.0
FIP,FTAI Infrastructure Inc,Industrials,Conglomerates,,,-92.91,56.60000000000001,0.1,-0.58,17.75,-25.55,-32.93,1.9,-51.47999999999999,1.0,1300000.0,0.14,3.25,Aug 05/a,9.94,383630000.0
FIRY,Firy Inc,Communication Services,Electronic Gaming & Multimedia,,,-31.61,22.92,0.0,16.61,17.57,22.93,427.20000000000005,4.66,-37.0,2.0,503230.0,0.0,12.6,Aug 13/a,2.5,209440000.0
FIVN,Five9 Inc,Technology,Software - Infrastructure,52.14,9.31,203.08,10.3,-4.83,9.75,12.24,67.7,147.54,1.54,-10.7,1.75,2630000.0,0.01,35.72,Aug 06/a,35.55,2670000000.0
FJDI,ARC Group Securities Acquisition I,Financial,Shell Companies,,,,,0.0,,,,,,-0.51,,537000.0,0.0,9.85,-,,159870000.0
FJET,Starfighters Space Inc,Industrials,Aerospace & Defense,,,-339.89,,-6.69,30.64,11.8,-66.79,-69.09,,-94.06,,1160000.0,0.23,1.87,-,,102840000.0
FLG,Flagstar Bank NA,Financial,Banks - Regional,612.38,9.41,129.22,-13.77,0.0,-6.13,13.26,-17.31,-5.21,1.04,-19.88,1.79,4500000.0,0.01,12.37,Jul 24/b,16.08,5130000000.0
FLNC,Fluence Energy Inc,Utilities,Utilities - Renewable,,,-798.82,7.85,-35.49,6.7299999999999995,25.18,-59.84,-45.65,2.74,-77.05,3.04,8160000.0,0.22,7.69,Aug 05/a,10.24,1420000000.0
FLO,Flowers Foods Inc,Consumer Defensive,Packaged Foods,22.45,7.91,-30.510000000000005,-4.02,-1.26,26.25,23.71,-28.07,-31.069999999999997,0.42,-56.39999999999999,3.12,7090000.0,0.01,5.79,Aug 20/a,8.58,1230000000.0
FLOC,Flowco Holdings Inc,Energy,Oil & Gas Equipment & Services,22.68,11.34,371.19,22.07,-8.01,8.84,9.7,-11.66,-12.34,0.96,-31.85,1.2,629580.0,0.0,19.14,Aug 11/b,30.56,1730000000.0
FLR,Fluor Corp,Industrials,Engineering & Construction,,14.95,-94.54,8.82,-0.15,1.39,7.83,-6.78,9.5,1.27,-14.16,2.27,2400000.0,0.02,50.09,Aug 07/b,63.36,6700000000.0
FLS,Flowserve Corp,Industrials,Specialty Industrial Machinery,25.89,15.88,24.16,-1.59,0.44,13.320000000000002,6.27,1.7399999999999998,1.3,1.24,-20.12,1.79,1750000.0,0.0,73.82,Jul 29/a,89.1,9380000000.0
FLY,Firefly Aerospace Inc,Industrials,Aerospace & Defense,,,-2.13,656.85,-11.11,19.92,10.75,-17.25,1.4,0.65,-61.34,1.6,3410000.0,0.13,24.04,Aug 11/a,38.6,4019999999.9999995
FLYE,Fly-E Group Inc,Consumer Cyclical,Auto Manufacturers,,,59.77,-48.42,0.0,1.6,0.74,-36.2,-32.35,-0.68,-93.59,,1380000.0,0.01,1.41,-,,2300000.0
FLYW,Flywire Corp,Technology,Software - Infrastructure,65.93,24.7,32.39,27.18,-14.38,9.34,10.39,-1.25,52.99,1.35,-11.91,1.87,1870000.0,0.0,17.38,Aug 04/a,21.29,2109999999.9999998
FMC,FMC Corp,Basic Materials,Agricultural Inputs,,5.76,-381.12,-17.46,-0.07,7.61,28.84,-17.55,-39.63,0.44,-72.02,2.65,3990000.0,0.03,9.52,Jul 29/a,13.55,1480000000.0
FNB,F.N.B. Corp,Financial,Banks - Regional,10.42,9.33,16.16,0.15,-0.4,4.49,6.35,-8.74,8.13,0.88,-10.69,1.7,4680000.0,0.0,17.5,Jul 16/a,20.55,6180000000.0
FND,Floor & Decor Holdings Inc,Consumer Cyclical,Home Improvement Retail,21.91,21.35,52.04,2.97,-6.23,0.03,12.45,-19.8,-6.6000000000000005,1.59,-39.64,2.72,2460000.0,0.0,46.95,Jul 30/a,58.58,5000000000.0
FNKO,Funko Inc,Consumer Cyclical,Leisure,,23.66,135.94,7.37,-1.31,-1.55,16.73,-6.460000000000001,87.71,0.94,-25.17,1.5,1060000.0,0.01,5.5,Aug 06/a,7.88,308480000.0
FORM,FormFactor Inc,Technology,Semiconductor Equipment & Materials,86.51,33.67,502.47,31.89,-13.390000000000002,-4.2,4.15,-12.47,28.859999999999996,1.23,-21.26,1.8,1470000.0,0.05,126.19,Jul 29/a,149.29,9860000000.0
FOSL,Fossil Group Inc,Consumer Cyclical,Footwear & Accessories,,25.92,-320.56,-4.86,-0.93,17.74,13.03,42.98,54.120000000000005,1.6,-5.63,1.0,941000.0,0.0,6.13,Aug 12/a,9.0,362760000.0
FOUR,Shift4 Payments Inc,Technology,Software - Infrastructure,63.22,6.28,-72.95,34.03,1.69,-2.83,26.72,-18.52,-11.65,1.37,-51.46999999999999,2.08,1740000.0,0.06,39.3,Aug 06/b,54.41,3100000000.0
FOXF,Fox Factory Holding Corp,Consumer Cyclical,Auto Parts,,10.36,46.88,-4.47,0.0,0.1,6.94,6.69,14.469999999999999,1.41,-25.81,2.57,545320.0,0.02,19.3,Aug 06/a,21.83,811190000.0
FPI,Farmland Partners Inc,Real Estate,REIT - Specialty,23.82,56.26,-49.47,-5.65,0.06,0.25,9.38,12.28,0.83,0.69,-17.05,3.0,512500.0,0.07,10.97,Jul 29/a,10.5,478630000.0
FR,First Industrial Realty Trust Inc,Real Estate,REIT - Industrial,22.27,31.62,39.51,8.2,0.0,-1.66,3.44,-3.47,6.98,1.04,-12.46,1.88,1060000.0,0.0,61.17,Jul 22/a,72.25,8380000000.000001
FRMI,Fermi Inc,Real Estate,REIT - Specialty,,69.01,-8000.0,,-4.47,40.84,19.15,-52.739999999999995,-27.73,,-87.93,1.44,18660000.0,0.06,4.47,Aug 13/b,14.67,2860000000.0
FRNM,Freenome Inc,Healthcare,Diagnostics & Research,,,-116.28,,0.0,7.1,2.23,46.29,47.92,0.46,-8.63,1.0,753750.0,0.0,15.99,Sep 02,18.0,1720000000.0
FRPT,Freshpet Inc,Consumer Defensive,Packaged Foods,15.26,32.68,19.15,15.45,-30.59,4.89,16.61,0.84,-1.5,1.76,-32.66,1.68,1300000.0,0.0,57.91,Aug 05/b,83.2,2780000000.0
FRSH,Freshworks Inc,Technology,Software - Application,19.01,14.96,301.69,15.98,-0.12,1.42,11.43,21.55,57.69,0.9,-11.29,2.05,11520000.0,0.0,12.41,Aug 04/a,14.64,3240000000.0
FRT,Federal Realty Investment Trust,Real Estate,REIT - Retail,22.31,34.18,-45.65,7.76,0.0,1.87,4.28,-11.88,7.44,0.93,-13.8,1.75,840840.0,0.0,110.52,Jul 31/b,131.28,9660000000.0
FRVO,Fervo Energy Co,Utilities,Utilities - Renewable,,,,,0.0,83.87,9.69,-51.86999999999999,,,-64.15,1.21,4980000.0,0.18,15.29,Aug 12/b,39.07,4510000000.0
FSCO,FS Credit Opportunities Corp,Financial,Closed-End Fund - Debt,,,,,18.27,,1.02,3.65,0.9899999999999999,0.34,-28.53,,896190.0,0.03,5.11,Aug 25/a,,1030000000.0
FSK,FS KKR Capital Corp,Financial,Asset Management,,7.41,83.73,-18.08,0.01,,5.4,5.94,13.419999999999998,0.91,-30.620000000000005,2.8,2150000.0,0.01,11.24,Aug 06/b,12.17,3110000000.0
FSLY,Fastly Inc,Technology,Software - Application,,38.84,61.59,23.27,-12.39,9.21,14.53,36.11,-10.68,0.32,-29.64,2.38,6500000.0,0.09,24.5,Aug 05/a,27.9,3900000000.0
FTDR,Frontdoor Inc,Consumer Cyclical,Personal Services,19.36,14.08,18.32,4.54,-7.48,-0.33,4.91,-3.7900000000000005,36.37,1.52,-21.71,2.0,578900.0,0.05,73.15,Aug 06/b,97.4,5040000000.0
FTFT,Future FinTech Group Inc,Technology,Software - Application,,,-112.99999999999999,-44.92,0.0,,17.45,-64.1,-77.86,1.77,-97.26,2.0,5190000.0,0.01,4.25,-,14.3,34340000.0
FTK,Flotek Industries Inc,Energy,Oil & Gas Equipment & Services,29.91,26.76,430.11999999999995,70.29,-4.51,3.88,24.96,30.95,70.49,1.44,-25.129999999999995,1.0,509250.0,0.0,29.7,Aug 04/a,39.42,1080000000.0
FTRE,Fortrea Holdings Inc,Healthcare,Biotechnology,,18.52,96.64,-4.52,-20.56,0.33,13.33,12.44,117.19999999999999,1.94,-7.9,2.46,1430000.0,0.0,19.7,Jul 29/b,21.25,1870000000.0
FUBO,fuboTV Inc,Communication Services,Broadcasting,2.24,,10.99,289.96,-6.49,1.82,20.97,2.18,4.17,2.41,-81.65,1.4,1460000.0,0.07,9.67,Aug 05/b,17.0,1060000000.0
FUL,H.B. Fuller Company,Basic Materials,Specialty Chemicals,13.94,9.53,18.45,5.17,-2.16,-2.84,5.46,-20.85,-12.16,0.98,-27.060000000000002,1.67,783770.0,0.0,50.06,Sep 23/a,69.71,2690000000.0
FULC,Fulcrum Therapeutics Inc,Healthcare,Biotechnology,,,-24.16,,18.4,-8.6,9.76,-1.58,-46.11,2.62,-76.24,3.0,1670000.0,0.0,3.74,Aug 05,4.0,285350000.0
FULT,Fulton Financial Corp,Financial,Banks - Regional,11.12,10.05,-1.58,7.580000000000001,-2.57,6.16,5.41,-3.85,17.99,0.8,-7.969999999999999,2.5,1760000.0,0.12,23.22,Jul 22/a,25.69,4430000000.0
FUN,Six Flags Entertainment Corp,Consumer Cyclical,Leisure,,,-101.18,-7.04,10.14,-4.33,21.55,-38.28,-23.55,0.42,-53.64,1.94,2250000.0,0.01,12.69,Aug 06/b,21.07,1300000000.0
FWDI,Forward Industries Inc,Financial,Capital Markets,,38.25,-2.96,332.09,0.0,1.44,10.14,92.0,89.33,0.87,-73.46,1.0,1790000.0,0.39,8.16,Aug 12/a,11.83,602590000.0
FWRD,Forward Air Corp,Industrials,Integrated Freight & Logistics,,61.93,-1443.46,8.76,0.0,-0.53,7.67,1.29,-10.0,1.41,-53.12,2.2,655930.0,0.0,14.62,Aug 05/a,28.0,493740000.0
FWRG,First Watch Restaurant Group Inc,Consumer Cyclical,Restaurants,35.4,39.49,11.9,15.2,0.0,-3.66,10.82,-22.9,-3.01,1.03,-46.87,1.0,1150000.0,0.0,10.0,Aug 04/b,19.5,617120000.0
G,Genpact Ltd,Technology,Information Technology Services,9.86,7.33,14.069999999999999,8.35,-0.43,1.8799999999999997,7.13,18.85,-9.51,0.57,-31.95,2.29,2280000.0,0.0,33.1,Aug 06/a,42.18,5560000000.0
GAB,Gabelli Equity Trust Inc,Financial,Closed-End Fund - Equity,,,,,58.46,,0.14,-6.849999999999999,-3.81,0.74,-15.329999999999998,,870290.0,0.01,5.3,-,,1820000000.0
GALT,Galectin Therapeutics Inc,Healthcare,Biotechnology,,,-16.57,,-0.2,7.16,19.63,-21.84,39.29,0.38,-45.3,1.0,546340.0,0.0,3.9,Aug 14/b,11.0,393310000.0
GANX,Gain Therapeutics Inc,Healthcare,Biotechnology,,,43.08,,0.0,1.21,6.82,-7.16,0.45000000000000007,0.19,-57.65,1.0,751760.0,0.0,1.84,Aug 11/b,7.2,80230000.0
GAP,Gap Inc,Consumer Cyclical,Apparel Retail,6.5,8.23,142.85,-1.9900000000000002,-0.29,-5.95,11.32,16.23,-12.0,2.04,-25.85,2.21,7370000.0,0.0,21.77,Aug 27/a,26.67,7650000000.0
GBCI,Glacier Bancorp Inc,Financial,Banks - Regional,18.34,12.48,66.33,19.12,0.36,2.95,7.44,-13.69,3.08,0.76,-17.89,1.5,1150000.0,0.0,44.81,Jul 23/a,56.5,5830000000.0
GBDC,Golub Capital BDC Inc,Financial,Asset Management,19.18,9.74,-35.14,-19.23,-28.190000000000005,,5.37,-2.5,1.63,0.45,-13.5,1.29,1180000.0,0.01,12.46,Aug 03/a,13.62,3240000000.0
GBTG,Global Business Travel Group Inc,Consumer Cyclical,Travel Services,62.14,20.79,5.11,37.88,-1.22,-0.31,2.23,6.280000000000001,87.24,0.96,4.39,2.75,1780000.0,0.0,9.98,Aug 04/b,9.5,5210000000.0
GCMG,GCM Grosvenor Inc,Financial,Asset Management,25.38,12.14,136.14,12.950000000000001,-9.94,-0.43,2.02,7.51,38.68,0.88,-11.84,1.4,523919.99999999994,0.0,13.11,Aug 10/b,15.5,2660000000.0
GCT,GigaCloud Technology Inc,Technology,Software - Infrastructure,12.58,11.17,27.76,27.6,-1.48,12.72,13.02,63.9,27.72,1.64,-5.6,1.0,658860.0,0.07,53.12,Aug 06/b,65.5,1900000000.0
GCTK,GlucoTrack Inc,Healthcare,Medical Devices,,,92.08,,0.0,,15.1,-61.86000000000001,-87.98,0.67,-98.69,,2020000.0,0.66,1.78,-,,1420000.0
GCTS,GCT Semiconductor Holding Inc,Technology,Semiconductors,,,5.73,-17.85,0.0,12.3,13.8,-15.229999999999999,93.75,1.8,-44.78,1.0,2029999.9999999998,0.36,2.17,Aug 10/a,3.2,199570000.0
GDC,GD Culture Group Limited,Communication Services,Electronic Gaming & Multimedia,,,-118.40000000000002,,0.0,2.98,11.61,-44.5,-99.8,1.97,-99.93,,1390000.0,0.19,1.38,-,,5750000.0
GDRX,GoodRx Holdings Inc,Healthcare,Health Information Services,70.7,9.4,-31.94,-1.31,-1.08,0.27,5.36,16.84,71.65,1.69,-42.68,2.73,1320000.0,0.01,3.33,Aug 05/a,3.95,1140000000.0
GDYN,Grid Dynamics Holdings Inc,Technology,Information Technology Services,226.32,14.7,-43.61,6.99,-0.08,-8.26,7.29,42.28,40.22,0.97,-24.19,1.33,1770000.0,0.0,7.74,Jul 30/a,9.2,627920000.0
GEMI,Gemini Space Station Inc,Financial,Capital Markets,,,21.93,-47.66,-0.03,6.619999999999999,27.82,28.37,32.12,2.59,-79.7,2.78,2300000.0,0.06,5.43,Aug 13/a,5.19,704010000.0
GENB,Generate Biomedicines Inc,Healthcare,Biotechnology,,,,,0.0,6.79,13.0,-11.3,31.120000000000005,,-33.83,1.0,1090000.0,0.12,15.0,Aug 06/b,27.0,1930000000.0
GEO,Geo Group Inc,Industrials,Security & Protection Services,14.91,17.66,73.65,15.079999999999998,-0.5,-3.09,7.65,7.3,89.17,0.77,-4.65,1.0,2049999.9999999998,0.0,31.61,Aug 06/b,37.75,4160000000.0
GERN,Geron Corp,Healthcare,Biotechnology,,17.16,-1.22,17.22,0.0,-0.16,13.05,-2.33,-9.31,0.59,-36.83,1.4,10760000.0,0.0,1.27,Aug 05/b,4.25,815750000.0
GEVO,Gevo Inc,Basic Materials,Specialty Chemicals,,,-8302.2,7.109999999999999,-8.63,1.95,10.28,-3.4000000000000004,-43.65,1.12,-52.190000000000005,1.8,3200000.0,0.02,1.42,Aug 06/a,5.34,351070000.0
GGN,GAMCO Global Gold Natural Resources & Income Trust,Financial,Closed-End Fund - Equity,,,,,,,0.04,10.54,1.47,0.32,-9.49,,526100.0,0.01,5.32,-,,830680000.0
GIII,G-III Apparel Group Ltd,Consumer Cyclical,Apparel Manufacturing,8.94,11.33,84.28,-9.65,0.56,3.11,21.96,-20.38,0.86,1.26,-27.750000000000004,1.67,619620.0,0.0,27.12,Sep 02/b,37.33,1160000000.0
GKOS,Glaukos Corp,Healthcare,Medical Devices,,302.45,9.08,49.54,-6.890000000000001,3.55,7.36,7.6,48.28,0.69,-20.15,1.27,817770.0,0.0,153.0,Jul 29/a,198.69,9020000000.0
GLAS,Glass House Brands Inc,Healthcare,Drug Manufacturers - Specialty & Generic,,31.75,-276.47,-21.46,-0.04,24.81,0.3,-44.25,-12.689999999999998,0.73,-50.61,1.0,544930.0,0.08,6.88,Aug 13/a,16.0,532720000.0
GLIBK,Liberty Capital Corp,Communication Services,Telecom Services,,,-54.27000000000001,0.0,7.85,,8.89,11.51,-36.07,-1.03,-42.81,,526550.0,0.0,23.55,Aug 06/b,,941110000.0
GLND,Greenland Energy Co,Energy,Oil & Gas E&P,,,-601.95,,1.05,39.58,4.49,117.47000000000001,-37.75,-4.15,-77.78,1.0,10500000.0,4.42,5.11,-,6.0,223490000.0
GLOO,Gloo Holdings Inc,Technology,Software - Application,,,54.02,187.97,3.4300000000000006,4.03,1.15,5.54,-3.64,,-52.31,1.0,608880.0,0.44,4.76,Sep 09/a,11.17,435680000.0
GLUE,Monte Rosa Therapeutics Inc,Healthcare,Biotechnology,,,-185.83,-61.33,-0.55,5.83,32.02,-50.0,-22.3,1.36,-53.63,1.0,1390000.0,0.0,11.95,Aug 06/b,28.5,1020000000.0
GLXY,Galaxy Digital Inc,Financial,Capital Markets,,,-191.71,-73.19,-5.29,3.39,16.56,-16.61,32.17,3.75,-48.19,1.25,6290000.0,0.09,23.79,Aug 05/b,40.62,9300000000.0
GMRS,GMR Solutions Inc,Healthcare,Medical Care Facilities,,,,,-11.15,42.08,7.17,-22.55,,,-28.660000000000004,1.38,792240.0,0.0,11.4,Aug 12/a,18.88,615850000.0
GNL,Global Net Lease Inc,Real Estate,REIT - Diversified,,,87.22,-9.95,0.0,2.86,6.07,-4.7,-7.090000000000001,1.01,-15.1,1.89,2530000.0,0.06,8.52,Aug 05/a,10.25,1970000000.0
GNTX,Gentex Corp,Consumer Cyclical,Auto Parts,11.89,10.12,25.53,-1.0,-3.5000000000000004,3.58,8.16,-10.86,3.1300000000000003,0.85,-22.79,2.27,2480000.0,0.0,22.4,Jul 24/b,25.36,4720000000.0
GNW,Genworth Financial Inc,Financial,Insurance - Life,17.9,8.34,-0.4099999999999999,2.29,-3.2199999999999998,-2.85,2.64,-0.32,13.48,0.87,-11.79,1.0,3370000.0,0.0,9.43,Aug 05/a,11.5,3560000000.0
GO,Grocery Outlet Holding Corp,Consumer Defensive,Grocery Stores,,16.7,11.9,1.1,1.87,-2.68,23.29,14.92,57.989999999999995,0.66,-34.26,3.19,2430000.0,0.04,11.17,Aug 12/a,10.75,1110000000.0
GOF,Guggenheim Strategic Opportunities Fund,Financial,Closed-End Fund - Debt,,,,,,,1.01,-21.65,-20.17,0.56,-43.94,,2380000.0,0.09,8.47,-,,1890000000.0
GOGO,Gogo Inc,Communication Services,Telecom Services,,6.57,-115.72,-1.43,0.0,-1.95,17.84,-25.569999999999997,-46.64,1.21,-76.84,2.0,1800000.0,0.01,2.3,Aug 06/b,10.0,311670000.0
GOLD,Gold.com Inc,Financial,Capital Markets,14.56,9.31,-2.15,99.24,5.45,2.49,17.68,5.71,10.24,0.71,-34.85,1.0,539420.0,0.17,42.55,Sep 02/a,64.4,1240000000.0
GPCR,Structure Therapeutics Inc ADR,Healthcare,Biotechnology,,,-36.11,,0.0,1.49,9.51,-28.42,-19.43,-1.47,-61.01,1.12,851730.0,0.06,37.0,Aug 06/a,106.73,2640000000.0
GPGI,GPGI Inc,Industrials,Metal Fabrication,,9.22,167.96,,0.1,6.94,14.39,-25.35,-27.77,0.88,-56.68,3.0,1520000.0,0.0,11.6,Aug 06/b,15.0,3360000000.0
GPK,Graphic Packaging Holding Co,Consumer Cyclical,Packaging & Containers,14.38,8.55,-76.54,-0.73,0.69,2.8,8.02,-11.92,1.63,0.65,-52.410000000000004,3.0,5190000.0,0.0,9.38,Aug 04/b,12.4,2780000000.0
GPRE,Green Plains Inc,Basic Materials,Chemicals,9.98,8.9,175.96,-15.24,0.0,6.08,17.61,0.98,-8.88,1.16,-21.66,2.0,1480000.0,0.01,15.39,Aug 06/b,19.0,1080000000.0
GPRO,GoPro Inc,Technology,Consumer Electronics,,,-186.44,-31.259999999999998,-0.25,21.19,25.32,66.15,98.47,2.49,-53.47,5.0,33580000.0,0.08,1.27,Aug 10/a,0.5,237700000.0
GRAL,GRAIL Inc,Healthcare,Diagnostics & Research,,,19.7,25.72,-10.32,5.5,20.41,85.25,161.27,3.15,-0.77,2.33,861910.0,0.35,126.69,Aug 05/a,97.4,5660000000.0
GRML,Greenland Mines Ltd,Basic Materials,Other Precious Metals & Mining,,,75.84,,190.65,3.61,17.72,7.290000000000001,-5.69,2.37,-62.4,1.0,7260000.0,1.45,13.91,-,110.0,44230000.0
GRND,Grindr Inc,Technology,Software - Application,31.19,20.33,18.97,32.54,-0.48,-2.4,28.37,10.87,28.7,0.19,-13.459999999999999,1.33,1590000.0,0.0,16.01,Aug 06/a,20.8,2780000000.0
GRNT,Granite Ridge Resources Inc,Energy,Oil & Gas E&P,,6.33,19.0,36.67,0.28,4.83,8.92,0.0,-23.97,0.19,-27.750000000000004,1.57,1150000.0,0.06,4.44,Aug 06/a,7.93,585640000.0
GRPN,Groupon Inc,Communication Services,Internet Content & Information,,24.42,-109.93000000000002,-0.8199999999999998,0.0,-2.75,39.89,-11.02,100.57000000000001,0.19,-29.76,2.75,1430000.0,0.0,21.0,Aug 06/a,30.67,853970000.0
GSBD,Goldman Sachs BDC Inc,Financial,Asset Management,18.62,8.14,-37.23,977.6299999999999,37.32,,5.73,-0.84,7.1,0.67,-11.06,3.6,911460.0,0.01,9.6,Aug 06/a,9.19,1080000000.0
GSHD,Goosehead Insurance Inc,Financial,Insurance Brokers,33.01,16.88,122.15,20.59,-6.309999999999999,-3.1300000000000003,9.68,-5.59,10.22,1.43,-43.27,2.4,511430.0,0.0,45.3,Jul 22/a,68.29,1610000000.0
GSIT,GSI Technology Inc,Technology,Semiconductors,,,-56.08,0.45999999999999996,-7.66,16.4,12.57,-21.02,2.66,2.1,-70.19,1.0,710340.0,0.03,5.41,Jul 30/a,9.0,207920000.0
GT,Goodyear Tire & Rubber Co,Consumer Cyclical,Auto Parts,,20.95,-180.59,-4.82,0.0,-0.4099999999999999,17.72,-22.59,-20.19,1.2,-51.6,2.25,10060000.0,0.01,5.14,Aug 05/a,7.8,1480000000.0
GTES,Gates Industrial Corp Ltd,Industrials,Specialty Industrial Machinery,19.02,13.9,206.28000000000003,6.550000000000001,-0.34,23.75,4.96,-6.7,18.27,1.29,-11.47,1.86,1910000.0,0.0,26.86,Jul 31/b,33.33,6800000000.0
GTLB,Gitlab Inc,Technology,Software - Infrastructure,,44.5,-293.51,21.31,-1.6,1.34,9.94,54.84,127.12999999999998,0.99,-16.8,2.52,4740000.0,0.03,46.22,Sep 01/a,55.71,7700000000.0
GTM,ZoomInfo Technologies Inc,Technology,Software - Application,,3.26,-3081.86,1.21,-0.11,-10.97,15.1,26.13,-35.61,0.87,-70.08,3.36,7640000.0,0.0,3.68,Aug 05/a,4.63,1070000000.0000001
GTN,Gray Media Inc,Communication Services,Broadcasting,,,129.52,8.68,-0.33,-4.77,5.52,20.53,-1.29,1.02,-28.83,2.0,1160000.0,0.0,4.58,Aug 07/b,6.67,479170000.0
GTX,Garrett Motion Inc,Consumer Cyclical,Auto Parts,14.07,11.43,25.009999999999998,6.9,-2.47,-0.31,3.91,-26.68,44.82,0.83,-29.049999999999997,1.5,2620000.0,0.0,25.72,Jul 29/b,36.83,4800000000.0
GTY,Getty Realty Corp,Real Estate,REIT - Retail,17.31,19.82,50.23,10.88,0.0,4.07,10.31,-15.79,-10.77,0.74,-23.09,2.11,578190.0,0.01,28.33,Oct 21/a,35.88,1750000000.0
GVA,Granite Construction Inc,Industrials,Engineering & Construction,,15.4,-549.03,29.299999999999997,-14.91,-3.8599999999999994,8.87,-27.6,-2.59,1.34,-28.999999999999996,1.8,768330.0,0.01,115.08,Jul 30/b,171.67,5040000000.0
GXO,GXO Logistics Inc,Industrials,Integrated Freight & Logistics,39.86,12.77,-4.42,4.3,0.0,3.11,5.9,-10.46,-8.94,1.57,-32.39,1.21,1410000.0,0.0,45.2,Aug 04/a,68.71,5180000000.0
GYGY,Game Your Game Inc,Technology,Software - Infrastructure,,,,,0.0,37.47,,,,,-95.84,,3500000.0,271.97,1.36,-,,19560000.0
HAE,Haemonetics Corp,Healthcare,Medical Devices,51.36,18.23,2.63,5.6,0.0,3.4000000000000004,7.67,36.24,89.66,0.61,-4.66,1.67,716470.0,0.0,105.3,Aug 06/b,111.5,4790000000.0
HAPN,Happen Inc,Financial,Banks - Regional,9.07,6.28,50.24000000000001,31.95,-11.56,0.96,5.68,-26.39,8.58,1.88,-30.5,1.0,1600000.0,0.02,15.06,Jul 27/a,24.75,1740000000.0
HASI,HA Sustainable Infrastructure Capital Inc,Financial,Asset Management,70.51,10.87,21.14,40.97,0.0,3.27,11.17,-7.06,-0.36,1.42,-17.97,1.44,1020000.0,0.0,36.2,Aug 06/a,49.33,4650000000.0
HAWK,HawkEye 360 Inc,Industrials,Aerospace & Defense,,557.63,-356.65,87.07,-0.26,45.55,5.87,-25.759999999999998,,,-54.90999999999999,1.1,1180000.0,0.02,16.11,Aug 13/a,33.0,1580000000.0
HAYW,Hayward Holdings Inc,Industrials,Electrical Equipment & Parts,17.37,13.02,2.28,6.27,-6.709999999999999,-1.03,4.14,-23.41,-6.38,1.17,-28.76,2.3,2990000.0,0.0,12.63,Jul 29/b,17.92,2680000000.0
HBNC,Horizon Bancorp Inc (IN),Financial,Banks - Regional,,8.61,3.56,-1.9799999999999998,-0.59,0.6,4.03,-4.98,17.99,0.83,-8.37,1.4,622250.0,0.0,19.28,Jul 22/a,22.9,989920000.0
HCAT,Health Catalyst Inc,Healthcare,Health Information Services,,215.35,6.88,-12.68,0.36,-7.7,3.44,-8.42,58.18,1.55,-51.86999999999999,2.6,875730.0,0.0,1.74,Aug 06/a,1.77,130949999.99999999
HCC,Warrior Met Coal Inc,Basic Materials,Coking Coal,21.32,10.73,1451.22,70.56,-11.59,3.15,7.37,9.7,-10.6,0.7,-20.44,1.67,673260.0,0.06,88.65,Aug 05/a,109.43,4680000000.0
HCSG,Healthcare Services Group Inc,Healthcare,Medical Care Facilities,12.89,17.97,173.4,2.69,-1.69,-1.08,4.49,-9.74,19.6,0.81,-14.12,1.86,729730.0,0.0,22.11,Jul 22/b,27.0,1520000000.0
HDSN,Hudson Technologies Inc,Basic Materials,Specialty Chemicals,26.87,15.98,-47.91,7.539999999999999,22.1,-5.45,7.82,-3.02,-7.739999999999999,0.82,-47.17,2.0,574310.0,0.1,5.31,Aug 05/a,7.31,223670000.0
HE,Hawaiian Electric Industries Inc,Utilities,Utilities - Regulated Electric,7.03,9.53,370.68,25.900000000000002,0.0,2.41,10.92,-32.94,-37.97,0.49,-47.63,3.75,2200000.0,0.01,9.1,Aug 07/a,9.08,1570000000.0
HESM,Hess Midstream LP,Energy,Oil & Gas Midstream,13.31,12.73,1.27,-3.6699999999999995,0.0,-1.08,5.77,3.35,-3.02,0.55,-6.88,3.57,1150000.0,0.0,38.59,Aug 03/b,37.5,7960000000.0
HGV,Hilton Grand Vacations Inc,Consumer Cyclical,Resorts & Casinos,20.03,6.72,-45.32,7.2700000000000005,-1.71,3.4099999999999997,11.91,-34.12,-6.47,1.6,-36.05,2.27,1120000.0,0.0,35.43,Jul 30/b,55.9,2750000000.0
HIMS,Hims & Hers Health Inc,Healthcare,Drug Manufacturers - Specialty & Generic,,97.71,-320.75,38.25,-1.58,2.08,24.98,-12.7,50.41,2.43,-55.36,2.58,12960000.0,0.11,29.15,Aug 10/a,32.15,6800000000.0
HIVE,HIVE Digital Technologies Ltd,Financial,Capital Markets,,,-395.54,73.47,-20.85,13.56,20.01,-17.28,70.89,3.78,-60.33,1.22,19250000.0,0.07,3.11,Aug 14/a,7.0,853070000.0
HIW,Highwoods Properties Inc,Real Estate,REIT - Office,20.13,43.9,401.14,7.93,0.0,11.75,11.27,0.64,42.95,1.07,-15.079999999999998,2.8,1520000.0,0.0,30.09,Jul 28/a,32.33,3320000000.0
HLF,Herbalife Ltd,Consumer Defensive,Packaged Foods,8.04,4.08,-152.75,5.38,-5.94,-11.56,8.86,-2.67,-13.61,0.8,-38.98,1.6,1640000.0,0.0,12.45,Aug 05/a,18.0,1300000000.0
HLI,Houlihan Lokey Inc,Financial,Capital Markets,21.68,14.86,-18.51,-15.7,-0.02,0.97,4.79,-6.84,-8.55,1.0,-38.18,2.09,918440.0,0.0,129.07,Jul 29/a,153.5,9020000000.0
HLIT,Harmonic Inc,Technology,Communication Equipment,,13.39,-183.79,-3.3099999999999996,-1.77,0.79,5.89,-31.47,15.14,1.32,-38.91,2.29,1670000.0,0.0,10.8,Aug 12/a,16.14,1180000000.0
HLLY,Holley Inc,Consumer Cyclical,Auto Parts,29.27,6.39,-122.27,3.2099999999999995,0.0,1.6099999999999999,4.36,-2.37,-14.24,1.38,-44.87,1.62,1070000.0,0.0,2.47,Aug 05/b,4.58,296750000.0
HLMN,Hillman Solutions Corp,Industrials,Tools & Accessories,34.44,10.34,33.96,9.79,0.12,-2.43,3.07,-14.29,-12.61,1.41,-34.19,1.62,1560000.0,0.0,7.14,Aug 03/a,12.12,1390000000.0
HLNE,Hamilton Lane Inc,Financial,Asset Management,13.05,11.75,50.47999999999999,56.48,1.19,6.77,11.31,14.2,-9.62,1.23,-44.98,1.38,722170.0,0.0,85.65,Aug 04/b,135.0,4730000000.0
HNGE,Hinge Health Inc,Healthcare,Health Information Services,74.29,32.98,107.01,53.0,-14.760000000000002,14.21,9.09,18.4,166.12,1.38,-0.2,1.25,1950000.0,0.0,96.47,Aug 04/a,108.07,7780000000.0
HNI,HNI Corp,Consumer Cyclical,"Furnishings, Fixtures & Appliances",428.79,9.76,-30.75,120.72,-6.819999999999999,5.28,5.99,19.19,34.08,0.92,-10.57,1.0,612830.0,0.0,47.21,Jul 30/b,69.75,3410000000.0
HNRG,Hallador Energy Co,Utilities,Utilities - Independent Power Producers,685.91,25.47,-268.68,2.03,0.36,5.37,10.84,-16.13,-19.19,0.42,-42.52,1.0,758030.0,0.0,14.2,Aug 10/a,27.75,669360000.0
HNST,Honest Company Inc,Consumer Defensive,Household & Personal Products,,46.66,178.76,-10.87,-2.98,3.01,11.75,42.75,80.91,2.31,-13.309999999999999,2.14,2180000.0,0.03,5.21,Aug 05/a,5.2,558970000.0
HOG,Harley-Davidson Inc,Consumer Cyclical,Recreational Vehicles,15.77,13.15,-16.48,-5.86,4.27,0.98,18.0,5.24,30.97,1.31,-12.73,2.7,2340000.0,0.0,25.5,Jul 23/b,28.3,2650000000.0
HOMB,Home Bancshares Inc,Financial,Banks - Regional,12.06,11.2,-1.05,5.42,0.54,3.53,5.31,1.32,10.29,0.71,-8.04,2.2,1730000.0,0.0,29.15,Oct 14/a,33.25,5830000000.0
HOPE,Hope Bancorp Inc,Financial,Banks - Regional,13.97,9.24,218.18,17.81,-1.12,-0.12,5.52,2.39,27.229999999999997,0.85,-4.8,2.2,1030000.0,0.0,13.89,Jul 27/b,15.5,1770000000.0
HOS,Hornbeck Offshore Services Inc,Industrials,Marine Shipping,52.01,14.67,354.29,0.57,0.0,14.610000000000001,5.88,-5.05,-18.12,1.21,-25.7,2.0,1830000.0,0.0,8.27,Aug 06/b,11.67,1840000000.0
HP,Helmerich & Payne Inc,Energy,Oil & Gas Drilling,,27.0,145.34,-0.58,-3.5699999999999994,-1.34,7.61,16.28,7.28,0.68,-19.49,2.71,1270000.0,0.0,38.78,Aug 05/a,44.8,3880000000.0
HPP,Hudson Pacific Properties Inc,Real Estate,REIT - Office,,,43.53,0.31,2.88,7.9,12.71,-18.61,124.11000000000001,1.99,-37.42,2.42,716680.0,0.01,12.55,Aug 05/b,16.82,696250000.0
HQY,Healthequity Inc,Healthcare,Health Information Services,31.87,16.04,14.56,7.6499999999999995,-1.16,3.1,5.96,0.5,6.959999999999999,0.23,-18.0,1.18,860980.0,0.0,88.25,Aug 27/b,119.33,7300000000.0
HR,Healthcare Realty Trust Inc,Real Estate,REIT - Healthcare Facilities,,206.55,71.61,-5.26,-1.6,-0.34,4.74,-11.95,4.94,0.94,-18.1,2.46,3720000.0,0.0,18.05,Jul 30/a,21.42,6190000000.0
HRB,H&R Block Inc,Consumer Cyclical,Personal Services,7.37,6.1,4.45,3.05,0.0,-1.27,14.39,10.39,35.18,0.37,-28.09,3.0,2130000.0,0.01,42.19,Aug 11/a,51.67,5200000000.0
HRI,Herc Holdings Inc,Industrials,Rental & Leasing Services,92.2,12.31,148.62,20.16,0.43,0.56,7.44,-10.51,29.12,2.03,-28.13,1.85,613500.0,0.0,135.36,Jul 28/b,191.64,4530000000.0
HRMY,Harmony Biosciences Holdings Inc,Healthcare,Biotechnology,13.38,9.65,88.57,30.320000000000004,-0.89,-3.42,9.22,16.86,55.61000000000001,1.01,-5.04,1.82,908600.0,0.0,41.3,Aug 04/b,47.36,2410000000.0
HROW,Harrow Inc,Healthcare,Drug Manufacturers - Specialty & Generic,,15.03,-459.56,10.85,0.07,2.06,23.55,-19.73,-2.36,0.16,-39.78,1.0,583870.0,0.02,33.03,Aug 10/a,65.0,1240000000.0
HRZN,Horizon Technology Finance Corp,Financial,Asset Management,14.26,6.35,-13.79,24.28,66.81,,4.44,2.33,16.83,0.99,-29.9,2.33,650040.0,0.01,4.68,Aug 04/a,5.08,313720000.0
HSIC,Henry Schein Inc,Healthcare,Medical Distribution,25.17,14.39,17.18,6.7299999999999995,0.06,1.49,8.01,1.67,17.18,0.84,-6.3,2.17,1230000.0,0.0,86.37,Aug 04/b,99.64,9630000000.0
HTFL,Heartflow Inc,Healthcare,Health Information Services,,,-65.19,47.57,-10.07,33.73,8.68,35.27,90.93,2.73,-9.73,1.5,2000000.0,0.01,47.14,Aug 13/a,46.0,4099999999.9999995
HTGC,Hercules Capital Inc,Financial,Asset Management,8.57,8.75,49.93,96.41,1.19,,5.12,7.93,23.94,0.77,-9.82,1.22,1500000.0,0.03,17.07,Jul 30/a,19.5,3190000000.0
HTLD,Heartland Express Inc,Industrials,Trucking,,21.84,198.35,-12.48,-0.1,1.5,7.5,-26.91,10.57,1.34,-32.07,3.5,732940.0,0.0,11.3,Jul 30/b,13.2,873860000.0
HTZ,Hertz Global Holdings Inc,Industrials,Rental & Leasing Services,,,105.78,9.66,-0.27,6.19,33.97,-24.78,-62.39,2.46,-78.85,3.7,30410000.0,0.04,1.73,Aug 06/b,2.22,616670000.0
HUBG,Hub Group Inc,Industrials,Integrated Freight & Logistics,17.44,17.22,22.21,-5.31,0.0,0.28,6.11,-31.11,-14.360000000000001,1.22,-43.11,3.17,1120000.0,0.0,30.3,Jul 30,34.2,1850000000.0
HUCK,Huckleberry.ai Inc,Technology,Software - Application,,62.27,62.94,-3.6799999999999997,-8.5,-10.19,18.61,17.54,8.06,1.81,-80.31,3.0,1840000.0,0.02,3.35,Sep 03/a,4.84,157570000.0
HUN,Huntsman Corp,Basic Materials,Chemicals,,91.39,96.24,14.06,0.96,-9.12,7.88,-22.0,-29.080000000000002,0.8,-44.67,2.71,3670000.0,0.0,8.9,Jul 30/a,11.8,1560000000.0
HWC,Hancock Whitney Corp,Financial,Banks - Regional,14.46,10.11,18.14,4.44,-3.45,-1.35,7.85,-1.23,18.6,0.99,-7.85,1.82,843190.0,0.06,73.84,Oct 20/a,82.84,5920000000.0
HXL,Hexcel Corp,Industrials,Aerospace & Defense,43.24,27.31,284.72,8.93,-3.1,-1.45,5.86,-13.25,8.07,1.09,-23.22,2.42,937750.0,0.0,85.79,Jul 29/a,113.64,6490000000.0
HYAC-U,Haymaker Acquisition Corp V,Financial,Shell Companies,,,,,,,,,,,-1.47,,2110000.0,0.0,10.05,-,,288940000.0
HYLN,Hyliion Holdings Corp,Industrials,Electrical Equipment & Parts,,,-1.96,226.33999999999997,0.09,10.53,12.91,-12.73,132.22,3.6,-50.77,1.0,2840000.0,0.1,4.18,Aug 11/a,8.0,746540000.0
HYMC,Hycroft Mining Holding Corp,Basic Materials,Gold,,,46.7,,0.45000000000000007,19.85,26.37,-14.2,-39.3,2.76,-65.84,2.0,1980000.0,0.27,20.06,Jul 29,24.5,1870000000.0
HYT,BlackRock Corporate High Yield Fund Inc,Financial,Closed-End Fund - Debt,,,,,122.66,,0.21,-8.83,-5.63,0.59,-18.04,,886630.0,0.01,7.8,-,,1530000000.0
HZO,Marinemax Inc,Consumer Cyclical,Specialty Retail,362.47,33.23,127.37,-6.98,0.0,-1.37,11.91,41.77,102.95,1.71,-0.42,2.56,662500.0,0.02,52.34,Jul 23/b,45.0,1160000000.0
IART,Integra Lifesciences Holdings Corp,Healthcare,Medical Devices,,6.17,100.90999999999998,0.76,0.0,-1.76,10.23,-14.14,74.89,1.21,-21.47,2.75,877180.0,0.0,16.09,Jul 29/b,19.56,1250000000.0
IAUX,i-80 Gold Corp,Basic Materials,Gold,,,-22.74,-12.53,1.33,-4.17,11.55,15.97,16.78,1.23,-25.45,1.0,9950000.0,0.05,1.67,Aug 10/a,3.12,1450000000.0
IBIO,iBio Inc,Healthcare,Biotechnology,,,39.47,-100.0,0.0,16.62,8.87,-32.83,-33.98,1.25,-69.58,1.11,808430.0,0.16,1.16,Aug 28/b,5.69,70720000.0
IBRX,ImmunityBio Inc,Healthcare,Biotechnology,,,-110.55999999999999,93.91,-0.07,5.48,31.27,-4.56,13.41,0.05,-32.66,1.0,10230000.0,0.11,8.37,Aug 04/b,12.75,8870000000.0
ICHR,Ichor Holdings Ltd,Technology,Semiconductor Equipment & Materials,,17.34,109.98999999999998,22.68,-12.869999999999997,3.64,7.62,-46.26,25.290000000000003,1.81,-50.11,1.38,932690.0,0.14,56.67,Aug 03/a,98.88,2120000000.0
IDA,Idacorp Inc,Utilities,Utilities - Regulated Electric,21.47,18.69,1.77,4.25,-1.5,5.84,9.13,-15.109999999999998,-7.02,0.47,-16.22,1.56,549430.0,0.0,129.78,Jul 30/b,158.71,7510000000.0
IDYA,Ideaya Biosciences Inc,Healthcare,Biotechnology,,,-39.46,,-0.15,6.61,11.03,1.23,21.47,-0.04,-13.309999999999999,1.13,901670.0,0.09,37.0,Aug 04/b,52.38,3570000000.0
IE,Ivanhoe Electric Inc,Basic Materials,Copper,,,13.449999999999998,-32.21,0.0,1.72,9.3,7.99,-6.909999999999999,1.27,-53.05,1.14,2160000.0,0.17,10.12,Aug 07/b,21.11,1610000000.0
IEP,Icahn Enterprises L P,Energy,Oil & Gas Refining & Marketing,,,-75.03,35.3,0.0,12.43,19.8,-2.92,-6.17,0.71,-25.0,1.0,982540.0,0.01,6.99,Aug 05/b,12.0,4970000000.0
IHRT,iHeartMedia Inc,Communication Services,Broadcasting,,43.62,3.46,4.67,0.0,6.619999999999999,5.32,-46.99,-19.37,2.27,-65.09,4.0,691030.0,0.0,2.29,Aug 10/a,3.62,390530000.0
IIIV,i3 Verticals Inc,Technology,Software - Infrastructure,40.05,12.2,1226.79,2.25,3.61,-12.619999999999997,20.45,-30.11,-35.05,0.76,-56.2,1.5,505510.0,0.0,14.88,Aug 06/a,25.5,391670000.0
IKT,Inhibikase Therapeutics Inc,Healthcare,Biotechnology,,,-1.81,,0.0,12.990000000000002,17.09,7.85,26.38,0.89,-21.07,1.0,751640.0,0.0,2.06,Aug 11/a,6.0,287440000.0
IMMR,Immersion Corp,Technology,Software - Application,21.85,,705.96,0.8100000000000002,-7.44,13.309999999999999,8.23,6.58,31.35,1.0,-9.44,2.0,543480.0,0.01,7.29,Sep 14/b,13.5,242070000.0
IMMX,Immix Biopharma Inc,Healthcare,Biotechnology,,,17.97,,0.0,77.94,16.34,6.77,37.42,0.21,-25.83,1.0,1740000.0,0.01,11.2,Sep 02,23.86,801240000.0
IMNM,Immunome Inc,Healthcare,Biotechnology,,,-29.43,-100.0,-6.54,-0.65,15.77,2.47,9.94,2.53,-28.28,1.07,1300000.0,0.01,21.56,Aug 11/a,36.0,2450000000.0
IMRX,Immuneering Corp,Healthcare,Biotechnology,,,33.46,,0.09,11.38,27.95,-13.66,-12.1,0.43,-48.58,1.0,886650.0,0.1,4.36,Aug 06/b,17.17,282080000.0
IMSR,Terrestrial Energy Inc,Utilities,Utilities - Regulated Electric,,,-524.4,,0.0,18.56,8.82,-38.94,-28.79,2.43,-86.41,1.0,1620000.0,0.13,4.28,Aug 11/b,11.67,453420000.0
IMVT,Immunovant Inc,Healthcare,Biotechnology,,,-5.6,,-0.34,-0.42,20.34,-13.79,38.45,0.82,-26.899999999999995,1.47,1260000.0,0.01,33.2,Aug 06/b,48.88,6860000000.0
IMXI,International Money Express Inc,Technology,Software - Infrastructure,18.11,8.22,-62.66,-16.69,0.0,9.22,7.21,-23.3,-28.74,0.76,-29.460000000000004,3.0,572930.0,0.05,11.25,Aug 05,16.0,339930000.0
INDI,Indie Semiconductor Inc,Technology,Semiconductors,,160.28,12.46,23.97,-11.42,6.98,28.85,-19.95,-5.64,2.97,-50.24999999999999,1.5,6150000.0,0.13,3.01,Aug 06/a,5.72,697740000.0
INDP,Indaptus Therapeutics Inc,Healthcare,Biotechnology,,,99.83,,0.0,257.29,16.78,24.7,114.38,1.04,-55.47,1.0,782600.0,0.03,3.82,Aug 13/b,10.0,586050000.0
INDV,Indivior Pharmaceuticals Inc,Healthcare,Drug Manufacturers - Specialty & Generic,12.72,7.75,588.52,13.58,-1.94,-11.65,9.23,-13.23,23.58,1.18,-16.37,1.25,2110000.0,0.01,35.8,Aug 03/b,49.0,4230000000.0000005
INFQ,Infleqtion Inc,Technology,Software - Infrastructure,,,-396.57,,-43.78,15.24,11.08,3.6900000000000004,45.48,4.28,-47.89,1.0,9920000.0,0.16,14.33,Aug 12/a,21.83,3230000000.0
INGM,Ingram Micro Holding Corp,Technology,Information Technology Services,14.69,7.19,196.52,13.58,-18.04,10.32,8.3,-1.71,20.99,1.76,-14.859999999999998,2.13,1510000.0,0.0,26.98,Jul 30/a,32.62,6210000000.0
INGR,Ingredion Inc,Consumer Defensive,Packaged Foods,10.62,8.7,-40.29,0.93,-0.11,-1.14,7.34,2.19,-13.03,0.63,-21.05,2.6,667860.0,0.0,97.5,Aug 04/b,115.0,6150000000.0
INMB,INmune Bio Inc,Healthcare,Biotechnology,,,95.47,,0.0,-5.87,9.1,26.539999999999996,83.04,0.88,-21.15,1.0,544400.0,0.0,2.05,Aug 06/a,7.0,56900000.0
INN,Summit Hotel Properties Inc,Real Estate,REIT - Hotel & Motel,,,319.38,3.16,0.0,-5.2,2.21,-18.81,32.26,1.27,-19.94,2.67,1090000.0,0.0,5.74,Aug 05/a,6.69,693120000.0
INO,Inovio Pharmaceuticals Inc,Healthcare,Biotechnology,,,87.83,,0.0,1.45,19.34,8.64,-24.42,1.61,-55.26,1.67,3740000.0,0.06,1.22,Aug 12/a,3.17,125820000.0
INOD,Innodata Inc,Technology,Information Technology Services,52.01,42.41,102.69,57.8,-49.78,12.2,14.76,-10.49,84.81,2.99,-45.18,1.33,1350000.0,0.32,68.6,Aug 06/a,123.67,2360000000.0
INSP,Inspire Medical Systems Inc,Healthcare,Medical Devices,14.99,46.86,108.87,-7.6,-0.3,-4.66,14.41,53.56999999999999,37.64,0.74,-53.06999999999999,2.78,869980.0,0.0,69.0,Aug 03/a,62.8,1990000000.0
INSW,International Seaways Inc,Energy,Oil & Gas Midstream,6.83,11.33,374.75,140.1,-0.65,5.26,6.6,37.51,58.89,-0.11,-5.43,1.22,622810.0,0.07,107.0,Aug 10/b,111.33,5300000000.0
INTA,Intapp Inc,Technology,Software - Application,,18.46,-1009.23,12.950000000000001,-3.7599999999999993,-1.6399999999999997,4.36,44.34,43.25,0.32,-24.68,2.5,718040.0,0.0,36.1,Aug 04/a,40.29,2760000000.0
INVA,Innoviva Inc,Healthcare,Biotechnology,5.11,9.28,-247.03999999999996,18.61,0.0,-1.42,10.02,-9.29,-7.37,0.39,-16.52,1.8,841790.0,0.01,20.99,Aug 05/a,35.0,1520000000.0
INVX,Innovex International Inc,Energy,Oil & Gas Equipment & Services,32.48,15.51,62.24000000000001,9.21,-34.6,0.64,5.7,17.06,14.41,0.91,-14.71,1.4,689930.0,0.01,28.75,Aug 03/a,34.5,2009999999.9999998
IOND,Ionic Digital Inc,Financial,Capital Markets,,,,,0.0,2.06,1.94,,,,-9.46,1.0,895230.0,0.01,80.91,Sep 19/a,85.0,3640000000.0
IONS,Ionis Pharmaceuticals Inc,Healthcare,Biotechnology,,,-202.29,-40.73,-10.06,4.39,12.82,-44.85,-38.32,0.36,-48.7,1.56,3730000.0,0.0,44.5,Jul 29/b,83.62,7400000000.0
IOVA,Iovance Biotherapeutics Inc,Healthcare,Biotechnology,,,68.51,65.65,0.0,4.53,22.15,157.24,208.55,0.85,-2.7,1.5,16680000.0,0.04,10.83,Aug 06/b,10.7,4910000000.0
IPDN,Professional Diversity Network Inc,Industrials,Staffing & Employment Services,,,33.14,-28.04,0.0,,10.68,-78.37,-87.99,1.58,-96.99,1.0,1030000.0,0.36,4.25,-,4.5,2830000.0
IPHXU,Inflection Point Acquisition Corp VIII,Financial,Shell Companies,,,,,,,,,,,-0.79,,614260.0,0.0,10.08,-,,289800000.0
IPSC,Century Therapeutics Inc,Healthcare,Biotechnology,,,55.50000000000001,,-0.02,11.4,23.88,-26.56,-12.38,1.66,-41.78,1.33,1010000.0,0.02,1.77,Aug 12/b,5.12,320510000.0
IPST,IP Strategy Holdings Inc,Financial,Capital Markets,,,28.410000000000004,56.8,0.0,-0.83,1.51,35.98,-34.96,5.39,-98.99,1.0,2440000.0,0.32,3.59,-,164.0,2590000.0
IPW,iPower Inc,Consumer Cyclical,Internet Retail,,,-976.0600000000001,-78.89,54.120000000000005,0.67,5.69,-93.78,-98.77,2.91,-99.94,1.0,941830.0,0.02,1.23,-,5940.0,1440000.0
IRD,Opus Genetics Inc,Healthcare,Biotechnology,,,-18.7,-73.8,-9.84,16.57,18.85,15.02,7.359999999999999,0.65,-33.95,1.0,2340000.0,0.01,4.67,Aug 06/b,13.0,388520000.0
IRDM,Iridium Communications Inc,Communication Services,Telecom Services,54.69,35.61,-56.08,3.84,-2.79,-2.79,3.69,-12.07,71.67,0.85,-16.05,2.83,1630000.0,0.01,48.0,Jul 22/b,48.0,5090000000.0
IRON,Disc Medicine Inc,Healthcare,Biotechnology,,,2.44,,-2.38,1.6500000000000001,25.6,-11.41,9.84,0.91,-33.67,1.0,515000.0,0.0,66.0,Jul 30/b,103.17,2530000000.0
IRT,Independence Realty Trust Inc,Real Estate,REIT - Residential,79.84,79.78,-58.14,3.12,-0.16,0.65,6.72,-12.98,-1.02,0.96,-17.88,1.62,3050000.0,0.0,14.61,Aug 03/a,19.27,3530000000.0
IRTC,iRhythm Holdings Inc,Healthcare,Medical Devices,,92.53,97.39,20.08,-8.68,-2.42,9.47,-6.950000000000001,-6.7,1.45,-48.02,1.06,602050.0,0.07,110.19,Aug 06/a,176.14,3630000000.0
IRWD,Ironwood Pharmaceuticals Inc,Healthcare,Drug Manufacturers - Specialty & Generic,5.31,3.09,123.29,32.62,-2.38,0.19,11.77,-5.35,33.01,0.21,-29.580000000000002,2.0,2230000.0,0.03,4.07,Aug 06/b,6.1,672530000.0
ISPC,iSpecimen Inc,Healthcare,Diagnostics & Research,,,94.17,-78.69,,375.01,8.76,-56.63,-79.3,1.64,-97.76,1.0,662040.0,0.05,1.21,-,2400.0,3040000.0
ITGR,Integer Holdings Corp,Healthcare,Medical Devices,34.44,18.41,-33.29,-2.74,-14.859999999999998,4.63,7.61,34.56,45.5,0.58,-0.36,3.09,970490.0,0.0,126.34,Aug 03/b,120.6,4300000000.0
ITRI,Itron Inc,Technology,Scientific & Technical Instruments,14.97,12.91,-18.95,-7.23,-4.87,1.66,14.19,6.959999999999999,4.61,1.31,-36.94,1.5,758190.0,0.0,89.55,Jul 28/b,129.6,3920000000.0
IVR,Invesco Mortgage Capital Inc,Real Estate,REIT - Mortgage,4.29,3.63,183.35,37.92,0.53,8.5,9.68,-19.67,-17.9,1.63,-33.37,2.83,2810000.0,0.08,6.33,Jul 30/a,8.17,681370000.0
IVT,InvenTrust Properties Corp,Real Estate,REIT - Retail,157.21,,-98.58,12.520000000000001,0.0,12.55,6.51,-15.78,0.3,0.86,-17.97,1.75,661930.0,0.0,30.53,Aug 03/a,37.29,2380000000.0
JACK,Jack In The Box Inc,Consumer Cyclical,Restaurants,3.2,4.28,-10.09,-22.62,-0.95,7.44,36.7,-2.57,25.509999999999998,1.42,-43.61,2.47,903430.0,0.0,13.45,Aug 12/a,19.92,258060000.0
JAGX,Jaguar Health Inc,Healthcare,Biotechnology,,,95.63,-58.879999999999995,0.0,,4.53,-84.35,-96.14,-0.16,-99.46,1.0,1150000.0,3.53,6.95,Aug 19/b,3937.5,3610000.0
JAN,Janus Living Inc,Real Estate,REIT - Residential,,254.6,,,0.0,14.859999999999998,8.78,8.06,36.01,,-5.21,1.33,1670000.0,0.0,31.12,Aug 04/a,35.07,9580000000.0
JANX,Janux Therapeutics Inc,Healthcare,Biotechnology,,,36.18,,-0.18,1.87,10.19,6.36,23.67,2.38,-53.88,1.5,931310.0,0.0,16.3,Aug 06/a,31.53,996530000.0
JBGS,JBG SMITH Properties,Real Estate,REIT - Diversified,,,-255.72,2.29,-5.09,4.19,21.42,-27.440000000000005,-28.12,1.07,-52.14,4.33,858450.0,0.0,10.71,Aug 10/b,12.0,799160000.0
JBI,Janus International Group Inc,Industrials,Building Products & Equipment,17.56,6.42,-47.02,2.37,0.0,-2.75,5.23,-23.18,-18.88,1.41,-59.209999999999994,1.8,1730000.0,0.0,4.21,Aug 11/b,7.62,574390000.0
JBIO,Jade Biosciences Inc,Healthcare,Biotechnology,,,33.03,,0.0,47.26,20.15,-31.47,13.170000000000002,1.46,-45.88,1.0,940360.0,0.0,15.15,Aug 10/b,49.89,963690000.0
JBLU,Jetblue Airways Corp,Industrials,Airlines,,,-220.85,14.469999999999999,-0.33,11.59,29.49,-23.27,2.37,1.76,-34.74,3.76,27340000.0,0.12,4.32,Jul 28/b,5.07,1630000000.0
JBTM,JBT Marel Corp,Industrials,Specialty Industrial Machinery,29.68,11.81,723.96,4.99,0.0,6.0,7.85,-22.84,-11.74,0.93,-35.95,1.6,592020.0,0.0,109.0,Aug 03/a,162.71,5650000000.0
JELD,JELD-WEN Holding Inc,Industrials,Building Products & Equipment,,,-39.48,-0.72,-0.64,-12.55,9.46,30.43,57.89,2.22,-65.25,3.0,1740000.0,0.0,1.8,Aug 03/a,1.93,156170000.0
JFR,Nuveen Floating Rate Income Fund,Financial,Closed-End Fund - Debt,,,,,14.78,,0.33,-4.31,2.23,0.4,-10.5,,601770.0,0.0,7.33,-,,1180000000.0
JMKE,Jersey Mike's Subs Inc,Consumer Cyclical,Restaurants,,,,,-35.03,2.6,5.51,,,,-32.77,1.56,4130000.0,0.03,16.8,Sep 09/b,28.55,5340000000.0
JOBY,Joby Aviation Inc,Industrials,Airports & Air Services,,,37.89,257493.32999999996,-1.1,6.800000000000001,19.42,-27.35,-22.59,2.65,-68.62,3.2,35900000.0,0.12,6.27,Aug 05/a,10.56,6230000000.0
JPC,Nuveen Preferred & Income Opportunities Fund,Financial,Closed-End Fund - Debt,,,,,,,0.56,-12.68,-7.61,0.72,-17.41,,1250000.0,0.02,6.86,-,,2570000000.0
JQC,Nuveen Credit Strategies Income Fund,Financial,Closed-End Fund - Debt,,,,,,,0.14,-2.28,1.29,0.39,-11.96,,612600.0,0.11,4.71,-,,696220000.0
JTAI,Jet.AI Inc,Technology,Software - Application,0.01,,99.07,139.01,0.0,5.9,7.22,128.61,4.16,-0.58,-97.82,1.0,1430000.0,0.06,1.56,May 15/b,7.58,5540000.0
JUNS,Jupiter Neurosciences Inc,Healthcare,Biotechnology,,,19.9,,0.0,16.36,5.96,-82.98,-89.79,1.81,-98.06,1.0,973580.0,0.02,2.68,-,1875.0,3530000.0
JXN,Jackson Financial Inc,Financial,Insurance - Life,182.88,4.2,292.32,135.67,-0.2,-1.09,7.03,26.890000000000004,31.28,1.32,-5.52,2.25,700140.0,0.0,133.12,Aug 03/a,148.5,9020000000.0
KBH,KB Home,Consumer Cyclical,Residential Construction,13.49,12.7,-34.81,-19.96,-10.29,2.66,14.59,-23.36,-5.7,1.33,-28.95,3.12,1230000.0,0.0,48.01,Sep 22/a,55.58,2920000000.0
KBR,KBR Inc,Industrials,Engineering & Construction,10.47,8.59,2.65,1.6399999999999997,1.55,5.86,7.41,2.94,-6.22,0.47,-28.190000000000005,2.22,1540000.0,0.0,34.7,Jul 30/b,44.17,4370000000.0
KD,Kyndryl Holdings Inc,Technology,Information Technology Services,32.34,4.66,-206.45,-3.34,0.0,4.57,14.65,3.39,-6.15,1.71,-62.57,3.38,4050000.0,0.01,11.6,Aug 05/b,14.2,2530000000.0
KDK,Kodiak AI Inc,Technology,Software - Infrastructure,,,-9469.81,,0.0,16.55,8.2,-53.2,-64.51,0.47,-78.39,1.4,1490000.0,0.42,2.45,Aug 06/a,10.5,492000000.0
KEEL,Keel Infrastructure Corp,Technology,Information Technology Services,,,-984.8499999999999,-60.370000000000005,6.2,28.1,18.27,-35.64,90.77,4.02,-49.53,1.15,36010000.0,0.23,3.72,Aug 10/b,6.42,2300000000.0
KEX,Kirby Corp,Industrials,Marine Shipping,19.8,15.43,0.04,7.829999999999999,-3.93,-1.51,3.5,-6.22,-3.91,0.83,-18.27,1.11,524960.0,0.01,128.88,Jul 29/b,165.57,6800000000.0
KFY,Korn Ferry,Industrials,Staffing & Employment Services,13.3,11.06,5.26,6.860000000000001,-2.25,0.02,4.02,0.08,13.19,1.25,-19.35,1.6,501740.0,0.0,70.57,Sep 09/b,90.25,3850000000.0
KGS,Kodiak Gas Services Inc,Energy,Oil & Gas Equipment & Services,63.85,17.59,22.99,21.15,-3.34,17.68,7.79,-28.110000000000003,-8.48,0.91,-31.11,1.12,1870000.0,0.08,53.51,Aug 06/a,82.38,5410000000.0
KIDZ,KIDZ AI Inc,Consumer Defensive,Education & Training Services,,,96.72,-33.6,-98.71,1.4,6.57,-77.34,-99.34,-0.72,-99.98,,1200000.0,0.09,2.44,-,,2100000.0
KLC,KinderCare Learning Companies Inc,Consumer Defensive,Education & Training Services,,9.91,-122.63999999999999,-0.37,0.0,1.55,11.47,-49.76,-1.8500000000000003,3.82,-70.14,3.5,797790.0,0.0,2.12,Aug 13/a,4.06,251260000.0
KLIC,Kulicke & Soffa Industries Inc,Technology,Semiconductor Equipment & Materials,41.17,15.19,1822.12,122.63,-5.22,1.81,4.43,-30.56,38.62,1.58,-33.98,2.25,946490.0,0.03,89.66,Aug 05/a,106.67,4690000000.0
KLRA,Kailera Therapeutics Inc,Healthcare,Biotechnology,,,,,38.89,77.54,10.51,-48.22,,,-60.25,1.0,883000.0,0.0,11.22,Aug 12/a,42.75,1450000000.0
KLTR,Kaltura Inc,Technology,Software - Application,,25.79,25.540000000000003,5.47,-1.59,6.03,2.32,3.9699999999999998,4.8,1.19,-36.1,1.0,557240.0,0.0,1.31,Aug 05/b,3.5,199840000.0
KLXE,KLX Energy Services Holdings Inc,Energy,Oil & Gas Equipment & Services,,,60.47,5.22,0.0,7.77,3.9,-40.52,-44.55,0.7,-65.37,1.0,578490.0,0.11,1.55,Aug 10/a,2.98,162250000.0
KMPR,Kemper Corp,Financial,Insurance - Property & Casualty,,6.1,-802.6099999999999,-9.18,1.54,1.77,9.03,-5.56,-18.77,1.05,-51.54,3.0,1010000.0,0.0,25.32,Aug 05/a,36.33,1490000000.0
KMT,Kennametal Inc,Industrials,Tools & Accessories,7.05,12.57,936.69,42.63,-7.400000000000001,2.98,10.14,-10.88,-14.000000000000002,1.33,-29.17,3.78,1350000.0,0.0,31.03,Aug 05/b,32.43,2370000000.0
KMX,Carmax Inc,Consumer Cyclical,Auto & Truck Dealerships,37.75,,-5.27,5.51,0.84,-6.3,7.06,7.9,40.36,1.22,-12.15,2.71,2330000.0,0.0,57.35,Sep 29/b,59.25,8140000000.000001
KN,Knowles Corp,Technology,Electronic Components,47.79,22.91,137.75,14.32,-19.19,1.04,5.52,-9.37,45.64,1.6,-13.699999999999998,1.8,913150.0,0.05,37.05,Jul 23/a,45.0,3160000000.0
KNF,Knife River Corp,Basic Materials,Building Materials,22.01,16.4,-13.23,12.57,0.0,-0.25,7.98,-37.17,-32.63,0.54,-43.88,2.0,805200.0,0.0,54.03,Aug 04/b,84.78,3070000000.0
KNTK,Kinetik Holdings Inc,Energy,Oil & Gas Midstream,18.54,26.84,97.11,50.09,-6.77,1.05,9.72,2.93,5.28,0.61,-10.03,1.75,1100000.0,0.0,51.21,Aug 05/a,57.53,8320000000.0
KOD,Kodiak Sciences Inc,Healthcare,Biotechnology,,,-1.8500000000000003,,-1.26,4.7,18.35,38.77,41.54,2.23,9.47,1.33,731640.0,71.21,52.37,Aug 13/a,64.0,3290000000.0
KODK,Eastman Kodak Co,Industrials,Specialty Business Services,,12.45,135.29,18.25,0.01,4.34,10.06,2.97,2.64,1.58,-34.7,,866870.0,0.07,9.71,Aug 04/a,12.0,950610000.0
KOPN,Kopin Corp,Technology,Electronic Components,102.0,,113.83000000000001,50.62,-5.58,5.35,14.83,13.33,169.75,3.59,-25.929999999999996,1.0,4179999.9999999995,0.09,4.9,Aug 10/a,8.43,910030000.0
KOS,Kosmos Energy Ltd,Energy,Oil & Gas E&P,,10.03,266.54,54.82,-1.87,-0.26,4.89,32.98,-4.95,0.87,-17.19,2.31,14550000.0,0.15,2.77,Aug 03/b,3.19,1650000000.0
KPTI,Karyopharm Therapeutics Inc,Healthcare,Biotechnology,,,46.41,-11.86,-0.1,14.150000000000002,42.86,-82.65,-68.07,1.0,-84.08,1.33,1590000.0,0.0,1.75,Aug 13/b,8.8,39690000.0
KRC,Kilroy Realty Corp,Real Estate,REIT - Office,24.1,74.74,-70.55,-6.04,-4.74,-8.12,9.36,-10.02,18.4,1.18,-21.5,2.71,1300000.0,0.0,34.23,Oct 22/a,39.38,4019999999.9999995
KREF,KKR Real Estate Finance Trust Inc,Real Estate,REIT - Mortgage,,,-269.84,-23.18,0.65,7.75,12.99,-10.06,4.1,0.91,-32.66,2.33,963290.0,0.0,6.35,Jul 21/a,8.8,374720000.0
KRG,Kite Realty Group Trust,Real Estate,REIT - Retail,15.84,64.14,2290.96,-8.1,-0.21,-3.05,7.05,-15.22,2.1,0.86,-17.18,2.64,2500000.0,0.0,24.78,Jul 30/b,30.75,4960000000.0
KRMN,Karman Holdings Inc,Industrials,Aerospace & Defense,124.64,36.48,106.03,58.18,0.18,12.54,12.08,-25.69,-58.37,0.52,-70.43,1.15,3490000.0,0.03,35.0,Aug 06/a,88.2,4640000000.0
KRNY,Kearny Financial Corp,Financial,Banks - Regional,16.3,9.41,4.82,2.23,0.58,4.63,5.05,0.65,24.8,0.62,-8.55,2.0,627610.0,0.0,9.36,Jul 23/b,10.67,607740000.0
KRP,Kimbell Royalty Partners LP,Energy,Oil & Gas E&P,20.83,14.75,1882.2099999999998,37.76,-0.08,-0.62,3.87,2.56,0.61,0.42,-6.329999999999999,1.57,855330.0,0.08,14.8,Aug 07/b,20.17,1900000000.0
KSS,Kohl's Corp,Consumer Cyclical,Department Stores,7.7,11.02,-4.65,-0.8699999999999999,-0.78,-2.03,30.83,-4.26,41.76,1.36,-29.960000000000004,3.29,4019999.9999999995,0.0,17.66,Aug 26/b,16.83,2000000000.0
KTB,Kontoor Brands Inc,Consumer Cyclical,Apparel Manufacturing,13.66,9.93,-11.52,-11.56,-16.7,6.480000000000001,11.45,-20.27,-1.6,0.88,-26.52,1.91,778810.0,0.0,65.37,Aug 12/b,97.5,3570000000.0
KTOS,Kratos Defense & Security Solutions Inc,Industrials,Aerospace & Defense,260.41,40.74,26.090000000000003,30.53,-19.99,-7.580000000000001,5.43,-3.55,-37.05,1.09,-66.21,1.2,4270000.0,0.1,45.28,Aug 04/a,101.71,8500000000.0
KULR,KULR Technology Group Inc,Technology,Electronic Components,,,-319.07,-47.64,0.0,-0.07,15.35,-39.35,8.04,2.33,-59.660000000000004,1.0,1120000.0,0.02,2.42,Aug 13/a,7.0,111990000.0
KURA,Kura Oncology Inc,Healthcare,Biotechnology,,,-1.87,36.54,1.7399999999999998,3.11,17.15,-2.19,38.63,0.45,-22.81,1.2,1860000.0,0.02,10.73,Aug 12/a,32.0,954550000.0
KVYO,Klaviyo Inc,Technology,Software - Application,743.4,14.9,65.02,26.43,-3.08,-9.34,24.15,5.56,-15.590000000000002,0.62,-52.75,1.24,6050000.0,0.02,15.76,Aug 05/a,26.57,4490000000.0
KYMR,Kymera Therapeutics Inc,Healthcare,Biotechnology,,,34.53,466.4,-30.260000000000005,0.86,14.12,2.09,42.78,1.98,-14.19,1.22,761210.0,0.0,111.6,Aug 05/b,138.64,9280000000.0
KYTX,Kyverna Therapeutics Inc,Healthcare,Biotechnology,,,35.37,,0.0,5.44,22.51,-23.11,-13.44,2.02,-50.61,1.0,1030000.0,0.02,6.75,Aug 11/a,30.4,417520000.0
LABT,Lakewood-Amedex Biotherapeutics Inc,Healthcare,Biotechnology,,,-769.45,,0.0,60.94,3.35,-18.97,,,-97.13,,1820000.0,36.38,2.82,Sep 02,12.0,6690000.0
LADR,Ladder Capital Corp,Real Estate,REIT - Mortgage,21.94,8.14,-15.15,15.509999999999998,-0.22,5.24,5.42,-10.77,-5.79,0.99,-20.64,1.29,1190000.0,0.02,9.11,Jul 23/b,12.0,1160000000.0
LAND,Gladstone Land Corp,Real Estate,REIT - Specialty,,,17.86,3.2199999999999998,0.0,2.88,9.62,13.819999999999999,-0.71,1.1,-24.62,2.6,704860.0,0.01,9.8,Aug 11/a,9.33,422730000.0
LASR,nLIGHT Inc,Technology,Semiconductors,,63.3,67.54,33.78,-23.32,5.92,5.25,-38.68,-38.0,2.36,-54.13,1.33,1300000.0,0.02,39.88,Aug 06/a,88.86,2300000000.0
LAUR,Laureate Education Inc,Consumer Defensive,Education & Training Services,16.76,15.24,51.23,17.5,-2.6,-2.9,3.58,2.67,7.33,0.41,-8.78,1.88,1050000.0,0.0,37.33,Jul 30/b,41.21,5140000000.0
LAZ,Lazard Inc,Financial,Capital Markets,18.12,9.61,-93.64,0.29,-12.24,9.65,10.29,-8.42,-5.47,1.45,-37.07,2.6,1710000.0,0.0,36.97,Jul 23/b,47.38,3600000000.0
LBRT,Liberty Energy Inc,Energy,Oil & Gas Equipment & Services,26.5,132.37,-40.52,14.01,-1.49,5.07,10.77,-25.730000000000004,-32.82,0.71,-43.41,1.77,4340000.0,0.02,19.51,Jul 22/a,29.12,3180000000.0
LCID,Lucid Group Inc,Consumer Cyclical,Auto Manufacturers,,,-17.83,56.24,-0.0,9.41,56.88,-38.1,-57.13,0.99,-84.03,2.92,16579999.999999998,0.16,4.03,Aug 04/a,6.81,1590000000.0
LCLN,Lincoln International Inc,Financial,Capital Markets,,,,,0.0,45.7,2.46,-4.92,,,-15.17,2.14,561720.0,0.0,23.37,Aug 06/b,27.64,2390000000.0
LCTX,Lineage Cell Therapeutics Inc,Healthcare,Biotechnology,,,77.21,-61.34,0.0,2.35,15.5,-23.7,-30.870000000000005,1.59,-50.72,1.43,1420000.0,0.04,1.03,Aug 06/a,5.5,260490000.0
LEA,Lear Corp,Consumer Cyclical,Auto Parts,11.44,7.25,24.13,2.97,-19.91,-0.36,4.3,-10.33,0.62,1.3,-18.37,2.42,638450.0,0.0,122.71,Jul 31/b,149.54,6050000000.0
LEDRU,Leader's Advantage Acquisition Corp,Financial,Shell Companies,,,,,,,,,,,-0.2,,883030.0,0.0,9.97,-,,149550000.0
LEGN,Legend Biotech Corp ADR,Healthcare,Biotechnology,,31.94,125.11000000000001,51.64,-0.12,3.75,7.92,-35.22,13.33,0.57,-49.23,1.71,2290000.0,0.02,19.04,Aug 11/b,46.89,3690000000.0
LENZ,LENZ Therapeutics Inc,Healthcare,Biotechnology,,,-91.55,9.72,0.98,-1.51,39.12,-31.620000000000005,-53.11,0.69,-92.19,1.57,875240.0,0.01,3.94,Aug 11/a,25.0,123750000.0
LEU,Centrus Energy Corp,Energy,Uranium,66.23,50.36,-51.88,13.98,-0.04,13.03,27.52,-9.42,-20.63,1.51,-68.73,1.88,736210.0,0.16,145.16,Aug 05/a,242.93,2970000000.0
LEVI,Levi Strauss & Co,Consumer Cyclical,Apparel Manufacturing,16.37,11.7,38.36,7.88,-0.61,0.62,8.22,-18.3,9.53,1.31,-22.18,1.59,2570000.0,0.0,20.0,Oct 07/a,28.27,7700000000.0
LFMD,LifeMD Inc,Healthcare,Health Information Services,,,-156.23,-24.01,0.0,11.55,18.88,-28.809999999999995,-19.62,1.98,-59.150000000000006,1.0,915490.0,0.02,2.99,Aug 05/a,8.12,144120000.0
LFST,LifeStance Health Group Inc,Healthcare,Medical Care Facilities,90.62,53.69,722.45,26.08,-36.24,12.809999999999999,6.23,13.930000000000001,86.39,1.24,-13.13,1.45,4640000.0,0.0,11.78,Aug 06/b,14.2,4500000000.0
LFTO,Liftoff Mobile Inc,Communication Services,Advertising Agencies,64.55,,82.51,35.43,1.92,25.2,7.7,-36.16,,,-45.98,1.68,855180.0,0.0,16.26,Aug 12/a,33.19,2750000000.0
LGN,Legence Corp,Industrials,Engineering & Construction,,20.25,-306.44,110.74,-52.68000000000001,19.04,5.94,-32.69,-0.91,3.09,-49.41,1.24,1310000.0,0.03,54.25,Aug 13/b,102.53,5860000000.0
LHAI,Linkhome Holdings Inc,Real Estate,Real Estate Services,,,-977.78,12.76,-29.330000000000002,33.13,5.56,45.05,-8.04,0.09,-93.42,,9530000.0,0.01,1.03,-,,17030000.0
LIDR,AEye Inc,Technology,Software - Infrastructure,,,54.96,818.18,-0.38,-8.66,6.19,-12.960000000000003,-35.08,2.72,-69.97,1.0,2950000.0,0.02,1.2,Aug 06/a,4.39,56050000.0
LIF,Life360 Inc,Technology,Software - Application,23.87,22.85,-28.71,37.77,-15.52,-4.76,10.57,-28.99,5.93,2.25,-63.67,1.5,758350.0,0.01,40.89,Aug 10/a,60.77,3330000000.0
LIFE,Ethos Technologies Inc,Financial,Insurance Brokers,,32.08,4.25,113.35,-3.4099999999999997,-2.76,14.01,79.79,235.44,,-20.14,1.22,1270000.0,0.0,33.98,Aug 03/a,35.62,2170000000.0
LILA,Liberty Latin America Ltd,Communication Services,Telecom Services,,69.01,93.94,1.46,2.65,-16.68,3.32,9.7,49.91,0.64,-5.62,2.6,545370.0,0.0,8.48,Aug 05/a,9.17,1660000000.0
LILAK,Liberty Latin America Ltd,Communication Services,Telecom Services,,36.82,93.94,1.46,6.41,,5.53,20.08,49.01,0.62,-4.77,2.67,1470000.0,0.0,8.49,Aug 05/a,9.14,1660000000.0
LIMN,Liminatus Pharma Inc,Healthcare,Biotechnology,,,-698.35,,0.0,-7.200000000000001,7.54,-21.86,-55.2,0.75,-97.03,,674040.0,0.01,4.2,-,,5630000.0
LINC,Lincoln Educational Services Corp,Consumer Defensive,Education & Training Services,30.89,21.74,24.55,22.4,-10.32,7.1,9.61,-54.98,-45.02,0.82,-60.13,1.0,862960.0,0.0,22.46,Aug 10/b,49.5,712460000.0
LIND,Lindblad Expeditions Holdings Inc,Consumer Cyclical,Travel Services,,56.42,87.95,18.64,-1.09,9.98,10.67,-3.7900000000000005,56.66,2.27,-18.71,1.86,900360.0,0.0,28.45,Aug 03/b,34.86,1870000000.0
LINE,Lineage Inc,Real Estate,REIT - Industrial,,,-385.5,0.8100000000000002,0.03,-0.9899999999999999,7.36,-17.8,7.429999999999999,0.88,-20.98,2.68,954840.0,0.0,36.15,Aug 05/b,44.83,8230000000.0
LKQ,LKQ Corp,Consumer Cyclical,Auto Parts,12.83,7.53,-27.63,-6.43,0.0,-3.56,5.87,-10.83,-20.19,0.85,-37.27,1.67,3230000.0,0.0,23.29,Jul 30/b,31.07,5890000000.0
LMND,Lemonade Inc,Financial,Insurance - Property & Casualty,,,5.69,104.93999999999998,-1.26,2.47,15.82,-28.300000000000004,-26.56,1.86,-55.38000000000001,2.83,1340000.0,0.05,44.58,Jul 29/b,59.22,3450000000.0
LNC,Lincoln National Corp,Financial,Insurance - Life,3.6,4.76,76.54,19.4,-4.02,2.86,6.41,13.94,21.94,1.15,-12.560000000000002,2.47,1990000.0,0.0,41.68,Jul 30/b,48.33,7980000000.0
LNTH,Lantheus Holdings Inc,Healthcare,Drug Manufacturers - Specialty & Generic,24.11,15.57,-0.79,2.68,-11.21,2.5,6.41,-9.16,30.620000000000005,-0.06,-10.83,2.6,1350000.0,0.0,99.74,Aug 06/b,106.91,6510000000.0
LOAR,Loar Holdings Inc,Industrials,Aerospace & Defense,91.57,40.22,0.8100000000000002,39.36,-0.19,-1.07,8.66,-17.82,13.59,0.58,-22.04,1.67,704360.0,0.0,65.04,Aug 06/b,89.8,6090000000.0
LODE,Comstock Inc,Basic Materials,Other Precious Metals & Mining,,,-25.85,-19.65,,13.419999999999998,10.22,-37.44,-12.869999999999997,1.45,-46.99,1.0,1350000.0,0.03,2.64,Jul 23/b,7.0,200620000.0
LOVIU,Live Oak Acquisition Corp VI,Financial,Shell Companies,,,,,,,,,,,-0.3,,3120000.0,0.0,10.01,-,,200200000.0
LPG,Dorian LPG Ltd,Energy,Oil & Gas Midstream,7.39,12.77,1263.72,123.11000000000001,-3.2099999999999995,3.81,5.76,61.529999999999994,74.96,0.68,-7.180000000000001,1.5,633450.0,0.13,55.67,Aug 05/b,54.12,2380000000.0
LPTH,Lightpath Technologies Inc,Technology,Electronic Components,,91.4,61.18,73.32,-56.21000000000001,30.15,17.03,-33.08,2.74,1.38,-48.52,1.0,3130000.0,0.11,9.75,Sep 10/a,15.8,682850000.0
LPX,Louisiana-Pacific Corp,Industrials,Building Products & Equipment,86.47,21.33,-51.849999999999994,-12.05,-0.11,2.34,11.92,-19.03,-7.960000000000001,1.61,-33.53,1.53,1150000.0,0.0,66.7,Aug 05/b,92.07,4660000000.0
LQDA,Liquidia Corp,Healthcare,Drug Manufacturers - Specialty & Generic,50.86,12.46,251.69000000000003,1842.7299999999998,-21.46,15.72,15.98,-7.629999999999999,98.09,0.53,-25.869999999999997,1.67,1460000.0,0.01,69.39,Aug 12/b,107.75,6210000000.0
LRMR,Larimar Therapeutics Inc,Healthcare,Biotechnology,,,23.18,,0.09,6.04,28.9,-3.44,-33.12,0.67,-51.86999999999999,1.09,1740000.0,0.02,3.09,Aug 04/b,14.4,321000000.0
LRN,Stride Inc,Consumer Defensive,Education & Training Services,10.82,9.83,70.14,-2.69,0.0,-1.97,19.96,-9.67,-8.89,0.13,-49.7,1.83,860440.0,0.0,78.0,Aug 04/a,118.2,3240000000.0
LTBR,Lightbridge Corp,Industrials,Electrical Equipment & Parts,,,-14.029999999999998,,-0.64,0.62,14.19,-22.12,-36.17,2.08,-78.2,,836490.0,0.1,6.83,Aug 05/a,10.5,255840000.0
LTC,LTC Properties Inc,Real Estate,REIT - Healthcare Facilities,15.74,23.24,74.05,63.83,1.24,9.9,5.29,11.59,15.310000000000002,0.55,-1.52,2.11,587180.0,0.0,42.94,Aug 05/a,45.25,2310000000.0
LTH,Life Time Group Holdings Inc,Consumer Cyclical,Leisure,21.85,21.9,39.44,13.73,-64.3,1.58,5.99,-3.2199999999999998,54.09,1.48,-15.380000000000003,1.0,3120000.0,0.0,39.97,Jul 30/b,56.07,8930000000.0
LTRX,Lantronix Inc,Technology,Communication Equipment,,22.39,90.52,8.03,0.74,38.9,5.61,25.840000000000003,31.91,1.66,-18.74,1.0,1130000.0,0.03,7.11,Aug 26/a,10.79,333310000.0
LUMN,Lumen Technologies Inc,Communication Services,Telecom Services,,,78.24,-9.28,0.12,-0.79,7.35,-28.51,-14.679999999999998,1.85,-52.38,2.87,13280000.0,0.08,5.69,Aug 04/a,7.29,5870000000.0
LUNG,Pulmonx Corp,Healthcare,Medical Devices,,,36.74,-4.62,-3.6699999999999995,-12.64,2.21,52.800000000000004,54.03,0.32,-33.91,1.8,548220.0,0.0,1.91,Jul 29/a,3.4,82030000.0
LUNR,Intuitive Machines Inc,Industrials,Aerospace & Defense,,,-33.24,309.77,-33.31,12.809999999999999,23.78,-26.75,-12.33,1.85,-67.14,1.25,9270000.0,0.19,15.36,Aug 13/b,31.0,3520000000.0
LVWR,LiveWire Group Inc,Consumer Cyclical,Recreational Vehicles,,,4.0,55.2,-0.18,0.14,28.08,23.02,13.140000000000002,1.65,-75.93,3.0,4290000.0,0.06,1.55,Jul 23/b,7.25,318390000.0
LW,Lamb Weston Holdings Inc,Consumer Defensive,Packaged Foods,20.89,12.93,-6.61,5.63,33.23,-1.24,4.9,-1.2,4.76,0.45,-35.02,2.67,1610000.0,0.0,43.58,Oct 06/b,54.36,5990000000.0
LWLG,Lightwave Logic Inc,Basic Materials,Specialty Chemicals,,,-8.84,27.91,-8.51,12.01,17.02,-43.36,-28.13,2.4,-72.21,1.0,3370000.0,0.03,5.2,Aug 11/b,10.0,801670000.0
LXEO,Lexeo Therapeutics Inc,Healthcare,Biotechnology,,,49.57,,-0.96,6.69,29.85,-30.320000000000004,-41.42,1.57,-69.88,1.11,984080.0,0.0,3.31,Aug 12/b,20.67,271710000.0
LXP,LXP Industrial Trust,Real Estate,REIT - Industrial,61.32,138.71,-105.98,0.45000000000000007,0.0,-4.9,2.75,9.99,31.81,1.04,-1.33,2.43,787370.0,0.0,60.79,Jul 29/b,61.0,3580000000.0
LXRX,Lexicon Pharmaceuticals Inc,Healthcare,Biotechnology,,,-915.7299999999999,-97.6,0.0,5.16,13.15,-29.549999999999997,12.73,1.06,-30.599999999999998,1.8,3470000.0,0.04,1.86,Aug 06/b,3.86,827620000.0
LXU,LSB Industries Inc,Basic Materials,Chemicals,19.63,13.55,-304.8,11.1,-22.11,1.54,6.87,-7.26,-38.9,0.43,-42.14,2.0,830060.0,0.0,9.96,Jul 29/a,13.5,717100000.0
LYFT,Lyft Inc,Technology,Software - Application,2.08,14.58,36.62,16.08,-1.03,3.5000000000000004,21.0,-2.57,15.54,1.95,-41.82,2.45,11120000.0,0.0,14.86,Aug 06/a,19.61,5620000000.0
LYNX,Lyntris Inc,Industrials,Aerospace & Defense,,,,,-49.86,7.86,0.54,,,,-19.63,1.43,953410.0,0.0,12.86,Sep 02,19.67,1490000000.0
LZ,LegalZoom.com Inc,Industrials,Specialty Business Services,60.02,6.81,2113.33,6.64,-0.83,-1.45,10.27,-7.86,2.74,1.2,-54.6,2.5,2850000.0,0.0,5.63,Aug 05/a,7.6,964220000.0
LZB,La-Z-Boy Inc,Consumer Cyclical,"Furnishings, Fixtures & Appliances",15.13,10.62,-113.04,-3.36,-7.68,-0.88,5.0,-27.029999999999998,-8.4,1.24,-33.45,2.33,653620.0,0.0,29.88,Aug 18/a,41.0,1200000000.0
M,Macy's Inc,Consumer Cyclical,Department Stores,8.16,9.39,97.15,1.2,-18.47,-1.66,13.7,-8.75,24.41,1.47,-16.04,2.81,5540000.0,0.0,22.32,Sep 10/b,23.1,5830000000.0
MAC,Macerich Co,Real Estate,REIT - Retail,,170.48,-2.31,41.23,-0.14,19.68,11.54,-11.11,24.82,2.11,-14.23,1.53,3410000.0,0.0,22.88,Aug 04/a,27.07,6750000000.0
MAIA,MAIA Biotechnology Inc,Healthcare,Biotechnology,,1.1,25.95,,4.11,7.39,4.16,-17.57,-6.87,0.27,-61.75999999999999,1.0,527260.0,0.08,1.22,Aug 11,14.0,74220000.0
MAIN,Main Street Capital Corp,Financial,Asset Management,11.12,14.22,15.28,-6.550000000000001,-1.04,,10.44,7.629999999999999,8.33,0.74,-13.95,2.71,555960.0,0.03,55.2,Aug 06/a,59.5,5160000000.0
MAMA,Mama's Creations Inc,Consumer Defensive,Packaged Foods,77.66,38.95,76.32,55.05,-9.83,25.81,8.37,-33.05,-10.22,0.53,-36.43,1.0,722600.0,0.0,13.35,Sep 03/a,22.29,629420000.0
MAN,ManpowerGroup,Industrials,Staffing & Employment Services,25.74,11.71,178.22,7.539999999999999,0.0,7.32,9.92,58.91,100.84,0.66,-10.64,2.54,1210000.0,0.04,57.08,Jul 16/b,57.33,2650000000.0
MANE,Veradermics Inc,Healthcare,Biotechnology,,,-44.05,,-7.690000000000001,22.94,13.58,-5.7,77.84,,-11.2,1.0,777050.0,0.01,116.54,Aug 11/b,163.5,4870000000.0
MARA,MARA Holdings Inc,Financial,Capital Markets,,,-186.86,-26.669999999999998,-3.9800000000000004,8.1,27.68,-11.48,54.86,5.36,-47.04,2.06,48270000.0,0.08,12.42,Aug 06/a,18.31,4800000000.0
MAT,Mattel Inc,Consumer Cyclical,Leisure,9.83,8.44,-138.44,10.48,-1.3,0.17,9.37,-2.48,-6.64,0.69,-40.61,2.0,4300000.0,0.01,13.35,Aug 04/a,17.75,3810000000.0
MATV,Mativ Holdings Inc,Basic Materials,Specialty Chemicals,7.56,9.59,134.78,1.22,0.0,1.19,2.48,56.57,40.93,0.9,-22.52,1.0,564820.0,0.0,11.99,Aug 05/a,21.0,661920000.0
MATW,Matthews International Corp,Industrials,Conglomerates,,24.19,-253.9,-29.580000000000002,0.52,-4.51,20.44,-30.459999999999997,-25.009999999999998,1.04,-38.73,1.67,724590.0,0.0,18.95,Aug 06/a,31.33,591490000.0
MAX,MediaAlpha Inc,Communication Services,Internet Content & Information,5.72,7.87,290.35,25.929999999999996,-5.33,-1.41,10.81,-25.840000000000003,1.3,1.12,-37.5,1.67,861560.0,0.0,9.19,Jul 29/a,15.62,562900000.0
MAZE,Maze Therapeutics Inc,Healthcare,Biotechnology,,,1.29,,-1.7000000000000002,11.92,16.48,-12.34,-16.33,2.17,-52.62,1.0,610600.0,0.0,25.42,Aug 11/a,61.5,1410000000.0
MBC,MasterBrand Inc,Consumer Cyclical,"Furnishings, Fixtures & Appliances",,30.13,-229.8,11.53,-0.15,45.12,8.98,-26.82,-14.84,1.45,-48.19,3.0,2300000.0,0.0,7.23,Aug 04/a,10.3,1470000000.0
MBGL,Mobility Global Inc,Technology,Software - Infrastructure,,,,,3.01,40.97,1.94,-22.07,,,-31.06,2.27,6980000.0,0.0,17.92,Aug 07/b,23.5,5280000000.0
MBOT,Microbot Medical Inc,Healthcare,Medical Devices,,,12.619999999999997,,0.0,-19.52,11.59,-31.569999999999997,-46.46,1.03,-63.01,1.0,646760.0,0.42,1.28,Aug 18,6.33,85960000.0
MBX,MBX Biosciences Inc,Healthcare,Biotechnology,,,-33.99,,-0.4,1.56,13.54,-0.56,87.89,0.07,-26.280000000000005,1.09,635250.0,0.01,53.55,Aug 06/b,88.1,2580000000.0
MC,Moelis & Co,Financial,Capital Markets,20.37,14.84,16.45,12.05,-0.8100000000000002,-0.57,7.31,-7.01,7.77,1.88,-25.21,2.82,866250.0,0.0,58.5,Jul 29/a,72.2,4750000000.0
MCHB,Mechanics Bancorp,Financial,Banks - Regional,12.14,12.72,211.23,167.34,-0.0,-1.5,13.91,-5.07,5.13,1.43,-12.689999999999998,2.25,570440.0,0.0,15.17,Jul 29/b,17.62,3510000000.0
MD,Pediatrix Medical Group Inc,Healthcare,Medical Care Facilities,12.64,10.78,6.619999999999999,4.04,-2.73,0.52,5.91,6.6000000000000005,25.41,0.61,-5.83,2.71,788810.0,0.0,26.31,Aug 04/b,26.33,2140000000.0000002
MDU,MDU Resources Group Inc,Utilities,Utilities - Regulated Gas,19.73,17.75,49.4,6.87,0.0,-0.37,8.38,-14.26,-9.06,0.72,-18.36,1.78,1630000.0,0.0,18.76,Aug 06/b,23.71,3950000000.0
MDXG,Mimedx Group Inc,Healthcare,Biotechnology,118.53,34.85,-255.9,-34.73,0.0,-0.8100000000000002,9.41,18.83,18.53,1.18,-41.41,1.0,1300000.0,0.0,4.67,Jul 29/a,7.4,680700000.0
MEC,Mayville Engineering Company Inc,Industrials,Metal Fabrication,,16.88,-71.96,23.16,-1.56,38.29,10.16,-53.620000000000005,-4.88,1.41,-55.730000000000004,1.0,583830.0,0.0,17.16,Aug 04/a,37.0,437590000.0
MEDS,DataMEDS AI Inc,Healthcare,Medical Distribution,,,-34.99,-77.15,0.0,4.0,27.96,37.2,-20.4,-2.42,-94.49,,4680000.0,51.03,4.02,Aug 17/b,,12760000.0
MEI,Methode Electronics Inc,Technology,Electronic Components,,94.32,-9.75,10.35,0.0,3.35,9.44,-25.53,159.17,1.54,-29.04,2.0,731270.0,0.0,14.46,Sep 02/a,22.0,515480000.0
METC,Ramaco Resources Inc,Basic Materials,Coking Coal,,,8.51,-5.33,-13.320000000000002,-7.13,31.94,-28.23,-41.52,1.63,-84.26,1.67,2029999.9999999998,0.09,9.1,Aug 04/a,19.89,527010000.0
MFA,MFA Financial Inc,Real Estate,REIT - Mortgage,8.21,5.87,60.08,47.94,0.0,-0.78,4.93,-16.82,-13.03,1.52,-21.28,2.0,1580000.0,0.11,8.21,Aug 05/b,10.38,829930000.0
MFIC,MidCap Financial Investment Corp,Financial,Asset Management,,7.12,-209.22,6.860000000000001,0.0,,3.44,-11.74,-17.71,0.67,-28.970000000000002,2.5,533670.0,0.01,8.88,Aug 06/b,10.41,731360000.0
MFP,Midera Food Processing Inc,Industrials,Specialty Industrial Machinery,,16.5,,,1.54,172.21,3.98,21.71,,,-18.98,2.0,867890.0,0.03,42.6,Aug 13/a,46.67,1930000000.0
MGM,MGM Resorts International,Consumer Cyclical,Resorts & Casinos,19.71,16.73,521.89,1.05,-0.01,-4.18,10.57,-34.46,-10.34,1.33,-36.88,2.33,2940000.0,0.06,32.57,Jul 29/a,49.65,8189999999.999999
MGNI,Magnite Inc,Communication Services,Advertising Agencies,21.52,17.47,75.23,11.24,-27.47,7.539999999999999,8.15,23.04,101.71999999999998,2.33,-12.44,1.33,2580000.0,0.0,23.5,Aug 05/a,29.22,3370000000.0
MGNX,Macrogenics Inc,Healthcare,Biotechnology,,,153.45,47.62,-1.36,11.87,11.44,-22.84,27.99,1.2,-26.179999999999996,2.17,750590.0,0.0,3.75,Aug 13/a,8.0,238880000.0
MGTX,MeiraGTx Holdings plc,Healthcare,Biotechnology,15.46,,455.90000000000003,8608.59,-1.28,11.98,5.45,-9.91,44.89,1.33,-28.93,1.25,859910.0,0.0,10.91,Aug 13/b,27.75,1050000000.0
MGY,Magnolia Oil & Gas Corp,Energy,Oil & Gas E&P,10.81,8.02,135.03,50.11,0.0,0.8100000000000002,10.68,-4.08,-23.73,0.78,-24.66,1.68,4800000.0,0.0,24.68,Aug 05/a,33.11,5850000000.0
MH,McGraw Hill Inc,Consumer Defensive,Education & Training Services,26.26,6.13,9980.0,2.65,0.01,-3.2300000000000004,9.62,37.03,-2.53,-0.83,-29.28,1.23,710910.0,0.01,12.73,Aug 13/b,17.92,2440000000.0
MHK,Mohawk Industries Inc,Consumer Cyclical,"Furnishings, Fixtures & Appliances",16.51,12.43,37.59,6.76,-2.08,-2.17,9.66,4.82,29.34,1.17,-11.26,2.56,945510.0,0.01,124.5,Jul 30/a,135.57,7520000000.0
MIAX,Miami International Holdings Inc,Financial,Capital Markets,45.07,18.22,34.81,18.26,-10.99,31.34,7.92,-5.0,-6.22,1.65,-38.76,2.14,1620000.0,0.01,34.99,Aug 05/a,51.4,3470000000.0
MIDD,Middleby Corp,Industrials,Specialty Industrial Machinery,,13.71,-39.36,-10.46,0.0,-2.78,4.38,-23.47,2.94,1.32,-28.300000000000004,1.5,630590.0,0.0,106.51,Aug 11/b,155.89,4820000000.0
MIR,Mirion Technologies Inc,Industrials,Specialty Industrial Machinery,177.32,23.43,-18.13,19.69,0.08,2.81,16.93,-10.42,-12.58,1.09,-48.34,1.27,3910000.0,0.0,15.64,Jul 28/a,24.27,3890000000.0
MIRM,Mirum Pharmaceuticals Inc,Healthcare,Biotechnology,,,-799.75,37.92,-1.6099999999999999,5.06,11.68,-22.2,8.21,0.6,-26.38,1.07,723920.0,0.23,95.7,Aug 05/a,138.21,6210000000.0
MITK,Mitek Systems Inc,Technology,Software - Application,37.79,14.93,236.20000000000002,18.17,-7.04,4.64,9.58,-10.06,34.5,0.93,-16.29,1.0,788840.0,0.03,17.62,Aug 06/a,23.62,795060000.0
MKTX,MarketAxess Holdings Inc,Financial,Capital Markets,19.3,18.91,1.31,-2.75,-2.05,-0.71,6.73,49.0,-0.2,0.8,-16.42,2.86,1050000.0,0.0,163.79,Jul 30/b,158.0,5770000000.0
MLKN,MillerKnoll Inc,Consumer Cyclical,"Furnishings, Fixtures & Appliances",14.22,8.83,30.11,-3.38,0.0,-0.55,5.74,0.5,33.47,1.34,-18.82,2.0,725280.0,0.0,20.06,Sep 22/b,33.0,1380000000.0
MLYS,Mineralys Therapeutics Inc,Healthcare,Biotechnology,,,-330.32,,-0.51,12.11,15.14,-3.7900000000000005,9.21,0.68,-45.73,1.22,1080000.0,0.0,25.86,Aug 11/a,48.5,2290000000.0
MMED,MiniMed Group Inc,Healthcare,Medical Instruments & Supplies,,30.75,100.0,16.44,0.0,1.7399999999999998,50.04,40.31,30.84,,-18.22,1.38,1730000.0,0.0,19.98,Sep 01/b,25.82,5620000000.0
MMS,Maximus Inc,Industrials,Specialty Business Services,7.77,6.29,4.98,-5.15,0.0,-0.9199999999999999,6.44,-3.52,-20.32,0.58,-47.39,1.33,664290.0,0.0,52.61,Aug 06/b,92.5,2750000000.0
MMSI,Merit Medical Systems Inc,Healthcare,Medical Instruments & Supplies,36.07,18.97,20.3,9.83,-1.56,3.92,6.77,21.99,26.239999999999995,0.5,-7.6499999999999995,1.67,840570.0,0.0,87.5,Jul 30/a,101.45,5220000000.0
MNKD,Mannkind Corp,Healthcare,Biotechnology,,,-3033.33,42.92,-1.15,-3.37,9.58,-20.22,48.36,1.08,-48.04,1.25,4520000.0,0.02,3.38,Aug 05/a,7.97,1090000000.0
MNR,Mach Natural Resources LP,Energy,Oil & Gas E&P,20.04,7.95,-22.82,64.19,-3.9,-5.07,1.5,-15.47,-27.250000000000004,-0.42,-29.43,1.5,608550.0,0.0,10.6,Aug 06/a,17.56,1770000000.0
MNRO,Monro Inc,Consumer Cyclical,Auto Parts,68.39,34.7,70.53,-4.62,0.0,-5.09,31.05,-18.99,-11.18,1.09,-42.53,2.2,1030000.0,0.0,13.74,Jul 29/b,22.0,429570000.0
MNTN,MNTN Inc,Technology,Software - Application,14.58,9.89,123.63,20.56,-0.8699999999999999,16.98,10.61,21.26,28.98,1.02,-42.24,1.27,1120000.0,0.01,10.95,Aug 04/a,17.82,819090000.0
MNTS,Momentus Inc,Industrials,Aerospace & Defense,,,96.84,-86.91,6.29,12.560000000000002,8.5,-42.05,9.02,2.44,-87.72,1.0,1080000.0,0.19,4.23,Aug 18,8.0,92910000.0
MOH,Molina Healthcare Inc,Healthcare,Healthcare Plans,,19.64,-75.37,-4.84,-2.39,-5.21,6.24,-16.79,42.5,0.78,-22.01,2.74,971100.0,0.01,190.99,Oct 21/a,209.24,9970000000.0
MOS,Mosaic Company,Basic Materials,Agricultural Inputs,,15.45,-166.65,-6.04,-1.69,2.31,9.76,1.87,-8.56,0.91,-36.5,2.43,8130000.000000001,0.0,22.86,Aug 04/a,26.29,7270000000.0
MP,MP Materials Corp,Basic Materials,Other Industrial Metals & Mining,,59.04,39.6,119.65999999999998,-3.45,7.870000000000001,23.17,-12.5,-7.53,1.98,-52.22,1.29,5740000.0,0.24,47.9,Aug 06/a,72.46,8529999999.999999
MPLT,MapLight Therapeutics Inc,Healthcare,Biotechnology,,,-83.91,,12.86,-1.44,28.72,-70.85,-46.09,,-75.27,1.31,883160.0,0.02,10.0,Aug 13/a,25.75,528480000.0
MPT,Medical Properties Trust Inc,Real Estate,REIT - Healthcare Facilities,,,96.95,7.870000000000001,0.0,4.28,29.66,-23.16,-21.63,1.48,-45.13,2.62,8020000.0,0.0,3.55,Aug 10/b,5.12,2120000000.0
MQ,Marqeta Inc,Technology,Software - Infrastructure,172.27,33.51,1364.29,17.02,-0.57,-2.89,5.5,1.08,5.89,1.22,-24.15,2.8,1000000.0,0.0,16.9,Aug 04/a,20.11,1760000000.0
MQY,BlackRock MuniYield Quality Fund Inc,Financial,Closed-End Fund - Debt,,,,,,,0.07,-12.65,-6.97,0.72,-14.96,,534850.0,0.01,10.15,-,,1530000000.0
MRAM,Everspin Technologies Inc,Technology,Semiconductors,,138.0,-404.36000000000007,41.93,-13.99,-2.32,18.0,-20.37,103.17,1.9,-65.17,1.0,1210000.0,0.17,17.94,Aug 05/a,25.67,436830000.0
MRCY,Mercury Systems Inc,Industrials,Aerospace & Defense,,36.43,-95.27,6.11,-37.78,0.76,8.38,-26.69,13.170000000000002,0.97,-37.1,1.69,738520.0,0.01,80.8,Aug 18/a,116.27,4920000000.0
MRLN,Merlin Inc,Industrials,Aerospace & Defense,,,-2114.86,,0.0,0.86,26.44,-59.89,-80.13,1.85,-88.44,1.0,2140000.0,0.64,1.97,Aug 13/a,8.58,198650000.0
MRP,Millrose Properties Inc,Real Estate,REIT - Residential,9.59,8.51,11.59,32.11,2.03,1.6099999999999999,5.12,-10.37,-2.76,0.37,-20.32,1.0,1340000.0,0.02,27.5,Aug 04/b,37.17,4240000000.0
MRTN,Marten Transport Ltd,Industrials,Trucking,83.03,19.8,-25.85,-2.77,0.0,6.04,6.18,-26.33,0.08,1.0,-30.36,2.67,680340.0,0.0,12.87,Jul 23/a,17.5,1050000000.0
MRVI,Maravai LifeSciences Holdings Inc,Healthcare,Biotechnology,,,69.44,8.53,-0.08,8.83,11.12,22.19,145.95,0.55,-19.32,1.89,3330000.0,0.0,7.6,Aug 06/a,7.42,1970000000.0
MSM,MSC Industrial Direct Co Inc,Industrials,Industrial Distribution,29.28,22.12,40.8,7.82,0.0,-2.51,5.38,3.73,34.02,0.81,-7.24,2.64,728790.0,0.0,121.02,Oct 22/b,141.67,6760000000.0
MSS,Maison Solutions Inc,Consumer Defensive,Grocery Stores,,1.31,-455.41999999999996,-13.48,-22.47,42.58,8.17,-48.55,-77.08,4.11,-99.15,1.0,4280000.0,0.23,1.68,Jul 01,162.5,1470000.0
MTCH,Match Group Inc,Communication Services,Internet Content & Information,14.37,12.61,43.47,-1.23,-1.35,-2.35,4.29,5.09,36.85,1.44,-9.42,2.48,3350000.0,0.0,40.7,Aug 04/a,41.88,9340000000.0
MTDR,Matador Resources Co,Energy,Oil & Gas E&P,9.07,5.98,160.69,26.76,0.4,2.68,11.81,6.11,-19.33,0.96,-21.0,1.42,1970000.0,0.01,52.8,Aug 05/a,70.59,6530000000.0
MTG,MGIC Investment Corp,Financial,Insurance - Specialty,8.96,8.37,6.76,-2.91,-13.69,-4.81,4.18,1.56,11.47,0.65,-10.1,3.0,1870000.0,0.0,28.67,Jul 29/a,31.2,5880000000.0
MTH,Meritage Homes Corp,Consumer Cyclical,Residential Construction,13.46,11.03,-32.91,-13.77,-0.06,1.23,7.28,-23.6,7.35,1.33,-24.56,2.25,835880.0,0.0,64.41,Jul 29/a,80.38,4200000000.0
MTN,Vail Resorts Inc,Consumer Cyclical,Resorts & Casinos,30.78,22.38,-16.37,-6.98,0.0,3.18,17.68,0.22,7.12,0.77,-17.04,2.67,709510.0,0.0,135.5,Sep 28/a,144.77,4830000000.0
MUR,Murphy Oil Corp,Energy,Oil & Gas E&P,18.29,11.52,920.95,35.61,0.0,-1.33,7.48,8.85,-12.39,0.58,-14.859999999999998,2.89,1710000.0,0.01,36.9,Aug 05/a,40.53,5290000000.0
MVIS,Microvision Inc,Technology,Scientific & Technical Instruments,,,-97.72,850.3199999999999,0.0,-7.39,20.43,-64.49,-81.72,1.11,-93.12,1.0,1390000.0,0.04,1.59,Aug 06/a,30.0,48630000.0
MWA,Mueller Water Products Inc,Industrials,Specialty Industrial Machinery,15.13,13.45,28.24,4.1,-3.73,1.06,3.9,-18.16,-21.01,0.99,-31.1,3.0,1220000.0,0.0,21.36,Aug 05/a,29.5,3330000000.0
MWH,SOLV Energy Inc,Utilities,Utilities - Renewable,,15.49,5320.0,133.24,0.0,11.94,13.11,-29.69,-9.39,,-47.93,1.11,1940000.0,0.0,25.2,Aug 13/b,43.33,5100000000.0
MXCT,MaxCyte Inc,Healthcare,Medical Devices,,,28.42,-14.529999999999998,0.0,-4.52,1.24,-5.65,63.23,1.48,-37.27,1.33,957500.0,0.0,1.17,Aug 12/a,4.1,120750000.0
MXL,MaxLinear Inc,Technology,Semiconductors,,33.92,105.90000000000002,55.169999999999995,-11.32,-1.9,5.68,-15.71,437.8299999999999,3.99,-28.74,1.7,3310000.0,0.51,91.43,Jul 23/a,101.5,8289999999.999999
MYGN,Myriad Genetics Inc,Healthcare,Diagnostics & Research,,,87.25,-10.51,-0.11,-6.06,10.55,-27.35,-0.7,1.68,-50.519999999999996,3.3,2029999.9999999998,0.0,4.25,Jul 30/a,3.37,406510000.0
MYO,Myomo Inc,Healthcare,Medical Devices,,,15.439999999999998,21.26,4.89,-1.33,3.33,50.45,139.67,1.58,-11.41,1.0,603150.0,0.01,1.67,Aug 05/a,4.64,66150000.00000001
NABL,N-able Inc,Technology,Information Technology Services,,9.16,143.66,5.31,0.0,1.8799999999999997,7.6,7.32,-13.91,0.47,-54.669999999999995,2.57,2590000.0,0.0,3.96,Aug 10/b,4.68,748060000.0
NAC,Nuveen California Quality Municipal Income Fund,Financial,Closed-End Fund - Debt,,,,,,,0.32,-12.76,-8.36,0.57,-14.04,,638000.0,0.0,10.53,-,,1650000000.0
NAD,Nuveen Quality Municipal Income Fund,Financial,Closed-End Fund - Debt,,,,,0.01,,0.24,-16.25,-10.54,0.64,-17.95,,884640.0,0.06,10.1,-,,2360000000.0
NAGE,Niagen Bioscience Inc,Consumer Defensive,Packaged Foods,16.2,19.68,-72.01,-4.28,0.0,-8.56,7.69,-7.580000000000001,-27.390000000000004,2.01,-69.68,1.0,608290.0,0.0,3.05,Aug 04/a,12.08,241310000.0
NATL,NCR Atleos Corp,Technology,Software - Application,17.87,8.6,42.73,-0.09,0.0,4.86,6.07,6.59,5.98,0.56,-4.99,3.0,689080.0,0.0,46.08,Aug 05/b,50.2,3410000000.0
NAVI,Navient Corp,Financial,Credit Services,,9.44,89.9,-11.91,0.0,3.1300000000000003,13.02,4.83,10.81,1.17,-32.44,3.38,1190000.0,0.0,9.12,Aug 06/a,9.69,855310000.0
NAVN,Navan Inc,Technology,Software - Application,,48.32,26.99,35.38,-5.52,12.509999999999998,8.36,-18.6,58.07,,-37.5,1.0,3910000.0,0.0,19.3,Sep 09/a,30.87,5030000000.0
NB,NioCorp Developments Ltd,Basic Materials,Other Industrial Metals & Mining,,,78.38,,0.0,-2.56,7.4,-25.16,-24.5,0.13,-72.81,1.33,3130000.0,0.04,3.42,Sep 09,11.12,497910000.0
NBP,NovaBridge Biosciences ADR,Healthcare,Biotechnology,,,-112.22000000000001,-100.0,0.4099999999999999,-5.45,3.82,-29.799999999999997,-45.28,1.58,-79.53,1.0,514480.0,0.0,1.39,Aug 20/b,9.0,161240000.0
NCLH,Norwegian Cruise Line Holdings Ltd,Consumer Cyclical,Travel Services,9.09,8.6,618.98,4.89,47.18,6.3,20.92,-34.37,-22.2,1.95,-44.86,2.45,15690000.0,0.17,14.39,Jul 30/b,19.48,6610000000.0
NCMI,National Cinemedia Inc,Communication Services,Advertising Agencies,,56.5,7.200000000000001,12.740000000000002,-1.41,4.41,11.03,-39.73,-27.560000000000002,1.63,-52.12,1.4,941640.0,0.0,2.26,Aug 11/a,4.7,212600000.0
NCNO,Ncino Inc,Technology,Software - Application,64.37,12.37,136.4,8.19,-3.2199999999999998,-1.42,19.56,22.91,38.62,0.79,-31.430000000000003,1.76,2750000.0,0.0,19.42,Aug 25/a,24.08,2049999999.9999998
NCPL,Netcapital Inc,Financial,Capital Markets,,,79.42,-38.21,0.0,9.81,5.27,130.83,280.14,1.7,-51.62,1.0,19330000.0,0.11,1.33,Mar 19/a,2.25,10440000.0
NE,Noble Corp Plc,Energy,Oil & Gas Drilling,47.57,20.25,-186.62,-15.2,-0.45000000000000007,0.04,11.52,15.42,-11.66,1.0,-19.97,2.53,1460000.0,0.0,44.0,Jul 27/a,46.57,7020000000.0
NEA,Nuveen AMT-Free Quality Municipal Income Fund,Financial,Closed-End Fund - Debt,,,,,-1.08,,0.91,-13.94,-8.84,0.7,-15.97,,1160000.0,0.0,10.0,-,,3020000000.0
NEO,Neogenomics Inc,Healthcare,Diagnostics & Research,,56.77,104.85,11.21,-1.23,9.59,13.26,34.74,167.04,1.79,-4.24,1.67,2450000.0,0.01,19.2,Jul 28/a,19.72,2470000000.0
NEOG,Neogen Corp,Healthcare,Medical Devices,,33.56,98.16,-0.07,0.02,2.23,5.17,51.21,58.160000000000004,1.81,-3.51,1.8,2370000.0,0.01,13.76,Oct 06/a,13.33,3000000000.0
NEOV,NeoVolta Inc,Industrials,Electrical Equipment & Parts,,8.36,-403.93,-99.72,1.21,13.669999999999998,10.08,-6.81,-41.21,-0.38,-69.28,1.5,1840000.0,0.14,2.19,Sep 23/a,9.75,129240000.00000001
NESR,National Energy Services Reunited Corp,Energy,Oil & Gas Equipment & Services,35.26,10.81,173.86,59.07,-37.18,9.47,4.73,12.659999999999998,49.22,0.45,-13.11,1.14,2029999.9999999998,0.01,32.1,Aug 10/b,43.29,3240000000.0
NEXT,NextDecade Corp,Energy,Oil & Gas Equipment & Services,,24.19,-5.79,,0.0,-1.56,17.04,-8.97,-17.59,1.52,-27.49,2.17,2590000.0,0.07,6.7,Jul 30/b,9.08,1780000000.0
NFG,National Fuel Gas Co,Energy,Oil & Gas Integrated,10.96,10.48,-11.92,-9.49,0.0,2.75,5.41,0.27,-17.32,0.4,-18.82,2.2,689380.0,0.01,78.79,Jul 29/a,92.0,7490000000.0
NG,Novagold Resources Inc,Basic Materials,Gold,,,62.519999999999996,,0.0,0.51,7.63,13.639999999999999,-16.61,0.92,-52.56000000000001,1.0,5570000.0,0.23,6.83,Oct 08/b,14.24,3000000000.0
NHI,National Health Investors Inc,Real Estate,REIT - Healthcare Facilities,19.46,21.52,45.25,33.67,0.2,6.54,4.19,-13.350000000000001,-18.2,0.51,-26.419999999999998,1.67,539720.0,0.0,67.24,Aug 10/a,81.56,3300000000.0
NHP,National Healthcare Properties Inc,Real Estate,REIT - Healthcare Facilities,,503.08,62.96000000000001,2.58,0.0,53.949999999999996,8.74,11.53,,,-6.36,2.0,718500.0,0.0,16.35,Aug 05/a,18.94,316830000.0
NIQ,NIQ Global Intelligence plc,Technology,Software - Application,,13.92,-116.32000000000001,8.01,0.05,-1.16,5.89,106.93,75.75,-0.19,-8.78,1.43,1540000.0,0.0,17.96,Aug 10/a,19.69,5300000000.0
NJR,New Jersey Resources Corp,Utilities,Utilities - Regulated Gas,13.99,14.7,163.47,8.07,-2.6,3.35,4.03,-11.22,-7.42,0.49,-16.96,2.0,678810.0,0.0,50.54,Aug 03/a,61.83,5130000000.0
NKTR,Nektar Therapeutics,Healthcare,Biotechnology,,,58.379999999999995,-9.34,-2.91,31.3,17.35,-12.8,-16.95,-0.83,-47.69,1.33,1000000.0,0.02,57.02,Aug 13/a,141.4,1950000000.0
NKTX,Nkarta Inc,Healthcare,Biotechnology,,,-74.47,,-0.01,2.51,6.09,-4.21,32.52,0.93,-26.61,1.0,673690.0,0.07,2.73,Aug 10/a,10.83,195540000.0
NMAX,Newsmax Inc,Communication Services,Broadcasting,,50.56,103.81,16.53,-0.77,6.35,7.78,39.72,84.86,2.65,-17.53,1.0,1140000.0,0.02,10.87,Aug 13/a,18.5,1400000000.0
NMFC,New Mountain Finance Corp,Financial,Asset Management,,6.65,152.77,-82.98,-0.52,,4.07,-2.65,-6.93,0.65,-29.24,3.14,527620.0,0.0,6.98,Aug 03/a,8.29,659280000.0
NMIH,NMI Holdings Inc,Financial,Insurance - Specialty,8.11,7.48,13.750000000000002,8.12,-11.23,0.48,2.68,1.5,9.89,0.55,-11.79,1.5,535720.0,0.0,41.23,Jul 30/a,49.86,3100000000.0
NMRK,Newmark Group Inc,Real Estate,Real Estate Services,16.08,5.86,-5.36,18.91,0.0,3.2099999999999995,4.07,-15.27,-9.58,1.74,-34.81,1.5,1610000.0,0.02,12.93,Jul 29/b,19.75,2340000000.0
NMZ,Nuveen Municipal High Income Opportunity Fund,Financial,Closed-End Fund - Debt,,,,,,,0.07,-14.34,-10.43,0.73,-16.25,,791830.0,0.19,9.02,-,,1940000000.0
NN,NextNav Inc,Technology,Software - Infrastructure,,,50.1,-4.33,-0.28,7.99,16.61,-20.58,-20.76,1.15,-42.01,1.0,2590000.0,0.01,14.16,Aug 11/a,31.25,2390000000.0
NNBR,NN Inc,Industrials,Conglomerates,,18.87,49.34,19.29,-22.58,17.92,4.77,-0.9399999999999998,137.48,2.67,-19.96,1.0,3960000.0,0.07,3.59,Aug 05/a,6.67,296120000.0
NNE,Nano Nuclear Energy Inc,Industrials,Specialty Industrial Machinery,,,0.9199999999999999,,-15.61,0.61,34.49,-21.67,-17.69,5.43,-72.56,1.25,2029999.9999999998,0.31,16.7,Aug 12/a,37.75,896760000.0
NNN,NNN REIT Inc,Real Estate,REIT - Retail,20.35,19.53,-3.91,7.7,0.0,1.73,3.34,-12.740000000000002,-1.53,0.75,-17.4,2.83,1580000.0,0.01,41.3,Aug 05/b,47.69,7930000000.0
NOG,Northern Oil and Gas Inc,Energy,Oil & Gas E&P,,6.08,118.5,16.79,0.84,-4.25,21.15,32.08,-23.85,0.91,-24.7,2.36,2690000.0,0.06,23.47,Aug 06/a,30.5,2500000000.0
NOV,NOV Inc,Energy,Oil & Gas Equipment & Services,77.5,15.9,7.73,-2.47,-0.38,-1.22,7.74,9.55,2.02,0.97,-7.93,2.68,3320000.0,0.0,20.19,Jul 28/a,22.44,7200000000.0
NP,Neptune Insurance Holdings Inc,Financial,Insurance Brokers,119.92,40.91,28.27,32.82,-13.320000000000002,36.13,4.54,-8.21,15.98,,-21.74,1.93,718720.0,0.0,27.51,Jul 21/a,34.54,3780000000.0
NPKI,NPK International Inc,Industrials,Building Products & Equipment,25.91,18.6,37.5,19.57,-5.41,2.88,3.45,-24.92,-18.72,1.45,-28.970000000000002,1.0,900290.0,0.0,11.72,Jul 29/a,20.0,995140000.0
NPWR,NET Power Inc,Industrials,Specialty Industrial Machinery,,,-150.75,,-4.61,0.48,6.82,-2.99,3.85,1.15,-68.85,1.5,784360.0,0.03,1.62,Aug 13/a,2.83,364270000.0
NRDS,Nerdwallet Inc,Communication Services,Internet Content & Information,9.55,8.66,-38.88,5.56,-10.28,-3.6900000000000004,15.98,-6.39,-19.28,1.24,-47.66,2.0,706480.0,0.0,8.5,Aug 06/a,11.8,543350000.0
NRGV,Energy Vault Holdings Inc,Utilities,Utilities - Renewable,,,17.79,104.05,-0.22,19.63,23.79,-3.11,23.86,1.26,-34.39,1.8,4970000.0,0.01,4.36,Aug 11/a,6.21,792820000.0
NRIX,Nurix Therapeutics Inc,Healthcare,Biotechnology,,,-55.54,-79.47,-2.86,-6.54,18.19,-7.090000000000001,50.13999999999999,1.81,-21.5,1.21,1350000.0,0.0,22.16,Jul 09/a,33.93,2300000000.0
NRXP,NRX Pharmaceuticals Inc,Healthcare,Biotechnology,,,55.24,,0.0,13.449999999999998,25.55,-25.239999999999995,36.54,2.06,-40.84,1.0,892910.0,0.32,2.99,Aug 17/b,34.67,129470000.0
NSP,Insperity Inc,Industrials,Staffing & Employment Services,,17.73,177.96,1.69,14.81,3.1,8.41,15.42,78.34,0.56,-14.44,3.0,533230.0,0.0,47.83,Jul 29/a,51.75,1830000000.0
NTCT,Netscout Systems Inc,Technology,Software - Infrastructure,24.05,13.62,670.57,12.68,-1.14,2.51,5.34,-5.17,20.98,0.69,-12.9,2.0,624410.0,0.0,39.44,Aug 06/b,47.67,2870000000.0
NTLA,Intellia Therapeutics Inc,Healthcare,Biotechnology,,,18.15,-46.23,-0.61,29.770000000000003,34.85,-29.5,-5.34,1.8,-58.550000000000004,2.26,4019999.9999999995,0.16,11.71,Aug 06/b,23.81,1640000000.0
NTSK,Netskope Inc,Technology,Software - Infrastructure,,419.06,-15.79,29.15,-2.23,13.47,5.34,66.75,126.39,3.14,-29.94,1.32,5480000.0,0.02,17.5,Sep 02/a,18.32,7150000000.0
NTST,Netstreit Corp,Real Estate,REIT - Retail,129.0,42.26,52.629999999999995,26.8,-0.14,13.47,14.11,-15.15,-2.68,0.79,-19.23,1.58,1980000.0,0.0,18.15,Jul 22/a,22.81,1850000000.0
NUAI,New Era Energy & Digital Inc,Technology,Software - Infrastructure,,,2.39,-82.55,0.0,131.46,30.78,12.73,67.18,1.24,-26.72,1.0,7710000.0,0.08,6.92,Aug 14/a,10.67,737540000.0
NUS,Nu Skin Enterprises Inc,Consumer Defensive,Household & Personal Products,,4.0,-1304.66,-17.1,-1.18,-0.09,10.09,-11.95,-34.92,0.9,-63.14999999999999,3.0,616150.0,0.01,4.64,Aug 10/a,12.77,225860000.0
NUV,Nuveen Municipal Value Fund Inc,Financial,Closed-End Fund - Debt,,,,,,,0.11,-11.57,-7.88,0.37,-11.66,,622250.0,0.0,8.18,-,,1720000000.0
NUVB,Nuvation Bio Inc,Healthcare,Biotechnology,,,-4.04,555.64,-0.59,5.55,23.09,1.07,33.41,1.6,-41.85,1.17,6350000.0,0.01,5.67,Aug 06/b,13.1,2000000000.0
NVAX,Novavax Inc,Healthcare,Biotechnology,,,-153.98,-76.3,0.0,0.09,31.82,12.07,24.14,2.46,-12.36,2.29,4540000.0,0.1,10.49,Aug 06/b,14.71,1730000000.0
NVG,Nuveen AMT-Free Municipal Credit Income Fund,Financial,Closed-End Fund - Debt,,,,,,,0.34,-22.53,-17.03,0.79,-26.83,,631640.0,0.31,9.94,-,,2150000000.0
NVST,Envista Holdings Corp,Healthcare,Medical Instruments & Supplies,41.23,14.23,110.55,7.1,-0.21,6.15,6.51,-12.18,-3.54,0.88,-21.99,2.07,2850000.0,0.0,23.73,Aug 05/a,30.0,3810000000.0
NVTS,Navitas Semiconductor Corp,Technology,Semiconductors,,,-284.43,-27.339999999999996,-10.14,13.83,17.85,-32.64,44.32,3.96,-65.03,2.86,13850000.0,0.42,11.95,Jul 27/a,14.37,3120000000.0
NWBI,Northwest Bancshares Inc,Financial,Banks - Regional,14.68,10.58,38.52,18.31,0.14,1.7000000000000002,6.25,1.59,23.27,0.69,-5.26,2.75,1080000.0,0.0,15.31,Jul 27/a,16.57,2240000000.0
NWL,Newell Brands Inc,Consumer Defensive,Household & Personal Products,,7.92,125.42999999999999,3.05,-6.03,8.28,9.65,-10.4,59.709999999999994,0.86,-23.84,2.8,9610000.0,0.0,5.43,Jul 31/b,6.66,2310000000.0
NXDR,Nextdoor Holdings Inc,Communication Services,Internet Content & Information,,,86.03,14.529999999999998,-0.4099999999999999,4.82,2.81,8.77,82.35,1.42,-33.33,2.2,2470000.0,0.0,2.48,Aug 04/a,3.35,959380000.0
NXH,Neighborhood Intelligence Inc,Consumer Cyclical,Internet Retail,,,-58.22999999999999,27.96,0.9199999999999999,6.11,15.82,-44.76,-24.03,2.99,-73.75,2.14,2460000.0,0.1,3.32,Aug 04/a,10.12,317050000.0
NXTC,Nextcure Inc,Healthcare,Biotechnology,,,75.16,,73.79,-14.730000000000002,2.75,194.71,-48.48,1.33,-67.23,1.0,2120000.0,0.0,5.16,Aug 06/a,20.0,23600000.0
NZF,Nuveen Municipal Credit Income Fund,Financial,Closed-End Fund - Debt,,,,,0.67,,0.35,-13.209999999999999,-7.46,0.75,-15.21,,675380.0,0.07,11.04,-,,2170000000.0
OABI,OmniAb Inc,Healthcare,Biotechnology,,,69.59,244.24,-0.12,-4.33,6.01,80.54,207.28,0.61,-14.550000000000002,1.0,1360000.0,0.0,4.64,Aug 06/a,7.64,674610000.0
OBDC,Blue Owl Capital Corp,Financial,Asset Management,18.99,8.39,-50.690000000000005,-23.57,0.17,,3.89,-2.88,-0.01,0.69,-20.23,1.38,3580000.0,0.07,10.81,Aug 05/a,13.17,5330000000.0
OC,Owens Corning,Industrials,Building Products & Equipment,,10.34,-33.96,0.33,-0.38,2.35,3.01,-8.48,15.24,1.3,-22.51,1.8,1080000.0,0.0,123.91,Aug 05/b,173.8,9790000000.0
OCFC,OceanFirst Financial Corp,Financial,Banks - Regional,20.1,7.47,-115.36,32.13,-0.8500000000000001,28.439999999999998,5.91,-12.36,-1.8900000000000001,0.99,-17.08,2.14,1040000.0,0.0,17.09,Jul 30/a,22.25,1680000000.0
OCGN,Ocugen Inc,Healthcare,Biotechnology,,,-45.35,8.38,-5.64,11.65,32.08,-38.4,-44.98,2.25,-62.25000000000001,1.0,6890000.0,0.09,1.03,Aug 06/b,12.08,348870000.0
OCSL,Oaktree Specialty Lending Corp,Financial,Asset Management,25.01,8.8,-19.34,-67.83,0.42,,3.64,0.24,10.22,0.56,-15.740000000000002,3.0,504650.0,0.03,11.99,Aug 05/b,12.5,1060000000.0
OCTV,Octave Intelligence Plc,Technology,Software - Application,,12.99,,,0.0,28.99,1.33,12.619999999999997,,,-38.13,1.67,2040000.0,0.04,18.56,Aug 12/b,23.02,4980000000.0
OCUL,Ocular Therapeutix Inc,Healthcare,Biotechnology,,,10.89,0.12,-0.39,-0.2,14.91,-3.04,27.140000000000004,0.96,-41.61,1.08,2450000.0,0.01,9.6,Aug 03/b,27.17,2109999999.9999998
OGE,Oge Energy Corp,Utilities,Utilities - Regulated Electric,19.76,17.32,5.23,-4.0,-1.6500000000000001,2.3,5.29,-8.35,-5.11,0.49,-10.83,2.36,1470000.0,0.01,45.11,Jul 29/b,51.56,9320000000.0
OGN,Organon & Co,Healthcare,Drug Manufacturers - General,17.57,3.78,-28.360000000000003,-2.26,0.7,0.1,6.72,1.21,134.83,1.54,-0.51,3.0,2720000.0,0.0,13.71,Aug 11,14.0,3600000000.0
OGS,ONE Gas Inc,Utilities,Utilities - Regulated Gas,15.49,14.23,39.88,-2.86,0.0,1.8799999999999997,6.15,-9.84,-16.31,0.62,-20.91,1.7,566970.0,0.0,71.8,Aug 04/a,89.06,4510000000.0
OI,O-I Glass Inc,Consumer Cyclical,Packaging & Containers,,3.9,-19384.0,-2.23,1.18,2.23,11.41,-38.89,-42.83,0.66,-65.35,2.3,3390000.0,0.01,5.86,Jul 28/a,9.59,900450000.0
OIG,Orion180 Insurance Group Inc,Financial,Insurance - Property & Casualty,,,,,0.0,,,,,,-20.32,,1430000.0,0.0,9.61,-,,951700000.0
OII,Oceaneering International Inc,Energy,Oil & Gas Equipment & Services,13.32,19.59,20.2,10.03,-6.08,3.35,7.7,15.560000000000002,26.669999999999998,1.23,-14.730000000000002,3.0,1060000.0,0.0,46.26,Oct 21/a,46.0,4600000000.0
OIS,Oil States International Inc,Energy,Oil & Gas Equipment & Services,,11.3,112.45,-5.29,-0.8500000000000001,-0.72,4.45,2.48,-31.0,1.19,-42.9,1.75,607870.0,0.0,8.28,Jul 30/b,11.0,499470000.0
OKLO,Oklo Inc,Utilities,Utilities - Independent Power Producers,,,-56.3,,-7.380000000000001,-6.07,21.39,-29.04,-25.46,1.2,-80.69,2.1,9780000.0,0.26,37.44,Aug 07/b,71.97,6960000000.0
OLED,Universal Display Corp,Technology,Electronic Components,18.41,16.16,-24.92,-11.43,0.28,5.7,11.01,-11.78,-17.18,1.52,-50.39,1.64,768920.0,0.0,76.09,Jul 30/a,114.0,3500000000.0
OLLI,Ollies Bargain Outlet Holdings Inc,Consumer Defensive,Discount Stores,18.96,17.17,42.99,9.09,-4.07,3.58,14.63,17.31,-4.92,0.43,-37.05,1.47,1900000.0,0.0,84.85,Sep 02/b,99.93,5040000000.0
OLMA,Olema Pharmaceuticals Inc,Healthcare,Biotechnology,,,-18.14,,-0.15,0.19,22.86,-28.660000000000004,-36.33,1.99,-76.0,1.17,1200000.0,0.01,8.7,Aug 10/a,36.5,761500000.0
OLN,Olin Corp,Basic Materials,Chemicals,,27.81,-933.63,-0.93,0.0,-2.49,11.38,-20.32,-42.81,1.22,-45.54,2.7,3010000.0,0.01,16.59,Jul 30/a,21.25,1890000000.0
OMCL,Omnicell Inc,Healthcare,Health Information Services,39.8,16.11,337.17,7.449999999999999,-1.35,3.2,7.47,-16.12,-4.38,0.99,-35.07,1.25,716880.0,0.0,33.66,Jul 30/b,57.86,1540000000.0
OMDA,Omada Health Inc,Healthcare,Health Information Services,302.13,44.55,189.42,43.12,-1.08,13.209999999999999,23.87,-8.26,67.69,1.95,-26.14,1.42,1410000.0,0.04,19.88,Aug 06/a,28.42,1220000000.0
OMER,Omeros Corp,Healthcare,Biotechnology,13.61,18.52,134.01,,-3.82,8.41,18.03,97.51,98.11,2.57,-7.85,1.5,1970000.0,0.04,19.57,Aug 12/a,36.67,1420000000.0
OMF,OneMain Holdings Inc,Financial,Credit Services,8.79,6.84,-6.12,5.79,-1.9900000000000002,0.17,3.51,-6.559999999999999,13.019999999999998,1.2,-19.0,1.81,1010000.0,0.01,58.26,Jul 29/b,69.29,6700000000.0
ONB,Old National Bancorp,Financial,Banks - Regional,11.52,8.93,93.78,9.55,-0.07,-11.18,6.23,0.25,20.69,0.86,-5.47,1.6,4230000.0,0.0,25.86,Oct 21/b,30.07,9890000000.0
ONCO,Onconetix Inc,Healthcare,Biotechnology,,,99.46,-83.92,39.97,0.29,3.1,22.6,-93.97,2.64,-99.44,,1830000.0,113.79,1.17,-,,5120000.0
ONDS,Ondas Inc,Technology,Communication Equipment,85.13,,-138.72,1235.35,-5.21,17.29,44.04,-5.11,-13.52,2.91,-50.19,1.0,83040000.0,0.12,7.61,Aug 13/b,19.42,4430000000.0
ONT,Onterris Inc,Industrials,Waste Management,,70.34,-90.95,-20.42,1.19,13.16,13.69,-29.01,-31.39,1.81,-53.11,2.14,690500.0,0.04,14.49,Aug 05/a,20.33,508850000.0
OPCH,Option Care Health Inc,Healthcare,Medical Care Facilities,17.46,11.07,14.13,1.86,3.51,-40.99,8.22,5.73,-16.86,0.58,-37.31,1.79,2320000.0,0.0,23.07,Jul 29/b,28.58,3460000000.0
OPEN,Opendoor Technologies Inc,Real Estate,Real Estate Services,,,-321.36,-43.65,-0.0,10.23,26.24,-45.0,-47.29,3.72,-73.89,3.0,54500000.0,0.22,2.53,Aug 04/a,4.27,2460000000.0
OPFI,OppFi Inc,Financial,Credit Services,3.7,3.25,122.96000000000001,1.91,-0.03,0.31,6.33,-32.33,-18.55,1.76,-49.54,1.67,900700.0,0.0,6.28,Aug 10/a,13.31,535110000.0
OPK,Opko Health Inc,Healthcare,Diagnostics & Research,,,94.11,4.32,0.0,0.55,9.38,5.96,42.86,1.52,-8.57,1.67,3540000.0,0.01,1.6,Jul 27/a,4.38,1190000000.0
OPLN,Openlane Inc,Consumer Cyclical,Auto & Truck Dealerships,,20.12,108.57999999999998,15.130000000000003,-45.65,6.4,2.29,-18.83,29.830000000000002,1.27,-18.83,1.67,1240000.0,0.0,34.82,Aug 04/b,46.22,4280000000.0000005
OPRT,Oportun Financial Corp,Financial,Credit Services,21.46,4.39,20.33,-0.48,-0.15,-2.56,2.89,49.56,91.29,1.27,-1.04,2.0,519320.00000000006,0.21,8.57,Aug 05/a,9.75,394110000.0
OPTU,Optimum Communications Inc,Communication Services,Telecom Services,,,-225.51000000000002,-5.75,2.44,-24.21,10.47,-39.16,-26.280000000000005,1.18,-63.13999999999999,3.54,4920000.0,0.0,1.01,Aug 06/b,1.08,385250000.0
ORA,Ormat Technologies Inc,Utilities,Utilities - Renewable,44.83,37.29,-5.77,10.57,-8.37,4.89,9.93,-17.16,-18.29,0.89,-37.49,1.92,897380.0,0.18,91.51,Aug 05/a,131.55,5630000000.0
ORBS,Eightco Holdings Inc,Consumer Cyclical,Packaging & Containers,,,111.55999999999999,-72.71,0.77,10.91,6.68,60.02000000000001,10.89,2.63,-91.35,,13290000.0,0.79,1.12,-,,481350000.0
ORC,Orchid Island Capital Inc,Real Estate,REIT - Mortgage,3.84,5.53,251.29999999999998,95.82,0.0,2.47,8.22,-17.94,-16.75,1.56,-31.91,3.0,4930000.0,0.13,5.72,Jul 23/a,7.5,1130000000.0
ORGO,Organogenesis Holdings Inc,Healthcare,Drug Manufacturers - Specialty & Generic,,,-702.49,-56.68,0.0,4.88,19.83,-42.56,-39.3,1.25,-80.36,3.0,792360.0,0.47,1.39,Aug 06/a,2.0,178860000.0
ORI,Old Republic International Corp,Financial,Insurance - Property & Casualty,8.29,11.51,60.77,13.37,-0.24,-0.96,4.73,-8.79,-4.0,0.57,-15.24,2.6,1330000.0,0.01,37.85,Jul 23/b,43.5,9140000000.0
ORIC,ORIC Pharmaceuticals Inc,Healthcare,Biotechnology,,,17.45,,-0.26,6.41,25.7,28.999999999999996,8.62,0.98,-12.26,1.13,1540000.0,0.01,13.1,Aug 03/a,21.08,1360000000.0
ORKA,Oruka Therapeutics Inc,Healthcare,Biotechnology,,,-12.26,,-34.73,53.49,12.97,-9.74,87.67,-0.37,-27.74,1.07,1060000.0,0.01,83.48,Aug 10/b,153.15,5530000000.0
ORN,Orion Group Holdings Inc,Industrials,Engineering & Construction,93.75,19.28,-585.31,8.08,-0.33,2.99,7.1,-50.01,-21.24,1.42,-50.74999999999999,1.0,541590.0,0.0,8.57,Jul 28/a,14.99,347000000.0
OSCR,Oscar Health Inc,Healthcare,Healthcare Plans,21.56,12.58,221.42,70.4,-6.06,8.97,7.07,0.24,164.99,2.47,-14.39,2.54,5540000.0,0.02,29.52,Aug 06/b,35.36,9110000000.0
OSK,Oshkosh Corp,Industrials,Farm & Heavy Construction Machinery,15.09,9.43,-7.6499999999999995,6.7,-0.26,-5.53,3.25,-14.19,-6.03,1.24,-26.950000000000003,2.0,724770.0,0.01,131.84,Jul 28/b,168.8,8140000000.000001
OSS,One Stop Systems Inc,Technology,Computer Hardware,181.29,150.17,-216.2,-33.74,-0.44,6.11,23.24,-45.66,17.55,1.44,-56.85,1.0,973390.0,0.14,9.01,Aug 05/b,19.25,224750000.0
OSTX,OS Therapies Inc,Healthcare,Biotechnology,,,-8.86,,0.0,0.01,4.83,-24.8,19.46,-0.67,-25.14,1.0,632950.0,0.14,1.68,Aug 14/b,8.5,78840000.0
OTF,Blue Owl Technology Finance Corp,Financial,Asset Management,12.8,7.52,-22.19,4.65,0.03,,1.5,-3.0,-14.93,-0.5,-30.130000000000003,1.89,2450000.0,0.0,10.34,Aug 05/a,13.61,4740000000.0
OUST,Ouster Inc,Technology,Electronic Components,,5688.0,27.46,55.86,-28.7,9.24,9.81,-21.1,141.56,3.25,-33.12,1.43,3300000.0,0.31,42.66,Aug 06/a,58.5,3080000000.0
OUT,Outfront Media Inc,Real Estate,REIT - Specialty,19.98,18.58,323.88,13.54,-1.55,1.27,5.6,-17.25,6.69,1.53,-21.72,1.29,1780000.0,0.0,27.36,Aug 05/a,38.0,4820000000.0
OVID,Ovid Therapeutics Inc,Healthcare,Biotechnology,,,-15.329999999999998,-88.31,0.0,26.82,11.69,-11.76,4.35,0.22,-22.71,1.0,1990000.0,0.01,2.4,Aug 13/b,6.0,468710000.0
OXLC,Oxford Lane Capital Corp,Financial,Closed-End Fund - Debt,,2.0,-3197.25,-25.619999999999997,0.0,,5.9,2.04,-4.56,0.68,-48.12,1.0,892100.0,0.45,8.99,Jul 28/b,12.5,881290000.0
OXSQ,Oxford Square Capital Corp,Financial,Asset Management,,5.82,-32.89,-41.87,4.35,0.39,4.25,-3.7599999999999993,-23.81,0.33,-37.56,3.0,1550000.0,0.25,1.28,Jul 31/b,1.75,137870000.0
OZK,Bank OZK,Financial,Banks - Regional,7.75,7.76,-5.72,-3.82,,-0.5,15.13,-10.02,3.26,0.9,-12.17,2.8,1160000.0,0.0,46.89,Jul 21/a,54.56,5120000000.0
PAAI,Paradium.AI Inc,Communication Services,Internet Content & Information,8.6,56.19,-100.16000000000001,-50.72,0.0,-2.19,3.8,90.47,-26.39,0.78,-74.34,3.0,2130000.0,0.48,1.69,Aug 10/a,2.0,80260000.0
PACB,Pacific Biosciences of California Inc,Healthcare,Medical Devices,,,-3.08,-1.91,-0.45000000000000007,0.43,17.15,-8.68,25.39,2.29,-42.13,2.25,6690000.0,0.07,1.58,Aug 05/a,2.16,491090000.0
PACK,Ranpak Holdings Corp,Consumer Cyclical,Packaging & Containers,,,-3.6000000000000005,13.98,0.0,-2.74,3.97,-39.95,19.29,3.13,-43.79,1.67,505540.0,0.0,4.39,Jul 30/b,7.08,376480000.0
PACS,PACS Group Inc,Healthcare,Medical Care Facilities,24.97,15.91,53.07999999999999,9.07,-1.53,5.25,8.24,4.33,36.22,-0.11,-15.8,1.0,842460.0,0.0,41.67,Aug 04/a,59.0,6600000000.0
PAL,Proficient Auto Logistics Inc,Industrials,Integrated Freight & Logistics,,6.43,-147.34,-5.32,-0.05,-0.2,13.66,-48.22,-42.24,1.2,-66.72,1.75,623430.0,0.01,3.65,Aug 10/a,12.0,102400000.0
PALI,Palisade Bio Inc,Healthcare,Biotechnology,,,91.38,,-0.73,7.249999999999999,18.42,-33.94,-26.35,1.6,-48.4,1.0,3160000.0,0.09,1.47,Aug 10/a,10.4,256720000.00000003
PAR,Par Technology Corp,Technology,Software - Application,,9.85,21.17,18.69,140.23,-5.19,22.27,-16.8,3.6900000000000004,1.33,-65.32,1.44,974590.0,0.0,14.06,Aug 06/a,25.31,581560000.0
PARR,Par Pacific Holdings Inc,Energy,Oil & Gas Refining & Marketing,4.58,6.15,699.13,56.8,-12.82,-3.45,9.39,38.42,19.45,0.76,-10.58,1.43,1000000.0,0.03,78.44,Aug 04/a,86.57,3930000000.0
PATH,UiPath Inc,Technology,Software - Infrastructure,17.87,13.05,2279.31,13.419999999999998,-1.39,9.86,26.08,12.45,12.35,0.98,-39.47,2.75,69670000.0,0.14,12.01,Sep 03/a,16.16,6260000000.0
PATK,Patrick Industries Inc,Consumer Cyclical,Recreational Vehicles,16.17,12.9,33.27,-0.56,2.11,-0.61,16.2,-27.02,-36.68,1.13,-54.21,1.73,666030.0,0.05,68.0,Jul 30/b,107.55,2180000000.0
PAVS,Paranovus Entertainment Technology Ltd,Consumer Defensive,Packaged Foods,,,26.05,70797.99,0.0,0.0,4.63,-27.97,-98.2,-0.15,-100.0,1.0,1050000.0,0.02,4.43,-,210.0,3850000.0
PAY,Paymentus Holdings Inc,Technology,Software - Infrastructure,46.13,27.62,75.44,28.800000000000004,-0.27,-18.2,5.77,26.530000000000005,24.0,1.33,-32.95,2.12,1340000.0,0.01,30.38,Aug 03/a,40.83,3830000000.0
PAYC,Paycom Software Inc,Technology,Software - Application,23.33,15.72,47.69,9.84,-0.08,-8.98,7.06,72.59,87.51,0.82,-10.4,2.57,853810.0,0.01,219.5,Aug 05/a,222.13,9720000000.0
PAYO,Payoneer Global Inc,Technology,Software - Infrastructure,51.3,25.99,-114.06,5.24,-0.03,1.3,5.38,0.14,48.54,0.88,-1.25,3.0,3770000.0,0.0,7.1,Aug 06/b,7.4,2410000000.0
PAYS,PaySign Inc,Technology,Software - Infrastructure,49.98,30.48,354.17,48.08,-4.39,14.38,5.02,53.849999999999994,127.76,0.84,-11.3,1.0,723250.0,0.08,12.8,Aug 05/a,13.5,722720000.0
PB,Prosperity Bancshares Inc,Financial,Banks - Regional,11.74,9.3,17.91,19.7,-0.68,1.1,3.88,-8.86,2.0,0.67,-12.22,2.6,1160000.0,0.0,67.77,Jul 29/b,81.08,8140000000.000001
PBF,PBF Energy Inc,Energy,Oil & Gas Refining & Marketing,6.68,5.19,16421.43,56.230000000000004,-36.64,5.35,11.06,62.61,47.37,0.18,-8.61,3.4,3400000.0,0.05,75.5,Jul 30/b,72.54,8950000000.0
PBH,Prestige Consumer Healthcare Inc,Healthcare,Drug Manufacturers - Specialty & Generic,13.05,9.08,-35.65,6.480000000000001,-0.32,2.38,10.27,-5.67,-22.81,0.33,-34.42,1.71,566640.0,0.0,46.61,Aug 06/b,67.25,2210000000.0
PBI,Pitney Bowes Inc,Industrials,Integrated Freight & Logistics,13.24,8.92,116.73,-2.25,-68.64,-0.01,13.62,-9.31,49.5,1.65,-14.78,2.6,1870000.0,0.0,16.25,Jul 29/a,19.56,2230000000.0
PBLS,Parabilis Medicines Inc,Healthcare,Biotechnology,,,,,91.17,113.62,7.86,4.52,,,-28.190000000000005,1.0,639150.0,0.11,30.51,Aug 13/b,41.75,3770000000.0
PCOR,Procore Technologies Inc,Technology,Software - Application,,20.3,178.64,15.83,-1.59,-3.37,13.12,21.68,-8.07,0.76,-39.39,1.62,3180000.0,0.0,49.89,Jul 29/a,68.38,7580000000.0
PCRX,Pacira BioSciences Inc,Healthcare,Drug Manufacturers - Specialty & Generic,72.59,7.32,208.35,6.24,-2.58,0.97,19.8,0.4,10.1,0.25,-8.93,2.11,580460.0,0.0,25.19,Aug 04/a,30.0,1000000000.0
PCT,PureCycle Technologies Inc,Industrials,Pollution & Treatment Controls,,,0.52,173.45,0.2,79.04,29.14,-35.0,-6.19,2.6,-68.02,2.0,4170000.0,0.03,4.95,Aug 06/a,11.5,995100000.0
PCTY,Paylocity Holding Corp,Technology,Software - Application,28.67,14.63,29.34,10.98,-1.43,1.14,6.57,34.05,34.48,0.49,-14.069999999999999,1.55,730460.0,0.15,141.73,Aug 04/a,173.22,7520000000.0
PCVX,Vaxcyte Inc,Healthcare,Biotechnology,,,-60.69,,-3.7900000000000005,1.5700000000000003,11.1,-2.13,6.260000000000001,1.23,-13.089999999999998,1.2,1280000.0,0.13,56.49,Aug 05/a,109.0,8410000000.0
PD,Pagerduty Inc,Technology,Software - Application,7.17,9.75,-42.49,0.83,-9.91,0.65,11.91,52.61,138.18,0.98,-15.35,2.8,1570000.0,0.0,14.31,Aug 27/a,12.64,1130000000.0
PDFS,PDF Solutions Inc,Technology,Software - Application,192.55,29.41,250.0,18.95,-0.11,20.91,8.62,-26.27,45.25,1.68,-32.2,1.38,619380.0,0.0,48.6,Aug 06/a,61.5,2049999999.9999998
PDI,PIMCO Dynamic Income Fund,Financial,Closed-End Fund - Debt,,,,,,,,-15.590000000000002,-14.92,0.57,-29.580000000000002,,3480000.0,0.22,14.06,-,,6640000000.0
PDM,Piedmont Realty Trust Inc,Real Estate,REIT - Office,,,34.22,2.73,0.0,4.13,4.03,-3.27,41.08,1.41,-9.43,2.5,1290000.0,0.0,9.17,Jul 28/a,10.75,1150000000.0
PDO,PIMCO Dynamic Income Opportunities Fund,Financial,Closed-End Fund - Debt,,,,,,,0.31,-10.8,-5.71,0.76,-17.68,,829590.0,0.01,11.73,-,,1700000000.0
PDYN,Palladyne AI Corp,Technology,Software - Infrastructure,,,-35.08,469.75,-0.4,7.62,18.41,-7.07,-6.59,3.65,-49.67,1.5,1040000.0,0.07,5.4,Aug 06/b,10.75,266380000.0
PEB,Pebblebrook Hotel Trust,Real Estate,REIT - Hotel & Motel,,,178.49,-0.1,-1.36,-2.03,16.62,3.4099999999999997,63.129999999999995,1.45,0.35,2.94,2190000.0,0.0,20.0,Jul 29/a,19.09,2260000000.0
PECO,Phillips Edison & Company Inc,Real Estate,REIT - Retail,34.4,45.08,253.37,6.550000000000001,0.0,3.58,3.77,-11.67,1.33,0.52,-15.939999999999998,2.0,952260.0,0.04,37.3,Jul 23/a,44.85,5260000000.0
PEGA,Pegasystems Inc,Technology,Software - Application,18.68,12.64,-53.0,9.42,-0.09,2.21,13.19,8.85,-17.77,0.88,-51.33,2.21,2610000.0,0.07,33.06,Jul 21/a,39.98,5440000000.0
PENG,Penguin Solutions Inc,Technology,Information Technology Services,34.84,16.36,9752.86,47.64,-4.01,8.83,14.45,-19.18,228.99000000000004,2.87,-38.9,1.5,2760000.0,0.08,54.91,Oct 06/a,74.29,2810000000.0
PENN,PENN Entertainment Inc,Consumer Cyclical,Resorts & Casinos,,10.48,308.56,5.24,0.0,-1.7000000000000002,12.36,-30.37,11.55,1.38,-31.31,1.87,3050000.0,0.0,15.36,Aug 06/b,24.75,2060000000.0
PEPG,PepGen Inc,Healthcare,Biotechnology,,,63.49,,-0.02,-5.15,6.26,41.59,-44.24,1.98,-67.69,1.38,929430.0,0.04,2.52,Aug 06/b,10.19,174550000.0
PETS,Petmed Express Inc,Healthcare,Pharmaceutical Retailers,,,82.78,-19.86,0.36,-8.11,3.89,-10.41,-26.88,0.82,-60.23,5.0,635900.0,0.0,1.63,Aug 13/a,1.4,35350000.0
PEW,GrabAGun Digital Holdings Inc,Industrials,Aerospace & Defense,,,99.71,,-0.25,8.85,13.28,-4.68,-22.88,-0.07,-57.53,1.0,517659.99999999994,0.02,2.22,Aug 13/a,5.0,65540000.00000001
PFLT,PennantPark Floating Rate Capital Ltd,Financial,Asset Management,13.8,6.59,-60.72,112.49,0.66,,4.01,-6.419999999999999,-9.41,0.79,-28.18,1.57,995710.0,0.03,6.99,Aug 10/a,9.75,693530000.0
PFN,Pimco Income Strategy Fund II,Financial,Closed-End Fund - Debt,,,,,,,0.46,-11.97,-4.87,0.54,-18.3,,529420.0,0.0,6.25,-,,617620000.0
PFS,Provident Financial Services Inc,Financial,Banks - Regional,9.53,8.81,8.65,4.33,-1.1,1.6500000000000001,5.01,-3.38,9.18,0.82,-10.4,1.67,934630.0,0.0,22.84,Jul 29/a,27.58,2980000000.0
PFSA,Profusa Inc,Healthcare,Medical Devices,,,98.72,,-25.629999999999995,-29.220000000000002,6.07,-81.65,-95.57,5.34,-99.93,,2500000.0,0.39,2.1,-,,1270000.0
PFSI,PennyMac Financial Services Inc,Financial,Mortgage Finance,8.91,5.96,-83.96,0.45000000000000007,-0.16,-0.84,8.75,-24.77,-24.17,1.43,-59.58,2.0,588650.0,0.0,64.81,Jul 29/a,90.57,3370000000.0
PGEN,Precigen Inc,Healthcare,Biotechnology,,12.13,153.95,6322.66,-3.05,2.62,25.74,30.240000000000002,110.08,0.94,-6.77,1.5,5030000.0,0.02,7.71,Aug 04/a,13.67,2760000000.0
PGNY,Progyny Inc,Healthcare,Healthcare Plans,27.63,16.74,78.89,5.3,-2.36,-2.55,6.32,-10.77,43.0,1.02,-23.06,1.33,1160000.0,0.0,25.44,Aug 06/a,34.42,1950000000.0
PGY,Pagaya Technologies Ltd,Technology,Software - Infrastructure,13.36,7.42,147.94,15.079999999999998,-0.72,-7.23,15.63,3.91,54.7,5.5,-51.35000000000001,1.0,3010000.0,0.13,17.28,Jul 30/b,29.25,1440000000.0
PHAT,Phathom Pharmaceuticals Inc,Healthcare,Biotechnology,,9.4,79.93,88.02,0.0,4.99,19.75,-32.57,-30.72,0.48,-59.97,1.45,1380000.0,0.02,7.33,Jul 30/b,20.45,593010000.0
PHIO,Phio Pharmaceuticals Corp,Healthcare,Biotechnology,,,21.14,,4.82,-0.24,1.44,7.61,-15.869999999999997,0.84,-74.7,1.0,593000.0,0.16,1.06,Aug 07/b,14.0,12310000.0
PHK,Pimco High Income Fund,Financial,Closed-End Fund - Debt,,,,,,,0.54,-10.56,-6.74,0.55,-17.0,,1070000.0,0.09,4.15,-,,776830000.0
PHR,Phreesia Inc,Healthcare,Health Information Services,60.09,15.57,189.62,10.41,30.06,-0.52,5.48,0.79,-12.879999999999999,0.83,-58.14,1.89,818770.0,0.0,10.15,Sep 02/a,14.07,630020000.0
PII,Polaris Inc,Consumer Cyclical,Recreational Vehicles,,15.49,231.17999999999998,9.18,0.0,-6.959999999999999,8.31,-26.919999999999998,-6.69,1.32,-32.0,2.81,843620.0,0.0,53.03,Jul 28/b,71.86,3020000000.0
PIPR,Piper Sandler Co's,Financial,Capital Markets,16.77,13.16,60.08,24.13,-3.52,1.13,3.53,-4.99,-3.61,1.42,-22.63,2.0,618650.0,0.0,72.34,Jul 30/b,87.12,5110000000.0
PK,Park Hotels & Resorts Inc,Real Estate,REIT - Hotel & Motel,,27.72,1036.25,1.19,0.0,10.57,18.61,8.4,51.01,1.39,-2.78,2.47,4280000.0,0.1,15.75,Aug 06/a,15.97,3170000000.0
PL,Planet Labs PBC,Industrials,Aerospace & Defense,,1261.96,65.01,58.14,-1.34,4.31,10.28,-45.17,-44.43,2.15,-66.87,1.55,9480000.0,0.26,17.15,Sep 03/a,35.0,6240000000.0
PLAB,Photronics Inc,Technology,Semiconductor Equipment & Materials,10.53,14.54,24.94,2.69,-13.15,-1.3,7.65,-4.73,-24.75,1.33,-46.79,1.0,1220000.0,0.02,29.8,Aug 26/b,41.33,1760000000.0
PLAY,Dave & Buster's Entertainment Inc,Communication Services,Entertainment,,,-210.7,-2.39,0.31,2.74,29.59,-41.92,-32.93,1.89,-70.23,2.27,2040000.0,0.02,6.58,Sep 14/a,13.43,229190000.0
PLBY,Playboy Inc,Consumer Cyclical,Apparel Manufacturing,426.5,20.47,102.09000000000002,10.91,-16.35,2.83,4.87,-22.45,-34.8,1.97,-62.78,2.0,804320.0,0.13,1.02,Aug 10/a,2.75,122630000.0
PLNT,Planet Fitness Inc,Consumer Cyclical,Leisure,14.66,11.81,25.989999999999995,7.139999999999999,3.63,-4.43,10.63,-16.25,-41.46,1.03,-62.19,1.7,2100000.0,0.01,43.2,Aug 06/b,66.31,3260000000.0
PLSE,Pulse Biosciences Inc,Healthcare,Medical Instruments & Supplies,,,-25.06,,1.33,30.020000000000003,14.92,74.42,147.93,1.57,-13.41,1.0,505510.0,0.03,51.0,Aug 06/a,54.0,3710000000.0
PLUG,Plug Power Inc,Industrials,Electrical Equipment & Parts,,,32.89,2.49,-0.44,3.65,21.54,-24.34,-10.11,2.28,-57.21000000000001,2.59,54080000.0,0.17,1.96,Aug 10/a,3.58,2740000000.0
PLX,Protalix BioTherapeutics Inc,Healthcare,Biotechnology,11.53,52.34,2190.0,27.07,0.0,-3.36,3.72,11.37,22.29,-0.08,-17.96,1.0,706720.0,0.02,2.62,Aug 12/b,11.0,210860000.0
PMI,Picard Medical Inc,Healthcare,Medical Devices,,,40.21,38.62,0.0,9.84,16.44,-41.89,-90.16,-1.69,-99.34,,1850000.0,0.07,4.53,Aug 20/b,,10590000.0
PMT,Pennymac Mortgage Investment Trust,Real Estate,REIT - Mortgage,5.82,6.01,756.3,17.26,-0.45999999999999996,5.44,11.81,-24.09,-25.71,1.16,-39.75,2.75,1590000.0,0.03,8.32,Jul 29/a,10.67,725530000.0
PMVP,PMV Pharmaceuticals Inc,Healthcare,Biotechnology,,,16.92,,0.0,-3.7599999999999993,4.28,5.43,3.82,1.4,-27.66,1.0,506100.0,0.0,1.36,Aug 14/b,4.2,102700000.0
PNNT,PennantPark Investment Corp,Financial,Asset Management,21.39,5.93,-45.19,26.55,0.0,,4.22,-0.19,-18.96,0.66,-47.59,3.0,597650.0,0.14,3.32,Aug 10/a,4.75,216780000.0
PODD,Insulet Corp,Healthcare,Medical Devices,27.04,17.7,234.76,23.51,2.38,1.55,7.36,-13.530000000000001,-34.49,1.09,-61.56,2.04,1620000.0,0.02,136.4,Aug 05/b,169.86,9460000000.0
POLA,Polar Power Inc,Industrials,Electrical Equipment & Parts,,,-355.98,-62.36999999999999,0.0,12.82,8.06,-26.11,-14.19,1.17,-76.87,1.0,1010000.0,0.0,1.33,-,35.0,5740000.0
POOL,Pool Corp,Industrials,Industrial Distribution,15.17,13.96,0.14,2.15,1.7500000000000002,7.91,9.44,-22.04,-16.99,1.03,-47.42,2.47,784370.0,0.0,164.98,Jul 23/b,217.0,6000000000.0
POR,Portland General Electric Co,Utilities,Utilities - Regulated Electric,20.71,13.09,3.45,1.29,-2.58,3.8699999999999997,5.49,-10.34,-9.5,0.5,-14.32,2.57,1150000.0,0.02,46.8,Jul 31/b,53.15,5500000000.0
POST,Post Holdings Inc,Consumer Defensive,Packaged Foods,13.41,10.14,-27.889999999999997,-1.83,-5.5,-3.51,15.81,-18.64,-23.72,0.38,-37.76,1.67,973890.0,0.0,73.0,Aug 06/a,105.17,3210000000.0
POWI,Power Integrations Inc,Technology,Semiconductors,115.0,27.62,613.58,2.66,-26.69,-1.97,10.7,-34.93,3.8,1.54,-43.65,1.4,776400.0,0.0,51.38,Aug 05/a,81.67,2870000000.0
POWL,Powell Industries Inc,Industrials,Electrical Equipment & Parts,35.78,27.14,7.91,8.9,-0.96,-4.54,8.36,-33.54,4.16,1.17,-43.05,2.0,708530.0,0.05,186.8,Aug 03/a,288.0,6810000000.0
POWW,Outdoor Holding Co,Industrials,Aerospace & Defense,83.27,38.17,136.51,22.12,0.0,3.83,2.98,-2.14,15.659999999999998,0.97,-14.23,1.0,682980.0,0.0,2.29,Aug 10/b,3.5,265779999.99999997
PPC,Pilgrim's Pride Corp,Consumer Defensive,Packaged Foods,12.3,9.91,-96.24,-2.83,0.0,2.02,15.04,-2.86,-23.41,0.3,-37.28,2.6,1560000.0,0.0,28.12,Jul 29/a,32.88,6700000000.0
PPLI,People Inc,Communication Services,Internet Content & Information,7.26,35.76,160.9,-25.590000000000003,-0.05,-11.91,16.97,-13.95,2.7,1.06,-17.43,1.67,1050000.0,0.08,39.9,Aug 03/a,56.73,2970000000.0
PPTA,Perpetua Resources Corp,Basic Materials,Other Precious Metals & Mining,,,-889.5900000000001,,-0.14,-0.77,10.14,7.86,-15.950000000000001,0.14,-40.49,1.0,1120000.0,0.36,22.24,Aug 15/a,37.93,2780000000.0
PRCH,Porch Group Inc,Financial,Insurance - Property & Casualty,,60.97,136.73,18.1,-10.2,1.71,19.19,13.36,144.82,3.16,-9.91,1.25,1740000.0,0.0,16.55,Jul 29/a,20.69,1880000000.0
PRCT,Procept BioRobotics Corp,Healthcare,Medical Devices,,,-33.31,19.34,0.83,-3.65,13.62,-23.56,-34.52,0.91,-54.71,2.5,1470000.0,0.0,17.26,Aug 04/a,21.64,988550000.0
PRDO,Perdoceo Education Corp,Consumer Defensive,Education & Training Services,11.08,9.8,22.43,1.8000000000000003,-7.13,2.04,6.67,-8.52,-19.53,0.71,-20.81,1.0,720090.0,0.0,30.49,Aug 06/a,44.0,1910000000.0
PRG,PROG Holdings Inc,Industrials,Rental & Leasing Services,9.06,5.89,-4.19,19.03,-0.27,3.25,7.13,-29.13,12.61,1.76,-31.53,1.43,604690.0,0.0,32.68,Jul 29/b,53.43,1300000000.0
PRGO,Perrigo Company plc,Healthcare,Drug Manufacturers - Specialty & Generic,,6.46,977.7999999999998,-3.17,0.0,1.96,16.39,54.230000000000004,62.63999999999999,0.69,-31.569999999999997,2.5,3260000.0,0.0,15.5,Aug 05/b,15.33,2150000000.0
PRGS,Progress Software Corp,Technology,Software - Infrastructure,18.83,5.96,29.14,6.79,-3.4799999999999995,5.59,11.68,15.2,40.89,0.87,-17.71,1.33,642060.0,0.08,38.98,Sep 30/a,56.2,1600000000.0
PRIM,Primoris Services Corp,Industrials,Engineering & Construction,28.33,13.74,-129.13,-10.71,-7.739999999999999,-1.76,10.22,-25.96,-49.83,1.45,-64.96,1.62,1380000.0,0.0,72.0,Aug 04/a,118.27,3880000000.0
PRKS,United Parks & Resorts Inc,Consumer Cyclical,Leisure,12.89,9.0,-7.21,-1.41,-1.24,-9.6,13.01,-29.74,10.29,1.24,-41.14,2.23,674510.0,0.0,32.79,Aug 04/b,48.45,1490000000.0
PRLD,Prelude Therapeutics Inc,Healthcare,Biotechnology,,,65.57,,19.12,18.44,8.11,-11.53,19.6,0.93,-43.27,1.0,519250.0,0.0,3.88,Aug 11/b,9.2,309240000.0
PRM,Perimeter Solutions Inc,Basic Materials,Specialty Chemicals,,15.87,-408.23,31.46,-30.240000000000002,5.17,4.7,-15.380000000000003,35.77,1.9,-23.74,1.4,1510000.0,0.0,29.11,Jul 31/b,43.75,4760000000.0
PRMB,Primo Brands Corp,Consumer Defensive,Beverages - Non-Alcoholic,71.84,13.17,158.47,3.82,-27.43,-0.39,11.61,-20.68,7.62,0.69,-25.069999999999997,1.42,3920000.0,0.0,19.64,Aug 05/b,30.36,7110000000.0
PRME,Prime Medicine Inc,Healthcare,Biotechnology,,,41.64,3.5000000000000004,0.0,6.25,33.69,-21.91,-14.06,2.37,-58.14,1.43,3340000.0,0.23,2.9,Aug 06/b,7.11,526860000.0
PROK,ProKidney Corp,Healthcare,Biotechnology,,,-20.38,-32.13,-0.54,3.06,19.13,-15.869999999999997,-0.62,1.78,-54.31,2.0,1480000.0,0.03,1.59,Aug 10/a,6.25,480700000.0
PRTH,Priority Technology Holdings Inc,Technology,Software - Infrastructure,11.35,7.19,-13.65,9.36,-0.01,6.4,5.78,8.82,67.46,1.63,-1.77,2.5,950630.0,0.08,7.77,Aug 06/b,8.51,640810000.0
PRVA,Privia Health Group Inc,Healthcare,Health Information Services,91.42,47.22,228.23,21.39,-6.39,2.51,4.13,-22.9,-1.6,0.8,-31.64,1.17,1260000.0,0.0,19.7,Aug 06/b,31.47,2520000000.0
PSEC,Prospect Capital Corp,Financial,Asset Management,123.43,6.17,85.04,208.67,4.5,,4.69,-6.9,-13.25,0.8,-30.879999999999995,5.0,4350000.0,0.28,2.16,Aug 20/a,2.0,1150000000.0
PSN,Parsons Corp,Technology,Information Technology Services,28.34,12.09,-128.34,-0.53,3.9,4.97,5.07,-20.17,-21.97,0.7,-54.22,1.6,1380000.0,0.0,40.97,Jul 29/b,58.1,4380000000.0
PSNL,Personalis Inc,Healthcare,Diagnostics & Research,,,-32.61,29.960000000000004,-1.56,2.55,11.49,19.13,158.36,2.32,-13.29,2.8,3880000.0,0.0,16.38,Aug 04/a,16.25,1750000000.0
PTCT,PTC Therapeutics Inc,Healthcare,Biotechnology,,23.69,210.6,101.55000000000001,-12.17,6.32,12.04,-22.01,-3.81,0.48,-30.0,1.73,1390000.0,0.0,63.61,Jul 30/a,101.79,5310000000.0
PTEN,Patterson-UTI Energy Inc,Energy,Oil & Gas Drilling,,40.98,59.53000000000001,0.71,-17.88,1.41,9.21,18.32,-0.53,0.76,-15.61,2.12,8800000.0,0.06,11.3,Jul 29/a,14.07,4310000000.0
PTGX,Protagonist Therapeutics Inc,Healthcare,Biotechnology,137.31,,518.89,3749.17,-10.01,-4.23,13.3,17.08,43.89,1.52,-11.45,1.07,653310.0,0.02,142.4,Aug 05/a,174.57,9210000000.0
PTLO,Portillos Inc,Consumer Cyclical,Restaurants,18.41,14.96,-23.84,5.57,1.9799999999999998,-8.76,15.96,-25.679999999999996,-31.85,1.57,-48.32,2.45,1290000.0,0.01,3.53,Aug 05/a,6.25,268079999.99999997
PTON,Peloton Interactive Inc,Consumer Cyclical,Leisure,43.82,14.66,122.18,0.13,-1.42,8.39,14.88,-16.46,8.8,2.55,-47.61,2.3,8600000.0,0.0,4.82,Aug 06/b,7.9,2120000000.0
PTRN,Pattern Group Inc,Consumer Cyclical,Internet Retail,,21.69,62.529999999999994,46.58,-6.329999999999999,20.38,16.13,-32.31,42.55,1.09,-44.46,1.33,1950000.0,0.03,16.55,Aug 05/a,28.12,2940000000.0
PTY,PIMCO Corporate & Income Opportunity Fund,Financial,Closed-End Fund - Debt,,,,,,,,-9.38,-6.97,0.78,-25.97,,1360000.0,0.09,10.87,-,,2370000000.0
PUBM,PubMatic Inc,Technology,Software - Application,,123.63,76.36,10.55,-11.14,4.17,6.62,44.45,130.52,1.57,-1.6200000000000003,1.5,677130.0,0.0,18.88,Aug 06/a,20.92,859970000.0
PUMP,ProPetro Holding Corp,Energy,Oil & Gas Equipment & Services,,26.35,4.06,-6.24,-62.5,29.4,15.57,-34.46,-34.24,0.85,-47.78,1.82,3940000.0,0.0,9.66,Jul 29/b,16.38,1190000000.0
PURR,Hyperliquid Strategies Inc,Financial,Capital Markets,19.52,24.54,43889.58,,0.0,50.68,11.88,49.7,156.16,,-14.09,1.0,17900000.0,0.29,12.68,Aug 27/b,22.32,3020000000.0
PUSA,Aureus Greenway Holdings Inc,Consumer Cyclical,Leisure,,,96.15,17.64,0.0,24.5,9.59,-5.92,11.73,5.21,-53.82,1.0,547030.0,0.72,3.81,Sep 02,7.5,105320000.0
PVH,PVH Corp,Consumer Cyclical,Apparel Manufacturing,,6.08,-148.29,-3.2400000000000007,1.0,1.7399999999999998,9.97,3.6799999999999997,14.44,1.76,-24.57,2.12,965150.0,0.0,75.99,Sep 02/a,87.45,3510000000.0
PWCM,PowerCompute Inc,Financial,Capital Markets,,,-1174.28,9.76,394.45,0.97,6.58,-70.98,-85.41,2.34,-97.01,1.0,532770.0,0.03,1.07,Aug 14/b,4.0,2600000.0
PWP,Perella Weinberg Partners,Financial,Capital Markets,55.25,9.89,52.23,0.8100000000000002,-5.19,5.19,9.7,-12.619999999999997,-17.31,1.64,-44.19,2.0,1280000.0,0.0,14.47,Jul 31/b,22.25,1380000000.0
PYXS,Pyxis Oncology Inc,Healthcare,Biotechnology,,,-33.64,-100.0,0.0,0.58,6.52,-1.4,115.27000000000001,1.35,-49.19,1.2,1320000.0,0.0,2.82,Aug 13/b,8.67,235210000.0
PZZA,Papa John's International Inc,Consumer Cyclical,Restaurants,24.48,14.44,-12.98,-8.84,0.0,7.5,21.53,-45.58,-38.6,1.11,-65.02,2.53,1360000.0,0.0,19.5,Aug 06/b,31.3,641970000.0
QBTS,D-Wave Quantum Inc,Technology,Computer Hardware,,,76.6,-0.61,-9.36,6.1,18.57,-28.110000000000003,23.24,2.16,-63.35999999999999,1.39,17560000.0,0.31,17.13,Aug 06/b,35.73,6500000000.0
QDEL,QuidelOrtho Corp,Healthcare,Medical Devices,,7.49,63.94,2.45,0.0,-4.73,20.88,-40.76,-26.93,0.76,-69.64,3.25,1520000.0,0.03,10.8,Aug 06/a,14.67,740620000.0
QLYS,Qualys Inc,Technology,Software - Infrastructure,30.31,20.66,15.53,11.92,-20.47,-1.34,10.13,36.38,104.37,0.6,-13.170000000000002,2.79,783390.0,0.03,175.0,Aug 04/a,179.75,6050000000.0
QMCO,Quantum Corp,Technology,Computer Hardware,,37.18,-277.09,25.69,-0.05,13.23,8.28,163.54,567.31,3.12,-5.39,1.0,1600000.0,0.31,31.23,Aug 10/a,26.5,1230000000.0
QNRX,Quoin Pharmaceuticals Ltd ADR,Healthcare,Biotechnology,,,98.79,,,6.950000000000001,,34.44,-4.57,1.54,-85.37,1.0,545250.0,0.0,6.12,Aug 14/b,23.8,12290000.0
QNST,QuinStreet Inc,Communication Services,Advertising Agencies,10.32,7.73,499.82,42.67,-16.29,-0.25,11.27,-0.62,22.13,0.71,-35.13,1.0,966380.0,0.01,14.46,Aug 06/a,22.8,825470000.0
QS,QuantumScape Corp,Consumer Cyclical,Auto Parts,,,22.04,,-0.95,-4.42,19.44,-35.97,-22.36,2.82,-74.51,3.5,19390000.0,0.1,4.86,Jul 22/a,6.43,3010000000.0
QTRX,Quanterix Corp,Healthcare,Medical Devices,,,-34.44,34.44,1.9,-16.4,11.91,-24.31,-16.15,1.06,-62.71,3.0,811670.0,0.0,3.27,Aug 10/b,3.0,154650000.0
QTTB,Q32 Bio Inc,Healthcare,Biotechnology,2.92,,43.46,,74.12,5.48,17.97,-33.41,22.83,0.27,-62.79,1.0,1190000.0,0.0,8.77,Aug 05/b,42.25,261079999.99999997
QTWO,Q2 Holdings Inc,Technology,Software - Application,41.54,16.72,156.57,12.61,-5.33,5.18,8.67,22.82,27.52,1.33,-24.03,1.53,805230.0,0.0,57.92,Jul 29/a,76.5,3610000000.0
QUBT,Quantum Computing Inc,Technology,Computer Hardware,,,79.73,9000.0,0.0,3.64,32.24,-10.58,33.18,3.74,-65.67,1.5,8540000.0,0.3,8.87,Aug 10/a,18.86,2009999999.9999998
QUCY,Quantum Cyber NV,Healthcare,Diagnostics & Research,,,97.59,-100.0,0.0,-15.03,7.36,-16.53,203.55000000000004,2.37,-72.91,1.0,1850000.0,0.13,1.34,Apr 14,9.0,112280000.0
RAL,Ralliant Corp,Technology,Electronic Components,,20.81,20.27,12.82,-8.69,-0.3,4.83,-3.65,74.77,1.47,-7.48,2.0,1550000.0,0.09,69.77,Jul 30/b,78.1,7720000000.0
RAMP,LiveRamp Holdings Inc,Technology,Software - Infrastructure,15.49,9.52,143.93,9.84,0.0,0.45999999999999996,13.52,0.19,45.8,1.27,-1.91,3.0,1030000.0,0.0,37.5,Aug 05/a,38.5,2280000000.0
RARE,Ultragenyx Pharmaceutical Inc,Healthcare,Biotechnology,,,22.67,28.53,-0.42,1.09,18.43,-51.92,-23.89,0.31,-63.019999999999996,2.0,3890000.0,0.02,14.75,Aug 04/a,26.79,1450000000.0
RBBN,Ribbon Communications Inc,Technology,Software - Application,22.0,11.54,-141.4,-12.8,0.0,-0.91,3.55,-18.18,-15.89,1.36,-55.99000000000001,1.4,824530.0,0.0,1.8,Jul 28/a,3.3,321880000.0
RC,Ready Capital Corp,Real Estate,REIT - Mortgage,,,-79.69,-60.260000000000005,0.01,-2.07,12.66,-23.3,-11.18,1.55,-67.86,3.29,1270000.0,0.02,1.35,Aug 06/a,1.8,223000000.0
RCAT,Red Cat Holdings Inc,Industrials,Aerospace & Defense,,,-77.17,527.26,-5.49,18.33,26.55,-35.85,-47.79,1.49,-64.75,1.22,9020000.0,0.19,6.62,Aug 06/a,16.78,1010000000.0
RCKT,Rocket Pharmaceuticals Inc,Healthcare,Biotechnology,,,273.32,,-3.32,2.58,14.32,-24.33,-32.36,0.47,-53.21,2.29,1830000.0,0.12,2.55,Aug 10/a,8.85,279930000.0
RCUS,Arcus Biosciences Inc,Healthcare,Biotechnology,,,,-74.38,-0.27,3.3099999999999996,16.25,-22.66,18.53,0.93,-24.26,1.46,1370000.0,0.0,24.04,Aug 05/a,39.27,3060000000.0
RDN,Radian Group Inc,Financial,Insurance - Specialty,8.48,6.35,-17.01,80.8,2.65,-0.56,4.27,-11.95,-0.27,0.7,-19.56,1.25,1180000.0,0.0,33.02,Aug 05/a,44.5,4370000000.0
RDNT,Radnet Inc,Healthcare,Diagnostics & Research,,80.28,-50.05,24.99,-0.62,3.82,13.73,20.07,26.77,1.4,-17.08,1.11,798710.0,0.0,71.18,Aug 09/a,94.62,5600000000.0
RDW,Redwire Corp,Industrials,Aerospace & Defense,,,86.71,89.56,-75.69,7.200000000000001,17.73,-2.22,40.07,3.13,-57.09000000000001,1.9,15990000.0,0.25,11.43,Aug 05/a,14.69,2860000000.0
REAL,Therealreal Inc,Consumer Cyclical,Luxury Goods,,36.83,-69.05,16.58,-3.0,-6.709999999999999,15.13,-29.07,1.05,2.8,-50.21,1.44,2970000.0,0.05,8.66,Aug 06/a,18.0,1050000000.0
REAX,Real REMAX Group Inc,Real Estate,Real Estate Services,,32.62,-637.65,29.56,-0.26,-57.13,5.29,-11.17,-30.42,0.79,-63.93,1.0,734450.0,0.01,16.7,Aug 06/b,47.0,610610000.0
REF,Reformation Inc,Consumer Cyclical,Apparel Retail,,,,,-9.4,44.31,12.31,,,,-28.33,1.33,683490.0,0.0,12.37,Sep 10/a,19.25,730820000.0
REI,Ring Energy Inc,Energy,Oil & Gas E&P,,5.66,173.32,26.729999999999997,1.2,19.56,3.24,27.27,-11.39,0.98,-30.0,1.67,4600000.0,0.02,1.4,Aug 05/a,2.08,364750000.0
RELY,Remitly Global Inc,Technology,Software - Infrastructure,15.33,20.0,3025.84,20.23,-7.82,3.83,9.44,-6.54,41.91,0.37,-22.49,1.08,3580000.0,0.0,21.3,Aug 05/a,32.15,4510000000.0
REPL,Replimune Group Inc,Healthcare,Biotechnology,,,23.97,,-3.29,18.65,25.68,10.36,71.19,0.92,-24.31,1.0,4410000.0,0.0,12.36,Aug 14/b,19.43,1160000000.0
RES,RPC Inc,Energy,Oil & Gas Equipment & Services,58.28,22.99,13.63,9.52,0.0,-0.34,11.43,-0.8500000000000001,-19.45,0.84,-28.43,3.5,1620000.0,0.0,5.84,Jul 30/b,6.4,1290000000.0
REXR,Rexford Industrial Realty Inc,Real Estate,REIT - Industrial,,24.59,-571.44,-1.08,-3.88,0.31,4.96,9.65,15.42,1.2,-15.5,2.58,2730000.0,0.0,37.5,Jul 23/a,40.38,8359999999.999999
REYN,Reynolds Consumer Products Inc,Consumer Cyclical,Packaging & Containers,13.17,12.82,21.0,0.64,0.0,5.25,11.82,-20.61,3.06,0.53,-21.19,2.62,1380000.0,0.01,21.53,Jul 29/b,27.14,4540000000.0
REZI,Resideo Technologies Inc,Industrials,Industrial Distribution,8.09,9.72,109.18,1.96,0.2,-0.11,7.17,-12.93,-21.06,1.53,-41.94,1.5,2550000.0,0.01,18.29,Aug 12/a,30.83,2780000000.0
RGNX,Regenxbio Inc,Healthcare,Biotechnology,,,131.11,405.7300000000001,0.58,-0.45000000000000007,12.98,-38.38,-6.06,1.11,-54.97,1.55,1710000.0,0.0,7.29,Aug 06/b,22.09,481250000.0
RGTI,Rigetti Computing Inc,Technology,Computer Hardware,,,-18.72,185.29,-12.72,2.05,19.07,-15.17,23.8,2.02,-71.64,1.57,19680000.0,0.18,16.49,Aug 06/a,29.55,5500000000.0
RH,RH,Consumer Cyclical,Specialty Retail,22.23,14.3,16.76,2.56,-3.73,4.45,32.3,-23.41,-4.47,1.89,-47.79,2.45,799820.0,0.1,125.0,Sep 10/a,157.27,2370000000.0
RHI,Robert Half Inc,Industrials,Staffing & Employment Services,32.2,18.77,-35.39,-2.44,0.0,-0.28,19.91,14.27,48.95,0.81,-20.77,3.31,2180000.0,0.0,37.0,Jul 23/a,34.78,3790000000.0
RHP,Ryman Hospitality Properties Inc,Real Estate,REIT - Hotel & Motel,29.83,24.16,26.44,13.56,0.0,-1.18,4.37,-7.89,34.21,1.22,-11.63,1.14,721560.0,0.01,121.47,Aug 06/a,139.79,8289999999.999999
RILY,BRC Group Holdings Inc,Financial,Financial Conglomerates,0.45,,-80.66,5.22,-2.99,39.07,17.55,-24.37,-20.14,1.2,-49.2,,631390.0,0.0,5.71,Aug 06/a,,229540000.0
RIOT,Riot Platforms Inc,Financial,Capital Markets,,,-217.77,13.889999999999999,-1.29,11.56,14.71,-18.85,75.94,3.77,-25.730000000000004,1.14,18940000.0,0.05,22.52,Aug 10/a,32.66,8449999999.999999
RITM,Rithm Capital Corp,Real Estate,REIT - Mortgage,15.27,3.9,-93.28,26.72,-3.2400000000000007,-2.01,5.19,-2.63,0.35,1.15,-24.48,1.0,5510000.0,0.02,9.17,Jul 28/b,13.15,5120000000.0
RLAY,Relay Therapeutics Inc,Healthcare,Biotechnology,,,-0.44,-48.3,-12.18,23.4,25.93,-13.73,77.4,1.73,-19.93,1.07,3080000.0,0.05,17.03,Aug 06/a,27.08,3730000000.0
RLI,RLI Corp,Financial,Insurance - Property & Casualty,11.71,20.28,35.66,18.72,1.28,6.43,9.3,-3.25,1.12,0.35,-16.88,3.3,779640.0,0.0,55.69,Jul 22/a,60.5,5110000000.0
RLJ,RLJ Lodging Trust,Real Estate,REIT - Hotel & Motel,1872.88,320.66,10.4,5.48,0.0,9.19,8.95,-6.67,47.73,1.14,-14.27,3.08,1860000.0,0.0,11.05,Aug 06/a,11.68,1690000000.0
RLMD,Relmada Therapeutics Inc,Healthcare,Biotechnology,,,61.35,,2.97,16.59,15.59,-42.75,-41.35,0.5,-52.129999999999995,1.0,1630000.0,0.0,3.83,Aug 06/a,10.75,408550000.0
RNG,RingCentral Inc,Technology,Software - Application,60.61,13.61,215.14,5.9,-1.51,1.6200000000000003,9.15,94.68,115.21,1.12,-7.08,2.56,1900000.0,0.01,76.1,Jul 23/a,57.46,6350000000.0
RNST,Renasant Corp,Financial,Banks - Regional,12.01,10.2,8726.17,-0.63,-2.68,0.67,5.35,-6.12,13.87,1.02,-10.04,1.29,672130.0,0.0,40.07,Jul 28/a,48.14,3660000000.0
RNXT,RenovoRx Inc,Healthcare,Biotechnology,,,22.22,115.40000000000002,1.54,-0.13,1.55,72.16,47.79,0.95,-35.52,1.0,728590.0,0.09,1.67,Aug 12/a,7.12,75360000.0
ROAD,Construction Partners Inc,Industrials,Engineering & Construction,37.43,24.49,33.74,28.249999999999996,0.0,8.74,8.11,-20.85,-12.740000000000002,0.91,-36.99,1.83,884380.0,0.0,95.15,Aug 07/b,143.83,5400000000.0
RPAY,Repay Holdings Corp,Technology,Software - Infrastructure,,3.82,88.56,33.16,-0.18,-2.6,6.18,5.87,24.67,1.89,-29.68,1.4,532690.0,0.0,3.79,Aug 10/a,6.85,334220000.0
RPC,Ridgepost Capital Inc,Financial,Asset Management,31.58,6.54,115.43999999999998,11.29,0.01,-2.71,8.11,0.13,10.13,0.75,-33.65,1.75,560710.0,0.1,7.61,Aug 05/b,12.75,838930000.0
RPD,Rapid7 Inc,Technology,Software - Infrastructure,37.79,6.29,-30.64,-1.55,-0.03,10.53,12.01,47.05,118.19999999999999,1.02,-42.99,3.27,2440000.0,0.03,11.5,Aug 10/a,11.96,775040000.0
RQI,Cohen & Steers Quality Income Realty Fund Inc,Financial,Closed-End Fund - Equity,,,,,,,0.09,-11.21,-4.66,1.42,-17.8,,685880.0,0.04,11.09,-,,1490000000.0
RR,Richtech Robotics Inc,Industrials,Specialty Industrial Machinery,,,-34.04,16.65,0.0,3.03,24.28,-15.15,-16.0,-0.56,-77.39,3.0,6190000.0,0.03,1.68,Sep 02,2.0,378170000.0
RRC,Range Resources Corp,Energy,Oil & Gas E&P,10.65,9.82,-16.44,8.34,-0.9199999999999999,6.29,9.19,6.22,-18.97,0.7,-20.08,2.59,2820000.0,0.0,38.61,Jul 21/a,46.38,9020000000.0
RRR,Red Rock Resorts Inc,Consumer Cyclical,Resorts & Casinos,17.96,17.41,-29.330000000000002,-3.04,-0.22999999999999998,1.6099999999999999,10.2,-24.53,-8.93,1.41,-25.480000000000004,1.3,877520.0,0.0,50.76,Aug 04/a,73.39,5330000000.0
RSI,Rush Street Interactive Inc,Consumer Cyclical,Gambling,66.98,23.66,-18.96,46.27,-65.28,11.56,8.21,-36.59,-5.34,1.69,-42.49,1.15,2900000.0,0.0,19.86,Jul 29/a,35.83,4600000000.0
RUM,RUM Group Inc,Communication Services,Internet Content & Information,,,-140.14,60.919999999999995,0.0,4.87,21.57,33.76,75.8,1.24,-21.85,2.0,4150000.0000000005,0.03,8.28,Aug 10/a,22.0,4110000000.0000005
RUN,Sunrun Inc,Technology,Solar,5.37,18.51,-60.68,52.81,-9.36,1.9799999999999998,30.6,-40.73,-36.59,2.43,-64.39,1.92,8960000.0,0.08,7.99,Aug 05/a,15.61,1920000000.0
RUSHA,Rush Enterprises Inc,Consumer Cyclical,Auto & Truck Dealerships,21.5,15.53,0.78,-1.6099999999999999,-0.44,,7.19,-1.55,7.82,0.91,-14.78,1.8,719350.0,0.0,47.5,Jul 28/a,59.67,5720000000.0
RVLV,Revolve Group Inc,Consumer Cyclical,Internet Retail,20.69,18.77,82.45,12.44,-1.32,-2.97,10.47,-11.71,-4.9,1.7,-34.2,1.86,855560.0,0.0,20.84,Aug 04/a,30.85,1480000000.0
RWAY,Runway Growth Finance Corp,Financial,Asset Management,63.06,5.08,42.77,-124.47,-6.529999999999999,-0.95,10.43,24.27,3.18,0.64,-34.23,2.38,545360.0,0.01,6.81,Aug 06/a,8.04,285410000.0
RWT,Redwood Trust Inc,Real Estate,REIT - Mortgage,,3.62,95.49,37.59,11.73,-12.29,19.21,-24.02,-30.06,1.5,-46.92,1.44,4560000.0,0.0,3.7,Jul 28/b,5.77,464770000.0
RXO,RXO Inc,Industrials,Trucking,,32.23,0.75,25.019999999999996,0.0,-1.28,9.05,-26.530000000000005,44.02,2.0,-33.14,2.57,1810000.0,0.0,19.99,Aug 06/b,24.47,3300000000.0
RXRX,Recursion Pharmaceuticals Inc,Healthcare,Biotechnology,,,40.28,-60.099999999999994,-0.8,3.46,37.13,0.27,25.85,1.06,-48.47,2.14,19990000.0,0.25,3.7,Aug 05/b,7.22,1980000000.0
RXST,RxSight Inc,Healthcare,Medical Devices,,,-0.8,0.31,-0.56,6.32,10.31,-6.27,-23.64,1.11,-63.84000000000001,3.1,1090000.0,0.02,4.78,Aug 05/a,7.57,198810000.0
RXT,Rackspace Technology Inc,Technology,Software - Infrastructure,,28.92,-17.86,0.57,-0.63,13.309999999999999,27.36,-40.24,274.19,3.12,-54.31,3.0,10260000.0,0.07,3.93,Aug 10/a,4.77,1000000000.0
RYAM,Rayonier Advanced Materials Inc,Basic Materials,Chemicals,,9.85,90.91,10.61,-0.03,-2.36,8.11,7.12,-20.72,1.83,-27.68,1.0,886690.0,0.0,8.57,Aug 04/a,14.0,579710000.0
RYAN,Ryan Specialty Holdings Inc,Financial,Insurance Brokers,55.61,15.69,-14.34,6.69,0.3,1.94,11.23,-2.55,14.679999999999998,0.59,-35.98,2.32,2069999.9999999998,0.0,37.89,Jul 30/a,49.62,9690000000.0
RYN,Rayonier Inc,Real Estate,REIT - Specialty,42.0,30.77,134.94,272.15,-0.12,0.25,4.72,-12.65,-6.84,0.91,-25.869999999999997,2.33,3030000.0,0.02,18.92,Aug 05/a,26.0,5660000000.0
RYTM,Rhythm Pharmaceuticals Inc,Healthcare,Biotechnology,,,2.55,46.91,-9.92,5.63,15.56,-8.78,32.39,1.99,-17.86,1.22,681760.0,0.0,100.38,Aug 04/b,140.69,6910000000.0
RZLT,Rezolute Inc,Healthcare,Biotechnology,,,24.14,,0.07,0.8199999999999998,20.44,-25.45,27.16,0.53,-66.81,1.0,1580000.0,0.0,3.8,Sep 24/a,8.14,367760000.0
S,SentinelOne Inc,Technology,Software - Infrastructure,,47.54,-25.69,20.56,-4.01,2.26,6.21,32.52,76.23,0.72,-9.13,1.92,7940000.0,0.05,22.17,Aug 27/a,24.58,7720000000.0
SABR,Sabre Corp,Technology,Software - Infrastructure,1.29,11.84,86.2,3.61,0.0,3.2099999999999995,9.32,0.02,39.5,1.07,-15.18,2.71,4400000.0,0.0,2.12,Aug 06/b,2.14,855760000.0
SABS,SAB Biotherapeutics Inc,Healthcare,Biotechnology,,,74.09,,0.0,0.83,4.42,-13.849999999999998,-12.73,0.57,-34.76,1.08,555930.0,0.06,3.36,Aug 06/b,11.75,305720000.0
SANA,Sana Biotechnology Inc,Healthcare,Biotechnology,,,45.3,,0.0,0.74,22.15,-14.62,6.34,2.17,-55.03,1.2,3170000.0,0.14,2.95,Aug 10/a,9.38,881770000.0
SARO,StandardAero Inc,Industrials,Aerospace & Defense,23.41,12.76,44.47,4.63,-0.38,8.4,9.72,-20.6,-10.68,0.86,-34.05,1.56,3560000.0,0.0,22.74,Aug 06/a,34.31,7530000000.0
SATL,Satellogic Inc,Industrials,Aerospace & Defense,,,-106.67999999999999,258.54,-19.87,37.34,17.39,9.04,3.71,1.38,-48.75,1.0,5490000.0,0.31,6.15,Aug 05/a,10.2,945510000.0
SBCF,Seacoast Banking Corp Of Florida,Financial,Banks - Regional,21.02,11.92,9.83,30.010000000000005,-3.07,2.3,5.46,-1.26,10.32,0.91,-8.93,2.5,990710.0,0.0,33.03,Jul 28/a,37.04,3200000000.0
SBET,Sharplink Inc,Financial,Capital Markets,,95.4,56.02,1553.26,-0.29,17.36,15.1,93.9,57.95,10.59,-51.16,1.0,9420000.0,0.08,9.54,Aug 10/b,15.57,2069999999.9999998
SBGI,Sinclair Inc,Communication Services,Broadcasting,16.55,,-14.529999999999998,7.139999999999999,-0.29,4.01,9.41,-8.73,-2.97,1.1,-28.689999999999998,3.0,521880.0,0.0,12.75,Aug 05/a,18.17,922050000.0
SBH,Sally Beauty Holdings Inc,Consumer Cyclical,Specialty Retail,8.93,7.67,24.72,0.22999999999999998,-3.2300000000000004,0.61,21.55,18.81,24.4,1.03,-4.13,2.4,1330000.0,0.0,17.18,Aug 03/b,17.0,1610000000.0
SBRA,Sabra Healthcare REIT Inc,Real Estate,REIT - Healthcare Facilities,76.7,26.06,-136.73,25.2,-4.1,-0.59,8.38,2.2,1.73,0.61,-12.38,2.18,2750000.0,0.0,19.95,Aug 03/a,22.8,5100000000.0
SDEV,Stablecoin Development Corp,Financial,Asset Management,,,60.22,,-0.15,31.739999999999995,67.72,61.9,13.33,0.12,-98.3,1.0,1410000.0,82.21,1.7,-,4.25,86050000.0
SDGR,Schrodinger Inc,Healthcare,Health Information Services,,,113.42000000000002,7.539999999999999,-1.03,-1.2,17.65,64.63,158.39,1.69,-9.38,1.57,1500000.0,0.21,28.63,Aug 05/a,21.43,2140000000.0000002
SDOT,Sadot Group Inc,Consumer Defensive,Farm Products,,,435.47,-100.0,0.0,0.13,7.01,-69.37,-64.58,-1.58,-95.78,3.0,2810000.0,0.06,10.98,Aug 14/b,3000.0,15980000.0
SECZ,Securitize Corp,Technology,Software - Application,,37.46,-5304.17,,0.0,6.07,2.27,20.99,44.7,0.56,-5.02,1.0,2530000.0,1.23,15.73,Aug 12/a,13.7,2570000000.0
SEER,Seer Inc,Healthcare,Biotechnology,,,8.4,-23.43,-0.14,-0.03,0.24,15.06,13.019999999999998,1.5,-20.75,1.0,1080000.0,0.0,1.91,Aug 11/a,4.0,105760000.0
SEI,Solaris Energy Infrastructure Inc,Energy,Oil & Gas Equipment & Services,89.57,20.8,-13.900000000000002,46.92,-21.77,11.83,27.7,-11.06,21.91,1.32,-18.2,1.12,3060000.0,0.06,70.5,Aug 05/a,100.65,5650000000.0
SENS,Senseonics Holdings Inc,Healthcare,Medical Devices,,,-77.96,117.82,0.58,29.830000000000002,10.85,66.5,50.75999999999999,1.04,-14.56,2.14,761420.0,0.31,9.89,Aug 06/a,14.2,522919999.99999994
SERV,Serve Robotics Inc,Industrials,Integrated Freight & Logistics,,,-120.28000000000002,404.36000000000007,-3.1,9.32,40.13,-30.85,-47.22,2.43,-76.44,1.5,3740000.0,0.05,4.39,Aug 06/a,10.76,380740000.0
SEZL,Sezzle Inc,Financial,Credit Services,24.02,16.54,51.019999999999996,51.65,-1.0,8.93,25.11,-35.3,79.34,6.7,-43.57,1.86,643260.0,0.02,110.44,Aug 06/a,168.0,3720000000.0
SFBS,ServisFirst Bancshares Inc,Financial,Banks - Regional,14.09,11.43,39.58,6.34,-0.37,0.8199999999999998,5.55,-6.67,12.590000000000002,0.9,-10.27,1.0,622950.0,0.0,41.31,Jul 20/a,48.33,4520000000.0
SFD,Smithfield Foods Inc,Consumer Defensive,Packaged Foods,7.11,8.5,25.759999999999998,-3.7800000000000002,-0.05,1.44,12.27,-23.7,-28.48,-0.55,-35.95,1.43,1650000.0,0.0,19.09,Aug 11/b,26.93,7520000000.0
SFIX,Stitch Fix Inc,Consumer Cyclical,Apparel Retail,,,76.26,4.24,-3.7000000000000006,-1.04,13.25,-51.190000000000005,-35.8,2.34,-62.79,3.0,1970000.0,0.25,2.14,Sep 23/a,3.5,285650000.0
SFM,Sprouts Farmers Market Inc,Consumer Defensive,Grocery Stores,12.05,10.54,1.09,4.74,-13.05,7.66,12.58,-23.14,-18.72,0.65,-44.98,2.15,2009999.9999999998,0.05,62.91,Jul 29/a,95.4,5870000000.0
SFNC,Simmons First National Corp,Financial,Banks - Regional,,10.12,5.91,-0.69,0.0,-0.18,4.42,2.98,23.13,0.94,-4.0,2.14,1400000.0,0.0,23.35,Jul 16/a,25.93,3370000000.0
SG,Sweetgreen Inc,Consumer Cyclical,Restaurants,85.12,,-12.42,3.81,3.2,2.25,25.24,-0.45000000000000007,81.1,2.2,-19.93,2.43,5630000.0,0.16,8.51,Aug 06/a,7.08,1010000000.0
SGMT,Sagimet Biosciences Inc,Healthcare,Biotechnology,,,18.57,,-9.01,125.22999999999999,17.87,17.65,87.42,3.5,-19.95,1.36,1260000.0,0.01,9.16,Aug 11/b,27.62,564480000.0
SGRY,Surgery Partners Inc,Healthcare,Medical Care Facilities,,30.21,-490.86,2.75,0.02,-0.45999999999999996,17.04,-10.33,29.24,1.91,-36.65,1.5,2150000.0,0.0,14.85,Aug 10/b,18.82,1940000000.0
SHAK,Shake Shack Inc,Consumer Cyclical,Restaurants,57.71,39.01,-8.66,17.16,2.61,-13.43,9.47,-0.07,-32.67,1.67,-49.05,2.07,1630000.0,0.01,54.75,Aug 05/b,82.77,2340000000.0
SHAZ,SharonAI Holdings Inc,Technology,Information Technology Services,,,-1144.5,,0.0,43.55,7.69,-34.1,132.29,,-70.01,1.0,1940000.0,0.07,53.38,Aug 06/b,112.44,1910000000.0
SHC,Sotera Health Co,Healthcare,Diagnostics & Research,32.25,17.06,567.38,9.18,-89.71,1.2,4.39,5.52,35.45,1.86,-7.61,1.5,2640000.0,0.0,18.34,Aug 06/b,22.72,5230000000.0
SHEN,Shenandoah Telecommunications Co,Communication Services,Telecom Services,,,12.85,5.53,0.1,-0.9000000000000001,6.73,-23.62,-18.79,0.74,-31.22,1.5,665730.0,0.01,11.93,Jul 29/b,27.5,660500000.0
SHLS,Shoals Technologies Group Inc,Technology,Solar,38.74,13.18,-13.66,47.39,-1.9,-7.1,9.06,-21.64,9.97,1.87,-44.76,1.68,5250000.0,0.03,7.28,Aug 04/b,11.58,1230000000.0
SHO,Sunstone Hotel Investors Inc,Real Estate,REIT - Hotel & Motel,49.87,49.26,304.06,6.67,-3.1300000000000003,0.0,8.49,-6.12,20.97,1.02,-7.290000000000001,2.5,2510000.0,0.0,11.19,Aug 06/b,11.88,2080000000.0
SHOE,Shoe Station Group Inc,Consumer Cyclical,Apparel Retail,14.85,9.12,-67.28,-7.21,0.34,3.6900000000000004,48.82,-15.370000000000001,-18.23,1.36,-41.47,2.33,935290.0,0.0,13.1,Sep 10/b,15.0,356110000.0
SHOO,Steven Madden Ltd,Consumer Cyclical,Footwear & Accessories,22.71,16.31,168.98,19.12,-2.81,-3.05,5.1,6.41,36.81,1.18,-8.86,1.67,1100000.0,0.0,45.3,Jul 30/b,52.4,3310000000.0
SHPH,Shuttle Pharmaceuticals Holdings Inc,Healthcare,Drug Manufacturers - Specialty & Generic,,,94.37,,-73.26,-1.6,0.57,26.77,-37.89,1.19,-92.63,,1910000.0,0.13,4.12,-,,19630000.0
SIBN,SI-BONE Inc,Healthcare,Medical Devices,,,36.09,15.18,-8.89,6.7299999999999995,13.9,10.19,51.34000000000001,0.66,-15.03,1.0,586320.0,0.0,18.6,Aug 03/a,25.0,833630000.0
SIDU,Sidus Space Inc,Industrials,Aerospace & Defense,,,81.73,-53.76,0.0,24.91,16.61,-27.190000000000005,-7.95,-0.82,-69.23,1.0,5650000.0,0.11,2.09,Aug 14/a,10.0,211520000.0
SIGA,SIGA Technologies Inc,Healthcare,Drug Manufacturers - Specialty & Generic,,,-64.94,-49.45,0.0,0.71,9.07,-5.26,-27.05,1.05,-58.379999999999995,,759270.0,0.0,3.42,Aug 06/a,11.57,245720000.0
SIGI,Selective Insurance Group Inc,Financial,Insurance - Property & Casualty,10.68,9.88,54.71,4.96,-3.2300000000000004,3.18,2.55,-10.57,15.2,0.24,-14.219999999999999,2.7,525830.0,0.0,86.12,Jul 23/a,101.71,5130000000.0
SION,Sionna Therapeutics Inc,Healthcare,Biotechnology,,,-61.68,,-22.54,9.47,15.23,-87.85,-85.56,0.93,-90.5,2.82,2130000.0,0.03,5.22,Aug 06/b,21.57,236070000.0
SIRI,Sirius XM Holdings Inc,Communication Services,Entertainment,10.19,7.87,23.51,1.03,-0.16,6.950000000000001,11.88,-11.56,13.22,0.96,-20.82,2.65,4110000.0000000005,0.02,25.86,Jul 30/b,33.33,8720000000.0
SITC,SITE Centers Corp,Real Estate,REIT - Retail,1.28,,-103.3,-67.47,0.0,-1.56,11.68,-3.55,-24.09,0.99,-42.17,3.0,1160000.0,0.0,3.06,Aug 03/a,3.5,160570000.0
SITE,SiteOne Landscape Supply Inc,Industrials,Industrial Distribution,24.96,18.04,9.75,4.73,1.73,-4.48,8.53,-20.53,-30.09,1.38,-45.89,1.79,878640.0,0.02,91.2,Jul 29/b,127.5,3980000000.0
SKT,Tanger Inc,Real Estate,REIT - Retail,31.82,31.12,8.9,11.15,-0.52,1.05,6.1,-13.22,2.93,1.09,-18.33,2.73,923540.0,0.0,34.73,Aug 04/a,41.0,3990000000.0
SKWD,Skyward Specialty Insurance Group Inc,Financial,Insurance - Property & Casualty,12.8,9.95,15.7,52.93,-0.19,3.73,5.18,-8.62,30.55,0.33,-16.27,1.64,541930.0,0.0,55.0,Aug 04/a,70.92,2440000000.0
SKY,Champion Homes Inc,Consumer Cyclical,Residential Construction,25.71,20.6,-20.87,1.27,-1.9900000000000002,2.08,5.42,0.4699999999999999,21.09,1.01,-11.42,1.71,650180.0,0.03,87.84,Aug 04/a,103.5,4770000000.0
SKYQ,Sky Quarry Inc,Energy,Oil & Gas Integrated,,,5.76,-100.0,0.0,-7.91,9.27,-18.39,17.36,2.18,-85.4,,6740000.0,0.61,2.84,-,,25090000.0
SKYX,SKYX Platforms Corp,Industrials,Electrical Equipment & Parts,,,25.8,9.58,0.0,-15.35,3.49,19.67,1.15,2.32,-63.25999999999999,1.0,1220000.0,0.02,1.21,Aug 12/a,4.0,163700000.0
SLDB,Solid Biosciences Inc,Healthcare,Biotechnology,,,9.06,,0.0,13.03,19.55,-22.91,2.67,2.45,-36.24,1.0,1250000.0,0.0,7.3,Aug 06/a,18.62,782740000.0
SLDE,Slide Insurance Holdings Inc,Financial,Insurance - Property & Casualty,5.55,6.15,90.44,47.86,-11.11,9.23,9.37,15.479999999999999,29.75,0.07,-14.829999999999998,1.5,1270000.0,0.0,22.78,Jul 28/a,26.0,2660000000.0
SLDP,Solid Power Inc,Consumer Cyclical,Auto Parts,,,24.98,-103.54999999999998,-0.13,-6.01,14.1,-8.87,-18.85,2.01,-73.26,1.0,3490000.0,0.44,2.37,Aug 04/a,6.88,540670000.0
SLE,Super League Enterprise Inc,Communication Services,Internet Content & Information,,,95.03,0.27,0.0,-3.71,4.2,62.3,33.78,1.51,-93.11,1.0,1290000.0,0.05,4.95,Aug 14/b,10.67,12240000.0
SLG,SL Green Realty Corp,Real Estate,REIT - Office,,,-130.2,5.63,-0.7,-2.64,16.03,-5.04,42.26,1.66,-17.51,2.41,957240.0,0.0,50.26,Oct 21/a,58.53,3840000000.0
SLGN,Silgan Holdings Inc,Consumer Cyclical,Packaging & Containers,14.11,8.77,-13.65,6.76,0.0,3.6900000000000004,9.28,-22.37,-5.7,0.65,-27.529999999999998,1.31,1280000.0,0.0,35.91,Jul 29/b,55.31,3800000000.0
SLM,SLM Corp,Financial,Credit Services,6.62,7.05,-8.56,-2.76,0.0,1.45,9.76,-7.03,14.63,0.96,-23.82,2.09,2470000.0,0.0,23.66,Jul 23/a,28.55,4450000000.0
SLNH,Soluna Holdings Inc,Financial,Capital Markets,,,73.72,144.56,0.1,34.81,13.19,-14.29,94.77,5.12,-76.65,1.0,11040000.0,0.11,1.2,Aug 13/a,4.0,296050000.0
SLS,SELLAS Life Sciences Group Inc,Healthcare,Biotechnology,,,24.18,,0.0,11.09,29.58,-25.5,163.69,2.56,-27.500000000000004,1.0,8140000.000000001,0.05,11.51,Aug 11/a,32.5,2320000000.0
SM,SM Energy Co,Energy,Oil & Gas E&P,6.86,4.48,154.01,215.28,-1.96,0.44,5.72,33.13,6.36,0.95,-16.27,2.0,3920000.0,0.05,34.8,Aug 05/a,44.11,8279999999.999999
SMA,Smartstop Self Storage REIT Inc,Real Estate,REIT - Industrial,63.24,55.07,229.69,18.65,-0.02,2.29,9.52,-2.37,6.959999999999999,0.5,-17.03,1.82,745910.0,0.04,32.1,Aug 05/a,37.34,1900000000.0
SMG,Scotts Miracle-Gro Company,Basic Materials,Agricultural Inputs,44.53,10.55,-25.509999999999998,-1.34,-0.22999999999999998,6.63,10.63,-24.82,-16.09,1.84,-32.45,1.88,967110.0,0.0,50.89,Jul 29/b,76.6,2960000000.0
SMPL,Simply Good Foods Co,Consumer Defensive,Packaged Foods,,5.67,-242.88,-6.29,1.07,-4.3,9.54,-26.49,-33.61,0.17,-62.59,2.2,2400000.0,0.0,9.6,Jul 09/b,14.38,849220000.0
SMR,NuScale Power Corp,Industrials,Specialty Industrial Machinery,,,1.36,-99.07,-84.57,15.509999999999998,18.87,-18.62,-18.94,2.36,-85.46,2.61,33210000.0,0.15,8.35,Aug 05/a,11.97,3590000000.0
SMRT,SmartRent Inc,Technology,Software - Application,,,49.04,4.01,3.4099999999999997,1.26,5.0,-4.1,-20.95,1.64,-46.82,3.0,1710000.0,0.0,1.17,Aug 05/b,1.45,224190000.0
SNAP,Snap Inc,Communication Services,Internet Content & Information,,37.07,37.12,18.89,-1.7399999999999998,-11.3,9.02,20.81,35.88,1.08,-41.51,2.68,37190000.0,0.05,5.34,Aug 03/a,7.39,9030000000.0
SNDA,Sonida Senior Living Inc,Healthcare,Medical Care Facilities,,,-218.14,122.02,-24.73,27.449999999999996,7.51,0.33,25.75,0.74,-10.33,1.5,533160.0,0.0,39.8,Aug 10/b,49.5,1910000000.0
SNDR,Schneider National Inc,Industrials,Trucking,49.27,18.29,37.82,10.43,-0.1,-0.8699999999999999,11.46,-13.889999999999999,21.45,1.21,-20.42,2.44,767940.0,0.0,31.25,Jul 30/a,37.5,5480000000.0
SNDX,Syndax Pharmaceuticals Inc,Healthcare,Biotechnology,,,33.35,91.76,-1.28,10.78,25.46,-15.06,-21.24,0.42,-27.71,1.08,1710000.0,0.03,18.5,Aug 04/a,37.55,1650000000.0
SNEX,StoneX Group Inc,Financial,Capital Markets,17.31,15.1,22.57,15.380000000000003,-9.26,1.39,4.5,-26.0,28.550000000000004,0.61,-29.42,2.0,1090000.0,0.0,66.81,Aug 05/a,75.0,8060000000.000001
SOC,Sable Offshore Corp,Energy,Oil & Gas Drilling,,4.73,70.2,,-5.21,17.67,27.49,-43.19,-78.54,-0.17,-80.91,1.29,11840000.0,0.05,3.96,Aug 10/a,9.4,759780000.0
SOLS,Solstice Advanced Materials Inc,Basic Materials,Specialty Chemicals,42.98,16.86,22.15,11.13,0.0,2.91,3.27,-31.379999999999995,-24.51,,-37.62,1.27,3440000.0,0.02,56.64,Jul 30/b,80.25,9000000000.0
SON,Sonoco Products Co,Consumer Cyclical,Packaging & Containers,7.69,7.9,178.77,-1.24,1.49,11.7,11.19,-10.5,-6.22,0.32,-17.78,2.14,1130000.0,0.0,49.88,Oct 21/a,62.89,4930000000.0
SONO,Sonos Inc,Technology,Consumer Electronics,41.21,70.54,978.29,8.85,-2.33,0.02,8.01,35.05,44.41,1.9,-7.470000000000001,1.5,1970000.0,0.0,18.34,Jul 29/a,19.67,2170000000.0
SOUN,SoundHound AI Inc,Technology,Software - Application,,,45.04,45.02,-1.22,-1.2,40.77,-6.11,1.8500000000000003,2.84,-72.9,1.5,28710000.0,0.12,6.01,Aug 05/a,12.67,2700000000.0
SPCE,Virgin Galactic Holdings Inc,Industrials,Aerospace & Defense,,,65.77,-67.0,2.07,36.78,22.48,7.829999999999999,40.27,2.88,-64.38,2.88,8970000.0,0.04,3.17,Aug 12/a,3.56,480570000.0
SPHR,Sphere Entertainment Co,Communication Services,Entertainment,,,-131.7,10.95,0.0,5.75,23.88,-19.52,29.909999999999997,1.62,-23.64,1.17,685800.0,0.0,138.7,Jul 30/b,181.25,4980000000.0
SPIR,Spire Global Inc,Industrials,Specialty Business Services,,,-114.03000000000002,-5.91,-6.97,27.190000000000005,11.21,-33.09,-4.45,2.8,-54.449999999999996,1.5,737420.0,0.07,11.81,Aug 12/a,20.88,479750000.0
SPRO,Spero Therapeutics Inc,Healthcare,Biotechnology,11.26,,-443.89000000000004,-100.0,-0.17,1.8000000000000003,2.27,-45.58,-47.21,1.5,-60.06,1.0,1210000.0,0.02,1.23,Aug 12/a,6.0,71630000.0
SPRY,ARS Pharmaceuticals Inc,Healthcare,Biotechnology,,,-37.56,114.14999999999999,-0.08,-4.65,35.36,-52.34000000000001,-49.44,0.81,-68.97,1.0,1910000.0,0.0,4.08,Aug 13/a,23.5,405750000.0
SPSC,SPS Commerce Inc,Technology,Software - Application,39.34,15.3,-63.75999999999999,5.56,-0.24,1.29,9.23,41.27,49.57,0.62,-29.049999999999997,2.79,583650.0,0.14,81.5,Jul 30/a,75.45,2930000000.0
SPT,Sprout Social Inc,Technology,Software - Application,,6.08,75.02,10.8,-2.48,5.3,8.43,24.54,72.51,1.0,-33.24,2.64,1260000.0,0.0,9.54,Aug 06/a,10.67,578430000.0
SPXC,SPX Technologies Inc,Industrials,Building Products & Equipment,30.13,17.68,41.27,22.92,0.0,-2.2,3.1,-27.839999999999996,-14.05,1.23,-31.540000000000003,1.29,639730.0,0.0,171.9,Jul 30/a,273.45,8610000000.0
SR,Spire Inc,Utilities,Utilities - Regulated Gas,8.6,14.07,1126.29,-0.4,-0.06,1.46,5.04,-4.51,-15.24,0.53,-18.99,1.6,534690.0,0.0,77.21,Aug 05/b,92.56,4560000000.0
SRFM,Surf Air Mobility Inc,Industrials,Airlines,,,78.65,7.580000000000001,-0.78,-0.33,14.57,30.130000000000003,10.02,2.73,-80.39,1.5,6780000.0,3.09,1.21,Aug 10/a,4.93,149640000.0
SRPT,Sarepta Therapeutics Inc,Healthcare,Biotechnology,,23.7,-102.46,-34.34,0.0,4.57,25.32,8.11,-7.86,0.36,-27.33,2.8,3380000.0,0.02,18.4,Aug 05/a,21.86,1940000000.0
SRRK,Scholar Rock Holding Corp,Healthcare,Biotechnology,,,13.819999999999999,,-0.38,4.34,19.3,-12.57,12.79,0.6,-22.2,1.11,1560000.0,0.0,48.05,Aug 06/b,69.12,5850000000.0
SRTA,Strata Critical Medical Inc,Healthcare,Medical Care Facilities,,1618.62,-165.22,2.41,-0.64,-2.95,6.54,4.05,30.19,2.42,-17.08,1.0,996420.0,0.0,5.39,Aug 04/b,9.56,476840000.0
SRXH,SRX Global Inc,Consumer Defensive,Packaged Foods,,,98.37,-52.62,0.0,5.06,8.66,-67.59,-75.07,0.94,-95.86,1.0,4260000.0,0.12,1.72,Aug 13/a,600.0,33860000.0
SSB,SouthState Bank Corp,Financial,Banks - Regional,10.76,9.98,11.44,1.2,-3.81,-0.02,3.2,1.08,11.42,0.77,-8.68,1.36,808340.0,0.0,102.46,Jul 23/a,119.5,9940000000.0
SSP,E.W. Scripps Co,Communication Services,Broadcasting,,,-2057.38,-9.2,-0.67,2.15,8.41,-3.16,-26.009999999999998,0.7,-48.79,3.0,678290.0,0.0,2.76,Aug 06/a,4.93,255770000.0
SSRM,SSR Mining Inc,Basic Materials,Gold,31.2,7.32,11.13,9.46,0.0,0.16,4.28,19.19,27.860000000000003,-0.11,-14.249999999999998,1.09,2990000.0,0.07,33.82,Aug 04/a,42.44,6900000000.0
SST,System1 Inc,Industrials,Specialty Business Services,,,30.89,-61.34,0.34,-15.869999999999997,17.86,17.77,-14.16,1.63,-69.35,1.0,561680.0,0.13,2.85,Aug 05/a,6.5,29890000.0
SSTK,Shutterstock Inc,Communication Services,Internet Content & Information,,,-618.96,-16.93,0.0,-9.78,9.13,-71.5,-74.95,1.15,-86.35,3.0,1170000.0,0.0,4.03,Aug 04/a,25.0,148810000.0
SSYS,Stratasys Ltd,Technology,Computer Hardware,,43.2,3.44,-0.35,0.0,1.7500000000000002,4.65,-1.1,6.02,2.0,-36.77,1.5,637940.0,0.12,8.1,Aug 13/b,12.0,709460000.0
ST,Sensata Technologies Holding Plc,Technology,Scientific & Technical Instruments,67.53,9.99,68.08,5.09,-0.76,-0.43,4.59,-12.8,17.53,1.25,-24.12,2.2,1560000.0,0.02,40.89,Jul 29/a,54.11,5950000000.0
STAA,Staar Surgical Co,Healthcare,Medical Instruments & Supplies,308.27,37.99,146.1,111.04,0.0,-0.9399999999999998,15.27,-30.11,14.59,1.18,-42.85,2.82,1010000.0,0.01,20.5,Aug 12/a,27.89,1030000000.0
STAG,STAG Industrial Inc,Real Estate,REIT - Industrial,28.22,33.35,3.4000000000000004,8.08,0.0,1.6099999999999999,4.0,-6.05,1.94,0.95,-13.66,2.5,1640000.0,0.0,36.79,Jul 28/a,41.75,7090000000.0
STDN,Standard Nuclear Inc,Basic Materials,Specialty Chemicals,,,,,1.22,55.13,5.06,,,,-29.350000000000005,1.12,995230.0,0.03,12.25,Aug 27/b,17.5,1920000000.0
STEP,StepStone Group Inc,Financial,Asset Management,,13.07,-186.16,13.200000000000001,-1.02,-0.44,6.95,10.16,-1.26,1.27,-42.26,1.33,1340000.0,0.0,44.36,Aug 06/a,69.56,5350000000.0
STGW,Stagwell Inc,Communication Services,Advertising Agencies,140.0,6.72,-63.36999999999999,11.53,-1.5700000000000003,-0.08,8.66,18.68,35.86,1.3,-13.51,1.5,1380000.0,0.0,8.26,Jul 30/b,9.86,2020000000.0
STIM,Neuronetics Inc,Healthcare,Medical Devices,,,69.26,9.08,3.75,-9.65,21.5,102.64999999999999,113.65,1.18,-19.88,1.0,2160000.0,0.0,2.76,Aug 11/b,5.75,210010000.0
STLN,Starling Oncology Inc,Healthcare,Medical Care Facilities,,,46.7,34.62,-0.68,3.8699999999999997,11.1,23.67,133.97,0.42,-2.87,1.0,1710000.0,0.0,6.93,Aug 06/a,9.25,692450000.0
STOK,Stoke Therapeutics Inc,Healthcare,Biotechnology,,,-131.96,-32.51,-0.43,9.61,20.85,-23.43,-24.51,1.25,-38.34,1.0,894420.0,0.0,24.8,Aug 03/a,46.46,1600000000.0
STTK,Shattuck Labs Inc,Healthcare,Biotechnology,,,52.190000000000005,,-0.17,32.76,7.9,-5.75,-3.8,1.09,-27.13,1.0,1350000.0,0.0,6.07,Aug 11/b,15.25,609200000.0
STUB,Stubhub Holdings Inc,Communication Services,Internet Content & Information,,9.8,99.95,33.18,-1.24,8.92,9.77,-57.830000000000005,-15.130000000000003,3.63,-74.69,1.85,7100000.0,0.01,5.44,Aug 12/a,11.23,2080000000.0
STWD,Starwood Property Trust Inc,Real Estate,REIT - Mortgage,24.15,7.58,-97.04,8.43,-0.03,-0.6,5.49,-15.24,-15.64,1.03,-28.610000000000003,1.57,4220000.0,0.03,14.38,Aug 06/b,19.83,5320000000.0
STXS,Stereotaxis Inc,Healthcare,Medical Instruments & Supplies,,,-1.49,-12.82,0.0,0.42,7.25,-23.7,-27.47,1.35,-63.23,1.0,849660.0,0.04,1.32,Aug 11/a,3.0,132259999.99999999
SUIG,Sui Group Holdings Ltd,Financial,Credit Services,,,-309.22,-2086.6,0.0,-1.25,1.55,40.54,28.93,1.3,-66.88,1.0,596810.0,0.94,1.56,Aug 06/a,2.7,119820000.0
SUJA,Suja Life Inc,Consumer Defensive,Beverages - Non-Alcoholic,,19.46,,,13.100000000000001,38.11,13.94,-15.340000000000002,,,-53.410000000000004,1.8,583250.0,0.0,8.61,Aug 04/a,18.0,332560000.0
SUNE,SUNation Energy Inc,Technology,Solar,,,83.37,-37.52,100.0,16.67,8.18,7.08,2.11,2.59,-74.39,3.0,4470000.0,0.02,2.42,Mar 18/a,15000.0,15760000.0
SUPN,Supernus Pharmaceuticals Inc,Healthcare,Drug Manufacturers - Specialty & Generic,,9.57,-353.07,32.4,0.0,1.44,9.15,-8.85,-13.849999999999998,0.55,-28.52,1.5,843170.0,0.09,42.66,Aug 03/b,61.75,2480000000.0
SVC,Service Properties Trust,Real Estate,REIT - Hotel & Motel,,,-659.08,-16.32,459.07,66.7,4.07,-22.92,-26.369999999999997,1.71,-52.59,2.0,1770000.0,0.0,6.59,Aug 05/a,10.42,853470000.0
SVIA,Silvia Inc,Financial,Capital Markets,,,-80744.44,,-0.31,-14.38,2.83,162.42,89.81,1.3,-63.01,,1390000.0,0.0,3.91,-,,345530000.0
SVRA,Savara Inc,Healthcare,Biotechnology,,,-12.950000000000001,,-0.38,1.53,42.06,-18.76,-4.69,0.19,-30.070000000000004,1.0,1710000.0,0.05,4.9,Aug 11/a,10.94,1010000000.0
SVV,Savers Value Village Inc,Consumer Cyclical,Specialty Retail,61.81,15.43,16.74,7.429999999999999,-33.24,-0.6,13.93,-8.07,27.77,1.23,-32.76,1.75,1360000.0,0.0,9.34,Aug 06/a,14.23,1440000000.0
SWBI,Smith & Wesson Brands Inc,Industrials,Aerospace & Defense,26.22,23.67,173.8,32.34,0.0,9.12,6.47,-7.79,-3.1400000000000006,0.83,-19.15,1.0,569130.0,0.0,14.2,Sep 03/a,17.25,636720000.0
SWIM,Latham Group Inc,Industrials,Building Products & Equipment,154.96,22.92,-20.25,14.39,0.11,2.59,6.78,0.16,20.98,1.65,-28.62,2.43,851470.0,0.0,6.4,Aug 04/a,8.61,752940000.0
SWMR,Swarmer Inc,Technology,Software - Infrastructure,,76.85,,,-0.74,20.85,24.22,-57.13,-40.49,,-75.09,1.0,518280.0,0.4,20.75,Aug 13/a,60.0,330690000.0
SWRD,Stewards Inc,Financial,Credit Services,,,-76.28,4.61,0.0,0.0,0.29,-9.82,-17.33,1.53,-66.93,,664070.0,0.02,2.48,-,,523570000.00000006
SWX,Southwest Gas Holdings Inc,Utilities,Utilities - Regulated Gas,11.51,16.71,424.4,-68.03,0.0,2.6,3.07,-9.34,-4.77,0.55,-12.73,1.12,585430.0,0.0,82.44,Aug 05/b,104.17,5970000000.0
SXC,SunCoke Energy Inc,Basic Materials,Coking Coal,,26.14,587.84,9.49,0.0,9.59,4.85,16.77,43.67,0.99,-10.67,2.0,1360000.0,0.0,9.54,Jul 30/b,9.5,809700000.0
SYNA,Synaptics Inc,Technology,Semiconductors,,15.44,-9367.08,8.91,-12.24,-1.8000000000000003,6.57,-13.459999999999999,47.84,1.97,-31.879999999999995,2.46,911140.0,0.04,101.58,Aug 06/a,131.25,4030000000.0000005
SYRE,Spyre Therapeutics Inc,Healthcare,Biotechnology,,,29.38,,-35.82,19.42,15.35,-4.06,82.84,3.11,-21.49,1.21,1200000.0,0.01,86.5,Aug 04/a,121.67,7630000000.0
TALO,Talos Energy Inc,Energy,Oil & Gas E&P,,16.89,183.96,56.53,-10.38,0.88,7.37,22.16,-1.5,0.42,-12.839999999999998,1.69,2040000.0,0.02,16.32,Aug 04/a,20.18,2730000000.0
TAP,Molson Coors Beverage Company,Consumer Defensive,Beverages - Brewers,,7.41,-42.07,-3.26,-0.0,13.19,19.96,-9.56,-17.17,0.42,-34.42,2.96,3750000.0,0.0,35.95,Aug 06/b,44.37,6780000000.0
TARA,Protara Therapeutics Inc,Healthcare,Biotechnology,,,-0.37,,-3.35,4.26,8.46,-20.39,-36.8,1.44,-58.06,1.0,639580.0,0.0,3.28,Aug 11/b,25.71,193830000.0
TARS,Tarsus Pharmaceuticals Inc,Healthcare,Biotechnology,,52.61,10.97,69.41,-3.3300000000000005,3.81,13.89,21.96,12.770000000000001,0.45,-18.38,1.09,988560.0,0.0,74.71,Aug 06/b,100.0,3500000000.0
TASK,TaskUs Inc,Technology,Information Technology Services,7.02,5.48,9.7,5.02,-0.05,1.32,11.2,69.52,25.7,1.84,-30.55,2.88,681500.0,0.0,8.12,Aug 05/a,8.5,744500000.0
TBCVU,Thunder Bridge Capital Partners V Ltd,Financial,Shell Companies,,,,,0.0,,0.04,,,,-0.3,,553640.0,0.0,9.92,-,,305620000.0
TBLA,Taboola.com Ltd,Communication Services,Internet Content & Information,8.6,10.34,206.47000000000003,2.44,-14.57,13.95,4.94,-30.12,16.0,1.49,-39.05,1.89,2850000.0,0.0,3.48,Aug 05/b,5.8,940140000.0
TBPH,Theravance Biopharma Inc,Healthcare,Biotechnology,16.87,9.73,-110.55999999999999,-20.86,-10.22,,3.46,-3.4000000000000004,12.11,0.19,-19.02,3.0,865030.0,0.0,17.03,Aug 10/b,17.0,884180000.0
TCPC,BlackRock TCP Capital Corp,Financial,Asset Management,,9.91,111.11999999999999,270.36,0.0,,5.82,20.6,17.44,1.05,-36.38,3.5,743110.0,0.02,4.04,Aug 06/b,4.33,338970000.0
TCRT,Alaunos Therapeutics Inc,Healthcare,Biotechnology,,,35.2,,0.0,-5.33,0.29,-54.40999999999999,-63.739999999999995,-0.92,-76.46,2.33,784460.0,0.29,1.08,-,3.5,3160000.0
TDAY,USA TODAY Co Inc,Communication Services,Publishing,,22.56,-84.8,-8.3,-0.05,0.4099999999999999,23.12,-23.11,-3.6000000000000005,1.4,-30.29,2.0,2190000.0,0.0,6.42,Aug 06/b,8.7,942570000.0
TDC,Teradata Corp,Technology,Software - Infrastructure,6.0,9.78,409.80999999999995,0.49,-5.23,18.43,17.13,-16.99,12.560000000000002,0.62,-31.81,2.73,2760000.0,0.0,28.49,Aug 04/a,33.5,2650000000.0
TDOC,Teladoc Health Inc,Healthcare,Health Information Services,,,-15.72,-3.95,-9.72,5.54,15.32,-30.380000000000003,17.7,2.14,-38.81,2.57,4470000.0,0.02,6.05,Jul 29/a,7.58,1100000000.0
TDS,Telephone And Data Systems Inc,Communication Services,Telecom Services,12.97,163.31,5025.29,-73.92,-0.54,5.78,5.99,-6.76,-15.79,0.32,-28.110000000000003,2.25,1260000.0,0.02,35.31,Aug 07/b,47.5,3800000000.0
TDUP,ThredUp Inc,Consumer Cyclical,Internet Retail,,,-6.280000000000001,16.88,-2.0,4.87,20.44,-68.14,-29.87,2.09,-77.7,1.29,2470000.0,0.01,2.23,Aug 05/a,7.24,292870000.0
TDW,Tidewater Inc,Energy,Oil & Gas Equipment & Services,16.95,13.66,-70.37,0.25,-1.9299999999999997,11.09,12.95,25.900000000000002,1.76,0.59,-17.45,2.27,671700.0,0.12,83.85,Aug 03/a,93.9,4170000000.0
TE,T1 Energy Inc,Industrials,Electrical Equipment & Parts,,,24.39,88.4,-33.58,13.570000000000002,26.48,-57.879999999999995,-35.07,2.35,-70.06,1.67,30470000.0,0.21,3.74,Aug 12/b,8.78,1100000000.0
TENB,Tenable Holdings Inc,Technology,Software - Infrastructure,571.11,15.19,127.47,8.58,0.37,0.96,16.77,-1.43,99.58,1.01,-24.41,2.56,4280000.0,0.03,33.01,Jul 29/a,36.0,3640000000.0
TENX,Tenax Therapeutics Inc,Healthcare,Biotechnology,,,-27.690000000000005,,353.58,16.03,16.25,-86.52,-87.79,0.93,-90.62,1.8,5440000.0,0.08,1.82,Jul 31/b,9.62,68110000.0
TEX,Terex Corp,Industrials,Farm & Heavy Construction Machinery,29.57,9.53,-11.84,50.5,-0.39,4.44,6.34,-22.52,0.9899999999999999,1.46,-23.68,1.8,1230000.0,0.01,57.0,Jul 30/b,80.82,6520000000.0
TFSL,TFS Financial Corp,Financial,Banks - Regional,46.02,42.54,44.18,5.9,-3.82,0.05,2.87,-5.36,21.9,0.72,-14.88,3.0,841380.0,0.0,16.59,Jul 30/a,19.0,4650000000.0
TFX,Teleflex Incorporated,Healthcare,Medical Instruments & Supplies,,11.34,-17.42,-26.96,0.0,-1.18,9.53,-2.55,6.9,0.82,-14.32,2.44,606640.0,0.1,124.24,Aug 06/b,153.55,5260000000.0
TGTX,TG Therapeutics Inc,Healthcare,Biotechnology,20.94,20.09,-71.45,70.27,-0.04,4.24,21.29,3.19,81.1,1.8,-3.04,1.33,2150000.0,0.01,57.5,Aug 03/b,69.71,8800000000.0
TH,Target Hospitality Corp,Industrials,Specialty Business Services,,22.82,39.95,38.71,0.06,27.18,5.74,0.29,113.32,1.5,-5.79,1.0,1580000.0,0.0,20.5,Aug 10/b,26.33,2040000000.0
THO,Thor Industries Inc,Consumer Cyclical,Recreational Vehicles,21.31,14.74,-66.74,-8.38,0.0,2.74,11.2,-8.37,-11.41,1.41,-41.26,2.56,683230.0,0.0,72.15,Sep 22/b,80.6,3720000000.0
THRY,Thryv Holdings Inc,Technology,Software - Application,,,-219.47,-28.389999999999997,11.46,0.58,7.78,-57.18,-31.15,0.86,-85.76,2.5,768680.0,0.0,1.79,Aug 04/b,4.0,79550000.0
TIC,TIC Solutions Inc,Industrials,Specialty Business Services,,,-3105.26,86.14,0.0,0.72,15.5,8.32,34.7,2.79,-40.78,1.57,1950000.0,0.0,8.85,Aug 06/b,12.25,1930000000.0
TILE,Interface Inc,Consumer Cyclical,"Furnishings, Fixtures & Appliances",14.05,14.37,59.98,5.37,-9.71,3.08,7.59,-2.55,40.6,1.99,-14.150000000000002,1.0,501210.0,0.04,34.77,Aug 07/b,45.25,2009999999.9999998
TKR,Timken Co,Industrials,Tools & Accessories,31.79,16.02,-63.190000000000005,7.46,-1.34,2.58,6.79,-18.32,20.14,1.18,-19.92,1.81,928490.0,0.0,117.21,Aug 04/b,150.0,8119999999.999999
TLS,Telos Corp,Technology,Software - Infrastructure,,18.09,106.52999999999999,32.74,-3.9800000000000004,3.72,5.87,-10.42,-4.72,0.94,-51.67,2.0,601200.0,0.01,4.04,Aug 10/b,6.33,301940000.0
TLYS,Tillys Inc,Consumer Cyclical,Apparel Retail,77.08,21.35,157.17,8.1,-21.5,4.73,3.32,4.15,1.67,0.08,-31.679999999999996,2.0,571280.0,0.0,4.27,Sep 02/a,6.65,130610000.00000001
TMDX,Transmedics Group Inc,Healthcare,Medical Devices,21.85,36.78,-55.84,20.7,-0.62,-4.97,23.93,24.83,-15.190000000000001,1.92,-46.15,1.75,889930.0,0.01,84.0,Aug 04/a,97.3,2910000000.0
TNDM,Tandem Diabetes Care Inc,Healthcare,Medical Devices,,114.97,60.75000000000001,5.59,0.0,-0.89,18.15,1.01,-23.86,1.64,-46.07,1.92,1930000.0,0.01,15.99,Aug 06/a,29.0,1110000000.0
TNGX,Tango Therapeutics Inc,Healthcare,Biotechnology,,,-5.04,-100.0,-0.4699999999999999,22.98,33.73,-21.68,32.4,1.18,-25.85,1.17,2840000.0,0.0,25.5,Aug 11/b,45.18,4300000000.0
TNL,Travel+Leisure Co,Consumer Cyclical,Travel Services,17.55,7.33,5.86,4.42,-8.0,3.94,12.6,-17.04,-4.74,1.2,-20.4,1.17,733870.0,0.0,64.48,Jul 22/b,91.17,3950000000.0
TNON,Tenon Medical Inc,Healthcare,Medical Devices,,,3.29,126.77000000000001,-4.74,5.13,59.92,-80.76,-87.73,1.37,-94.03,1.0,5460000.0,0.06,3.01,Aug 13/a,10.0,3100000.0
TOWN,Townebank Portsmouth VA,Financial,Banks - Regional,10.2,10.38,304.51,86.68,,2.3,2.9,0.0,11.04,0.73,-6.83,2.25,619350.0,0.0,36.36,Jul 23/b,40.0,3360000000.0
TPC,Tutor Perini Corp,Industrials,Engineering & Construction,36.02,16.36,227.43,19.17,-32.47,8.27,4.09,1.67,9.32,2.05,-18.62,1.0,695280.0,0.04,83.25,Aug 05/a,117.0,4380000000.0
TPET,Trio Petroleum Corp,Energy,Oil & Gas E&P,,,75.07,81.18,-14.550000000000002,,10.9,-37.62,-79.55,-4.77,-92.49,,697570.0,0.99,1.69,-,,8990000.0
TRAX,First Tracks Biotherapeutics Inc,Healthcare,Biotechnology,,,,,-0.73,306.22,14.82,102.82,,,-30.879999999999995,1.09,791720.0,0.0,34.5,Aug 12/a,71.82,1230000000.0
TREX,TREX Co Inc,Industrials,Building Products & Equipment,26.38,22.13,-14.57,7.79,-0.27,-6.06,10.05,-10.14,25.629999999999995,1.48,-17.77,2.23,1860000.0,0.03,44.65,Aug 04/b,54.67,4550000000.0
TRIN,Trinity Capital Inc,Financial,Asset Management,10.11,8.38,-21.87,41.41,0.06,,6.6,-0.39,23.58,0.67,-6.54,1.67,1010000.0,0.01,17.66,Aug 05/b,18.5,1670000000.0
TRIP,TripAdvisor Inc,Consumer Cyclical,Travel Services,818.81,7.7,-31.259999999999998,-16.47,-0.58,-0.08,31.43,-41.05,-18.2,0.86,-53.59,3.0,3680000.0,0.0,8.27,Aug 06/b,12.95,969240000.0
TRLV,Trulieve Cannabis Corp,Healthcare,Drug Manufacturers - Specialty & Generic,,21.22,-2821.78,-10.31,-5.37,26.030000000000005,3.15,32.03,133.27,1.8,-8.13,1.0,1420000.0,0.01,12.2,Aug 07/b,18.18,2350000000.0
TRN,Trinity Industries Inc,Industrials,Railroads,6.72,12.54,608.23,-4.17,-1.41,6.13,5.54,-22.71,-11.31,1.34,-27.140000000000004,3.0,707260.0,0.0,27.91,Jul 30/b,33.0,2220000000.0
TRNO,Terreno Realty Corp,Real Estate,REIT - Industrial,17.91,35.62,-40.41,11.12,-0.71,0.44,6.12,1.14,9.57,1.04,-15.75,2.06,833430.0,0.0,66.5,Aug 05/a,75.0,7250000000.0
TRON,Tron Inc,Consumer Cyclical,Leisure,,,-7.580000000000001,16.81,0.0,38.8,16.55,-2.37,-33.64,8.63,-69.03,,992530.0,0.05,1.44,-,,683110000.0
TROX,Tronox Holdings plc,Basic Materials,Chemicals,,,-101.93,18.74,0.0,7.46,16.71,-39.76,-55.27000000000001,0.88,-61.95,3.2,2550000.0,0.0,4.03,Aug 05/a,7.0,643590000.0
TRTX,TPG RE Finance Trust Inc,Real Estate,REIT - Mortgage,11.42,5.65,-43.04,2.64,0.0,1.14,7.24,-26.0,-17.74,1.5,-33.19,1.5,850640.0,0.03,6.26,Jul 28/a,9.88,480570000.0
TRVI,Trevi Therapeutics Inc,Healthcare,Biotechnology,,,-20.34,,-0.1,11.35,11.71,-25.929999999999996,21.8,0.96,-31.75,1.0,2029999.9999999998,0.02,13.8,Aug 06/a,29.5,1970000000.0
TSHA,Taysha Gene Therapies Inc,Healthcare,Biotechnology,,,-40.13,-100.0,-0.77,11.07,18.74,-30.91,14.249999999999998,1.16,-36.3,1.08,3240000.0,0.01,4.65,Aug 11/a,13.0,1520000000.0
TSSI,TSS Inc,Technology,Information Technology Services,19.29,31.11,-15.83,-20.08,-17.09,18.08,18.72,-18.33,-16.24,2.0,-54.98,1.0,905780.0,0.09,9.8,Aug 13/a,15.5,276540000.0
TTAN,ServiceTitan Inc,Technology,Software - Application,,34.82,26.030000000000005,20.91,-1.5,9.79,14.38,-17.93,-4.6,0.21,-48.27,1.29,2390000.0,0.03,57.61,Sep 08/a,97.53,5560000000.0
TTC,Toro Co,Industrials,Tools & Accessories,26.01,18.88,49.04,8.33,-3.7900000000000005,1.73,3.92,-0.52,5.25,0.67,-7.64,2.0,731300.0,0.0,97.15,Sep 03/b,111.0,9200000000.0
TTD,Trade Desk Inc,Communication Services,Advertising Agencies,15.17,50.34,-24.64,3.03,-0.1,0.05,21.31,-31.480000000000004,-39.94,0.98,-77.34,3.14,23150000.0,0.76,12.78,Aug 06/a,13.38,6010000000.0
TTEK,Tetra Tech Inc,Industrials,Engineering & Construction,20.2,19.32,-1.86,-4.47,0.15,2.71,4.35,16.27,12.76,0.94,-22.16,1.9,2630000.0,0.0,33.58,Jul 29/a,40.33,8600000000.0
TTI,Tetra Technologies Inc,Energy,Oil & Gas Equipment & Services,147.43,18.38,-14.05,6.78,-0.19,17.73,7.96,-47.01,-30.049999999999997,1.25,-51.92,1.4,1910000.0,0.0,6.03,Aug 03/a,11.6,892880000.0
TVRD,Tvardi Therapeutics Inc,Healthcare,Biotechnology,,,31.47,,0.0,-12.42,2.55,-33.51,-59.93999999999999,0.35,-97.09,1.78,2340000.0,0.16,1.27,Aug 14/b,9.25,16940000.0
TVTX,Travere Therapeutics Inc,Healthcare,Biotechnology,,18.61,-159.55,48.17,-34.17,4.21,14.17,0.9399999999999998,115.96,1.13,-14.38,1.13,1570000.0,0.16,58.85,Aug 04/a,75.21,5550000000.0
TWI,Titan International Inc,Industrials,Farm & Heavy Construction Machinery,,24.41,225.39,5.19,0.0,-4.48,4.62,-9.81,4.12,1.43,-39.49,1.0,564730.0,0.0,7.08,Jul 30/b,12.0,456960000.0
TXNM,TXNM Energy Inc,Utilities,Utilities - Regulated Electric,32.51,18.09,185.64,9.18,0.0,-3.8,5.91,2.43,0.45999999999999996,0.17,-1.7000000000000002,2.75,1370000.0,0.0,58.52,Jul 31/b,61.12,6440000000.0
TYRA,Tyra Biosciences Inc,Healthcare,Biotechnology,,,-46.33,,0.01,7.6499999999999995,21.58,-32.26,-40.07,0.74,-46.49,1.2,900810.0,0.18,21.75,Aug 04/a,47.45,1500000000.0
UA,Under Armour Inc,Consumer Cyclical,Apparel Manufacturing,,22.79,121.31,-3.27,0.37,9.4,23.04,-27.26,-22.74,1.53,-44.98,3.08,2960000.0,0.0,4.35,Aug 07/b,5.96,1880000000.0
UAA,Under Armour Inc,Consumer Cyclical,Apparel Manufacturing,,23.11,121.31,-3.27,0.5,9.54,28.42,-28.27,-22.65,1.61,-45.52,3.15,8940000.0,0.01,4.44,Aug 07/b,5.89,1890000000.0
UAMY,United States Antimony Corp,Basic Materials,Other Industrial Metals & Mining,,61.12,-50.0,-24.7,0.54,8.34,24.71,-35.78,-48.91,0.36,-77.32,1.0,6280000.0,0.1,4.47,Aug 11/a,11.19,669020000.0
UAVS,AgEagle Aerial Systems Inc,Technology,Computer Hardware,,,19.58,-36.01,0.13,3.06,5.85,16.01,13.69,2.89,-65.73,1.0,1430000.0,0.23,1.0,Aug 14/a,18.15,62910000.0
UBSI,United Bankshares Inc,Financial,Banks - Regional,12.79,12.12,12.11,0.9199999999999999,-0.1,0.84,4.64,2.49,16.11,0.74,-5.56,2.5,999290.0,0.0,46.86,Jul 23/b,50.33,6380000000.0
UCB,United Community Banks Inc,Financial,Banks - Regional,11.2,10.24,50.970000000000006,-0.48,-3.1,1.96,4.3,-3.88,9.19,0.89,-7.93,2.14,891950.0,0.0,34.23,Jul 21/b,40.17,4130000000.0
UCTT,Ultra Clean Hldgs Inc,Technology,Semiconductor Equipment & Materials,,11.57,105.25999999999999,24.31,-9.01,2.99,8.24,-42.05,28.660000000000004,1.88,-47.48,1.0,1230000.0,0.04,75.74,Aug 03/a,137.0,3430000000.0
UE,Urban Edge Properties,Real Estate,REIT - Retail,37.24,39.16,-69.32,7.62,-60.089999999999996,-1.96,2.94,-14.96,-1.34,1.0,-17.46,2.2,847540.0,0.0,19.9,Aug 06/a,24.2,2650000000.0
UEC,Uranium Energy Corp,Energy,Uranium,,,-51.78,,0.0,3.38,12.35,-13.83,-27.77,1.36,-54.120000000000005,1.4,8340000.0,0.26,9.33,Sep 29/b,17.27,4620000000.0
UGI,UGI Corp,Utilities,Utilities - Regulated Gas,12.18,11.27,18.36,-4.45,-8.97,2.87,6.03,4.61,-0.45999999999999996,0.94,-11.71,1.4,1870000.0,0.0,36.5,Aug 05/a,45.25,7830000000.0
UIS,Unisys Corp,Technology,Information Technology Services,,2.23,-363.31,-2.03,-1.4,-0.54,9.28,-37.99,16.34,1.97,-52.81,1.5,745190.0,0.0,2.35,Jul 29/a,4.81,171360000.0
ULCC,Frontier Group Holdings Inc,Industrials,Airlines,,15.88,-27.42,37.67,-8.44,9.58,24.66,-19.15,71.78,2.65,-27.85,3.42,3280000.0,0.4,6.06,Jul 29/b,6.44,1400000000.0
UMAC,Unusual Machines Inc,Technology,Computer Hardware,,,49.95,687.32,-8.78,16.15,19.41,22.59,100.12,14.77,-32.5,1.0,3910000.0,0.14,23.57,Aug 06/b,39.0,1180000000.0
UMBF,UMB Financial Corp,Financial,Banks - Regional,11.28,9.7,25.929999999999996,6.23,-5.36,3.2400000000000007,4.98,-4.56,24.36,0.83,-11.62,1.65,644030.0,0.01,135.5,Jul 28/a,167.47,2770000000.0
UMH,UMH Properties Inc,Real Estate,REIT - Residential,123.0,93.33,72.58,7.5,0.03,-2.71,5.35,-0.26,7.62,0.97,-8.17,1.5,671200.0,0.0,15.4,Aug 05/a,18.93,1310000000.0
UNCY,Unicycive Therapeutics Inc,Healthcare,Biotechnology,,2.65,87.79,,0.0,4.94,15.79,-37.51,-24.7,1.81,-44.95,1.0,1410000.0,0.02,4.81,Aug 12/b,29.6,134030000.0
UNFI,United Natural Foods Inc,Consumer Defensive,Food Distribution,34.36,11.3,138.76,-0.7,-0.65,-0.37,5.25,-0.63,-0.07,0.97,-19.5,2.27,596830.0,0.0,45.9,Sep 08/b,54.0,2770000000.0
UNIT,Uniti Group Inc,Real Estate,REIT - Specialty,3.34,,-809.52,202.5,0.0,-1.34,9.69,-19.51,13.5,1.41,-31.129999999999995,2.78,2240000.0,0.0,8.91,Jul 30/b,10.84,2160000000.0
UPB,Upstream Bio Inc,Healthcare,Biotechnology,,,2.11,-17.5,-0.06,3.66,12.04,-21.36,-37.14,1.33,-83.82,1.5,582210.0,0.0,5.45,Aug 11/b,29.83,298500000.0
UPBD,Upbound Group Inc,Technology,Software - Application,10.45,3.48,39.24,0.51,-0.21,3.5699999999999994,14.24,-22.96,-11.07,1.77,-35.05,1.5,987010.0,0.01,16.07,Jul 30/b,28.25,936870000.0
UPST,Upstart Holdings Inc,Financial,Credit Services,42.86,12.17,185.5,41.75,0.52,0.64,33.22,-32.8,-4.97,2.41,-59.38,2.17,4300000.0,0.22,23.54,Aug 04/a,39.24,2290000000.0
UPWK,Upwork Inc,Communication Services,Internet Content & Information,10.62,5.95,-15.869999999999997,-1.68,-4.6,-7.739999999999999,15.09,-2.29,-25.3,1.05,-64.45,2.45,3310000.0,0.0,8.12,Aug 10/a,9.88,1010000000.0
UPXI,Upexi Inc,Communication Services,Internet Content & Information,,,-72.32,-26.57,0.0,-3.17,24.76,43.48,19.09,-0.23,-84.63,1.0,2900000.0,0.21,1.19,Sep 17/a,2.0,97780000.0
URBN,Urban Outfitters Inc,Consumer Cyclical,Apparel Retail,12.04,11.25,75.96,10.44,-0.09,-1.76,14.84,7.980000000000001,26.06,1.24,-9.68,2.28,1140000.0,0.0,77.16,Aug 26/a,91.42,6610000000.0
URG,Ur-Energy Inc,Energy,Uranium,,,26.83,37.74,-1.25,5.17,15.72,-11.36,-17.61,1.13,-50.21,1.0,7340000.0,0.06,1.17,Aug 10/a,2.18,465500000.0
URGN,UroGen Pharma Ltd,Healthcare,Biotechnology,,16.69,72.78,199.22,-1.32,-1.34,15.05,16.32,144.36,1.57,-17.43,1.25,840070.0,0.0,41.96,Aug 05/b,58.25,2049999999.9999998
USA,Liberty All-Star Equity Fund,Financial,Closed-End Fund - Equity,,,,,2.26,,0.04,1.11,7.41,1.01,-9.52,,1390000.0,0.0,5.85,-,,1800000000.0
USAR,USA Rare Earth Inc,Basic Materials,Other Industrial Metals & Mining,,,96.87,,-0.01,13.28,15.63,-28.660000000000004,-2.66,2.63,-65.87,1.0,12210000.0,0.36,15.01,Aug 10/a,35.5,5630000000.0
USDE,StableCoinX Inc,Financial,Capital Markets,,,-2093.88,,0.0,8.35,7.58,389.19,62.09,0.91,-6.909999999999999,,5500000.0,3.23,16.29,-,,391450000.0
UTI,Universal Technical Institute Inc,Consumer Defensive,Education & Training Services,32.51,27.83,-78.77,7.15,-65.97,11.48,11.71,-51.629999999999995,-46.22,1.17,-61.03999999999999,1.29,1570000.0,0.0,20.0,Aug 05/a,38.57,1100000000.0
UTZ,Utz Brands Inc,Consumer Defensive,Packaged Foods,,16.9,-195.24,1.39,0.0,1.14,12.76,80.31,90.28,0.73,-1.6099999999999999,2.8,3490000.0,0.0,14.1,Aug 05/b,14.31,2029999999.9999998
UUUU,Energy Fuels Inc,Energy,Uranium,,74.25,-34.98,496.11,1.53,5.18,21.37,-23.03,-36.23,1.75,-59.75,1.0,7120000.0,0.19,11.23,Aug 05/a,25.77,2970000000.0
UWMC,UWM Holdings Corp,Financial,Mortgage Finance,,3.57,-310.77,-62.46000000000001,-31.5,3.0,25.43,-41.9,-64.33,1.85,-80.88,2.1,17810000.0,0.0,1.22,Aug 05/a,2.69,1960000000.0
VBIO,Valion Bio Inc,Healthcare,Biotechnology,,,16.56,-100.0,,,4.32,-79.49,-87.87,1.79,-96.42,,609350.0,0.94,2.82,May 14/a,,2500000.0
VC,Visteon Corp,Consumer Cyclical,Auto Parts,16.49,8.64,-23.51,-0.93,-11.85,2.93,15.58,-12.24,2.98,1.29,-28.749999999999996,1.83,522289.99999999994,0.0,90.46,Jul 23/b,129.0,2410000000.0
VCEL,Vericel Corp,Healthcare,Biotechnology,90.87,48.54,483.64000000000004,22.48,-15.75,0.37,10.84,-6.81,43.15,1.03,-14.84,1.25,534200.0,0.0,42.0,Jul 30/b,60.57,2150000000.0
VCTR,Victory Capital Holdings Inc,Financial,Asset Management,19.93,12.26,148.16,24.72,0.0,0.25,4.26,31.83,66.97,1.13,-11.98,2.43,625440.0,0.0,108.75,Aug 05/a,114.33,6690000000.0
VCYT,Veracyte Inc,Healthcare,Diagnostics & Research,32.14,23.22,2584.8,15.49,-13.84,0.53,10.65,-24.74,50.95,1.96,-25.629999999999995,1.43,1360000.0,0.01,45.3,Jul 30/a,58.42,3640000000.0
VECO,Veeco Instruments Inc,Technology,Semiconductor Equipment & Materials,133.17,15.31,-9.8,16.48,-37.19,4.45,9.6,-30.19,37.51,1.38,-44.01,2.0,902490.0,0.03,48.5,Aug 05/a,67.25,2960000000.0
VEEA,Veea Inc,Technology,Information Technology Services,,,-165.89,1135.6,0.0,,76.54,-41.3,-69.68,0.3,-83.66,,4310000.0,0.08,3.05,-,,9490000.0
VEEE,Twin Vee PowerCats Co,Consumer Cyclical,Recreational Vehicles,,,84.25,-34.22,-35.11,-2.4,4.75,178.71,17.23,0.92,-89.13,1.0,2670000.0,0.01,13.88,May 07/b,74.0,8109999.999999999
VELO,Velo3D Inc,Technology,Computer Hardware,,,60.11,52.25,0.0,20.74,35.95,-40.22,22.22,2.58,-65.35,1.0,1620000.0,0.03,11.0,Aug 11/a,23.25,353640000.0
VENU,Venu Holding Corp,Consumer Cyclical,Restaurants,,,-6.38,6.87,3.62,8.13,11.5,-38.52,-51.300000000000004,3.22,-89.26,1.0,591570.0,0.14,1.5,Aug 13/b,6.85,84770000.0
VERA,Vera Therapeutics Inc,Healthcare,Biotechnology,,,-27.01,,-1.05,8.49,29.11,-24.96,-16.68,1.04,-42.23,1.14,2420000.0,0.1,32.38,Aug 10/a,77.5,2330000000.0
VERI,Veritone Inc,Technology,Software - Infrastructure,,,56.35,1.04,0.96,5.02,21.43,2.29,-27.169999999999998,2.39,-85.77,1.0,3430000.0,0.05,1.34,Aug 13/a,6.33,134610000.0
VERX,Vertex Inc,Technology,Software - Application,529.3,11.2,1033.33,10.52,-0.01,-6.709999999999999,7.26,-0.18,0.35,0.82,-57.11999999999999,2.12,1950000.0,0.0,11.38,Aug 03/a,17.15,1850000000.0
VFC,VF Corp,Consumer Cyclical,Apparel Manufacturing,20.59,10.65,16.98,-5.32,0.33,2.9,10.67,-15.329999999999998,-13.780000000000001,1.59,-36.51,2.56,7130000.0,0.01,14.14,Jul 29/b,17.3,5560000000.0
VFF,Village Farms International Inc,Consumer Defensive,Farm Products,17.04,11.96,-75.62,6.81,0.35,0.12,4.73,69.52,18.28,1.35,-36.47,1.25,911930.0,0.01,3.17,Aug 10/b,5.83,387650000.0
VGZ,Vista Gold Corp,Basic Materials,Gold,,,-7.41,,0.0,4.78,5.35,39.89,46.11,1.32,-15.97,1.0,2009999.9999999998,0.09,2.63,Jul 29/a,4.5,383900000.0
VIA,Via Transportation Inc,Technology,Software - Application,,70.39,9.93,26.669999999999998,0.18,-0.32,19.39,68.25,106.82000000000001,1.32,-46.72,1.1,936160.0,0.0,29.41,Aug 06/b,35.0,2400000000.0
VIAV,Viavi Solutions Inc,Technology,Communication Equipment,,20.45,255.97,52.53,-22.55,3.1300000000000003,4.61,-15.839999999999998,15.18,1.23,-33.97,1.22,5420000.0,0.16,39.9,Aug 05/a,61.43,9850000000.0
VIR,Vir Biotechnology Inc,Healthcare,Biotechnology,,,159.17,19582.54,-0.34,5.31,14.66,2.5,26.669999999999998,1.6,-10.89,1.1,1900000.0,0.0,10.64,Aug 05/a,20.78,1800000000.0
VIRT,Virtu Financial Inc,Financial,Capital Markets,8.86,7.7,-0.9399999999999998,20.12,-0.8199999999999998,3.37,5.46,-12.04,22.93,0.63,-22.34,2.43,1260000.0,0.0,53.4,Jul 30/b,66.71,8289999999.999999
VISN,Vistance Networks Inc,Technology,Communication Equipment,6.68,8.79,1697.9200000000003,-76.98,-1.6500000000000001,10.93,13.84,-16.24,23.16,2.52,-18.4,2.5,12080000.0,0.0,6.15,Aug 06/b,14.67,1420000000.0
VITL,Vital Farms Inc,Consumer Defensive,Farm Products,,31.06,-299.2,-10.14,0.66,-19.15,29.74,-12.04,-24.35,1.06,-77.99,2.18,1640000.0,0.0,9.94,Aug 06/b,13.22,426740000.0
VKTX,Viking Therapeutics Inc,Healthcare,Biotechnology,,,-88.32,,-4.81,2.14,20.0,-11.29,7.86,0.64,-18.71,1.2,3550000.0,0.32,35.08,Jul 29/a,95.67,4090000000.0
VLY,Valley National Bancorp,Financial,Banks - Regional,11.2,8.64,30.820000000000004,4.09,-0.15,1.49,9.8,-9.42,11.05,1.09,-12.7,1.43,6660000.0,0.04,13.27,Jul 23/b,16.68,7330000000.0
VNDA,Vanda Pharmaceuticals Inc,Healthcare,Biotechnology,,,-125.07,-3.92,0.0,3.4099999999999997,14.85,-17.75,-26.919999999999998,0.68,-49.2,1.4,885130.0,0.08,5.05,Aug 05/a,11.75,305340000.0
VNO,Vornado Realty Trust,Real Estate,REIT - Office,1400.4,,-97.71,4.71,-0.8500000000000001,4.7,6.56,-11.2,35.29,1.58,-17.01,2.86,1480000.0,0.0,34.73,Aug 03/a,39.92,7060000000.0
VNT,Vontier Corp,Technology,Scientific & Technical Instruments,13.08,8.32,-68.39,-2.17,0.0,2.96,8.75,9.65,-10.34,1.13,-34.69,1.92,1480000.0,0.0,31.48,Aug 06/b,40.22,4260000000.0
VOR,Vor Biopharma Inc,Healthcare,Biotechnology,,,99.54,,-10.1,20.32,24.37,-0.54,27.76,1.76,-62.96000000000001,1.33,1240000.0,0.0,18.5,Aug 11/b,39.0,1090000000.0
VOYA,Voya Financial Inc,Financial,Financial Conglomerates,16.4,8.5,-41.19,-4.29,-11.39,1.79,3.76,7.049999999999999,46.93,0.88,-7.919999999999999,1.92,1040000.0,0.01,97.27,Aug 04/a,108.08,8810000000.0
VOYG,Voyager Technologies Inc,Industrials,Aerospace & Defense,,,-27.98,15.479999999999999,-2.34,20.94,17.8,2.85,36.2,4.4,-40.76,1.8,1870000.0,0.02,31.04,Aug 03/a,46.7,1890000000.0
VPG,Vishay Precision Group Inc,Technology,Scientific & Technical Instruments,237.42,39.07,-794.62,11.67,0.0,-6.17,12.67,-50.74000000000001,68.45,1.41,-53.89000000000001,1.0,538540.0,0.15,69.99,Aug 05/b,93.33,932290000.0
VRDN,Viridian Therapeutics Inc,Healthcare,Biotechnology,,,4.56,278.67,20.14,11.44,18.3,8.41,-25.629999999999995,1.09,-40.59,1.0,1920000.0,0.04,20.37,Aug 06/b,36.2,2310000000.0
VREX,Varex Imaging Corp,Healthcare,Medical Devices,35.35,17.24,117.16,3.6900000000000004,-15.83,-2.85,3.37,84.87,71.95,0.97,-0.97,3.0,860320.0,0.04,18.45,Aug 10/b,18.95,783450000.0
VRNS,Varonis Systems Inc,Technology,Software - Infrastructure,,111.36,-27.529999999999998,18.84,0.0,2.45,7.0,14.499999999999998,117.06999999999998,0.78,-27.949999999999996,1.69,1910000.0,0.0,46.04,Jul 28/a,52.43,5290000000.0
VRRM,Verra Mobility Corp,Technology,Information Technology Services,12.33,3.44,-232.79000000000002,11.68,0.0,-1.7399999999999998,9.52,-25.739999999999995,-76.51,0.39,-87.19,3.0,5550000.0,0.0,3.26,Aug 05/a,7.0,495460000.0
VSAT,Viasat Inc,Technology,Communication Equipment,,,12.03,-1.24,-9.83,8.46,8.67,-6.77,53.5,1.77,-23.14,1.38,2180000.0,0.0,71.5,Aug 04/a,103.94,9850000000.0
VSH,Vishay Intertechnology Inc,Technology,Semiconductors,165.62,17.77,1193.88,16.57,0.0,15.07,12.43,-43.67,86.25,1.8,-54.37,1.8,5020000.0,0.08,31.7,Aug 05/b,40.0,4860000000.0
VSNT,Versant Media Group Inc,Communication Services,Entertainment,6.21,4.86,-28.54,-3.75,0.0,3.5699999999999994,3.98,-8.15,-6.75,,-44.0,2.38,1780000.0,0.0,33.04,Aug 06/b,45.33,4590000000.0
VSTM,Verastem Inc,Healthcare,Biotechnology,,,44.57,1775.43,-0.31,14.249999999999998,22.05,103.66,54.37,0.4,-28.1,1.0,2410000.0,0.01,7.78,Aug 06/a,14.67,704580000.0
VSTS,Vestis Corp,Industrials,Rental & Leasing Services,,17.43,1711.76,-1.8000000000000003,2.86,-2.93,7.42,-8.63,75.75,1.09,-19.82,3.25,1450000.0,0.0,13.55,Aug 11/b,13.0,1790000000.0
VSXY,Victoria's Secret & Co,Consumer Cyclical,Apparel Retail,18.42,14.51,1016.6599999999999,10.42,-22.92,4.78,13.32,-5.7,91.95,2.02,-20.44,2.08,1840000.0,0.01,81.52,Sep 03/b,91.55,6500000000.0
VTIX,Virtuix Holdings Inc,Technology,Computer Hardware,,,-208.9,-25.66,-10.39,16.69,4.64,-57.879999999999995,-82.78,,-98.76,1.33,676680.0,0.0,1.15,Aug 19/a,8.07,39070000.0
VTS,Vitesse Energy Inc,Energy,Oil & Gas E&P,,116.1,30.25,11.31,-0.0,22.13,19.23,9.18,-6.21,0.6,-27.72,1.8,523850.0,0.04,16.95,Aug 03/a,20.6,713670000.0
VUZI,Vuzix Corp,Technology,Consumer Electronics,,,8.67,-14.06,-0.33,-1.56,23.81,7.690000000000001,35.48,1.76,-47.69,1.0,972320.0,0.03,2.94,Aug 13/a,6.0,248180000.0
VVR,Invesco Senior Income Trust,Financial,Closed-End Fund - Debt,,,,,,,0.08,-3.34,-7.37,0.19,-16.71,,704930.0,0.0,2.89,-,,444840000.0
VVV,Valvoline Inc,Consumer Cyclical,Auto & Truck Dealerships,36.65,14.55,13.98,24.05,2.27,-1.63,10.29,-27.08,-13.459999999999999,1.04,-29.600000000000005,1.56,2290000.0,0.01,28.92,Aug 05/b,43.69,3690000000.0
VVX,V2X Inc,Industrials,Aerospace & Defense,26.06,10.91,15.36,16.54,-2.61,3.37,5.99,6.5,10.73,0.18,-19.5,2.33,694760.0,0.0,75.65,Aug 03/a,89.18,2370000000.0
VYGR,Voyager Therapeutics Inc,Healthcare,Biotechnology,,,28.96,-39.13,-0.11,0.96,7.09,-25.14,-32.32,1.26,-51.71,1.09,593580.0,0.15,2.68,Aug 06/a,14.89,165140000.0
VYX,NCR Voyix Corp,Technology,Information Technology Services,17.57,6.98,74.83,-21.47,-0.83,4.08,21.67,-10.39,15.67,1.41,-45.01,1.29,2550000.0,0.0,7.16,Aug 05/b,12.96,988580000.0
WAFD,WaFd Inc,Financial,Banks - Regional,9.79,8.83,15.65,1.91,-1.8500000000000003,1.87,6.41,-18.37,0.03,0.86,-21.34,3.0,813080.0,0.01,31.06,Jul 16/a,36.75,2300000000.0
WAL,Western Alliance Bancorp,Financial,Banks - Regional,8.74,7.01,13.99,9.32,-0.65,5.98,5.85,-5.41,10.62,1.41,-20.18,1.65,1050000.0,0.0,77.61,Jul 21/a,91.88,8470000000.000001
WAY,Waystar Holding Corp,Healthcare,Health Information Services,35.13,13.12,18.57,18.11,-0.4099999999999999,4.76,11.27,23.47,4.8,0.17,-38.86,1.21,2640000.0,0.0,24.67,Jul 29/a,33.68,4730000000.0
WBI,WaterBridge Infrastructure LLC,Energy,Oil & Gas Equipment & Services,396.92,43.22,-36.37,128.0,-26.38,15.54,17.05,-10.96,4.62,0.14,-19.63,1.4,731100.0,0.12,29.65,Aug 05/a,36.56,3660000000.0
WEAV,Weave Communications Inc,Healthcare,Health Information Services,,29.7,53.44,15.52,0.0,7.380000000000001,7.42,19.9,68.19,1.69,-4.55,3.0,2770000.0,0.0,7.35,Aug 06/a,7.4,588100000.0
WEN,Wendy's Co,Consumer Cyclical,Restaurants,9.9,12.46,-40.35,1.72,0.0,-7.55,28.2,-20.84,-3.9,0.39,-35.42,3.15,11130000.0,0.02,6.53,Aug 07/b,7.57,1250000000.0
WERN,Werner Enterprises Inc,Industrials,Trucking,,14.58,-85.41,24.0,-0.08,6.49,8.48,-24.7,15.14,1.28,-30.659999999999997,2.62,1090000.0,0.0,32.93,Jul 28/a,43.2,1980000000.0
WEX,WEX Inc,Technology,Software - Infrastructure,17.68,8.36,57.05,14.24,-7.39,1.82,7.43,29.880000000000003,20.35,0.83,-12.950000000000001,2.61,652270.0,0.0,177.58,Jul 22/a,190.75,6050000000.0
WFRD,Weatherford International plc,Energy,Oil & Gas Equipment & Services,16.99,12.25,-71.24,-8.22,-1.68,3.85,5.81,6.280000000000001,-10.31,1.03,-23.99,1.54,1180000.0,0.01,86.0,Oct 21/b,119.24,6250000000.0
WGO,Winnebago Industries Inc,Consumer Cyclical,Recreational Vehicles,19.97,11.59,-18.07,-9.86,-1.31,0.88,9.4,-13.4,-17.35,1.17,-45.87,2.33,593730.0,0.0,27.15,Oct 21/b,34.4,767500000.0
WGS,GeneDx Holdings Corp,Healthcare,Diagnostics & Research,,76.15,-264.35,11.44,233.53000000000003,-8.12,20.36,28.76,55.88999999999999,1.95,-47.91,1.0,728800.0,0.01,89.0,Aug 03/a,90.44,2650000000.0
WH,Wyndham Hotels & Resorts Inc,Consumer Cyclical,Lodging,25.6,13.17,20.68,-5.54,-2.38,-5.41,9.53,-19.89,-13.15,0.68,-22.53,1.53,1330000.0,0.0,69.99,Oct 21/a,97.56,5190000000.0
WHD,Cactus Inc,Energy,Oil & Gas Equipment & Services,55.07,18.22,19.18,64.32,-61.02000000000001,2.27,5.09,29.719999999999995,32.94,1.41,-13.15,2.2,810580.0,0.0,64.33,Jul 29/a,70.33,5160000000.0
WHLR,Wheeler Real Estate Investment Trust Inc,Real Estate,REIT - Retail,,,100.01,-13.61,,,,-98.05,-99.8,1.13,-100.0,3.0,2110000.0,1.27,4.53,-,5.0,2570000.0
WHR,Whirlpool Corp,Consumer Cyclical,"Furnishings, Fixtures & Appliances",10.64,8.96,-0.72,-6.81,0.0,-2.64,24.94,-16.7,-39.04,1.15,-66.62,3.0,2490000.0,0.02,31.65,Aug 03/a,42.55,2060000000.0
WING,Wingstop Inc,Consumer Cyclical,Restaurants,23.31,18.37,20.11,6.4399999999999995,-0.13,0.38,18.33,-40.68,-36.45,1.81,-67.58,1.48,1260000.0,0.01,98.16,Jul 29/b,199.44,2670000000.0
WK,Workiva Inc,Technology,Software - Application,85.24,17.19,169.31,18.64,-0.15,-1.58,7.82,42.58,20.39,0.51,-28.300000000000004,1.38,865380.0,0.05,69.62,Aug 04/a,89.8,3790000000.0
WKC,World Kinect Corp,Energy,Oil & Gas Refining & Marketing,,15.66,115.48,50.47999999999999,-9.61,5.75,19.99,19.32,71.63,1.23,-2.69,3.67,1180000.0,0.0,40.09,Jul 23/a,37.67,2049999999.9999998
WLK,Westlake Corp,Basic Materials,Specialty Chemicals,,21.61,283.32,10.77,-0.06,-3.64,16.08,-8.73,-39.8,0.67,-45.1,2.19,950450.0,0.07,68.2,Aug 04/b,91.94,8720000000.0
WLTH,Wealthfront Corp,Technology,Software - Application,,21.33,-56.39999999999999,0.8199999999999998,-1.23,-1.29,9.15,13.15,16.23,,-31.180000000000003,1.75,1950000.0,0.0,10.24,Sep 09/a,12.11,1600000000.0
WLY,John Wiley & Sons Inc,Communication Services,Publishing,12.58,8.97,-206.6,-2.63,0.0,0.1,11.92,-1.33,24.28,0.75,-17.23,1.0,543490.0,0.0,47.55,Sep 03/b,68.0,2410000000.0
WNC,Wabash National Corp,Industrials,Farm & Heavy Construction Machinery,,10.76,-143.54,-9.06,-0.45000000000000007,-3.9,10.86,-4.15,56.720000000000006,1.46,-8.91,1.0,1030000.0,0.01,13.18,Jul 29/b,22.5,536920000.0
WOLF,Wolfspeed Inc,Technology,Semiconductors,,,34.73,-24.06,0.0,47.7,74.83,-39.47,73.45,1.98,-86.53,3.0,3750000.0,0.13,26.78,Aug 19/a,27.5,1420000000.0
WOOF,Petco Health and Wellness Co Inc,Consumer Cyclical,Specialty Retail,22.35,9.02,172.19,0.05,-0.32,0.8699999999999999,13.47,-16.36,-14.81,1.57,-41.92,3.08,2000000.0,0.04,2.3,Sep 02/a,3.43,658760000.0
WRAP,Wrap Technologies Inc,Technology,Scientific & Technical Instruments,,,43.56,102.77000000000001,-0.33,-0.16,18.78,9.85,-3.3300000000000005,1.26,-55.11000000000001,3.0,1880000.0,0.01,1.45,Aug 11/a,2.5,89580000.0
WRBY,Warby Parker Inc,Healthcare,Medical Instruments & Supplies,438.22,44.25,358.04,9.81,-3.53,18.61,17.25,-11.66,30.84,1.91,-14.19,1.81,2780000.0,0.08,26.6,Aug 06/b,30.46,3290000000.0
WSBC,Wesbanco Inc,Financial,Banks - Regional,9.45,8.41,59.650000000000006,1.24,-1.49,11.42,6.67,-16.08,-2.46,0.7,-24.34,2.0,1010000.0,0.02,32.55,Jul 21/a,44.5,3120000000.0
WSC,WillScot Holdings Corp,Industrials,Rental & Leasing Services,,14.01,-1.11,3.92,-3.27,-2.92,7.27,-36.87,6.08,1.39,-39.03,2.4,2650000.0,0.0,18.15,Aug 06/a,29.8,3290000000.0
WT,WisdomTree Inc,Financial,Asset Management,46.45,17.91,67.69,57.31,-0.89,-0.14,11.36,42.69,74.1,1.17,-6.6000000000000005,1.71,2760000.0,0.01,24.2,Jul 31/b,25.19,3670000000.0
WTFC,Wintrust Financial Corp,Financial,Banks - Regional,11.49,10.35,18.69,4.19,-2.53,-0.73,3.95,-10.83,8.18,0.89,-14.48,1.94,564280.0,0.03,143.0,Jul 20/a,177.0,9650000000.0
WTI,W & T Offshore Inc,Energy,Oil & Gas E&P,,,156.44,32.89,-0.58,14.97,14.47,18.75,12.43,0.35,-25.2,1.0,3910000.0,0.15,3.8,Aug 05/a,4.84,573580000.0
WTTR,Select Water Solutions Inc,Energy,Oil & Gas Equipment & Services,76.88,26.9,61.95,8.67,-37.58,3.46,5.28,4.69,31.65,1.0,-8.87,1.17,1820000.0,0.0,20.55,Aug 04/a,24.5,2650000000.0
WU,Western Union Company,Financial,Credit Services,5.0,4.09,-33.96,-1.15,-0.54,-3.1,16.05,-18.74,-28.98,0.53,-40.1,3.81,9850000.0,0.02,6.2,Jul 30/a,6.8,1930000000.0
WULF,TeraWulf Inc,Financial,Capital Markets,,,-3973.6799999999994,-6.02,-0.66,24.38,34.67,-39.48,3.9599999999999995,3.84,-48.12,1.12,33250000.0,0.07,15.48,Aug 05/b,33.9,7720000000.0
WVE,Wave Life Sciences Inc,Healthcare,Biotechnology,,,-10.46,-73.88,38.04,6.03,10.67,-33.13,-40.33,-1.46,-82.52,1.17,3080000.0,0.01,3.8,Jul 30/b,19.94,748450000.0
WWW,Wolverine World Wide Inc,Consumer Cyclical,Footwear & Accessories,15.52,10.81,16.06,6.79,-4.08,0.29,7.35,22.4,26.74,1.7,-30.260000000000005,2.0,801370.0,0.01,20.0,Aug 13/b,24.3,1640000000.0
WYFI,Whitefiber Inc,Technology,Information Technology Services,,120.87,-72.22,59.489999999999995,-0.02,5.18,50.49,-46.73,78.11,6.28,-59.040000000000006,1.17,2450000.0,0.13,19.2,Aug 12/b,40.75,745880000.0
WYNN,Wynn Resorts Ltd,Consumer Cyclical,Resorts & Casinos,19.42,16.22,106.71,6.860000000000001,0.0,9.94,11.53,-18.45,-16.06,0.94,-39.82,1.16,1720000.0,0.01,81.08,Aug 04/a,133.85,8350000000.0
XE,X-Energy Inc,Industrials,Specialty Industrial Machinery,,,,,0.01,43.96,13.15,-20.36,,,-59.62,1.89,5980000.0,0.17,14.98,Aug 13/b,32.38,6090000000.0
XERS,Xeris Biopharma Holdings Inc,Healthcare,Drug Manufacturers - Specialty & Generic,,25.5,-1387.6,28.74,-3.65,1.41,4.66,17.88,68.96,0.69,-9.49,1.43,1920000.0,0.01,9.12,Aug 06/b,12.29,1660000000.0
XFOR,X4 Pharmaceuticals Inc,Healthcare,Biotechnology,,,96.32,346.33,-0.48,7.86,10.97,-27.190000000000005,-23.77,0.44,-36.24,1.0,963590.0,0.01,3.08,Aug 06/a,11.6,305340000.0
XHLD,TEN Holdings Inc,Communication Services,Broadcasting,,,41.35,-34.5,0.0,0.57,8.1,683.54,1100.93,5.6,-16.7,1.0,4330000.0,0.05,12.85,Aug 10/b,120.0,153910000.0
XHR,Xenia Hotels & Resorts Inc,Real Estate,REIT - Hotel & Motel,,25.24,-137.67,2.75,-17.71,-1.81,3.54,-12.689999999999998,20.25,1.2,-17.63,2.17,789940.0,0.0,18.17,Jul 30/b,21.12,1680000000.0
XIFR,XPLR Infrastructure LP,Utilities,Utilities - Renewable,15.7,16.49,-52.05,5.57,0.0,1.19,5.28,-11.39,2.54,0.89,-20.75,3.0,903940.0,0.0,10.5,Jul 28/b,12.7,2029999999.9999998
XMAX,XMax Inc,Consumer Cyclical,"Furnishings, Fixtures & Appliances",20.06,,2619.43,7.06,,19.39,14.92,-2.79,21.51,1.23,-7.449999999999999,,847090.0,0.03,8.7,-,,564420000.0
XMTR,Xometry Inc,Industrials,Industrial Distribution,,78.37,81.2,41.05,-1.44,9.16,7.9,6.570000000000001,145.41,1.24,-6.819999999999999,1.54,779580.0,0.0,100.57,Aug 04/b,112.75,5770000000.0
XNCR,Xencor Inc,Healthcare,Biotechnology,,,30.990000000000002,17.46,-0.77,-0.91,22.51,52.16,107.85,0.89,-22.46,1.5,1270000.0,0.0,23.74,Aug 05/a,31.25,1760000000.0
XOS,Xos Inc,Industrials,Farm & Heavy Construction Machinery,,,39.55,-74.23,-5.32,11.91,12.86,-9.79,53.56999999999999,1.79,-68.8,2.0,2830000.0,0.0,2.58,Aug 13/a,4.0,36680000.0
XPO,XPO Inc,Industrials,Trucking,20.37,10.62,54.120000000000005,13.119999999999997,-0.28,2.36,5.61,-66.4,-63.35999999999999,1.89,-70.15,1.76,1030000.0,0.0,69.27,Jul 30/b,236.45,8109999999.999999
XPOF,Xponential Fitness Inc,Consumer Cyclical,Leisure,,7.92,-770.8,-13.44,2.1,-3.2199999999999998,30.43,-45.45,-32.17,1.19,-57.84,2.75,833260.0,0.01,3.9,Aug 06/a,5.6,192080000.0
XPON,Expion Energy Inc,Industrials,Electrical Equipment & Parts,,,72.72,-32.1,0.0,26.52,23.07,-14.81,-29.659999999999997,0.67,-78.15,,2490000.0,0.0,4.72,Mar 17/b,48.0,4780000.0
XPRO,Expro Ltd,Energy,Oil & Gas Equipment & Services,95.77,19.2,-88.65,-6.99,-1.05,-5.77,7.05,20.86,-3.91,0.95,-10.5,2.29,988520.0,0.0,17.21,Jul 28/b,17.4,1930000000.0
XRAY,DENTSPLY Sirona Inc,Healthcare,Medical Instruments & Supplies,,6.24,181.71,-4.06,3.15,2.64,12.44,-12.85,-17.79,0.86,-36.09,2.68,5100000.0,0.0,9.43,Aug 06/a,13.71,1880000000.0
XRX,Xerox Holdings Corp,Industrials,Business Equipment & Supplies,,7.57,108.81999999999998,21.95,0.0,5.22,36.19,3.7900000000000005,135.0,2.49,-17.13,3.0,3110000.0,0.01,3.29,Jul 30/b,3.82,432020000.0
XTND,Xtend AI Robotics Inc,Technology,Computer Hardware,,,-87.41,146.18,0.0,,0.83,-15.120000000000001,-45.24,3.48,-77.32,1.0,638320.0,0.13,3.98,Sep 02,9.5,991800000.0
XXI,Twenty One Capital Inc,Consumer Defensive,Education & Training Services,19.57,,-1640.0199999999998,,0.0,-14.150000000000002,1.79,25.239999999999995,3.74,-1.23,-74.05,,1900000.0,0.31,6.65,-,,4330000000.0
YELP,Yelp Inc,Communication Services,Internet Content & Information,8.63,7.13,-15.380000000000003,1.38,-3.3099999999999996,-2.6,20.01,-24.87,-27.149999999999995,0.44,-47.72,2.92,1210000.0,0.0,18.03,Aug 06/a,25.29,978370000.0
YETI,YETI Holdings Inc,Consumer Cyclical,Leisure,18.4,12.6,53.55,8.52,0.0,-4.18,11.32,-15.839999999999998,18.86,1.68,-21.69,1.78,1570000.0,0.0,42.28,Aug 13/b,54.93,3090000000.0
YEXT,Yext Inc,Technology,Software - Infrastructure,37.01,8.51,390.62,-1.76,-22.97,-9.27,7.3,45.72,51.88,1.14,-28.35,3.0,1090000.0,0.0,6.47,Sep 01/b,7.0,640390000.0
YOU,Clear Secure Inc,Technology,Software - Application,27.02,18.02,87.16,26.56,-14.82,1.46,13.32,-29.359999999999996,-16.56,1.01,-42.69,1.86,1730000.0,0.01,39.58,Aug 05/b,59.67,5350000000.0
YSS,York Space Systems Inc,Industrials,Aerospace & Defense,,,-42.02,20.81,-2.56,0.84,8.47,-61.34,-56.97,,-79.07,2.25,2830000.0,0.05,9.32,Aug 13/a,14.85,1280000000.0
Z,Zillow Group Inc,Communication Services,Internet Content & Information,127.27,10.01,-320.0,17.86,-0.12,-6.11,7.86,-8.62,-29.09,2.02,-64.84,2.1,3770000.0,0.04,28.67,Aug 05/a,45.95,6480000000.0
ZBIO,Zenas Biopharma Inc,Healthcare,Biotechnology,,,-41.57,,1.27,22.34,35.85,4.17,21.62,-0.98,-39.57,1.25,830040.0,0.0,26.95,Aug 13/b,47.0,1760000000.0
ZD,Ziff Davis Inc,Communication Services,Advertising Agencies,,9.8,-329.73,-18.59,-3.39,-3.58,16.78,8.62,36.17,1.12,-6.25,2.14,654490.0,0.02,56.7,Aug 06/a,63.67,1940000000.0
ZETA,Zeta Global Holdings Corp,Technology,Software - Infrastructure,,24.26,154.07,43.55,-0.03,1.43,8.05,47.55,100.07,1.39,-11.27,1.47,7880000.0,0.07,29.11,Aug 04/a,31.36,7310000000.0
ZG,Zillow Group Inc,Communication Services,Internet Content & Information,130.0,10.17,-320.0,17.86,-0.04,-6.280000000000001,10.41,-6.69,-27.52,2.0,-62.8,2.07,1130000.0,0.01,29.29,Aug 05/a,46.22,6430000000.0
ZION,Zions Bancorporation N.A,Financial,Banks - Regional,8.07,9.23,86.9,19.1,-3.9,3.06,4.15,-8.91,14.31,0.82,-13.65,2.84,1540000.0,0.0,63.33,Oct 19/a,74.73,9240000000.0
ZIP,ZipRecruiter Inc,Communication Services,Internet Content & Information,10.17,1319.55,600.29,5.19,-1.87,1.16,4.7,-10.91,91.8,1.54,-37.43,2.6,851320.0,0.0,3.51,Aug 05/a,4.75,288620000.0
ZNB,Zeta Network Group,Communication Services,Entertainment,,,-409.55,28.550000000000004,-99.67,-41.78,6.55,-74.21,-92.64,2.72,-99.97,,680770.0,0.02,1.35,-,,1310000.0
ZNTL,Zentalis Pharmaceuticals Inc,Healthcare,Biotechnology,,,-58.82999999999999,,18.66,4.65,7.13,-37.52,37.15,1.92,-58.56,1.83,1230000.0,0.05,2.88,Aug 06/a,7.3,272670000.0
ZSQR,Z Squared Inc,Technology,Software - Infrastructure,,,71.07,689.06,0.04,17.82,8.14,-67.61,-64.61,-0.24,-82.34,1.0,540710.0,0.03,3.78,-,80.0,200340000.0
ZURA,Zura Bio Ltd,Healthcare,Biotechnology,,,-22.29,,0.0,8.77,18.55,-25.58,-29.34,-0.02,-43.68,1.0,1440000.0,0.01,4.19,Aug 11/b,18.83,401520000.0
ZVIA,Zevia PBC,Consumer Defensive,Beverages - Non-Alcoholic,,,-272.38,1.07,-24.22,-5.11,1.81,-14.74,13.68,0.91,-52.67000000000001,1.33,583530.0,0.0,1.33,Aug 05/a,3.96,102870000.0
ZVRA,Zevra Therapeutics Inc,Healthcare,Biotechnology,12.13,12.02,-89.97,53.25,-10.8,4.23,9.79,-19.73,22.77,0.97,-25.2,1.0,1200000.0,0.01,11.25,Aug 05/a,25.0,667830000.0
ZWS,Zurn Elkay Water Solutions Corp,Industrials,Pollution & Treatment Controls,28.64,23.02,126.1,10.46,-0.12,-0.8100000000000002,3.34,-8.3,4.11,1.09,-15.18,2.33,968230.0,0.0,46.65,Jul 28/a,58.44,7740000000.0
ZYME,Zymeworks BC Inc,Healthcare,Biotechnology,,23.55,-2162.88,-90.58,0.0,-2.51,7.17,11.12,10.75,1.16,-14.550000000000002,1.0,637770.0,0.03,26.78,Aug 06/a,41.23,1920000000.0
