date,horizon,signal,q,median,mean
2026-04-17,5,mom20,1,0.0,-9.291287732881904e-05
2026-04-17,5,mom20,2,-0.013273523917714136,-0.01295371832810682
2026-04-17,5,mom20,3,-0.01565981533723171,-0.016646614513189682
2026-04-17,5,mom20,4,-0.019941835710972855,-0.015102528001584646
2026-04-17,5,mom20,5,-0.027308197215134555,-0.005882672405710112
2026-04-17,5,vol_ratio,1,-0.0361445437046628,-0.021900551346081834
2026-04-17,5,vol_ratio,2,-0.012679258974516772,-0.0070617314689224355
2026-04-17,5,vol_ratio,3,-0.017064846860731953,-0.007465315381545734
2026-04-17,5,vol_ratio,4,-0.012420902519872046,0.0015333141167675538
2026-04-17,5,vol_ratio,5,-0.01927916932331175,-0.015634971125756597
2026-04-17,5,squeeze,1,-0.03902435393506387,-0.014082112593038853
2026-04-17,5,squeeze,2,-0.03932333434173113,-0.01665280922438771
2026-04-17,5,squeeze,3,-0.004464281437804529,-0.005585485637089182
2026-04-17,5,squeeze,4,-0.016604758196343772,-0.011570003931351956
2026-04-17,5,squeeze,5,-0.006392666305344519,-0.002789137831615615
2026-04-17,5,composite,1,-0.027610308883335488,-0.008770353913470417
2026-04-17,5,composite,2,-0.03142411770191278,-0.015576059533309603
2026-04-17,5,composite,3,-0.009623086045664864,0.0009438021597756786
2026-04-17,5,composite,4,-0.020507031406638343,-0.018889363855791333
2026-04-17,5,composite,5,-0.01565981533723171,-0.00842891586431255
2026-04-17,5,mom5,1,0.0029239737544373146,0.009481295995140512
2026-04-17,5,mom5,2,-0.01264304370894448,-0.011766070454156067
2026-04-17,5,mom5,3,-0.013761433374297583,-0.008772237531800052
2026-04-17,5,mom5,4,-0.02541502296724102,-0.019924661711607543
2026-04-17,5,mom5,5,-0.03401705330060967,-0.01972084186611992
2026-04-17,5,mom60_skip5,1,-0.03816790419867877,-0.025313399943197274
2026-04-17,5,mom60_skip5,2,-0.019925261859617516,-0.010751143094365255
2026-04-17,5,mom60_skip5,3,-0.014160975010296506,-0.00796181360884991
2026-04-17,5,mom60_skip5,4,-0.011111191821305932,-0.012305426771852356
2026-04-17,5,mom60_skip5,5,-0.0067853995928074395,0.007441730125644488
2026-04-17,5,mom60_riskadj,1,-0.0195707440905869,-0.018704912140735712
2026-04-17,5,mom60_riskadj,2,-0.02148437649830115,-0.02735966124621146
2026-04-17,5,mom60_riskadj,3,-0.020204021757789903,-0.011897410312222599
2026-04-17,5,mom60_riskadj,4,-0.013157882353605488,-0.000630988663326446
2026-04-17,5,mom60_riskadj,5,-0.0035841989620414294,0.009676505669182133
2026-04-17,5,vol_5_50,1,-0.020167921000702138,-0.0035765840856121734
2026-04-17,5,vol_5_50,2,-0.022226059661494157,-0.020023152313823168
2026-04-17,5,vol_5_50,3,-0.013738900433121648,-0.005652208868369604
2026-04-17,5,vol_5_50,4,-0.014804799356481602,-0.020285806343910206
2026-04-17,5,vol_5_50,5,-0.017003373093576524,-0.00254272125636042
2026-04-17,5,squeeze_own,1,-0.014833186277611765,-0.011554829848799282
2026-04-17,5,squeeze_own,2,-0.017174511819290972,-0.012689493772628338
2026-04-17,5,squeeze_own,3,-0.019421848819218046,-0.008869396901031569
2026-04-17,5,squeeze_own,4,-0.013738900433121648,-0.00794846734907173
2026-04-17,5,squeeze_own,5,-0.022226059661494157,-0.007833956584124164
2026-04-17,5,low_vol,1,-0.041388511649214865,-0.01222863624845802
2026-04-17,5,low_vol,2,-0.03614765695908018,-0.015626133478583343
2026-04-17,5,low_vol,3,-0.01520920096237699,-0.008335379623719974
2026-04-17,5,low_vol,4,-0.01799491387291874,-0.012965624147906621
2026-04-17,5,low_vol,5,-0.006392666305344519,-0.0015262190596812511
2026-04-17,5,near_high,1,-0.041388511649214865,-0.0318986005738482
2026-04-17,5,near_high,2,-0.015267161679471508,0.0031924150622143414
2026-04-17,5,near_high,3,-0.02052336428271595,-0.011632095978020063
2026-04-17,5,near_high,4,-0.009954799599788178,-0.0020617877441464504
2026-04-17,5,near_high,5,-0.010461583877973024,-0.006514616826398256
2026-04-17,5,vs_sma50,1,-0.030533812512249403,-0.027842907655213557
2026-04-17,5,vs_sma50,2,-0.01783442435296101,-0.009198885941574919
2026-04-17,5,vs_sma50,3,-0.009302316297383983,-0.0020008667798451416
2026-04-17,5,vs_sma50,4,-0.017174511819290972,-0.01742167345263395
2026-04-17,5,vs_sma50,5,-0.01829206900106034,0.004499459236872312
2026-04-17,5,vs_sma20,1,0.0029239737544373146,0.005263362543911359
2026-04-17,5,vs_sma20,2,-0.014234705945823822,-0.011323194005939155
2026-04-17,5,vs_sma20,3,-0.009489043161636235,-0.006644655153314431
2026-04-17,5,vs_sma20,4,-0.02778648054064997,-0.02458500840619487
2026-04-17,5,vs_sma20,5,-0.03181815078435912,-0.013440950813538232
2026-04-17,5,rule5,1,-0.044117605809933624,-0.023603676947457828
2026-04-17,5,rule5,2,-0.03276565268479015,-0.014063928196053257
2026-04-17,5,rule5,3,-0.013273523917714136,-0.0063592699716828755
2026-04-17,5,rule5,4,-0.017174511819290972,-0.009294289665445519
2026-04-17,5,rule5,5,-0.00612564125650461,0.004441866814443117
2026-04-17,5,rule5_mom20,1,-0.03902435393506387,-0.02049215775796346
2026-04-17,5,rule5_mom20,2,-0.02887136397581569,-0.011493664987912499
2026-04-17,5,rule5_mom20,3,-0.016797166769180083,-0.015552895307065379
2026-04-17,5,rule5_mom20,4,-0.0123997245552806,0.0009097061248574808
2026-04-17,5,rule5_mom20,5,-0.00849510883114013,-0.0023119882215714505
2026-04-17,10,mom20,1,0.017045438382004896,0.029486858551525955
2026-04-17,10,mom20,2,-0.0009887911913063485,0.0012554765968433316
2026-04-17,10,mom20,3,0.004351680668183366,0.002294898970973508
2026-04-17,10,mom20,4,-0.01849098184734943,-0.012194312661374601
2026-04-17,10,mom20,5,-0.02184085332577934,0.0010925761821688907
2026-04-17,10,vol_ratio,1,-0.03818368437374542,-0.0074195425254816256
2026-04-17,10,vol_ratio,2,-0.0037188731258991914,0.0031790851902953245
2026-04-17,10,vol_ratio,3,-0.00188682686132835,0.00846855966332974
2026-04-17,10,vol_ratio,4,0.008274343111666749,0.01977473438505702
2026-04-17,10,vol_ratio,5,-0.0117924975672683,-0.0018428843999515724
2026-04-17,10,squeeze,1,-0.032751871530665944,-0.011351689178351937
2026-04-17,10,squeeze,2,-0.022118938749149164,0.0021868719711145893
2026-04-17,10,squeeze,3,0.005714305966008526,0.021923907320571177
2026-04-17,10,squeeze,4,-0.000943413430664175,0.00275792371595775
2026-04-17,10,squeeze,5,0.00547949047139995,0.006523673425094532
2026-04-17,10,composite,1,-0.004975119657066318,0.017761300789273304
2026-04-17,10,composite,2,-0.008100318049656385,-0.0020322758060312
2026-04-17,10,composite,3,-0.008253975520058243,0.011253401538996054
2026-04-17,10,composite,4,-0.01422753918088604,-0.012425996342739056
2026-04-17,10,composite,5,0.004351680668183366,0.007355759936901297
2026-04-17,10,mom5,1,0.0015252001285788186,0.019553265882635572
2026-04-17,10,mom5,2,0.0013753686223947348,0.005258580564775023
2026-04-17,10,mom5,3,-0.016382237362968732,0.001067409631509051
2026-04-17,10,mom5,4,-0.011919202128466422,-0.009841886586637453
2026-04-17,10,mom5,5,-0.012145737264080192,0.005940217750786468
2026-04-17,10,mom60_skip5,1,-0.014245000698614008,-0.018556040736064067
2026-04-17,10,mom60_skip5,2,0.0012771684520147542,0.016627068925439924
2026-04-17,10,mom60_skip5,3,-0.006312734002885623,-0.010300798665880722
2026-04-17,10,mom60_skip5,4,-0.00188682686132835,0.004140976040715998
2026-04-17,10,mom60_skip5,5,-0.011326811774853507,0.034359097595528916
2026-04-17,10,mom60_riskadj,1,0.005641743440361946,0.006678907641105167
2026-04-17,10,mom60_riskadj,2,-0.014457794557134807,-0.01800560117859945
2026-04-17,10,mom60_riskadj,3,-0.01474926648787378,-0.015089329728869305
2026-04-17,10,mom60_riskadj,4,-0.016288176848089586,0.018549119289675092
2026-04-17,10,mom60_riskadj,5,0.0,0.034105069344059505
2026-04-17,10,vol_5_50,1,-0.017100693813985823,0.012781713600176884
2026-04-17,10,vol_5_50,2,-0.014128677765719244,-0.0004229062370748738
2026-04-17,10,vol_5_50,3,-0.013667413349507385,0.008675521200993736
2026-04-17,10,vol_5_50,4,0.004901956201103674,-0.004769900698990453
2026-04-17,10,vol_5_50,5,-0.005241285029718323,0.006329706331857067
2026-04-17,10,squeeze_own,1,0.004901956201103674,-0.0009370946685589978
2026-04-17,10,squeeze_own,2,-0.014128677765719244,-0.007242000701356179
2026-04-17,10,squeeze_own,3,-0.011451798942884506,0.006925376848457645
2026-04-17,10,squeeze_own,4,0.007097191391942204,0.028051245999304288
2026-04-17,10,squeeze_own,5,-0.021569582421091416,-0.0004116124019030903
2026-04-17,10,low_vol,1,-0.032751871530665944,-0.0020579208394054488
2026-04-17,10,low_vol,2,-0.021131939709203185,-0.004512110844280028
2026-04-17,10,low_vol,3,-0.012711852848854677,0.013130517609036944
2026-04-17,10,low_vol,4,-0.014186839232166626,-0.000698892520618879
2026-04-17,10,low_vol,5,0.010922197214129792,0.016111836902289463
2026-04-17,10,near_high,1,-0.022696876455499337,-0.02741008076187371
2026-04-17,10,near_high,2,-0.008793235886979,0.03612529069961571
2026-04-17,10,near_high,3,-0.015343136740670893,0.0061202694069585045
2026-04-17,10,near_high,4,0.004182388819641281,0.0054576310426639445
2026-04-17,10,near_high,5,0.004717089321358836,0.006087401282931575
2026-04-17,10,vs_sma50,1,-0.008523605703518622,-0.019906657167454444
2026-04-17,10,vs_sma50,2,-0.021569582421091416,-0.002887479169912971
2026-04-17,10,vs_sma50,3,0.002169143547736674,0.015027401574516075
2026-04-17,10,vs_sma50,4,0.0051334899291402,0.005572394419577062
2026-04-17,10,vs_sma50,5,-0.019853497496993555,0.024883338557298317
2026-04-17,10,vs_sma20,1,0.02399997711181645,0.03303057438853567
2026-04-17,10,vs_sma20,2,-0.005649158622083761,-0.001883756307473805
2026-04-17,10,vs_sma20,3,0.004788452987652736,0.00847525764723053
2026-04-17,10,vs_sma20,4,-0.017523901049153523,-0.013025756416876377
2026-04-17,10,vs_sma20,5,-0.025408273624160316,-0.0046871175431982765
2026-04-17,10,rule5,1,-0.032751871530665944,-0.006047467727656674
2026-04-17,10,rule5,2,-0.015454061248312834,0.0035409411146942165
2026-04-17,10,rule5,3,-0.0013077615952773458,0.009179945536312533
2026-04-17,10,rule5,4,-0.008771921569070362,0.0037965582150712696
2026-04-17,10,rule5,5,0.010922197214129792,0.015931069270997855
2026-04-17,10,rule5_mom20,1,-0.020408204226431526,0.0021835662492752594
2026-04-17,10,rule5_mom20,2,-0.0275230180553947,0.003314672934330103
2026-04-17,10,rule5_mom20,3,0.0,-0.0027215430713835587
2026-04-17,10,rule5_mom20,4,-0.0035587155398179027,0.014342349879531825
2026-04-17,10,rule5_mom20,5,0.005945424752296535,0.009202124655197806
2026-04-17,20,mom20,1,-0.05497769457807811,-0.001781542151030636
2026-04-17,20,mom20,2,-0.05424028559977945,-0.03592475619321162
2026-04-17,20,mom20,3,-0.05874583577941883,-0.024459134954606086
2026-04-17,20,mom20,4,-0.051088264775450976,-0.02959207273752228
2026-04-17,20,mom20,5,-0.07703923880077324,-0.030958707271835452
2026-04-17,20,vol_ratio,1,-0.10084742370347344,-0.07429921014957477
2026-04-17,20,vol_ratio,2,-0.04041432271954065,-0.02534284017244227
2026-04-17,20,vol_ratio,3,-0.08308216867845564,-0.033580561921795954
2026-04-17,20,vol_ratio,4,-0.023347571952702262,0.03966369517610218
2026-04-17,20,vol_ratio,5,-0.04359801390657547,-0.028628569856823778
2026-04-17,20,squeeze,1,-0.09006766368466623,-0.01908361134142346
2026-04-17,20,squeeze,2,-0.06546529833411202,-0.0027232275503572072
2026-04-17,20,squeeze,3,-0.05465586595123073,-0.008946849204623561
2026-04-17,20,squeeze,4,-0.06540461502893447,-0.05254455715631766
2026-04-17,20,squeeze,5,-0.03669732095175382,-0.03935009359042419
2026-04-17,20,composite,1,-0.07692300638503313,-0.013165097141156792
2026-04-17,20,composite,2,-0.04935039227855442,-0.011364693259125242
2026-04-17,20,composite,3,-0.05971655151360089,-0.01919159177270414
2026-04-17,20,composite,4,-0.06055936528371314,-0.04834951759228879
2026-04-17,20,composite,5,-0.051329007678695526,-0.030606885608630997
2026-04-17,20,mom5,1,-0.05465586595123073,0.0013833877707274827
2026-04-17,20,mom5,2,-0.07120182184594653,-0.04768477832867852
2026-04-17,20,mom5,3,-0.051329007678695526,-0.036360866555828285
2026-04-17,20,mom5,4,-0.06915059316542016,-0.03508460859725647
2026-04-17,20,mom5,5,-0.05298016120569693,-0.005083602948131881
2026-04-17,20,mom60_skip5,1,-0.08019281105078702,-0.039656250086951075
2026-04-17,20,mom60_skip5,2,-0.06481486080605126,-0.010988808550203953
2026-04-17,20,mom60_skip5,3,-0.06922432567906683,-0.04358221975524135
2026-04-17,20,mom60_skip5,4,-0.04752066359967122,-0.03721231566044288
2026-04-17,20,mom60_skip5,5,-0.0346821163741744,0.003903906846069635
2026-04-17,20,mom60_riskadj,1,-0.07643312150273551,-0.05888036122737371
2026-04-17,20,mom60_riskadj,2,-0.05434782721369846,-0.023045081176347317
2026-04-17,20,mom60_riskadj,3,-0.07739155374772183,-0.011839875464780485
2026-04-17,20,mom60_riskadj,4,-0.05464482049003094,-0.03322479175743563
2026-04-17,20,mom60_riskadj,5,-0.032590834849038686,-0.0003325417131112756
2026-04-17,20,vol_5_50,1,-0.08644682623762345,-0.04195062008246215
2026-04-17,20,vol_5_50,2,-0.07002458815974721,-0.054619485776828666
2026-04-17,20,vol_5_50,3,-0.05465586595123073,-0.017917593913575842
2026-04-17,20,vol_5_50,4,-0.06666669021418026,-0.021794906846019077
2026-04-17,20,vol_5_50,5,-0.030642496403914588,0.005688601842758246
2026-04-17,20,squeeze_own,1,-0.04431022361885295,-0.031967954695814794
2026-04-17,20,squeeze_own,2,-0.05465586595123073,0.0010310809586630393
2026-04-17,20,squeeze_own,3,-0.07619091994098565,-0.03915172358655354
2026-04-17,20,squeeze_own,4,-0.035999965667724565,-0.010706432572153759
2026-04-17,20,squeeze_own,5,-0.08176106782329917,-0.04671092243729519
2026-04-17,20,low_vol,1,-0.0961281458202452,0.00975252301370441
2026-04-17,20,low_vol,2,-0.04459967465367637,-0.013193323167101517
2026-04-17,20,low_vol,3,-0.0748417433275469,-0.0231108931083043
2026-04-17,20,low_vol,4,-0.08417396067657812,-0.06690829610044649
2026-04-17,20,low_vol,5,-0.03405017701328428,-0.029352811961533783
2026-04-17,20,near_high,1,-0.10101008398194022,-0.06163656025076155
2026-04-17,20,near_high,2,-0.06857143129621235,0.0053932883318440145
2026-04-17,20,near_high,3,-0.06050198348226804,-0.0356631009108251
2026-04-17,20,near_high,4,-0.03405017701328428,-0.0034756146017372504
2026-04-17,20,near_high,5,-0.04307529492663986,-0.03210055132666947
2026-04-17,20,vs_sma50,1,-0.09211172677696883,-0.06035729803963752
2026-04-17,20,vs_sma50,2,-0.06250002739184013,-0.027887595776085586
2026-04-17,20,vs_sma50,3,-0.04081463744796343,-0.017270919467646056
2026-04-17,20,vs_sma50,4,-0.05245339534281901,-0.03582151924564285
2026-04-17,20,vs_sma50,5,-0.051088264775450976,0.01083234076653152
2026-04-17,20,vs_sma20,1,-0.057692316509562636,0.0014354463468372641
2026-04-17,20,vs_sma20,2,-0.04305693033696495,-0.03174066030077393
2026-04-17,20,vs_sma20,3,-0.05381165886860906,-0.029697354954810185
2026-04-17,20,vs_sma20,4,-0.08829794566384036,-0.05145046824355521
2026-04-17,20,vs_sma20,5,-0.06987722006192132,-0.011380224497715904
2026-04-17,20,rule5,1,-0.09489050713806946,-0.028551861928317136
2026-04-17,20,rule5,2,-0.06666669021418026,-0.041600262679247
2026-04-17,20,rule5,3,-0.05916762734459352,-0.012924009877484344
2026-04-17,20,rule5,4,-0.068423966268919,-0.03228226668000487
2026-04-17,20,rule5,5,-0.031553390729873176,-0.011971526243878967
2026-04-17,20,rule5_mom20,1,-0.09489050713806946,-0.0375979121534949
2026-04-17,20,rule5_mom20,2,-0.05381165886860906,-0.018901126616194083
2026-04-17,20,rule5_mom20,3,-0.07455654295319458,-0.03732129448577266
2026-04-17,20,rule5_mom20,4,-0.043038565747290036,-0.0165993783921471
2026-04-17,20,rule5_mom20,5,-0.04276780356148968,-0.01707395592647986
2026-04-24,5,mom20,1,0.01298708012975558,0.006545439873791607
2026-04-24,5,mom20,2,0.006898620905343433,0.014809447882170637
2026-04-24,5,mom20,3,0.01522841165181843,0.015744115107181267
2026-04-24,5,mom20,4,0.007053092089984836,0.020880359442692047
2026-04-24,5,mom20,5,0.003773581171086837,0.007235130508639868
2026-04-24,5,vol_ratio,1,0.008032159277248097,0.008184992402503234
2026-04-24,5,vol_ratio,2,0.013419220138640942,0.02051909423142787
2026-04-24,5,vol_ratio,3,0.011976108173510136,0.022365100194843404
2026-04-24,5,vol_ratio,4,0.0034607124541568,0.0046625408478603286
2026-04-24,5,vol_ratio,5,0.008595984621769581,0.009419079245443166
2026-04-24,5,squeeze,1,0.003773581171086837,0.003709717880175986
2026-04-24,5,squeeze,2,-0.0010210818725064352,0.01715745791278157
2026-04-24,5,squeeze,3,0.013888875091518038,0.015517734697468233
2026-04-24,5,squeeze,4,0.009302517711615166,0.01569548745417032
2026-04-24,5,squeeze,5,0.01522841165181843,0.013116901767104096
2026-04-24,5,composite,1,0.011976108173510136,0.007740338474677533
2026-04-24,5,composite,2,0.009572875003937109,0.019686150993560483
2026-04-24,5,composite,3,0.007793714531663554,0.01740533075487999
2026-04-24,5,composite,4,0.0035118741015862653,0.010565905257304385
2026-04-24,5,composite,5,0.010714269881802352,0.009783811266937892
2026-04-24,5,mom5,1,0.0020704407949891923,0.004608103580036744
2026-04-24,5,mom5,2,-0.005550010776662673,0.003311148293943502
2026-04-24,5,mom5,3,0.01270214922514512,0.013809121857253897
2026-04-24,5,mom5,4,0.01233320686848971,0.022717120041102944
2026-04-24,5,mom5,5,0.01732671525661078,0.020710444260381874
2026-04-24,5,mom60_skip5,1,0.015625047536257375,0.012103555316406141
2026-04-24,5,mom60_skip5,2,0.002287957056083978,0.0136498370490763
2026-04-24,5,mom60_skip5,3,0.010461093838693314,0.013296516974486267
2026-04-24,5,mom60_skip5,4,0.011435667895116186,0.023826473516886472
2026-04-24,5,mom60_skip5,5,0.008922586545274669,0.009243112121395293
2026-04-24,5,mom60_riskadj,1,0.020661136669406943,0.01953959965050155
2026-04-24,5,mom60_riskadj,2,0.003852609876729751,0.013825168820133075
2026-04-24,5,mom60_riskadj,3,0.006596951920878058,0.005639239361098925
2026-04-24,5,mom60_riskadj,4,0.009604744857910075,0.026302643765529318
2026-04-24,5,mom60_riskadj,5,0.011110990042015767,0.006766941872752444
2026-04-24,5,vol_5_50,1,0.009016074870252466,0.011330229831879332
2026-04-24,5,vol_5_50,2,0.006705043229126684,0.007091043274378259
2026-04-24,5,vol_5_50,3,0.012531786970249925,0.02079864105104715
2026-04-24,5,vol_5_50,4,0.013333320617675781,0.02384185014891149
2026-04-24,5,vol_5_50,5,0.003472888843864985,0.006686484062118141
2026-04-24,5,squeeze_own,1,0.01399184496892203,0.01701848270026115
2026-04-24,5,squeeze_own,2,0.005700078908903339,0.009597853754626727
2026-04-24,5,squeeze_own,3,0.015121742144290962,0.018791378352196644
2026-04-24,5,squeeze_own,4,0.006985946478631044,0.018655933118661146
2026-04-24,5,squeeze_own,5,0.005357038303027251,0.008280694487944476
2026-04-24,5,low_vol,1,0.0,0.0008571040590633923
2026-04-24,5,low_vol,2,0.010612648321144946,0.014844986730449653
2026-04-24,5,low_vol,3,0.005660326771994351,0.020760941219469486
2026-04-24,5,low_vol,4,0.010808824504168868,0.01279241166655295
2026-04-24,5,low_vol,5,0.01587304225864261,0.01591024666058928
2026-04-24,5,near_high,1,0.0034188002141120055,0.0023493545992799157
2026-04-24,5,near_high,2,-0.0010210818725064352,0.011136468442651195
2026-04-24,5,near_high,3,0.010370822516201916,0.02506531815022562
2026-04-24,5,near_high,4,0.012455750799824084,0.014233928679823583
2026-04-24,5,near_high,5,0.017636712558793066,0.01867418314261729
2026-04-24,5,vs_sma50,1,-0.0010482224688074249,-0.004446170458850668
2026-04-24,5,vs_sma50,2,0.006185610391392871,0.01067655268054444
2026-04-24,5,vs_sma50,3,0.011942579504613415,0.024909770619406482
2026-04-24,5,vs_sma50,4,0.017636712558793066,0.02444599340677821
2026-04-24,5,vs_sma50,5,0.006572019350480907,0.014187648783041476
2026-04-24,5,vs_sma20,1,0.00523559719267741,0.0006831090698071381
2026-04-24,5,vs_sma20,2,0.0034607124541568,0.007792043130483726
2026-04-24,5,vs_sma20,3,0.011507710202229182,0.010302871812968389
2026-04-24,5,vs_sma20,4,0.01586161792791685,0.02239193231725249
2026-04-24,5,vs_sma20,5,0.0072727203369140625,0.02401116780592049
2026-04-24,5,rule5,1,0.0,0.0006457470528672834
2026-04-24,5,rule5,2,0.015426729594037902,0.03414893849678425
2026-04-24,5,rule5,3,0.006634767987027446,0.0065107103695371624
2026-04-24,5,rule5,4,0.009458192223183226,0.015235393633181072
2026-04-24,5,rule5,5,0.013133240649786826,0.014951956267300245
2026-04-24,5,rule5_mom20,1,0.004651158148692103,0.006295116077404972
2026-04-24,5,rule5_mom20,2,0.006634767987027446,0.018157029704898055
2026-04-24,5,rule5_mom20,3,0.006484127025252695,0.014031858300842385
2026-04-24,5,rule5_mom20,4,0.013025597275052037,0.018874772665138786
2026-04-24,5,rule5_mom20,5,0.013133240649786826,0.014104328692069106
2026-04-24,10,mom20,1,-0.006984914848764401,-0.021891131660214284
2026-04-24,10,mom20,2,0.01027278968307821,0.032373019133719726
2026-04-24,10,mom20,3,0.007954588150052455,0.016994225074655204
2026-04-24,10,mom20,4,0.011991053469437074,0.04888128453779669
2026-04-24,10,mom20,5,0.016339897744293674,0.028246769092077195
2026-04-24,10,vol_ratio,1,-0.00959231681563344,-0.019889921622456768
2026-04-24,10,vol_ratio,2,0.012793312362706866,0.03675537586927391
2026-04-24,10,vol_ratio,3,0.0277908697743543,0.0523029415076104
2026-04-24,10,vol_ratio,4,0.0,0.019093344424690555
2026-04-24,10,vol_ratio,5,0.009287941845744774,0.016188452766325218
2026-04-24,10,squeeze,1,0.00560751595198572,0.005230648549753771
2026-04-24,10,squeeze,2,0.017857161546950495,0.03895507229652879
2026-04-24,10,squeeze,3,0.017278600805329614,0.037931583893325904
2026-04-24,10,squeeze,4,0.009484660327941263,0.01485270455711074
2026-04-24,10,squeeze,5,0.006340886617755892,0.007467814294540329
2026-04-24,10,composite,1,-0.0028818416083016274,-0.0058705972412217075
2026-04-24,10,composite,2,0.012421701771150095,0.029369844691038878
2026-04-24,10,composite,3,0.022321400395099777,0.04150876410362512
2026-04-24,10,composite,4,0.028348942444550995,0.03633905111987603
2026-04-24,10,composite,5,0.004337113178322527,0.003162888911621671
2026-04-24,10,mom5,1,0.02564110401662978,0.010263472637383099
2026-04-24,10,mom5,2,0.01231625520013191,0.038549704074017754
2026-04-24,10,mom5,3,0.0,0.011692558997836276
2026-04-24,10,mom5,4,0.015660818902873297,0.025584804134153077
2026-04-24,10,mom5,5,0.008708285065956556,0.018409869998502852
2026-04-24,10,mom60_skip5,1,0.02564110401662978,0.01218869904588936
2026-04-24,10,mom60_skip5,2,0.009648577902645505,0.03718201867552725
2026-04-24,10,mom60_skip5,3,0.01623524764606188,0.032627956367696755
2026-04-24,10,mom60_skip5,4,0.0021685565891612635,0.02301508274623474
2026-04-24,10,mom60_skip5,5,0.00741789786933178,0.006201587103724386
2026-04-24,10,mom60_riskadj,1,0.02095813576653538,0.020689057496728714
2026-04-24,10,mom60_riskadj,2,0.011332825219993459,0.03577102467883143
2026-04-24,10,mom60_riskadj,3,0.01623524764606188,0.025486120565091256
2026-04-24,10,mom60_riskadj,4,-0.002449352056126064,0.0230445428048336
2026-04-24,10,mom60_riskadj,5,0.00741789786933178,0.006172127045125524
2026-04-24,10,vol_5_50,1,0.00667114202275354,0.00792538319224282
2026-04-24,10,vol_5_50,2,0.0032362833086319043,0.015785149064571284
2026-04-24,10,vol_5_50,3,0.011790738639385845,0.03350117113236264
2026-04-24,10,vol_5_50,4,0.017857197342682873,0.03697110091094415
2026-04-24,10,vol_5_50,5,0.006414231426680961,0.015172832499204045
2026-04-24,10,squeeze_own,1,0.01697265912316237,0.02055181090583328
2026-04-24,10,squeeze_own,2,0.008249921662151105,0.02651737248967726
2026-04-24,10,squeeze_own,3,0.006924794707921289,0.015930324573268033
2026-04-24,10,squeeze_own,4,0.0095342526797777,0.038494865520184225
2026-04-24,10,squeeze_own,5,0.004796130122736164,0.008710620985722532
2026-04-24,10,low_vol,1,-0.0028818416083016274,0.005376203607318645
2026-04-24,10,low_vol,2,0.0330782303171413,0.03714720984376461
2026-04-24,10,low_vol,3,0.006245673389375872,0.031438281065647916
2026-04-24,10,low_vol,4,0.01027278968307821,0.022873427925522143
2026-04-24,10,low_vol,5,0.007044237480317905,0.007640354851525311
2026-04-24,10,near_high,1,0.0013368652432057537,-0.0027352769103604776
2026-04-24,10,near_high,2,0.007980842589614179,0.030149532401198737
2026-04-24,10,near_high,3,0.010871410503522916,0.03826437706952875
2026-04-24,10,near_high,4,0.009560796888795298,0.03040387717690433
2026-04-24,10,near_high,5,0.013008117474065717,0.014890965830512422
2026-04-24,10,vs_sma50,1,0.0,-0.005472242764185625
2026-04-24,10,vs_sma50,2,0.006349200101906982,0.016781194915161803
2026-04-24,10,vs_sma50,3,0.016106935363071284,0.048101067932522966
2026-04-24,10,vs_sma50,4,0.01207735629727269,0.030901890513915568
2026-04-24,10,vs_sma50,5,0.01102493651840597,0.01901279227174902
2026-04-24,10,vs_sma20,1,0.006355976936840424,-0.004791481651826119
2026-04-24,10,vs_sma20,2,0.00901155338219628,0.015491304691616003
2026-04-24,10,vs_sma20,3,0.002611097951036312,0.009518055356289523
2026-04-24,10,vs_sma20,4,0.012575672369523505,0.03129609104125018
2026-04-24,10,vs_sma20,5,0.03184229966266483,0.05288130638956162
2026-04-24,10,rule5,1,-0.00558658697003811,0.002174945262389574
2026-04-24,10,rule5,2,0.02497331771339306,0.047684373457738884
2026-04-24,10,rule5,3,0.0001333465068760198,0.02244477314785197
2026-04-24,10,rule5,4,0.02080963621797116,0.03619529977711213
2026-04-24,10,rule5,5,0.006355976936840424,0.00252013704990024
2026-04-24,10,rule5_mom20,1,-0.00558658697003811,-0.0028902462700933006
2026-04-24,10,rule5_mom20,2,0.013986039018167529,0.03003915841236992
2026-04-24,10,rule5_mom20,3,0.011991053469437074,0.039904769079793054
2026-04-24,10,rule5_mom20,4,0.019118368285932497,0.03632943880003745
2026-04-24,10,rule5_mom20,5,0.007791558258345654,0.007636095298097327
2026-04-24,20,mom20,1,-0.016666651213610217,-0.024376260407459806
2026-04-24,20,mom20,2,-0.016321186952855615,0.026825616961109466
2026-04-24,20,mom20,3,-0.023212106739274097,-0.004939040447099258
2026-04-24,20,mom20,4,-0.04004688362734393,0.01941561671768422
2026-04-24,20,mom20,5,-0.01960781336835349,0.008855847027670389
2026-04-24,20,vol_ratio,1,-0.07142860944173757,-0.06773767533779662
2026-04-24,20,vol_ratio,2,-0.004469288676758387,0.03131787988666482
2026-04-24,20,vol_ratio,3,-0.012093904095216934,0.029625133353131966
2026-04-24,20,vol_ratio,4,-0.025669738622540184,0.00552691920978705
2026-04-24,20,vol_ratio,5,-0.021612309855911338,0.02699257465173998
2026-04-24,20,squeeze,1,-0.016666651213610217,0.0022740741839697848
2026-04-24,20,squeeze,2,-0.04004688362734393,0.007793002848198101
2026-04-24,20,squeeze,3,-0.01960781336835349,0.02145644087824549
2026-04-24,20,squeeze,4,-0.01965407488028198,0.012931189584973957
2026-04-24,20,squeeze,5,-0.024193525128260562,-0.01882757637830428
2026-04-24,20,composite,1,-0.01948050138499524,-0.021957848457597327
2026-04-24,20,composite,2,-0.025180182087139624,0.01527807034392494
2026-04-24,20,composite,3,-0.020750737746311643,0.026390269303128024
2026-04-24,20,composite,4,-0.003726242497853194,0.02690266718056912
2026-04-24,20,composite,5,-0.04221953030676906,-0.020855987585721558
2026-04-24,20,mom5,1,-0.025641002128344415,-0.015915993173732768
2026-04-24,20,mom5,2,-0.029763327085913727,-0.0006780581196076846
2026-04-24,20,mom5,3,-0.0403587055603275,-0.001065250322642872
2026-04-24,20,mom5,4,-0.0015518680838176313,0.017884066058015263
2026-04-24,20,mom5,5,-0.01960781336835349,0.02538104434477982
2026-04-24,20,mom60_skip5,1,-0.01948050138499524,-0.006608047106323607
2026-04-24,20,mom60_skip5,2,-0.021777098568491082,0.010693434297732856
2026-04-24,20,mom60_skip5,3,-0.026552324655343018,0.022177415027811554
2026-04-24,20,mom60_skip5,4,-0.019534786489279532,0.00046840083142518505
2026-04-24,20,mom60_skip5,5,-0.02442457793245245,-0.004787752603051739
2026-04-24,20,mom60_riskadj,1,-0.01948050138499524,-0.0068871875784974204
2026-04-24,20,mom60_riskadj,2,-0.023769947523102797,0.016848007493666058
2026-04-24,20,mom60_riskadj,3,-0.027334432303856626,0.01630370539338657
2026-04-24,20,mom60_riskadj,4,-0.02376990348593444,-0.004611624910151456
2026-04-24,20,mom60_riskadj,5,-0.017330974307455282,0.00029227313852490206
2026-04-24,20,vol_5_50,1,-0.04623270254946221,-0.03748685249395537
2026-04-24,20,vol_5_50,2,-0.033268115822343014,-0.028845685624649817
2026-04-24,20,vol_5_50,3,-0.012491679965157765,0.04262261608666183
2026-04-24,20,vol_5_50,4,-0.02527078202378119,0.02170924776997763
2026-04-24,20,vol_5_50,5,-0.011279582311147507,0.020266091830257585
2026-04-24,20,squeeze_own,1,-0.015375628000348418,-0.004386987086991221
2026-04-24,20,squeeze_own,2,-0.019534786489279532,0.037014671811554906
2026-04-24,20,squeeze_own,3,-0.040560677040653914,0.0005252490784708135
2026-04-24,20,squeeze_own,4,-0.02271092239804401,-0.0011982780360795644
2026-04-24,20,squeeze_own,5,-0.02442457793245245,-0.007880819314169438
2026-04-24,20,low_vol,1,-0.005050500185316276,0.016152444589128092
2026-04-24,20,low_vol,2,-0.015434436741178725,0.027774244233078577
2026-04-24,20,low_vol,3,-0.04076264852098033,0.0015403445358294246
2026-04-24,20,low_vol,4,-0.02860891102209273,-0.011931425149934356
2026-04-24,20,low_vol,5,-0.017219432140943347,-0.007938061171927946
2026-04-24,20,near_high,1,-0.016666651213610217,-0.01480702687736365
2026-04-24,20,near_high,2,-0.04084916377922854,-0.00923082771800911
2026-04-24,20,near_high,3,-0.023198723542957767,0.022103177760515656
2026-04-24,20,near_high,4,-0.02709002180422676,0.023096183016783636
2026-04-24,20,near_high,5,-0.012916967976757454,1.426358351214696e-05
2026-04-24,20,vs_sma50,1,-0.031251846587245946,-0.030191717831132267
2026-04-24,20,vs_sma50,2,-0.024193525128260562,-0.0027970123771404527
2026-04-24,20,vs_sma50,3,-0.013668896064744973,0.02581199442248476
2026-04-24,20,vs_sma50,4,-0.02886249238497518,0.004759506074042478
2026-04-24,20,vs_sma50,5,-0.015144173791670656,0.020738128569985977
2026-04-24,20,vs_sma20,1,-0.015624985448084439,-0.026231222131654578
2026-04-24,20,vs_sma20,2,-0.02907165490143515,-0.007351097101055347
2026-04-24,20,vs_sma20,3,-0.028951502502188697,-0.008608046734887336
2026-04-24,20,vs_sma20,4,-0.041254169705261134,0.015203656897121432
2026-04-24,20,vs_sma20,5,0.010589968745885914,0.05253583029278855
2026-04-24,20,rule5,1,-0.04285710271523857,-0.011304006128385669
2026-04-24,20,rule5,2,-0.00577831550654162,0.012849771995596662
2026-04-24,20,rule5,3,-0.04084916377922854,-0.006134749566835513
2026-04-24,20,rule5,4,-0.012195634411793832,0.04567698217369458
2026-04-24,20,rule5,5,-0.025358839981615255,-0.01981147121450152
2026-04-24,20,rule5_mom20,1,-0.01948050138499524,-0.00937379926796669
2026-04-24,20,rule5_mom20,2,-0.025365292139421236,-0.016077373134981143
2026-04-24,20,rule5_mom20,3,-0.028564405963485973,0.015497137963229097
2026-04-24,20,rule5_mom20,4,-0.003173683898175239,0.05155719849460105
2026-04-24,20,rule5_mom20,5,-0.023212106739274097,-0.02033531803015799
2026-05-01,5,mom20,1,-0.015098137809194556,-0.0010712164370576386
2026-05-01,5,mom20,2,-0.001065554463287155,0.008583316304773901
2026-05-01,5,mom20,3,0.0012690343043182395,-0.00947708249115585
2026-05-01,5,mom20,4,0.0,0.0021714558037953234
2026-05-01,5,mom20,5,0.017599661817935708,0.04508457538841839
2026-05-01,5,vol_ratio,1,-0.006973561414484186,0.0020917199527877807
2026-05-01,5,vol_ratio,2,0.008225580839193114,0.007445356479213584
2026-05-01,5,vol_ratio,3,0.008140528339588449,0.019933494419154117
2026-05-01,5,vol_ratio,4,0.0,0.01309505618105546
2026-05-01,5,vol_ratio,5,0.0,0.0027865817900113122
2026-05-01,5,squeeze,1,-0.0034686096318978232,0.014017963203586054
2026-05-01,5,squeeze,2,0.0052122055327523675,0.021478140560311162
2026-05-01,5,squeeze,3,0.010045795693151227,0.02180963016345789
2026-05-01,5,squeeze,4,0.006122459439160455,0.0018398438374091605
2026-05-01,5,squeeze,5,-0.00807015220747187,-0.013776009119182942
2026-05-01,5,composite,1,-0.012767924344033066,-0.0021764970876879917
2026-05-01,5,composite,2,0.00981762885002535,0.018208844877519715
2026-05-01,5,composite,3,-0.006424716496701899,0.0016466998957734666
2026-05-01,5,composite,4,0.013102995911753457,0.03210415207437319
2026-05-01,5,composite,5,-0.004134496841722735,-0.004244912285933479
2026-05-01,5,mom5,1,-0.003936745353214199,0.012441059176939637
2026-05-01,5,mom5,2,0.014388475634778741,0.012471289856341909
2026-05-01,5,mom5,3,0.001610304412532737,0.003036256851922567
2026-05-01,5,mom5,4,0.005627278432501548,0.0023372480880228938
2026-05-01,5,mom5,5,-0.014305227843568469,0.015030530632020856
2026-05-01,5,mom60_skip5,1,0.0,0.007718950312428829
2026-05-01,5,mom60_skip5,2,0.0,-0.0054199728714874875
2026-05-01,5,mom60_skip5,3,-0.0005434907113674448,0.02009030036860835
2026-05-01,5,mom60_skip5,4,0.010909080505371094,0.01624149125642238
2026-05-01,5,mom60_skip5,5,-0.0034686096318978232,0.005216319441094206
2026-05-01,5,mom60_riskadj,1,-0.0005327772316435775,0.009976270938530481
2026-05-01,5,mom60_riskadj,2,0.0,-0.003168984079801884
2026-05-01,5,mom60_riskadj,3,-0.0005434907113674448,0.013980552337892827
2026-05-01,5,mom60_riskadj,4,0.008421044600637417,0.015578845426711957
2026-05-01,5,mom60_riskadj,5,-0.004222285720477781,0.007490456687289703
2026-05-01,5,vol_5_50,1,-0.014525961887732697,-0.007632860022621179
2026-05-01,5,vol_5_50,2,0.0028793387168509765,0.00478112935710536
2026-05-01,5,vol_5_50,3,0.010273962536277104,0.017494960387136334
2026-05-01,5,vol_5_50,4,0.019165768106341186,0.041417116452957446
2026-05-01,5,vol_5_50,5,-0.003623224600837527,-0.010081833052130106
2026-05-01,5,squeeze_own,1,-0.00943395377648304,0.0005208905837586101
2026-05-01,5,squeeze_own,2,0.005627278432501548,0.02258985799828415
2026-05-01,5,squeeze_own,3,0.010770788481988314,0.013875214265223491
2026-05-01,5,squeeze_own,4,0.001098821405313366,0.005926461809742313
2026-05-01,5,squeeze_own,5,-0.008403397009579039,0.0010151152537353674
2026-05-01,5,low_vol,1,-0.0034686096318978232,0.013689489168190716
2026-05-01,5,low_vol,2,-0.005221927238881263,0.01162766237303023
2026-05-01,5,low_vol,3,0.000676147999163601,0.010594624556443477
2026-05-01,5,low_vol,4,0.013574647453366007,0.019677142766386185
2026-05-01,5,low_vol,5,-0.004670355969576823,-0.010169432588833684
2026-05-01,5,near_high,1,-0.00259067117487799,0.006736666696682628
2026-05-01,5,near_high,2,-0.0005327772316435775,-0.0007110227713523526
2026-05-01,5,near_high,3,0.011381761271121116,0.014292238387514521
2026-05-01,5,near_high,4,0.0017456103787952815,0.008017658099524006
2026-05-01,5,near_high,5,0.001610304412532737,0.01709549193134636
2026-05-01,5,vs_sma50,1,-0.001065554463287155,0.010597439222621116
2026-05-01,5,vs_sma50,2,0.006454259198745427,0.009004796799470357
2026-05-01,5,vs_sma50,3,-0.0095197410165615,-0.005609571400387675
2026-05-01,5,vs_sma50,4,0.008439807827083534,0.00968352326568736
2026-05-01,5,vs_sma50,5,0.005025120811725348,0.02212930683414534
2026-05-01,5,vs_sma20,1,0.010269005560540778,0.020617593827480237
2026-05-01,5,vs_sma20,2,-0.002320179836859615,0.0005643483397632305
2026-05-01,5,vs_sma20,3,-0.006422474563007985,-0.012352055346648232
2026-05-01,5,vs_sma20,4,0.0052122055327523675,0.005131783154271817
2026-05-01,5,vs_sma20,5,0.010304180784266426,0.03129776209006624
2026-05-01,5,rule5,1,-0.005725464367317634,0.0008623025344380603
2026-05-01,5,rule5,2,0.0072084601471823495,0.02813579491604765
2026-05-01,5,rule5,3,-0.0005327772316435775,0.007535875885619006
2026-05-01,5,rule5,4,-0.006479417322122982,0.003923096344948965
2026-05-01,5,rule5,5,0.00785667271097501,0.004973962662661485
2026-05-01,5,rule5_mom20,1,-0.013621194697929495,-0.00493782326554248
2026-05-01,5,rule5_mom20,2,0.010431628896652945,0.01739519929631391
2026-05-01,5,rule5_mom20,3,0.004106925526002891,0.024514618156481264
2026-05-01,5,rule5_mom20,4,-0.0014427918169840903,0.0023597727880235813
2026-05-01,5,rule5_mom20,5,0.006187479311646871,0.00609926536843889
2026-05-01,10,mom20,1,-0.051699272968875776,-0.03594533890306081
2026-05-01,10,mom20,2,-0.03389827312208993,-0.02980589564623089
2026-05-01,10,mom20,3,-0.05252391355924757,-0.06571432153214349
2026-05-01,10,mom20,4,-0.059233356355322786,-0.06373450341300829
2026-05-01,10,mom20,5,-0.009181812245317555,0.0350776070583273
2026-05-01,10,vol_ratio,1,-0.059209990162579884,-0.051401230616073476
2026-05-01,10,vol_ratio,2,-0.03937828210548622,-0.03375267535844506
2026-05-01,10,vol_ratio,3,-0.03324059847797861,-0.013508587519299625
2026-05-01,10,vol_ratio,4,-0.0509776227509402,-0.018915717993461804
2026-05-01,10,vol_ratio,5,-0.04992666780212579,-0.04228879091316538
2026-05-01,10,squeeze,1,-0.04591748722207123,0.01707445936292753
2026-05-01,10,squeeze,2,-0.049180377526039876,-0.03682676177543623
2026-05-01,10,squeeze,3,-0.03920890473312871,-0.028668787223628596
2026-05-01,10,squeeze,4,-0.06225675158295563,-0.05012683045494094
2026-05-01,10,squeeze,5,-0.04181177822621496,-0.06153336480235756
2026-05-01,10,composite,1,-0.05068385775832018,-0.027175275290446277
2026-05-01,10,composite,2,-0.03389827312208993,-0.025845034036933164
2026-05-01,10,composite,3,-0.057079517691528525,-0.042956865590787874
2026-05-01,10,composite,4,-0.04281341507712444,-0.017737941301704134
2026-05-01,10,composite,5,-0.04181177822621496,-0.04609510231799098
2026-05-01,10,mom5,1,-0.06293633641687962,-0.0405693366488466
2026-05-01,10,mom5,2,-0.04845810397360806,-0.037804054511249845
2026-05-01,10,mom5,3,-0.03700774567375659,-0.04629973762335966
2026-05-01,10,mom5,4,-0.03581799499436378,-0.01745577285645102
2026-05-01,10,mom5,5,-0.049168834146318674,-0.017754297223136935
2026-05-01,10,mom60_skip5,1,-0.059289294568413586,-0.03653173494472654
2026-05-01,10,mom60_skip5,2,-0.062499941792337754,-0.0773708619714644
2026-05-01,10,mom60_skip5,3,-0.04331639612403532,-0.0217480706113855
2026-05-01,10,mom60_skip5,4,-0.03707621221961943,-0.028129468058146596
2026-05-01,10,mom60_skip5,5,-0.03068820378887127,-0.005951943566241616
2026-05-01,10,mom60_riskadj,1,-0.05319474651112038,-0.02682549236874439
2026-05-01,10,mom60_riskadj,2,-0.059233356355322786,-0.08033402594532395
2026-05-01,10,mom60_riskadj,3,-0.050510225561812616,-0.029051358850807393
2026-05-01,10,mom60_riskadj,4,-0.029453020305237332,-0.026126074376625633
2026-05-01,10,mom60_riskadj,5,-0.03472433051242352,-0.00740120210598444
2026-05-01,10,vol_5_50,1,-0.05932203389830504,-0.062060574747083735
2026-05-01,10,vol_5_50,2,-0.05266532418988673,-0.047856431391148396
2026-05-01,10,vol_5_50,3,-0.049853303815107664,-0.026079716257184214
2026-05-01,10,vol_5_50,4,-0.018768765735422854,-0.0010872605510228285
2026-05-01,10,vol_5_50,5,-0.049180377526039876,-0.028982140535872607
2026-05-01,10,squeeze_own,1,-0.042553214424603025,0.0025758050252646363
2026-05-01,10,squeeze_own,2,-0.03693927912789374,-0.010601824881435
2026-05-01,10,squeeze_own,3,-0.04597703590624891,-0.04742712764006288
2026-05-01,10,squeeze_own,4,-0.05172409009139556,-0.05632665028514567
2026-05-01,10,squeeze_own,5,-0.05000003178914392,-0.05398257040876178
2026-05-01,10,low_vol,1,-0.054316814823223813,0.012069968078414576
2026-05-01,10,low_vol,2,-0.040322605971449654,-0.025329698725710073
2026-05-01,10,low_vol,3,-0.06408576035609836,-0.051440953895234044
2026-05-01,10,low_vol,4,-0.0448096150346714,-0.03774716419425675
2026-05-01,10,low_vol,5,-0.040444262651904705,-0.057484206598459445
2026-05-01,10,near_high,1,-0.05428316697755309,-0.020326062038794005
2026-05-01,10,near_high,2,-0.06982539814958955,-0.07201173157446145
2026-05-01,10,near_high,3,-0.03853577076484094,-0.02114422813162925
2026-05-01,10,near_high,4,-0.054456697602185744,-0.029936306425959586
2026-05-01,10,near_high,5,-0.027362860053029014,-0.022831581902309495
2026-05-01,10,vs_sma50,1,-0.05204464755619187,-0.027581305253101925
2026-05-01,10,vs_sma50,2,-0.04118954717398743,-0.04222957887734565
2026-05-01,10,vs_sma50,3,-0.05567688180976571,-0.06260639963225019
2026-05-01,10,vs_sma50,4,-0.03159482477948211,-0.0317733077795562
2026-05-01,10,vs_sma50,5,-0.03693927912789374,-0.002033136938263649
2026-05-01,10,vs_sma20,1,-0.05236530997661626,-0.016284624011901755
2026-05-01,10,vs_sma20,2,-0.04605258823761926,-0.05043160373309066
2026-05-01,10,vs_sma20,3,-0.05112327893484159,-0.06580103435643159
2026-05-01,10,vs_sma20,4,-0.04270460749272109,-0.03948228354599645
2026-05-01,10,vs_sma20,5,-0.028625733664090658,0.011899758909930225
2026-05-01,10,rule5,1,-0.060910987845321396,-0.028268755835430398
2026-05-01,10,rule5,2,-0.034493003662009414,-0.010368977280866703
2026-05-01,10,rule5,3,-0.05993498094746097,-0.046578288778833805
2026-05-01,10,rule5,4,-0.04925797177766689,-0.036642405500250844
2026-05-01,10,rule5,5,-0.03794684712273749,-0.044391482677772036
2026-05-01,10,rule5_mom20,1,-0.05428316697755309,-0.035751714242731714
2026-05-01,10,rule5_mom20,2,-0.04721756993992848,-0.027496308613838737
2026-05-01,10,rule5_mom20,3,-0.03885807812832842,-0.018686797677373884
2026-05-01,10,rule5_mom20,4,-0.055527569792865494,-0.0567560645941054
2026-05-01,10,rule5_mom20,5,-0.03343187185356267,-0.027559024945104062
2026-05-01,20,mom20,1,-0.011008471066928593,0.13689096263804226
2026-05-01,20,mom20,2,-0.015447952414107236,0.014128793361852751
2026-05-01,20,mom20,3,-0.025671430905393866,0.0009286700581764791
2026-05-01,20,mom20,4,-0.008902068963955956,0.0227246464694496
2026-05-01,20,mom20,5,0.08678546237287177,0.17561924345475943
2026-05-01,20,vol_ratio,1,-0.017128868019921917,0.14442207117840464
2026-05-01,20,vol_ratio,2,-0.013688164009360126,0.03835822516506136
2026-05-01,20,vol_ratio,3,0.014821386265665759,0.07097637057820719
2026-05-01,20,vol_ratio,4,-0.002932548449136152,0.058321324617629074
2026-05-01,20,vol_ratio,5,-0.004495490560655402,0.038588237630174396
2026-05-01,20,squeeze,1,0.04605055286897752,0.17293490611833126
2026-05-01,20,squeeze,2,0.04238618301055386,0.15842250451064993
2026-05-01,20,squeeze,3,0.01277268748003424,0.03519372999254595
2026-05-01,20,squeeze,4,-0.022598848748059952,0.009594278672388665
2026-05-01,20,squeeze,5,-0.040538436577887194,-0.025033332415686976
2026-05-01,20,composite,1,-0.0021459207705361028,0.1526361756190035
2026-05-01,20,composite,2,0.008415139104699154,0.051020169630978725
2026-05-01,20,composite,3,-0.0063523370997788375,0.05381717886993331
2026-05-01,20,composite,4,0.011616639539725249,0.06876544588780258
2026-05-01,20,composite,5,-0.006819168359132932,0.024571672072609102
2026-05-01,20,mom5,1,-0.0036121949951041787,0.14803359911118635
2026-05-01,20,mom5,2,0.0,0.04730875602915313
2026-05-01,20,mom5,3,-0.00807092031996659,0.01950337365432408
2026-05-01,20,mom5,4,0.02293574197548076,0.07224426160477412
2026-05-01,20,mom5,5,-0.009014279003821568,0.06371919794410923
2026-05-01,20,mom60_skip5,1,0.01770924677448693,0.10249036772917272
2026-05-01,20,mom60_skip5,2,-0.008645524824904882,0.010263026556612109
2026-05-01,20,mom60_skip5,3,0.00247313109764169,0.05283080906355122
2026-05-01,20,mom60_skip5,4,-0.00912648904368718,0.1194784921452517
2026-05-01,20,mom60_skip5,5,-0.0021459207705361028,0.05149628326563391
2026-05-01,20,mom60_riskadj,1,0.013928763366984676,0.0926393600054344
2026-05-01,20,mom60_riskadj,2,-0.0098613347834271,0.013536943274976681
2026-05-01,20,mom60_riskadj,3,0.0043389849726837015,0.06114763842509018
2026-05-01,20,mom60_riskadj,4,0.0026075952338378006,0.12928586625877297
2026-05-01,20,mom60_riskadj,5,-0.02519851128869771,0.040031963775896094
2026-05-01,20,vol_5_50,1,-0.05690490655844682,0.0803274335198979
2026-05-01,20,vol_5_50,2,-0.008602522344905328,0.04606476709774641
2026-05-01,20,vol_5_50,3,0.019914631907160585,0.07216153940750929
2026-05-01,20,vol_5_50,4,0.015588841403325726,0.07127258798188241
2026-05-01,20,vol_5_50,5,0.011277856924649221,0.06609952864311032
2026-05-01,20,squeeze_own,1,0.007936462283165913,0.08719153683191533
2026-05-01,20,squeeze_own,2,0.03683246637661264,0.1678976956494652
2026-05-01,20,squeeze_own,3,0.008415139104699154,0.04099130480353722
2026-05-01,20,squeeze_own,4,-0.027027002147700374,0.020082870247797542
2026-05-01,20,squeeze_own,5,-0.029565230659816533,0.02736509913832941
2026-05-01,20,low_vol,1,0.04605055286897752,0.23839920694805006
2026-05-01,20,low_vol,2,0.02293574197548076,0.06385236553593725
2026-05-01,20,low_vol,3,0.002589885150620308,0.030242681166073603
2026-05-01,20,low_vol,4,0.007978715815388782,0.03681440672776285
2026-05-01,20,low_vol,5,-0.029250145383194037,-0.018617511067840785
2026-05-01,20,near_high,1,0.006176832546078037,0.17137664602842495
2026-05-01,20,near_high,2,-0.027737906376285704,0.0008881244571113537
2026-05-01,20,near_high,3,0.03666992803560154,0.0757470964976627
2026-05-01,20,near_high,4,-0.003361475582098483,0.049082527472578456
2026-05-01,20,near_high,5,-0.01114905325404053,0.04054696679995785
2026-05-01,20,vs_sma50,1,-0.013245020564786825,0.07814481313059443
2026-05-01,20,vs_sma50,2,0.006919065962275095,0.08977440268090449
2026-05-01,20,vs_sma50,3,-0.029565230659816533,0.022233853629169856
2026-05-01,20,vs_sma50,4,-0.007882996389613928,0.04516355200347232
2026-05-01,20,vs_sma50,5,0.044696470081664774,0.10071993080100364
2026-05-01,20,vs_sma20,1,-0.001466274224568076,0.16104019721957125
2026-05-01,20,vs_sma20,2,-0.016818550560930845,0.013810398785859709
2026-05-01,20,vs_sma20,3,-0.03827330647052918,-0.004770169854469012
2026-05-01,20,vs_sma20,4,-0.0006283524288913656,0.04236773917380325
2026-05-01,20,vs_sma20,5,0.07589922332840393,0.13796493002081756
2026-05-01,20,rule5,1,0.0,0.17080531674504962
2026-05-01,20,rule5,2,0.021608946096187798,0.07156719332924502
2026-05-01,20,rule5,3,-0.0003141762144456828,0.04772734494940984
2026-05-01,20,rule5,4,-0.009381701873691528,0.038509421737109126
2026-05-01,20,rule5,5,-0.010624513222979137,0.009032084494921705
2026-05-01,20,rule5_mom20,1,-0.024310608420937962,0.14077069337530007
2026-05-01,20,rule5_mom20,2,0.022166959344157577,0.06479159569299782
2026-05-01,20,rule5_mom20,3,0.00247313109764169,0.06894156942967922
2026-05-01,20,rule5_mom20,4,-0.008199192389492127,0.027249218865600493
2026-05-01,20,rule5_mom20,5,-0.005850212096074059,0.03588828389215767
2026-05-08,5,mom20,1,-0.055631731256806594,-0.015023566578908722
2026-05-08,5,mom20,2,-0.057720811111900694,-0.05719175938610412
2026-05-08,5,mom20,3,-0.04408936233567834,-0.0364627584018068
2026-05-08,5,mom20,4,-0.046347096361889994,-0.04609069809582702
2026-05-08,5,mom20,5,-0.07204978080649055,-0.0592958173696357
2026-05-08,5,vol_ratio,1,-0.053713038962381554,-0.0593414719291307
2026-05-08,5,vol_ratio,2,-0.0578222906539303,-0.0062800233571701156
2026-05-08,5,vol_ratio,3,-0.04362271008672197,-0.039911505482385264
2026-05-08,5,vol_ratio,4,-0.0467004701999566,-0.03794099130004292
2026-05-08,5,vol_ratio,5,-0.07882363066930675,-0.07059060776355336
2026-05-08,5,squeeze,1,-0.07315328974633545,-0.02238690575013193
2026-05-08,5,squeeze,2,-0.05828803342464561,-0.0347863731000411
2026-05-08,5,squeeze,3,-0.07461784363438279,-0.0565657495211385
2026-05-08,5,squeeze,4,-0.05098250236772439,-0.04884211035408404
2026-05-08,5,squeeze,5,-0.0431214581298755,-0.051483461106886785
2026-05-08,5,composite,1,-0.06294516911492026,-0.014718924898840115
2026-05-08,5,composite,2,-0.06096154285519573,-0.0513663080743117
2026-05-08,5,composite,3,-0.04708181058735511,-0.037004579257458294
2026-05-08,5,composite,4,-0.0575542750855117,-0.05012917128957332
2026-05-08,5,composite,5,-0.05335062927782164,-0.060845616312098914
2026-05-08,5,mom5,1,-0.06002590451073281,-0.007812239498363393
2026-05-08,5,mom5,2,-0.0443100087569569,-0.03460023874358533
2026-05-08,5,mom5,3,-0.048292471055224606,-0.05876813952173345
2026-05-08,5,mom5,4,-0.05762742554440975,-0.04885863056819125
2026-05-08,5,mom5,5,-0.06358393413119162,-0.06402535150040894
2026-05-08,5,mom60_skip5,1,-0.0733945325371903,-0.025554418300504107
2026-05-08,5,mom60_skip5,2,-0.05785260539489767,-0.06315113144080767
2026-05-08,5,mom60_skip5,3,-0.061466708515749924,-0.05855074179081754
2026-05-08,5,mom60_skip5,4,-0.0454069855572522,-0.035067053323536046
2026-05-08,5,mom60_skip5,5,-0.05525420883954579,-0.036039750537540105
2026-05-08,5,mom60_riskadj,1,-0.06382972787224006,-0.026227662239720964
2026-05-08,5,mom60_riskadj,2,-0.06056596654959562,-0.06245122420983323
2026-05-08,5,mom60_riskadj,3,-0.06604184444343975,-0.05524842624115026
2026-05-08,5,mom60_riskadj,4,-0.0509472248245722,-0.0492619723622332
2026-05-08,5,mom60_riskadj,5,-0.03771543914070763,-0.025241311639990018
2026-05-08,5,vol_5_50,1,-0.0573770582574481,-0.04526528968747463
2026-05-08,5,vol_5_50,2,-0.04177214173700672,-0.041353113850368724
2026-05-08,5,vol_5_50,3,-0.052487282427949866,-0.05950961826187258
2026-05-08,5,vol_5_50,4,-0.06282722872536994,-0.05874793123203434
2026-05-08,5,vol_5_50,5,-0.05974844441252203,-0.011627512164658127
2026-05-08,5,squeeze_own,1,-0.057206012179781496,-0.015564824023634743
2026-05-08,5,squeeze_own,2,-0.05381171432793008,-0.04982443823783843
2026-05-08,5,squeeze_own,3,-0.06491493246931712,-0.04910000749259404
2026-05-08,5,squeeze_own,4,-0.06468305288050047,-0.05980990507466004
2026-05-08,5,squeeze_own,5,-0.04514576290891653,-0.04201284173682725
2026-05-08,5,low_vol,1,-0.07438343825196275,-0.012717924550257383
2026-05-08,5,low_vol,2,-0.061287836568945986,-0.05053484466899866
2026-05-08,5,low_vol,3,-0.05872773297418171,-0.04857397465798187
2026-05-08,5,low_vol,4,-0.06357522435611579,-0.05808373137538856
2026-05-08,5,low_vol,5,-0.039944918331175305,-0.044154124579655896
2026-05-08,5,near_high,1,-0.077643897620855,-0.030758437433645664
2026-05-08,5,near_high,2,-0.06905070614850789,-0.05871946621891751
2026-05-08,5,near_high,3,-0.051222667917602105,-0.031753401154837844
2026-05-08,5,near_high,4,-0.05872770375621805,-0.047882134841516016
2026-05-08,5,near_high,5,-0.04032260105067498,-0.04912770922548118
2026-05-08,5,vs_sma50,1,-0.0738916237643732,-0.033253068536719915
2026-05-08,5,vs_sma50,2,-0.05080215420747913,-0.038742329426060394
2026-05-08,5,vs_sma50,3,-0.042796086976510994,-0.04223865684207891
2026-05-08,5,vs_sma50,4,-0.05381171432793008,-0.05131082273469288
2026-05-08,5,vs_sma50,5,-0.06654993203191584,-0.05084421042891063
2026-05-08,5,vs_sma20,1,-0.07168551768227244,-0.022403207506664562
2026-05-08,5,vs_sma20,2,-0.052286389717322856,-0.04425515526273569
2026-05-08,5,vs_sma20,3,-0.04761344328120226,-0.051735224670743
2026-05-08,5,vs_sma20,4,-0.053814157136072516,-0.04519001950541025
2026-05-08,5,vs_sma20,5,-0.05751966773305228,-0.05048099288672887
2026-05-08,5,rule5,1,-0.06619140923933686,-0.021579481426019093
2026-05-08,5,rule5,2,-0.0633528820322592,-0.05483427639449645
2026-05-08,5,rule5,3,-0.05872770375621805,-0.0406391179753572
2026-05-08,5,rule5,4,-0.05174992903558162,-0.044810798071964524
2026-05-08,5,rule5,5,-0.04483693520825549,-0.0563902511007765
2026-05-08,5,rule5_mom20,1,-0.07441864127142972,-0.024288456281302738
2026-05-08,5,rule5_mom20,2,-0.05545737925411104,-0.04291856076663814
2026-05-08,5,rule5_mom20,3,-0.06269864086354421,-0.055507596856446
2026-05-08,5,rule5_mom20,4,-0.048024892726482304,-0.03933386079842644
2026-05-08,5,rule5_mom20,5,-0.04671715681753108,-0.05618873388156003
2026-05-08,10,mom20,1,-0.038324664019501964,0.011827351673486919
2026-05-08,10,mom20,2,-0.043129542258338927,-0.0370098960499848
2026-05-08,10,mom20,3,-0.03666954159782154,-0.018091868053971564
2026-05-08,10,mom20,4,-0.028978244857537083,-0.01105540625666795
2026-05-08,10,mom20,5,-0.04052430335473273,-0.02895444588913818
2026-05-08,10,vol_ratio,1,-0.049406208084918746,-0.05710471163507793
2026-05-08,10,vol_ratio,2,-0.03811305781590696,0.02480309785915107
2026-05-08,10,vol_ratio,3,-0.03201744174225846,-0.025318271681026447
2026-05-08,10,vol_ratio,4,-0.025156115178875893,0.005534103652542566
2026-05-08,10,vol_ratio,5,-0.04454998899161494,-0.031198482771864853
2026-05-08,10,squeeze,1,-0.049358956983408975,-0.0017663868928259067
2026-05-08,10,squeeze,2,-0.023380154369100514,0.010310429385355058
2026-05-08,10,squeeze,3,-0.05893929776348855,-0.028319975085719255
2026-05-08,10,squeeze,4,-0.034194305431044625,-0.02572432618969971
2026-05-08,10,squeeze,5,-0.034369995658756924,-0.037784005793385776
2026-05-08,10,composite,1,-0.05229336812830049,0.0037529977495457914
2026-05-08,10,composite,2,-0.0359364980049493,-0.028612009873722033
2026-05-08,10,composite,3,-0.029175987724986918,-0.013915624479846025
2026-05-08,10,composite,4,-0.03652580929025606,-0.01752880237866655
2026-05-08,10,composite,5,-0.03780266806175864,-0.026980825593586773
2026-05-08,10,mom5,1,-0.027373317604329706,0.018455835564593955
2026-05-08,10,mom5,2,-0.037996452943561576,-0.017871910323058154
2026-05-08,10,mom5,3,-0.035692000437826,-0.03433826505316846
2026-05-08,10,mom5,4,-0.03570891865071657,-0.010898654220189194
2026-05-08,10,mom5,5,-0.05326904838096963,-0.03863127054445373
2026-05-08,10,mom60_skip5,1,-0.05362317107901127,0.0013836959597835032
2026-05-08,10,mom60_skip5,2,-0.0358751342481512,-0.041739079251018295
2026-05-08,10,mom60_skip5,3,-0.03553824803259259,-0.03411754150182789
2026-05-08,10,mom60_skip5,4,-0.032031271502378944,-0.008767274516012469
2026-05-08,10,mom60_skip5,5,-0.03443711553820894,-0.011345024524512779
2026-05-08,10,mom60_riskadj,1,-0.04035431629622932,-0.007203507196359757
2026-05-08,10,mom60_riskadj,2,-0.05109491337596245,-0.03285284226960164
2026-05-08,10,mom60_riskadj,3,-0.03608308251303155,-0.03267520672790597
2026-05-08,10,mom60_riskadj,4,-0.04058832289312553,-0.019702169239645528
2026-05-08,10,mom60_riskadj,5,-0.023338042128258407,-0.0021555137839710313
2026-05-08,10,vol_5_50,1,-0.056939448637085666,-0.04841315950424256
2026-05-08,10,vol_5_50,2,-0.037974721746286244,-0.01976114926190684
2026-05-08,10,vol_5_50,3,-0.03798246866322402,-0.04920285698275938
2026-05-08,10,vol_5_50,4,-0.03584224249861856,-0.013227806330603687
2026-05-08,10,vol_5_50,5,-0.025761155504861688,0.036686244221069184
2026-05-08,10,squeeze_own,1,-0.029141934401528957,0.011488035754488965
2026-05-08,10,squeeze_own,2,-0.03294287446237332,-0.020195937422618906
2026-05-08,10,squeeze_own,3,-0.04113470067469571,-0.012475525883169978
2026-05-08,10,squeeze_own,4,-0.037974721746286244,-0.03036020011163566
2026-05-08,10,squeeze_own,5,-0.04224008328810591,-0.04164486333670643
2026-05-08,10,low_vol,1,-0.03953197899500516,0.024664984205773652
2026-05-08,10,low_vol,2,-0.034006166080775446,-0.023360793368610737
2026-05-08,10,low_vol,3,-0.047870259190188724,-0.026577252127672018
2026-05-08,10,low_vol,4,-0.0491874566231546,-0.03113306362362004
2026-05-08,10,low_vol,5,-0.030087721975295856,-0.026878139662146437
2026-05-08,10,near_high,1,-0.05317323273350549,-0.02084362586006615
2026-05-08,10,near_high,2,-0.0459112832264586,-0.020589958228209512
2026-05-08,10,near_high,3,-0.023464939214239422,-0.006875728519232916
2026-05-08,10,near_high,4,-0.04470456296440145,-0.03157967334434717
2026-05-08,10,near_high,5,-0.03294287446237332,-0.014526843609036347
2026-05-08,10,vs_sma50,1,-0.046137270985133316,-0.015654774118471763
2026-05-08,10,vs_sma50,2,-0.025091205982948894,0.0006580661711815515
2026-05-08,10,vs_sma50,3,-0.04379185803996927,-0.035391680210943514
2026-05-08,10,vs_sma50,4,-0.037624890125619204,-0.023416039903311748
2026-05-08,10,vs_sma50,5,-0.03538176187515463,-0.0200228350500646
2026-05-08,10,vs_sma20,1,-0.04324579364068132,0.010903800988725428
2026-05-08,10,vs_sma20,2,-0.019939927410207225,-0.017544511588331375
2026-05-08,10,vs_sma20,3,-0.041322488261893275,-0.033784058566652626
2026-05-08,10,vs_sma20,4,-0.03210013870230666,-0.024908942549443508
2026-05-08,10,vs_sma20,5,-0.042889589560552555,-0.017950552860573517
2026-05-08,10,rule5,1,-0.051556395597104454,-0.014402227987453171
2026-05-08,10,rule5,2,-0.05305161967396549,-0.034401617091500684
2026-05-08,10,rule5,3,-0.027100404003382483,-0.003116883495194836
2026-05-08,10,rule5,4,-0.038480517789654334,-0.018461339337916705
2026-05-08,10,rule5,5,-0.03301883821769058,-0.024013460190765945
2026-05-08,10,rule5_mom20,1,-0.05982900496613697,-0.020193868587539434
2026-05-08,10,rule5_mom20,2,-0.03302780687811269,-0.014167552155699802
2026-05-08,10,rule5_mom20,3,-0.04350057323488915,-0.03795256041030028
2026-05-08,10,rule5_mom20,4,-0.02944890132593414,0.007084747576827707
2026-05-08,10,rule5_mom20,5,-0.03443711553820894,-0.029093814559659644
2026-05-08,20,mom20,1,-0.08059022079531813,-0.017418675417121696
2026-05-08,20,mom20,2,-0.09271019252972856,-0.07226532810300897
2026-05-08,20,mom20,3,-0.04478058223106035,-0.02670204276563717
2026-05-08,20,mom20,4,-0.044323506424964965,-0.019435697201664562
2026-05-08,20,mom20,5,-0.0732485704359016,-0.06395029832933538
2026-05-08,20,vol_ratio,1,-0.10396778669734408,-0.053592063638967236
2026-05-08,20,vol_ratio,2,-0.0549130001476828,-0.018730207619302282
2026-05-08,20,vol_ratio,3,-0.06190014461314053,-0.0542564745600379
2026-05-08,20,vol_ratio,4,-0.05370446023086578,-0.016350006656372578
2026-05-08,20,vol_ratio,5,-0.06358618757509793,-0.05684328934208777
2026-05-08,20,squeeze,1,-0.09010408221754912,-0.01046987182010687
2026-05-08,20,squeeze,2,-0.07077953270133369,-0.03310677826692291
2026-05-08,20,squeeze,3,-0.10248962731176331,-0.06192376646475309
2026-05-08,20,squeeze,4,-0.0567634167525799,-0.0430243801296677
2026-05-08,20,squeeze,5,-0.04380261057292989,-0.05124724513531721
2026-05-08,20,composite,1,-0.10526769350148013,-0.00818867906147576
2026-05-08,20,composite,2,-0.08881397097520122,-0.0761834027289803
2026-05-08,20,composite,3,-0.03842847086888679,-0.03851642013035407
2026-05-08,20,composite,4,-0.06423275286850438,-0.03084316836034826
2026-05-08,20,composite,5,-0.04411239640714659,-0.04604037153560938
2026-05-08,20,mom5,1,-0.07887415840907547,-0.004300295330566832
2026-05-08,20,mom5,2,-0.0718806559058836,-0.05423883401822844
2026-05-08,20,mom5,3,-0.059027224177965465,-0.060667464150378755
2026-05-08,20,mom5,4,-0.05953564575420561,-0.0388847919492424
2026-05-08,20,mom5,5,-0.07196708584833866,-0.04168065636835134
2026-05-08,20,mom60_skip5,1,-0.1139240897899434,-0.008242542673204081
2026-05-08,20,mom60_skip5,2,-0.060444521425095654,-0.056691500377780916
2026-05-08,20,mom60_skip5,3,-0.0493616561950912,-0.04836939240817203
2026-05-08,20,mom60_skip5,4,-0.03679472177108517,-0.02487898831423979
2026-05-08,20,mom60_skip5,5,-0.09866842825509081,-0.06836158488768936
2026-05-08,20,mom60_riskadj,1,-0.09129819150160579,-0.05166964324723886
2026-05-08,20,mom60_riskadj,2,-0.0698710004078974,-0.013026415879932633
2026-05-08,20,mom60_riskadj,3,-0.058243108842497227,-0.054580471775412275
2026-05-08,20,mom60_riskadj,4,-0.05217072840120457,-0.04220403848741953
2026-05-08,20,mom60_riskadj,5,-0.07079646764565972,-0.04493013493361647
2026-05-08,20,vol_5_50,1,-0.11561860338163643,-0.05172528392664736
2026-05-08,20,vol_5_50,2,-0.07346492156812923,-0.053921857662907094
2026-05-08,20,vol_5_50,3,-0.0698710004078974,-0.07294044784993066
2026-05-08,20,vol_5_50,4,-0.04545454180565389,-0.03358671410153402
2026-05-08,20,vol_5_50,5,-0.04381250103540735,0.004810963272171507
2026-05-08,20,squeeze_own,1,-0.06150782650671416,-0.02413958579248872
2026-05-08,20,squeeze_own,2,-0.06127455034900342,-0.048878693821319576
2026-05-08,20,squeeze_own,3,-0.07346492156812923,-0.04111428676588283
2026-05-08,20,squeeze_own,4,-0.04423653361983859,-0.029782530286435665
2026-05-08,20,squeeze_own,5,-0.08454340162466706,-0.05828113066296157
2026-05-08,20,low_vol,1,-0.08549429648100254,0.027474471462051363
2026-05-08,20,low_vol,2,-0.08471559659723082,-0.0671537589173793
2026-05-08,20,low_vol,3,-0.07926338343202477,-0.06659588973727282
2026-05-08,20,low_vol,4,-0.0796131872715562,-0.0580433119247303
2026-05-08,20,low_vol,5,-0.037722389208306284,-0.03545355269943669
2026-05-08,20,near_high,1,-0.12250714185912293,-0.03478292699743584
2026-05-08,20,near_high,2,-0.09247999774013782,-0.07194477756976149
2026-05-08,20,near_high,3,-0.05121695044478952,-0.024145835321736146
2026-05-08,20,near_high,4,-0.05849579166473973,-0.04630868351066675
2026-05-08,20,near_high,5,-0.032454331233927936,-0.029444297945604957
2026-05-08,20,vs_sma50,1,-0.11111108917243318,-0.0367211430595151
2026-05-08,20,vs_sma50,2,-0.06389338875509565,-0.03766475699703818
2026-05-08,20,vs_sma50,3,-0.04922998972317122,-0.03803620141321462
2026-05-08,20,vs_sma50,4,-0.06442167820431088,-0.04515747623778606
2026-05-08,20,vs_sma50,5,-0.054140871070764485,-0.04955260861138165
2026-05-08,20,vs_sma20,1,-0.08650170469393775,-0.020799927213025298
2026-05-08,20,vs_sma20,2,-0.06587191193763575,-0.04807927434189605
2026-05-08,20,vs_sma20,3,-0.07841738815006327,-0.06531365654671595
2026-05-08,20,vs_sma20,4,-0.06247142147865958,-0.053356411415102036
2026-05-08,20,vs_sma20,5,-0.048171020086701766,-0.012222772300028434
2026-05-08,20,rule5,1,-0.12250714185912293,-0.032369886558104875
2026-05-08,20,rule5,2,-0.08679878495634114,-0.06815638019903016
2026-05-08,20,rule5,3,-0.062276768372051816,-0.025928811185895576
2026-05-08,20,rule5,4,-0.06256155217924891,-0.05233418555212171
2026-05-08,20,rule5,5,-0.03295129204082958,-0.027863880899952752
2026-05-08,20,rule5_mom20,1,-0.12890622307895627,-0.03572231534627893
2026-05-08,20,rule5_mom20,2,-0.06652506022540805,-0.048971912651829895
2026-05-08,20,rule5_mom20,3,-0.07969517490707734,-0.06908185086320233
2026-05-08,20,rule5_mom20,4,-0.044745156908839845,-0.017847206886538337
2026-05-08,20,rule5_mom20,5,-0.032454331233927936,-0.0349602003258286
2026-05-15,5,mom20,1,0.02838971542388713,0.04341465185289299
2026-05-15,5,mom20,2,0.027303727605233474,0.03285342264656179
2026-05-15,5,mom20,3,0.0130678902183754,0.02103945273081902
2026-05-15,5,mom20,4,0.012002969236550198,0.02809534798596022
2026-05-15,5,mom20,5,0.0019447133457289878,0.025624494745350584
2026-05-15,5,vol_ratio,1,0.0009970000936876389,0.03627067121133869
2026-05-15,5,vol_ratio,2,0.025440759371842425,0.04650609993845314
2026-05-15,5,vol_ratio,3,0.012987054076855076,0.020080727851971465
2026-05-15,5,vol_ratio,4,0.017103718437949,0.024296305496603467
2026-05-15,5,vol_ratio,5,0.02315020859051753,0.02392714925793885
2026-05-15,5,squeeze,1,0.0076022466627651,0.03460494108437264
2026-05-15,5,squeeze,2,0.03285481779273591,0.04590579882610264
2026-05-15,5,squeeze,3,0.029916534032505826,0.03904585662146923
2026-05-15,5,squeeze,4,0.008021403783061043,0.012433462022049613
2026-05-15,5,squeeze,5,0.013290695335121505,0.019130063781724698
2026-05-15,5,composite,1,0.016498198854317025,0.04421758186980818
2026-05-15,5,composite,2,0.028610358825800875,0.038432444158604036
2026-05-15,5,composite,3,0.01930510190437995,0.030818782675528688
2026-05-15,5,composite,4,0.01351350045186761,0.025123091757949714
2026-05-15,5,composite,5,0.009385884819121504,0.012510084531192409
2026-05-15,5,mom5,1,0.013551275087639869,0.046842058851471045
2026-05-15,5,mom5,2,0.02702700090373522,0.03548823823634366
2026-05-15,5,mom5,3,0.02039379243175632,0.03056454280757993
2026-05-15,5,mom5,4,0.017141238622379706,0.027986151177765522
2026-05-15,5,mom5,5,-0.0005324539356952318,0.010218973520101234
2026-05-15,5,mom60_skip5,1,0.017246531632565842,0.025968184225668645
2026-05-15,5,mom60_skip5,2,0.02362432724914021,0.02637781645331556
2026-05-15,5,mom60_skip5,3,0.02314812515252984,0.04314408945585178
2026-05-15,5,mom60_skip5,4,0.012511458964625688,0.027183548493933524
2026-05-15,5,mom60_skip5,5,0.0021920795010956784,0.029852990405204907
2026-05-15,5,mom60_riskadj,1,0.028217110001462653,0.031067923604636092
2026-05-15,5,mom60_riskadj,2,0.021129861268897487,0.026863886083440102
2026-05-15,5,mom60_riskadj,3,0.02039379243175632,0.03455763291629343
2026-05-15,5,mom60_riskadj,4,0.00798947795804894,0.024707308130923922
2026-05-15,5,mom60_riskadj,5,0.012434722816932031,0.035277521856366484
2026-05-15,5,vol_5_50,1,-0.017777760823567745,0.014776685538607441
2026-05-15,5,vol_5_50,2,0.03210764323740589,0.04119454643556514
2026-05-15,5,vol_5_50,3,0.013700994794044186,0.027793567997576863
2026-05-15,5,vol_5_50,4,0.023837340208014424,0.03886367653819359
2026-05-15,5,vol_5_50,5,0.02646431829196616,0.028920239374653295
2026-05-15,5,squeeze_own,1,0.03285481779273591,0.039820466830646564
2026-05-15,5,squeeze_own,2,0.028169072021973385,0.03770812362407166
2026-05-15,5,squeeze_own,3,0.014619123986395977,0.04224772319319513
2026-05-15,5,squeeze_own,4,0.003929269219441034,0.01910085269196778
2026-05-15,5,squeeze_own,5,0.009523833002672122,0.012469460394866306
2026-05-15,5,low_vol,1,0.02625325913459753,0.051918640611442135
2026-05-15,5,low_vol,2,0.017543927160695638,0.03137963661939514
2026-05-15,5,low_vol,3,0.0011467058373069161,0.018863354374076807
2026-05-15,5,low_vol,4,0.02300407027947493,0.024544752797072286
2026-05-15,5,low_vol,5,0.019249470712303318,0.024277609176629588
2026-05-15,5,near_high,1,0.0010706372463931135,0.030537316989500712
2026-05-15,5,near_high,2,0.03570060621958426,0.04850335707495521
2026-05-15,5,near_high,3,0.023152292028505217,0.03475977571185384
2026-05-15,5,near_high,4,0.016220706177016875,0.01614141794236588
2026-05-15,5,near_high,5,0.009587626412801087,0.02253363745100609
2026-05-15,5,vs_sma50,1,0.013651863802616848,0.0400125072317918
2026-05-15,5,vs_sma50,2,0.031453932907183346,0.03549717961900117
2026-05-15,5,vs_sma50,3,0.013526987371216603,0.0274501558943104
2026-05-15,5,vs_sma50,4,0.01189063806529389,0.02168926215811287
2026-05-15,5,vs_sma50,5,0.0021920795010956784,0.026745734019836275
2026-05-15,5,vs_sma20,1,0.02626971987915616,0.045072180758339464
2026-05-15,5,vs_sma20,2,0.031553426711631305,0.036225335083441876
2026-05-15,5,vs_sma20,3,0.022321407189022535,0.029454955913943568
2026-05-15,5,vs_sma20,4,0.002985048000182955,0.011012980976697142
2026-05-15,5,vs_sma20,5,0.004892230721717072,0.029230019931636896
2026-05-15,5,rule5,1,0.012233841907285825,0.039971351225423
2026-05-15,5,rule5,2,0.024586060180903813,0.03449621645966621
2026-05-15,5,rule5,3,0.02314812515252984,0.038018988709141915
2026-05-15,5,rule5,4,0.014121988269096053,0.017385577263659042
2026-05-15,5,rule5,5,0.011726467159512532,0.022623244761775022
2026-05-15,5,rule5_mom20,1,0.012233841907285825,0.0371473088273504
2026-05-15,5,rule5_mom20,2,0.034269584297418,0.03765975278105308
2026-05-15,5,rule5_mom20,3,0.020804451397198997,0.03787346785857532
2026-05-15,5,rule5_mom20,4,0.012149547001080507,0.02069500339357737
2026-05-15,5,rule5_mom20,5,0.01083235808925942,0.01911895823684948
2026-05-15,10,mom20,1,0.046946291556614006,0.08830786884571866
2026-05-15,10,mom20,2,0.06685236519292292,0.07742352861566162
2026-05-15,10,mom20,3,0.03174600171093722,0.06733319423814879
2026-05-15,10,mom20,4,0.04285718786473258,0.08419644624155438
2026-05-15,10,mom20,5,0.025952752605206242,0.06381211364949191
2026-05-15,10,vol_ratio,1,0.03612130598747665,0.08354380218563585
2026-05-15,10,vol_ratio,2,0.0647772641578932,0.09574927733607598
2026-05-15,10,vol_ratio,3,0.042997392546975766,0.06769421246029267
2026-05-15,10,vol_ratio,4,0.04313737351607738,0.07428429186916191
2026-05-15,10,vol_ratio,5,0.032886705439369335,0.05985442685127741
2026-05-15,10,squeeze,1,0.04670649637209112,0.0991450197930911
2026-05-15,10,squeeze,2,0.06055378459590122,0.07974496860215446
2026-05-15,10,squeeze,3,0.06126422280799426,0.10205074562090692
2026-05-15,10,squeeze,4,0.04017853294024065,0.058648770843048634
2026-05-15,10,squeeze,5,0.021356707119044138,0.041552871526378765
2026-05-15,10,composite,1,0.030792205873105605,0.09663600039236885
2026-05-15,10,composite,2,0.07549368154742031,0.08397663991940174
2026-05-15,10,composite,3,0.07500004768371582,0.09811822134720141
2026-05-15,10,composite,4,0.03325685499809139,0.06413379238438116
2026-05-15,10,composite,5,0.014910221108730082,0.03831256673129219
2026-05-15,10,mom5,1,0.0534586465314707,0.12351522082368614
2026-05-15,10,mom5,2,0.07894737254879813,0.0908599538814919
2026-05-15,10,mom5,3,0.06153840134600119,0.07991049734572757
2026-05-15,10,mom5,4,0.018183034536821685,0.0524935223821536
2026-05-15,10,mom5,5,-0.002658287201531828,0.03425968489555236
2026-05-15,10,mom60_skip5,1,0.04284823796452497,0.0723017990898508
2026-05-15,10,mom60_skip5,2,0.04048580937428181,0.0732636761706859
2026-05-15,10,mom60_skip5,3,0.03361346310318125,0.0952477952842757
2026-05-15,10,mom60_skip5,4,0.05161588674658857,0.07325466445676018
2026-05-15,10,mom60_skip5,5,0.04614288925688459,0.06818968958088728
2026-05-15,10,mom60_riskadj,1,0.0333824884209909,0.06272145958665012
2026-05-15,10,mom60_riskadj,2,0.04448622494561516,0.07311353681120873
2026-05-15,10,mom60_riskadj,3,0.05055291377870508,0.11055212827090954
2026-05-15,10,mom60_riskadj,4,0.03343515905063632,0.05671970458777119
2026-05-15,10,mom60_riskadj,5,0.05228434452060726,0.07924411442949728
2026-05-15,10,vol_5_50,1,0.0019531697471404375,0.04847594340230035
2026-05-15,10,vol_5_50,2,0.055884166442931815,0.08342631088011349
2026-05-15,10,vol_5_50,3,0.03811897223427396,0.0691055760465196
2026-05-15,10,vol_5_50,4,0.0404306450268469,0.10041254609200304
2026-05-15,10,vol_5_50,5,0.06856131599004378,0.07855266980665974
2026-05-15,10,squeeze_own,1,0.05153837688868257,0.07650661269837757
2026-05-15,10,squeeze_own,2,0.04511273747632516,0.08982497365417477
2026-05-15,10,squeeze_own,3,0.03929451164293618,0.08449199161281841
2026-05-15,10,squeeze_own,4,0.04776586935235483,0.0739633100011919
2026-05-15,10,squeeze_own,5,0.030963244933632783,0.05893527434336481
2026-05-15,10,low_vol,1,0.055970629367801616,0.11415823046190039
2026-05-15,10,low_vol,2,0.06896556989029334,0.08190854138879693
2026-05-15,10,low_vol,3,0.03901733785400685,0.06982078406947817
2026-05-15,10,low_vol,4,0.06638997581485984,0.08312215959369645
2026-05-15,10,low_vol,5,0.020567048183753545,0.03209896810053843
2026-05-15,10,near_high,1,0.025752956946964,0.0716465735735805
2026-05-15,10,near_high,2,0.056439001651920506,0.10483998821960919
2026-05-15,10,near_high,3,0.07407400048809576,0.09137226110476007
2026-05-15,10,near_high,4,0.04825290010202121,0.07025080700893684
2026-05-15,10,near_high,5,0.017750800297585023,0.0441243633696006
2026-05-15,10,vs_sma50,1,0.03195481089687591,0.08730166634104576
2026-05-15,10,vs_sma50,2,0.06558361998637652,0.0847013472302666
2026-05-15,10,vs_sma50,3,0.020439781866390283,0.06512475429042536
2026-05-15,10,vs_sma50,4,0.050330611179235096,0.0687487895975732
2026-05-15,10,vs_sma50,5,0.04848131666621036,0.07385974655524419
2026-05-15,10,vs_sma20,1,0.049827099346580694,0.08792214489896066
2026-05-15,10,vs_sma20,2,0.07500004768371582,0.09692861352733452
2026-05-15,10,vs_sma20,3,0.04017853294024065,0.07473003424274834
2026-05-15,10,vs_sma20,4,0.01723259064253302,0.04991666940325127
2026-05-15,10,vs_sma20,5,0.04271672563799145,0.07153124462718402
2026-05-15,10,rule5,1,0.030792205873105605,0.08034472825759853
2026-05-15,10,rule5,2,0.0625610216681386,0.09669078910278925
2026-05-15,10,rule5,3,0.0883055998019946,0.0939319137318882
2026-05-15,10,rule5,4,0.04153379213324071,0.06654214135127401
2026-05-15,10,rule5,5,0.0191347175745592,0.04474002847090755
2026-05-15,10,rule5_mom20,1,0.030792205873105605,0.08779974621136193
2026-05-15,10,rule5_mom20,2,0.0625610216681386,0.08493643897448903
2026-05-15,10,rule5_mom20,3,0.06120223420366111,0.09385297221705138
2026-05-15,10,rule5_mom20,4,0.053623599210170236,0.07483061203477719
2026-05-15,10,rule5_mom20,5,0.0191347175745592,0.04082935012607773
2026-05-15,20,mom20,1,0.022787788038337697,0.20009536489650254
2026-05-15,20,mom20,2,0.005006270317186923,0.015036683562672046
2026-05-15,20,mom20,3,0.0,0.01591570022774405
2026-05-15,20,mom20,4,0.024096434859411042,0.034829983621540536
2026-05-15,20,mom20,5,-0.000286320792023842,0.019847826321325448
2026-05-15,20,vol_ratio,1,-0.03381529501003577,0.16944728879085205
2026-05-15,20,vol_ratio,2,0.008928562875609058,0.03470865777036284
2026-05-15,20,vol_ratio,3,0.024265413493261168,0.03999365259105775
2026-05-15,20,vol_ratio,4,0.011026867325172995,0.031598068957398674
2026-05-15,20,vol_ratio,5,0.004408692123332614,0.010221974929190782
2026-05-15,20,squeeze,1,-0.00037654757064287114,0.19158317587214815
2026-05-15,20,squeeze,2,0.015593189304157873,0.024669325609592466
2026-05-15,20,squeeze,3,0.005050488872503367,0.03977382655226594
2026-05-15,20,squeeze,4,0.004416978099188951,0.005720176990001651
2026-05-15,20,squeeze,5,0.011412339310752584,0.02400544494155898
2026-05-15,20,composite,1,-0.011176893278596722,0.19153679621519354
2026-05-15,20,composite,2,-0.010238897851962525,0.013557002309138547
2026-05-15,20,composite,3,0.013698616715036138,0.046934307701864374
2026-05-15,20,composite,4,0.03370790053551764,0.028684424136421676
2026-05-15,20,composite,5,0.006118341594563259,0.005153952163163258
2026-05-15,20,mom5,1,-0.0039062463620211374,0.02137556690338188
2026-05-15,20,mom5,2,0.025423806722535414,0.04257619322787881
2026-05-15,20,mom5,3,0.034712194987885026,0.21780703333838505
2026-05-15,20,mom5,4,0.004720141280130541,0.0021527993731453258
2026-05-15,20,mom5,5,-0.007948820473275664,0.002999228790171013
2026-05-15,20,mom60_skip5,1,0.02166127437578491,0.18493090030071693
2026-05-15,20,mom60_skip5,2,0.017737164284945317,0.028207923754535038
2026-05-15,20,mom60_skip5,3,0.006620909489155169,0.0413448880300808
2026-05-15,20,mom60_skip5,4,0.01607471891162615,0.03461842380209614
2026-05-15,20,mom60_skip5,5,-0.01568261679961286,-0.010079717991835038
2026-05-15,20,mom60_riskadj,1,0.027940771378254903,0.19212969062829852
2026-05-15,20,mom60_riskadj,2,0.006094671327280254,0.02512266465313817
2026-05-15,20,mom60_riskadj,3,0.004720141280130541,0.03080498057183969
2026-05-15,20,mom60_riskadj,4,0.003544863663461295,0.012063298131736509
2026-05-15,20,mom60_riskadj,5,0.0100038014279894,0.01883751618217711
2026-05-15,20,vol_5_50,1,-0.06153840510802655,0.12165262792768432
2026-05-15,20,vol_5_50,2,0.030389580805752936,0.05253485363353992
2026-05-15,20,vol_5_50,3,0.015079455310548107,0.03448733174550232
2026-05-15,20,vol_5_50,4,0.01933034155073099,0.059497581080615744
2026-05-15,20,vol_5_50,5,0.010477948831826844,0.008712653590450538
2026-05-15,20,squeeze_own,1,0.017806416173135053,0.19991797123056035
2026-05-15,20,squeeze_own,2,0.004416978099188951,0.021947872441525195
2026-05-15,20,squeeze_own,3,0.029398264098152826,0.03303574736913386
2026-05-15,20,squeeze_own,4,-0.0027473132557626068,0.00479379392114799
2026-05-15,20,squeeze_own,5,0.002642005346497056,0.019770691865091037
2026-05-15,20,low_vol,1,-0.012443100546260133,0.1969599607049737
2026-05-15,20,low_vol,2,0.008928562875609058,0.014004909840024891
2026-05-15,20,low_vol,3,-0.007751893856784764,0.009126362696584126
2026-05-15,20,low_vol,4,0.02556817696425595,0.04127421457488046
2026-05-15,20,low_vol,5,0.019675265742460035,0.024351816353680108
2026-05-15,20,near_high,1,-0.010357853310984655,0.1672782674349555
2026-05-15,20,near_high,2,-0.0003037432171562049,0.028469029604421554
2026-05-15,20,near_high,3,0.03787875024959453,0.03744478024539667
2026-05-15,20,near_high,4,0.012092724488380169,0.02441725218396951
2026-05-15,20,near_high,5,0.009270791253219834,0.0213893072818221
2026-05-15,20,vs_sma50,1,-0.012903213897927035,0.16909127097115373
2026-05-15,20,vs_sma50,2,0.014838841551781057,0.03363349243271467
2026-05-15,20,vs_sma50,3,0.012190523204864356,0.024365302905793588
2026-05-15,20,vs_sma50,4,0.015835822695126733,0.0378673046159393
2026-05-15,20,vs_sma50,5,-0.0038599012771333707,0.011638417033633823
2026-05-15,20,vs_sma20,1,0.015482149263370326,0.19462335219436885
2026-05-15,20,vs_sma20,2,0.006024090761646228,0.01794044530892419
2026-05-15,20,vs_sma20,3,0.007650344417148736,0.02626119350077453
2026-05-15,20,vs_sma20,4,0.010834339776681468,0.016389241503525637
2026-05-15,20,vs_sma20,5,0.004603969070042235,0.03048005210352435
2026-05-15,20,rule5,1,-0.044972055992824556,0.16091635926150835
2026-05-15,20,rule5,2,0.005028379594845145,0.0273218632187624
2026-05-15,20,rule5,3,0.01655624851909443,0.04273863069589473
2026-05-15,20,rule5,4,0.02681920511399105,0.024584578230041853
2026-05-15,20,rule5,5,0.011412339310752584,0.023469484920275684
2026-05-15,20,rule5_mom20,1,-0.030724963914856906,0.16934583413104215
2026-05-15,20,rule5_mom20,2,0.003899781901102961,0.01547786110093578
2026-05-15,20,rule5_mom20,3,0.035616403459094226,0.048789243703144955
2026-05-15,20,rule5_mom20,4,0.033944924356204,0.02640852190079788
2026-05-15,20,rule5_mom20,5,0.008985961153004762,0.019046349472313803
2026-05-22,5,mom20,1,0.015485415729161955,0.03763317006854659
2026-05-22,5,mom20,2,0.029951456539917487,0.046809785574455524
2026-05-22,5,mom20,3,0.017630168313936934,0.033510682348746136
2026-05-22,5,mom20,4,0.03643412238212351,0.06254442891192544
2026-05-22,5,mom20,5,0.046174543840388105,0.06544976361582255
2026-05-22,5,vol_ratio,1,0.01283172815073863,0.04080343997662051
2026-05-22,5,vol_ratio,2,0.034774751557844485,0.04835158302040952
2026-05-22,5,vol_ratio,3,0.030002805027882773,0.0457777173727968
2026-05-22,5,vol_ratio,4,0.029210888011089287,0.037433383359253065
2026-05-22,5,vol_ratio,5,0.03767802227902939,0.07358170679041637
2026-05-22,5,squeeze,1,0.034187900643721236,0.06513523536478794
2026-05-22,5,squeeze,2,0.031295116052711514,0.05038280733817575
2026-05-22,5,squeeze,3,0.050571631451212684,0.06517380155919665
2026-05-22,5,squeeze,4,0.034780424049429604,0.03859819536756151
2026-05-22,5,squeeze,5,0.00925904912233455,0.026657790889774432
2026-05-22,5,composite,1,0.019671272380581084,0.05520240127024918
2026-05-22,5,composite,2,0.029724426886545308,0.045326867636615295
2026-05-22,5,composite,3,0.03805167548673383,0.0408162492679168
2026-05-22,5,composite,4,0.042643852703952545,0.06300877926151695
2026-05-22,5,composite,5,0.018629778493584492,0.04159353308319805
2026-05-22,5,mom5,1,0.023788914993592036,0.04510739145571621
2026-05-22,5,mom5,2,0.023725164401163124,0.05242122804364325
2026-05-22,5,mom5,3,0.02472834487138731,0.03706573042100939
2026-05-22,5,mom5,4,0.035740327027336316,0.04686591584636119
2026-05-22,5,mom5,5,0.05057166036980698,0.06448756475276622
2026-05-22,5,mom60_skip5,1,0.017391287521814514,0.05051634119071915
2026-05-22,5,mom60_skip5,2,0.03021178440126404,0.03561258105633463
2026-05-22,5,mom60_skip5,3,0.020112361279950086,0.04460085973977511
2026-05-22,5,mom60_skip5,4,0.035743642854975555,0.06018938261825865
2026-05-22,5,mom60_skip5,5,0.03786148475214157,0.05603512698462211
2026-05-22,5,mom60_riskadj,1,0.01562498544808455,0.03018176272222228
2026-05-22,5,mom60_riskadj,2,0.033101491598121924,0.06568009827813669
2026-05-22,5,mom60_riskadj,3,0.0261359849406535,0.03583628173791648
2026-05-22,5,mom60_riskadj,4,0.04293249017223,0.0661000722769035
2026-05-22,5,mom60_riskadj,5,0.030699831499937713,0.04927857403518428
2026-05-22,5,vol_5_50,1,0.02623456582781092,0.05248963525154729
2026-05-22,5,vol_5_50,2,0.02485252175898145,0.037018261236049926
2026-05-22,5,vol_5_50,3,0.029782387458777926,0.04815724933931086
2026-05-22,5,vol_5_50,4,0.029498744842000213,0.05457376740874324
2026-05-22,5,vol_5_50,5,0.04559273468287439,0.05247710707650473
2026-05-22,5,squeeze_own,1,0.024440025253433917,0.03822413068856463
2026-05-22,5,squeeze_own,2,0.03877779120383895,0.05798020643029561
2026-05-22,5,squeeze_own,3,0.029328328152033567,0.07638871353370713
2026-05-22,5,squeeze_own,4,0.04114496377749033,0.04803134883019986
2026-05-22,5,squeeze_own,5,0.009595093182734549,0.028520187780823332
2026-05-22,5,low_vol,1,0.048375436904539604,0.07924337387123388
2026-05-22,5,low_vol,2,0.04520812294951837,0.0516890796650291
2026-05-22,5,low_vol,3,0.03546902106475858,0.05504663093367866
2026-05-22,5,low_vol,4,0.032354434099053475,0.046835667091930905
2026-05-22,5,low_vol,5,0.0067499301808984224,0.01313307895762372
2026-05-22,5,near_high,1,0.027522908689077363,0.06568754735051473
2026-05-22,5,near_high,2,0.01688135303424443,0.04337151597430198
2026-05-22,5,near_high,3,0.03663965552876525,0.042545512628172355
2026-05-22,5,near_high,4,0.03861220596791337,0.05096668297118069
2026-05-22,5,near_high,5,0.02371536775822425,0.04383886592086735
2026-05-22,5,vs_sma50,1,0.02255636873816247,0.04390498315531569
2026-05-22,5,vs_sma50,2,0.017493798677838734,0.04584704293189962
2026-05-22,5,vs_sma50,3,0.017600310137623643,0.03454188796066384
2026-05-22,5,vs_sma50,4,0.023426104165894412,0.041045814378129486
2026-05-22,5,vs_sma50,5,0.06090371974191955,0.07934815313563984
2026-05-22,5,vs_sma20,1,0.02604405971375523,0.05669242955047473
2026-05-22,5,vs_sma20,2,0.030340627395939568,0.04874441427150932
2026-05-22,5,vs_sma20,3,0.016319813225281088,0.03362646982418248
2026-05-22,5,vs_sma20,4,0.025937811469905814,0.05187025035217977
2026-05-22,5,vs_sma20,5,0.05090115427937569,0.05501426652114997
2026-05-22,5,rule5,1,0.022471996799083183,0.055528590496162974
2026-05-22,5,rule5,2,0.029080966475397374,0.0499029725799074
2026-05-22,5,rule5,3,0.03977823678554193,0.04911651713548273
2026-05-22,5,rule5,4,0.044101873438461725,0.054822323064520284
2026-05-22,5,rule5,5,0.01693323642877953,0.03714126708516885
2026-05-22,5,rule5_mom20,1,0.022388037792902438,0.06391088629855037
2026-05-22,5,rule5_mom20,2,0.029080966475397374,0.038413035122043915
2026-05-22,5,rule5_mom20,3,0.04363180139892808,0.049372140723915776
2026-05-22,5,rule5_mom20,4,0.03793851394150449,0.056227856239348305
2026-05-22,5,rule5_mom20,5,0.020151193362056175,0.03852889700316471
2026-05-22,10,mom20,1,-0.05560008091605434,0.1409110198791228
2026-05-22,10,mom20,2,-0.035883211888793065,-0.0387463191831052
2026-05-22,10,mom20,3,-0.023539267533425223,-0.026097220235451163
2026-05-22,10,mom20,4,-0.020677312197968534,0.012001166258165951
2026-05-22,10,mom20,5,-0.0072762047775490335,0.0017060392181252539
2026-05-22,10,vol_ratio,1,-0.036531472196459636,0.17020164447036135
2026-05-22,10,vol_ratio,2,-0.027637627700996426,-0.014145885179635982
2026-05-22,10,vol_ratio,3,-0.028804652782307427,-0.0281669476988263
2026-05-22,10,vol_ratio,4,-0.021579119779050027,-0.024306554492395927
2026-05-22,10,vol_ratio,5,-0.036239438184718364,-0.0138075711626455
2026-05-22,10,squeeze,1,-0.02914863018991809,0.18784632736081863
2026-05-22,10,squeeze,2,-0.05020302069770527,-0.028736561655008496
2026-05-22,10,squeeze,3,-0.03797183364322887,-0.024094471585718497
2026-05-22,10,squeeze,4,-0.03644822123704339,-0.038621903715039645
2026-05-22,10,squeeze,5,-0.0106892281429663,-0.006618704468194363
2026-05-22,10,composite,1,-0.05020302069770527,0.15261723081428505
2026-05-22,10,composite,2,-0.044520414764876504,-0.017531891541912953
2026-05-22,10,composite,3,-0.03381675139034179,-0.025704163375729776
2026-05-22,10,composite,4,-0.013090558412647169,-0.00627083810567645
2026-05-22,10,composite,5,-0.017662179146209378,-0.013335651854108212
2026-05-22,10,mom5,1,-0.037181034432593574,0.1486536125504178
2026-05-22,10,mom5,2,-0.016450166512192166,0.0116629164110065
2026-05-22,10,mom5,3,-0.023179067725609293,-0.023623191367305056
2026-05-22,10,mom5,4,-0.02498132918003476,-0.030058064847861686
2026-05-22,10,mom5,5,-0.036538070507351084,-0.01686058680939994
2026-05-22,10,mom60_skip5,1,-0.050561750346008294,0.14866289894107276
2026-05-22,10,mom60_skip5,2,-0.038379773321930544,-0.040853609618218156
2026-05-22,10,mom60_skip5,3,-0.03401336735984878,-0.02597046482651483
2026-05-22,10,mom60_skip5,4,-0.011379832422120706,0.018592521105580687
2026-05-22,10,mom60_skip5,5,-0.03430745310215216,-0.008840748264210151
2026-05-22,10,mom60_riskadj,1,-0.04470589581657858,0.135615779723358
2026-05-22,10,mom60_riskadj,2,-0.03483593641780047,-0.01405656436007215
2026-05-22,10,mom60_riskadj,3,-0.034954231730381535,-0.03618168773220113
2026-05-22,10,mom60_riskadj,4,-0.017948679634678555,0.010966606350072747
2026-05-22,10,mom60_riskadj,5,-0.015042796723645557,-0.004674939539726004
2026-05-22,10,vol_5_50,1,-0.02348104620564706,0.17262766888631037
2026-05-22,10,vol_5_50,2,-0.027540703819098622,-0.02140402974320503
2026-05-22,10,vol_5_50,3,-0.03292177986670397,-0.028001749927158752
2026-05-22,10,vol_5_50,4,-0.033418132638576625,-0.024357826630214564
2026-05-22,10,vol_5_50,5,-0.03464563677097887,-0.009807407094645622
2026-05-22,10,squeeze_own,1,-0.03772407348901391,-0.02512557753148879
2026-05-22,10,squeeze_own,2,-0.02184458209967144,-0.017250579252392116
2026-05-22,10,squeeze_own,3,-0.02348104620564706,-0.0028376453189322887
2026-05-22,10,squeeze_own,4,-0.027252075711843182,0.17468815194582088
2026-05-22,10,squeeze_own,5,-0.034775940723026255,-0.033452823124156005
2026-05-22,10,low_vol,1,-0.03932017977504032,0.18831552938759222
2026-05-22,10,low_vol,2,-0.033601722607281614,-0.02566870981719192
2026-05-22,10,low_vol,3,-0.04425513614830445,-0.03096198032390202
2026-05-22,10,low_vol,4,-0.03675169889121288,-0.026499000601635993
2026-05-22,10,low_vol,5,-0.011774931218305362,-0.01541115270800466
2026-05-22,10,near_high,1,-0.0597015230765604,0.1744720219537038
2026-05-22,10,near_high,2,-0.053450338915214335,-0.04766069542777382
2026-05-22,10,near_high,3,-0.04154340912175014,-0.03393783927065035
2026-05-22,10,near_high,4,-0.02193754991034469,-0.010276544664478469
2026-05-22,10,near_high,5,0.0024066838763279197,0.00808078149961888
2026-05-22,10,vs_sma50,1,-0.05026933873337813,0.1642481959841167
2026-05-22,10,vs_sma50,2,-0.043154200951820654,-0.04719966385508661
2026-05-22,10,vs_sma50,3,-0.03431373236501101,-0.030321591095525034
2026-05-22,10,vs_sma50,4,-0.01174751379401262,-0.011216288523358242
2026-05-22,10,vs_sma50,5,0.002958576959962933,0.013470229950969357
2026-05-22,10,vs_sma20,1,-0.05552638463469889,0.1709238780034519
2026-05-22,10,vs_sma20,2,-0.040425089688906624,-0.03538531362759081
2026-05-22,10,vs_sma20,3,-0.028804652782307427,-0.02983290077804678
2026-05-22,10,vs_sma20,4,-0.01174751379401262,-0.003669554107538374
2026-05-22,10,vs_sma20,5,-0.02328417353233514,-0.01226142355341829
2026-05-22,10,rule5,1,-0.049149291856252275,0.17474545218963614
2026-05-22,10,rule5,2,-0.060359179918740735,-0.035125065681667775
2026-05-22,10,rule5,3,-0.04052645610934341,-0.03644785633921154
2026-05-22,10,rule5,4,-0.01073736489934124,-0.0038904207313304705
2026-05-22,10,rule5,5,-0.013241021626268279,-0.008506111475086012
2026-05-22,10,rule5_mom20,1,-0.04353090573454599,0.183481640304036
2026-05-22,10,rule5_mom20,2,-0.0538409577657733,-0.04508718161362531
2026-05-22,10,rule5_mom20,3,-0.040033190309699485,-0.03802587929239846
2026-05-22,10,rule5_mom20,4,-0.01073736489934124,-0.0034564679668530234
2026-05-22,10,rule5_mom20,5,-0.013241021626268279,-0.0062026175773258465
2026-05-22,20,mom20,1,-0.02292780414098039,0.19376604784521248
2026-05-22,20,mom20,2,-0.03487361800932498,-0.022318646216355507
2026-05-22,20,mom20,3,-0.023817427413092396,-0.014358190827852805
2026-05-22,20,mom20,4,0.007713453695078032,0.021246768436949056
2026-05-22,20,mom20,5,0.004933700546330577,0.0222658519912766
2026-05-22,20,vol_ratio,1,-0.015323531249373856,0.17312571516377495
2026-05-22,20,vol_ratio,2,-0.010353500492220669,0.006931504221525225
2026-05-22,20,vol_ratio,3,-0.005329727564185038,0.0005831662830689532
2026-05-22,20,vol_ratio,4,-0.009465840469170594,0.04110639427460087
2026-05-22,20,vol_ratio,5,-0.027215404922064312,-0.021144948713740237
2026-05-22,20,squeeze,1,-0.01037600190074811,0.21973438402764026
2026-05-22,20,squeeze,2,-0.03175513425965043,-0.003825977028111993
2026-05-22,20,squeeze,3,-0.024922611747824563,-0.008374552833732738
2026-05-22,20,squeeze,4,-0.02519975141444003,-0.023556209458939457
2026-05-22,20,squeeze,5,0.006780969657650404,0.016624186522373734
2026-05-22,20,composite,1,-0.02960746873735648,0.20321278509213
2026-05-22,20,composite,2,-0.03073172110289013,0.0014895058650275597
2026-05-22,20,composite,3,-0.013607988979446817,-0.00933143128286729
2026-05-22,20,composite,4,0.0,0.005348711116543646
2026-05-22,20,composite,5,-0.007645405567579533,-0.00011773956160416163
2026-05-22,20,mom5,1,-0.0752418430688292,0.17162129514453162
2026-05-22,20,mom5,2,-0.00942008023455726,0.013059106454428916
2026-05-22,20,mom5,3,0.0077525691130087004,0.018714242346341566
2026-05-22,20,mom5,4,-0.010239941547128761,-0.012095903910390445
2026-05-22,20,mom5,5,-0.013570273376490083,0.009303091194318143
2026-05-22,20,mom60_skip5,1,-0.020431902584251538,0.17072658921728856
2026-05-22,20,mom60_skip5,2,-0.034057196885255825,-0.025248267686460112
2026-05-22,20,mom60_skip5,3,-0.015927906526250812,-0.01435971163078855
2026-05-22,20,mom60_skip5,4,0.009260715563245814,0.03486931606652934
2026-05-22,20,mom60_skip5,5,-0.016688013237223853,-0.004463617347795611
2026-05-22,20,mom60_riskadj,1,-0.02350231386870938,0.15164109255624203
2026-05-22,20,mom60_riskadj,2,-0.02528960309281253,0.0017869145261933876
2026-05-22,20,mom60_riskadj,3,-0.02735000011725447,-0.01938662789488568
2026-05-22,20,mom60_riskadj,4,0.0,0.01693978459058536
2026-05-22,20,mom60_riskadj,5,-0.0015873000254767455,0.01065811771209061
2026-05-22,20,vol_5_50,1,-0.021390353682756436,0.20059450402031936
2026-05-22,20,vol_5_50,2,-0.010249286273124547,-0.006023325001360125
2026-05-22,20,vol_5_50,3,-0.0051282001121667475,0.00474078990955888
2026-05-22,20,vol_5_50,4,-0.013922106194186656,-0.002938110000020323
2026-05-22,20,vol_5_50,5,-0.020431902584251538,0.00800714799886023
2026-05-22,20,squeeze_own,1,-0.0033730222590172,0.005969011216343641
2026-05-22,20,squeeze_own,2,-0.03163778883403623,-0.013121160921782948
2026-05-22,20,squeeze_own,3,-0.01714901870629304,0.018958428464188704
2026-05-22,20,squeeze_own,4,0.0,0.17644464138873978
2026-05-22,20,squeeze_own,5,-0.012813775215873957,-0.024871541360700453
2026-05-22,20,low_vol,1,-0.008332645900480218,0.21557961042136314
2026-05-22,20,low_vol,2,-0.03175513425965043,-0.013503553619261269
2026-05-22,20,low_vol,3,-0.031057936274290154,-0.002155960731879255
2026-05-22,20,low_vol,4,-0.00605054882249767,0.0002495074541867411
2026-05-22,20,low_vol,5,0.00045369756714175313,0.00043222770482042027
2026-05-22,20,near_high,1,-0.05435454955815233,0.15275456608949972
2026-05-22,20,near_high,2,-0.03857410007626605,-0.02829296932365006
2026-05-22,20,near_high,3,-0.014549670214473676,0.0018468630846089676
2026-05-22,20,near_high,4,-0.016401018964146752,0.008014004641198842
2026-05-22,20,near_high,5,0.01832463377705107,0.027018489787702486
2026-05-22,20,vs_sma50,1,-0.03846150319251662,0.20162908944817617
2026-05-22,20,vs_sma50,2,-0.027953667067880827,-0.025081023253272685
2026-05-22,20,vs_sma50,3,-0.01763667269190039,-0.01245552530288259
2026-05-22,20,vs_sma50,4,-0.0069293731517878765,-0.0011564279054856329
2026-05-22,20,vs_sma50,5,0.025029800900318477,0.041341444742275545
2026-05-22,20,vs_sma20,1,-0.03967007287873214,0.19868299973155287
2026-05-22,20,vs_sma20,2,-0.03625883130608215,-0.020185321224183744
2026-05-22,20,vs_sma20,3,-0.005792189964865524,0.0025625234964308206
2026-05-22,20,vs_sma20,4,0.0017241362300696172,0.02351500513971418
2026-05-22,20,vs_sma20,5,-0.00533656300020624,-0.003973375914284372
2026-05-22,20,rule5,1,-0.04528306402231386,0.16446212269604155
2026-05-22,20,rule5,2,-0.0297770569710189,-0.012032983214223
2026-05-22,20,rule5,3,-0.027953667067880827,-0.01288720807633001
2026-05-22,20,rule5,4,0.007710585349607113,0.019459788843272357
2026-05-22,20,rule5,5,-0.0026525805515809076,0.0024169088758120095
2026-05-22,20,rule5_mom20,1,-0.03187247968526463,0.16473418176532587
2026-05-22,20,rule5_mom20,2,-0.03167880380942978,-0.005266924535821463
2026-05-22,20,rule5_mom20,3,-0.027186800357596796,-0.01810354096702957
2026-05-22,20,rule5_mom20,4,0.008740683464737442,0.022474857592803266
2026-05-22,20,rule5_mom20,5,-0.005798978732817539,-0.0023926106316798407
2026-05-29,5,mom20,1,-0.07065517366647411,-0.05552794546715926
2026-05-29,5,mom20,2,-0.06511621889561559,-0.0660372369734064
2026-05-29,5,mom20,3,-0.03900572783440648,-0.04831123674073181
2026-05-29,5,mom20,4,-0.045614074224860746,-0.055696247048207234
2026-05-29,5,mom20,5,-0.08186065260063835,-0.07903369253625268
2026-05-29,5,vol_ratio,1,-0.08467740031198301,-0.08167678126444539
2026-05-29,5,vol_ratio,2,-0.0717418831470511,-0.06415408301581932
2026-05-29,5,vol_ratio,3,-0.04386716121642015,-0.05606428153137712
2026-05-29,5,vol_ratio,4,-0.03992021496313025,-0.0466195874676772
2026-05-29,5,vol_ratio,5,-0.05401881326715047,-0.05602397231644997
2026-05-29,5,squeeze,1,-0.08830585699901145,-0.06946461999000131
2026-05-29,5,squeeze,2,-0.0649926231107969,-0.05747898741387817
2026-05-29,5,squeeze,3,-0.07506453672230512,-0.07841527015486088
2026-05-29,5,squeeze,4,-0.06233062750864482,-0.07546699095960692
2026-05-29,5,squeeze,5,-0.019541794280746705,-0.02384970317550806
2026-05-29,5,composite,1,-0.07304250490025926,-0.06191827648123059
2026-05-29,5,composite,2,-0.07947020233527058,-0.07390004066475216
2026-05-29,5,composite,3,-0.05844913554640874,-0.06560486576103489
2026-05-29,5,composite,4,-0.04791341820882322,-0.06403048348537903
2026-05-29,5,composite,5,-0.031611766893970605,-0.03925267410254906
2026-05-29,5,mom5,1,-0.04430909413262579,-0.06002991359695695
2026-05-29,5,mom5,2,-0.053921576648068514,-0.06066998465376767
2026-05-29,5,mom5,3,-0.03859836320856502,-0.04290661843205274
2026-05-29,5,mom5,4,-0.0746888379687487,-0.06701259793882727
2026-05-29,5,mom5,5,-0.08293406288652072,-0.0740239669748378
2026-05-29,5,mom60_skip5,1,-0.0848614693467537,-0.06705659338371511
2026-05-29,5,mom60_skip5,2,-0.06847844736391673,-0.07436409871979194
2026-05-29,5,mom60_skip5,3,-0.03804606039938546,-0.0495510694450907
2026-05-29,5,mom60_skip5,4,-0.03781374809893945,-0.05503299366162048
2026-05-29,5,mom60_skip5,5,-0.06124829580773905,-0.05689712470141878
2026-05-29,5,mom60_riskadj,1,-0.06831347843273988,-0.05637945591237794
2026-05-29,5,mom60_riskadj,2,-0.0649926231107969,-0.07633080980887386
2026-05-29,5,mom60_riskadj,3,-0.05563758808928809,-0.05915510115022164
2026-05-29,5,mom60_riskadj,4,-0.05740739579717502,-0.06535228008359477
2026-05-29,5,mom60_riskadj,5,-0.040152792374594015,-0.04576102044101291
2026-05-29,5,vol_5_50,1,-0.06988313502254295,-0.06425944954865372
2026-05-29,5,vol_5_50,2,-0.05726063010746324,-0.058336630678108216
2026-05-29,5,vol_5_50,3,-0.044671334132545315,-0.05458410170364202
2026-05-29,5,vol_5_50,4,-0.043836409342739746,-0.055481843862603485
2026-05-29,5,vol_5_50,5,-0.07707567860013642,-0.07130100414359244
2026-05-29,5,squeeze_own,1,-0.05326455737224112,-0.051331096412787075
2026-05-29,5,squeeze_own,2,-0.061021144136060745,-0.06519857279893804
2026-05-29,5,squeeze_own,3,-0.05711279573487116,-0.05289929507437686
2026-05-29,5,squeeze_own,4,-0.07270229571256015,-0.08431204104003816
2026-05-29,5,squeeze_own,5,-0.03535358457405113,-0.04879253133257091
2026-05-29,5,low_vol,1,-0.09635830557177144,-0.06932020703947543
2026-05-29,5,low_vol,2,-0.07246378564303779,-0.07224094357685917
2026-05-29,5,low_vol,3,-0.0714285714285714,-0.07227961429199721
2026-05-29,5,low_vol,4,-0.06693946417607777,-0.06864126276110782
2026-05-29,5,low_vol,5,-0.020241142431222325,-0.02153467417099627
2026-05-29,5,near_high,1,-0.09831023080339157,-0.07597051037648866
2026-05-29,5,near_high,2,-0.0740740599975277,-0.0684473595363891
2026-05-29,5,near_high,3,-0.06106565716420714,-0.07114133418437837
2026-05-29,5,near_high,4,-0.04791341820882322,-0.054345472286927154
2026-05-29,5,near_high,5,-0.021468401867142328,-0.03295592689896561
2026-05-29,5,vs_sma50,1,-0.0782835947734945,-0.07015830892232362
2026-05-29,5,vs_sma50,2,-0.052731098605752424,-0.06199590813213059
2026-05-29,5,vs_sma50,3,-0.039325805824673155,-0.05404555653412173
2026-05-29,5,vs_sma50,4,-0.04856276596014503,-0.045872414271369025
2026-05-29,5,vs_sma50,5,-0.07271478619031796,-0.0718874761693454
2026-05-29,5,vs_sma20,1,-0.07065517366647411,-0.05624120060478937
2026-05-29,5,vs_sma20,2,-0.05454550971669481,-0.06171448701081647
2026-05-29,5,vs_sma20,3,-0.04672031244537944,-0.05552044103086222
2026-05-29,5,vs_sma20,4,-0.056818195672567295,-0.06279375750269378
2026-05-29,5,vs_sma20,5,-0.06805707268925659,-0.0683536007677801
2026-05-29,5,rule5,1,-0.08190510393055539,-0.06737567095447719
2026-05-29,5,rule5,2,-0.07325587945734602,-0.0745929267821345
2026-05-29,5,rule5,3,-0.06725160472272923,-0.07222587666076366
2026-05-29,5,rule5,4,-0.04552720668193566,-0.05391636841716781
2026-05-29,5,rule5,5,-0.02186726303935882,-0.034785488364705644
2026-05-29,5,rule5_mom20,1,-0.08467740031198301,-0.07008657084088665
2026-05-29,5,rule5_mom20,2,-0.06805552556926742,-0.06139176345171758
2026-05-29,5,rule5_mom20,3,-0.07506453672230512,-0.07690348090342247
2026-05-29,5,rule5_mom20,4,-0.03740874507163128,-0.05301993718385982
2026-05-29,5,rule5_mom20,5,-0.027948676319433874,-0.041406468833339
2026-05-29,10,mom20,1,-0.03762641216677165,0.15196453252500924
2026-05-29,10,mom20,2,-0.04511282710736697,-0.0444193427549455
2026-05-29,10,mom20,3,-0.01835241051858766,-0.02681394276589255
2026-05-29,10,mom20,4,-0.024793429683335422,-0.014684258963329033
2026-05-29,10,mom20,5,-0.053512570542219196,-0.05182157695332392
2026-05-29,10,vol_ratio,1,-0.06691142993076316,0.13425726605905666
2026-05-29,10,vol_ratio,2,-0.032504752199720266,-0.036194187080049685
2026-05-29,10,vol_ratio,3,-0.026936594804149006,-0.028426460562970848
2026-05-29,10,vol_ratio,4,-0.027247994815338017,-0.025403183193663657
2026-05-29,10,vol_ratio,5,-0.023591630161593047,-0.030023417767912543
2026-05-29,10,squeeze,1,-0.0710799462624237,0.1405278829134158
2026-05-29,10,squeeze,2,-0.04571431023733952,-0.03494533007642858
2026-05-29,10,squeeze,3,-0.05506594413276167,-0.05321225216958494
2026-05-29,10,squeeze,4,-0.04325259358568245,-0.04823193812788911
2026-05-29,10,squeeze,5,0.007788398685338316,0.009938445668461578
2026-05-29,10,composite,1,-0.045413568672353244,0.15065236847031913
2026-05-29,10,composite,2,-0.0733945325371903,-0.05372929680258264
2026-05-29,10,composite,3,-0.02789626922669597,-0.03495002756155175
2026-05-29,10,composite,4,-0.026751605139401002,-0.041561125724010266
2026-05-29,10,composite,5,-0.007745873777984691,-0.006409882731744635
2026-05-29,10,mom5,1,-0.008033999861300989,0.15551854568648124
2026-05-29,10,mom5,2,-0.026751605139401002,-0.029835221877661112
2026-05-29,10,mom5,3,-0.020183102984426438,-0.02194510474552666
2026-05-29,10,mom5,4,-0.04571431023733952,-0.04186739368953843
2026-05-29,10,mom5,5,-0.06423003928346749,-0.047723185976662294
2026-05-29,10,mom60_skip5,1,-0.06900564874519599,0.1390816362663471
2026-05-29,10,mom60_skip5,2,-0.05526774225939857,-0.04707424420765013
2026-05-29,10,mom60_skip5,3,-0.022933400027134232,-0.027065126471052775
2026-05-29,10,mom60_skip5,4,-0.008486541725883479,-0.024848732127555232
2026-05-29,10,mom60_skip5,5,-0.022495127702898243,-0.022356633896286955
2026-05-29,10,mom60_riskadj,1,-0.039169308176261075,0.15815544959205288
2026-05-29,10,mom60_riskadj,2,-0.04992872611154753,-0.057620133825173156
2026-05-29,10,mom60_riskadj,3,-0.0450102804766761,-0.037318975055153206
2026-05-29,10,mom60_riskadj,4,-0.02725721474130327,-0.03630320452167989
2026-05-29,10,mom60_riskadj,5,0.007645723524962289,-0.009313738888817409
2026-05-29,10,vol_5_50,1,-0.06274606471669053,0.14356931219584546
2026-05-29,10,vol_5_50,2,-0.03391503016365466,-0.03220502589826697
2026-05-29,10,vol_5_50,3,-0.01071427567880967,-0.015997360949771694
2026-05-29,10,vol_5_50,4,-0.012361510372661755,-0.024049881335559877
2026-05-29,10,vol_5_50,5,-0.056038773468055914,-0.05503075058700742
2026-05-29,10,squeeze_own,1,-0.027217787871685384,-0.022681661113670773
2026-05-29,10,squeeze_own,2,-0.034883741561368864,-0.047311528515767434
2026-05-29,10,squeeze_own,3,-0.02894289946325751,-0.02979522111223696
2026-05-29,10,squeeze_own,4,-0.060413373091495304,-0.052909813475085096
2026-05-29,10,squeeze_own,5,-0.01908962965167138,0.16977070795450594
2026-05-29,10,low_vol,1,-0.08118683956427664,0.13497203485591022
2026-05-29,10,low_vol,2,-0.040748203037449415,-0.04433823408683964
2026-05-29,10,low_vol,3,-0.04999995364083065,-0.03877233856256006
2026-05-29,10,low_vol,4,-0.04050075064983982,-0.04168813705371668
2026-05-29,10,low_vol,5,0.002040798187785242,0.004501223168327127
2026-05-29,10,near_high,1,-0.09075072697139969,0.1326959896587327
2026-05-29,10,near_high,2,-0.05714287076677593,-0.04727313649639431
2026-05-29,10,near_high,3,-0.04395905677293116,-0.04841975296778106
2026-05-29,10,near_high,4,-0.019152612543948067,-0.018667676400595107
2026-05-29,10,near_high,5,0.008268390291962247,-0.0005611357086713675
2026-05-29,10,vs_sma50,1,-0.0710799462624237,0.13609275721511938
2026-05-29,10,vs_sma50,2,-0.03142479980908741,-0.03576309289130413
2026-05-29,10,vs_sma50,3,-0.021739174096029212,-0.025865238207294267
2026-05-29,10,vs_sma50,4,-0.02603373736339032,-0.022131980931431924
2026-05-29,10,vs_sma50,5,-0.033846081515539195,-0.036107825992709064
2026-05-29,10,vs_sma20,1,-0.043339667722729014,0.15229375717292742
2026-05-29,10,vs_sma20,2,-0.028014677891388562,-0.027841633295983666
2026-05-29,10,vs_sma20,3,-0.025395015893163453,-0.03662836201311266
2026-05-29,10,vs_sma20,4,-0.03978782390618674,-0.03610715601076621
2026-05-29,10,vs_sma20,5,-0.040401539446238144,-0.03752110333090762
2026-05-29,10,rule5,1,-0.07480406087138974,0.14399991957943217
2026-05-29,10,rule5,2,-0.057947004444217076,-0.047441195887607736
2026-05-29,10,rule5,3,-0.04258422912481852,-0.05457648491580651
2026-05-29,10,rule5,4,-0.015584390598876618,-0.020151901488790553
2026-05-29,10,rule5,5,0.004150286628227362,-0.0040663759799328125
2026-05-29,10,rule5_mom20,1,-0.07480406345839691,0.13981886026249665
2026-05-29,10,rule5_mom20,2,-0.05056179132010408,-0.037073259943172766
2026-05-29,10,rule5_mom20,3,-0.0582692137191258,-0.055340933332635935
2026-05-29,10,rule5_mom20,4,-0.0120482384544226,-0.021336419627765956
2026-05-29,10,rule5_mom20,5,-0.0007715868301680917,-0.008246889690343349
2026-05-29,20,mom20,1,-0.03693978346451049,0.18051915830501378
2026-05-29,20,mom20,2,-0.04806200805374283,-0.034028128049533014
2026-05-29,20,mom20,3,0.02032076234679636,0.01000896677481711
2026-05-29,20,mom20,4,0.026315764707210976,0.0353871346879866
2026-05-29,20,mom20,5,-0.007566343482187099,-0.02231945073967687
2026-05-29,20,vol_ratio,1,-0.058330859777382615,0.165615606921644
2026-05-29,20,vol_ratio,2,-0.021739127326529273,-0.023172335504665305
2026-05-29,20,vol_ratio,3,-0.019682016167577643,-0.002081905116832954
2026-05-29,20,vol_ratio,4,-0.016123602893178823,0.007653285293058308
2026-05-29,20,vol_ratio,5,0.03194990779889795,0.021448843849292066
2026-05-29,20,squeeze,1,-0.031545020715638195,0.15974554575888472
2026-05-29,20,squeeze,2,-0.04301074199589461,0.005686386642573962
2026-05-29,20,squeeze,3,-0.022855894114019448,-0.020875783116125604
2026-05-29,20,squeeze,4,-0.026204786502774136,-0.02030067353185249
2026-05-29,20,squeeze,5,0.03768995723160684,0.045213604647795336
2026-05-29,20,composite,1,-0.028455354158000712,0.1889273864523939
2026-05-29,20,composite,2,-0.0578230490763848,-0.04751835026416298
2026-05-29,20,composite,3,-0.020294036025005957,-0.0017831242654218643
2026-05-29,20,composite,4,-0.018735345512797985,-0.01865674238304442
2026-05-29,20,composite,5,0.049575026272014155,0.048181634282758644
2026-05-29,20,mom5,1,-0.058330859777382615,0.13420656338469808
2026-05-29,20,mom5,2,0.021052674507501035,0.022940648189475575
2026-05-29,20,mom5,3,0.014379965305026832,0.017107945826462252
2026-05-29,20,mom5,4,-0.022269355656380108,-0.01305568360109052
2026-05-29,20,mom5,5,-0.008067714409067728,0.00842083654912351
2026-05-29,20,mom60_skip5,1,-0.031024546110338447,0.18814434748546138
2026-05-29,20,mom60_skip5,2,-0.04315197417743355,-0.024369250157809646
2026-05-29,20,mom60_skip5,3,-0.0011072355263101463,-0.00930615901931709
2026-05-29,20,mom60_skip5,4,0.01827244748553558,0.025284067757450252
2026-05-29,20,mom60_skip5,5,-0.0015435434879708665,-0.005108774556313314
2026-05-29,20,mom60_riskadj,1,-0.025315731054259882,0.19436695119489758
2026-05-29,20,mom60_riskadj,2,-0.022421500018911966,-0.026881347113697367
2026-05-29,20,mom60_riskadj,3,-0.029563906603777945,-0.01556831985908853
2026-05-29,20,mom60_riskadj,4,0.01827244748553558,0.013111833800613374
2026-05-29,20,mom60_riskadj,5,0.01486551083271248,0.009523336418541977
2026-05-29,20,vol_5_50,1,-0.05531456090275205,0.1557527799557072
2026-05-29,20,vol_5_50,2,-0.019365886998812365,0.010378284943261058
2026-05-29,20,vol_5_50,3,0.02406414811225077,0.03246125409771774
2026-05-29,20,vol_5_50,4,0.01678099551650203,0.013284934320322114
2026-05-29,20,vol_5_50,5,-0.031497986303552994,-0.03900010598435464
2026-05-29,20,squeeze_own,1,0.0048899686929102515,0.02752916479866636
2026-05-29,20,squeeze_own,2,-0.04761908920610103,-0.03078457797855171
2026-05-29,20,squeeze_own,3,-0.030165190868098102,-0.014947793361520087
2026-05-29,20,squeeze_own,4,-0.045891203739799935,-0.024793404991819774
2026-05-29,20,squeeze_own,5,0.037593947896937596,0.21661420588671543
2026-05-29,20,low_vol,1,-0.06546370415892044,0.13312592817298222
2026-05-29,20,low_vol,2,0.009463713144399533,0.012509150947142047
2026-05-29,20,low_vol,3,-0.02910052198109947,-0.005548083253017244
2026-05-29,20,low_vol,4,0.0,0.00384411870456138
2026-05-29,20,low_vol,5,0.025886887169345174,0.022582330151560432
2026-05-29,20,near_high,1,-0.0470569933043688,0.16467063153299538
2026-05-29,20,near_high,2,-0.04761908920610103,-0.022333207984941133
2026-05-29,20,near_high,3,-0.028270755664519087,-0.02354695086063998
2026-05-29,20,near_high,4,0.003521123508970936,0.01523370891918782
2026-05-29,20,near_high,5,0.036409657034564336,0.04056996042371076
2026-05-29,20,vs_sma50,1,-0.04308135808666408,0.1719477823597488
2026-05-29,20,vs_sma50,2,-0.04761906223392626,-0.02711554536338761
2026-05-29,20,vs_sma50,3,0.02392470950428871,0.021109610595800157
2026-05-29,20,vs_sma50,4,0.017660993450058116,0.0002910223607113779
2026-05-29,20,vs_sma50,5,0.01756992172055316,0.006573329607893727
2026-05-29,20,vs_sma20,1,-0.05006581245446878,0.1462409124843902
2026-05-29,20,vs_sma20,2,-0.027440989347938705,0.005177018296805874
2026-05-29,20,vs_sma20,3,0.014379965305026832,-0.0017916753751528122
2026-05-29,20,vs_sma20,4,0.026315764707210976,0.013178568425567609
2026-05-29,20,vs_sma20,5,0.014885343381359606,0.006867774308008601
2026-05-29,20,rule5,1,-0.05288760774313833,0.1712581830282765
2026-05-29,20,rule5,2,-0.04761908920610103,-0.024982583758342725
2026-05-29,20,rule5,3,-0.03383156141714755,-0.017412692177969435
2026-05-29,20,rule5,4,0.019909297113193336,0.009880842049001044
2026-05-29,20,rule5,5,0.03292843947632629,0.03580037887282504
2026-05-29,20,rule5_mom20,1,-0.05782310157650494,0.16179289900089172
2026-05-29,20,rule5_mom20,2,-0.03174600171093711,-0.0055964079408134075
2026-05-29,20,rule5_mom20,3,-0.04835188596405193,-0.025046457545355828
2026-05-29,20,rule5_mom20,4,0.018372748743483935,0.0038160499157755853
2026-05-29,20,rule5_mom20,5,0.036827182060216734,0.03966130323131929
2026-06-05,5,mom20,1,0.02252333223599856,0.017151526836110362
2026-06-05,5,mom20,2,0.020140064859874185,0.024378304018499337
2026-06-05,5,mom20,3,0.03000752909266924,0.03221590182521007
2026-06-05,5,mom20,4,0.021303207901060217,0.024106823633696824
2026-06-05,5,mom20,5,0.019885476098857047,0.023654783646213977
2026-06-05,5,vol_ratio,1,0.018189988684834568,0.026440261433761433
2026-06-05,5,vol_ratio,2,0.02640261416744516,0.029893306252245986
2026-06-05,5,vol_ratio,3,0.0244041325873654,0.026894848751906418
2026-06-05,5,vol_ratio,4,0.012477663664575811,0.02100475868636184
2026-06-05,5,vol_ratio,5,0.02528420604549242,0.017288032291123932
2026-06-05,5,squeeze,1,0.006489213962436624,0.014282543320409534
2026-06-05,5,squeeze,2,0.023483342940062046,0.020827835430997695
2026-06-05,5,squeeze,3,0.024288973379304468,0.02700577772028425
2026-06-05,5,squeeze,4,0.02961673921126806,0.032647549433329814
2026-06-05,5,squeeze,5,0.021394343497815216,0.026772313693859462
2026-06-05,5,composite,1,0.021617563680741636,0.016609459215954577
2026-06-05,5,composite,2,0.01766791239675558,0.02247117404402152
2026-06-05,5,composite,3,0.029125450024683697,0.033795853582165754
2026-06-05,5,composite,4,0.019841282606185118,0.02396954592680819
2026-06-05,5,composite,5,0.022983797594406608,0.024649557721347398
2026-06-05,5,mom5,1,0.014693698848073367,0.02244105646215341
2026-06-05,5,mom5,2,0.01063828775385156,0.00713494094109668
2026-06-05,5,mom5,3,0.017216922085684816,0.021286374708949916
2026-06-05,5,mom5,4,0.031954801217565665,0.03619656606745972
2026-06-05,5,mom5,5,0.031034437349956145,0.03441878327062465
2026-06-05,5,mom60_skip5,1,0.017167366164289044,0.014787203431728886
2026-06-05,5,mom60_skip5,2,0.00937499091960503,0.021960751530053467
2026-06-05,5,mom60_skip5,3,0.022082009437867756,0.0230479075971023
2026-06-05,5,mom60_skip5,4,0.031007815693931073,0.03855056928253789
2026-06-05,5,mom60_skip5,5,0.021352293238907194,0.023150143585941176
2026-06-05,5,mom60_riskadj,1,0.01766791239675558,0.021086235615166503
2026-06-05,5,mom60_riskadj,2,0.0,0.0096380599849525
2026-06-05,5,mom60_riskadj,3,0.025641001008694042,0.03104559027939799
2026-06-05,5,mom60_riskadj,4,0.027639357443879797,0.033400805005011025
2026-06-05,5,mom60_riskadj,5,0.026459080842041738,0.0263258845428357
2026-06-05,5,vol_5_50,1,0.013878914340158643,0.014110902249690298
2026-06-05,5,vol_5_50,2,0.03045690521542066,0.03571039260884279
2026-06-05,5,vol_5_50,3,0.020762281956281936,0.03121067340641851
2026-06-05,5,vol_5_50,4,0.021485479094570215,0.020365654270559405
2026-06-05,5,vol_5_50,5,0.020208109026648713,0.01933062933667749
2026-06-05,5,squeeze_own,1,0.01960782480441492,0.02230149873449913
2026-06-05,5,squeeze_own,2,0.023290952362438166,0.016967957410873587
2026-06-05,5,squeeze_own,3,0.019204452124968796,0.026226324821497716
2026-06-05,5,squeeze_own,4,0.02867663100522655,0.03163641089045518
2026-06-05,5,squeeze_own,5,0.021303207901060217,0.024816170437078094
2026-06-05,5,low_vol,1,0.012887387079683621,0.013489091416834501
2026-06-05,5,low_vol,2,0.020618536429497514,0.024414782449776518
2026-06-05,5,low_vol,3,0.005875462913052409,0.014967548503122034
2026-06-05,5,low_vol,4,0.03252029368516429,0.04236830311570514
2026-06-05,5,low_vol,5,0.022471996799083183,0.026588372259251845
2026-06-05,5,near_high,1,0.01063828775385156,0.01554741410327521
2026-06-05,5,near_high,2,0.011627894028811259,0.018462211484003274
2026-06-05,5,near_high,3,0.0236919810865579,0.030074399861870355
2026-06-05,5,near_high,4,0.020618536429497514,0.02045142645776798
2026-06-05,5,near_high,5,0.027639357443879797,0.0369611235204469
2026-06-05,5,vs_sma50,1,0.007865415007625387,0.01235008214320873
2026-06-05,5,vs_sma50,2,0.024096434859411042,0.02804235706606629
2026-06-05,5,vs_sma50,3,0.023284215829247112,0.027986894259306946
2026-06-05,5,vs_sma50,4,0.020284053742741337,0.02689103471170164
2026-06-05,5,vs_sma50,5,0.030737364498867104,0.02545124034829073
2026-06-05,5,vs_sma20,1,0.019512679856048987,0.020228777132890854
2026-06-05,5,vs_sma20,2,0.023381315787555312,0.023085333363630965
2026-06-05,5,vs_sma20,3,0.021512049534227695,0.03027569074833392
2026-06-05,5,vs_sma20,4,0.018567621643752474,0.02064992813129083
2026-06-05,5,vs_sma20,5,0.02943342158310691,0.027240312502220344
2026-06-05,5,rule5,1,0.007633671839197387,0.013423303631097958
2026-06-05,5,rule5,2,0.016427089442707654,0.024855894786451005
2026-06-05,5,rule5,3,0.020140064859874185,0.022354731400228138
2026-06-05,5,rule5,4,0.030978935496161153,0.03240824404361814
2026-06-05,5,rule5,5,0.02426841120537948,0.028454401565968464
2026-06-05,5,rule5_mom20,1,0.007858538438882068,0.011719595676532074
2026-06-05,5,rule5_mom20,2,0.00937499091960503,0.0222317181750721
2026-06-05,5,rule5_mom20,3,0.029515937676315662,0.03105137389520345
2026-06-05,5,rule5_mom20,4,0.022865868395705258,0.027164956169176982
2026-06-05,5,rule5_mom20,5,0.02487559828533148,0.02932893151137912
2026-06-05,10,mom20,1,0.015595223184446949,0.015765281688153145
2026-06-05,10,mom20,2,0.009823126208018618,0.02651674619148935
2026-06-05,10,mom20,3,0.018342224600906065,0.03297965810161068
2026-06-05,10,mom20,4,-0.0028490001397227793,0.015980421885341718
2026-06-05,10,mom20,5,0.01610792069405942,0.04149434228168297
2026-06-05,10,vol_ratio,1,0.0026800399737791913,0.018126270402342923
2026-06-05,10,vol_ratio,2,0.009823126208018618,0.02985023044393697
2026-06-05,10,vol_ratio,3,0.008683087903716857,0.03185260670027427
2026-06-05,10,vol_ratio,4,0.012929315897943772,0.024574091768791034
2026-06-05,10,vol_ratio,5,0.014229131800547634,0.028401797695782636
2026-06-05,10,squeeze,1,0.026749613119602333,0.02556678203085916
2026-06-05,10,squeeze,2,0.0,0.020997660714770584
2026-06-05,10,squeeze,3,0.019273380256026984,0.04028705432351751
2026-06-05,10,squeeze,4,0.011111167036458314,0.031159378521608362
2026-06-05,10,squeeze,5,0.004585118374315078,0.014781091058439187
2026-06-05,10,composite,1,0.021184915275472616,0.01914226807201814
2026-06-05,10,composite,2,0.0,0.025507146711876313
2026-06-05,10,composite,3,0.023968654669724643,0.035089820710421674
2026-06-05,10,composite,4,-0.0040241412013706235,0.021713233731797496
2026-06-05,10,composite,5,0.012667671659953972,0.03131112582082425
2026-06-05,10,mom5,1,0.026749613119602333,0.03557525055665602
2026-06-05,10,mom5,2,-0.01807227228493835,0.0008204889263030096
2026-06-05,10,mom5,3,0.016888051728246367,0.029257671151032814
2026-06-05,10,mom5,4,0.011111167036458314,0.04331276421531268
2026-06-05,10,mom5,5,0.009549723343199146,0.023779678086701974
2026-06-05,10,mom60_skip5,1,0.007999992370605558,0.017886137145704504
2026-06-05,10,mom60_skip5,2,0.0,0.009172041531103264
2026-06-05,10,mom60_skip5,3,-0.002205014152249385,0.019279861125820166
2026-06-05,10,mom60_skip5,4,0.01834234616327013,0.0375206061033312
2026-06-05,10,mom60_skip5,5,0.029411722707015198,0.04642086024692617
2026-06-05,10,mom60_riskadj,1,0.006600653833452208,0.016529781172685002
2026-06-05,10,mom60_riskadj,2,-0.004097895634314064,0.0037555134983822415
2026-06-05,10,mom60_riskadj,3,0.007682432384596538,0.03566900193283691
2026-06-05,10,mom60_riskadj,4,0.002732237767417267,0.021059422682456606
2026-06-05,10,mom60_riskadj,5,0.02818883978559339,0.053265786866524535
2026-06-05,10,vol_5_50,1,-0.0017985594543473704,0.011598154750979061
2026-06-05,10,vol_5_50,2,0.011673171484123834,0.03338461441758665
2026-06-05,10,vol_5_50,3,0.009637685725446099,0.027628497517379568
2026-06-05,10,vol_5_50,4,0.004705890230374266,0.028298695028106505
2026-06-05,10,vol_5_50,5,0.022076075902145886,0.03192768004352982
2026-06-05,10,squeeze_own,1,0.021352293238907194,0.02775113208566821
2026-06-05,10,squeeze_own,2,-0.0035655589490788397,0.004094770165332616
2026-06-05,10,squeeze_own,3,0.012659167931404425,0.03292931998111365
2026-06-05,10,squeeze_own,4,0.028055662919686974,0.043041441491550696
2026-06-05,10,squeeze_own,5,-0.004454309815228763,0.02106796611455945
2026-06-05,10,low_vol,1,0.020132120505556572,0.031108466537673518
2026-06-05,10,low_vol,2,0.011673171484123834,0.029325427872688353
2026-06-05,10,low_vol,3,0.002358544674920804,0.023966253910587813
2026-06-05,10,low_vol,4,0.022727250560256484,0.038884407726690585
2026-06-05,10,low_vol,5,0.0024510365364791564,0.008415492741126086
2026-06-05,10,near_high,1,0.02168019579010938,0.020673990896945094
2026-06-05,10,near_high,2,0.012406876251771504,0.027399347316354013
2026-06-05,10,near_high,3,0.016865828005133032,0.04117758848790139
2026-06-05,10,near_high,4,-0.0017582820012018718,0.016626013202525568
2026-06-05,10,near_high,5,0.005077564155626657,0.024402566249159235
2026-06-05,10,vs_sma50,1,0.012730316118994,0.020654252691782272
2026-06-05,10,vs_sma50,2,0.0060120341337677186,0.025780462597153532
2026-06-05,10,vs_sma50,3,0.004761564720705658,0.021763102252255008
2026-06-05,10,vs_sma50,4,0.003683249592131732,0.01962635449122876
2026-06-05,10,vs_sma50,5,0.02399954828420714,0.0449188389556428
2026-06-05,10,vs_sma20,1,0.024165711878620155,0.03219988491993335
2026-06-05,10,vs_sma20,2,0.02068963476083585,0.028244231366914993
2026-06-05,10,vs_sma20,3,0.007329557080727911,0.025383279216709
2026-06-05,10,vs_sma20,4,0.0,0.024213080251736335
2026-06-05,10,vs_sma20,5,0.009890849391260281,0.022753216597247515
2026-06-05,10,rule5,1,0.003984059960657982,0.014093714532646589
2026-06-05,10,rule5,2,0.017857125751218117,0.029206307888576404
2026-06-05,10,rule5,3,0.013645164378685015,0.03415273768537186
2026-06-05,10,rule5,4,0.018912511429155288,0.036761972228526965
2026-06-05,10,rule5,5,0.004464346518255891,0.016064773817763483
2026-06-05,10,rule5_mom20,1,0.0064102920355300075,0.010083341279369893
2026-06-05,10,rule5_mom20,2,0.006600653833452208,0.03174076922099971
2026-06-05,10,rule5_mom20,3,0.03508768627628123,0.03797016115926265
2026-06-05,10,rule5_mom20,4,0.005381241239085677,0.03375149029440636
2026-06-05,10,rule5_mom20,5,0.004705890230374266,0.016733744198846698
2026-06-05,20,mom20,1,0.03638740958686759,0.055851762023685254
2026-06-05,20,mom20,2,0.041493734884287425,0.053323611462720195
2026-06-05,20,mom20,3,0.04092483575714123,0.07604166824691914
2026-06-05,20,mom20,4,0.04221899685707475,0.055560441904994574
2026-06-05,20,mom20,5,0.04049773051503325,0.03917903812360562
2026-06-05,20,vol_ratio,1,0.02952550235978768,0.023729359607208445
2026-06-05,20,vol_ratio,2,0.058823567910728514,0.08280301208221631
2026-06-05,20,vol_ratio,3,0.05338118056565333,0.09206505012899213
2026-06-05,20,vol_ratio,4,0.04991082465372143,0.059224072677334164
2026-06-05,20,vol_ratio,5,0.0003051642630548246,0.022325504458080816
2026-06-05,20,squeeze,1,-0.025605449156172078,-0.0032504820414595028
2026-06-05,20,squeeze,2,0.03678507595298952,0.05473520802982097
2026-06-05,20,squeeze,3,0.07083841886558617,0.08095961459324888
2026-06-05,20,squeeze,4,0.05544421569143965,0.08085211341617651
2026-06-05,20,squeeze,5,0.0470097339311486,0.06681353482205907
2026-06-05,20,composite,1,0.043340782127436084,0.05468741566391095
2026-06-05,20,composite,2,0.02628910679290919,0.051192982743505935
2026-06-05,20,composite,3,0.05820298581517935,0.06166598215887998
2026-06-05,20,composite,4,0.019596958091067096,0.04983124552393078
2026-06-05,20,composite,5,0.047283738024732735,0.06253372426307484
2026-06-05,20,mom5,1,-0.029354947643123186,0.016685580893719926
2026-06-05,20,mom5,2,0.026143844320456466,0.043399706921787476
2026-06-05,20,mom5,3,0.05713389180108408,0.06273673157848922
2026-06-05,20,mom5,4,0.06100481457250928,0.09530405783306911
2026-06-05,20,mom5,5,0.04938230935173271,0.06200182218650929
2026-06-05,20,mom60_skip5,1,0.061349708057911734,0.06834276083787554
2026-06-05,20,mom60_skip5,2,0.04232806535494826,0.06574688876335852
2026-06-05,20,mom60_skip5,3,0.02628910679290919,0.043008296843176384
2026-06-05,20,mom60_skip5,4,0.0574712405683071,0.08547308633154091
2026-06-05,20,mom60_skip5,5,0.0034985481536753404,0.025945561865481685
2026-06-05,20,mom60_riskadj,1,0.061349708057911734,0.07010125021044208
2026-06-05,20,mom60_riskadj,2,0.0380953170274696,0.06109915725078638
2026-06-05,20,mom60_riskadj,3,0.04232806535494826,0.05234061126174706
2026-06-05,20,mom60_riskadj,4,0.03598974322074566,0.05481307225658869
2026-06-05,20,mom60_riskadj,5,0.030921861465502687,0.05016250366186881
2026-06-05,20,vol_5_50,1,0.006895996317995201,0.009365813847959191
2026-06-05,20,vol_5_50,2,0.04721758946454324,0.08228717133789115
2026-06-05,20,vol_5_50,3,0.04954474456204849,0.07142242903453161
2026-06-05,20,vol_5_50,4,0.062287420241282865,0.08388918221250409
2026-06-05,20,vol_5_50,5,0.014813586950811697,0.03935719014919213
2026-06-05,20,squeeze_own,1,0.03260866396255957,0.05870871179576515
2026-06-05,20,squeeze_own,2,0.014815927358620695,0.04733848470564759
2026-06-05,20,squeeze_own,3,0.038739440454148455,0.06336933267076139
2026-06-05,20,squeeze_own,4,0.0560167048187038,0.06721940296336058
2026-06-05,20,squeeze_own,5,0.04040400148252998,0.05363720500327129
2026-06-05,20,low_vol,1,-0.04006884799138344,-0.0255890929152218
2026-06-05,20,low_vol,2,0.024311198300264847,0.06749829530769495
2026-06-05,20,low_vol,3,0.06930698328024776,0.06339225767378102
2026-06-05,20,low_vol,4,0.113438061641147,0.13196284357414811
2026-06-05,20,low_vol,5,0.031627921170966466,0.04413560299434468
2026-06-05,20,near_high,1,0.021000003814697354,0.03169733381267231
2026-06-05,20,near_high,2,0.03249480302476715,0.053344493389988056
2026-06-05,20,near_high,3,0.01739128812274293,0.05349285546067151
2026-06-05,20,near_high,4,0.04991082465372143,0.07652376810237795
2026-06-05,20,near_high,5,0.052311271114420244,0.0734581438757232
2026-06-05,20,vs_sma50,1,0.03996026358439364,0.05263784257266234
2026-06-05,20,vs_sma50,2,0.0412573224139583,0.067473134295449
2026-06-05,20,vs_sma50,3,0.01847595581141992,0.04880618927781748
2026-06-05,20,vs_sma50,4,0.04600517441668628,0.05274310648246948
2026-06-05,20,vs_sma50,5,0.05450059304979549,0.0643943039957004
2026-06-05,20,vs_sma20,1,-0.006139804709231311,0.019563449538816776
2026-06-05,20,vs_sma20,2,0.01587300085546861,0.05520746553173363
2026-06-05,20,vs_sma20,3,0.03212043390470143,0.05665074534501243
2026-06-05,20,vs_sma20,4,0.04797447327736859,0.06271022232303705
2026-06-05,20,vs_sma20,5,0.08116517760539443,0.08587655646290568
2026-06-05,20,rule5,1,-0.0029586873662635904,0.017477319450184915
2026-06-05,20,rule5,2,0.038917093910619815,0.06184371809601995
2026-06-05,20,rule5,3,0.028906240628566726,0.044210225869885385
2026-06-05,20,rule5,4,0.07266722868614628,0.09436842326923713
2026-06-05,20,rule5,5,0.04600517441668628,0.07061690795610566
2026-06-05,20,rule5_mom20,1,0.0,0.018807425533479496
2026-06-05,20,rule5_mom20,2,0.04040400148252998,0.07441966710975727
2026-06-05,20,rule5_mom20,3,0.041493734884287425,0.05027925269455723
2026-06-05,20,rule5_mom20,4,0.05624040998886448,0.07781323596693142
2026-06-05,20,rule5_mom20,5,0.04600517441668628,0.06719701333670762
2026-06-12,5,mom20,1,0.0009991746183574124,3.1596980250922216e-05
2026-06-12,5,mom20,2,-0.011594191681209676,-0.00028360900382052066
2026-06-12,5,mom20,3,-0.006418133768854806,0.00708119160919765
2026-06-12,5,mom20,4,-0.016194316352106997,0.002926456712259801
2026-06-12,5,mom20,5,-0.004843320414889107,0.008987927055253059
2026-06-12,5,vol_ratio,1,0.0010046795833216215,0.014133848750660762
2026-06-12,5,vol_ratio,2,-0.011194018896451219,0.00579572433399546
2026-06-12,5,vol_ratio,3,-0.006542309675486024,-0.006236800198723324
2026-06-12,5,vol_ratio,4,-0.011811012535560939,0.006781833305016244
2026-06-12,5,vol_ratio,5,-0.010273159294296175,-0.0016739468037244832
2026-06-12,5,squeeze,1,0.008511666870761214,0.020553187116808275
2026-06-12,5,squeeze,2,-0.00646682003947241,-0.009369263932382629
2026-06-12,5,squeeze,3,-0.001168250980329244,0.011014579539188583
2026-06-12,5,squeeze,4,-0.005452583458981919,0.009162810971490616
2026-06-12,5,squeeze,5,-0.017815252199308684,-0.012634125633166982
2026-06-12,5,composite,1,-0.004358875309993571,0.0006514148879912613
2026-06-12,5,composite,2,0.009900980750178201,0.021400719692566038
2026-06-12,5,composite,3,-0.013356308149228668,-0.0003033795521503933
2026-06-12,5,composite,4,-0.007185670388588861,0.0006065550756962277
2026-06-12,5,composite,5,-0.016827271086195306,-0.003500456940273585
2026-06-12,5,mom5,1,-0.010499976441260606,-0.0013964467516702063
2026-06-12,5,mom5,2,-0.013956283290352367,-0.00024353940054272654
2026-06-12,5,mom5,3,-0.012167079743360343,0.005072051832967355
2026-06-12,5,mom5,4,-0.006065195318507355,0.0029934835040853463
2026-06-12,5,mom5,5,0.004001692426624737,0.012318629664824726
2026-06-12,5,mom60_skip5,1,-0.011494241848790776,-0.0027771404103727345
2026-06-12,5,mom60_skip5,2,-0.012157011821453678,-0.007193158073725403
2026-06-12,5,mom60_skip5,3,-0.018120406828306457,-0.0038519049929601006
2026-06-12,5,mom60_skip5,4,-0.007272762070631877,0.005797117850714187
2026-06-12,5,mom60_skip5,5,0.009153309588224356,0.026102747854815044
2026-06-12,5,mom60_riskadj,1,-0.011594191681209676,-0.007582122635568093
2026-06-12,5,mom60_riskadj,2,-0.011964188708767365,-0.0014640179494933739
2026-06-12,5,mom60_riskadj,3,-0.011614475954118464,0.003976985462956472
2026-06-12,5,mom60_riskadj,4,-0.02088775206002358,-0.0027052040915760264
2026-06-12,5,mom60_riskadj,5,0.0025840385471720406,0.025897804427274337
2026-06-12,5,vol_5_50,1,0.013290385429228446,0.02565956626589674
2026-06-12,5,vol_5_50,2,-0.017543912239656678,-0.012831201478751003
2026-06-12,5,vol_5_50,3,-0.01889534564878459,-0.003072930327501081
2026-06-12,5,vol_5_50,4,-0.00687909226229011,0.003403032620212994
2026-06-12,5,vol_5_50,5,0.0,0.005546447430572056
2026-06-12,5,squeeze_own,1,-0.004358875309993571,-0.0022237365969745427
2026-06-12,5,squeeze_own,2,-0.0121760321376434,0.004243918126261163
2026-06-12,5,squeeze_own,3,-0.011811012535560939,-0.004118459154813564
2026-06-12,5,squeeze_own,4,0.003266391870089924,0.018095399754127658
2026-06-12,5,squeeze_own,5,-0.014020388663117944,-0.002427835878478663
2026-06-12,5,low_vol,1,0.0033723108696654958,0.017755325425857702
2026-06-12,5,low_vol,2,-0.004901956201103785,0.016197257771034194
2026-06-12,5,low_vol,3,-0.002670126449943744,0.0009498041858154178
2026-06-12,5,low_vol,4,-0.005452583458981919,0.00016057464730454847
2026-06-12,5,low_vol,5,-0.017903958863669855,-0.01624057692566463
2026-06-12,5,near_high,1,0.0,0.012646854302805495
2026-06-12,5,near_high,2,0.0,0.006571273057660052
2026-06-12,5,near_high,3,-0.010822896421424144,0.007337038749466219
2026-06-12,5,near_high,4,-0.012179238339848353,0.001230019361550815
2026-06-12,5,near_high,5,-0.01677149867524197,-0.009642090823465234
2026-06-12,5,vs_sma50,1,0.0007462382768045339,0.003952428930495537
2026-06-12,5,vs_sma50,2,-0.014925359325276832,-0.006446677774712168
2026-06-12,5,vs_sma50,3,-0.017543912239656678,-0.00629463293572976
2026-06-12,5,vs_sma50,4,-0.016194316352106997,-0.007545518752830189
2026-06-12,5,vs_sma50,5,0.012201499266463411,0.03516625736680512
2026-06-12,5,vs_sma20,1,0.0,0.012483763275263396
2026-06-12,5,vs_sma20,2,0.0,0.008824391384548835
2026-06-12,5,vs_sma20,3,-0.01536569993455561,-0.004410983646449582
2026-06-12,5,vs_sma20,4,-0.00687909226229011,0.0026216734957496958
2026-06-12,5,vs_sma20,5,-0.014177382509742653,-0.0007246879538343146
2026-06-12,5,rule5,1,0.002506263268008846,0.015066681095743995
2026-06-12,5,rule5,2,0.001949269360935979,0.010993522499861044
2026-06-12,5,rule5,3,-0.017621505239699797,0.001801006276124856
2026-06-12,5,rule5,4,-0.007874008357040663,-0.0036805965592065313
2026-06-12,5,rule5,5,-0.01486987397850048,-0.006069893123414443
2026-06-12,5,rule5_mom20,1,-0.0045248824844553726,0.0068944890570893595
2026-06-12,5,rule5_mom20,2,0.007633671839197387,0.020087362892970927
2026-06-12,5,rule5_mom20,3,-0.01963942080001657,-0.002782191417853423
2026-06-12,5,rule5_mom20,4,-0.009566689471843692,-0.0019426989199931982
2026-06-12,5,rule5_mom20,5,-0.014084494035883521,-0.004173043748800531
2026-06-12,10,mom20,1,-0.014622127218473724,0.008297827658232343
2026-06-12,10,mom20,2,-0.005235597192677299,0.011118950255289483
2026-06-12,10,mom20,3,0.020808157485908474,0.03651428647050578
2026-06-12,10,mom20,4,0.04435186230628285,0.05160137135828532
2026-06-12,10,mom20,5,0.056166961565842444,0.07341413100218701
2026-06-12,10,vol_ratio,1,0.0058605713064021625,0.020300836582716184
2026-06-12,10,vol_ratio,2,0.019851088373643355,0.047064899554666514
2026-06-12,10,vol_ratio,3,0.01857104563940204,0.03511124788040643
2026-06-12,10,vol_ratio,4,0.01948841006926738,0.031033838173888793
2026-06-12,10,vol_ratio,5,0.04625408598966163,0.04752412625463223
2026-06-12,10,squeeze,1,0.0,0.022402103804985394
2026-06-12,10,squeeze,2,-0.015014977173866795,0.013584868276801356
2026-06-12,10,squeeze,3,0.04247190345494012,0.06000247736532467
2026-06-12,10,squeeze,4,0.057623109280544815,0.05874250508001521
2026-06-12,10,squeeze,5,0.02410434170024256,0.02626982515842641
2026-06-12,10,composite,1,-0.018573565842612605,-0.0027057198001490916
2026-06-12,10,composite,2,-0.017793661539074135,0.020666924141781857
2026-06-12,10,composite,3,0.024246457016131484,0.04040517241787577
2026-06-12,10,composite,4,0.04435186230628285,0.057717860656341276
2026-06-12,10,composite,5,0.05021336844590285,0.06495235497913604
2026-06-12,10,mom5,1,-0.02325892196457463,-0.0037188046334131046
2026-06-12,10,mom5,2,0.01960782480441492,0.025636046552149943
2026-06-12,10,mom5,3,0.022602415602034354,0.03763917978718848
2026-06-12,10,mom5,4,0.049773743289577954,0.057372235186167436
2026-06-12,10,mom5,5,0.03853417580740437,0.06413450732438845
2026-06-12,10,mom60_skip5,1,0.01948841006926738,0.030796480461092797
2026-06-12,10,mom60_skip5,2,0.0072202097704794355,0.02511057788479977
2026-06-12,10,mom60_skip5,3,0.017276822604579634,0.028866101808683757
2026-06-12,10,mom60_skip5,4,0.03322255978385491,0.03902803574346869
2026-06-12,10,mom60_skip5,5,0.04166668994973155,0.05967955821431398
2026-06-12,10,mom60_riskadj,1,0.024952059649854474,0.025052938864277882
2026-06-12,10,mom60_riskadj,2,0.010061928302883327,0.03608975757100761
2026-06-12,10,mom60_riskadj,3,0.02098951514776226,0.027636220314360995
2026-06-12,10,mom60_riskadj,4,0.010471242619561005,0.02048939887039333
2026-06-12,10,mom60_riskadj,5,0.04973367210212509,0.07420524620287869
2026-06-12,10,vol_5_50,1,0.03284281545567047,0.044565271445983906
2026-06-12,10,vol_5_50,2,0.004921278689546282,0.015032793524820483
2026-06-12,10,vol_5_50,3,0.033376157648470794,0.059756187446228674
2026-06-12,10,vol_5_50,4,0.019851088373643355,0.030719008530963123
2026-06-12,10,vol_5_50,5,0.02307692630151914,0.031745531199853017
2026-06-12,10,squeeze_own,1,0.003883877134622793,0.017653839566216252
2026-06-12,10,squeeze_own,2,0.017146316903097203,0.035391857217037935
2026-06-12,10,squeeze_own,3,0.022127904902549567,0.03179056235860973
2026-06-12,10,squeeze_own,4,0.04833400094374862,0.07300022777856363
2026-06-12,10,squeeze_own,5,0.02164428254528994,0.023895550003139972
2026-06-12,10,low_vol,1,-0.0179465957384477,0.003489488911571072
2026-06-12,10,low_vol,2,-0.0034965002902287434,0.04447807582510183
2026-06-12,10,low_vol,3,0.051026602374174,0.05546997115389189
2026-06-12,10,low_vol,4,0.0633803071116823,0.058575910389562995
2026-06-12,10,low_vol,5,0.01866458534237969,0.01916492313449336
2026-06-12,10,near_high,1,0.015075362435176265,0.028755757550865606
2026-06-12,10,near_high,2,-0.019417457749564604,0.012671727555842125
2026-06-12,10,near_high,3,0.020856965652679138,0.05127346817455901
2026-06-12,10,near_high,4,0.04435186230628285,0.047192284849067144
2026-06-12,10,near_high,5,0.039568387936388616,0.04371855321223491
2026-06-12,10,vs_sma50,1,0.003815726476032677,0.023689405044879285
2026-06-12,10,vs_sma50,2,0.009403505175771265,0.016021001257410416
2026-06-12,10,vs_sma50,3,0.007897394072808206,0.02485485504640442
2026-06-12,10,vs_sma50,4,0.025454550546921695,0.03349513283024216
2026-06-12,10,vs_sma50,5,0.0615789513838918,0.08388047905897789
2026-06-12,10,vs_sma20,1,-0.012641133581855035,0.008772113246190552
2026-06-12,10,vs_sma20,2,0.0032972066101535358,0.02256371985403772
2026-06-12,10,vs_sma20,3,0.011039525678524287,0.021578589522436024
2026-06-12,10,vs_sma20,4,0.04838702491377611,0.06332240144695961
2026-06-12,10,vs_sma20,5,0.05786955700927909,0.06484287945468879
2026-06-12,10,rule5,1,0.0,0.00810368286411342
2026-06-12,10,rule5,2,0.0,0.04581771097028773
2026-06-12,10,rule5,3,0.01859375415450515,0.031176248500661106
2026-06-12,10,rule5,4,0.05332173362991721,0.05195768192538612
2026-06-12,10,rule5,5,0.02960287625411606,0.046438939481688264
2026-06-12,10,rule5_mom20,1,-0.01391864157570688,0.0022931470751541287
2026-06-12,10,rule5_mom20,2,-0.017793661539074135,0.029584205734073627
2026-06-12,10,rule5_mom20,3,0.016849541490476905,0.03601405948016563
2026-06-12,10,rule5_mom20,4,0.0615789513838918,0.06348751385671517
2026-06-12,10,rule5_mom20,5,0.03749996367842012,0.05214362888830588
2026-06-12,20,mom20,1,-0.06204892415802149,-0.05357606412721314
2026-06-12,20,mom20,2,-0.02352945878843815,0.0023833578361869457
2026-06-12,20,mom20,3,0.003316053263083263,0.01937326159402688
2026-06-12,20,mom20,4,0.020945936598581127,0.033468340374216164
2026-06-12,20,mom20,5,0.037569880975659053,0.04854651592891492
2026-06-12,20,vol_ratio,1,-0.049603157313235224,-0.035761455564933986
2026-06-12,20,vol_ratio,2,0.006711402952518153,0.02329346887693982
2026-06-12,20,vol_ratio,3,0.01836978395850586,0.02592510864618216
2026-06-12,20,vol_ratio,4,0.010156770113672664,0.021873061924863556
2026-06-12,20,vol_ratio,5,0.018487721216013164,0.014918761243720468
2026-06-12,20,squeeze,1,-0.08518336330094511,-0.07316049323608388
2026-06-12,20,squeeze,2,-0.05172415683064424,-0.012531640977087382
2026-06-12,20,squeeze,3,0.02597909071153892,0.0456227701202629
2026-06-12,20,squeeze,4,0.04945052641772074,0.06007270575356973
2026-06-12,20,squeeze,5,0.019485349420279352,0.03025925021309155
2026-06-12,20,composite,1,-0.0829778766049904,-0.07673595476962143
2026-06-12,20,composite,2,-0.049426255049718204,-0.009162121195290225
2026-06-12,20,composite,3,-0.002747285964059598,0.019378445630191844
2026-06-12,20,composite,4,0.02611937742505277,0.05800456413247542
2026-06-12,20,composite,5,0.0383120117298803,0.058785137260828936
2026-06-12,20,mom5,1,-0.08330469113876199,-0.07117182696217052
2026-06-12,20,mom5,2,-0.008849549119871458,0.01204104958191117
2026-06-12,20,mom5,3,0.022868786217375536,0.01895318253219341
2026-06-12,20,mom5,4,0.027638362782819392,0.05633594223025531
2026-06-12,20,mom5,5,0.021652689612257525,0.03422399119866519
2026-06-12,20,mom60_skip5,1,0.00254452679221151,0.00011993069805495374
2026-06-12,20,mom60_skip5,2,-0.007518789804026538,0.016424526721327614
2026-06-12,20,mom60_skip5,3,0.022285731386341823,0.022579343816316173
2026-06-12,20,mom60_skip5,4,0.013420777171369913,0.0246997507102954
2026-06-12,20,mom60_skip5,5,-0.03578155541768291,-0.007199192083887454
2026-06-12,20,mom60_riskadj,1,0.012406916181731065,0.016823171925277443
2026-06-12,20,mom60_riskadj,2,-0.01157086586247269,0.010885261766830582
2026-06-12,20,mom60_riskadj,3,-0.00402392095442039,0.003095492571123227
2026-06-12,20,mom60_riskadj,4,-0.012410223961468292,-0.012806664936971813
2026-06-12,20,mom60_riskadj,5,0.026096033610748304,0.03851315788529057
2026-06-12,20,vol_5_50,1,-0.019531257016697945,-0.011170714359732152
2026-06-12,20,vol_5_50,2,-0.007518789804026538,-0.00393638390140158
2026-06-12,20,vol_5_50,3,0.018334588870934088,0.037360008598158155
2026-06-12,20,vol_5_50,4,0.0064516069489635175,0.024003495574988324
2026-06-12,20,vol_5_50,5,0.0018692016934760414,0.008661808273168564
2026-06-12,20,squeeze_own,1,-0.027834124239985047,-0.019925084104783344
2026-06-12,20,squeeze_own,2,-0.013371832023881258,0.005974226592817691
2026-06-12,20,squeeze_own,3,0.020565719794481074,0.01837600138008813
2026-06-12,20,squeeze_own,4,0.023637865701254812,0.04023294172250066
2026-06-12,20,squeeze_own,5,0.005527004519799816,0.014289736486568888
2026-06-12,20,low_vol,1,-0.10638640851034203,-0.08442839125146069
2026-06-12,20,low_vol,2,-0.04585989017680814,0.003390202857856871
2026-06-12,20,low_vol,3,0.026518562399724832,0.04788517157321836
2026-06-12,20,low_vol,4,0.06296287051717164,0.05674138543021407
2026-06-12,20,low_vol,5,0.017580776914910334,0.026746582594450674
2026-06-12,20,near_high,1,-0.03370783356400553,-0.02919217326746145
2026-06-12,20,near_high,2,-0.029787206844054115,-0.016174911047857628
2026-06-12,20,near_high,3,-0.006506680866072867,0.02067663474988292
2026-06-12,20,near_high,4,0.02822577931630388,0.038240583812727554
2026-06-12,20,near_high,5,0.026096033610748304,0.04306309866121043
2026-06-12,20,vs_sma50,1,-0.02452155258351596,-0.022783199677847005
2026-06-12,20,vs_sma50,2,-0.0034071518426629366,0.014539136922892392
2026-06-12,20,vs_sma50,3,-0.012104249364725206,-0.003535371866253105
2026-06-12,20,vs_sma50,4,0.020945936598581127,0.026243756620774824
2026-06-12,20,vs_sma50,5,0.031639493197550106,0.04052180145648038
2026-06-12,20,vs_sma20,1,-0.07262003687553698,-0.06907954063105884
2026-06-12,20,vs_sma20,2,-0.029787206844054115,0.0037753753800624577
2026-06-12,20,vs_sma20,3,-0.003292554709895701,0.01840619741705965
2026-06-12,20,vs_sma20,4,0.03586600610595081,0.05351583396298106
2026-06-12,20,vs_sma20,5,0.03299246197672456,0.04370076105830951
2026-06-12,20,rule5,1,-0.0828025419671734,-0.0656723104017942
2026-06-12,20,rule5,2,-0.026315764707210976,0.004165593658233269
2026-06-12,20,rule5,3,-0.007172060523995327,0.025475199352945815
2026-06-12,20,rule5,4,0.02611937742505277,0.038789657786859215
2026-06-12,20,rule5,5,0.029090931582237634,0.053883154293562184
2026-06-12,20,rule5_mom20,1,-0.08380684031035057,-0.07106037075683484
2026-06-12,20,rule5_mom20,2,-0.03630598012605979,-0.005082194931758673
2026-06-12,20,rule5_mom20,3,-0.006653563127633599,0.021594867500082226
2026-06-12,20,rule5_mom20,4,0.03053432212400664,0.054477594138373095
2026-06-12,20,rule5_mom20,5,0.03159852652003359,0.05668870674080493
2026-06-18,5,mom20,1,-0.017142840794154623,-0.010924795107361098
2026-06-18,5,mom20,2,-0.007438678545805655,-0.005198356262888952
2026-06-18,5,mom20,3,0.010961989698944241,0.003619328494566411
2026-06-18,5,mom20,4,0.03597741150676603,0.025343380160701066
2026-06-18,5,mom20,5,0.026506055659419214,0.014730755364795642
2026-06-18,5,vol_ratio,1,-0.04285710271523857,-0.03574537306212277
2026-06-18,5,vol_ratio,2,0.005864462577464424,0.006031644990727033
2026-06-18,5,vol_ratio,3,0.02045691350238199,0.008908619991444055
2026-06-18,5,vol_ratio,4,0.01976251635127424,0.012177195706149344
2026-06-18,5,vol_ratio,5,0.030508444987984884,0.03621760715249368
2026-06-18,5,squeeze,1,-0.054968280550189874,-0.03872896426799707
2026-06-18,5,squeeze,2,-0.029970232313272338,-0.012625954676118987
2026-06-18,5,squeeze,3,0.0071173589235212775,0.014951899948813692
2026-06-18,5,squeeze,4,0.042177093444100255,0.03417825713072398
2026-06-18,5,squeeze,5,0.025896338501065763,0.029868715265900354
2026-06-18,5,composite,1,-0.04513892683165899,-0.03769197441887816
2026-06-18,5,composite,2,-0.03673481246606347,-0.026046010936379548
2026-06-18,5,composite,3,0.019884547872315972,0.022370700344285382
2026-06-18,5,composite,4,0.029924763250733455,0.02742059955685502
2026-06-18,5,composite,5,0.0468227495865019,0.041516887910707144
2026-06-18,5,mom5,1,-0.01919561665464109,-0.007129637480853962
2026-06-18,5,mom5,2,0.02535797837206244,0.01594969592963137
2026-06-18,5,mom5,3,0.017932863254946807,0.01033086678600741
2026-06-18,5,mom5,4,0.027906535073601857,0.025961316303359138
2026-06-18,5,mom5,5,-0.014925358528601551,-0.0173773189078302
2026-06-18,5,mom60_skip5,1,0.0,0.003416218139967368
2026-06-18,5,mom60_skip5,2,0.008778338324019641,0.012831056138748258
2026-06-18,5,mom60_skip5,3,0.01285483503681939,0.010077774184441786
2026-06-18,5,mom60_skip5,4,0.018085115233283933,0.010321807652540267
2026-06-18,5,mom60_skip5,5,0.00239234231433727,-0.008708208013890351
2026-06-18,5,mom60_riskadj,1,0.0036553873825601046,0.0022535689838503767
2026-06-18,5,mom60_riskadj,2,0.007142850452539706,0.012867573514627527
2026-06-18,5,mom60_riskadj,3,0.006593347629364921,0.008057547245656044
2026-06-18,5,mom60_riskadj,4,-0.004721444365422878,-0.010879852418931638
2026-06-18,5,mom60_riskadj,5,0.02564970983135373,0.015505012115940027
2026-06-18,5,vol_5_50,1,-0.03333330845632382,-0.023458069239875028
2026-06-18,5,vol_5_50,2,0.016005121756186957,0.004291388174775056
2026-06-18,5,vol_5_50,3,0.01631705647641568,0.0060416398913982735
2026-06-18,5,vol_5_50,4,0.02682930148123064,0.018856056793573564
2026-06-18,5,vol_5_50,5,0.016854706983277512,0.022184135080098345
2026-06-18,5,squeeze_own,1,-0.008771921569070362,-0.007775258102134173
2026-06-18,5,squeeze_own,2,-0.005332487542270392,-0.013737391830890492
2026-06-18,5,squeeze_own,3,0.004773303777902194,0.0005350281795355761
2026-06-18,5,squeeze_own,4,0.027141934767990206,0.03012698012256892
2026-06-18,5,squeeze_own,5,0.018469639563946982,0.020942109959968154
2026-06-18,5,low_vol,1,-0.0704224701794175,-0.05104353598486096
2026-06-18,5,low_vol,2,-0.03163749179963299,-0.011878412022084433
2026-06-18,5,low_vol,3,0.01880155724067689,0.023467063155118192
2026-06-18,5,low_vol,4,0.04528851768957931,0.039820677234637766
2026-06-18,5,low_vol,5,0.029411736347271455,0.027364317815992634
2026-06-18,5,near_high,1,-0.03453020148654473,-0.02463728450429983
2026-06-18,5,near_high,2,-0.007633616683796363,-0.009546140289679626
2026-06-18,5,near_high,3,-0.010489500870686341,-0.003391324487385299
2026-06-18,5,near_high,4,0.014423063697193816,0.021487007330807505
2026-06-18,5,near_high,5,0.0487369278318136,0.04388289531153908
2026-06-18,5,vs_sma50,1,-0.008383347154812426,-0.0061661262968566105
2026-06-18,5,vs_sma50,2,-0.0026744195582819597,-0.004082171565437393
2026-06-18,5,vs_sma50,3,0.0035714421953474407,0.008388028542761642
2026-06-18,5,vs_sma50,4,0.03591882180855177,0.0209182119303547
2026-06-18,5,vs_sma50,5,0.01932433044262183,0.008834155670821894
2026-06-18,5,vs_sma20,1,-0.03317532546115076,-0.019241757302882342
2026-06-18,5,vs_sma20,2,-0.018362553431984285,-0.01720490110596404
2026-06-18,5,vs_sma20,3,0.01039241638985633,0.005822483577931244
2026-06-18,5,vs_sma20,4,0.029763774337287496,0.02399756090000467
2026-06-18,5,vs_sma20,5,0.04347824328140004,0.0341324802858079
2026-06-18,5,rule5,1,-0.048799835063689734,-0.04014779129878839
2026-06-18,5,rule5,2,-0.03798884467415509,-0.026519005197532426
2026-06-18,5,rule5,3,0.026506055659419214,0.023509973065816932
2026-06-18,5,rule5,4,0.04087594360680047,0.02840340293070569
2026-06-18,5,rule5,5,0.03878853621651979,0.04264650890871748
2026-06-18,5,rule5_mom20,1,-0.04462830950322727,-0.03659466681336197
2026-06-18,5,rule5_mom20,2,-0.03636370926848953,-0.01954069496881872
2026-06-18,5,rule5_mom20,3,0.01631705647641568,0.009870007133108262
2026-06-18,5,rule5_mom20,4,0.03620690193811282,0.03308638531790354
2026-06-18,5,rule5_mom20,5,0.04543645975970767,0.04106055382545564
2026-06-18,10,mom20,1,0.009345785021542818,0.012705935556897696
2026-06-18,10,mom20,2,0.007050986872949139,0.027418102112237275
2026-06-18,10,mom20,3,0.02784420418246214,0.030520258065760145
2026-06-18,10,mom20,4,0.04579177161147885,0.0490520280451582
2026-06-18,10,mom20,5,0.025508338392566943,0.020330357766133515
2026-06-18,10,vol_ratio,1,-0.03424662343778684,-0.02738389110140054
2026-06-18,10,vol_ratio,2,0.010901789681056484,0.029525039986696748
2026-06-18,10,vol_ratio,3,0.042075701900533,0.035047047531922663
2026-06-18,10,vol_ratio,4,0.029074935780863065,0.03793045424662717
2026-06-18,10,vol_ratio,5,0.05985918360271136,0.06488208957333552
2026-06-18,10,squeeze,1,-0.04411769217479555,-0.030805506818243497
2026-06-18,10,squeeze,2,-0.0046127540612834195,0.0164288462526454
2026-06-18,10,squeeze,3,0.03849236464788408,0.052497379523105056
2026-06-18,10,squeeze,4,0.049262303782000694,0.05894581010248134
2026-06-18,10,squeeze,5,0.04208187950934317,0.043080855651834796
2026-06-18,10,composite,1,-0.035971224008772174,-0.016051123421802246
2026-06-18,10,composite,2,-0.007368546135559151,-0.0006977568691775042
2026-06-18,10,composite,3,0.03524091993817002,0.051143826699256476
2026-06-18,10,composite,4,0.06572654644133014,0.05204332880682778
2026-06-18,10,composite,5,0.04702964722670688,0.053562389050236955
2026-06-18,10,mom5,1,0.003984096703371076,0.006509589135112562
2026-06-18,10,mom5,2,0.03999998990227194,0.04573181848904615
2026-06-18,10,mom5,3,0.025818299074189754,0.03711228012972058
2026-06-18,10,mom5,4,0.04527367989102893,0.054861513865015296
2026-06-18,10,mom5,5,-0.006230523579077274,-0.0040109754238024
2026-06-18,10,mom60_skip5,1,0.025549841656959393,0.03934476606053876
2026-06-18,10,mom60_skip5,2,0.04499995708465576,0.04827654986510498
2026-06-18,10,mom60_skip5,3,0.022500038146972656,0.029340444009639578
2026-06-18,10,mom60_skip5,4,0.014970101599618424,0.024354621065299176
2026-06-18,10,mom60_skip5,5,0.011498538076491704,0.0007342443828246223
2026-06-18,10,mom60_riskadj,1,0.04239327541681426,0.044461751329483046
2026-06-18,10,mom60_riskadj,2,0.035520778501368255,0.04426771202623431
2026-06-18,10,mom60_riskadj,3,0.022500038146972656,0.02296113899253991
2026-06-18,10,mom60_riskadj,4,-0.006230523579077274,0.002953815309579097
2026-06-18,10,mom60_riskadj,5,0.03447132619671445,0.02722138825689813
2026-06-18,10,vol_5_50,1,-0.007382123815785235,-0.00747658360180373
2026-06-18,10,vol_5_50,2,0.01538469297646361,0.024595454855139306
2026-06-18,10,vol_5_50,3,0.028950466017978904,0.03818129556606583
2026-06-18,10,vol_5_50,4,0.06060610147364853,0.04817283471065743
2026-06-18,10,vol_5_50,5,0.024540764487140265,0.03862982135446349
2026-06-18,10,squeeze_own,1,0.023474154755812382,0.021142535990089376
2026-06-18,10,squeeze_own,2,0.010705079086670954,0.01662275829969934
2026-06-18,10,squeeze_own,3,0.0,0.018938030387361134
2026-06-18,10,squeeze_own,4,0.042236570588839006,0.04720601107263873
2026-06-18,10,squeeze_own,5,0.03796372515880031,0.041682550138209686
2026-06-18,10,low_vol,1,-0.05851064605538048,-0.04357798579927023
2026-06-18,10,low_vol,2,-0.00731185250733013,0.016965475105123883
2026-06-18,10,low_vol,3,0.03915980442461897,0.05825971672823299
2026-06-18,10,low_vol,4,0.07072641009136016,0.07302303721393155
2026-06-18,10,low_vol,5,0.032742189693499846,0.035594922927209886
2026-06-18,10,near_high,1,-0.007382123815785235,-0.011789443362251496
2026-06-18,10,near_high,2,0.03384608019794788,0.032778505249308226
2026-06-18,10,near_high,3,0.009953993613303291,0.028553898236734983
2026-06-18,10,near_high,4,0.024740656522200144,0.04027101015328443
2026-06-18,10,near_high,5,0.04527367989102893,0.05223451440109425
2026-06-18,10,vs_sma50,1,0.014116644949255797,0.023307277477637202
2026-06-18,10,vs_sma50,2,0.02747250048093086,0.025726724476431553
2026-06-18,10,vs_sma50,3,0.01639342660450316,0.0382662623091894
2026-06-18,10,vs_sma50,4,0.04702964722670688,0.0409335204025183
2026-06-18,10,vs_sma50,5,0.015117140696946474,0.013834020323724236
2026-06-18,10,vs_sma20,1,-0.00772200061362871,0.004070163280364774
2026-06-18,10,vs_sma20,2,0.006184916487217307,0.012844764710577985
2026-06-18,10,vs_sma20,3,0.026408268738855156,0.03201868384242155
2026-06-18,10,vs_sma20,4,0.04416351047434852,0.0493858332791133
2026-06-18,10,vs_sma20,5,0.04922287585562768,0.04163358841988815
2026-06-18,10,rule5,1,-0.040793583425521696,-0.029461922714754354
2026-06-18,10,rule5,2,0.006116202153874983,0.00895083604892544
2026-06-18,10,rule5,3,0.040685236427499216,0.06235036099208704
2026-06-18,10,rule5,4,0.06382975087849108,0.049264512934523996
2026-06-18,10,rule5,5,0.04173040182947785,0.05105494332631973
2026-06-18,10,rule5_mom20,1,-0.03869155788017409,-0.022587837806539043
2026-06-18,10,rule5_mom20,2,0.013407808728091553,0.015846709656378764
2026-06-18,10,rule5_mom20,3,0.01949852140640118,0.04430090597248204
2026-06-18,10,rule5_mom20,4,0.05902377744858045,0.051841731896416623
2026-06-18,10,rule5_mom20,5,0.04728185119701289,0.05270735829597823
2026-06-18,20,mom20,1,-0.06210833473929789,-0.05264071939983034
2026-06-18,20,mom20,2,-0.028785349433207597,-0.015399390825828845
2026-06-18,20,mom20,3,0.011061989147312934,-0.010115065209740669
2026-06-18,20,mom20,4,-0.0006605170842183261,-0.006218919653112645
2026-06-18,20,mom20,5,-0.03139777118455994,-0.04009270381437375
2026-06-18,20,vol_ratio,1,-0.14179105639431094,-0.11416464643618932
2026-06-18,20,vol_ratio,2,-0.045989658543270584,-0.044057062622649815
2026-06-18,20,vol_ratio,3,0.020560772986024656,-0.0010825654975404593
2026-06-18,20,vol_ratio,4,0.005029698166840513,0.00963761356483893
2026-06-18,20,vol_ratio,5,0.01808265040793766,0.025252376621864893
2026-06-18,20,squeeze,1,-0.15825770685772456,-0.13295303624847338
2026-06-18,20,squeeze,2,-0.09799310972079034,-0.06930455469057104
2026-06-18,20,squeeze,3,-0.022123872799678757,0.004372889067497472
2026-06-18,20,squeeze,4,0.039085601514044166,0.04015208328732991
2026-06-18,20,squeeze,5,0.029706923338755797,0.03335005197364033
2026-06-18,20,composite,1,-0.139349674319393,-0.11023819022923
2026-06-18,20,composite,2,-0.05924209409375464,-0.05149437295965247
2026-06-18,20,composite,3,-0.011494242373779495,-0.018006759094855936
2026-06-18,20,composite,4,0.03170777593021523,0.019272568850884797
2026-06-18,20,composite,5,0.028079957538687306,0.03595407258877484
2026-06-18,20,mom5,1,-0.02397023718097724,-0.02319804960144959
2026-06-18,20,mom5,2,0.007751275303601424,-0.00025446509786407947
2026-06-18,20,mom5,3,0.0020790496883160703,0.001423444258936389
2026-06-18,20,mom5,4,-0.008265442124429867,-0.004686932043133736
2026-06-18,20,mom5,5,-0.12667057304610407,-0.0976837120619992
2026-06-18,20,mom60_skip5,1,-0.03269216974054423,-0.010793412081330438
2026-06-18,20,mom60_skip5,2,-0.012793088767709238,-0.0033602382676193258
2026-06-18,20,mom60_skip5,3,-0.0006605170842183261,-0.0027213986385066662
2026-06-18,20,mom60_skip5,4,-0.01566336459056894,-0.02490175762389556
2026-06-18,20,mom60_skip5,5,-0.08396949232350437,-0.07747181806878033
2026-06-18,20,mom60_riskadj,1,-0.006369471245302294,0.00386599393917295
2026-06-18,20,mom60_riskadj,2,-0.037383251496717174,-0.01018721776282843
2026-06-18,20,mom60_riskadj,3,-0.032890077700573284,-0.030423259089271116
2026-06-18,20,mom60_riskadj,4,-0.0365566511188522,-0.0566205379840468
2026-06-18,20,mom60_riskadj,5,0.008891936761868724,-0.026045602967081527
2026-06-18,20,vol_5_50,1,-0.12419354913137959,-0.07925952571399733
2026-06-18,20,vol_5_50,2,-0.0365566511188522,-0.033553391592570626
2026-06-18,20,vol_5_50,3,-0.00034663606467350006,0.005311277167941213
2026-06-18,20,vol_5_50,4,0.028571591375301963,0.0017850757045047652
2026-06-18,20,vol_5_50,5,-0.011935470233108814,-0.01348508553369194
2026-06-18,20,squeeze_own,1,-0.06592432580239166,-0.05778344664971701
2026-06-18,20,squeeze_own,2,-0.04933770571877916,-0.04294331290447162
2026-06-18,20,squeeze_own,3,-0.025594126481802038,-0.04108421192269969
2026-06-18,20,squeeze_own,4,0.02720419974067889,0.025977618401258736
2026-06-18,20,squeeze_own,5,0.0020042038173428978,0.001290500681968474
2026-06-18,20,low_vol,1,-0.20897670790831785,-0.15464388198300344
2026-06-18,20,low_vol,2,-0.12495392559718393,-0.07257173866021428
2026-06-18,20,low_vol,3,-0.014669982064394738,0.019924823232102214
2026-06-18,20,low_vol,4,0.0661895256290479,0.05059676835910179
2026-06-18,20,low_vol,5,0.02725872200804269,0.03240188066332423
2026-06-18,20,near_high,1,-0.10818183187610819,-0.07642404789006733
2026-06-18,20,near_high,2,-0.010169481662661628,-0.028896689649171657
2026-06-18,20,near_high,3,-0.07481157082861523,-0.045841335298203965
2026-06-18,20,near_high,4,-0.0018182234330610392,0.0034893396929829485
2026-06-18,20,near_high,5,0.0358565575904457,0.028171945092048747
2026-06-18,20,vs_sma50,1,-0.03825993423245966,-0.029489075529118575
2026-06-18,20,vs_sma50,2,-0.022123872799678757,-0.028865934693086487
2026-06-18,20,vs_sma50,3,-0.023500084916295627,-0.004375708170860895
2026-06-18,20,vs_sma50,4,0.027791954770268967,-0.0055869000955017945
2026-06-18,20,vs_sma50,5,-0.04831624119945699,-0.05094068051631518
2026-06-18,20,vs_sma20,1,-0.08166665483165453,-0.0565383510795189
2026-06-18,20,vs_sma20,2,-0.03295017538973172,-0.032555278939883636
2026-06-18,20,vs_sma20,3,-0.006128745643564026,-0.017749670940904058
2026-06-18,20,vs_sma20,4,0.011218847794930542,-0.001884728408457021
2026-06-18,20,vs_sma20,5,-0.018604134747877477,-0.015783156776745664
2026-06-18,20,rule5,1,-0.15702483572763382,-0.12220480106177406
2026-06-18,20,rule5,2,-0.06322953651890872,-0.05583446643277701
2026-06-18,20,rule5,3,-0.010152303500781168,-0.0010723502336857599
2026-06-18,20,rule5,4,0.027372280081267686,0.016021522195887462
2026-06-18,20,rule5,5,0.0358565575904457,0.04385111441013996
2026-06-18,20,rule5_mom20,1,-0.15242879051808078,-0.10968611956268387
2026-06-18,20,rule5_mom20,2,-0.037383251496717174,-0.03470677196318277
2026-06-18,20,rule5_mom20,3,-0.046844717510947764,-0.03243871904322654
2026-06-18,20,rule5_mom20,4,0.027863750352276284,0.01802287358357706
2026-06-18,20,rule5_mom20,5,0.034713007401742546,0.03938632680594097
2026-06-26,5,mom20,1,0.023636384443803227,0.024947051912906408
2026-06-26,5,mom20,2,0.024135424160214414,0.021880958642501395
2026-06-26,5,mom20,3,0.0073432138444397,0.011569061200538796
2026-06-26,5,mom20,4,0.013246194942114653,0.02426012387917125
2026-06-26,5,mom20,5,0.011331488230145847,0.015717324635622573
2026-06-26,5,vol_ratio,1,0.013001161415404194,0.007235575637245364
2026-06-26,5,vol_ratio,2,0.01707759440506329,0.016343205443796693
2026-06-26,5,vol_ratio,3,0.010368155254333655,0.01482869739511003
2026-06-26,5,vol_ratio,4,0.013362028933166181,0.027969710356128157
2026-06-26,5,vol_ratio,5,0.022277265702401294,0.032005605828476495
2026-06-26,5,squeeze,1,-0.006060600368335001,-0.0041735082543686575
2026-06-26,5,squeeze,2,0.038102184781536375,0.04019895401277698
2026-06-26,5,squeeze,3,0.014667558910899214,0.024320373311076882
2026-06-26,5,squeeze,4,0.024757381766827624,0.029370090931793904
2026-06-26,5,squeeze,5,0.005797283207781279,0.008867739023989846
2026-06-26,5,composite,1,0.019920299803290353,0.01455870297917798
2026-06-26,5,composite,2,0.019477887764602797,0.017655765409879138
2026-06-26,5,composite,3,0.011060176004805133,0.020338591700108318
2026-06-26,5,composite,4,0.0175219542346845,0.022501421000460896
2026-06-26,5,composite,5,0.013437509536743164,0.023336141113994072
2026-06-26,5,mom5,1,-0.006060600368335001,-0.004511661457387
2026-06-26,5,mom5,2,0.022439136418766714,0.020350198536722056
2026-06-26,5,mom5,3,0.01599247351593658,0.023695474409221904
2026-06-26,5,mom5,4,0.015017611048485313,0.018357822565559342
2026-06-26,5,mom5,5,0.023529389765297948,0.04050981541771831
2026-06-26,5,mom60_skip5,1,0.030487848757137836,0.033628363020669835
2026-06-26,5,mom60_skip5,2,0.03398557388358481,0.03873797555669231
2026-06-26,5,mom60_skip5,3,0.011904731268966628,0.01355171968118959
2026-06-26,5,mom60_skip5,4,0.014411814072552875,0.023105890030119626
2026-06-26,5,mom60_skip5,5,-0.0189099088567386,-0.007986283263373806
2026-06-26,5,mom60_riskadj,1,0.026315783469690768,0.03188818367063265
2026-06-26,5,mom60_riskadj,2,0.03389837528843853,0.04134253284741325
2026-06-26,5,mom60_riskadj,3,0.012499987582366145,0.0141151301455201
2026-06-26,5,mom60_riskadj,4,0.012752010699355276,0.01616355225689963
2026-06-26,5,mom60_riskadj,5,-0.013301664802710333,-0.0024717338951680714
2026-06-26,5,vol_5_50,1,0.01096487246215383,0.0055259334975081556
2026-06-26,5,vol_5_50,2,0.020408198571867153,0.023721380153916238
2026-06-26,5,vol_5_50,3,0.02134762927715106,0.02743511852335057
2026-06-26,5,vol_5_50,4,0.011331488230145847,0.015969867863679592
2026-06-26,5,vol_5_50,5,0.023529389765297948,0.028385364986843006
2026-06-26,5,squeeze_own,1,0.01805052442619881,0.021739484474539727
2026-06-26,5,squeeze_own,2,0.02133521987567477,0.02984011998760269
2026-06-26,5,squeeze_own,3,0.008188153032276602,0.017848304323231774
2026-06-26,5,squeeze_own,4,0.0175219542346845,0.017628189814225002
2026-06-26,5,squeeze_own,5,0.008181661211781655,0.015575512343448575
2026-06-26,5,low_vol,1,-0.0039603450884709845,-0.002306043896899055
2026-06-26,5,low_vol,2,0.018092642208408893,0.02553171547505288
2026-06-26,5,low_vol,3,0.031496312979845675,0.0326051893398856
2026-06-26,5,low_vol,4,0.02911822953557297,0.03639936022315036
2026-06-26,5,low_vol,5,0.0003257379818288886,0.006357166882821617
2026-06-26,5,near_high,1,-0.0023830210629925963,-0.0032055623296890186
2026-06-26,5,near_high,2,0.037037001061669184,0.042768980664578654
2026-06-26,5,near_high,3,0.01750004291534424,0.01973835198297035
2026-06-26,5,near_high,4,0.018354137625428812,0.027490696149910804
2026-06-26,5,near_high,5,0.0083036408410615,0.014245198557526774
2026-06-26,5,vs_sma50,1,0.025477681857751344,0.026978023225276548
2026-06-26,5,vs_sma50,2,0.01522841165181843,0.018943937778868124
2026-06-26,5,vs_sma50,3,0.0231660938943945,0.015883437418195805
2026-06-26,5,vs_sma50,4,0.01315784703845102,0.028467400505864736
2026-06-26,5,vs_sma50,5,0.006060600368335001,0.010764866097092348
2026-06-26,5,vs_sma20,1,0.011009251691109556,0.0037039104685362397
2026-06-26,5,vs_sma20,2,0.02133521987567477,0.026144161682993446
2026-06-26,5,vs_sma20,3,0.012056448873583703,0.013106526970731351
2026-06-26,5,vs_sma20,4,0.01783931277232187,0.027380117625441115
2026-06-26,5,vs_sma20,5,0.014526034798613585,0.028091368046488884
2026-06-26,5,rule5,1,0.015151500099837678,0.006220385783325424
2026-06-26,5,rule5,2,0.021978000864594893,0.020691200211359784
2026-06-26,5,rule5,3,0.024999975785613415,0.030854172046803716
2026-06-26,5,rule5,4,0.018354137625428812,0.02523642797027809
2026-06-26,5,rule5,5,0.008356538191369944,0.018035479013530538
2026-06-26,5,rule5_mom20,1,0.01610466438392777,0.011099649202421494
2026-06-26,5,rule5_mom20,2,0.02142855135761934,0.01787859695950242
2026-06-26,5,rule5_mom20,3,0.0212418883937302,0.02801750524818228
2026-06-26,5,rule5_mom20,4,0.026315783469690768,0.028813428149762645
2026-06-26,5,rule5_mom20,5,0.0066666696585861995,0.015228485465428723
2026-06-26,10,mom20,1,-0.06117646834429569,-0.0376034849574123
2026-06-26,10,mom20,2,-0.025485399977930367,-0.018610847885825874
2026-06-26,10,mom20,3,0.0007921145807274765,0.0012598919984109773
2026-06-26,10,mom20,4,-0.004569865984472954,-0.008346455960043348
2026-06-26,10,mom20,5,0.0,-0.011953861987393193
2026-06-26,10,vol_ratio,1,-0.05573765263381791,-0.05728731003404309
2026-06-26,10,vol_ratio,2,-0.021683776578973635,-0.026785535837844494
2026-06-26,10,vol_ratio,3,-0.0025491800843235324,-0.006921168925853449
2026-06-26,10,vol_ratio,4,0.000336653062381842,0.007997690412716437
2026-06-26,10,vol_ratio,5,0.009938846727767014,0.007741498526266502
2026-06-26,10,squeeze,1,-0.09647780921884652,-0.07014717585135567
2026-06-26,10,squeeze,2,-0.017218363252373803,-0.016870218189860467
2026-06-26,10,squeeze,3,-0.008540823467167002,-0.005258208560574424
2026-06-26,10,squeeze,4,0.015359952994575932,0.013192696290741988
2026-06-26,10,squeeze,5,0.0,0.003925035850506034
2026-06-26,10,composite,1,-0.06467661484996656,-0.054665726504790985
2026-06-26,10,composite,2,-0.0163879446998747,-0.02615057272271071
2026-06-26,10,composite,3,-0.01029596647587161,-0.016974078505275977
2026-06-26,10,composite,4,0.003236719970565627,0.012506681613795423
2026-06-26,10,composite,5,0.004665538671219771,0.010000494796274977
2026-06-26,10,mom5,1,-0.09145069177041276,-0.08505810281903813
2026-06-26,10,mom5,2,-0.023921568565108076,-0.0277988182265565
2026-06-26,10,mom5,3,0.0020687136542648643,0.005788164630962444
2026-06-26,10,mom5,4,0.0,0.003102608551403177
2026-06-26,10,mom5,5,0.019360230641475296,0.02875063396578184
2026-06-26,10,mom60_skip5,1,0.015748016714081325,-0.00030370311101596563
2026-06-26,10,mom60_skip5,2,0.0,0.010935144937585415
2026-06-26,10,mom60_skip5,3,-0.005980076508125043,-0.006305330078046944
2026-06-26,10,mom60_skip5,4,-0.004179724464846157,-0.0028550962331064873
2026-06-26,10,mom60_skip5,5,-0.08255030696152832,-0.07401135584301975
2026-06-26,10,mom60_riskadj,1,0.02100838231599389,0.011209709414602588
2026-06-26,10,mom60_riskadj,2,-0.009009000623754537,0.001879606194280374
2026-06-26,10,mom60_riskadj,3,-0.018421035295047683,-0.015492649434494814
2026-06-26,10,mom60_riskadj,4,-0.01378960463818868,-0.02044659068301932
2026-06-26,10,mom60_riskadj,5,-0.04126372236481224,-0.04969041581897256
2026-06-26,10,vol_5_50,1,-0.06547613007749098,-0.05631357671264529
2026-06-26,10,vol_5_50,2,-0.013157882353605488,-0.018378797956079843
2026-06-26,10,vol_5_50,3,0.0006157776491857447,0.0020305231037421483
2026-06-26,10,vol_5_50,4,-0.0018939549829700697,-0.0019175731336569448
2026-06-26,10,vol_5_50,5,0.0,0.002039084371036193
2026-06-26,10,squeeze_own,1,-0.005980076508125043,-0.02228124734624771
2026-06-26,10,squeeze_own,2,-0.017765930509680505,-0.011761637202564176
2026-06-26,10,squeeze_own,3,-0.015644124273826943,-0.008999162745058248
2026-06-26,10,squeeze_own,4,-0.0061888239516627586,-0.015485824998048493
2026-06-26,10,squeeze_own,5,-0.007776762364678336,-0.012650506132181223
2026-06-26,10,low_vol,1,-0.0984293733281365,-0.07703428936920194
2026-06-26,10,low_vol,2,-0.043103149986000455,-0.02862865615209704
2026-06-26,10,low_vol,3,0.0010548765152658124,0.0062026819629581766
2026-06-26,10,low_vol,4,0.01958109607091585,0.020984117934838772
2026-06-26,10,low_vol,5,0.0011792887958708143,0.003361592354898175
2026-06-26,10,near_high,1,-0.06842105098048068,-0.0586110305354985
2026-06-26,10,near_high,2,-0.015748016714081325,-0.006784758775665452
2026-06-26,10,near_high,3,-0.0018868459289966832,-0.017339085551406397
2026-06-26,10,near_high,4,0.0038709700549337533,0.008276531113779658
2026-06-26,10,near_high,5,-0.0034344286376999378,0.0019180034211869659
2026-06-26,10,vs_sma50,1,-0.03933437573829501,-0.03347749020765286
2026-06-26,10,vs_sma50,2,-0.01739128812274282,-0.014434570735949963
2026-06-26,10,vs_sma50,3,0.0006157776491857447,-0.008759452071861426
2026-06-26,10,vs_sma50,4,0.0,0.00825380135663898
2026-06-26,10,vs_sma50,5,-0.019881398441136677,-0.024122628668778463
2026-06-26,10,vs_sma20,1,-0.0701754398195269,-0.05906717831325707
2026-06-26,10,vs_sma20,2,0.0034769601904492964,-0.007277367931955888
2026-06-26,10,vs_sma20,3,-0.004118172435259582,-0.010790897863107602
2026-06-26,10,vs_sma20,4,-0.01461112018832339,-0.004799336787361043
2026-06-26,10,vs_sma20,5,0.011898073448161073,0.0066963793824065115
2026-06-26,10,rule5,1,-0.08055853557425274,-0.06751983447266387
2026-06-26,10,rule5,2,-0.0296609899806608,-0.029230499372745307
2026-06-26,10,rule5,3,0.0033783482640281637,0.0038459646541188345
2026-06-26,10,rule5,4,0.011502063924863082,0.012202270195178113
2026-06-26,10,rule5,5,0.0,0.008161758668508502
2026-06-26,10,rule5_mom20,1,-0.07142858248694739,-0.06457725999286044
2026-06-26,10,rule5_mom20,2,-0.03579412382354008,-0.02916866653403395
2026-06-26,10,rule5_mom20,3,0.0033783482640281637,0.005058531623615362
2026-06-26,10,rule5_mom20,4,0.017159817874159433,0.011907074099494555
2026-06-26,10,rule5_mom20,5,-0.002588974930769705,0.004239980476180737
2026-06-26,20,mom20,1,-0.11975027564151758,-0.10897836513591748
2026-06-26,20,mom20,2,-0.05386471770778467,-0.06956303733756458
2026-06-26,20,mom20,3,-0.024647864562796107,-0.036168816749878714
2026-06-26,20,mom20,4,-0.018491116909716998,-0.018939606097281955
2026-06-26,20,mom20,5,-0.022032339725937267,-0.03282273389839334
2026-06-26,20,vol_ratio,1,-0.11087954068840117,-0.13085731221772445
2026-06-26,20,vol_ratio,2,-0.048810286576980666,-0.06402224610748461
2026-06-26,20,vol_ratio,3,-0.027032644803604122,-0.03447336417672985
2026-06-26,20,vol_ratio,4,-0.011888434721615215,-0.005828719956872735
2026-06-26,20,vol_ratio,5,-0.02734561877915731,-0.03128105947782236
2026-06-26,20,squeeze,1,-0.16277118340879398,-0.15091364822799985
2026-06-26,20,squeeze,2,-0.06185796356476908,-0.058814626786913994
2026-06-26,20,squeeze,3,-0.0532687705845285,-0.04887733824179991
2026-06-26,20,squeeze,4,-0.007352369775364687,-0.006406176350308857
2026-06-26,20,squeeze,5,0.004451984255185448,-0.0015346563648734725
2026-06-26,20,composite,1,-0.13412773692539404,-0.1343144830033297
2026-06-26,20,composite,2,-0.07541296975863265,-0.08371335200722954
2026-06-26,20,composite,3,-0.03229056145608877,-0.0405693097949905
2026-06-26,20,composite,4,-0.018297752779921406,-0.0077942068110500124
2026-06-26,20,composite,5,0.004759155243934554,-0.00010679186432651876
2026-06-26,20,mom5,1,-0.1683071554104576,-0.16410824253322967
2026-06-26,20,mom5,2,-0.057707399448809926,-0.07088623855713605
2026-06-26,20,mom5,3,-0.025705106585652393,-0.03134359710726169
2026-06-26,20,mom5,4,-0.02112213401516183,-0.010812024840301832
2026-06-26,20,mom5,5,0.008731152995044345,0.010705597421466541
2026-06-26,20,mom60_skip5,1,-0.020801204500666026,-0.03052244354346788
2026-06-26,20,mom60_skip5,2,-0.022266271615605238,-0.009151576639278628
2026-06-26,20,mom60_skip5,3,-0.02405299595696303,-0.034496541648509876
2026-06-26,20,mom60_skip5,4,-0.03573542362901261,-0.03834467253980673
2026-06-26,20,mom60_skip5,5,-0.16414143664291236,-0.14782667772662775
2026-06-26,20,mom60_riskadj,1,-0.015759337524880013,-0.016083776634237115
2026-06-26,20,mom60_riskadj,2,-0.03041819906351345,-0.016006441504675974
2026-06-26,20,mom60_riskadj,3,-0.04562034231157064,-0.06697594936313613
2026-06-26,20,mom60_riskadj,4,-0.03880413753081835,-0.05698489823831036
2026-06-26,20,mom60_riskadj,5,-0.08481530648594426,-0.10462987851100691
2026-06-26,20,vol_5_50,1,-0.14414416591355395,-0.1366175749230372
2026-06-26,20,vol_5_50,2,-0.034970815245044085,-0.04883158624522402
2026-06-26,20,vol_5_50,3,-0.020607945052337207,-0.020041808557988358
2026-06-26,20,vol_5_50,4,-0.018200474160781577,-0.02191847118462727
2026-06-26,20,vol_5_50,5,-0.03388892279730904,-0.032983927766698486
2026-06-26,20,squeeze_own,1,-0.049472241910017034,-0.06656300122186623
2026-06-26,20,squeeze_own,2,-0.03846150319251662,-0.04049063745572475
2026-06-26,20,squeeze_own,3,-0.04562034231157064,-0.050333994165627324
2026-06-26,20,squeeze_own,4,-0.0398180185425101,-0.05295274701852478
2026-06-26,20,squeeze_own,5,-0.026010435646431684,-0.0482068479644665
2026-06-26,20,low_vol,1,-0.1654792173872327,-0.15513078023920066
2026-06-26,20,low_vol,2,-0.1111396922232783,-0.08168630616931791
2026-06-26,20,low_vol,3,-0.04188477754141884,-0.04178642171774966
2026-06-26,20,low_vol,4,0.007015654610151967,0.01040055069493145
2026-06-26,20,low_vol,5,0.001209176717039795,0.0016977377183014753
2026-06-26,20,near_high,1,-0.15350879639053794,-0.14255899248047
2026-06-26,20,near_high,2,-0.044751740465951206,-0.034260674786206126
2026-06-26,20,near_high,3,-0.0437639924215012,-0.06147259881010609
2026-06-26,20,near_high,4,-0.012984929265904943,-0.011664421277792523
2026-06-26,20,near_high,5,0.0009070502700996297,-0.010533791433446592
2026-06-26,20,vs_sma50,1,-0.07912090514797565,-0.08063648568528492
2026-06-26,20,vs_sma50,2,-0.04141023990828668,-0.06201520154904545
2026-06-26,20,vs_sma50,3,-0.027870375742008346,-0.04082842237306577
2026-06-26,20,vs_sma50,4,-0.018418499637102903,-0.021204862164189858
2026-06-26,20,vs_sma50,5,-0.050403225418804376,-0.0559028800644599
2026-06-26,20,vs_sma20,1,-0.12831731973962957,-0.13305692972254024
2026-06-26,20,vs_sma20,2,-0.030995415003898186,-0.05491496075616884
2026-06-26,20,vs_sma20,3,-0.02906980854295338,-0.04089476488417555
2026-06-26,20,vs_sma20,4,-0.036131007888899225,-0.03128297391376214
2026-06-26,20,vs_sma20,5,-0.008756636162030429,-0.006350406385030547
2026-06-26,20,rule5,1,-0.1633986958659308,-0.15139567129580297
2026-06-26,20,rule5,2,-0.06863244092440823,-0.07087536530708678
2026-06-26,20,rule5,3,-0.022654976382389114,-0.027531620261839026
2026-06-26,20,rule5,4,-0.0195818563788262,-0.01162904653139374
2026-06-26,20,rule5,5,0.004530784356956419,0.0009257957354332665
2026-06-26,20,rule5_mom20,1,-0.15744676620186204,-0.13858983039287726
2026-06-26,20,rule5_mom20,2,-0.07679231502339223,-0.08285383346931574
2026-06-26,20,rule5_mom20,3,-0.02641547577874931,-0.028709903754768947
2026-06-26,20,rule5_mom20,4,-0.015196453535112175,-0.011931163969565102
2026-06-26,20,rule5_mom20,5,0.004530784356956419,0.001500117089034653
2026-07-02,5,mom20,1,-0.03301883821769058,-0.01655500374930358
2026-07-02,5,mom20,2,-0.020295371713713484,-0.018955358450326247
2026-07-02,5,mom20,3,-0.0026845612669198493,-0.00035627215662362887
2026-07-02,5,mom20,4,-0.026402902918392257,-0.029036506216492154
2026-07-02,5,mom20,5,-0.01062758043465728,-0.008670849502070746
2026-07-02,5,vol_ratio,1,-0.03540329188678293,-0.011181871218383136
2026-07-02,5,vol_ratio,2,-0.012634167819261799,-0.016500740889783372
2026-07-02,5,vol_ratio,3,-0.018248157716151847,-0.01581492749266713
2026-07-02,5,vol_ratio,4,-0.006091622235397776,-0.009127922717836629
2026-07-02,5,vol_ratio,5,-0.026905803706885,-0.020817748802583524
2026-07-02,5,squeeze,1,-0.03448278130022209,-0.01001247252879572
2026-07-02,5,squeeze,2,-0.03116650294121165,-0.028966222229904096
2026-07-02,5,squeeze,3,-0.020109627220550985,-0.020309356428518704
2026-07-02,5,squeeze,4,-0.014338190719554944,-0.008011970389339913
2026-07-02,5,squeeze,5,-0.004149373488428698,-0.006209561059383209
2026-07-02,5,composite,1,-0.03301883821769058,-0.008500320438922066
2026-07-02,5,composite,2,-0.031201271071588432,-0.02946196634369485
2026-07-02,5,composite,3,-0.018604743487125486,-0.019900846321268685
2026-07-02,5,composite,4,-0.010824789159325054,-0.005171475193706174
2026-07-02,5,composite,5,-0.006944404891978451,-0.010461262343719212
2026-07-02,5,mom5,1,-0.0112722078721601,-0.012161442615381076
2026-07-02,5,mom5,2,-0.006827888028391738,-0.002986030732655599
2026-07-02,5,mom5,3,-0.0124435077435332,-0.01571723649077591
2026-07-02,5,mom5,4,-0.02395056046120153,-0.015005187664115323
2026-07-02,5,mom5,5,-0.03360371296287945,-0.02752865019604021
2026-07-02,5,mom60_skip5,1,-0.02977814616693425,-0.021887804570385878
2026-07-02,5,mom60_skip5,2,-0.01886790755296608,-0.017089502374950074
2026-07-02,5,mom60_skip5,3,-0.004728127857288822,0.0008520147176937449
2026-07-02,5,mom60_skip5,4,-0.01764711162210597,-0.015365812857098367
2026-07-02,5,mom60_skip5,5,-0.023783740705238032,-0.020586640008871632
2026-07-02,5,mom60_riskadj,1,-0.01123050412062604,-0.00525938429180687
2026-07-02,5,mom60_riskadj,2,-0.034482726727597,-0.03092787848151635
2026-07-02,5,mom60_riskadj,3,-0.014830359392842385,-0.007373289276504083
2026-07-02,5,mom60_riskadj,4,-0.017142840794154623,-0.017818979629427602
2026-07-02,5,mom60_riskadj,5,-0.010494694561146434,-0.012842430160669615
2026-07-02,5,vol_5_50,1,-0.03911825353321913,-0.009065406956274448
2026-07-02,5,vol_5_50,2,-0.022825617249368324,-0.027225743640512223
2026-07-02,5,vol_5_50,3,-0.0112722078721601,-0.010829261463874947
2026-07-02,5,vol_5_50,4,-0.0016618425528028835,-0.0042657113571735895
2026-07-02,5,vol_5_50,5,-0.02266321551513223,-0.022620257049234524
2026-07-02,5,squeeze_own,1,-0.014373654305780859,-0.01114061494837425
2026-07-02,5,squeeze_own,2,-0.01265829088137238,-0.003749894657814007
2026-07-02,5,squeeze_own,3,-0.02368400187565034,-0.02059047267011155
2026-07-02,5,squeeze_own,4,-0.018575833568184263,-0.018333568500449274
2026-07-02,5,squeeze_own,5,-0.021134547855463315,-0.02124660513562095
2026-07-02,5,low_vol,1,-0.05136983989811794,-0.025371619413937636
2026-07-02,5,low_vol,2,-0.0362578277939426,-0.027173230524182263
2026-07-02,5,low_vol,3,-0.01877714436213651,-0.01737330799978209
2026-07-02,5,low_vol,4,-0.004355293400014226,-0.001470370644019241
2026-07-02,5,low_vol,5,-0.0024153991225044358,-0.002072313753137122
2026-07-02,5,near_high,1,-0.038665362561154326,-0.015410535427784713
2026-07-02,5,near_high,2,-0.028335385740981822,-0.020368876881737878
2026-07-02,5,near_high,3,-0.01661681613374788,-0.021155374842986442
2026-07-02,5,near_high,4,-0.00952380087370197,-0.007738332265623729
2026-07-02,5,near_high,5,-0.008838376514597346,-0.00950850381357352
2026-07-02,5,vs_sma50,1,-0.0289123459078921,-0.022032747762783716
2026-07-02,5,vs_sma50,2,-0.02611111824094814,-0.02175419412678483
2026-07-02,5,vs_sma50,3,-0.014705868173635728,-0.010184125350138625
2026-07-02,5,vs_sma50,4,-0.010322578798308113,-0.006905160990633435
2026-07-02,5,vs_sma50,5,-0.01872187056057517,-0.013126357318413032
2026-07-02,5,vs_sma20,1,-0.021739110153428554,-0.0006264022705663746
2026-07-02,5,vs_sma20,2,-0.022281961040231446,-0.021460882512209203
2026-07-02,5,vs_sma20,3,-0.006622510282393357,-0.011917052929307125
2026-07-02,5,vs_sma20,4,-0.025413365841919888,-0.018718785700115426
2026-07-02,5,vs_sma20,5,-0.018575833568184263,-0.02080518130323521
2026-07-02,5,rule5,1,-0.04386576255495944,-0.01644691778471648
2026-07-02,5,rule5,2,-0.0298508060193573,-0.02915864138104299
2026-07-02,5,rule5,3,-0.018110200448076763,-0.01643661882970828
2026-07-02,5,rule5,4,-0.011235920031242297,-0.007409512022707629
2026-07-02,5,rule5,5,-0.002022939416917613,-0.004751946085549203
2026-07-02,5,rule5_mom20,1,-0.04386576255495944,-0.013864120081107429
2026-07-02,5,rule5_mom20,2,-0.029213402960848178,-0.03120398892137365
2026-07-02,5,rule5_mom20,3,-0.011661796231637989,-0.012081208971275757
2026-07-02,5,rule5_mom20,4,-0.014830359392842385,-0.010894447611825123
2026-07-02,5,rule5_mom20,5,-0.0034955768402042398,-0.006166781537383895
2026-07-02,10,mom20,1,-0.12338589419865664,-0.095428809820509
2026-07-02,10,mom20,2,-0.06433804554801414,-0.07334606478719322
2026-07-02,10,mom20,3,-0.010204071702683226,-0.020047355766954843
2026-07-02,10,mom20,4,-0.02789734281830758,-0.0429833440228084
2026-07-02,10,mom20,5,-0.01769916794731663,-0.0238973287263231
2026-07-02,10,vol_ratio,1,-0.07766988886684734,-0.07428139413313513
2026-07-02,10,vol_ratio,2,-0.02259971259203586,-0.03991572047162396
2026-07-02,10,vol_ratio,3,-0.026893787352423093,-0.048946631361870385
2026-07-02,10,vol_ratio,4,-0.03064394897510636,-0.04498739764631338
2026-07-02,10,vol_ratio,5,-0.04864087079881896,-0.047387980033114355
2026-07-02,10,squeeze,1,-0.10122697322583663,-0.08950334117879767
2026-07-02,10,squeeze,2,-0.07416580789654342,-0.07076439021517482
2026-07-02,10,squeeze,3,-0.04837292843190022,-0.05529871800581716
2026-07-02,10,squeeze,4,-0.025503818816153045,-0.03197885888964502
2026-07-02,10,squeeze,5,0.0,-0.008078143608007808
2026-07-02,10,composite,1,-0.11999998092651365,-0.08837601124864304
2026-07-02,10,composite,2,-0.08135417526252431,-0.09277151066494711
2026-07-02,10,composite,3,-0.0267229330031733,-0.043898071343955326
2026-07-02,10,composite,4,-0.011214417433461743,-0.014336657007755582
2026-07-02,10,composite,5,-0.010695176711511767,-0.01626672747171967
2026-07-02,10,mom5,1,-0.06976748312273762,-0.08142602087669755
2026-07-02,10,mom5,2,-0.018768303441663248,-0.037434276423376406
2026-07-02,10,mom5,3,-0.02004005898752559,-0.03988847184071588
2026-07-02,10,mom5,4,-0.023511869049748335,-0.04034569337928458
2026-07-02,10,mom5,5,-0.0619047056790627,-0.056383005287881795
2026-07-02,10,mom60_skip5,1,-0.04898196176614056,-0.05920256855812313
2026-07-02,10,mom60_skip5,2,-0.04773086552550465,-0.04764485347328559
2026-07-02,10,mom60_skip5,3,-0.00870407652415417,-0.016773094867174113
2026-07-02,10,mom60_skip5,4,-0.02966102265676962,-0.04139975266583448
2026-07-02,10,mom60_skip5,5,-0.08439764743983513,-0.09112475197301652
2026-07-02,10,mom60_riskadj,1,-0.022005645102165683,-0.032980162177711166
2026-07-02,10,mom60_riskadj,2,-0.07462685416409909,-0.06770159109925662
2026-07-02,10,mom60_riskadj,3,-0.026893787352423093,-0.050248683203341936
2026-07-02,10,mom60_riskadj,4,-0.030218484965774617,-0.04332109659396471
2026-07-02,10,mom60_riskadj,5,-0.032057906695071414,-0.062219686521337456
2026-07-02,10,vol_5_50,1,-0.0951614728059042,-0.08886421424433563
2026-07-02,10,vol_5_50,2,-0.06917746741138814,-0.06820413671458067
2026-07-02,10,vol_5_50,3,-0.017077835411197118,-0.026912349566127168
2026-07-02,10,vol_5_50,4,-0.0059370901402426846,-0.022821937860839987
2026-07-02,10,vol_5_50,5,-0.047914614624292695,-0.04839255151027038
2026-07-02,10,squeeze_own,1,-0.025210158955061512,-0.048374290438333585
2026-07-02,10,squeeze_own,2,-0.03195163108780641,-0.04051068306575992
2026-07-02,10,squeeze_own,3,-0.04227436316952904,-0.05353832914060043
2026-07-02,10,squeeze_own,4,-0.027210938968575293,-0.04392842317855889
2026-07-02,10,squeeze_own,5,-0.05647843084138393,-0.07053016883176104
2026-07-02,10,low_vol,1,-0.1366336695365653,-0.11941470943163808
2026-07-02,10,low_vol,2,-0.10437358467956603,-0.08672867439041199
2026-07-02,10,low_vol,3,-0.04947912058560078,-0.041175255442735335
2026-07-02,10,low_vol,4,-0.010694075769246303,-0.011805684082939989
2026-07-02,10,low_vol,5,0.008333391834189907,0.003525484845788565
2026-07-02,10,near_high,1,-0.11798214355331604,-0.0956873233754182
2026-07-02,10,near_high,2,-0.07937502861022949,-0.07828368310675331
2026-07-02,10,near_high,3,-0.049261113828934944,-0.054589394607812564
2026-07-02,10,near_high,4,-0.019413156816576627,-0.025679127098934093
2026-07-02,10,near_high,5,0.006399998970618825,-0.002215696312087442
2026-07-02,10,vs_sma50,1,-0.1092352914577035,-0.09176897907197458
2026-07-02,10,vs_sma50,2,-0.052684582015963155,-0.05733352855954309
2026-07-02,10,vs_sma50,3,-0.03607174791074974,-0.04312782313670215
2026-07-02,10,vs_sma50,4,-0.015492530117617143,-0.02931982580046164
2026-07-02,10,vs_sma50,5,-0.017503158344053027,-0.03374041846612282
2026-07-02,10,vs_sma20,1,-0.10330578186710504,-0.08992958998791585
2026-07-02,10,vs_sma20,2,-0.053214969214859076,-0.059621403873374654
2026-07-02,10,vs_sma20,3,-0.019413156816576627,-0.03981206827714231
2026-07-02,10,vs_sma20,4,-0.025029716983099137,-0.029596290281878043
2026-07-02,10,vs_sma20,5,-0.02846198383879639,-0.03658500266456106
2026-07-02,10,rule5,1,-0.11898552297577031,-0.09875247517344402
2026-07-02,10,rule5,2,-0.08888889085118168,-0.08955968588431756
2026-07-02,10,rule5,3,-0.04837292843190022,-0.046034112361254084
2026-07-02,10,rule5,4,-0.016806806028663912,-0.01522958792130924
2026-07-02,10,rule5,5,0.004529659077234349,-0.00683389952158298
2026-07-02,10,rule5_mom20,1,-0.1333268337439265,-0.10228595944188228
2026-07-02,10,rule5_mom20,2,-0.08333334910175805,-0.08605522937510268
2026-07-02,10,rule5_mom20,3,-0.047058779530595896,-0.04599473854411121
2026-07-02,10,rule5_mom20,4,-0.01233483159624571,-0.014609690459774094
2026-07-02,10,rule5_mom20,5,0.004022752364440274,-0.007439650524638269
2026-07-02,20,mom20,1,-0.15651323418477936,-0.1337854014416271
2026-07-02,20,mom20,2,-0.08595992482838066,-0.09465138711307367
2026-07-02,20,mom20,3,-0.04964435288952257,-0.0480954897461296
2026-07-02,20,mom20,4,-0.06274467912878995,-0.07973346049847026
2026-07-02,20,mom20,5,-0.04108827831639533,-0.014722642135617392
2026-07-02,20,vol_ratio,1,-0.09103094122273714,-0.09325070840571953
2026-07-02,20,vol_ratio,2,-0.06675828078809076,-0.07259115420731674
2026-07-02,20,vol_ratio,3,-0.07069495996119385,-0.07073979652237854
2026-07-02,20,vol_ratio,4,-0.05654340335471131,-0.07145674291003039
2026-07-02,20,vol_ratio,5,-0.06199137324427667,-0.06294997888947282
2026-07-02,20,squeeze,1,-0.1518403224281153,-0.13047874012376592
2026-07-02,20,squeeze,2,-0.10387892839727536,-0.08315815886626
2026-07-02,20,squeeze,3,-0.07874218417213324,-0.0737253102715589
2026-07-02,20,squeeze,4,-0.05264098487484958,-0.05674080362716682
2026-07-02,20,squeeze,5,-0.029076959420757942,-0.026885368046166327
2026-07-02,20,composite,1,-0.15673632270960758,-0.14595615577350218
2026-07-02,20,composite,2,-0.10238520188769029,-0.09852193710534726
2026-07-02,20,composite,3,-0.0818541270333662,-0.044817302320943525
2026-07-02,20,composite,4,-0.03801802544436517,-0.0412404098234963
2026-07-02,20,composite,5,-0.034903464312648236,-0.04045257591162877
2026-07-02,20,mom5,1,-0.12039336077300816,-0.11009933592338667
2026-07-02,20,mom5,2,-0.04955851304291409,-0.060516693591289354
2026-07-02,20,mom5,3,-0.048852096090324815,-0.0649152000887278
2026-07-02,20,mom5,4,-0.054297212260252026,-0.04141470378787388
2026-07-02,20,mom5,5,-0.09941768436882997,-0.0940424475436403
2026-07-02,20,mom60_skip5,1,-0.07947020233527058,-0.04552454357107797
2026-07-02,20,mom60_skip5,2,-0.05263154831829964,-0.060430689492986744
2026-07-02,20,mom60_skip5,3,-0.04806854274282385,-0.04134662668709387
2026-07-02,20,mom60_skip5,4,-0.06409524756423557,-0.08609486006976377
2026-07-02,20,mom60_skip5,5,-0.14774677722832552,-0.13799122670899922
2026-07-02,20,mom60_riskadj,1,-0.04208405475551136,-0.03604569281072146
2026-07-02,20,mom60_riskadj,2,-0.09293953790706311,-0.050706453597225455
2026-07-02,20,mom60_riskadj,3,-0.08288922651356656,-0.10310493111178312
2026-07-02,20,mom60_riskadj,4,-0.06388893721034905,-0.07710588381684162
2026-07-02,20,mom60_riskadj,5,-0.09444442310450929,-0.10479041894734216
2026-07-02,20,vol_5_50,1,-0.1578665719765714,-0.123665784054898
2026-07-02,20,vol_5_50,2,-0.08834947905539015,-0.08484557742005294
2026-07-02,20,vol_5_50,3,-0.05568440239082395,-0.04987337379667986
2026-07-02,20,vol_5_50,4,-0.02824129288867605,-0.03091880879845987
2026-07-02,20,vol_5_50,5,-0.07751938213730991,-0.08083988368326184
2026-07-02,20,squeeze_own,1,-0.0647482261185841,-0.07932519789740909
2026-07-02,20,squeeze_own,2,-0.05973076678097422,-0.06778599406019141
2026-07-02,20,squeeze_own,3,-0.08006279625113877,-0.06212239029821507
2026-07-02,20,squeeze_own,4,-0.06790726751349968,-0.07522305615764355
2026-07-02,20,squeeze_own,5,-0.08907242169440477,-0.08839926843585974
2026-07-02,20,low_vol,1,-0.2019889557812924,-0.14804659194049355
2026-07-02,20,low_vol,2,-0.13992965032054344,-0.1154688193885818
2026-07-02,20,low_vol,3,-0.08723543366047548,-0.06636073028701991
2026-07-02,20,low_vol,4,-0.027554585793425956,-0.02929747880419259
2026-07-02,20,low_vol,5,-0.01207702379122616,-0.011814760514630157
2026-07-02,20,near_high,1,-0.16793886947364822,-0.11917036540433433
2026-07-02,20,near_high,2,-0.09743592439710358,-0.09170670046183108
2026-07-02,20,near_high,3,-0.08153620688067881,-0.062036795043288885
2026-07-02,20,near_high,4,-0.05947949942850439,-0.06640405710149366
2026-07-02,20,near_high,5,-0.024742244931687862,-0.032192455550667104
2026-07-02,20,vs_sma50,1,-0.1292270630164758,-0.13387864144916536
2026-07-02,20,vs_sma50,2,-0.06666669978035689,-0.05059535587848
2026-07-02,20,vs_sma50,3,-0.05874125455670154,-0.04635171073583281
2026-07-02,20,vs_sma50,4,-0.05515591698108946,-0.07502000743829662
2026-07-02,20,vs_sma50,5,-0.04972371105774864,-0.06423728114273593
2026-07-02,20,vs_sma20,1,-0.14622586437423424,-0.1363455618482112
2026-07-02,20,vs_sma20,2,-0.07505143397357916,-0.07636185551837434
2026-07-02,20,vs_sma20,3,-0.04160275579955924,-0.037681017419981956
2026-07-02,20,vs_sma20,4,-0.06301689711162128,-0.052538236653194376
2026-07-02,20,vs_sma20,5,-0.06409890504964383,-0.06806170949515614
2026-07-02,20,rule5,1,-0.183745581252717,-0.127928412279749
2026-07-02,20,rule5,2,-0.11304347645808255,-0.10489319118532571
2026-07-02,20,rule5,3,-0.08390794312058014,-0.0669811757640114
2026-07-02,20,rule5,4,-0.032738065038745545,-0.042123465871562654
2026-07-02,20,rule5,5,-0.026417535567817896,-0.02961338515162144
2026-07-02,20,rule5_mom20,1,-0.18233087137775195,-0.12672154831711901
2026-07-02,20,rule5_mom20,2,-0.09859154220139099,-0.09835783748840392
2026-07-02,20,rule5_mom20,3,-0.08595992482838066,-0.06530100208176395
2026-07-02,20,rule5_mom20,4,-0.04951198888264852,-0.0527469322665665
2026-07-02,20,rule5_mom20,5,-0.026417535567817896,-0.02840236824230883
2026-07-10,5,mom20,1,-0.08115002539648969,-0.08205715388137258
2026-07-10,5,mom20,2,-0.026933413922903493,-0.031983789796906255
2026-07-10,5,mom20,3,-0.011594172344612685,-0.02749521125315681
2026-07-10,5,mom20,4,0.0,-0.006044634192506116
2026-07-10,5,mom20,5,-0.023181599822273302,-0.022315209014997776
2026-07-10,5,vol_ratio,1,-0.04319550998816718,-0.049256768369875206
2026-07-10,5,vol_ratio,2,-0.026689118572616577,-0.03924514501872351
2026-07-10,5,vol_ratio,3,-0.012600190428998292,-0.02912880474788209
2026-07-10,5,vol_ratio,4,-0.006531196417318419,-0.015152022426792108
2026-07-10,5,vol_ratio,5,-0.03439517697916694,-0.03712233309508175
2026-07-10,5,squeeze,1,-0.07618786293402668,-0.07229536921745017
2026-07-10,5,squeeze,2,-0.04786320333139127,-0.04433036402328892
2026-07-10,5,squeeze,3,-0.024880405131808336,-0.02814363377075023
2026-07-10,5,squeeze,4,-0.019130244757267267,-0.02227900068154991
2026-07-10,5,squeeze,5,0.002448236458698738,-0.0028512327932202807
2026-07-10,5,composite,1,-0.08559052547595053,-0.08012230440568703
2026-07-10,5,composite,2,-0.043698588661121585,-0.052499674262802366
2026-07-10,5,composite,3,-0.01746723254120064,-0.017137766771288008
2026-07-10,5,composite,4,0.0,-0.002636292707146084
2026-07-10,5,composite,5,-0.009097222633640045,-0.017442418633783437
2026-07-10,5,mom5,1,-0.08107283703984441,-0.07641609045094956
2026-07-10,5,mom5,2,-0.02994059075173089,-0.041253011967874564
2026-07-10,5,mom5,3,-0.014841199773858338,-0.02431112857842001
2026-07-10,5,mom5,4,-0.000863915747157884,-0.003801934600623113
2026-07-10,5,mom5,5,-0.01654980058330202,-0.024096143192879296
2026-07-10,5,mom60_skip5,1,-0.03694370999332186,-0.034339202317173016
2026-07-10,5,mom60_skip5,2,-0.02884612739438741,-0.029874311022726252
2026-07-10,5,mom60_skip5,3,-0.01804911541150689,-0.032304950124965016
2026-07-10,5,mom60_skip5,4,-0.01629636255916378,-0.030355591207626147
2026-07-10,5,mom60_skip5,5,-0.031398033509902445,-0.04393908519617448
2026-07-10,5,mom60_riskadj,1,-0.023278439866581846,-0.024221347348832984
2026-07-10,5,mom60_riskadj,2,-0.02906980854295338,-0.03086949095433799
2026-07-10,5,mom60_riskadj,3,-0.05269337283824255,-0.06227833792486235
2026-07-10,5,mom60_riskadj,4,-0.018248157716151847,-0.029638416679028005
2026-07-10,5,mom60_riskadj,5,-0.004385995488172534,-0.02397299605545778
2026-07-10,5,vol_5_50,1,-0.07112743708776625,-0.06930065219038264
2026-07-10,5,vol_5_50,2,-0.016949137131806236,-0.033754364571229586
2026-07-10,5,vol_5_50,3,-0.009510892716241282,-0.020544550797821932
2026-07-10,5,vol_5_50,4,-0.019448873015861512,-0.02156439297563629
2026-07-10,5,vol_5_50,5,-0.02912618662434696,-0.02457311893511024
2026-07-10,5,squeeze_own,1,-0.018248157716151847,-0.026371766820426717
2026-07-10,5,squeeze_own,2,-0.029297749838220644,-0.037277035613952854
2026-07-10,5,squeeze_own,3,-0.020920556182319916,-0.039263552551544914
2026-07-10,5,squeeze_own,4,-0.025260703630076375,-0.02854805122784732
2026-07-10,5,squeeze_own,5,-0.040983664223788296,-0.04015543806580208
2026-07-10,5,low_vol,1,-0.08477010785517508,-0.0831720293402425
2026-07-10,5,low_vol,2,-0.06811210332436635,-0.05602266315948141
2026-07-10,5,low_vol,3,-0.020105776107743223,-0.018769249847457606
2026-07-10,5,low_vol,4,-0.014838371585474519,-0.014334786925707742
2026-07-10,5,low_vol,5,0.008715301953205912,0.002451208697314713
2026-07-10,5,near_high,1,-0.08871597739146264,-0.08342376762545005
2026-07-10,5,near_high,2,-0.04885990069351753,-0.0502270334105381
2026-07-10,5,near_high,3,-0.0263690905342705,-0.02991243684347092
2026-07-10,5,near_high,4,-0.008516942722585519,-0.015930766135677805
2026-07-10,5,near_high,5,0.009708682130449064,0.008694230142457933
2026-07-10,5,vs_sma50,1,-0.09092996974763007,-0.0773712011114669
2026-07-10,5,vs_sma50,2,-0.026809625769762868,-0.03478096187103486
2026-07-10,5,vs_sma50,3,-0.017517173945617914,-0.021548603368977678
2026-07-10,5,vs_sma50,4,-0.00526317797209086,-0.02039878780666431
2026-07-10,5,vs_sma50,5,-0.004629625030506013,-0.015592438446556025
2026-07-10,5,vs_sma20,1,-0.0982233555128218,-0.08903106073700084
2026-07-10,5,vs_sma20,2,-0.03832606771648078,-0.04391764821789605
2026-07-10,5,vs_sma20,3,-0.007597333877945034,-0.016045322996475733
2026-07-10,5,vs_sma20,4,0.0,-0.0068629844967324
2026-07-10,5,vs_sma20,5,-0.011834770814159012,-0.01397537120051961
2026-07-10,5,rule5,1,-0.09558823078252043,-0.08118273919792746
2026-07-10,5,rule5,2,-0.05857744717956315,-0.06241635380528477
2026-07-10,5,rule5,3,-0.02017949073221159,-0.022518203045416966
2026-07-10,5,rule5,4,-0.0009546757534755201,-0.004996493018301295
2026-07-10,5,rule5,5,0.002865326772472976,0.0003553237629557633
2026-07-10,5,rule5_mom20,1,-0.1026616758921659,-0.09137490998148187
2026-07-10,5,rule5_mom20,2,-0.056818195672567295,-0.050195992375521414
2026-07-10,5,rule5_mom20,3,-0.01920006892981574,-0.01841461486070555
2026-07-10,5,rule5_mom20,4,0.0,-0.011847141119310081
2026-07-10,5,rule5_mom20,5,0.0,0.0010971181067018013
2026-07-10,10,mom20,1,-0.11841293611644127,-0.11155878841175709
2026-07-10,10,mom20,2,-0.04651165208409025,-0.060317041358487304
2026-07-10,10,mom20,3,-0.03529408464794692,-0.04818944168057002
2026-07-10,10,mom20,4,-0.039647547524566895,-0.036671734256561374
2026-07-10,10,mom20,5,-0.06852424811593016,-0.0730231013676379
2026-07-10,10,vol_ratio,1,-0.09368347080818251,-0.09939771091092424
2026-07-10,10,vol_ratio,2,-0.05982900496613697,-0.06506680536612122
2026-07-10,10,vol_ratio,3,-0.05278881822559012,-0.06202064829098842
2026-07-10,10,vol_ratio,4,-0.03546093534484218,-0.041898889462719496
2026-07-10,10,vol_ratio,5,-0.0652740898697205,-0.06150832040995037
2026-07-10,10,squeeze,1,-0.11955647146975118,-0.12055669106702713
2026-07-10,10,squeeze,2,-0.09031316915223975,-0.08668129284721042
2026-07-10,10,squeeze,3,-0.04965223682696773,-0.04329871601600299
2026-07-10,10,squeeze,4,-0.05298016120569693,-0.05700276437292295
2026-07-10,10,squeeze,5,-0.02005815154216689,-0.022452890304853042
2026-07-10,10,composite,1,-0.12298490536241902,-0.1170023044955916
2026-07-10,10,composite,2,-0.08199353203337711,-0.08429161953007411
2026-07-10,10,composite,3,-0.049338183338885955,-0.05170934287132527
2026-07-10,10,composite,4,-0.03322255978385491,-0.03321922261188527
2026-07-10,10,composite,5,-0.040189389903705686,-0.04367118405345777
2026-07-10,10,mom5,1,-0.12763275124437878,-0.13217490149610198
2026-07-10,10,mom5,2,-0.06222226884629989,-0.060867290408530866
2026-07-10,10,mom5,3,-0.05252918053305755,-0.0588416544341753
2026-07-10,10,mom5,4,-0.02577319638307707,-0.029777699522372334
2026-07-10,10,mom5,5,-0.04867220348261686,-0.04812249691977465
2026-07-10,10,mom60_skip5,1,-0.049338183338885955,-0.0520406199223099
2026-07-10,10,mom60_skip5,2,-0.05385102718736501,-0.05836667013718549
2026-07-10,10,mom60_skip5,3,-0.055064912578410175,-0.06717390363253797
2026-07-10,10,mom60_skip5,4,-0.058309490046730916,-0.0631903426457324
2026-07-10,10,mom60_skip5,5,-0.0861243803540801,-0.09041998893154865
2026-07-10,10,mom60_riskadj,1,-0.03379420265651756,-0.027052429766485833
2026-07-10,10,mom60_riskadj,2,-0.06487417067768708,-0.07292591642963618
2026-07-10,10,mom60_riskadj,3,-0.09248271454254126,-0.10372213832762388
2026-07-10,10,mom60_riskadj,4,-0.0629847346086429,-0.05830355418031538
2026-07-10,10,mom60_riskadj,5,-0.05817747593847611,-0.06944570272459458
2026-07-10,10,vol_5_50,1,-0.11420201195960666,-0.11512284444764477
2026-07-10,10,vol_5_50,2,-0.05982900496613697,-0.06775556011806287
2026-07-10,10,vol_5_50,3,-0.04090717322544102,-0.04797358572424302
2026-07-10,10,vol_5_50,4,-0.049618275458282346,-0.05074475023264315
2026-07-10,10,vol_5_50,5,-0.05252918053305755,-0.048576376583254734
2026-07-10,10,squeeze_own,1,-0.06706379123258399,-0.05251687506559657
2026-07-10,10,squeeze_own,2,-0.06393989634516234,-0.07053508398593776
2026-07-10,10,squeeze_own,3,-0.05127752008470382,-0.06588329677821611
2026-07-10,10,squeeze_own,4,-0.05120655318592232,-0.0612414246502541
2026-07-10,10,squeeze_own,5,-0.06242888428706811,-0.0788412495589438
2026-07-10,10,low_vol,1,-0.12314070475412514,-0.1304090700190468
2026-07-10,10,low_vol,2,-0.09183672641890273,-0.08591677923375521
2026-07-10,10,low_vol,3,-0.05357137839404824,-0.05260545652005238
2026-07-10,10,low_vol,4,-0.05495682003044977,-0.044887911788839566
2026-07-10,10,low_vol,5,-0.0151120344632667,-0.016153289125803168
2026-07-10,10,near_high,1,-0.13333332518227103,-0.13348824846775523
2026-07-10,10,near_high,2,-0.06671827114146334,-0.06488754336451204
2026-07-10,10,near_high,3,-0.06767753434952217,-0.06618418159482496
2026-07-10,10,near_high,4,-0.03537750999639455,-0.04467494933759104
2026-07-10,10,near_high,5,-0.028688594270410817,-0.021884064839164472
2026-07-10,10,vs_sma50,1,-0.11707317810694018,-0.11120827420871911
2026-07-10,10,vs_sma50,2,-0.052356034340015234,-0.05819798054061442
2026-07-10,10,vs_sma50,3,-0.03435496209352418,-0.044479071061331144
2026-07-10,10,vs_sma50,4,-0.048979641486583625,-0.05306613843182198
2026-07-10,10,vs_sma50,5,-0.05495682003044977,-0.06320213043507746
2026-07-10,10,vs_sma20,1,-0.1314498572881675,-0.1267864161688597
2026-07-10,10,vs_sma20,2,-0.065015491302446,-0.07539256921543593
2026-07-10,10,vs_sma20,3,-0.02777775202268362,-0.039121834099008025
2026-07-10,10,vs_sma20,4,-0.029020642262138407,-0.030702687105658818
2026-07-10,10,vs_sma20,5,-0.06165181502651945,-0.05775681644785388
2026-07-10,10,rule5,1,-0.1378897162197662,-0.13076952383253626
2026-07-10,10,rule5,2,-0.0771284928455187,-0.0858727024399936
2026-07-10,10,rule5,3,-0.05241192956839619,-0.05647678875623976
2026-07-10,10,rule5,4,-0.033260185102817086,-0.03446940949456154
2026-07-10,10,rule5,5,-0.028688594270410817,-0.023536553172102435
2026-07-10,10,rule5_mom20,1,-0.1378897162197662,-0.13565423511281377
2026-07-10,10,rule5_mom20,2,-0.07721791452122773,-0.07776847364720557
2026-07-10,10,rule5_mom20,3,-0.04774564678533694,-0.04743286393372148
2026-07-10,10,rule5_mom20,4,-0.03488358403726133,-0.04804447147301832
2026-07-10,10,rule5_mom20,5,-0.03253182651895736,-0.022204972122882
2026-07-10,20,mom20,1,-0.028133242005245362,-0.028620317489680157
2026-07-10,20,mom20,2,0.021331604266962012,0.013755590825651755
2026-07-10,20,mom20,3,0.01319259968853359,0.021673058185681868
2026-07-10,20,mom20,4,0.005671087160484811,0.02176926637450431
2026-07-10,20,mom20,5,-0.02835717610646199,-0.017063812990078978
2026-07-10,20,vol_ratio,1,-0.036245905317860205,-0.032590509463919295
2026-07-10,20,vol_ratio,2,0.01319259968853359,0.021104819355017373
2026-07-10,20,vol_ratio,3,-0.009752446750560417,-0.01569008871710927
2026-07-10,20,vol_ratio,4,0.033831652548010016,0.045437419818454804
2026-07-10,20,vol_ratio,5,-0.02340454437150108,-0.006783110335973016
2026-07-10,20,squeeze,1,-0.05378655644738578,-0.050011115097266905
2026-07-10,20,squeeze,2,-0.027108408427407582,-0.014274225958447247
2026-07-10,20,squeeze,3,0.00983605634714424,0.04134247542511682
2026-07-10,20,squeeze,4,0.01319259968853359,0.012833617279689444
2026-07-10,20,squeeze,5,0.016149478953841112,0.02152694409787846
2026-07-10,20,composite,1,-0.040220167825995023,-0.0346965347882311
2026-07-10,20,composite,2,0.017804214500629856,0.0048970076863003725
2026-07-10,20,composite,3,0.010204071702683226,-0.0018857221241822672
2026-07-10,20,composite,4,0.01481480042466754,0.032960540856095816
2026-07-10,20,composite,5,-0.009064341280380084,0.010120570559609176
2026-07-10,20,mom5,1,-0.027819548052963383,-0.053423214078777044
2026-07-10,20,mom5,2,0.021276575700436062,0.03735304700853748
2026-07-10,20,mom5,3,-0.021958959259275046,-0.001287759238254627
2026-07-10,20,mom5,4,0.016752550607619154,0.030394114116218687
2026-07-10,20,mom5,5,-0.010319726814000119,-0.0014709501988642343
2026-07-10,20,mom60_skip5,1,0.018404890477013325,0.030931712129947928
2026-07-10,20,mom60_skip5,2,-0.006665967788394567,0.0010007613417413322
2026-07-10,20,mom60_skip5,3,-0.0004071366215371852,-0.016497707617791534
2026-07-10,20,mom60_skip5,4,-0.01606540799066769,0.001636046254189634
2026-07-10,20,mom60_skip5,5,0.004643943973454023,-0.006646202808762562
2026-07-10,20,mom60_riskadj,1,0.028497444690130935,0.052316159657220904
2026-07-10,20,mom60_riskadj,2,-0.022008546778206572,-0.011865866660724896
2026-07-10,20,mom60_riskadj,3,-0.03312787276859619,-0.050332331748714806
2026-07-10,20,mom60_riskadj,4,0.005227885894579676,0.024108333304382504
2026-07-10,20,mom60_riskadj,5,0.004643943973454023,-0.003937042599672401
2026-07-10,20,vol_5_50,1,-0.051829292005119876,-0.05342805140249521
2026-07-10,20,vol_5_50,2,0.009708728874782357,0.018798795854527477
2026-07-10,20,vol_5_50,3,0.020275137994183012,0.016047304034321936
2026-07-10,20,vol_5_50,4,0.019524093891854388,0.03194616168284648
2026-07-10,20,vol_5_50,5,-0.023898479484215307,-0.0016574358136728833
2026-07-10,20,squeeze_own,1,-0.024936240665437814,-0.0130318134434097
2026-07-10,20,squeeze_own,2,-0.0019262453952957892,0.006452070284035363
2026-07-10,20,squeeze_own,3,0.02149611678920027,0.024068509458479954
2026-07-10,20,squeeze_own,4,0.004477142407201873,0.007779387850504688
2026-07-10,20,squeeze_own,5,-0.019335929421908482,-0.013214032387308483
2026-07-10,20,low_vol,1,-0.06245049908316369,-0.05467078563159505
2026-07-10,20,low_vol,2,-0.02876111221880806,-0.017872163722658617
2026-07-10,20,low_vol,3,0.023573147703674247,0.04110797557066068
2026-07-10,20,low_vol,4,0.004999995231628418,0.015933978281272007
2026-07-10,20,low_vol,5,0.019327732448301327,0.026914624156974418
2026-07-10,20,near_high,1,-0.06432962348166049,-0.06202630279450605
2026-07-10,20,near_high,2,0.012473728270648077,0.03818277368429288
2026-07-10,20,near_high,3,0.013594199663153894,0.01613144119420928
2026-07-10,20,near_high,4,0.005596284586391054,0.000742186144012703
2026-07-10,20,near_high,5,0.00819671330225158,0.017779523926312497
2026-07-10,20,vs_sma50,1,-0.0366666316986084,-0.029765784741470583
2026-07-10,20,vs_sma50,2,0.021331604266962012,0.031898338551852395
2026-07-10,20,vs_sma50,3,0.00720752889298526,0.003400866580744677
2026-07-10,20,vs_sma50,4,-0.00968616835230418,-0.0036203058582500863
2026-07-10,20,vs_sma50,5,-0.007013997799095395,0.009723009334083913
2026-07-10,20,vs_sma20,1,-0.046242581637405855,-0.04850771462378808
2026-07-10,20,vs_sma20,2,0.021276575700436062,0.021024331918546028
2026-07-10,20,vs_sma20,3,0.005671087160484811,0.003747619919524314
2026-07-10,20,vs_sma20,4,0.017513118032310926,0.022406889212697623
2026-07-10,20,vs_sma20,5,-0.009719307551432299,0.01278699695501518
2026-07-10,20,rule5,1,-0.06194694933404732,-0.05025543897108109
2026-07-10,20,rule5,2,0.010979464277722895,0.005277770835308046
2026-07-10,20,rule5,3,0.010217583775654515,0.011268378283405489
2026-07-10,20,rule5,4,0.012480395504351427,0.020409123718795507
2026-07-10,20,rule5,5,0.005671087160484811,0.024008664666748072
2026-07-10,20,rule5_mom20,1,-0.06295404883228006,-0.05851048619864813
2026-07-10,20,rule5_mom20,2,0.015579226131399615,0.018111225393196536
2026-07-10,20,rule5_mom20,3,0.009764036108766971,0.00991343051526338
2026-07-10,20,rule5_mom20,4,0.015174382952588217,0.014395107738398822
2026-07-10,20,rule5_mom20,5,0.002243809515929396,0.026829748966581912
2026-07-17,5,mom20,1,-0.031764759736902626,-0.05103939940674362
2026-07-17,5,mom20,2,-0.02793293485019055,-0.0342840558468171
2026-07-17,5,mom20,3,-0.019989123249989693,-0.022507245028229074
2026-07-17,5,mom20,4,-0.029246303141672425,-0.028576724335522635
2026-07-17,5,mom20,5,-0.04668539861448018,-0.0500409160960566
2026-07-17,5,vol_ratio,1,-0.04382465956723891,-0.05515268545750108
2026-07-17,5,vol_ratio,2,-0.03594767880809413,-0.04439521359943336
2026-07-17,5,vol_ratio,3,-0.029672323582086158,-0.032877447326992014
2026-07-17,5,vol_ratio,4,-0.02320183432950995,-0.02714930831053019
2026-07-17,5,vol_ratio,5,-0.028168988071767043,-0.0269297411664733
2026-07-17,5,squeeze,1,-0.056000041961669966,-0.06719776115854832
2026-07-17,5,squeeze,2,-0.042653989878622345,-0.0428814769822364
2026-07-17,5,squeeze,3,-0.04185498497062751,-0.04129747309993495
2026-07-17,5,squeeze,4,-0.02068524265448901,-0.016782836042780268
2026-07-17,5,squeeze,5,-0.019073658540314065,-0.018390362230256703
2026-07-17,5,composite,1,-0.0368664328626489,-0.05372388722758073
2026-07-17,5,composite,2,-0.03233827777093101,-0.04757368610295322
2026-07-17,5,composite,3,-0.03615164003937982,-0.033516700503578835
2026-07-17,5,composite,4,-0.027865610472957658,-0.03399232356737131
2026-07-17,5,composite,5,-0.023255901635817477,-0.017701253882021976
2026-07-17,5,mom5,1,-0.04026841986292473,-0.05599950241056709
2026-07-17,5,mom5,2,-0.023437478172126713,-0.02636064123412301
2026-07-17,5,mom5,3,-0.021641621260317323,-0.02742486684925823
2026-07-17,5,mom5,4,-0.028192383147420896,-0.028978969400664342
2026-07-17,5,mom5,5,-0.04036693539284997,-0.04771094255832951
2026-07-17,5,mom60_skip5,1,-0.022389460710054432,-0.027510224816860235
2026-07-17,5,mom60_skip5,2,-0.0265848283378044,-0.029952742489589762
2026-07-17,5,mom60_skip5,3,-0.032051494474601705,-0.029619937703775617
2026-07-17,5,mom60_skip5,4,-0.03333330305795679,-0.04187753005248447
2026-07-17,5,mom60_skip5,5,-0.05026450952731798,-0.05797865291546683
2026-07-17,5,mom60_riskadj,1,-0.017450299837560412,-0.017312273248151253
2026-07-17,5,mom60_riskadj,2,-0.030674817461688986,-0.034957168013939076
2026-07-17,5,mom60_riskadj,3,-0.03679175553413322,-0.0428931900211097
2026-07-17,5,mom60_riskadj,4,-0.04382465956723891,-0.04608253125364628
2026-07-17,5,mom60_riskadj,5,-0.0364885204961537,-0.045743976673534456
2026-07-17,5,vol_5_50,1,-0.044202092674587856,-0.0492154159597047
2026-07-17,5,vol_5_50,2,-0.03150740198736213,-0.03379451406912719
2026-07-17,5,vol_5_50,3,-0.021587974678738964,-0.023512722268113035
2026-07-17,5,vol_5_50,4,-0.027374457406814545,-0.02560096611642126
2026-07-17,5,vol_5_50,5,-0.041885865977095316,-0.05448904667782004
2026-07-17,5,squeeze_own,1,-0.034805655633286414,-0.048556024080810826
2026-07-17,5,squeeze_own,2,-0.038683072272503116,-0.046771213009998445
2026-07-17,5,squeeze_own,3,-0.028418906086502382,-0.028720404897108365
2026-07-17,5,squeeze_own,4,-0.03674832299867503,-0.032802548511195316
2026-07-17,5,squeeze_own,5,-0.018935361059912392,-0.030130981658298292
2026-07-17,5,low_vol,1,-0.0588235706606518,-0.06940739540262982
2026-07-17,5,low_vol,2,-0.033342743523774976,-0.04263155485928949
2026-07-17,5,low_vol,3,-0.02773612303799744,-0.0319698089423422
2026-07-17,5,low_vol,4,-0.03366211716306222,-0.02636525860758218
2026-07-17,5,low_vol,5,-0.0190641479857927,-0.016127673745455727
2026-07-17,5,near_high,1,-0.04650109552754228,-0.06192976905054519
2026-07-17,5,near_high,2,-0.021580624264857684,-0.028848100874098996
2026-07-17,5,near_high,3,-0.03273954299412807,-0.037996034345783844
2026-07-17,5,near_high,4,-0.027830888818113575,-0.021949809104757054
2026-07-17,5,near_high,5,-0.029860468947211338,-0.03608921246805655
2026-07-17,5,vs_sma50,1,-0.028892428216299115,-0.047053469454354596
2026-07-17,5,vs_sma50,2,-0.030936055285221475,-0.031440197857731327
2026-07-17,5,vs_sma50,3,-0.021541800408795386,-0.022333744491883304
2026-07-17,5,vs_sma50,4,-0.026659954944508568,-0.03461476052297892
2026-07-17,5,vs_sma50,5,-0.04567280387076106,-0.05118224247350627
2026-07-17,5,vs_sma20,1,-0.035369742381433755,-0.0474704472749676
2026-07-17,5,vs_sma20,2,-0.031403307949123715,-0.044019696729704745
2026-07-17,5,vs_sma20,3,-0.02421416390865011,-0.02988530488809509
2026-07-17,5,vs_sma20,4,-0.01941745710747278,-0.01958958851131834
2026-07-17,5,vs_sma20,5,-0.046391768414455026,-0.0455231847139312
2026-07-17,5,rule5,1,-0.045210316972821685,-0.06003070663335045
2026-07-17,5,rule5,2,-0.030524337243488076,-0.043619743176620956
2026-07-17,5,rule5,3,-0.03306951905696931,-0.03008862525277676
2026-07-17,5,rule5,4,-0.02526775598486869,-0.03241819837362231
2026-07-17,5,rule5,5,-0.02438392464293465,-0.020655652406871144
2026-07-17,5,rule5_mom20,1,-0.04157375793094348,-0.05594003702017902
2026-07-17,5,rule5_mom20,2,-0.034571328672298784,-0.045681355384927944
2026-07-17,5,rule5_mom20,3,-0.021549150822676666,-0.026041648062907714
2026-07-17,5,rule5_mom20,4,-0.03344438054097437,-0.036463389582758646
2026-07-17,5,rule5_mom20,5,-0.025946192700356197,-0.022686495792468297
2026-07-17,10,mom20,1,-0.04901956201103741,-0.07039559463497055
2026-07-17,10,mom20,2,-0.017543843138140613,-0.029148305388070388
2026-07-17,10,mom20,3,-0.02569908169175772,-0.020604924162771793
2026-07-17,10,mom20,4,-0.020000003633044994,-0.023560663584816635
2026-07-17,10,mom20,5,-0.021331604266962012,-0.024597330490841632
2026-07-17,10,vol_ratio,1,-0.05154638664158917,-0.048556299839868144
2026-07-17,10,vol_ratio,2,-0.031026205180340827,-0.04624391772455003
2026-07-17,10,vol_ratio,3,-0.014549275421922137,-0.026909088432119005
2026-07-17,10,vol_ratio,4,-0.025380746598692716,-0.022786294091016117
2026-07-17,10,vol_ratio,5,-0.022293047555013712,-0.0238452947375358
2026-07-17,10,squeeze,1,-0.05511805849928453,-0.06437494410411872
2026-07-17,10,squeeze,2,-0.03990021221037687,-0.045143264991036054
2026-07-17,10,squeeze,3,-0.02504244862260646,-0.03168001414442676
2026-07-17,10,squeeze,4,-0.014886171204747889,-0.015670057721632567
2026-07-17,10,squeeze,5,-0.018126871243736797,-0.011498402651509093
2026-07-17,10,composite,1,-0.049586826526647365,-0.07095566205997714
2026-07-17,10,composite,2,-0.04201686480785671,-0.032151852991925856
2026-07-17,10,composite,3,-0.02507892577977866,-0.028770659852119237
2026-07-17,10,composite,4,-0.011749305162341295,-0.021397900700992793
2026-07-17,10,composite,5,-0.02102100145542729,-0.015074881768290306
2026-07-17,10,mom5,1,-0.043437207886589335,-0.03918188949590378
2026-07-17,10,mom5,2,-0.022968134471452073,-0.03535611739896803
2026-07-17,10,mom5,3,-0.018514239869529547,-0.02072238190196505
2026-07-17,10,mom5,4,-0.016055084751787074,-0.023256216981605293
2026-07-17,10,mom5,5,-0.03281848800921294,-0.0497908473897272
2026-07-17,10,mom60_skip5,1,-0.017013704463153423,-0.011296170265680125
2026-07-17,10,mom60_skip5,2,-0.024549867901483946,-0.02069317663679734
2026-07-17,10,mom60_skip5,3,-0.029919673607673558,-0.037608502621976084
2026-07-17,10,mom60_skip5,4,-0.015927229116078467,-0.03301214189908681
2026-07-17,10,mom60_skip5,5,-0.048796940195353855,-0.06551307497216471
2026-07-17,10,mom60_riskadj,1,-0.016870348985725814,-0.006793619527807012
2026-07-17,10,mom60_riskadj,2,-0.03121740351490032,-0.020578448576819057
2026-07-17,10,mom60_riskadj,3,-0.031177786842587818,-0.04957874233416408
2026-07-17,10,mom60_riskadj,4,-0.03009261788777262,-0.04415117241182643
2026-07-17,10,mom60_riskadj,5,-0.024193916025705586,-0.04708099823233175
2026-07-17,10,vol_5_50,1,-0.04812835997278453,-0.0465790053952061
2026-07-17,10,vol_5_50,2,-0.022190694965797397,-0.024292283095005352
2026-07-17,10,vol_5_50,3,-0.014545633012410242,-0.01406393177291102
2026-07-17,10,vol_5_50,4,-0.010661253504743617,-0.011875957589474285
2026-07-17,10,vol_5_50,5,-0.05176197695630724,-0.07086028231389817
2026-07-17,10,squeeze_own,1,-0.03270037140110016,-0.05127487748020139
2026-07-17,10,squeeze_own,2,-0.030195438120007467,-0.02671317774356744
2026-07-17,10,squeeze_own,3,-0.029596663594634476,-0.03680522210736788
2026-07-17,10,squeeze_own,4,-0.018587342473125656,-0.024169673792829367
2026-07-17,10,squeeze_own,5,-0.018544255367024143,-0.029144775777176547
2026-07-17,10,low_vol,1,-0.07352940970226152,-0.07411541165812821
2026-07-17,10,low_vol,2,-0.03554427134018684,-0.03672824244039702
2026-07-17,10,low_vol,3,-0.017543843138140613,-0.026524314181741473
2026-07-17,10,low_vol,4,-0.015730370778665403,-0.01758481911684854
2026-07-17,10,low_vol,5,-0.017123245541218357,-0.012906875349937652
2026-07-17,10,near_high,1,-0.054622635649790696,-0.04989581132425476
2026-07-17,10,near_high,2,-0.02209759212904605,-0.03801189668636718
2026-07-17,10,near_high,3,-0.026532757020347075,-0.02631816931591097
2026-07-17,10,near_high,4,-0.018370849841343906,-0.020371631394120487
2026-07-17,10,near_high,5,-0.019708730370258887,-0.03342119901542998
2026-07-17,10,vs_sma50,1,-0.04000001795151653,-0.05434732367837285
2026-07-17,10,vs_sma50,2,-0.026755827241100705,-0.0132197994772163
2026-07-17,10,vs_sma50,3,-0.018805719371569607,-0.01795252562515593
2026-07-17,10,vs_sma50,4,-0.026838575634039963,-0.029201985791217935
2026-07-17,10,vs_sma50,5,-0.021812325910987862,-0.05290760647342774
2026-07-17,10,vs_sma20,1,-0.043437207886589335,-0.04012971490775555
2026-07-17,10,vs_sma20,2,-0.03636370926848953,-0.049082697905487936
2026-07-17,10,vs_sma20,3,-0.024261264401496785,-0.028754505622239333
2026-07-17,10,vs_sma20,4,-0.012935848035346642,-0.009405834481153145
2026-07-17,10,vs_sma20,5,-0.030303002154437042,-0.040978117136507834
2026-07-17,10,rule5,1,-0.05593953641300664,-0.060164053893262855
2026-07-17,10,rule5,2,-0.0389559703655471,-0.04173853106089776
2026-07-17,10,rule5,3,-0.021595328914017276,-0.022971229793904722
2026-07-17,10,rule5,4,-0.009736200895414548,-0.022714947695860875
2026-07-17,10,rule5,5,-0.022393920148225,-0.02042994529215717
2026-07-17,10,rule5_mom20,1,-0.05348639347840439,-0.05238858635467729
2026-07-17,10,rule5_mom20,2,-0.0442024871573522,-0.052149319766275105
2026-07-17,10,rule5_mom20,3,-0.012635222600497764,-0.01046856935241685
2026-07-17,10,rule5_mom20,4,-0.019451012303437598,-0.029664104440622424
2026-07-17,10,rule5_mom20,5,-0.01894613467967088,-0.023348127822091728
2026-07-17,20,mom20,1,0.07219257183331829,0.061824454071903893
2026-07-17,20,mom20,2,0.058823552327814665,0.0670349548774766
2026-07-17,20,mom20,3,0.025573251071741576,0.048662152516168615
2026-07-17,20,mom20,4,0.02439030468732617,0.014025502071037445
2026-07-17,20,mom20,5,0.011357733806024894,0.022114989121192453
2026-07-17,20,vol_ratio,1,0.0,0.007550028219550316
2026-07-17,20,vol_ratio,2,0.028248628284956778,0.0177419512428734
2026-07-17,20,vol_ratio,3,0.05130093520452306,0.05301142030118723
2026-07-17,20,vol_ratio,4,0.0470329536186469,0.058811016315804154
2026-07-17,20,vol_ratio,5,0.045267479483247275,0.0765711461339586
2026-07-17,20,squeeze,1,0.04044485385688934,0.031443112351383445
2026-07-17,20,squeeze,2,0.05217396802848251,0.04759855653842712
2026-07-17,20,squeeze,3,0.055642173471767475,0.05189048021582003
2026-07-17,20,squeeze,4,0.029812946839044452,0.05101807377748805
2026-07-17,20,squeeze,5,0.022428021780660057,0.031729280194658475
2026-07-17,20,composite,1,0.04109585014510864,0.0395832237034295
2026-07-17,20,composite,2,0.05504581737815473,0.05323880017044472
2026-07-17,20,composite,3,0.04140537883288764,0.041746352208120736
2026-07-17,20,composite,4,0.03341738615662937,0.03260995491707684
2026-07-17,20,composite,5,0.022428021780660057,0.04644633895433939
2026-07-17,20,mom5,1,0.05060035680179187,0.04559807757159508
2026-07-17,20,mom5,2,0.058823552327814665,0.07277437646389745
2026-07-17,20,mom5,3,0.058816720038575854,0.04836112608350428
2026-07-17,20,mom5,4,0.031553426711631305,0.04098736399026904
2026-07-17,20,mom5,5,0.0,0.005939481378606852
2026-07-17,20,mom60_skip5,1,0.0703283401880842,0.06659798488650917
2026-07-17,20,mom60_skip5,2,0.039568393757721365,0.06676890241354548
2026-07-17,20,mom60_skip5,3,0.020673191363029253,0.018562139876327176
2026-07-17,20,mom60_skip5,4,0.01676831318199623,0.022019740404894215
2026-07-17,20,mom60_skip5,5,0.05837082527966386,0.04059277217266433
2026-07-17,20,mom60_riskadj,1,0.07616239747237386,0.07494961886063511
2026-07-17,20,mom60_riskadj,2,0.029812946839044452,0.050639691891438146
2026-07-17,20,mom60_riskadj,3,0.020795740140586383,0.020288380046017275
2026-07-17,20,mom60_riskadj,4,0.025935560165825544,0.042040663671653766
2026-07-17,20,mom60_riskadj,5,0.022966162337892615,0.026644335896938737
2026-07-17,20,vol_5_50,1,0.018987323148685453,0.023046052233817137
2026-07-17,20,vol_5_50,2,0.03678778164800878,0.04354311507105608
2026-07-17,20,vol_5_50,3,0.06525170306353312,0.08429967193874004
2026-07-17,20,vol_5_50,4,0.034109376149743076,0.05528700401106265
2026-07-17,20,vol_5_50,5,0.0195232672385085,0.01115586650691405
2026-07-17,20,squeeze_own,1,0.010495238852823996,0.021296317991967236
2026-07-17,20,squeeze_own,2,0.025961583429541246,0.046099311226825104
2026-07-17,20,squeeze_own,3,0.05376861827101442,0.0464426431956153
2026-07-17,20,squeeze_own,4,0.06469853528325387,0.0673803005899522
2026-07-17,20,squeeze_own,5,0.028984461216736368,0.03345715679848453
2026-07-17,20,low_vol,1,0.008264454667762822,0.017908669346451057
2026-07-17,20,low_vol,2,0.081980970287868,0.06683750736466983
2026-07-17,20,low_vol,3,0.055084796703196215,0.05639867454992295
2026-07-17,20,low_vol,4,0.030679328660188077,0.043473906161683395
2026-07-17,20,low_vol,5,0.019484567499402417,0.030396709257110743
2026-07-17,20,near_high,1,0.04789275811505378,0.03638135424423723
2026-07-17,20,near_high,2,0.08129076686622616,0.11104526915429233
2026-07-17,20,near_high,3,0.04471819002014499,0.037773549983129914
2026-07-17,20,near_high,4,0.03068318677533788,0.03742169418996623
2026-07-17,20,near_high,5,-0.003326715132850211,-0.007267765311173288
2026-07-17,20,vs_sma50,1,0.08641974400173069,0.06884679573151209
2026-07-17,20,vs_sma50,2,0.05588813103386503,0.07639176792061367
2026-07-17,20,vs_sma50,3,0.035214306417685526,0.05579141094113808
2026-07-17,20,vs_sma50,4,0.012920902676586188,0.014812687442987476
2026-07-17,20,vs_sma50,5,0.009001106987001739,0.001240130641112043
2026-07-17,20,vs_sma20,1,0.07383628198052294,0.07065064494855261
2026-07-17,20,vs_sma20,2,0.05536326851354634,0.06347651681357735
2026-07-17,20,vs_sma20,3,0.03904515869667147,0.04119857925069193
2026-07-17,20,vs_sma20,4,0.024248867078105585,0.036699536217740455
2026-07-17,20,vs_sma20,5,-0.000677292830972287,0.001596431787943814
2026-07-17,20,rule5,1,0.04162074843187591,0.03913186029063679
2026-07-17,20,rule5,2,0.06311218912715899,0.0629521979091139
2026-07-17,20,rule5,3,0.055267847730389175,0.04532357273168881
2026-07-17,20,rule5,4,0.02682442414948749,0.03778181823147994
2026-07-17,20,rule5,5,0.01887475032074637,0.030164653097532985
2026-07-17,20,rule5_mom20,1,0.054827122957539776,0.051061194404915425
2026-07-17,20,rule5_mom20,2,0.05781131646549664,0.05781094089528366
2026-07-17,20,rule5_mom20,3,0.05520454294585053,0.05444584429656284
2026-07-17,20,rule5_mom20,4,0.02908496212170275,0.03151843642170755
2026-07-17,20,rule5_mom20,5,0.010224243624159413,0.020517686241982944
2026-07-24,5,mom20,1,-0.003861000306814355,-0.01806650727638574
2026-07-24,5,mom20,2,0.006881254327766206,0.003548764947919925
2026-07-24,5,mom20,3,0.0,-0.004908304448500158
2026-07-24,5,mom20,4,0.0,0.0011989077112289452
2026-07-24,5,mom20,5,0.019927585609043952,0.01618739106512971
2026-07-24,5,vol_ratio,1,-0.01840493916776309,-0.0265068190484055
2026-07-24,5,vol_ratio,2,0.0071403697759910845,0.0031122090952764333
2026-07-24,5,vol_ratio,3,0.018939375124797264,0.02164414044997361
2026-07-24,5,vol_ratio,4,0.00544611393555805,0.011156001707673903
2026-07-24,5,vol_ratio,5,-0.00345221339698476,-0.011379621321375405
2026-07-24,5,squeeze,1,-0.004659761341436752,-0.018748594168609814
2026-07-24,5,squeeze,2,0.0012345372313258274,-0.0020336881900348595
2026-07-24,5,squeeze,3,0.008064508376086854,0.009666026826501374
2026-07-24,5,squeeze,4,0.004893509204807689,0.004752489437609789
2026-07-24,5,squeeze,5,0.002933530802473383,0.004310025877294647
2026-07-24,5,composite,1,-0.0037174684946251757,-0.014920960200785722
2026-07-24,5,composite,2,-0.0027443148118898586,-0.004577932846452837
2026-07-24,5,composite,3,0.004008068672392895,0.0012944795293888137
2026-07-24,5,composite,4,0.00912808730057768,0.008420057349788406
2026-07-24,5,composite,5,0.0042017380819985295,0.007738363007758758
2026-07-24,5,mom5,1,0.007188434155189327,-0.00908728568161122
2026-07-24,5,mom5,2,0.01898668295728423,0.01851781965831154
2026-07-24,5,mom5,3,0.007551524301689705,0.003686626993150444
2026-07-24,5,mom5,4,-0.0028498127890716485,-0.0075224850114341945
2026-07-24,5,mom5,5,-0.014925414128692638,-0.007591336634970584
2026-07-24,5,mom60_skip5,1,0.0,-0.002984637583526989
2026-07-24,5,mom60_skip5,2,0.0042017380819985295,0.005694075816300529
2026-07-24,5,mom60_skip5,3,-0.0020421874627724046,0.004238352082207576
2026-07-24,5,mom60_skip5,4,0.011356050318072963,0.01002961412198402
2026-07-24,5,mom60_skip5,5,0.003885045910154372,-0.01888456994563796
2026-07-24,5,mom60_riskadj,1,0.002476825866490895,0.0015920012315305413
2026-07-24,5,mom60_riskadj,2,-0.0035523944085211756,0.0012905800069874759
2026-07-24,5,mom60_riskadj,3,0.0020080884873985294,0.004641863177523497
2026-07-24,5,mom60_riskadj,4,0.0032310146593914624,-0.0038877040132075423
2026-07-24,5,mom60_riskadj,5,0.0071403697759910845,-0.005668331625737273
2026-07-24,5,vol_5_50,1,-0.013058588104050806,-0.026864982201805818
2026-07-24,5,vol_5_50,2,0.014386005620339759,0.01271978842637238
2026-07-24,5,vol_5_50,3,0.012434775384970287,0.019577721959044128
2026-07-24,5,vol_5_50,4,0.0024708096449359562,0.013398631157598009
2026-07-24,5,vol_5_50,5,0.0008566208182515522,-0.021049385350585557
2026-07-24,5,squeeze_own,1,-0.0058997272547841595,-0.02172259286386046
2026-07-24,5,squeeze_own,2,-0.004980098697693114,-0.00338530210256986
2026-07-24,5,squeeze_own,3,0.015297872722718653,0.012432590657333004
2026-07-24,5,squeeze_own,4,0.014124280467537442,0.015698591125877275
2026-07-24,5,squeeze_own,5,0.0,-0.005209909935250566
2026-07-24,5,low_vol,1,-0.01675976091011433,-0.029944145128611543
2026-07-24,5,low_vol,2,0.010428641074685996,0.01065191576647409
2026-07-24,5,low_vol,3,0.01805950145973101,0.016048607146370755
2026-07-24,5,low_vol,4,0.007486482350095636,0.003511884215720139
2026-07-24,5,low_vol,5,-0.0016000366210937589,-0.0028075785549281735
2026-07-24,5,near_high,1,-0.011811230395677774,-0.017743549712404823
2026-07-24,5,near_high,2,0.0,-0.0038474461048476783
2026-07-24,5,near_high,3,0.01453714908140813,0.014535089383622026
2026-07-24,5,near_high,4,0.0048076878990646055,0.002600243145999838
2026-07-24,5,near_high,5,0.002375188426268382,0.0025021494762097734
2026-07-24,5,vs_sma50,1,-0.011811230395677774,-0.020303815424038012
2026-07-24,5,vs_sma50,2,0.0,-0.0010831286463579984
2026-07-24,5,vs_sma50,3,0.00456191997135591,0.011403932672814539
2026-07-24,5,vs_sma50,4,0.008528052458767754,0.00662204613472482
2026-07-24,5,vs_sma50,5,0.006403570252511592,0.0011427392534797988
2026-07-24,5,vs_sma20,1,-0.003861000306814355,-0.015439615029072134
2026-07-24,5,vs_sma20,2,0.0027782350628540176,0.0034953561357606686
2026-07-24,5,vs_sma20,3,0.007551524301689705,-0.007315312641034757
2026-07-24,5,vs_sma20,4,0.007249166842382859,0.015184696701768748
2026-07-24,5,vs_sma20,5,-0.007293367218396352,0.0021312122125107134
2026-07-24,5,rule5,1,-0.011811230395677774,-0.032211496848249005
2026-07-24,5,rule5,2,0.014124280467537442,0.021509398495189343
2026-07-24,5,rule5,3,0.008064508376086854,0.0041555053746405125
2026-07-24,5,rule5,4,0.009523800152860362,0.012404950513456742
2026-07-24,5,rule5,5,0.0002385291990731897,-0.007639774346746572
2026-07-24,5,rule5_mom20,1,-0.010293110382762816,-0.030096822726778334
2026-07-24,5,rule5_mom20,2,0.007973414221812192,0.010447040380616177
2026-07-24,5,rule5_mom20,3,0.009933685954220062,0.009574262730641103
2026-07-24,5,rule5_mom20,4,0.016988923298884018,0.014862604523889147
2026-07-24,5,rule5_mom20,5,-0.002773650116629056,-0.006590626350272483
2026-07-24,10,mom20,1,0.08883080466377247,0.10133532520142104
2026-07-24,10,mom20,2,0.08911664791303875,0.08654799462474855
2026-07-24,10,mom20,3,0.057077624079448386,0.055263186419281705
2026-07-24,10,mom20,4,0.05162120564979833,0.07297958569068282
2026-07-24,10,mom20,5,0.042253566057856906,0.06619621544589073
2026-07-24,10,vol_ratio,1,0.045698944888840964,0.051992133233797665
2026-07-24,10,vol_ratio,2,0.056344959324875155,0.071164019689921
2026-07-24,10,vol_ratio,3,0.09339403944448965,0.10309762289897705
2026-07-24,10,vol_ratio,4,0.07380260958225326,0.08415812649249782
2026-07-24,10,vol_ratio,5,0.0703703903203472,0.07188140207281052
2026-07-24,10,squeeze,1,0.09486166492124792,0.10383801448052717
2026-07-24,10,squeeze,2,0.07603479460105678,0.09091905909876415
2026-07-24,10,squeeze,3,0.06790124319835589,0.07532664855873158
2026-07-24,10,squeeze,4,0.06373590384781258,0.06273010788036397
2026-07-24,10,squeeze,5,0.03900084009029792,0.0494679365820083
2026-07-24,10,composite,1,0.09166657560401847,0.106944756207383
2026-07-24,10,composite,2,0.08498754431016065,0.08707798521966909
2026-07-24,10,composite,3,0.05235603434001512,0.06122253961524697
2026-07-24,10,composite,4,0.06373590384781258,0.06625932882160554
2026-07-24,10,composite,5,0.045770544889315756,0.06077500602657431
2026-07-24,10,mom5,1,0.0703703903203472,0.07790164108900795
2026-07-24,10,mom5,2,0.07775671041999643,0.0991883783755439
2026-07-24,10,mom5,3,0.08247421261405008,0.09447524626010662
2026-07-24,10,mom5,4,0.04457765684590065,0.04325482385505083
2026-07-24,10,mom5,5,0.05937504768371582,0.06738439450517873
2026-07-24,10,mom60_skip5,1,0.08173364236613556,0.10230339256671603
2026-07-24,10,mom60_skip5,2,0.0763723549621278,0.06845818282017331
2026-07-24,10,mom60_skip5,3,0.04914938199560237,0.05527300387935113
2026-07-24,10,mom60_skip5,4,0.060085883900585335,0.07710811499058592
2026-07-24,10,mom60_skip5,5,0.07452200889173,0.07932110393945857
2026-07-24,10,mom60_riskadj,1,0.07609460472316998,0.08201935132354737
2026-07-24,10,mom60_riskadj,2,0.07860695988656108,0.08550520623457698
2026-07-24,10,mom60_riskadj,3,0.06568361509551379,0.06399922214670876
2026-07-24,10,mom60_riskadj,4,0.060085883900585335,0.07516342933026947
2026-07-24,10,mom60_riskadj,5,0.061599487971318756,0.07594206524466464
2026-07-24,10,vol_5_50,1,0.05942218076691186,0.059329940095664245
2026-07-24,10,vol_5_50,2,0.08882189036554533,0.10626863859097538
2026-07-24,10,vol_5_50,3,0.07626483668473205,0.08787285195599866
2026-07-24,10,vol_5_50,4,0.07416076177842224,0.08081015303343989
2026-07-24,10,vol_5_50,5,0.04559994479140739,0.047419861360900005
2026-07-24,10,squeeze_own,1,0.06167405554207672,0.06612577862018636
2026-07-24,10,squeeze_own,2,0.07089558134208751,0.08388451454995673
2026-07-24,10,squeeze_own,3,0.07829179401178532,0.08040566501133894
2026-07-24,10,squeeze_own,4,0.0764919752063542,0.09246530029955492
2026-07-24,10,squeeze_own,5,0.0517554700723859,0.05975553286540304
2026-07-24,10,low_vol,1,0.06798867180790791,0.08521216574933649
2026-07-24,10,low_vol,2,0.08572615317054644,0.09082859173890208
2026-07-24,10,low_vol,3,0.09111005208344414,0.09552659624984533
2026-07-24,10,low_vol,4,0.060201642434350444,0.07052822325364895
2026-07-24,10,low_vol,5,0.03472217510137399,0.03781158126589175
2026-07-24,10,near_high,1,0.09364296445522013,0.10331776378756438
2026-07-24,10,near_high,2,0.07278481418554295,0.09024080240279586
2026-07-24,10,near_high,3,0.09189186751015299,0.08653868290883537
2026-07-24,10,near_high,4,0.05061081341844731,0.05740584870229045
2026-07-24,10,near_high,5,0.0351545453950769,0.04519227006371428
2026-07-24,10,vs_sma50,1,0.09364296445522013,0.09428088442860685
2026-07-24,10,vs_sma50,2,0.07710608610958347,0.08394456608675178
2026-07-24,10,vs_sma50,3,0.07120771564379158,0.0738487629991799
2026-07-24,10,vs_sma50,4,0.04745996344245906,0.05916907705966054
2026-07-24,10,vs_sma50,5,0.0496462034954378,0.07045815446277909
2026-07-24,10,vs_sma20,1,0.09242426398919235,0.10647414937745178
2026-07-24,10,vs_sma20,2,0.0944106931313674,0.08687162762893924
2026-07-24,10,vs_sma20,3,0.05263159788114935,0.061562082354776386
2026-07-24,10,vs_sma20,4,0.07800599551229903,0.08516566399823734
2026-07-24,10,vs_sma20,5,0.023622025071121877,0.04233505789373556
2026-07-24,10,rule5,1,0.08817560978753503,0.08930907595589241
2026-07-24,10,rule5,2,0.08289469019858076,0.10845062901500414
2026-07-24,10,rule5,3,0.08138964369995749,0.08484687650044404
2026-07-24,10,rule5,4,0.04517382071251075,0.0518459986194527
2026-07-24,10,rule5,5,0.037181696519856366,0.04831888617802497
2026-07-24,10,rule5_mom20,1,0.07732226241177731,0.09027989654801595
2026-07-24,10,rule5_mom20,2,0.09395972134148689,0.1095477340635067
2026-07-24,10,rule5_mom20,3,0.06798867180790791,0.07449129964653588
2026-07-24,10,rule5_mom20,4,0.05937504768371582,0.063816035701789
2026-07-24,10,rule5_mom20,5,0.0297047530445127,0.04465533062339387
2026-07-24,20,mom20,1,0.0633803071116823,0.0926987440142217
2026-07-24,20,mom20,2,0.10291249619384146,0.08835506411092625
2026-07-24,20,mom20,3,0.06501950456161398,0.07798186015508252
2026-07-24,20,mom20,4,0.07436826887152237,0.08689483934522224
2026-07-24,20,mom20,5,0.053608346482635794,0.06251638699379573
2026-07-24,20,vol_ratio,1,0.05346208720982082,0.09489501073872243
2026-07-24,20,vol_ratio,2,0.07243295529292038,0.08435427289911343
2026-07-24,20,vol_ratio,3,0.08682177305064154,0.09182815053199102
2026-07-24,20,vol_ratio,4,0.0689040249508237,0.05766399927187174
2026-07-24,20,vol_ratio,5,0.07384205846867276,0.07947627751351423
2026-07-24,20,squeeze,1,0.06189549131566108,0.09710596647845236
2026-07-24,20,squeeze,2,0.09815674625063775,0.09805291818850827
2026-07-24,20,squeeze,3,0.06322254265556393,0.0741420424880177
2026-07-24,20,squeeze,4,0.07399191386818349,0.07514836487323942
2026-07-24,20,squeeze,5,0.05346208720982082,0.06398347417451762
2026-07-24,20,composite,1,0.06629732320269999,0.11171631092142303
2026-07-24,20,composite,2,0.09600001970926919,0.09164459161123822
2026-07-24,20,composite,3,0.059987243427055637,0.06856793549321001
2026-07-24,20,composite,4,0.07523103531601238,0.06857031235740602
2026-07-24,20,composite,5,0.053608346482635794,0.0678440545843332
2026-07-24,20,mom5,1,0.06501950456161398,0.0981491784244486
2026-07-24,20,mom5,2,0.09487500481773181,0.0904603939055712
2026-07-24,20,mom5,3,0.08365312163666028,0.09212209747432762
2026-07-24,20,mom5,4,0.053793771959555925,0.0565816260369517
2026-07-24,20,mom5,5,0.06274901562097646,0.07093906165026917
2026-07-24,20,mom60_skip5,1,0.09050448138759948,0.09387280178606427
2026-07-24,20,mom60_skip5,2,0.08365312163666028,0.08294070874474727
2026-07-24,20,mom60_skip5,3,0.059632968826334176,0.06604145683475533
2026-07-24,20,mom60_skip5,4,0.06631764627853554,0.08474289169076499
2026-07-24,20,mom60_skip5,5,0.057322099596074594,0.056309720720294304
2026-07-24,20,mom60_riskadj,1,0.08285696835762679,0.0840214180009257
2026-07-24,20,mom60_riskadj,2,0.08761524470514193,0.09565832697593406
2026-07-24,20,mom60_riskadj,3,0.07004829953420466,0.06667540485547414
2026-07-24,20,mom60_riskadj,4,0.05346208720982082,0.06482144901035042
2026-07-24,20,mom60_riskadj,5,0.060259342631199586,0.07268535679207717
2026-07-24,20,vol_5_50,1,0.046103233837142654,0.04366821933074045
2026-07-24,20,vol_5_50,2,0.09556120574984128,0.10643170605957702
2026-07-24,20,vol_5_50,3,0.07931032723795717,0.08632535227106455
2026-07-24,20,vol_5_50,4,0.08513745282744067,0.0932490447629046
2026-07-24,20,vol_5_50,5,0.043681855960971405,0.052618299009210404
2026-07-24,20,squeeze_own,1,0.0633803071116823,0.06329446420411326
2026-07-24,20,squeeze_own,2,0.07176466549144078,0.08084597600696748
2026-07-24,20,squeeze_own,3,0.07692307169803692,0.0846851308305108
2026-07-24,20,squeeze_own,4,0.07304974640665352,0.07369790451991326
2026-07-24,20,squeeze_own,5,0.07335696348103804,0.08005784613636517
2026-07-24,20,low_vol,1,0.03636360089641055,0.039528571355077924
2026-07-24,20,low_vol,2,0.10482193843267551,0.0990890618056216
2026-07-24,20,low_vol,3,0.10024560048892095,0.11077578615245126
2026-07-24,20,low_vol,4,0.0702354268319143,0.09085278504927416
2026-07-24,20,low_vol,5,0.03828116929116421,0.040225858976615736
2026-07-24,20,near_high,1,0.05372876193598097,0.059825536824649736
2026-07-24,20,near_high,2,0.11678829639745181,0.11756646349098718
2026-07-24,20,near_high,3,0.10031345689743443,0.08707977010272692
2026-07-24,20,near_high,4,0.06501950456161398,0.06742469883803945
2026-07-24,20,near_high,5,0.041589388026923246,0.052277401319955424
2026-07-24,20,vs_sma50,1,0.06366170323253206,0.06208205716351779
2026-07-24,20,vs_sma50,2,0.1049070906394094,0.1058160719210434
2026-07-24,20,vs_sma50,3,0.07454071364314341,0.0865752559256464
2026-07-24,20,vs_sma50,4,0.06270613300037908,0.06352254672318552
2026-07-24,20,vs_sma50,5,0.053793771959555925,0.06429668970010394
2026-07-24,20,vs_sma20,1,0.10174725296697607,0.09732109840027159
2026-07-24,20,vs_sma20,2,0.10024560048892095,0.10069439866141304
2026-07-24,20,vs_sma20,3,0.06391919707843607,0.058389967032121445
2026-07-24,20,vs_sma20,4,0.07461679467081972,0.09292080976755561
2026-07-24,20,vs_sma20,5,0.03402106934783311,0.0592472780335614
2026-07-24,20,rule5,1,0.06067540680375039,0.06913641864670289
2026-07-24,20,rule5,2,0.10526320762193064,0.11640087143929594
2026-07-24,20,rule5,3,0.0753795742620067,0.082917979103504
2026-07-24,20,rule5,4,0.07004829953420466,0.058897440499635474
2026-07-24,20,rule5,5,0.047303288758334006,0.056724948099794545
2026-07-24,20,rule5_mom20,1,0.05372876193598097,0.05331269134151623
2026-07-24,20,rule5_mom20,2,0.12096772177782578,0.13233620309209995
2026-07-24,20,rule5_mom20,3,0.059987243427055637,0.0707776929714224
2026-07-24,20,rule5_mom20,4,0.079133491604362,0.07684823917645262
2026-07-24,20,rule5_mom20,5,0.03921726096786915,0.05095384401436905
2026-07-31,5,mom20,1,0.11797745685427508,0.1491981497472945
2026-07-31,5,mom20,2,0.07520891013419106,0.0801167656090626
2026-07-31,5,mom20,3,0.059210549018389846,0.07100579437822588
2026-07-31,5,mom20,4,0.04482533300961644,0.04925586638124025
2026-07-31,5,mom20,5,0.039662388035822005,0.05412046091176609
2026-07-31,5,vol_ratio,1,0.06293708858726066,0.09800965218940233
2026-07-31,5,vol_ratio,2,0.08900521468875677,0.08887617980165609
2026-07-31,5,vol_ratio,3,0.06201553897755763,0.07092484810028966
2026-07-31,5,vol_ratio,4,0.0692641081359362,0.07912113620274064
2026-07-31,5,vol_ratio,5,0.05073738432409303,0.06676522073350055
2026-07-31,5,squeeze,1,0.11627914713420862,0.13976330662371253
2026-07-31,5,squeeze,2,0.08258383210839848,0.09248943705542573
2026-07-31,5,squeeze,3,0.06684491819522997,0.07293864829818733
2026-07-31,5,squeeze,4,0.04502369531950001,0.04988100801574277
2026-07-31,5,squeeze,5,0.03797474976107851,0.048624637034520975
2026-07-31,5,composite,1,0.11240308931345067,0.14441265511771748
2026-07-31,5,composite,2,0.07428571156093056,0.09257841282336272
2026-07-31,5,composite,3,0.06630585342464257,0.06842323189583037
2026-07-31,5,composite,4,0.049450545611744445,0.06023195455295859
2026-07-31,5,composite,5,0.0346466892633055,0.03805078263772013
2026-07-31,5,mom5,1,0.09302316297384028,0.11648803281635248
2026-07-31,5,mom5,2,0.07766994673543626,0.08848842630988815
2026-07-31,5,mom5,3,0.05263160784158716,0.045611817731411375
2026-07-31,5,mom5,4,0.05794204899542188,0.07948017952224443
2026-07-31,5,mom5,5,0.04786038122271141,0.0736285806476929
2026-07-31,5,mom60_skip5,1,0.09905451812011667,0.11102703916333942
2026-07-31,5,mom60_skip5,2,0.07920792468742577,0.08538228117408032
2026-07-31,5,mom60_skip5,3,0.05050058790051415,0.055819173054967544
2026-07-31,5,mom60_skip5,4,0.0545243936506532,0.05976938209220713
2026-07-31,5,mom60_skip5,5,0.059636205358092886,0.09280964823728093
2026-07-31,5,mom60_riskadj,1,0.08483238690533113,0.09197642516800261
2026-07-31,5,mom60_riskadj,2,0.07222222148636237,0.0897581181345499
2026-07-31,5,mom60_riskadj,3,0.05905337832879565,0.07132221182003785
2026-07-31,5,mom60_riskadj,4,0.07183908006602824,0.08556846219330386
2026-07-31,5,mom60_riskadj,5,0.04330638583129909,0.06639480582190764
2026-07-31,5,vol_5_50,1,0.0920097103901314,0.10985989594954562
2026-07-31,5,vol_5_50,2,0.07066946137294616,0.07524438854714453
2026-07-31,5,vol_5_50,3,0.06254509544327891,0.07361183966397629
2026-07-31,5,vol_5_50,4,0.05541623440332366,0.06459576468210633
2026-07-31,5,vol_5_50,5,0.05766826793040858,0.07885723437471523
2026-07-31,5,squeeze_own,1,0.06351298137279815,0.09146098780881515
2026-07-31,5,squeeze_own,2,0.06201553897755763,0.08004445201376505
2026-07-31,5,squeeze_own,3,0.0765766099563383,0.08194598238957156
2026-07-31,5,squeeze_own,4,0.07317074791662037,0.08260626783195038
2026-07-31,5,squeeze_own,5,0.06623930644236564,0.06847052306182135
2026-07-31,5,low_vol,1,0.08258383210839848,0.12878747460942955
2026-07-31,5,low_vol,2,0.0933333502875433,0.09587785830100283
2026-07-31,5,low_vol,3,0.07047275815081,0.06695938165803379
2026-07-31,5,low_vol,4,0.06208711407603773,0.07124640776137386
2026-07-31,5,low_vol,5,0.0346466892633055,0.04082591469774927
2026-07-31,5,near_high,1,0.1175344182407323,0.13885507662741625
2026-07-31,5,near_high,2,0.07920792468742577,0.09681834015706076
2026-07-31,5,near_high,3,0.07485522219120988,0.09087911158734682
2026-07-31,5,near_high,4,0.04127587675549771,0.040093835362441294
2026-07-31,5,near_high,5,0.03686977071903452,0.038103135426013165
2026-07-31,5,vs_sma50,1,0.11797745685427508,0.12884807332182324
2026-07-31,5,vs_sma50,2,0.07609597008975089,0.1014450502050047
2026-07-31,5,vs_sma50,3,0.05814481763805934,0.06615858324654074
2026-07-31,5,vs_sma50,4,0.04908039677304954,0.042414591687747076
2026-07-31,5,vs_sma50,5,0.042681699556216035,0.06316910519741253
2026-07-31,5,vs_sma20,1,0.1041666317420693,0.13349607292194426
2026-07-31,5,vs_sma20,2,0.07920792468742577,0.08582167099595724
2026-07-31,5,vs_sma20,3,0.052401780913936546,0.07115696221703866
2026-07-31,5,vs_sma20,4,0.05073738432409303,0.058910560500424605
2026-07-31,5,vs_sma20,5,0.04477607691359675,0.05431177039222458
2026-07-31,5,rule5,1,0.1175344182407323,0.14331015283306098
2026-07-31,5,rule5,2,0.08333339837808662,0.10522781191216793
2026-07-31,5,rule5,3,0.06799692600223095,0.07071581832567013
2026-07-31,5,rule5,4,0.04212638566148308,0.03269780762066496
2026-07-31,5,rule5,5,0.03785714990523181,0.05280504539838563
2026-07-31,5,rule5_mom20,1,0.1208934908725312,0.147440062798147
2026-07-31,5,rule5_mom20,2,0.07617194375780101,0.09782761950744248
2026-07-31,5,rule5_mom20,3,0.06591580664490482,0.06855556693221504
2026-07-31,5,rule5_mom20,4,0.04482533300961644,0.04146606199649775
2026-07-31,5,rule5_mom20,5,0.03591276955261413,0.049476959094880514
2026-07-31,10,mom20,1,0.11575567384490593,0.15186374321317545
2026-07-31,10,mom20,2,0.10357141671132042,0.09159975413432003
2026-07-31,10,mom20,3,0.06578949019519276,0.08133965696551794
2026-07-31,10,mom20,4,0.04469276235767472,0.061024948815809554
2026-07-31,10,mom20,5,0.0397435203028087,0.041988188195704976
2026-07-31,10,vol_ratio,1,0.05962060303488115,0.09096663656568323
2026-07-31,10,vol_ratio,2,0.09042550931693527,0.09346785492513347
2026-07-31,10,vol_ratio,3,0.07526883190618316,0.07583372124504092
2026-07-31,10,vol_ratio,4,0.08387096724574694,0.08497419401228097
2026-07-31,10,vol_ratio,5,0.04895108742634546,0.08257388457638935
2026-07-31,10,squeeze,1,0.11100197255066835,0.1456618967872748
2026-07-31,10,squeeze,2,0.09756097797361263,0.10557082975473361
2026-07-31,10,squeeze,3,0.07122507596655381,0.0790758586240606
2026-07-31,10,squeeze,4,0.047169765345890236,0.04953899545187732
2026-07-31,10,squeeze,5,0.0397435203028087,0.047968710706581597
2026-07-31,10,composite,1,0.11093919602594338,0.14170699714258397
2026-07-31,10,composite,2,0.09756097797361263,0.12056875500830222
2026-07-31,10,composite,3,0.0707140793582044,0.06632502484804068
2026-07-31,10,composite,4,0.05532786364646358,0.05640450222867319
2026-07-31,10,composite,5,0.03447565539893915,0.042811012096927906
2026-07-31,10,mom5,1,0.10846084256913868,0.12317316701711031
2026-07-31,10,mom5,2,0.08387096724574694,0.10591364035131665
2026-07-31,10,mom5,3,0.06341469144622747,0.054054915007243395
2026-07-31,10,mom5,4,0.05220415490016572,0.08183119059408567
2026-07-31,10,mom5,5,0.057142870766776044,0.06284337835477195
2026-07-31,10,mom60_skip5,1,0.10382435099464493,0.11754037858856778
2026-07-31,10,mom60_skip5,2,0.09202452551960083,0.10522619733439459
2026-07-31,10,mom60_skip5,3,0.056319019140556925,0.06283458981940583
2026-07-31,10,mom60_skip5,4,0.045454500299513256,0.05406986505033907
2026-07-31,10,mom60_skip5,5,0.06511743736518016,0.09044001513483824
2026-07-31,10,mom60_riskadj,1,0.08873438130210731,0.09973570411274431
2026-07-31,10,mom60_riskadj,2,0.09576462803413555,0.09696257387512487
2026-07-31,10,mom60_riskadj,3,0.05996102638779299,0.0902749700655163
2026-07-31,10,mom60_riskadj,4,0.059440588297031915,0.07099270153573548
2026-07-31,10,mom60_riskadj,5,0.04551313581878225,0.07220607671184792
2026-07-31,10,vol_5_50,1,0.09302326226118396,0.11294157890057926
2026-07-31,10,vol_5_50,2,0.08049805898546092,0.07344687855202953
2026-07-31,10,vol_5_50,3,0.05923596478985704,0.06228424373633616
2026-07-31,10,vol_5_50,4,0.07378987137596038,0.07660718880041628
2026-07-31,10,vol_5_50,5,0.06352682121732234,0.0999660758801046
2026-07-31,10,squeeze_own,1,0.06830360416236636,0.10325388292380774
2026-07-31,10,squeeze_own,2,0.08527133144027754,0.09627886210559267
2026-07-31,10,squeeze_own,3,0.0628077636720461,0.062046995464521075
2026-07-31,10,squeeze_own,4,0.06578949019519276,0.07943674687863084
2026-07-31,10,squeeze_own,5,0.08571429057997104,0.08889495794799722
2026-07-31,10,low_vol,1,0.09576462803413555,0.13674431020492014
2026-07-31,10,low_vol,2,0.08888894099402722,0.09940970142389301
2026-07-31,10,low_vol,3,0.08737867561021839,0.07934945646001411
2026-07-31,10,low_vol,4,0.07735894007993105,0.0781433883493896
2026-07-31,10,low_vol,5,0.03447565539893915,0.034169434886311044
2026-07-31,10,near_high,1,0.12937275710771778,0.14948224867915164
2026-07-31,10,near_high,2,0.09485713413783481,0.11730311016059437
2026-07-31,10,near_high,3,0.10328286383174012,0.10195831613824648
2026-07-31,10,near_high,4,0.0246609108496465,0.028510984302346293
2026-07-31,10,near_high,5,0.03741663439059528,0.032761443211137733
2026-07-31,10,vs_sma50,1,0.11038966266556938,0.1402220367335855
2026-07-31,10,vs_sma50,2,0.10545921642707101,0.1133383727567799
2026-07-31,10,vs_sma50,3,0.05710741641307937,0.08355827503100544
2026-07-31,10,vs_sma50,4,0.03443785519417164,0.030161608065688916
2026-07-31,10,vs_sma50,5,0.05485668410376676,0.05777355738217369
2026-07-31,10,vs_sma20,1,0.11100197255066835,0.1339184523346186
2026-07-31,10,vs_sma20,2,0.10846084256913868,0.112280073769957
2026-07-31,10,vs_sma20,3,0.0570719620593827,0.07670658189237271
2026-07-31,10,vs_sma20,4,0.04797865096507348,0.05981394245709559
2026-07-31,10,vs_sma20,5,0.04031764285743411,0.04509724087048401
2026-07-31,10,rule5,1,0.12438118870311388,0.1458788022451277
2026-07-31,10,rule5,2,0.09972677622325832,0.12332272451726724
2026-07-31,10,rule5,3,0.07032729873437849,0.08335361159769603
2026-07-31,10,rule5,4,0.048645902074963665,0.03177825912797008
2026-07-31,10,rule5,5,0.03890744478731212,0.04574810563145979
2026-07-31,10,rule5_mom20,1,0.12619424260911916,0.15876833967954782
2026-07-31,10,rule5_mom20,2,0.09972677622325832,0.11264267108322501
2026-07-31,10,rule5_mom20,3,0.0709695776623791,0.07437704706123137
2026-07-31,10,rule5_mom20,4,0.04127720782667321,0.04254982543278892
2026-07-31,10,rule5_mom20,5,0.03890744478731212,0.041744264319564205
2026-07-31,20,mom20,1,0.09391374340432912,0.11882891200486646
2026-07-31,20,mom20,2,0.060221888730085826,0.07020462683120875
2026-07-31,20,mom20,3,0.052631592156154205,0.06686785898684411
2026-07-31,20,mom20,4,0.03596292618704511,0.04766461697405317
2026-07-31,20,mom20,5,0.043478219019153386,0.044426802459770244
2026-07-31,20,vol_ratio,1,0.050898128932954645,0.08094046539205027
2026-07-31,20,vol_ratio,2,0.06787327322739922,0.07478332947683786
2026-07-31,20,vol_ratio,3,0.04606061993223243,0.06512316360945732
2026-07-31,20,vol_ratio,4,0.04950490375089078,0.05683543412276743
2026-07-31,20,vol_ratio,5,0.043712104096709004,0.07031042465562984
2026-07-31,20,squeeze,1,0.09249997138977051,0.11306178297673389
2026-07-31,20,squeeze,2,0.04736843921471201,0.06114904947426684
2026-07-31,20,squeeze,3,0.04365623124039342,0.07230815854201918
2026-07-31,20,squeeze,4,0.050805435305662616,0.053574556933862226
2026-07-31,20,squeeze,5,0.04439600003758004,0.047899269329860564
2026-07-31,20,composite,1,0.09327219221291383,0.12472614902359914
2026-07-31,20,composite,2,0.044460615510567125,0.06211182789928894
2026-07-31,20,composite,3,0.052631592156154205,0.061783332090808
2026-07-31,20,composite,4,0.05035967992219903,0.06552367302150319
2026-07-31,20,composite,5,0.030864196077313943,0.03384783522154342
2026-07-31,20,mom5,1,0.08636366050105404,0.10685466229551849
2026-07-31,20,mom5,2,0.07541899069288438,0.10112128296158558
2026-07-31,20,mom5,3,0.043478219019153386,0.042888584900668235
2026-07-31,20,mom5,4,0.04069266314002595,0.041940988490525404
2026-07-31,20,mom5,5,0.030864196077313943,0.05518729860844497
2026-07-31,20,mom60_skip5,1,0.04368804278445171,0.07773915437800757
2026-07-31,20,mom60_skip5,2,0.07663043523566881,0.08362785170114156
2026-07-31,20,mom60_skip5,3,0.05247694386855739,0.06385565053510112
2026-07-31,20,mom60_skip5,4,0.03092780464424627,0.05063818253653117
2026-07-31,20,mom60_skip5,5,0.04990587643231448,0.05897907381746735
2026-07-31,20,mom60_riskadj,1,0.07641047787897315,0.08163259427370285
2026-07-31,20,mom60_riskadj,2,0.05518988114369061,0.06810007941669433
2026-07-31,20,mom60_riskadj,3,0.05038856772455802,0.07375686144704507
2026-07-31,20,mom60_riskadj,4,0.04365623124039342,0.0595680653358675
2026-07-31,20,mom60_riskadj,5,0.03666898755490511,0.051735848484480526
2026-07-31,20,vol_5_50,1,0.053406992821536825,0.08006553191964183
2026-07-31,20,vol_5_50,2,0.05282427353683283,0.07462732359242844
2026-07-31,20,vol_5_50,3,0.05626157083227723,0.051667103941505664
2026-07-31,20,vol_5_50,4,0.058187443741974265,0.061778265426886685
2026-07-31,20,vol_5_50,5,0.04133532513056881,0.059481704220642195
2026-07-31,20,squeeze_own,1,0.05418276258124466,0.08378087473424432
2026-07-31,20,squeeze_own,2,0.06165228374434428,0.0728329701296283
2026-07-31,20,squeeze_own,3,0.04736843921471201,0.05287827002170106
2026-07-31,20,squeeze_own,4,0.044460615510567125,0.04300335169941477
2026-07-31,20,squeeze_own,5,0.052631592156154205,0.08183252777008752
2026-07-31,20,low_vol,1,0.0041840962444885665,0.056609312712580975
2026-07-31,20,low_vol,2,0.0725244038205497,0.09511693638114749
2026-07-31,20,low_vol,3,0.07142856303945866,0.07529568839458001
2026-07-31,20,low_vol,4,0.0640000343322753,0.08368017113782464
2026-07-31,20,low_vol,5,0.035373495086860496,0.03729070863060958
2026-07-31,20,near_high,1,0.07000112111665324,0.07316873180316286
2026-07-31,20,near_high,2,0.06872845476499179,0.0982443822568431
2026-07-31,20,near_high,3,0.07394637179069241,0.09297900079681747
2026-07-31,20,near_high,4,0.03796448002294972,0.032887593124730725
2026-07-31,20,near_high,5,0.03220038658483482,0.03753813414967984
2026-07-31,20,vs_sma50,1,0.050898128932954645,0.05352112977951062
2026-07-31,20,vs_sma50,2,0.09005684022898353,0.12393379121399664
2026-07-31,20,vs_sma50,3,0.05154512904306463,0.06292054659176313
2026-07-31,20,vs_sma50,4,0.028942123228408723,0.02143345534011405
2026-07-31,20,vs_sma50,5,0.05002257363532825,0.0659979385851579
2026-07-31,20,vs_sma20,1,0.0950943568967424,0.12843347162165855
2026-07-31,20,vs_sma20,2,0.06730774521122518,0.08177105972776948
2026-07-31,20,vs_sma20,3,0.04950490375089078,0.06183065302654172
2026-07-31,20,vs_sma20,4,0.03489105295394257,0.03203537126957974
2026-07-31,20,vs_sma20,5,0.03353657709235569,0.04392226161119323
2026-07-31,20,rule5,1,0.0745853902989616,0.07566587873519973
2026-07-31,20,rule5,2,0.0725244038205497,0.10102472704785147
2026-07-31,20,rule5,3,0.055058603693406205,0.07514865134808435
2026-07-31,20,rule5,4,0.050318469519140985,0.033986427755028664
2026-07-31,20,rule5,5,0.03515555343207688,0.04901947541000853
2026-07-31,20,rule5_mom20,1,0.08177582777131287,0.08923183160761504
2026-07-31,20,rule5_mom20,2,0.0725244038205497,0.09668316656962342
2026-07-31,20,rule5_mom20,3,0.04606551799310754,0.05472941605188908
2026-07-31,20,rule5_mom20,4,0.052322295580960576,0.04845847423319016
2026-07-31,20,rule5_mom20,5,0.03423709443482448,0.045813613284558845
2026-08-07,5,mom20,1,-0.007010819586663775,-0.004676488807528328
2026-08-07,5,mom20,2,0.0,0.005931308451118642
2026-08-07,5,mom20,3,-0.007583932643105862,-0.0031423473260771824
2026-08-07,5,mom20,4,-0.0022002703441075244,-0.01270247861514021
2026-08-07,5,mom20,5,0.009009000301245074,0.018529952068029674
2026-08-07,5,vol_ratio,1,0.0012112769287984104,0.005646451045739569
2026-08-07,5,vol_ratio,2,0.0,0.016377392464655513
2026-08-07,5,vol_ratio,3,-0.0008553700227927896,-0.006321524302844283
2026-08-07,5,vol_ratio,4,-0.0016131812688814362,0.009908505051868181
2026-08-07,5,vol_ratio,5,-0.002994009197675007,-0.02175216147998699
2026-08-07,5,squeeze,1,-0.019726494536534023,0.0019492529485882612
2026-08-07,5,squeeze,2,0.004197768206438468,-0.005381085640723507
2026-08-07,5,squeeze,3,0.0009634131764530984,-0.0011590000679343627
2026-08-07,5,squeeze,4,0.004870164050564618,0.0081801305587157
2026-08-07,5,squeeze,5,-0.0015443401665815593,0.0002984767768264499
2026-08-07,5,composite,1,-0.0014492739601512095,0.006043719473699812
2026-08-07,5,composite,2,-0.01351350045186761,-0.011016901416364569
2026-08-07,5,composite,3,0.008639300402664807,0.002551309254010571
2026-08-07,5,composite,4,0.0065574231823122275,0.013795280519569226
2026-08-07,5,composite,5,-0.0023224331052839053,-0.007517873149341014
2026-08-07,5,mom5,1,-0.01949587962969218,-0.025222547179589154
2026-08-07,5,mom5,2,0.002422553857596821,0.0098469290689976
2026-08-07,5,mom5,3,0.0,-0.006426492795340485
2026-08-07,5,mom5,4,0.0047003479174152485,0.0036316127883612953
2026-08-07,5,mom5,5,0.007905152821675587,0.02227222387515491
2026-08-07,5,mom60_skip5,1,0.0014450853111279693,0.004388912183443996
2026-08-07,5,mom60_skip5,2,0.0,0.0009501924745956913
2026-08-07,5,mom60_skip5,3,0.000771585803645336,0.009725038895331281
2026-08-07,5,mom60_skip5,4,-0.007863132093833103,-0.00660468993431859
2026-08-07,5,mom60_skip5,5,0.0,-0.004734975299588344
2026-08-07,5,mom60_riskadj,1,0.008226076620421963,0.01601106261226477
2026-08-07,5,mom60_riskadj,2,0.004626404175925525,0.004349736838532822
2026-08-07,5,mom60_riskadj,3,-0.006644017000675684,-0.00514704510754961
2026-08-07,5,mom60_riskadj,4,-0.0022575690244220903,0.0033024145282439456
2026-08-07,5,mom60_riskadj,5,-0.0034527309217340374,-0.01479169055202789
2026-08-07,5,vol_5_50,1,0.007407400212333881,0.00595254816325992
2026-08-07,5,vol_5_50,2,0.006377035777913709,0.0025427602964459015
2026-08-07,5,vol_5_50,3,-0.0008065906344407181,0.0029702336357036664
2026-08-07,5,vol_5_50,4,-0.006834535694349553,0.0033158200365017557
2026-08-07,5,vol_5_50,5,-0.002994009197675007,-0.01144987975090597
2026-08-07,5,squeeze_own,1,-0.0011612165526419527,0.006626740378956207
2026-08-07,5,squeeze_own,2,0.0,-0.004025076553701644
2026-08-07,5,squeeze_own,3,-0.00847456828052251,-0.014088822664602109
2026-08-07,5,squeeze_own,4,0.0,-0.0036306908110261436
2026-08-07,5,squeeze_own,5,0.006603384253841771,0.020819698664647092
2026-08-07,5,low_vol,1,-0.019726494536534023,-0.0015879261896684553
2026-08-07,5,low_vol,2,0.0018325459840526914,-0.005885427777877142
2026-08-07,5,low_vol,3,-0.0025125405381486443,0.00300291484055646
2026-08-07,5,low_vol,4,0.009911887096000438,0.00993253089728244
2026-08-07,5,low_vol,5,-0.0010246041295343122,-0.001546465390582521
2026-08-07,5,near_high,1,-0.007936500427734305,-0.0022820483941238317
2026-08-07,5,near_high,2,-0.0027055442292255316,0.008120042491026498
2026-08-07,5,near_high,3,0.006768156508431655,0.00660031899377691
2026-08-07,5,near_high,4,-0.007996678929955037,-0.006315089018559446
2026-08-07,5,near_high,5,0.0033978463447834617,-0.0019200893636183484
2026-08-07,5,vs_sma50,1,-0.012195052453833122,0.009716442649906065
2026-08-07,5,vs_sma50,2,-0.004541818300663691,-0.011121738289094537
2026-08-07,5,vs_sma50,3,0.009681992196047928,0.00969619734949394
2026-08-07,5,vs_sma50,4,-0.0019067258064944803,0.011147121826870615
2026-08-07,5,vs_sma50,5,0.0,-0.01609951149539428
2026-08-07,5,vs_sma20,1,-0.021805731391779604,-0.01417801828918848
2026-08-07,5,vs_sma20,2,-0.002898547920302419,0.001900831428736594
2026-08-07,5,vs_sma20,3,0.010354984090850783,0.01262289688840145
2026-08-07,5,vs_sma20,4,-0.0025125405381486443,-0.004189000805223675
2026-08-07,5,vs_sma20,5,0.00896860123562826,0.007858051740445685
2026-08-07,5,rule5,1,-0.002898547920302419,0.0013861936345584069
2026-08-07,5,rule5,2,-0.0027555191969413917,0.008190029477202264
2026-08-07,5,rule5,3,0.012828912420606908,-0.0016246436862465742
2026-08-07,5,rule5,4,0.0025589695135678214,0.00039600847176977287
2026-08-07,5,rule5,5,-0.0023667896436435076,-0.0041735662207557575
2026-08-07,5,rule5_mom20,1,-0.023929478066902155,-0.004896182665135727
2026-08-07,5,rule5_mom20,2,0.005023968193402117,0.014116523965898591
2026-08-07,5,rule5_mom20,3,0.012539326265203155,0.0025142337893567764
2026-08-07,5,rule5_mom20,4,-0.004482354618415063,-0.001921508840745737
2026-08-07,5,rule5_mom20,5,-0.0015787607177314977,-0.005589184443483138
2026-08-07,10,mom20,1,-0.02818354741514273,-0.035969324459985366
2026-08-07,10,mom20,2,0.007856307073287994,0.01133771071464515
2026-08-07,10,mom20,3,0.009732350499663811,0.004311992499095608
2026-08-07,10,mom20,4,-0.0014295571419982167,-0.006086789748723119
2026-08-07,10,mom20,5,0.0,0.03053265627928261
2026-08-07,10,vol_ratio,1,0.0008375401367907154,0.013845358739674645
2026-08-07,10,vol_ratio,2,0.013918417157647411,0.020835341743711364
2026-08-07,10,vol_ratio,3,-0.006249993946403354,-0.010599064759349028
2026-08-07,10,vol_ratio,4,-0.008324654169000856,0.0014687095924740198
2026-08-07,10,vol_ratio,5,0.0,-0.021816341632193443
2026-08-07,10,squeeze,1,-0.038166617327040964,-0.013902142340797275
2026-08-07,10,squeeze,2,-0.019354820846890552,-0.03299177393290854
2026-08-07,10,squeeze,3,0.0,0.003284894425208335
2026-08-07,10,squeeze,4,0.02166062931143853,0.03258321831515824
2026-08-07,10,squeeze,5,0.004657214593372538,0.014978291478132951
2026-08-07,10,composite,1,-0.022412062892074314,-0.02888935350576468
2026-08-07,10,composite,2,-0.005797095840604838,0.007775010563264855
2026-08-07,10,composite,3,0.008547000709448138,-0.0031836441460025853
2026-08-07,10,composite,4,0.004662000257425358,0.027372130770743547
2026-08-07,10,composite,5,0.0005898714503342894,0.0009963537992846037
2026-08-07,10,mom5,1,-0.023174521074025012,-0.034066182317105204
2026-08-07,10,mom5,2,-0.0015974805936423975,0.003436918649328163
2026-08-07,10,mom5,3,0.005347573141862405,0.00018991607443266865
2026-08-07,10,mom5,4,0.007856307073287994,0.02692003750248768
2026-08-07,10,mom5,5,-0.005797095840604838,0.007630570003967796
2026-08-07,10,mom60_skip5,1,-0.01772516442950911,-0.022061317688738008
2026-08-07,10,mom60_skip5,2,0.009982339639026061,0.007911079885800946
2026-08-07,10,mom60_skip5,3,0.0,0.007485811025405429
2026-08-07,10,mom60_skip5,4,-0.002112656035239191,-0.005455138142585611
2026-08-07,10,mom60_skip5,5,0.0009276052021195413,-0.0023122976104824216
2026-08-07,10,mom60_riskadj,1,0.007534800334790037,0.01268781585788478
2026-08-07,10,mom60_riskadj,2,-0.004739907901635254,-0.008117881217545933
2026-08-07,10,mom60_riskadj,3,-0.008931739266172967,-0.010938724700043895
2026-08-07,10,mom60_riskadj,4,-0.0014676200407848228,0.005630605212462141
2026-08-07,10,mom60_riskadj,5,-0.0007147785709991084,-0.013693677683356754
2026-08-07,10,vol_5_50,1,0.009009000301245074,0.008925637063190335
2026-08-07,10,vol_5_50,2,0.00939596384003527,0.01833328397747559
2026-08-07,10,vol_5_50,3,-0.004196776531553481,-0.01056322098220621
2026-08-07,10,vol_5_50,4,-0.0013836583149627324,-0.003229624489844811
2026-08-07,10,vol_5_50,5,-0.013988823943491213,-0.02807533239012816
2026-08-07,10,squeeze_own,1,-0.005023968193402117,-0.007958577979495517
2026-08-07,10,squeeze_own,2,-0.013175941208217079,-0.01960746530464669
2026-08-07,10,squeeze_own,3,0.0037858137204285214,-0.012462904610529473
2026-08-07,10,squeeze_own,4,-0.0023042001221758035,0.002229899030903832
2026-08-07,10,squeeze_own,5,0.01033398555322318,0.0258394408264405
2026-08-07,10,low_vol,1,-0.07391391122338942,-0.03767481028899992
2026-08-07,10,low_vol,2,-0.004261325729225551,-0.0028022834425456035
2026-08-07,10,low_vol,3,0.0033333301544189453,0.014171259121272315
2026-08-07,10,low_vol,4,0.014836852353948382,0.026258964873445596
2026-08-07,10,low_vol,5,0.0005898714503342894,0.004186544043418184
2026-08-07,10,near_high,1,-0.05686544316821984,-0.04549321422124597
2026-08-07,10,near_high,2,0.0,0.011584712427579942
2026-08-07,10,near_high,3,0.015690190230396306,0.018741660615272302
2026-08-07,10,near_high,4,0.0032191655490537707,-0.004225755248995847
2026-08-07,10,near_high,5,0.0,0.005889585600736576
2026-08-07,10,vs_sma50,1,-0.03174600171093711,-0.033343653646306884
2026-08-07,10,vs_sma50,2,-0.006023544893504096,-0.015644274852195703
2026-08-07,10,vs_sma50,3,0.022356881549565055,0.03035561706824078
2026-08-07,10,vs_sma50,4,0.0023496449013278298,0.00969121238853206
2026-08-07,10,vs_sma50,5,-0.0036900333293332643,-0.00551176316482955
2026-08-07,10,vs_sma20,1,-0.03174600171093711,-0.03424170558982522
2026-08-07,10,vs_sma20,2,0.0,-0.007061774434048042
2026-08-07,10,vs_sma20,3,0.01825984048952689,0.03369404666147828
2026-08-07,10,vs_sma20,4,0.0023147942039265512,0.01170667262658018
2026-08-07,10,vs_sma20,5,-0.013096724332200327,1.540272193944861e-05
2026-08-07,10,rule5,1,-0.047021972625960085,-0.038964191331145225
2026-08-07,10,rule5,2,0.0,0.003995089175299495
2026-08-07,10,rule5,3,0.005301740162891533,0.009361287296325568
2026-08-07,10,rule5,4,0.0032191655490537707,0.007767096674725173
2026-08-07,10,rule5,5,0.0015456737332544268,0.004285889716157058
2026-08-07,10,rule5_mom20,1,-0.059523784744856534,-0.04627902902436982
2026-08-07,10,rule5_mom20,2,-0.0037054563914647454,0.014954874945949392
2026-08-07,10,rule5_mom20,3,0.01423504243834417,0.013450608634496873
2026-08-07,10,rule5_mom20,4,-0.0018839523116064294,0.003339401629058874
2026-08-07,10,rule5_mom20,5,0.0024041334683402305,0.0010373696136332937
2026-08-07,20,mom20,1,-0.03703226859762648,-0.0409123790749653
2026-08-07,20,mom20,2,-0.018443538275073834,0.008187264899870813
2026-08-07,20,mom20,3,-0.010221200755277993,0.003716349885095274
2026-08-07,20,mom20,4,-0.010989065691980104,0.0018084846291428244
2026-08-07,20,mom20,5,-0.022159830572202166,0.022428396352821265
2026-08-07,20,vol_ratio,1,-0.011650879940453107,0.012738257687635703
2026-08-07,20,vol_ratio,2,-0.01652890933552542,0.023652705633330138
2026-08-07,20,vol_ratio,3,-0.009900980750178201,-0.0068771983412675205
2026-08-07,20,vol_ratio,4,-0.019875816205994545,-0.0020270240244943502
2026-08-07,20,vol_ratio,5,-0.02513964136517144,-0.03268107022199972
2026-08-07,20,squeeze,1,-0.053819675726382965,-0.010134527406823425
2026-08-07,20,squeeze,2,-0.04940711518322094,-0.04681765015138917
2026-08-07,20,squeeze,3,-0.016377656495151327,0.007410093039832085
2026-08-07,20,squeeze,4,-0.0059108332479245185,0.02155978669655241
2026-08-07,20,squeeze,5,0.006445165125898766,0.022968069225067445
2026-08-07,20,composite,1,-0.040301619652255594,-0.0435215680124419
2026-08-07,20,composite,2,-0.007860275466124,0.03354328399560648
2026-08-07,20,composite,3,-0.016377656495151327,-0.013136221404408116
2026-08-07,20,composite,4,0.004326658988444976,0.021097500598911263
2026-08-07,20,composite,5,-0.011665606067123857,-0.002734333690919577
2026-08-07,20,mom5,1,-0.029140032741321986,-0.03501675497829405
2026-08-07,20,mom5,2,-0.01790285680940218,-0.005399039730478898
2026-08-07,20,mom5,3,0.0041840962444885665,0.005835845446168011
2026-08-07,20,mom5,4,-0.006407530451060128,0.035790852240385466
2026-08-07,20,mom5,5,-0.03802279744948733,-0.006029208522797311
2026-08-07,20,mom60_skip5,1,-0.04986080326328246,-0.024736666608734963
2026-08-07,20,mom60_skip5,2,-0.0015256286360540439,0.007372404633209811
2026-08-07,20,mom60_skip5,3,-0.01132733587955198,0.002736935434579639
2026-08-07,20,mom60_skip5,4,-0.011650879940453107,-0.012317015875650875
2026-08-07,20,mom60_skip5,5,-0.02006463259107405,0.0016571519453438001
2026-08-07,20,mom60_riskadj,1,-0.015285115933253823,0.02661462366622471
2026-08-07,20,mom60_riskadj,2,-0.01381914207265772,-0.02212479097134214
2026-08-07,20,mom60_riskadj,3,-0.024778891945188564,-0.018322675264019133
2026-08-07,20,mom60_riskadj,4,-0.011650879940453107,0.011639031592522962
2026-08-07,20,mom60_riskadj,5,-0.02006463259107405,-0.023093379494638962
2026-08-07,20,vol_5_50,1,-0.012371122465843931,-0.008965228970207363
2026-08-07,20,vol_5_50,2,-0.003919454415719781,0.031253867112750224
2026-08-07,20,vol_5_50,3,-0.009382087600150413,-0.00468350140427822
2026-08-07,20,vol_5_50,4,-0.015289076067773466,0.004231894702672519
2026-08-07,20,vol_5_50,5,-0.031116268593867846,-0.04852820644485527
2026-08-07,20,squeeze_own,1,-0.019581798460444055,0.0022060170353533208
2026-08-07,20,squeeze_own,2,-0.018443538275073834,-0.027026849425147794
2026-08-07,20,squeeze_own,3,-0.014175274519322323,-0.013357834927545999
2026-08-07,20,squeeze_own,4,-0.014388475634778741,-0.007190295176762744
2026-08-07,20,squeeze_own,5,-0.005128636414666765,0.024475419344059623
2026-08-07,20,low_vol,1,-0.07934695693644289,-0.03754216598455069
2026-08-07,20,low_vol,2,-0.023856929898778745,-0.0010549019321733054
2026-08-07,20,low_vol,3,-0.010989065691980104,0.002661837799411261
2026-08-07,20,low_vol,4,0.01702250880511591,0.02407356598095536
2026-08-07,20,low_vol,5,-0.007128278716863168,0.007063243717374119
2026-08-07,20,near_high,1,-0.07317075770973958,-0.04249553669080869
2026-08-07,20,near_high,2,-0.024498285631975092,0.005908931391753881
2026-08-07,20,near_high,3,0.010714902541902882,0.026654721301425002
2026-08-07,20,near_high,4,-0.01603292936010936,-0.014123346960309037
2026-08-07,20,near_high,5,-0.005356888057896136,-0.0003395162477699007
2026-08-07,20,vs_sma50,1,-0.05732486010942195,-0.05016621470310144
2026-08-07,20,vs_sma50,2,-0.01873479058154942,-0.00894980246326049
2026-08-07,20,vs_sma50,3,0.0028927006398627997,0.03436520540489934
2026-08-07,20,vs_sma50,4,-0.005605236659463941,0.004241259833622322
2026-08-07,20,vs_sma50,5,-0.013888875091517927,-0.006190643529903705
2026-08-07,20,vs_sma20,1,-0.046627001753829445,-0.04318358672016946
2026-08-07,20,vs_sma20,2,-0.021739174096029212,-0.01706020186181388
2026-08-07,20,vs_sma20,3,0.011976108173510136,0.047843755915592825
2026-08-07,20,vs_sma20,4,-0.006407530451060128,0.01502647702175011
2026-08-07,20,vs_sma20,5,-0.03802279744948733,-0.007380444138629334
2026-08-07,20,rule5,1,-0.06034477177329478,-0.04532468567198874
2026-08-07,20,rule5,2,-0.02033007115230928,0.010563012067300839
2026-08-07,20,rule5,3,-0.0044098484343304545,0.012252547991382454
2026-08-07,20,rule5,4,0.0027508869920411794,0.003881460829027261
2026-08-07,20,rule5,5,-0.01179161463338324,-0.00574462885808786
2026-08-07,20,rule5_mom20,1,-0.05732486010942195,-0.05655060179105002
2026-08-07,20,rule5_mom20,2,-0.022939325236632002,0.015853833184091223
2026-08-07,20,rule5_mom20,3,0.004431610109066675,0.0345932183575494
2026-08-07,20,rule5_mom20,4,-0.013129998778680929,-0.010802522761843274
2026-08-07,20,rule5_mom20,5,-0.008972726383459417,-0.00737712605873986
2026-08-14,5,mom20,1,-0.02852324239327364,-0.026198194903496758
2026-08-14,5,mom20,2,-0.0037679519816904983,0.0004004597157140376
2026-08-14,5,mom20,3,-0.006011970811066636,0.0027674123169052923
2026-08-14,5,mom20,4,0.0004984400330821925,-0.0015301708032425937
2026-08-14,5,mom20,5,-0.008442843642458508,-0.0032947387648465843
2026-08-14,5,vol_ratio,1,-0.01043841302864812,-0.01025129887686892
2026-08-14,5,vol_ratio,2,-0.005404144221999474,-0.00814403972552486
2026-08-14,5,vol_ratio,3,-0.007847940268235765,0.001621214861227288
2026-08-14,5,vol_ratio,4,-0.009782778825154326,-0.005604540517318602
2026-08-14,5,vol_ratio,5,-0.009130160095387585,-0.0055369455448610085
2026-08-14,5,squeeze,1,-0.030981037884917795,-0.02212514467219039
2026-08-14,5,squeeze,2,-0.013933094117135725,-0.010264289193370432
2026-08-14,5,squeeze,3,-0.00957663974779932,-0.005588404975141703
2026-08-14,5,squeeze,4,0.0007787451064590334,0.008807189771639159
2026-08-14,5,squeeze,5,-0.0035399038696332097,0.0013138501787369379
2026-08-14,5,composite,1,-0.03664930668319799,-0.029717294027461018
2026-08-14,5,composite,2,-0.006518224706397624,0.003596955144445006
2026-08-14,5,composite,3,-0.0043715807126396555,-0.005688073058043933
2026-08-14,5,composite,4,-0.000358431147618854,0.008551562643372784
2026-08-14,5,composite,5,-0.004640366865901968,-0.004534850945703624
2026-08-14,5,mom5,1,-0.00826445466776271,0.0014331179185173492
2026-08-14,5,mom5,2,0.002170266673881871,0.00880726944390781
2026-08-14,5,mom5,3,-0.006705075766327062,-0.0038032825438085224
2026-08-14,5,mom5,4,-0.012115994711707212,-0.008626313903390111
2026-08-14,5,mom5,5,-0.025477757787232713,-0.02565975222200152
2026-08-14,5,mom60_skip5,1,-0.025663713005138256,-0.015880689788819298
2026-08-14,5,mom60_skip5,2,-0.007575840359983155,-0.0038252454832148983
2026-08-14,5,mom60_skip5,3,-0.009193602053318595,-0.007196005963831064
2026-08-14,5,mom60_skip5,4,-0.004640366865901968,-0.00806831146337551
2026-08-14,5,mom60_skip5,5,0.0024272400872844546,0.008520372908788825
2026-08-14,5,mom60_riskadj,1,-0.016181214791303855,-0.010638925910965217
2026-08-14,5,mom60_riskadj,2,-0.014144325182700479,-0.01186526443791825
2026-08-14,5,mom60_riskadj,3,-0.011427764478387614,-0.002398518827337663
2026-08-14,5,mom60_riskadj,4,-0.002926169892119357,-0.012883930810322783
2026-08-14,5,mom60_riskadj,5,0.0017568538105376952,0.011359936462451842
2026-08-14,5,vol_5_50,1,-0.01140016236389274,-0.004549177516457933
2026-08-14,5,vol_5_50,2,-0.007847940268235765,-0.0024156066394497057
2026-08-14,5,vol_5_50,3,-0.006705075766327062,-0.0013379131380383054
2026-08-14,5,vol_5_50,4,-0.004524940326481985,-2.3777483014190025e-05
2026-08-14,5,vol_5_50,5,-0.012500103116243277,-0.018992868780532964
2026-08-14,5,squeeze_own,1,-0.012269926984675661,-0.010444522459836835
2026-08-14,5,squeeze_own,2,-0.00612581735574802,-0.010504728822164749
2026-08-14,5,squeeze_own,3,-0.003584875431446921,0.0011182091905495863
2026-08-14,5,squeeze_own,4,-0.015987376102169826,-0.012164782822213874
2026-08-14,5,squeeze_own,5,-0.002841724634018994,0.0061351332480047375
2026-08-14,5,low_vol,1,-0.05432932123564782,-0.04232291584699104
2026-08-14,5,low_vol,2,-0.013538611549305524,-0.003658042003144353
2026-08-14,5,low_vol,3,0.00406503671064562,0.013860119281800587
2026-08-14,5,low_vol,4,0.0022431490023979705,0.0059436278453973155
2026-08-14,5,low_vol,5,-0.005406999166915005,-0.0016616805823937953
2026-08-14,5,near_high,1,-0.03703711062301529,-0.0272111015637814
2026-08-14,5,near_high,2,-0.00957663974779932,-0.003191934191662742
2026-08-14,5,near_high,3,-0.005663088070268163,0.004312890610930488
2026-08-14,5,near_high,4,0.000793331725636115,-0.0028308717472504863
2026-08-14,5,near_high,5,-0.0010152569177790394,0.002169869194637715
2026-08-14,5,vs_sma50,1,-0.03071896085044168,-0.022860483526049784
2026-08-14,5,vs_sma50,2,-0.012500103116243277,-0.004649959830309809
2026-08-14,5,vs_sma50,3,-0.0074412802447695325,-0.009261046507174872
2026-08-14,5,vs_sma50,4,0.0,-0.0017374350718252637
2026-08-14,5,vs_sma50,5,0.005853699474799967,0.011278041793371909
2026-08-14,5,vs_sma20,1,-0.022508017879094178,-0.014971420941258667
2026-08-14,5,vs_sma20,2,-0.013215842391859134,-0.014688868101655426
2026-08-14,5,vs_sma20,3,-0.0015032286587690624,0.005045159422821938
2026-08-14,5,vs_sma20,4,0.0012121082006162354,0.009040832204905973
2026-08-14,5,vs_sma20,5,-0.010343403409344032,-0.01230255380277191
2026-08-14,5,rule5,1,-0.041666646392978346,-0.03372246020919793
2026-08-14,5,rule5,2,-0.012485026971024715,-0.006473866818001089
2026-08-14,5,rule5,3,0.003654047847965858,0.011250519864455757
2026-08-14,5,rule5,4,-0.004640366865901968,0.007510786742958794
2026-08-14,5,rule5,5,-0.0013130772427728532,-0.005316127277341966
2026-08-14,5,rule5_mom20,1,-0.04462323725477424,-0.0340525445470586
2026-08-14,5,rule5_mom20,2,-0.014502699662394036,-0.006847762210406347
2026-08-14,5,rule5_mom20,3,0.0023256346924547255,0.010060777818192429
2026-08-14,5,rule5_mom20,4,0.00039002453665704095,0.0062251317767458795
2026-08-14,5,rule5_mom20,5,-0.0015032286587690624,-0.0021367505345997995
2026-08-14,10,mom20,1,-0.042439065328458425,-0.032450582625838234
2026-08-14,10,mom20,2,-0.014943925485069953,-0.011401169928786361
2026-08-14,10,mom20,3,-0.018277480926514045,-0.005698329419828952
2026-08-14,10,mom20,4,-0.008147478678322773,-0.011332756404263665
2026-08-14,10,mom20,5,-0.021770718978155745,-0.017511971352549793
2026-08-14,10,vol_ratio,1,-0.017341023733535632,-0.01952203937723134
2026-08-14,10,vol_ratio,2,-0.021832274877808755,-0.021742527241115285
2026-08-14,10,vol_ratio,3,-0.014511071947956422,-0.0037068350991821953
2026-08-14,10,vol_ratio,4,-0.028129017092851927,-0.012632889581470248
2026-08-14,10,vol_ratio,5,-0.02634084156385641,-0.020846219343701122
2026-08-14,10,squeeze,1,-0.043636322021484375,-0.030278529604581713
2026-08-14,10,squeeze,2,-0.02394626102297065,-0.028563681280671945
2026-08-14,10,squeeze,3,-0.01896348160018624,-0.013716652800012209
2026-08-14,10,squeeze,4,-0.011200698846840829,0.0011084400120790088
2026-08-14,10,squeeze,5,-0.015416012146148184,-0.00696697608169519
2026-08-14,10,composite,1,-0.051795581747937525,-0.0404856521173733
2026-08-14,10,composite,2,-0.014119322181753324,-0.005076450670974268
2026-08-14,10,composite,3,-0.011686093071611503,-0.017334357284064263
2026-08-14,10,composite,4,-0.015733742226978598,0.0015315182940717962
2026-08-14,10,composite,5,-0.022401433998045506,-0.01693805458471574
2026-08-14,10,mom5,1,-0.025250808374549183,-0.011877329004592901
2026-08-14,10,mom5,2,-0.010339020371340768,-0.0015039050488150148
2026-08-14,10,mom5,3,-0.009708728874782357,-0.008521408699996878
2026-08-14,10,mom5,4,-0.029340275037852248,-0.02045716344085831
2026-08-14,10,mom5,5,-0.041763301793117935,-0.03603130565258583
2026-08-14,10,mom60_skip5,1,-0.0487012534624881,-0.03279989459833784
2026-08-14,10,mom60_skip5,2,-0.024599039182917615,-0.018381419414777608
2026-08-14,10,mom60_skip5,3,-0.017530986725886155,-0.015175889032048655
2026-08-14,10,mom60_skip5,4,-0.012903213897927035,-0.01338522608901957
2026-08-14,10,mom60_skip5,5,-0.011217859781313066,0.002787302708580367
2026-08-14,10,mom60_riskadj,1,-0.03728818024961533,-0.027448026048118725
2026-08-14,10,mom60_riskadj,2,-0.032917133716282465,-0.027020619452117582
2026-08-14,10,mom60_riskadj,3,-0.022769257092355777,-0.01105882677620251
2026-08-14,10,mom60_riskadj,4,-0.0134529018534425,-0.01753716554934952
2026-08-14,10,mom60_riskadj,5,-0.008018293069267157,0.006129400589826798
2026-08-14,10,vol_5_50,1,-0.02221370187039018,-0.015629285727948552
2026-08-14,10,vol_5_50,2,-0.01982099826161765,-0.01638862577201023
2026-08-14,10,vol_5_50,3,-0.018404890477013436,-0.010628773122085147
2026-08-14,10,vol_5_50,4,-0.014276624318894093,-0.010051548473154297
2026-08-14,10,vol_5_50,5,-0.035007542301336736,-0.024826818312266474
2026-08-14,10,squeeze_own,1,-0.025220657452023842,-0.01588489166442556
2026-08-14,10,squeeze_own,2,-0.01274666353114684,-0.015927060674857985
2026-08-14,10,squeeze_own,3,-0.00851070603277837,-0.007836318469444183
2026-08-14,10,squeeze_own,4,-0.03064274063632172,-0.027727230508105324
2026-08-14,10,squeeze_own,5,-0.023558780361847054,-0.008465259789411955
2026-08-14,10,low_vol,1,-0.06493506493506496,-0.05601604504607918
2026-08-14,10,low_vol,2,-0.02806043007767195,-0.015591586827798137
2026-08-14,10,low_vol,3,-0.01721898331804006,0.0075775968618983815
2026-08-14,10,low_vol,4,-0.00990664166122418,-0.0065852794218141195
2026-08-14,10,low_vol,5,-0.012611353083373689,-0.007776829938223048
2026-08-14,10,near_high,1,-0.06157635554764218,-0.044801711575478784
2026-08-14,10,near_high,2,-0.032917133716282465,-0.019299918493285773
2026-08-14,10,near_high,3,-0.015416012146148184,-0.0011989396107658118
2026-08-14,10,near_high,4,-0.01595467519996574,-0.012005099945386163
2026-08-14,10,near_high,5,-0.003379961632113626,0.0003086998718343809
2026-08-14,10,vs_sma50,1,-0.04788518142247722,-0.036931117307945814
2026-08-14,10,vs_sma50,2,-0.027624283920971493,-0.021431236197500786
2026-08-14,10,vs_sma50,3,-0.021405649902662582,-0.018741997682414326
2026-08-14,10,vs_sma50,4,-0.011948539804551128,-0.009545527370225097
2026-08-14,10,vs_sma50,5,-0.001177883292277082,0.009227734549558508
2026-08-14,10,vs_sma20,1,-0.033866383142196255,-0.022035748894239697
2026-08-14,10,vs_sma20,2,-0.02533727647056566,-0.029767659261169865
2026-08-14,10,vs_sma20,3,-0.01333341418906997,0.001433559679680469
2026-08-14,10,vs_sma20,4,-0.01331539315673863,-0.0037749956024636256
2026-08-14,10,vs_sma20,5,-0.025842715892928414,-0.02430168205752684
2026-08-14,10,rule5,1,-0.05714287353253367,-0.046685632009952856
2026-08-14,10,rule5,2,-0.036321431885283695,-0.027029561737051736
2026-08-14,10,rule5,3,-0.010852106217284163,0.004892971907309291
2026-08-14,10,rule5,4,-0.01164017554470198,0.004895483329215757
2026-08-14,10,rule5,5,-0.010909109404592776,-0.013070231242602608
2026-08-14,10,rule5_mom20,1,-0.059440504933889304,-0.044679809116832676
2026-08-14,10,rule5_mom20,2,-0.04055222267825975,-0.028426634769059895
2026-08-14,10,rule5_mom20,3,-0.011834378377890364,0.0012659680842932704
2026-08-14,10,rule5_mom20,4,-0.008090568816592758,0.0062099217545144485
2026-08-14,10,rule5_mom20,5,-0.0101009974807027,-0.011366415705997293
2026-08-14,20,mom20,1,-0.07926012097661317,-0.07190387311142919
2026-08-14,20,mom20,2,-0.05453230555556737,-0.05130802885870231
2026-08-14,20,mom20,3,-0.045329246026216685,-0.033060097590602223
2026-08-14,20,mom20,4,-0.04917721336984693,-0.05122247024473508
2026-08-14,20,mom20,5,-0.06858629066615968,-0.05970222826624509
2026-08-14,20,vol_ratio,1,-0.0712179725065697,-0.06551063801135178
2026-08-14,20,vol_ratio,2,-0.05511302637371601,-0.0625531036255668
2026-08-14,20,vol_ratio,3,-0.054119553319907476,-0.040577186375369924
2026-08-14,20,vol_ratio,4,-0.04949488780375316,-0.03538589331965262
2026-08-14,20,vol_ratio,5,-0.06199826959407151,-0.06320601658969953
2026-08-14,20,squeeze,1,-0.0932971128967961,-0.07828153580162531
2026-08-14,20,squeeze,2,-0.0785416534672283,-0.06778775611964277
2026-08-14,20,squeeze,3,-0.05340582193305721,-0.04498432687683346
2026-08-14,20,squeeze,4,-0.055119221072002844,-0.03789874902521926
2026-08-14,20,squeeze,5,-0.04269179821261265,-0.03830165827380767
2026-08-14,20,composite,1,-0.09113164220881032,-0.08433958987732128
2026-08-14,20,composite,2,-0.05038821873404137,-0.042856087764027044
2026-08-14,20,composite,3,-0.051881005445015727,-0.05665403123370418
2026-08-14,20,composite,4,-0.0483516607501015,-0.03475753302737242
2026-08-14,20,composite,5,-0.05140315393097733,-0.04870288854257314
2026-08-14,20,mom5,1,-0.0630416089505968,-0.059014467512588445
2026-08-14,20,mom5,2,-0.05429407936075187,-0.04653046555396127
2026-08-14,20,mom5,3,-0.05384738652568566,-0.04267804951779156
2026-08-14,20,mom5,4,-0.05071220792569714,-0.047410670146889475
2026-08-14,20,mom5,5,-0.07345426148477019,-0.07160928549397926
2026-08-14,20,mom60_skip5,1,-0.0932971128967961,-0.07188802893357925
2026-08-14,20,mom60_skip5,2,-0.06155635201428444,-0.04775235647850465
2026-08-14,20,mom60_skip5,3,-0.05362660422937143,-0.04951370610508976
2026-08-14,20,mom60_skip5,4,-0.044192419818117834,-0.05654116786020168
2026-08-14,20,mom60_skip5,5,-0.04757303817632552,-0.04233371623479617
2026-08-14,20,mom60_riskadj,1,-0.0693557498999886,-0.055148209337971384
2026-08-14,20,mom60_riskadj,2,-0.0743211269588186,-0.06791841646428481
2026-08-14,20,mom60_riskadj,3,-0.059865055019066804,-0.05527248013834484
2026-08-14,20,mom60_riskadj,4,-0.05330354856443614,-0.059364124564188867
2026-08-14,20,mom60_riskadj,5,-0.03605437984950677,-0.03032574510738161
2026-08-14,20,vol_5_50,1,-0.07244779184241568,-0.07066959439085721
2026-08-14,20,vol_5_50,2,-0.06826087691025834,-0.05804620559535873
2026-08-14,20,vol_5_50,3,-0.05239543689292753,-0.04499340073345221
2026-08-14,20,vol_5_50,4,-0.03615198058590302,-0.0418144846102923
2026-08-14,20,vol_5_50,5,-0.05775320222172908,-0.05233203319465616
2026-08-14,20,squeeze_own,1,-0.056436502662357946,-0.0553003950208105
2026-08-14,20,squeeze_own,2,-0.0495820790390209,-0.04939059330634133
2026-08-14,20,squeeze_own,3,-0.04366848700762882,-0.04945550341666797
2026-08-14,20,squeeze_own,4,-0.08005790069650187,-0.07534313444016817
2026-08-14,20,squeeze_own,5,-0.05680546108474027,-0.03808987734480354
2026-08-14,20,low_vol,1,-0.11784241581849292,-0.0924132691066044
2026-08-14,20,low_vol,2,-0.07391412685295912,-0.061257666662212516
2026-08-14,20,low_vol,3,-0.0551723623861633,-0.019707398951682876
2026-08-14,20,low_vol,4,-0.05885897747884894,-0.05767813957897535
2026-08-14,20,low_vol,5,-0.038481154563065445,-0.0360760281057055
2026-08-14,20,near_high,1,-0.11726381202737113,-0.09586730543670208
2026-08-14,20,near_high,2,-0.06492592209148107,-0.052427646030295316
2026-08-14,20,near_high,3,-0.057526132284510645,-0.04090470565585756
2026-08-14,20,near_high,4,-0.05530838601965293,-0.05415930576245868
2026-08-14,20,near_high,5,-0.033773672556520085,-0.02395906213535565
2026-08-14,20,vs_sma50,1,-0.08816702576967439,-0.07614397818646464
2026-08-14,20,vs_sma50,2,-0.0604908617658973,-0.064873888633608
2026-08-14,20,vs_sma50,3,-0.0625722986337161,-0.053159151816514635
2026-08-14,20,vs_sma50,4,-0.0428623155075587,-0.044373231023314835
2026-08-14,20,vs_sma50,5,-0.03508768627628134,-0.02939026200739243
2026-08-14,20,vs_sma20,1,-0.06906432027734843,-0.06289454464436108
2026-08-14,20,vs_sma20,2,-0.06587504527070132,-0.07126329439647486
2026-08-14,20,vs_sma20,3,-0.045329246026216685,-0.02871902469591248
2026-08-14,20,vs_sma20,4,-0.0493705131516306,-0.03797829280214042
2026-08-14,20,vs_sma20,5,-0.0669257676481223,-0.06632067099006214
2026-08-14,20,rule5,1,-0.10960389613839083,-0.09597559253089637
2026-08-14,20,rule5,2,-0.080928480757055,-0.06679922669463698
2026-08-14,20,rule5,3,-0.04721376528188648,-0.03631166159743557
2026-08-14,20,rule5,4,-0.04330807673277837,-0.034127286655169835
2026-08-14,20,rule5,5,-0.03758303479713365,-0.03410373187702473
2026-08-14,20,rule5_mom20,1,-0.10874013665175941,-0.09787397811022905
2026-08-14,20,rule5_mom20,2,-0.07559386585238137,-0.0643538514696683
2026-08-14,20,rule5_mom20,3,-0.05324861195120556,-0.04276761750505394
2026-08-14,20,rule5_mom20,4,-0.04032860472183308,-0.02928692077312357
2026-08-14,20,rule5_mom20,5,-0.03638443913776579,-0.0330259160331113
2026-08-21,5,mom20,1,-0.017002001863692384,-0.008478839171702132
2026-08-21,5,mom20,2,-0.00881412954412425,-0.004606833306142645
2026-08-21,5,mom20,3,-0.011379789918527505,-0.016340041767696115
2026-08-21,5,mom20,4,-0.009367447968708087,-0.010885782794452818
2026-08-21,5,mom20,5,-0.01854961333846683,-0.016657158325652135
2026-08-21,5,vol_ratio,1,-0.009785295553880469,-0.01397876198899055
2026-08-21,5,vol_ratio,2,-0.013453497500428402,-0.010423268558937961
2026-08-21,5,vol_ratio,3,-0.016027016106991532,-0.018484813777080306
2026-08-21,5,vol_ratio,4,-0.010460406499051444,-0.013548140195389814
2026-08-21,5,vol_ratio,5,-0.008595522171447545,-0.0005436931443564768
2026-08-21,5,squeeze,1,-0.023345451731414113,-0.019154026199308526
2026-08-21,5,squeeze,2,-0.014352465604723974,-0.010171745569832438
2026-08-21,5,squeeze,3,-0.018320594015365788,-0.014873925652934985
2026-08-21,5,squeeze,4,-0.010787181201428853,-0.004747982817855028
2026-08-21,5,squeeze,5,-0.005916858951461712,-0.008014124115832803
2026-08-21,5,composite,1,-0.01832649994274299,-0.011163690640258022
2026-08-21,5,composite,2,-0.015972489650591448,-0.01011361460371617
2026-08-21,5,composite,3,-0.010380640345549086,-0.014755368735786142
2026-08-21,5,composite,4,-0.01168842186615926,-0.017422537367983413
2026-08-21,5,composite,5,-0.0058064651258301625,-0.0035060390037342888
2026-08-21,5,mom5,1,-0.030986982051911527,-0.021896304683867992
2026-08-21,5,mom5,2,-0.010460406499051444,-0.012559029879744704
2026-08-21,5,mom5,3,-0.009831417970412204,-0.01037546762254017
2026-08-21,5,mom5,4,-0.007915723692642984,-0.0044022924599226715
2026-08-21,5,mom5,5,-0.007070408075559365,-0.007707688877770518
2026-08-21,5,mom60_skip5,1,-0.031609189364923185,-0.015703235686604106
2026-08-21,5,mom60_skip5,2,-0.019776852218253982,-0.023267130318839223
2026-08-21,5,mom60_skip5,3,-0.009693060199817416,-0.008052195435760549
2026-08-21,5,mom60_skip5,4,-0.008024014555345793,-0.011148285441770892
2026-08-21,5,mom60_skip5,5,-0.00038315052627113655,0.0016040794039930623
2026-08-21,5,mom60_riskadj,1,-0.025089582150498058,-0.017809535803825157
2026-08-21,5,mom60_riskadj,2,-0.02226582489418727,-0.01770160827901706
2026-08-21,5,mom60_riskadj,3,-0.01188021208276796,-0.01455598793578346
2026-08-21,5,mom60_riskadj,4,-0.010247765881647053,-0.009072210629365762
2026-08-21,5,mom60_riskadj,5,-0.001394407741632242,0.00257791697348018
2026-08-21,5,vol_5_50,1,-0.01639342660450327,-0.014948494333883983
2026-08-21,5,vol_5_50,2,-0.009831417970412204,-0.01087860453198382
2026-08-21,5,vol_5_50,3,-0.009244988368025342,-0.007261844760250177
2026-08-21,5,vol_5_50,4,-0.011242313246026314,-0.013483549142477978
2026-08-21,5,vol_5_50,5,-0.020092680343025027,-0.010444278541431868
2026-08-21,5,squeeze_own,1,-0.01500693032486694,-0.01603922996579235
2026-08-21,5,squeeze_own,2,-0.00837165595230116,-0.015277602216624194
2026-08-21,5,squeeze_own,3,-0.00724861594813031,-0.007127562370861856
2026-08-21,5,squeeze_own,4,-0.018248157716151847,-0.01631421474146243
2026-08-21,5,squeeze_own,5,-0.010846979509098076,-0.0056663802470917094
2026-08-21,5,low_vol,1,-0.027806467992695094,-0.018113024534974546
2026-08-21,5,low_vol,2,-0.019337025238164107,-0.01694782885032321
2026-08-21,5,low_vol,3,-0.017886200294088384,-0.007779873908207262
2026-08-21,5,low_vol,4,-0.01168842186615926,-0.007761073159054896
2026-08-21,5,low_vol,5,-0.006650701867338071,-0.006326854128695796
2026-08-21,5,near_high,1,-0.043636322021484375,-0.025526782495162787
2026-08-21,5,near_high,2,-0.01836073648753367,-0.012299798540222404
2026-08-21,5,near_high,3,-0.010088025028597458,-0.010391960962840624
2026-08-21,5,near_high,4,-0.007090838338908445,-0.004910491724152135
2026-08-21,5,near_high,5,-0.004569719656796423,-0.003367943334213352
2026-08-21,5,vs_sma50,1,-0.02166066299436653,-0.015101291930889374
2026-08-21,5,vs_sma50,2,-0.018320594015365788,-0.01448808783398775
2026-08-21,5,vs_sma50,3,-0.009210733815628092,-0.012355259319910676
2026-08-21,5,vs_sma50,4,-0.006670791441689916,-0.011646941507137049
2026-08-21,5,vs_sma50,5,-0.0070985691331769685,-0.0034251907181029736
2026-08-21,5,vs_sma20,1,-0.016314050890025467,-0.013155733169195329
2026-08-21,5,vs_sma20,2,-0.01303826613199377,-0.008637271202280522
2026-08-21,5,vs_sma20,3,-0.007869663849070063,-0.011048128038661524
2026-08-21,5,vs_sma20,4,-0.014996929786912527,-0.015254044793331175
2026-08-21,5,vs_sma20,5,-0.012114091471094712,-0.008848749593350027
2026-08-21,5,rule5,1,-0.025866870259430352,-0.02697291316938941
2026-08-21,5,rule5,2,-0.021530496920453945,-0.00701969088691553
2026-08-21,5,rule5,3,-0.011883253630401991,-0.012700193348456502
2026-08-21,5,rule5,4,-0.009096982167319745,-0.009531889898947953
2026-08-21,5,rule5,5,-0.004402065591144644,-0.00028003399188239974
2026-08-21,5,rule5_mom20,1,-0.02017940623724379,-0.011481244338545818
2026-08-21,5,rule5_mom20,2,-0.024116239968324737,-0.02123772182806028
2026-08-21,5,rule5_mom20,3,-0.013364380936625453,-0.01667140869132734
2026-08-21,5,rule5_mom20,4,-0.007070408075559365,-0.0064466359010316235
2026-08-21,5,rule5_mom20,5,-0.0046362718926747926,-0.0007386212985333035
2026-08-21,10,mom20,1,-0.02246567544929423,-0.020473277408073306
2026-08-21,10,mom20,2,-0.009921356107989165,-0.016466704855921072
2026-08-21,10,mom20,3,-0.007028081782742834,-0.006349853984706168
2026-08-21,10,mom20,4,-0.014445820877458548,-0.011602583815852906
2026-08-21,10,mom20,5,-0.010721695964086841,-0.010862227256027856
2026-08-21,10,vol_ratio,1,-0.013104933323723311,-0.01843719068610672
2026-08-21,10,vol_ratio,2,-0.01825266824441424,-0.015568103208402162
2026-08-21,10,vol_ratio,3,-0.015299004878674083,-0.018769413732294092
2026-08-21,10,vol_ratio,4,-0.009246986960248282,-0.015306141689288892
2026-08-21,10,vol_ratio,5,-0.00686973699808463,0.00226816666958725
2026-08-21,10,squeeze,1,-0.027467104573653478,-0.03288064788650845
2026-08-21,10,squeeze,2,-0.00042809197861942705,-0.006690810376793771
2026-08-21,10,squeeze,3,-0.01733533294758094,-0.009826479433499378
2026-08-21,10,squeeze,4,-0.016797959171848453,-0.005861591045250655
2026-08-21,10,squeeze,5,-0.00397089953894042,-0.01051136449184118
2026-08-21,10,composite,1,-0.02325457141794146,-0.023450370001644467
2026-08-21,10,composite,2,-0.018946273348884046,-0.013787955657463054
2026-08-21,10,composite,3,-0.008433812878302804,-0.014453479207349254
2026-08-21,10,composite,4,-0.015457876358598688,-0.02181040783857131
2026-08-21,10,composite,5,0.0004802890449167041,0.007709697976864339
2026-08-21,10,mom5,1,-0.031898627185683814,-0.030825302834185626
2026-08-21,10,mom5,2,-0.003161824670161184,-0.011868162465861525
2026-08-21,10,mom5,3,-0.007279338068440722,-0.015090461777011689
2026-08-21,10,mom5,4,-0.010308839726653418,-0.002068546269899536
2026-08-21,10,mom5,5,-0.010334212345422589,-0.005943017935269217
2026-08-21,10,mom60_skip5,1,-0.025089582150498058,-0.025144734274359367
2026-08-21,10,mom60_skip5,2,-0.019329991691396153,-0.01631171508416514
2026-08-21,10,mom60_skip5,3,-0.008383568966606803,-0.005135360356186365
2026-08-21,10,mom60_skip5,4,-0.007680643983578095,-0.017309423298380987
2026-08-21,10,mom60_skip5,5,-0.003164528947236067,-0.0023487170600034043
2026-08-21,10,mom60_riskadj,1,-0.018018000602490147,-0.014927553214968118
2026-08-21,10,mom60_riskadj,2,-0.021318473109433855,-0.022320134402438328
2026-08-21,10,mom60_riskadj,3,-0.016311762317302414,-0.011668583249954574
2026-08-21,10,mom60_riskadj,4,-0.010009408391953634,-0.014838103330255018
2026-08-21,10,mom60_riskadj,5,0.00042177263888576455,-0.00254285438366663
2026-08-21,10,vol_5_50,1,-0.017711186885341346,-0.01978513928672018
2026-08-21,10,vol_5_50,2,-0.008995493567202306,-0.017678684576989217
2026-08-21,10,vol_5_50,3,-0.009498480353294259,-0.010082000131690926
2026-08-21,10,vol_5_50,4,-0.008791200038733793,-0.00603668555598098
2026-08-21,10,vol_5_50,5,-0.01388887601134181,-0.013014039583509779
2026-08-21,10,squeeze_own,1,-0.006897989623324996,-0.014455977242460926
2026-08-21,10,squeeze_own,2,-0.011250019073486328,-0.017947297689062062
2026-08-21,10,squeeze_own,3,-0.012148051534430881,-0.011376083301296734
2026-08-21,10,squeeze_own,4,-0.021343834959002606,-0.015044262843742266
2026-08-21,10,squeeze_own,5,-0.007307307738539159,-0.010729890026399208
2026-08-21,10,low_vol,1,-0.02555059332895232,-0.026692692351464757
2026-08-21,10,low_vol,2,-0.01819700009378078,-0.022811877604070364
2026-08-21,10,low_vol,3,-0.004761900436850985,-0.0014542011324286128
2026-08-21,10,low_vol,4,-0.013009726936699162,-0.009319388638678377
2026-08-21,10,low_vol,5,-0.004409468805876338,-0.005453610711451919
2026-08-21,10,near_high,1,-0.0351053532693667,-0.03760549134546838
2026-08-21,10,near_high,2,-0.020943307627670604,-0.014043838244347564
2026-08-21,10,near_high,3,-0.005949193016883347,-0.003569331936248207
2026-08-21,10,near_high,4,-0.010132916340669207,-0.006901055716949631
2026-08-21,10,near_high,5,0.0,-0.004063367699371692
2026-08-21,10,vs_sma50,1,-0.025974001846660322,-0.026571286424117817
2026-08-21,10,vs_sma50,2,-0.01924032008828569,-0.01795191637861724
2026-08-21,10,vs_sma50,3,-0.00755319979807656,-0.01180108265306666
2026-08-21,10,vs_sma50,4,-0.006485573689970159,-0.005372071248956792
2026-08-21,10,vs_sma50,5,-0.007633600753103376,-0.004900192430132568
2026-08-21,10,vs_sma20,1,-0.023261383795164625,-0.02581244250826147
2026-08-21,10,vs_sma20,2,-0.01489222351326619,-0.011059656148648029
2026-08-21,10,vs_sma20,3,-0.007028081782742834,-0.012140226068524182
2026-08-21,10,vs_sma20,4,-0.01821532397592196,-0.01756831823851561
2026-08-21,10,vs_sma20,5,0.0018108228513594726,0.000798937829892195
2026-08-21,10,rule5,1,-0.02909088134765625,-0.03222313554220545
2026-08-21,10,rule5,2,-0.0215209435245024,-0.017347569906319856
2026-08-21,10,rule5,3,-0.009830271355136644,-0.009556185905702117
2026-08-21,10,rule5,4,-0.01128799599662439,-0.010776476605752447
2026-08-21,10,rule5,5,0.0,0.0036584707804102295
2026-08-21,10,rule5_mom20,1,-0.028231806342047583,-0.02628751366837041
2026-08-21,10,rule5_mom20,2,-0.021610512137636928,-0.02168645604494725
2026-08-21,10,rule5_mom20,3,-0.01418674345951465,-0.012756431719987896
2026-08-21,10,rule5_mom20,4,-0.009946079356539683,-0.012354312388701267
2026-08-21,10,rule5_mom20,5,0.0007518968976258922,0.006797013977010595
2026-08-28,5,mom20,1,-0.00625305735403503,-0.010289468293688576
2026-08-28,5,mom20,2,-0.0024493406181255173,0.00013753799536567166
2026-08-28,5,mom20,3,0.0020622625332749056,0.004938755171119106
2026-08-28,5,mom20,4,0.0,0.002792762086968355
2026-08-28,5,mom20,5,0.0,0.0009498089725955202
2026-08-28,5,vol_ratio,1,-0.006217561483336187,-0.00467269593606106
2026-08-28,5,vol_ratio,2,-0.0027751257112960115,-0.004521256275938796
2026-08-28,5,vol_ratio,3,-0.0024204597039956255,-0.0025002526248989495
2026-08-28,5,vol_ratio,4,0.004078109533293017,0.005352256119348058
2026-08-28,5,vol_ratio,5,0.003952565445193956,0.004861930747494123
2026-08-28,5,squeeze,1,-0.0014368144866416799,-0.003437740091956395
2026-08-28,5,squeeze,2,0.002794596710018138,-0.0025553025370151066
2026-08-28,5,squeeze,3,-0.0013605104999219186,0.005385889938977368
2026-08-28,5,squeeze,4,-0.0017112351147232086,0.0021280826926210485
2026-08-28,5,squeeze,5,0.0,-0.0030065902134360236
2026-08-28,5,composite,1,-0.00837988045505711,-0.01165197538507167
2026-08-28,5,composite,2,-0.003919340674802263,0.0014515781981377233
2026-08-28,5,composite,3,0.0040780988642781235,0.002435542811898002
2026-08-28,5,composite,4,0.0,0.001728678243575
2026-08-28,5,composite,5,0.002232194016530853,0.004566692944356351
2026-08-28,5,mom5,1,-0.00400634324227922,-0.0032399319266098224
2026-08-28,5,mom5,2,-0.0018162089116607327,-0.0018320640503330717
2026-08-28,5,mom5,3,0.00044633914641201144,0.0006225027286992413
2026-08-28,5,mom5,4,0.0021204288387780545,0.002134110631360787
2026-08-28,5,mom5,5,-0.0024204597039956255,0.0008329926591025556
2026-08-28,5,mom60_skip5,1,-0.007696416961814501,-0.0072972779969038785
2026-08-28,5,mom60_skip5,2,0.0010965163385221466,0.011892259387082313
2026-08-28,5,mom60_skip5,3,-0.00106279871673437,-0.00014182111736786297
2026-08-28,5,mom60_skip5,4,0.0005296731634721885,-0.006258163332854076
2026-08-28,5,mom60_skip5,5,0.002436251277676549,0.00013026775804891261
2026-08-28,5,mom60_riskadj,1,-0.0045946631833646,-0.0033641517112881695
2026-08-28,5,mom60_riskadj,2,-0.0013986624932817993,0.007603149273888707
2026-08-28,5,mom60_riskadj,3,0.0005091766391350783,0.0007924761368766152
2026-08-28,5,mom60_riskadj,4,-0.0013973815413730328,-0.007104635449550988
2026-08-28,5,mom60_riskadj,5,0.0022420069885703553,0.0003984264480792431
2026-08-28,5,vol_5_50,1,-0.004672892510771409,-0.002457582631537247
2026-08-28,5,vol_5_50,2,-0.001736110134730462,-0.0019133096204860605
2026-08-28,5,vol_5_50,3,-0.0007746110766871928,0.0028893104973897687
2026-08-28,5,vol_5_50,4,-0.0009175648209288068,-0.000514825154114996
2026-08-28,5,vol_5_50,5,0.003952565445193956,0.00043649742507226747
2026-08-28,5,squeeze_own,1,0.00545718328332101,-0.0009185508053778258
2026-08-28,5,squeeze_own,2,0.0020074475758073973,0.00017180769495323014
2026-08-28,5,squeeze_own,3,-0.0013605104999219186,-0.0017813850012787969
2026-08-28,5,squeeze_own,4,-0.001328492684041671,0.0029627274533289994
2026-08-28,5,squeeze_own,5,-0.005873709572558505,-0.00233886942549013
2026-08-28,5,low_vol,1,-0.006217561483336187,-0.005010838300199643
2026-08-28,5,low_vol,2,-0.005796466650147214,-0.0010243429893636489
2026-08-28,5,low_vol,3,0.0040780988642781235,0.006331690793101244
2026-08-28,5,low_vol,4,0.0019964665849642182,0.0007349480415489275
2026-08-28,5,low_vol,5,-0.0012264423720244055,-0.002516499707032402
2026-08-28,5,near_high,1,-0.0020283473413522657,-0.005771150925096355
2026-08-28,5,near_high,2,-0.0047525433612757295,-9.664294004795595e-05
2026-08-28,5,near_high,3,0.000819651755682993,0.0028287507727202533
2026-08-28,5,near_high,4,-0.0005060205756907132,0.0011229376845701517
2026-08-28,5,near_high,5,0.0021599622443276845,0.0002267391713676701
2026-08-28,5,vs_sma50,1,0.0,-0.007492361264626853
2026-08-28,5,vs_sma50,2,-0.006609453022304923,0.0010760432455924967
2026-08-28,5,vs_sma50,3,0.0,-0.0018728096534667935
2026-08-28,5,vs_sma50,4,0.0020366080331227776,0.004662737881855939
2026-08-28,5,vs_sma50,5,0.0,0.002103434677566451
2026-08-28,5,vs_sma20,1,-0.0010869814227348895,-0.008788854711784762
2026-08-28,5,vs_sma20,2,-0.005792357906868717,0.002039866912073279
2026-08-28,5,vs_sma20,3,0.0022022143878159817,-0.0017909919393757497
2026-08-28,5,vs_sma20,4,-0.001062503157582717,0.0008732269022708224
2026-08-28,5,vs_sma20,5,0.005653189056785468,0.006196071611024068
2026-08-28,5,rule5,1,-0.0020283473413522657,-0.008311108501020277
2026-08-28,5,rule5,2,-0.006212960058505357,0.0030428325259643204
2026-08-28,5,rule5,3,-0.002947817703055744,-0.0010340357093245333
2026-08-28,5,rule5,4,0.0025640508876064727,0.00742768076860356
2026-08-28,5,rule5,5,0.0019118814982401755,-0.0028031900590005593
2026-08-28,5,rule5_mom20,1,-0.0014005255226425817,-0.00738134123277672
2026-08-28,5,rule5_mom20,2,-0.0064346428230003805,-0.0002952881096866129
2026-08-28,5,rule5_mom20,3,-0.0034233260239600605,0.0018777249136586194
2026-08-28,5,rule5_mom20,4,0.004469447594537268,0.0037766593830208875
2026-08-28,5,rule5_mom20,5,0.00022316957320600572,0.00034019785615068435
2026-08-28,10,mom20,1,-0.04196794469073761,-0.03788569589401929
2026-08-28,10,mom20,2,-0.03255821793320157,-0.02956329443309082
2026-08-28,10,mom20,3,-0.03951931595156044,-0.03681112136610017
2026-08-28,10,mom20,4,-0.03420792646186144,-0.03654741493305292
2026-08-28,10,mom20,5,-0.046114403901531764,-0.05011418465603774
2026-08-28,10,vol_ratio,1,-0.04352768690302189,-0.03289207049738962
2026-08-28,10,vol_ratio,2,-0.0353535615039251,-0.03567576206031722
2026-08-28,10,vol_ratio,3,-0.04073832003897948,-0.04604236959704328
2026-08-28,10,vol_ratio,4,-0.034768218455840216,-0.03832470534502562
2026-08-28,10,vol_ratio,5,-0.0374867827439922,-0.03802234323315222
2026-08-28,10,squeeze,1,-0.045840954241738896,-0.04017446153786139
2026-08-28,10,squeeze,2,-0.04118764464160596,-0.04336449981991125
2026-08-28,10,squeeze,3,-0.04085787047827494,-0.035679691162920794
2026-08-28,10,squeeze,4,-0.03672168709089452,-0.03672242747063303
2026-08-28,10,squeeze,5,-0.03100552737177925,-0.03504358722757088
2026-08-28,10,composite,1,-0.04904994563666332,-0.03959237099667396
2026-08-28,10,composite,2,-0.030571207169052816,-0.03260700580187954
2026-08-28,10,composite,3,-0.03656372301965233,-0.03337469105743521
2026-08-28,10,composite,4,-0.03872966738262418,-0.044531276985386156
2026-08-28,10,composite,5,-0.03647612030222791,-0.04086604019507529
2026-08-28,10,mom5,1,-0.0549514885836887,-0.04273984851182882
2026-08-28,10,mom5,2,-0.044561945829857286,-0.04058424005785101
2026-08-28,10,mom5,3,-0.0252214663598066,-0.029478674053272376
2026-08-28,10,mom5,4,-0.03756947085750806,-0.037028565443393856
2026-08-28,10,mom5,5,-0.03634072477070199,-0.0411421944598067
2026-08-28,10,mom60_skip5,1,-0.06366457358515598,-0.04934450772248909
2026-08-28,10,mom60_skip5,2,-0.030674817461688986,-0.030682063272443556
2026-08-28,10,mom60_skip5,3,-0.035958909702068276,-0.040779558770159756
2026-08-28,10,mom60_skip5,4,-0.025802441298166223,-0.03334623006393328
2026-08-28,10,mom60_skip5,5,-0.0419162114347259,-0.03740206203686741
2026-08-28,10,mom60_riskadj,1,-0.05573765263381791,-0.05283610165247261
2026-08-28,10,mom60_riskadj,2,-0.035714252262698754,-0.027275241157906523
2026-08-28,10,mom60_riskadj,3,-0.035958909702068276,-0.03963200740286865
2026-08-28,10,mom60_riskadj,4,-0.03651021584602443,-0.04139460299173231
2026-08-28,10,mom60_riskadj,5,-0.029921269302987996,-0.030416468660913017
2026-08-28,10,vol_5_50,1,-0.04152745795565299,-0.0523608887932597
2026-08-28,10,vol_5_50,2,-0.03373395700822435,-0.03949031480871142
2026-08-28,10,vol_5_50,3,-0.039276324838457555,-0.02801368491091365
2026-08-28,10,vol_5_50,4,-0.038043492957502756,-0.033646366755038674
2026-08-28,10,vol_5_50,5,-0.035136974911747,-0.03830277611431872
2026-08-28,10,squeeze_own,1,-0.034804741655855564,-0.03375319854915296
2026-08-28,10,squeeze_own,2,-0.030341828628345946,-0.03512206822899155
2026-08-28,10,squeeze_own,3,-0.04395478056118424,-0.04289010345121088
2026-08-28,10,squeeze_own,4,-0.04095076801291864,-0.04135922312986825
2026-08-28,10,squeeze_own,5,-0.045099132865210445,-0.038943808901405176
2026-08-28,10,low_vol,1,-0.04602018353214732,-0.03603424562239738
2026-08-28,10,low_vol,2,-0.054293789781206914,-0.05257704701882895
2026-08-28,10,low_vol,3,-0.04485166148127273,-0.03828338256068896
2026-08-28,10,low_vol,4,-0.03454870695673995,-0.0370800228072811
2026-08-28,10,low_vol,5,-0.026437182408416304,-0.02705307795986118
2026-08-28,10,near_high,1,-0.05629450676386799,-0.04628273435442829
2026-08-28,10,near_high,2,-0.03626506628533477,-0.04184867322711713
2026-08-28,10,near_high,3,-0.04687502910383001,-0.04169376986897621
2026-08-28,10,near_high,4,-0.034768218455840216,-0.03298917343010995
2026-08-28,10,near_high,5,-0.02654858645700986,-0.028596346247863887
2026-08-28,10,vs_sma50,1,-0.0422319517305762,-0.0410665139656281
2026-08-28,10,vs_sma50,2,-0.047014029317025474,-0.04185274238798621
2026-08-28,10,vs_sma50,3,-0.03414133198248215,-0.03486457809709258
2026-08-28,10,vs_sma50,4,-0.03672168709089452,-0.038148230853202375
2026-08-28,10,vs_sma50,5,-0.03546651408903062,-0.03591316740413943
2026-08-28,10,vs_sma20,1,-0.0494633130912106,-0.050568917932382926
2026-08-28,10,vs_sma20,2,-0.04605258823761926,-0.04122044285561117
2026-08-28,10,vs_sma20,3,-0.03100552737177925,-0.026827031252974406
2026-08-28,10,vs_sma20,4,-0.030674817461688986,-0.03576772372401343
2026-08-28,10,vs_sma20,5,-0.04191590404115203,-0.0365865930723347
2026-08-28,10,rule5,1,-0.05129605848428692,-0.04529901438089074
2026-08-28,10,rule5,2,-0.03762227249324124,-0.038254896407962466
2026-08-28,10,rule5,3,-0.04767387798520717,-0.04663673739447383
2026-08-28,10,rule5,4,-0.034768218455840216,-0.029914201375143907
2026-08-28,10,rule5,5,-0.029204922383082033,-0.031310339442049806
2026-08-28,10,rule5_mom20,1,-0.049322684348081736,-0.04194071596377481
2026-08-28,10,rule5_mom20,2,-0.03921575145793732,-0.03891105327027809
2026-08-28,10,rule5_mom20,3,-0.04069007892624821,-0.04393337115185847
2026-08-28,10,rule5_mom20,4,-0.036521745764690916,-0.034429842405941276
2026-08-28,10,rule5_mom20,5,-0.030961808799737423,-0.03221554090463669
2026-09-04,5,mom20,1,-0.04192502272465376,-0.04165712560712604
2026-09-04,5,mom20,2,-0.03326400193669243,-0.033026858195580905
2026-09-04,5,mom20,3,-0.036079703139719865,-0.03842046982775316
2026-09-04,5,mom20,4,-0.037422002178779,-0.03553446196336412
2026-09-04,5,mom20,5,-0.04545460949259217,-0.035146866255820954
2026-09-04,5,vol_ratio,1,-0.04061536694876594,-0.030845336650481923
2026-09-04,5,vol_ratio,2,-0.030848299427909787,-0.03421813427705944
2026-09-04,5,vol_ratio,3,-0.04194532350804081,-0.040534803668938905
2026-09-04,5,vol_ratio,4,-0.04223742875476044,-0.041479042947016896
2026-09-04,5,vol_ratio,5,-0.03912363051721979,-0.03675694766469798
2026-09-04,5,squeeze,1,-0.05459261497894935,-0.03810928757588091
2026-09-04,5,squeeze,2,-0.044991489387539496,-0.03627047526954701
2026-09-04,5,squeeze,3,-0.04317337660725362,-0.0453939535307521
2026-09-04,5,squeeze,4,-0.035327144366001484,-0.03713089103191761
2026-09-04,5,squeeze,5,-0.02316417937386328,-0.02689708402913161
2026-09-04,5,composite,1,-0.04750957175777215,-0.03804492732403125
2026-09-04,5,composite,2,-0.04194532350804081,-0.03310147419117124
2026-09-04,5,composite,3,-0.028472212380097006,-0.03731733124400319
2026-09-04,5,composite,4,-0.04223742875476044,-0.04661221708731828
2026-09-04,5,composite,5,-0.025518317049255557,-0.02872603020170012
2026-09-04,5,mom5,1,-0.03926217524154746,-0.040720412042199804
2026-09-04,5,mom5,2,-0.032566974384982794,-0.034846998599286354
2026-09-04,5,mom5,3,-0.027491384158387255,-0.02859733250815162
2026-09-04,5,mom5,4,-0.03521126807859265,-0.03849221844561139
2026-09-04,5,mom5,5,-0.05436894258627467,-0.04113302076365576
2026-09-04,5,mom60_skip5,1,-0.05034565458389456,-0.04069487497921411
2026-09-04,5,mom60_skip5,2,-0.0365358573483866,-0.03502636922298134
2026-09-04,5,mom60_skip5,3,-0.027491384158387255,-0.03528019331554648
2026-09-04,5,mom60_skip5,4,-0.035978398580441495,-0.03911316924577785
2026-09-04,5,mom60_skip5,5,-0.04065746106991863,-0.03381997549992034
2026-09-04,5,mom60_riskadj,1,-0.044035912672611865,-0.03783280923756467
2026-09-04,5,mom60_riskadj,2,-0.04118153953051917,-0.03652321647115114
2026-09-04,5,mom60_riskadj,3,-0.04005934571147929,-0.04124946846751774
2026-09-04,5,mom60_riskadj,4,-0.027716184846179326,-0.03226889036463001
2026-09-04,5,mom60_riskadj,5,-0.03521126807859265,-0.03607314824629444
2026-09-04,5,vol_5_50,1,-0.045070075671690135,-0.03645420057024561
2026-09-04,5,vol_5_50,2,-0.03638800699551892,-0.040661629535903
2026-09-04,5,vol_5_50,3,-0.04025153490586031,-0.03728832686503384
2026-09-04,5,vol_5_50,4,-0.021363178003749095,-0.03184774612669932
2026-09-04,5,vol_5_50,5,-0.04023539379909874,-0.03790068959166008
2026-09-04,5,squeeze_own,1,-0.04272635600749819,-0.03604396855581541
2026-09-04,5,squeeze_own,2,-0.03999102107487651,-0.03734080640764276
2026-09-04,5,squeeze_own,3,-0.035764551076191586,-0.038703060710170156
2026-09-04,5,squeeze_own,4,-0.0351406763163114,-0.037921339952164713
2026-09-04,5,squeeze_own,5,-0.03767604034371469,-0.03339218094373308
2026-09-04,5,low_vol,1,-0.05548863660985498,-0.038904805042319586
2026-09-04,5,low_vol,2,-0.05213265429609393,-0.049984517256149164
2026-09-04,5,low_vol,3,-0.045787981694541235,-0.040620229509184765
2026-09-04,5,low_vol,4,-0.028209651974226535,-0.027250042204455625
2026-09-04,5,low_vol,5,-0.02149179261356926,-0.02703853008222128
2026-09-04,5,near_high,1,-0.055595190475261846,-0.04207973359888575
2026-09-04,5,near_high,2,-0.03327791655334178,-0.03305667935921382
2026-09-04,5,near_high,3,-0.04279070122297424,-0.03975641372510402
2026-09-04,5,near_high,4,-0.03292317197091843,-0.040615903225053346
2026-09-04,5,near_high,5,-0.026799415790524028,-0.028419586026587392
2026-09-04,5,vs_sma50,1,-0.041270747714360956,-0.03232808204043858
2026-09-04,5,vs_sma50,2,-0.03973506169436036,-0.03569168751115489
2026-09-04,5,vs_sma50,3,-0.03613090567289723,-0.039062911610103196
2026-09-04,5,vs_sma50,4,-0.030848299427909787,-0.03795741992754639
2026-09-04,5,vs_sma50,5,-0.0447429279683807,-0.039125619152195944
2026-09-04,5,vs_sma20,1,-0.04755415548393688,-0.04340854541314776
2026-09-04,5,vs_sma20,2,-0.037383251496717174,-0.03728112272031561
2026-09-04,5,vs_sma20,3,-0.03441156291733505,-0.03689657792808308
2026-09-04,5,vs_sma20,4,-0.027491384158387255,-0.03300075995587103
2026-09-04,5,vs_sma20,5,-0.0493827365700914,-0.033190921931752264
2026-09-04,5,rule5,1,-0.04979348492988017,-0.034490592424707985
2026-09-04,5,rule5,2,-0.046391768414455026,-0.046443686397578135
2026-09-04,5,rule5,3,-0.04028105831314088,-0.040599623722301845
2026-09-04,5,rule5,4,-0.03632571238075488,-0.035382603199054306
2026-09-04,5,rule5,5,-0.023718398866156343,-0.027046150196515056
2026-09-04,5,rule5_mom20,1,-0.0498869101968647,-0.035560970340018906
2026-09-04,5,rule5_mom20,2,-0.04279070122297424,-0.040592099425368705
2026-09-04,5,rule5_mom20,3,-0.03951364058652418,-0.03949470205988288
2026-09-04,5,rule5_mom20,4,-0.04054861577901603,-0.03948044844017443
2026-09-04,5,rule5_mom20,5,-0.02508830754818081,-0.028829592335729088
