date,gate,ticker,excess_vs_survivor_median
2026-04-17,>40% above 50-day SMA,ADTN,-0.0690344527762985
2026-04-17,>40% above 50-day SMA,AGPU,1.1155709761668988
2026-04-17,>40% above 50-day SMA,AIXI,-0.5570003879919007
2026-04-17,>40% above 50-day SMA,AMC,0.26467286251880384
2026-04-17,>40% above 50-day SMA,ANL,-0.25345088085367196
2026-04-17,>40% above 50-day SMA,ASST,0.1067716530715147
2026-04-17,>40% above 50-day SMA,BBGI,-0.1452340268455311
2026-04-17,>40% above 50-day SMA,BFLY,0.07189401580253552
2026-04-17,>40% above 50-day SMA,BKSY,-0.13094988615293135
2026-04-17,>40% above 50-day SMA,BMEA,-0.41814712674149435
2026-04-17,>40% above 50-day SMA,BZAI,-0.3063716640280334
2026-04-17,>40% above 50-day SMA,CDXS,0.0002564326471825584
2026-04-17,>40% above 50-day SMA,CODI,0.015079566585390891
2026-04-17,>40% above 50-day SMA,CURV,-0.024769974225471447
2026-04-17,>40% above 50-day SMA,CVGI,0.3192633535252877
2026-04-17,>40% above 50-day SMA,CYCN,0.09184651916950026
2026-04-17,>40% above 50-day SMA,EDIT,-0.25626249510851407
2026-04-17,>40% above 50-day SMA,ELDN,-0.0993245064154532
2026-04-17,>40% above 50-day SMA,GVH,0.5247818997043393
2026-04-17,>40% above 50-day SMA,HTZ,-0.2706893875735682
2026-04-17,>40% above 50-day SMA,HURA,-0.1837363308546015
2026-04-17,>40% above 50-day SMA,KODK,-0.24152867242815412
2026-04-17,>40% above 50-day SMA,LWLG,-0.1573058167272856
2026-04-17,>40% above 50-day SMA,MOVE,0.21935430526849353
2026-04-17,>40% above 50-day SMA,MXL,2.4176254988884254
2026-04-17,>40% above 50-day SMA,NKTX,-0.17150820781626464
2026-04-17,>40% above 50-day SMA,OVID,-0.18450128806323973
2026-04-17,>40% above 50-day SMA,PAYS,0.14697451718792054
2026-04-17,>40% above 50-day SMA,PDSB,-0.18250759063593414
2026-04-17,>40% above 50-day SMA,ROLR,-0.1497878970988965
2026-04-17,>40% above 50-day SMA,RYDE,-0.4591201273976717
2026-04-17,>40% above 50-day SMA,SGML,-0.18020049355676027
2026-04-17,>40% above 50-day SMA,SKYQ,-0.8113208285300796
2026-04-17,>40% above 50-day SMA,SPIR,-0.01742836110812851
2026-04-17,>40% above 50-day SMA,TH,0.31312517243875304
2026-04-17,>40% above 50-day SMA,TLYS,0.029157660995139167
2026-04-17,>40% above 50-day SMA,TRON,-0.24400210645384424
2026-04-17,>40% above 50-day SMA,UPXI,-0.22140752682095122
2026-04-17,>40% above 50-day SMA,VIVO,0.6763663397891023
2026-04-17,>40% above 50-day SMA,ZNTL,-0.14647837459545576
2026-04-17,>20% above 20-day SMA,ACH,-0.059347830358823184
2026-04-17,>20% above 20-day SMA,ACHV,0.13690565323488457
2026-04-17,>20% above 20-day SMA,ADTN,-0.0690344527762985
2026-04-17,>20% above 20-day SMA,AGEN,-0.28263669040521644
2026-04-17,>20% above 20-day SMA,AIXI,-0.5570003879919007
2026-04-17,>20% above 20-day SMA,ALMU,0.5853924287227402
2026-04-17,>20% above 20-day SMA,AMC,0.26467286251880384
2026-04-17,>20% above 20-day SMA,ANL,-0.25345088085367196
2026-04-17,>20% above 20-day SMA,APPS,1.6601997487036075
2026-04-17,>20% above 20-day SMA,ASST,0.1067716530715147
2026-04-17,>20% above 20-day SMA,ASTI,0.18758436729514305
2026-04-17,>20% above 20-day SMA,BBGI,-0.1452340268455311
2026-04-17,>20% above 20-day SMA,BBNX,0.14672472705417017
2026-04-17,>20% above 20-day SMA,BDTX,-0.3990420411561235
2026-04-17,>20% above 20-day SMA,BFLY,0.07189401580253552
2026-04-17,>20% above 20-day SMA,BKSY,-0.13094988615293135
2026-04-17,>20% above 20-day SMA,BMBL,-0.270992742862195
2026-04-17,>20% above 20-day SMA,BMEA,-0.41814712674149435
2026-04-17,>20% above 20-day SMA,BTCS,-0.3611335404428161
2026-04-17,>20% above 20-day SMA,BTGO,-0.461133564284674
2026-04-17,>20% above 20-day SMA,BTQ,0.5587527804943316
2026-04-17,>20% above 20-day SMA,BZAI,-0.3063716640280334
2026-04-17,>20% above 20-day SMA,CADL,0.3826655838161591
2026-04-17,>20% above 20-day SMA,CDNA,0.16304943468533983
2026-04-17,>20% above 20-day SMA,CDXS,0.0002564326471825584
2026-04-17,>20% above 20-day SMA,CETX,-0.645969622586069
2026-04-17,>20% above 20-day SMA,CLIK,-0.3664365983506237
2026-04-17,>20% above 20-day SMA,CLPT,0.18560099903238492
2026-04-17,>20% above 20-day SMA,CLYM,0.2932332438506261
2026-04-17,>20% above 20-day SMA,CODI,0.015079566585390891
2026-04-17,>20% above 20-day SMA,COHU,0.591217518054821
2026-04-17,>20% above 20-day SMA,CRML,-0.12673872414850207
2026-04-17,>20% above 20-day SMA,CRNC,0.28886646311976094
2026-04-17,>20% above 20-day SMA,CSTE,0.1479573868414673
2026-04-17,>20% above 20-day SMA,DBI,-0.06256399276315627
2026-04-17,>20% above 20-day SMA,DFDV,-0.24774445630231057
2026-04-17,>20% above 20-day SMA,DGXX,1.3033826282597154
2026-04-17,>20% above 20-day SMA,DOMO,-0.10323881918707767
2026-04-17,>20% above 20-day SMA,EDIT,-0.25626249510851407
2026-04-17,>20% above 20-day SMA,EHTH,-0.02091617967035586
2026-04-17,>20% above 20-day SMA,ELDN,-0.0993245064154532
2026-04-17,>20% above 20-day SMA,EOSE,-0.07007207679778704
2026-04-17,>20% above 20-day SMA,FLYX,-0.23481777393040404
2026-04-17,>20% above 20-day SMA,FNKO,0.2928710495786956
2026-04-17,>20% above 20-day SMA,FUSE,-0.3163248648990318
2026-04-17,>20% above 20-day SMA,FWRD,-0.3488702758780857
2026-04-17,>20% above 20-day SMA,GVH,0.5247818997043393
2026-04-17,>20% above 20-day SMA,HIMX,0.6469745438234341
2026-04-17,>20% above 20-day SMA,HIVE,0.6165556999356406
2026-04-17,>20% above 20-day SMA,HPP,1.048150214916701
2026-04-17,>20% above 20-day SMA,HTZ,-0.2706893875735682
2026-04-17,>20% above 20-day SMA,HURA,-0.1837363308546015
2026-04-17,>20% above 20-day SMA,ICHR,0.39962691055491717
2026-04-17,>20% above 20-day SMA,IHRT,0.012037192384969586
2026-04-17,>20% above 20-day SMA,IRWD,-0.1281764084817324
2026-04-17,>20% above 20-day SMA,JAGU,-0.24381906742371162
2026-04-17,>20% above 20-day SMA,JBLU,-0.04801597688903192
2026-04-17,>20% above 20-day SMA,KEEL,1.00414408241808
2026-04-17,>20% above 20-day SMA,KLC,0.3301286105912692
2026-04-17,>20% above 20-day SMA,KODK,-0.24152867242815412
2026-04-17,>20% above 20-day SMA,KOPN,0.7905442064472213
2026-04-17,>20% above 20-day SMA,KPTI,0.15849485937579832
2026-04-17,>20% above 20-day SMA,LAR,0.1490937363976691
2026-04-17,>20% above 20-day SMA,LDI,-0.28515587493636385
2026-04-17,>20% above 20-day SMA,LIFE,0.054915714066472554
2026-04-17,>20% above 20-day SMA,LTRN,0.5207941638629946
2026-04-17,>20% above 20-day SMA,LWLG,-0.1573058167272856
2026-04-17,>20% above 20-day SMA,MIST,-0.3373240393938868
2026-04-17,>20% above 20-day SMA,MOVE,0.21935430526849353
2026-04-17,>20% above 20-day SMA,MRAM,1.2902812003979212
2026-04-17,>20% above 20-day SMA,MUX,-0.18537129103721528
2026-04-17,>20% above 20-day SMA,MVST,-0.2995951384854858
2026-04-17,>20% above 20-day SMA,MXL,2.4176254988884254
2026-04-17,>20% above 20-day SMA,NAK,0.08152053858854125
2026-04-17,>20% above 20-day SMA,NB,-0.09296631709557934
2026-04-17,>20% above 20-day SMA,NEWP,-0.07770913681065339
2026-04-17,>20% above 20-day SMA,NEXA,-0.06050859322855606
2026-04-17,>20% above 20-day SMA,NKLR,-0.11789921085816224
2026-04-17,>20% above 20-day SMA,NKTX,-0.17150820781626464
2026-04-17,>20% above 20-day SMA,OPTU,-0.14676227730614777
2026-04-17,>20% above 20-day SMA,PALI,-0.2569669017572186
2026-04-17,>20% above 20-day SMA,PDSB,-0.18250759063593414
2026-04-17,>20% above 20-day SMA,PENG,1.4274228859240754
2026-04-17,>20% above 20-day SMA,PGY,0.08489715917051044
2026-04-17,>20% above 20-day SMA,PICS,-0.20449023907446717
2026-04-17,>20% above 20-day SMA,QMCO,0.9578224610471683
2026-04-17,>20% above 20-day SMA,QUBT,0.19874112071379935
2026-04-17,>20% above 20-day SMA,RBBN,0.006837995856965318
2026-04-17,>20% above 20-day SMA,REAL,-0.044742855283077865
2026-04-17,>20% above 20-day SMA,ROLR,-0.1497878970988965
2026-04-17,>20% above 20-day SMA,RPAY,-0.14118228056599402
2026-04-17,>20% above 20-day SMA,RXT,3.0626758552601676
2026-04-17,>20% above 20-day SMA,RYDE,-0.4591201273976717
2026-04-17,>20% above 20-day SMA,SABR,-0.04049863163571554
2026-04-17,>20% above 20-day SMA,SG,0.3285316182870456
2026-04-17,>20% above 20-day SMA,SGML,-0.18020049355676027
2026-04-17,>20% above 20-day SMA,SGMT,0.038866435715326
2026-04-17,>20% above 20-day SMA,SKYQ,-0.8113208285300796
2026-04-17,>20% above 20-day SMA,SSP,-0.3761133069103729
2026-04-17,>20% above 20-day SMA,TDUP,0.20702786925459737
2026-04-17,>20% above 20-day SMA,TH,0.31312517243875304
2026-04-17,>20% above 20-day SMA,TMCI,1.0594849721448236
2026-04-17,>20% above 20-day SMA,TRVI,0.0014403219952646706
2026-04-17,>20% above 20-day SMA,TSHA,-0.03267322998103017
2026-04-17,>20% above 20-day SMA,TTEC,-0.26791827463529627
2026-04-17,>20% above 20-day SMA,UCAR,-0.14234160401512985
2026-04-17,>20% above 20-day SMA,ULCC,0.4828224568688694
2026-04-17,>20% above 20-day SMA,UPXI,-0.22140752682095122
2026-04-17,>20% above 20-day SMA,VIVO,0.6763663397891023
2026-04-17,>20% above 20-day SMA,WOLF,0.9594455115481811
2026-04-17,>20% above 20-day SMA,WYFI,0.8658012206637996
2026-04-17,>20% above 20-day SMA,XRX,1.0157450540527129
2026-04-17,>20% above 20-day SMA,ZIP,0.3482190049113879
2026-04-17,>20% above 20-day SMA,ZNTL,-0.14647837459545576
2026-04-17,fresh >10% breakout,ABSI,1.0695927306479054
2026-04-17,fresh >10% breakout,ACHV,0.13690565323488457
2026-04-17,fresh >10% breakout,ADCT,-0.7158064846480818
2026-04-17,fresh >10% breakout,AI,0.2325893801084743
2026-04-17,fresh >10% breakout,ALMU,0.5853924287227402
2026-04-17,fresh >10% breakout,AMC,0.26467286251880384
2026-04-17,fresh >10% breakout,ANL,-0.25345088085367196
2026-04-17,fresh >10% breakout,APPS,1.6601997487036075
2026-04-17,fresh >10% breakout,ARKO,0.2625432698971061
2026-04-17,fresh >10% breakout,ASTI,0.18758436729514305
2026-04-17,fresh >10% breakout,BBGI,-0.1452340268455311
2026-04-17,fresh >10% breakout,BDTX,-0.3990420411561235
2026-04-17,fresh >10% breakout,BKSY,-0.13094988615293135
2026-04-17,fresh >10% breakout,BLZE,1.0169151784759785
2026-04-17,fresh >10% breakout,BMEA,-0.41814712674149435
2026-04-17,fresh >10% breakout,BTCS,-0.3611335404428161
2026-04-17,fresh >10% breakout,BZAI,-0.3063716640280334
2026-04-17,fresh >10% breakout,CADL,0.3826655838161591
2026-04-17,fresh >10% breakout,CDNA,0.16304943468533983
2026-04-17,fresh >10% breakout,CLPT,0.18560099903238492
2026-04-17,fresh >10% breakout,CMPS,0.8091367408166531
2026-04-17,fresh >10% breakout,CMPX,-0.6211335706425029
2026-04-17,fresh >10% breakout,CMRC,-0.046167576235121244
2026-04-17,fresh >10% breakout,CRML,-0.12673872414850207
2026-04-17,fresh >10% breakout,CRNC,0.28886646311976094
2026-04-17,fresh >10% breakout,CRVS,-0.25026141486794784
2026-04-17,fresh >10% breakout,DFDV,-0.24774445630231057
2026-04-17,fresh >10% breakout,DGXX,1.3033826282597154
2026-04-17,fresh >10% breakout,EHTH,-0.02091617967035586
2026-04-17,fresh >10% breakout,ELDN,-0.0993245064154532
2026-04-17,fresh >10% breakout,EVH,0.6937959960353542
2026-04-17,fresh >10% breakout,FLWS,0.13938186225721216
2026-04-17,fresh >10% breakout,FLYW,0.16377465069132058
2026-04-17,fresh >10% breakout,FLYX,-0.23481777393040404
2026-04-17,fresh >10% breakout,FNKO,0.2928710495786956
2026-04-17,fresh >10% breakout,FWRD,-0.3488702758780857
2026-04-17,fresh >10% breakout,GCT,-0.29511038845194504
2026-04-17,fresh >10% breakout,GLUE,-0.045056708358822584
2026-04-17,fresh >10% breakout,HIVE,0.6165556999356406
2026-04-17,fresh >10% breakout,HPP,1.048150214916701
2026-04-17,fresh >10% breakout,IBG,-0.015821013352969593
2026-04-17,fresh >10% breakout,INDI,0.2607599193266591
2026-04-17,fresh >10% breakout,JACK,0.03424398054904132
2026-04-17,fresh >10% breakout,JAGU,-0.24381906742371162
2026-04-17,fresh >10% breakout,JMIA,-0.054270790541572356
2026-04-17,fresh >10% breakout,LAR,0.1490937363976691
2026-04-17,fresh >10% breakout,LDI,-0.28515587493636385
2026-04-17,fresh >10% breakout,MGNI,0.2606023914698462
2026-04-17,fresh >10% breakout,NAK,0.08152053858854125
2026-04-17,fresh >10% breakout,NEXA,-0.06050859322855606
2026-04-17,fresh >10% breakout,NKTX,-0.17150820781626464
2026-04-17,fresh >10% breakout,NNOX,-0.32604584381231405
2026-04-17,fresh >10% breakout,NTGR,-0.06945779247234685
2026-04-17,fresh >10% breakout,OCUL,-0.04565494407081783
2026-04-17,fresh >10% breakout,OMER,-0.2669371197160374
2026-04-17,fresh >10% breakout,PDSB,-0.18250759063593414
2026-04-17,fresh >10% breakout,PRCH,0.31935427037796893
2026-04-17,fresh >10% breakout,PROK,-0.19507856155762493
2026-04-17,fresh >10% breakout,RC,-0.03140384086036063
2026-04-17,fresh >10% breakout,REAL,-0.044742855283077865
2026-04-17,fresh >10% breakout,ROLR,-0.1497878970988965
2026-04-17,fresh >10% breakout,RPAY,-0.14118228056599402
2026-04-17,fresh >10% breakout,RYDE,-0.4591201273976717
2026-04-17,fresh >10% breakout,SFIX,0.13756776658644554
2026-04-17,fresh >10% breakout,SGMT,0.038866435715326
2026-04-17,fresh >10% breakout,TCRX,-0.16281428495788786
2026-04-17,fresh >10% breakout,TIC,0.04474881109589812
2026-04-17,fresh >10% breakout,TTEC,-0.26791827463529627
2026-04-17,fresh >10% breakout,TV,-0.06784085321317657
2026-04-17,fresh >10% breakout,UAMY,-0.25347034431919035
2026-04-17,fresh >10% breakout,UIS,0.5039827470212462
2026-04-17,fresh >10% breakout,VIA,-0.10268090598731427
2026-04-17,fresh >10% breakout,VIVO,0.6763663397891023
2026-04-17,fresh >10% breakout,XRX,1.0157450540527129
2026-04-24,deal-pinned (ATR<0.75%),CCO,0.04307450492648679
2026-04-24,>40% above 50-day SMA,AGPU,0.031360331136353836
2026-04-24,>40% above 50-day SMA,AIFF,-0.38905720502909014
2026-04-24,>40% above 50-day SMA,AIXI,-0.7624253795533623
2026-04-24,>40% above 50-day SMA,AMSC,-0.11975952152708158
2026-04-24,>40% above 50-day SMA,ANL,-0.2448933585570341
2026-04-24,>40% above 50-day SMA,ANTX,0.1863558105216666
2026-04-24,>40% above 50-day SMA,ASST,-0.0781982216431184
2026-04-24,>40% above 50-day SMA,ATOM,-0.08552821041095993
2026-04-24,>40% above 50-day SMA,BBGI,0.11238606085591119
2026-04-24,>40% above 50-day SMA,CDXS,-0.04889577097496289
2026-04-24,>40% above 50-day SMA,CMPS,0.3593496695664783
2026-04-24,>40% above 50-day SMA,CODI,-0.06902950392192453
2026-04-24,>40% above 50-day SMA,COHU,0.41050776065296846
2026-04-24,>40% above 50-day SMA,CVGI,0.1518315896404655
2026-04-24,>40% above 50-day SMA,EDSA,0.09123195491116232
2026-04-24,>40% above 50-day SMA,FCEL,0.9905897914380658
2026-04-24,>40% above 50-day SMA,GVH,0.10156071230382968
2026-04-24,>40% above 50-day SMA,IHRT,-0.23970737161466837
2026-04-24,>40% above 50-day SMA,INV,-0.06661418783866535
2026-04-24,>40% above 50-day SMA,KEEL,1.0449694303106942
2026-04-24,>40% above 50-day SMA,KOPN,0.13348504071997758
2026-04-24,>40% above 50-day SMA,LWLG,-0.23024927773302784
2026-04-24,>40% above 50-day SMA,MOVE,0.29064270159458305
2026-04-24,>40% above 50-day SMA,MXL,0.5156808974375583
2026-04-24,>40% above 50-day SMA,NKLR,-0.2613851059802842
2026-04-24,>40% above 50-day SMA,OBE,-0.29567382660114827
2026-04-24,>40% above 50-day SMA,PENG,1.220708522701421
2026-04-24,>40% above 50-day SMA,POET,-0.25051361309512266
2026-04-24,>40% above 50-day SMA,ROLR,-0.348103202208515
2026-04-24,>40% above 50-day SMA,RYDE,-0.38207734193678455
2026-04-24,>40% above 50-day SMA,SGML,-0.3206830136312291
2026-04-24,>40% above 50-day SMA,VELO,0.22898252394913687
2026-04-24,>40% above 50-day SMA,VIVO,0.6480857747565966
2026-04-24,>40% above 50-day SMA,WOLF,0.6050127450356974
2026-04-24,>20% above 20-day SMA,ABSI,0.9196010025391012
2026-04-24,>20% above 20-day SMA,AESI,0.045021640119408235
2026-04-24,>20% above 20-day SMA,AGPU,0.031360331136353836
2026-04-24,>20% above 20-day SMA,ALMU,0.17609427430811964
2026-04-24,>20% above 20-day SMA,AMSC,-0.11975952152708158
2026-04-24,>20% above 20-day SMA,ANL,-0.2448933585570341
2026-04-24,>20% above 20-day SMA,ANTX,0.1863558105216666
2026-04-24,>20% above 20-day SMA,ASST,-0.0781982216431184
2026-04-24,>20% above 20-day SMA,ATOM,-0.08552821041095993
2026-04-24,>20% above 20-day SMA,BBGI,0.11238606085591119
2026-04-24,>20% above 20-day SMA,BEEM,-0.27199037936925285
2026-04-24,>20% above 20-day SMA,CMPS,0.3593496695664783
2026-04-24,>20% above 20-day SMA,COHU,0.41050776065296846
2026-04-24,>20% above 20-day SMA,CRML,-0.11749535629984387
2026-04-24,>20% above 20-day SMA,DGXX,1.0211911704047192
2026-04-24,>20% above 20-day SMA,DOMO,-0.38527412881692236
2026-04-24,>20% above 20-day SMA,EDSA,0.09123195491116232
2026-04-24,>20% above 20-day SMA,EHTH,-0.12513072630524102
2026-04-24,>20% above 20-day SMA,ELPW,-0.6765792032838903
2026-04-24,>20% above 20-day SMA,EOSE,-0.11495578342207591
2026-04-24,>20% above 20-day SMA,FCEL,0.9905897914380658
2026-04-24,>20% above 20-day SMA,FUSE,-0.43330211215269376
2026-04-24,>20% above 20-day SMA,FWRD,-0.4030891294711171
2026-04-24,>20% above 20-day SMA,GSIT,-0.08371496136921763
2026-04-24,>20% above 20-day SMA,GVH,0.10156071230382968
2026-04-24,>20% above 20-day SMA,HELE,0.13880567621589746
2026-04-24,>20% above 20-day SMA,HIMX,0.42681433238737043
2026-04-24,>20% above 20-day SMA,HPP,0.7370036629113416
2026-04-24,>20% above 20-day SMA,ICHR,0.3387634744024607
2026-04-24,>20% above 20-day SMA,IHRT,-0.23970737161466837
2026-04-24,>20% above 20-day SMA,INV,-0.06661418783866535
2026-04-24,>20% above 20-day SMA,JELD,0.07998625882710686
2026-04-24,>20% above 20-day SMA,KEEL,1.0449694303106942
2026-04-24,>20% above 20-day SMA,KOPN,0.13348504071997758
2026-04-24,>20% above 20-day SMA,LIDR,-0.3127078013715142
2026-04-24,>20% above 20-day SMA,LIFE,-0.05115134371299235
2026-04-24,>20% above 20-day SMA,LPTH,-0.11462110428287497
2026-04-24,>20% above 20-day SMA,LTRN,0.5958009226310356
2026-04-24,>20% above 20-day SMA,LWLG,-0.23024927773302784
2026-04-24,>20% above 20-day SMA,MOVE,0.29064270159458305
2026-04-24,>20% above 20-day SMA,MRAM,0.6415911710249979
2026-04-24,>20% above 20-day SMA,MXL,0.5156808974375583
2026-04-24,>20% above 20-day SMA,NKLR,-0.2613851059802842
2026-04-24,>20% above 20-day SMA,NRGV,-0.008194801262130569
2026-04-24,>20% above 20-day SMA,OBE,-0.29567382660114827
2026-04-24,>20% above 20-day SMA,OSTX,0.067139036966955
2026-04-24,>20% above 20-day SMA,OUST,0.6391739291015447
2026-04-24,>20% above 20-day SMA,PBI,0.1402347662871436
2026-04-24,>20% above 20-day SMA,PENG,1.220708522701421
2026-04-24,>20% above 20-day SMA,POET,-0.25051361309512266
2026-04-24,>20% above 20-day SMA,ROLR,-0.348103202208515
2026-04-24,>20% above 20-day SMA,RXT,3.6401560944171965
2026-04-24,>20% above 20-day SMA,SST,-0.2585455034885119
2026-04-24,>20% above 20-day SMA,TSHA,0.11076541357144165
2026-04-24,>20% above 20-day SMA,TYGO,-0.44015155222459
2026-04-24,>20% above 20-day SMA,UCAR,-0.2842803083989559
2026-04-24,>20% above 20-day SMA,VELO,0.22898252394913687
2026-04-24,>20% above 20-day SMA,VIVO,0.6480857747565966
2026-04-24,>20% above 20-day SMA,VLN,0.256767566902964
2026-04-24,>20% above 20-day SMA,WOLF,0.6050127450356974
2026-04-24,>20% above 20-day SMA,ZIP,0.129799492293306
2026-04-24,fresh >10% breakout,ACDC,-0.14539144937017245
2026-04-24,fresh >10% breakout,ALMU,0.17609427430811964
2026-04-24,fresh >10% breakout,ANTX,0.1863558105216666
2026-04-24,fresh >10% breakout,ATOM,-0.08552821041095993
2026-04-24,fresh >10% breakout,BBGI,0.11238606085591119
2026-04-24,fresh >10% breakout,BEEM,-0.27199037936925285
2026-04-24,fresh >10% breakout,DQ,-0.37520265781942574
2026-04-24,fresh >10% breakout,ELPW,-0.6765792032838903
2026-04-24,fresh >10% breakout,EOSE,-0.11495578342207591
2026-04-24,fresh >10% breakout,GSIT,-0.08371496136921763
2026-04-24,fresh >10% breakout,GVH,0.10156071230382968
2026-04-24,fresh >10% breakout,HCSG,0.049149085820876626
2026-04-24,fresh >10% breakout,HELE,0.13880567621589746
2026-04-24,fresh >10% breakout,HELP,-0.09658199965923497
2026-04-24,fresh >10% breakout,HIMX,0.42681433238737043
2026-04-24,fresh >10% breakout,HTLD,0.163983276839886
2026-04-24,fresh >10% breakout,IHRT,-0.23970737161466837
2026-04-24,fresh >10% breakout,INV,-0.06661418783866535
2026-04-24,fresh >10% breakout,JELD,0.07998625882710686
2026-04-24,fresh >10% breakout,KEEL,1.0449694303106942
2026-04-24,fresh >10% breakout,KOPN,0.13348504071997758
2026-04-24,fresh >10% breakout,LIDR,-0.3127078013715142
2026-04-24,fresh >10% breakout,LPTH,-0.11462110428287497
2026-04-24,fresh >10% breakout,MRAM,0.6415911710249979
2026-04-24,fresh >10% breakout,OSTX,0.067139036966955
2026-04-24,fresh >10% breakout,PD,0.22963369547700652
2026-04-24,fresh >10% breakout,PENG,1.220708522701421
2026-04-24,fresh >10% breakout,POET,-0.25051361309512266
2026-04-24,fresh >10% breakout,PYXS,0.14415353025257438
2026-04-24,fresh >10% breakout,ROLR,-0.348103202208515
2026-04-24,fresh >10% breakout,RXT,3.6401560944171965
2026-04-24,fresh >10% breakout,SHLS,0.33523340433183624
2026-04-24,fresh >10% breakout,SHMD,-0.0457580408891185
2026-04-24,fresh >10% breakout,VELO,0.22898252394913687
2026-04-24,fresh >10% breakout,VIVO,0.6480857747565966
2026-04-24,fresh >10% breakout,VLN,0.256767566902964
2026-04-24,fresh >10% breakout,WKC,0.2621765159352022
2026-04-24,fresh >10% breakout,WOLF,0.6050127450356974
2026-04-24,fresh >10% breakout,WTI,-0.08743171252953386
2026-05-01,deal-pinned (ATR<0.75%),CCO,0.029930964349918154
2026-05-01,>40% above 50-day SMA,ABSI,1.377288690689911
2026-05-01,>40% above 50-day SMA,ADTN,-0.22501487865939684
2026-05-01,>40% above 50-day SMA,AGPU,0.39478603601557727
2026-05-01,>40% above 50-day SMA,AIXI,-0.8655189177907696
2026-05-01,>40% above 50-day SMA,ALMU,-0.11522800614826734
2026-05-01,>40% above 50-day SMA,AMSC,-0.18788627522816514
2026-05-01,>40% above 50-day SMA,AMTX,-0.5124932713352778
2026-05-01,>40% above 50-day SMA,ANL,-0.2364668768340248
2026-05-01,>40% above 50-day SMA,ASST,-0.3094875719464918
2026-05-01,>40% above 50-day SMA,ATOM,-0.1930101228054769
2026-05-01,>40% above 50-day SMA,BBGI,0.3014611062410093
2026-05-01,>40% above 50-day SMA,CDXS,-0.13196044089792758
2026-05-01,>40% above 50-day SMA,CTOS,0.19090456737040395
2026-05-01,>40% above 50-day SMA,CYCN,0.0614749337552043
2026-05-01,>40% above 50-day SMA,EDSA,-0.5162079295557234
2026-05-01,>40% above 50-day SMA,FATN,1.040828543723694
2026-05-01,>40% above 50-day SMA,FCEL,1.7270820259416473
2026-05-01,>40% above 50-day SMA,GVH,-0.024128008712917648
2026-05-01,>40% above 50-day SMA,IHRT,-0.3006772400795027
2026-05-01,>40% above 50-day SMA,INV,-0.17364045305971876
2026-05-01,>40% above 50-day SMA,KODK,-0.3214421298724579
2026-05-01,>40% above 50-day SMA,KOPN,0.0634580626332355
2026-05-01,>40% above 50-day SMA,LIFE,-0.005748218040834474
2026-05-01,>40% above 50-day SMA,LWLG,-0.3969641448484664
2026-05-01,>40% above 50-day SMA,MRAM,0.14677216524697556
2026-05-01,>40% above 50-day SMA,MXL,0.6804470597803172
2026-05-01,>40% above 50-day SMA,OBE,-0.40586713368785543
2026-05-01,>40% above 50-day SMA,PAYS,0.21547510591067254
2026-05-01,>40% above 50-day SMA,PENG,1.4546963170518117
2026-05-01,>40% above 50-day SMA,ROLR,-0.29162740074105953
2026-05-01,>40% above 50-day SMA,RYDE,-0.48532544044959125
2026-05-01,>40% above 50-day SMA,SGML,-0.40261719848876276
2026-05-01,>40% above 50-day SMA,VLN,-0.012590363542785088
2026-05-01,>40% above 50-day SMA,WOLF,0.3341657079321654
2026-05-01,>40% above 50-day SMA,XRX,0.190072029409744
2026-05-01,>20% above 20-day SMA,ABSI,1.377288690689911
2026-05-01,>20% above 20-day SMA,ACCO,0.09568600201092736
2026-05-01,>20% above 20-day SMA,AESI,-0.008758377978245413
2026-05-01,>20% above 20-day SMA,AIRS,0.3770193532962609
2026-05-01,>20% above 20-day SMA,ALMU,-0.11522800614826734
2026-05-01,>20% above 20-day SMA,AMSC,-0.18788627522816514
2026-05-01,>20% above 20-day SMA,AMTX,-0.5124932713352778
2026-05-01,>20% above 20-day SMA,ANGX,0.18667699332145804
2026-05-01,>20% above 20-day SMA,ANTX,0.05578574402108538
2026-05-01,>20% above 20-day SMA,ATOM,-0.1930101228054769
2026-05-01,>20% above 20-day SMA,BBGI,0.3014611062410093
2026-05-01,>20% above 20-day SMA,BRLS,-0.044667430895926286
2026-05-01,>20% above 20-day SMA,BTCS,-0.4645134856134746
2026-05-01,>20% above 20-day SMA,CERS,0.09512706781707436
2026-05-01,>20% above 20-day SMA,CMPS,0.5920748045643278
2026-05-01,>20% above 20-day SMA,CSIQ,-0.020841039957804397
2026-05-01,>20% above 20-day SMA,CTOS,0.19090456737040395
2026-05-01,>20% above 20-day SMA,DGXX,0.4710656773504174
2026-05-01,>20% above 20-day SMA,DNA,0.04324712818946974
2026-05-01,>20% above 20-day SMA,EDSA,-0.5162079295557234
2026-05-01,>20% above 20-day SMA,EGHT,-0.2775826893747674
2026-05-01,>20% above 20-day SMA,EHTH,-0.24801018550940745
2026-05-01,>20% above 20-day SMA,ELPW,-0.7555516712976917
2026-05-01,>20% above 20-day SMA,EVH,0.4669309929733929
2026-05-01,>20% above 20-day SMA,FATN,1.040828543723694
2026-05-01,>20% above 20-day SMA,FCEL,1.7270820259416473
2026-05-01,>20% above 20-day SMA,FIVN,-0.01976927103602133
2026-05-01,>20% above 20-day SMA,FTRE,0.4501690007535373
2026-05-01,>20% above 20-day SMA,GRRR,0.3099967817174565
2026-05-01,>20% above 20-day SMA,GSIT,-0.03341461856732586
2026-05-01,>20% above 20-day SMA,GVH,-0.024128008712917648
2026-05-01,>20% above 20-day SMA,HELE,0.23639075772788587
2026-05-01,>20% above 20-day SMA,HPP,0.6531764680539309
2026-05-01,>20% above 20-day SMA,IHRT,-0.3006772400795027
2026-05-01,>20% above 20-day SMA,INDI,0.04437666154418651
2026-05-01,>20% above 20-day SMA,KLC,0.04323229215295865
2026-05-01,>20% above 20-day SMA,KOPN,0.0634580626332355
2026-05-01,>20% above 20-day SMA,LAC,-0.3041466901425134
2026-05-01,>20% above 20-day SMA,LWLG,-0.3969641448484664
2026-05-01,>20% above 20-day SMA,MLEC,-0.2580552177321055
2026-05-01,>20% above 20-day SMA,MRAM,0.14677216524697556
2026-05-01,>20% above 20-day SMA,MXL,0.6804470597803172
2026-05-01,>20% above 20-day SMA,NVCR,-0.06685008311623453
2026-05-01,>20% above 20-day SMA,OBE,-0.40586713368785543
2026-05-01,>20% above 20-day SMA,PACK,0.32462790111430007
2026-05-01,>20% above 20-day SMA,PRCH,0.4803754617708069
2026-05-01,>20% above 20-day SMA,REI,-0.384995760820416
2026-05-01,>20% above 20-day SMA,RXT,2.710863334309419
2026-05-01,>20% above 20-day SMA,SST,-0.3921079674990263
2026-05-01,>20% above 20-day SMA,STIM,-0.3348380217984085
2026-05-01,>20% above 20-day SMA,UAMY,-0.3808714589089608
2026-05-01,>20% above 20-day SMA,VLN,-0.012590363542785088
2026-05-01,>20% above 20-day SMA,WOLF,0.3341657079321654
2026-05-01,>20% above 20-day SMA,WTI,-0.213984176066515
2026-05-01,>20% above 20-day SMA,XRX,0.190072029409744
2026-05-01,fresh >10% breakout,ACCO,0.09568600201092736
2026-05-01,fresh >10% breakout,ACRV,-0.12672769826978048
2026-05-01,fresh >10% breakout,ADAM,0.10957405691524591
2026-05-01,fresh >10% breakout,AIRS,0.3770193532962609
2026-05-01,fresh >10% breakout,ALMU,-0.11522800614826734
2026-05-01,fresh >10% breakout,AMRC,-0.09830032485365092
2026-05-01,fresh >10% breakout,AMSC,-0.18788627522816514
2026-05-01,fresh >10% breakout,AMTX,-0.5124932713352778
2026-05-01,fresh >10% breakout,ANGX,0.18667699332145804
2026-05-01,fresh >10% breakout,ASAN,0.023028287250556057
2026-05-01,fresh >10% breakout,ASPN,0.5063751992265708
2026-05-01,fresh >10% breakout,ATOM,-0.1930101228054769
2026-05-01,fresh >10% breakout,BRLS,-0.044667430895926286
2026-05-01,fresh >10% breakout,BTAI,0.19659756478920443
2026-05-01,fresh >10% breakout,BTCS,-0.4645134856134746
2026-05-01,fresh >10% breakout,CERS,0.09512706781707436
2026-05-01,fresh >10% breakout,CLVT,-0.2042087709688527
2026-05-01,fresh >10% breakout,CRNC,0.19222841545965874
2026-05-01,fresh >10% breakout,CSIQ,-0.020841039957804397
2026-05-01,fresh >10% breakout,CWH,0.004845047721997897
2026-05-01,fresh >10% breakout,DGXX,0.4710656773504174
2026-05-01,fresh >10% breakout,DNA,0.04324712818946974
2026-05-01,fresh >10% breakout,EGHT,-0.2775826893747674
2026-05-01,fresh >10% breakout,ELPW,-0.7555516712976917
2026-05-01,fresh >10% breakout,ESTA,0.24344006357166803
2026-05-01,fresh >10% breakout,FATE,0.7863035858128884
2026-05-01,fresh >10% breakout,FATN,1.040828543723694
2026-05-01,fresh >10% breakout,FCEL,1.7270820259416473
2026-05-01,fresh >10% breakout,FTRE,0.4501690007535373
2026-05-01,fresh >10% breakout,FUBO,-0.3127004784748023
2026-05-01,fresh >10% breakout,GCTS,0.8895221463777261
2026-05-01,fresh >10% breakout,GVH,-0.024128008712917648
2026-05-01,fresh >10% breakout,HLIT,0.41020304795823015
2026-05-01,fresh >10% breakout,IHRT,-0.3006772400795027
2026-05-01,fresh >10% breakout,INDI,0.04437666154418651
2026-05-01,fresh >10% breakout,LAC,-0.3041466901425134
2026-05-01,fresh >10% breakout,LTRX,-0.14789386101520607
2026-05-01,fresh >10% breakout,LWLG,-0.3969641448484664
2026-05-01,fresh >10% breakout,MDAI,-0.173751224734772
2026-05-01,fresh >10% breakout,MRAM,0.14677216524697556
2026-05-01,fresh >10% breakout,MXL,0.6804470597803172
2026-05-01,fresh >10% breakout,NNDM,-0.2271069787926988
2026-05-01,fresh >10% breakout,NVCR,-0.06685008311623453
2026-05-01,fresh >10% breakout,NWL,0.39803713545067465
2026-05-01,fresh >10% breakout,PACK,0.32462790111430007
2026-05-01,fresh >10% breakout,PCT,0.05340419386449957
2026-05-01,fresh >10% breakout,PD,0.3345227744978063
2026-05-01,fresh >10% breakout,QURE,1.4293343561765592
2026-05-01,fresh >10% breakout,RILY,-0.08307937944671162
2026-05-01,fresh >10% breakout,RXT,2.710863334309419
2026-05-01,fresh >10% breakout,SHLS,0.23483290935080214
2026-05-01,fresh >10% breakout,SMWB,0.9738269098822423
2026-05-01,fresh >10% breakout,STEX,-0.25806332542944677
2026-05-01,fresh >10% breakout,STIM,-0.3348380217984085
2026-05-01,fresh >10% breakout,UAMY,-0.3808714589089608
2026-05-01,fresh >10% breakout,VITL,-0.15823311781746585
2026-05-01,fresh >10% breakout,VLN,-0.012590363542785088
2026-05-01,fresh >10% breakout,VUZI,0.0427244642990392
2026-05-01,fresh >10% breakout,WEAV,0.06333672992425332
2026-05-01,fresh >10% breakout,WOLF,0.3341657079321654
2026-05-01,fresh >10% breakout,XRX,0.190072029409744
2026-05-08,deal-pinned (ATR<0.75%),CCO,0.04282456712646565
2026-05-08,>40% above 50-day SMA,ABSI,0.91581234108658
2026-05-08,>40% above 50-day SMA,AGPU,0.23022359131800896
2026-05-08,>40% above 50-day SMA,AIP,0.11606335594044348
2026-05-08,>40% above 50-day SMA,AIRS,0.11735791400005724
2026-05-08,>40% above 50-day SMA,AKAN,-0.5892473347176185
2026-05-08,>40% above 50-day SMA,ALMU,-0.23879229877457142
2026-05-08,>40% above 50-day SMA,AMN,0.1418088976410551
2026-05-08,>40% above 50-day SMA,ANAB,-0.022950278352831255
2026-05-08,>40% above 50-day SMA,ASPN,0.0642182985467662
2026-05-08,>40% above 50-day SMA,ATER,0.16172908614700432
2026-05-08,>40% above 50-day SMA,ATOM,-0.15460423233029885
2026-05-08,>40% above 50-day SMA,BAND,0.44736474758077105
2026-05-08,>40% above 50-day SMA,BBGI,0.38471908882033545
2026-05-08,>40% above 50-day SMA,BGDE,0.18743540900615996
2026-05-08,>40% above 50-day SMA,BLDP,-0.1834613179602671
2026-05-08,>40% above 50-day SMA,BLZE,1.2296435450150383
2026-05-08,>40% above 50-day SMA,BRCC,-0.042466702285588354
2026-05-08,>40% above 50-day SMA,CADL,0.21768986722110062
2026-05-08,>40% above 50-day SMA,CDXS,-0.05326292654341125
2026-05-08,>40% above 50-day SMA,CHGG,-0.1896815546251558
2026-05-08,>40% above 50-day SMA,CLOV,0.5280461241054025
2026-05-08,>40% above 50-day SMA,CLYM,0.22794800448871955
2026-05-08,>40% above 50-day SMA,CMPS,0.4436390555267017
2026-05-08,>40% above 50-day SMA,CODI,-0.15785129415752253
2026-05-08,>40% above 50-day SMA,CVGI,-0.012602404893107377
2026-05-08,>40% above 50-day SMA,DGXX,-0.2958603703728746
2026-05-08,>40% above 50-day SMA,DXYZ,-0.5102322461481966
2026-05-08,>40% above 50-day SMA,EDSA,-0.5170773502132995
2026-05-08,>40% above 50-day SMA,EFOI,-0.20981844008003547
2026-05-08,>40% above 50-day SMA,ELPW,-0.8655436293176149
2026-05-08,>40% above 50-day SMA,FABC,-0.3966158776667461
2026-05-08,>40% above 50-day SMA,FATE,0.26039777135331754
2026-05-08,>40% above 50-day SMA,FATN,0.7169960667884009
2026-05-08,>40% above 50-day SMA,FCEL,0.6797119388225205
2026-05-08,>40% above 50-day SMA,FTRE,0.1375023967464154
2026-05-08,>40% above 50-day SMA,GVH,-0.009021900464605936
2026-05-08,>40% above 50-day SMA,HCAI,-0.2955436285414259
2026-05-08,>40% above 50-day SMA,HPP,0.4344563920561978
2026-05-08,>40% above 50-day SMA,IFRX,-0.12833426501185508
2026-05-08,>40% above 50-day SMA,IHRT,-0.256036524728125
2026-05-08,>40% above 50-day SMA,INOD,-0.15249147388042816
2026-05-08,>40% above 50-day SMA,INV,-0.31840073824703297
2026-05-08,>40% above 50-day SMA,JBIO,-0.09262610684899897
2026-05-08,>40% above 50-day SMA,KEEL,0.18307096151844926
2026-05-08,>40% above 50-day SMA,KOPN,-0.23726263306171302
2026-05-08,>40% above 50-day SMA,LAR,-0.33455050096223216
2026-05-08,>40% above 50-day SMA,MRAM,-0.32123093410204806
2026-05-08,>40% above 50-day SMA,MRVI,0.22208531116180963
2026-05-08,>40% above 50-day SMA,MX,-0.15318161734554236
2026-05-08,>40% above 50-day SMA,NNBR,0.27374212024605227
2026-05-08,>40% above 50-day SMA,NVCR,0.0053899370658963
2026-05-08,>40% above 50-day SMA,OSS,-0.05100281710408128
2026-05-08,>40% above 50-day SMA,PACK,-0.016234929347287874
2026-05-08,>40% above 50-day SMA,PAPL,-0.14695954056229732
2026-05-08,>40% above 50-day SMA,PCT,-0.20164011919329927
2026-05-08,>40% above 50-day SMA,PENG,0.808591622949444
2026-05-08,>40% above 50-day SMA,POET,-0.18837464115109082
2026-05-08,>40% above 50-day SMA,QURE,0.606763023892071
2026-05-08,>40% above 50-day SMA,RXT,0.23299921580884375
2026-05-08,>40% above 50-day SMA,SEGG,-0.40680238587555584
2026-05-08,>40% above 50-day SMA,SLNH,-0.25516115441716947
2026-05-08,>40% above 50-day SMA,TBLA,0.06874205622579777
2026-05-08,>40% above 50-day SMA,TDIC,-0.8371565279730442
2026-05-08,>40% above 50-day SMA,TRT,-0.08557603017954907
2026-05-08,>40% above 50-day SMA,URGN,0.327993764866816
2026-05-08,>40% above 50-day SMA,VLN,-0.23436083333905722
2026-05-08,>40% above 50-day SMA,WOLF,-0.19601569007156716
2026-05-08,>40% above 50-day SMA,XRX,0.0025226473047849085
2026-05-08,>40% above 50-day SMA,ZIP,0.10904207294708768
2026-05-08,>20% above 20-day SMA,ABCL,0.38941824768304756
2026-05-08,>20% above 20-day SMA,ABSI,0.91581234108658
2026-05-08,>20% above 20-day SMA,ACHV,0.22639495288664857
2026-05-08,>20% above 20-day SMA,ACVA,0.12493998423386266
2026-05-08,>20% above 20-day SMA,AIP,0.11606335594044348
2026-05-08,>20% above 20-day SMA,AIRS,0.11735791400005724
2026-05-08,>20% above 20-day SMA,AKAN,-0.5892473347176185
2026-05-08,>20% above 20-day SMA,AMN,0.1418088976410551
2026-05-08,>20% above 20-day SMA,ANGX,0.19266539699460428
2026-05-08,>20% above 20-day SMA,ASPN,0.0642182985467662
2026-05-08,>20% above 20-day SMA,ATER,0.16172908614700432
2026-05-08,>20% above 20-day SMA,AVTX,-0.07495487449284188
2026-05-08,>20% above 20-day SMA,BAND,0.44736474758077105
2026-05-08,>20% above 20-day SMA,BLDP,-0.1834613179602671
2026-05-08,>20% above 20-day SMA,BLMN,-0.008647062501103253
2026-05-08,>20% above 20-day SMA,BLZE,1.2296435450150383
2026-05-08,>20% above 20-day SMA,BRCC,-0.042466702285588354
2026-05-08,>20% above 20-day SMA,CADL,0.21768986722110062
2026-05-08,>20% above 20-day SMA,CLOV,0.5280461241054025
2026-05-08,>20% above 20-day SMA,CODX,0.07793468877121523
2026-05-08,>20% above 20-day SMA,CPIX,0.369926414625516
2026-05-08,>20% above 20-day SMA,CSIQ,-0.23024948813970814
2026-05-08,>20% above 20-day SMA,DGXX,-0.2958603703728746
2026-05-08,>20% above 20-day SMA,DHX,0.14556751593772022
2026-05-08,>20% above 20-day SMA,DXYZ,-0.5102322461481966
2026-05-08,>20% above 20-day SMA,EDSA,-0.5170773502132995
2026-05-08,>20% above 20-day SMA,EGHT,-0.22466772597410734
2026-05-08,>20% above 20-day SMA,ELPW,-0.8655436293176149
2026-05-08,>20% above 20-day SMA,EOLS,0.10206640912046183
2026-05-08,>20% above 20-day SMA,EVER,0.24421243498190537
2026-05-08,>20% above 20-day SMA,EVH,0.37416932550101445
2026-05-08,>20% above 20-day SMA,FABC,-0.3966158776667461
2026-05-08,>20% above 20-day SMA,FATE,0.26039777135331754
2026-05-08,>20% above 20-day SMA,FATN,0.7169960667884009
2026-05-08,>20% above 20-day SMA,FCEL,0.6797119388225205
2026-05-08,>20% above 20-day SMA,FIVN,0.12947901469275858
2026-05-08,>20% above 20-day SMA,FLWS,-0.19375941454826062
2026-05-08,>20% above 20-day SMA,FLYW,0.05767167522700645
2026-05-08,>20% above 20-day SMA,FNKO,0.04206092979195286
2026-05-08,>20% above 20-day SMA,FTRE,0.1375023967464154
2026-05-08,>20% above 20-day SMA,GCTS,0.5050445686827182
2026-05-08,>20% above 20-day SMA,GDRX,0.048154991352524656
2026-05-08,>20% above 20-day SMA,HCAI,-0.2955436285414259
2026-05-08,>20% above 20-day SMA,HPP,0.4344563920561978
2026-05-08,>20% above 20-day SMA,HYLN,0.6807978900569677
2026-05-08,>20% above 20-day SMA,IART,0.27727240497090866
2026-05-08,>20% above 20-day SMA,IFRX,-0.12833426501185508
2026-05-08,>20% above 20-day SMA,INO,-0.13677649760085686
2026-05-08,>20% above 20-day SMA,INOD,-0.15249147388042816
2026-05-08,>20% above 20-day SMA,JDZG,2.2395845013900946
2026-05-08,>20% above 20-day SMA,JELD,-0.25377891700522526
2026-05-08,>20% above 20-day SMA,KEEL,0.18307096151844926
2026-05-08,>20% above 20-day SMA,KOPN,-0.23726263306171302
2026-05-08,>20% above 20-day SMA,LAR,-0.33455050096223216
2026-05-08,>20% above 20-day SMA,MASK,-0.383782623788574
2026-05-08,>20% above 20-day SMA,MBX,0.5415966516665486
2026-05-08,>20% above 20-day SMA,MNKD,0.24184274481620094
2026-05-08,>20% above 20-day SMA,MRAM,-0.32123093410204806
2026-05-08,>20% above 20-day SMA,MRVI,0.22208531116180963
2026-05-08,>20% above 20-day SMA,NCI,0.3692778017834234
2026-05-08,>20% above 20-day SMA,NNBR,0.27374212024605227
2026-05-08,>20% above 20-day SMA,NVCR,0.0053899370658963
2026-05-08,>20% above 20-day SMA,NXDR,0.15326826166862706
2026-05-08,>20% above 20-day SMA,OSS,-0.05100281710408128
2026-05-08,>20% above 20-day SMA,PACK,-0.016234929347287874
2026-05-08,>20% above 20-day SMA,PCT,-0.20164011919329927
2026-05-08,>20% above 20-day SMA,PENG,0.808591622949444
2026-05-08,>20% above 20-day SMA,PGNY,0.33125237460886214
2026-05-08,>20% above 20-day SMA,POET,-0.18837464115109082
2026-05-08,>20% above 20-day SMA,PRCH,0.3881482634246348
2026-05-08,>20% above 20-day SMA,QURE,0.606763023892071
2026-05-08,>20% above 20-day SMA,REPL,1.766642963469963
2026-05-08,>20% above 20-day SMA,RVI,-0.18046827461363468
2026-05-08,>20% above 20-day SMA,RXT,0.23299921580884375
2026-05-08,>20% above 20-day SMA,SEGG,-0.40680238587555584
2026-05-08,>20% above 20-day SMA,SKYX,-0.09789661423300966
2026-05-08,>20% above 20-day SMA,SLNH,-0.25516115441716947
2026-05-08,>20% above 20-day SMA,SMWB,0.836205560660488
2026-05-08,>20% above 20-day SMA,SPT,0.12094284196689442
2026-05-08,>20% above 20-day SMA,TBLA,0.06874205622579777
2026-05-08,>20% above 20-day SMA,TDIC,-0.8371565279730442
2026-05-08,>20% above 20-day SMA,ULCC,0.3879535200144125
2026-05-08,>20% above 20-day SMA,URGN,0.327993764866816
2026-05-08,>20% above 20-day SMA,VLN,-0.23436083333905722
2026-05-08,>20% above 20-day SMA,WOLF,-0.19601569007156716
2026-05-08,>20% above 20-day SMA,WYFI,0.7633976300947495
2026-05-08,>20% above 20-day SMA,XRX,0.0025226473047849085
2026-05-08,>20% above 20-day SMA,ZIP,0.10904207294708768
2026-05-08,fresh >10% breakout,ACVA,0.12493998423386266
2026-05-08,fresh >10% breakout,AHMA,0.4174351645989164
2026-05-08,fresh >10% breakout,AIRS,0.11735791400005724
2026-05-08,fresh >10% breakout,AMN,0.1418088976410551
2026-05-08,fresh >10% breakout,ANGX,0.19266539699460428
2026-05-08,fresh >10% breakout,ARQ,-0.1284224320558961
2026-05-08,fresh >10% breakout,ASPN,0.0642182985467662
2026-05-08,fresh >10% breakout,BKKT,-0.116812728620166
2026-05-08,fresh >10% breakout,BLMN,-0.008647062501103253
2026-05-08,fresh >10% breakout,BTGO,-0.5685667047367433
2026-05-08,fresh >10% breakout,CDXS,-0.05326292654341125
2026-05-08,fresh >10% breakout,CGNT,-0.1545624815902239
2026-05-08,fresh >10% breakout,CLOV,0.5280461241054025
2026-05-08,fresh >10% breakout,CODX,0.07793468877121523
2026-05-08,fresh >10% breakout,CRSR,0.15882179697300047
2026-05-08,fresh >10% breakout,CVGI,-0.012602404893107377
2026-05-08,fresh >10% breakout,DCH,-0.1989773219083648
2026-05-08,fresh >10% breakout,DHX,0.14556751593772022
2026-05-08,fresh >10% breakout,DXYZ,-0.5102322461481966
2026-05-08,fresh >10% breakout,FCEL,0.6797119388225205
2026-05-08,fresh >10% breakout,FLWS,-0.19375941454826062
2026-05-08,fresh >10% breakout,FNKO,0.04206092979195286
2026-05-08,fresh >10% breakout,FUN,-0.11774718495511016
2026-05-08,fresh >10% breakout,GCTS,0.5050445686827182
2026-05-08,fresh >10% breakout,GP,0.32536539855293045
2026-05-08,fresh >10% breakout,GRPN,0.4703393724273027
2026-05-08,fresh >10% breakout,HPP,0.4344563920561978
2026-05-08,fresh >10% breakout,IFRX,-0.12833426501185508
2026-05-08,fresh >10% breakout,INO,-0.13677649760085686
2026-05-08,fresh >10% breakout,INOD,-0.15249147388042816
2026-05-08,fresh >10% breakout,KOPN,-0.23726263306171302
2026-05-08,fresh >10% breakout,LXRX,0.16945636510074535
2026-05-08,fresh >10% breakout,MASK,-0.383782623788574
2026-05-08,fresh >10% breakout,MBX,0.5415966516665486
2026-05-08,fresh >10% breakout,MNKD,0.24184274481620094
2026-05-08,fresh >10% breakout,MRAM,-0.32123093410204806
2026-05-08,fresh >10% breakout,MRVI,0.22208531116180963
2026-05-08,fresh >10% breakout,MVST,-0.4585013789357678
2026-05-08,fresh >10% breakout,NNBR,0.27374212024605227
2026-05-08,fresh >10% breakout,NNE,-0.2748332953988505
2026-05-08,fresh >10% breakout,NXDR,0.15326826166862706
2026-05-08,fresh >10% breakout,OSG,0.1703967907698224
2026-05-08,fresh >10% breakout,PACK,-0.016234929347287874
2026-05-08,fresh >10% breakout,PCT,-0.20164011919329927
2026-05-08,fresh >10% breakout,PENG,0.808591622949444
2026-05-08,fresh >10% breakout,PGNY,0.33125237460886214
2026-05-08,fresh >10% breakout,RGNX,0.4780582008830935
2026-05-08,fresh >10% breakout,RVI,-0.18046827461363468
2026-05-08,fresh >10% breakout,RXT,0.23299921580884375
2026-05-08,fresh >10% breakout,SABR,-0.018941634173814337
2026-05-08,fresh >10% breakout,SHLS,0.1402255431672722
2026-05-08,fresh >10% breakout,SKYX,-0.09789661423300966
2026-05-08,fresh >10% breakout,SLNH,-0.25516115441716947
2026-05-08,fresh >10% breakout,SMWB,0.836205560660488
2026-05-08,fresh >10% breakout,SPT,0.12094284196689442
2026-05-08,fresh >10% breakout,SRFM,-0.29961771932115255
2026-05-08,fresh >10% breakout,SRTA,-0.03915229890173977
2026-05-08,fresh >10% breakout,TBLA,0.06874205622579777
2026-05-08,fresh >10% breakout,TE,0.22763820689360326
2026-05-08,fresh >10% breakout,ULCC,0.3879535200144125
2026-05-08,fresh >10% breakout,URGN,0.327993764866816
2026-05-08,fresh >10% breakout,VLN,-0.23436083333905722
2026-05-08,fresh >10% breakout,VYX,-0.008657468943941038
2026-05-08,fresh >10% breakout,WOLF,-0.19601569007156716
2026-05-08,fresh >10% breakout,XRX,0.0025226473047849085
2026-05-08,fresh >10% breakout,ZIP,0.10904207294708768
2026-05-08,fresh >10% breakout,ZVIA,0.2068701620710539
2026-05-15,deal-pinned (ATR<0.75%),CCO,-0.016963992236321168
2026-05-15,>40% above 50-day SMA,AEHL,-0.7718406086161179
2026-05-15,>40% above 50-day SMA,AGPU,0.16517672696486718
2026-05-15,>40% above 50-day SMA,AIP,-0.051702784632412624
2026-05-15,>40% above 50-day SMA,AIRS,-0.15656476963471588
2026-05-15,>40% above 50-day SMA,AKAN,-0.5328668275668731
2026-05-15,>40% above 50-day SMA,ALMU,-0.36145383200917447
2026-05-15,>40% above 50-day SMA,ASPN,-0.07471946687485798
2026-05-15,>40% above 50-day SMA,ATER,0.16233807881269002
2026-05-15,>40% above 50-day SMA,ATOM,-0.3234208460484591
2026-05-15,>40% above 50-day SMA,ATRA,-0.12866371908352192
2026-05-15,>40% above 50-day SMA,BAND,0.2938417135479279
2026-05-15,>40% above 50-day SMA,BGDE,0.030091569867347623
2026-05-15,>40% above 50-day SMA,BLDP,-0.3492379451789148
2026-05-15,>40% above 50-day SMA,BLZE,1.109719492623389
2026-05-15,>40% above 50-day SMA,BRCC,-0.2961480646389518
2026-05-15,>40% above 50-day SMA,CADL,0.07805371769343195
2026-05-15,>40% above 50-day SMA,CEVA,0.12812611073834224
2026-05-15,>40% above 50-day SMA,CLOV,0.3275550209577833
2026-05-15,>40% above 50-day SMA,CMPS,0.2623620915098155
2026-05-15,>40% above 50-day SMA,CNSP,-0.07569354127479622
2026-05-15,>40% above 50-day SMA,CPIX,0.40481174762963845
2026-05-15,>40% above 50-day SMA,CUE,0.21700921215919244
2026-05-15,>40% above 50-day SMA,DGXX,-0.47605522981926507
2026-05-15,>40% above 50-day SMA,DXYZ,-0.46402920394253433
2026-05-15,>40% above 50-day SMA,EDSA,-0.49471132333527423
2026-05-15,>40% above 50-day SMA,ERNA,-0.5273843348075369
2026-05-15,>40% above 50-day SMA,EVC,0.400353836898675
2026-05-15,>40% above 50-day SMA,FATN,0.1520226565586591
2026-05-15,>40% above 50-day SMA,FCEL,-0.07311440770524036
2026-05-15,>40% above 50-day SMA,GVH,-0.05841513427415823
2026-05-15,>40% above 50-day SMA,HPP,0.35807033223794216
2026-05-15,>40% above 50-day SMA,HYLN,-0.1753236809535218
2026-05-15,>40% above 50-day SMA,IFRX,-0.20333434049349208
2026-05-15,>40% above 50-day SMA,KOPN,-0.1835243539640894
2026-05-15,>40% above 50-day SMA,LTRN,-0.033887005339166665
2026-05-15,>40% above 50-day SMA,MRAM,-0.5846295962863688
2026-05-15,>40% above 50-day SMA,NRGV,-0.4714010252710973
2026-05-15,>40% above 50-day SMA,OSS,-0.21847651482084385
2026-05-15,>40% above 50-day SMA,OUST,0.0674921897316445
2026-05-15,>40% above 50-day SMA,PAPL,-0.25314810564694745
2026-05-15,>40% above 50-day SMA,PCT,-0.46117985136480566
2026-05-15,>40% above 50-day SMA,PDSB,-0.4644316904872622
2026-05-15,>40% above 50-day SMA,POET,-0.5033021072983503
2026-05-15,>40% above 50-day SMA,QURE,0.4945635993711772
2026-05-15,>40% above 50-day SMA,RVI,-0.5179103244312372
2026-05-15,>40% above 50-day SMA,RXT,-0.2565433328086394
2026-05-15,>40% above 50-day SMA,SEGG,-0.5986881843290844
2026-05-15,>40% above 50-day SMA,SHLS,0.0921142624325666
2026-05-15,>40% above 50-day SMA,SKK,-0.03791956102293659
2026-05-15,>40% above 50-day SMA,SLNH,-0.5211480884808097
2026-05-15,>40% above 50-day SMA,SLQT,-0.3754584036301014
2026-05-15,>40% above 50-day SMA,SOBR,0.5009106699526995
2026-05-15,>40% above 50-day SMA,TH,-0.10742893647207319
2026-05-15,>40% above 50-day SMA,TMCI,0.6329872323431971
2026-05-15,>40% above 50-day SMA,TRT,-0.47251963867680524
2026-05-15,>40% above 50-day SMA,VELO,-0.41813571913521597
2026-05-15,>40% above 50-day SMA,VHUB,-0.2211480884808097
2026-05-15,>40% above 50-day SMA,VIVO,-0.04978247516213863
2026-05-15,>40% above 50-day SMA,VLN,-0.3883612105393205
2026-05-15,>40% above 50-day SMA,WYFI,0.18463701008261002
2026-05-15,>40% above 50-day SMA,XRX,0.03368239109517246
2026-05-15,>20% above 20-day SMA,AEHL,-0.7718406086161179
2026-05-15,>20% above 20-day SMA,AEVA,-0.10906023064800674
2026-05-15,>20% above 20-day SMA,AIRS,-0.15656476963471588
2026-05-15,>20% above 20-day SMA,AMN,0.1095753573067566
2026-05-15,>20% above 20-day SMA,AMPG,1.2195298866617506
2026-05-15,>20% above 20-day SMA,ASPN,-0.07471946687485798
2026-05-15,>20% above 20-day SMA,ATRA,-0.12866371908352192
2026-05-15,>20% above 20-day SMA,BAK,-0.5048215737565165
2026-05-15,>20% above 20-day SMA,BAND,0.2938417135479279
2026-05-15,>20% above 20-day SMA,BLZE,1.109719492623389
2026-05-15,>20% above 20-day SMA,BRCC,-0.2961480646389518
2026-05-15,>20% above 20-day SMA,BW,-0.5222922794084123
2026-05-15,>20% above 20-day SMA,CLOV,0.3275550209577833
2026-05-15,>20% above 20-day SMA,CPIX,0.40481174762963845
2026-05-15,>20% above 20-day SMA,DGXX,-0.47605522981926507
2026-05-15,>20% above 20-day SMA,ERNA,-0.5273843348075369
2026-05-15,>20% above 20-day SMA,EVC,0.400353836898675
2026-05-15,>20% above 20-day SMA,FATN,0.1520226565586591
2026-05-15,>20% above 20-day SMA,FCEL,-0.07311440770524036
2026-05-15,>20% above 20-day SMA,GCTS,0.2411469326163027
2026-05-15,>20% above 20-day SMA,HYLN,-0.1753236809535218
2026-05-15,>20% above 20-day SMA,KULR,-0.22114803549890183
2026-05-15,>20% above 20-day SMA,LTRN,-0.033887005339166665
2026-05-15,>20% above 20-day SMA,MGNX,-0.0046774598546033275
2026-05-15,>20% above 20-day SMA,MRAM,-0.5846295962863688
2026-05-15,>20% above 20-day SMA,NRGV,-0.4714010252710973
2026-05-15,>20% above 20-day SMA,OSS,-0.21847651482084385
2026-05-15,>20% above 20-day SMA,OUST,0.0674921897316445
2026-05-15,>20% above 20-day SMA,PCT,-0.46117985136480566
2026-05-15,>20% above 20-day SMA,POET,-0.5033021072983503
2026-05-15,>20% above 20-day SMA,QURE,0.4945635993711772
2026-05-15,>20% above 20-day SMA,REPL,0.8332581747846499
2026-05-15,>20% above 20-day SMA,RVI,-0.5179103244312372
2026-05-15,>20% above 20-day SMA,RXT,-0.2565433328086394
2026-05-15,>20% above 20-day SMA,SEGG,-0.5986881843290844
2026-05-15,>20% above 20-day SMA,SHLS,0.0921142624325666
2026-05-15,>20% above 20-day SMA,SKK,-0.03791956102293659
2026-05-15,>20% above 20-day SMA,SLNH,-0.5211480884808097
2026-05-15,>20% above 20-day SMA,SLS,0.7853491007392222
2026-05-15,>20% above 20-day SMA,SOBR,0.5009106699526995
2026-05-15,>20% above 20-day SMA,TMCI,0.6329872323431971
2026-05-15,>20% above 20-day SMA,TRAW,-0.6754034194346495
2026-05-15,>20% above 20-day SMA,TRT,-0.47251963867680524
2026-05-15,>20% above 20-day SMA,VELO,-0.41813571913521597
2026-05-15,>20% above 20-day SMA,VHUB,-0.2211480884808097
2026-05-15,>20% above 20-day SMA,VIVO,-0.04978247516213863
2026-05-15,>20% above 20-day SMA,VLN,-0.3883612105393205
2026-05-15,>20% above 20-day SMA,VSTS,0.24497437918301368
2026-05-15,>20% above 20-day SMA,WALD,0.14211722095162926
2026-05-15,>20% above 20-day SMA,WYFI,0.18463701008261002
2026-05-15,fresh >10% breakout,AIRS,-0.15656476963471588
2026-05-15,fresh >10% breakout,AMPG,1.2195298866617506
2026-05-15,fresh >10% breakout,AMRC,-0.2739485360350147
2026-05-15,fresh >10% breakout,ASPN,-0.07471946687485798
2026-05-15,fresh >10% breakout,AVAH,0.22237531079008654
2026-05-15,fresh >10% breakout,AVR,0.17912813459995358
2026-05-15,fresh >10% breakout,BRCC,-0.2961480646389518
2026-05-15,fresh >10% breakout,BW,-0.5222922794084123
2026-05-15,fresh >10% breakout,CCCC,0.04626764561871344
2026-05-15,fresh >10% breakout,CMPS,0.2623620915098155
2026-05-15,fresh >10% breakout,CPIX,0.40481174762963845
2026-05-15,fresh >10% breakout,ERNA,-0.5273843348075369
2026-05-15,fresh >10% breakout,EXFY,0.5227115716493187
2026-05-15,fresh >10% breakout,GCTS,0.2411469326163027
2026-05-15,fresh >10% breakout,GEMI,-0.18423050064108037
2026-05-15,fresh >10% breakout,HYLN,-0.1753236809535218
2026-05-15,fresh >10% breakout,KULR,-0.22114803549890183
2026-05-15,fresh >10% breakout,LTRN,-0.033887005339166665
2026-05-15,fresh >10% breakout,MDAI,-0.32567483301059974
2026-05-15,fresh >10% breakout,MGNX,-0.0046774598546033275
2026-05-15,fresh >10% breakout,MOBX,-0.15892584082727246
2026-05-15,fresh >10% breakout,NRXP,0.33860803257099126
2026-05-15,fresh >10% breakout,OUST,0.0674921897316445
2026-05-15,fresh >10% breakout,PCT,-0.46117985136480566
2026-05-15,fresh >10% breakout,POET,-0.5033021072983503
2026-05-15,fresh >10% breakout,PURR,0.06755010646878201
2026-05-15,fresh >10% breakout,SEGG,-0.5986881843290844
2026-05-15,fresh >10% breakout,SG,-0.19049300029246086
2026-05-15,fresh >10% breakout,SHLS,0.0921142624325666
2026-05-15,fresh >10% breakout,SLS,0.7853491007392222
2026-05-15,fresh >10% breakout,SOC,-0.7461976710355664
2026-05-15,fresh >10% breakout,TRT,-0.47251963867680524
2026-05-15,fresh >10% breakout,VELO,-0.41813571913521597
2026-05-15,fresh >10% breakout,VHUB,-0.2211480884808097
2026-05-15,fresh >10% breakout,VIVO,-0.04978247516213863
2026-05-15,fresh >10% breakout,VLN,-0.3883612105393205
2026-05-22,deal-pinned (ATR<0.75%),CCO,0.014252082346375317
2026-05-22,>40% above 50-day SMA,AEVA,-0.3283821867417569
2026-05-22,>40% above 50-day SMA,AIIO,0.20775984057264785
2026-05-22,>40% above 50-day SMA,AIP,-0.0657139212099801
2026-05-22,>40% above 50-day SMA,AIRS,-0.08559933803189546
2026-05-22,>40% above 50-day SMA,AKAN,-0.6927169337873299
2026-05-22,>40% above 50-day SMA,AMPG,0.29381554663679055
2026-05-22,>40% above 50-day SMA,ARBE,-0.33416236797841636
2026-05-22,>40% above 50-day SMA,ASPN,-0.07281613842562762
2026-05-22,>40% above 50-day SMA,ATER,-0.4645047787153531
2026-05-22,>40% above 50-day SMA,ATOM,-0.36437341643829235
2026-05-22,>40% above 50-day SMA,ATRA,-0.16083296366421984
2026-05-22,>40% above 50-day SMA,AVR,-0.12193116221823752
2026-05-22,>40% above 50-day SMA,BAND,0.058627582818779334
2026-05-22,>40% above 50-day SMA,BKSY,-0.5201004946800619
2026-05-22,>40% above 50-day SMA,BLDP,-0.43034780653877924
2026-05-22,>40% above 50-day SMA,BLZE,0.7597594671206681
2026-05-22,>40% above 50-day SMA,BRCC,-0.2573564509617645
2026-05-22,>40% above 50-day SMA,BRUN,0.018411766687334574
2026-05-22,>40% above 50-day SMA,BWEN,0.30314456484746655
2026-05-22,>40% above 50-day SMA,BZFD,-0.3966131158460484
2026-05-22,>40% above 50-day SMA,CEVA,0.026063128752199627
2026-05-22,>40% above 50-day SMA,CHGG,-0.4157210233587785
2026-05-22,>40% above 50-day SMA,CLOV,0.32557841672639587
2026-05-22,>40% above 50-day SMA,CMPS,0.020246290377379794
2026-05-22,>40% above 50-day SMA,CNSP,0.08019614105358663
2026-05-22,>40% above 50-day SMA,CODX,-0.5402104590384881
2026-05-22,>40% above 50-day SMA,CPIX,0.22303258500239942
2026-05-22,>40% above 50-day SMA,DGXX,-0.44961232187671185
2026-05-22,>40% above 50-day SMA,DUOT,-0.32324793935924545
2026-05-22,>40% above 50-day SMA,DXYZ,-0.6104127622465533
2026-05-22,>40% above 50-day SMA,ERNA,-0.6187719701549802
2026-05-22,>40% above 50-day SMA,EVC,0.07786780770523316
2026-05-22,>40% above 50-day SMA,FABC,-0.554775002353428
2026-05-22,>40% above 50-day SMA,FATE,0.1567520525771663
2026-05-22,>40% above 50-day SMA,FATN,0.26140818565863355
2026-05-22,>40% above 50-day SMA,FCEL,-0.0914739921075991
2026-05-22,>40% above 50-day SMA,GCTS,-0.37044560093397505
2026-05-22,>40% above 50-day SMA,HCWB,-0.7970080058341931
2026-05-22,>40% above 50-day SMA,HIVE,-0.20613081539605338
2026-05-22,>40% above 50-day SMA,HLIT,-0.20044088606396449
2026-05-22,>40% above 50-day SMA,HYLN,-0.33382105481795943
2026-05-22,>40% above 50-day SMA,IFRX,-0.3002593983174817
2026-05-22,>40% above 50-day SMA,JDZG,0.3614367711702712
2026-05-22,>40% above 50-day SMA,KOPN,-0.26034257679423745
2026-05-22,>40% above 50-day SMA,KULR,-0.35650894206282224
2026-05-22,>40% above 50-day SMA,LESL,-0.2913638403198646
2026-05-22,>40% above 50-day SMA,LTRN,-0.17848603327556256
2026-05-22,>40% above 50-day SMA,MDAI,-0.3667802833579632
2026-05-22,>40% above 50-day SMA,MEI,0.476609327981096
2026-05-22,>40% above 50-day SMA,MRAM,-0.5130737452516826
2026-05-22,>40% above 50-day SMA,MX,-0.3286826765616183
2026-05-22,>40% above 50-day SMA,OABI,-0.19368823332758445
2026-05-22,>40% above 50-day SMA,OSS,-0.26024546719447494
2026-05-22,>40% above 50-day SMA,PIII,-0.24294489842726152
2026-05-22,>40% above 50-day SMA,QUCY,-0.6475722342911302
2026-05-22,>40% above 50-day SMA,RVI,-0.5013568112017767
2026-05-22,>40% above 50-day SMA,RXT,0.007675726167828412
2026-05-22,>40% above 50-day SMA,SEGG,-0.6433177317002433
2026-05-22,>40% above 50-day SMA,SG,-0.3457427639492503
2026-05-22,>40% above 50-day SMA,SLNH,-0.22968070689706643
2026-05-22,>40% above 50-day SMA,SLS,0.5627845969316195
2026-05-22,>40% above 50-day SMA,SMJF,0.11346513338484165
2026-05-22,>40% above 50-day SMA,SMWB,0.5306665422866318
2026-05-22,>40% above 50-day SMA,SNAL,-0.1044600555339743
2026-05-22,>40% above 50-day SMA,SOBR,-0.5710739924585485
2026-05-22,>40% above 50-day SMA,TE,-0.2436274184551468
2026-05-22,>40% above 50-day SMA,TGEN,-0.3731898235591077
2026-05-22,>40% above 50-day SMA,TMCI,0.4381429987639863
2026-05-22,>40% above 50-day SMA,TRT,-0.25908964497848985
2026-05-22,>40% above 50-day SMA,VELO,-0.5341469968208032
2026-05-22,>40% above 50-day SMA,VHUB,-0.37452994555881647
2026-05-22,>40% above 50-day SMA,VIVO,-0.15479680038386356
2026-05-22,>40% above 50-day SMA,VLN,-0.4402251499948152
2026-05-22,>40% above 50-day SMA,VUZI,-0.5190974324855906
2026-05-22,>40% above 50-day SMA,WEST,-0.06296854215517445
2026-05-22,>40% above 50-day SMA,WYFI,-0.0670924497567219
2026-05-22,>40% above 50-day SMA,XRX,-0.06538197391018319
2026-05-22,>20% above 20-day SMA,AEVA,-0.3283821867417569
2026-05-22,>20% above 20-day SMA,AIB,-0.2924056556050113
2026-05-22,>20% above 20-day SMA,AIIO,0.20775984057264785
2026-05-22,>20% above 20-day SMA,AIRS,-0.08559933803189546
2026-05-22,>20% above 20-day SMA,AMPG,0.29381554663679055
2026-05-22,>20% above 20-day SMA,ARBE,-0.33416236797841636
2026-05-22,>20% above 20-day SMA,ASPN,-0.07281613842562762
2026-05-22,>20% above 20-day SMA,ATRA,-0.16083296366421984
2026-05-22,>20% above 20-day SMA,AVR,-0.12193116221823752
2026-05-22,>20% above 20-day SMA,BAND,0.058627582818779334
2026-05-22,>20% above 20-day SMA,BKKT,-0.31903918342888704
2026-05-22,>20% above 20-day SMA,BKSY,-0.5201004946800619
2026-05-22,>20% above 20-day SMA,BLDP,-0.43034780653877924
2026-05-22,>20% above 20-day SMA,BRCC,-0.2573564509617645
2026-05-22,>20% above 20-day SMA,BTQ,-0.07457064781727785
2026-05-22,>20% above 20-day SMA,BWEN,0.30314456484746655
2026-05-22,>20% above 20-day SMA,BZFD,-0.3966131158460484
2026-05-22,>20% above 20-day SMA,CHGG,-0.4157210233587785
2026-05-22,>20% above 20-day SMA,CODX,-0.5402104590384881
2026-05-22,>20% above 20-day SMA,CPIX,0.22303258500239942
2026-05-22,>20% above 20-day SMA,DGXX,-0.44961232187671185
2026-05-22,>20% above 20-day SMA,DUOT,-0.32324793935924545
2026-05-22,>20% above 20-day SMA,DXYZ,-0.6104127622465533
2026-05-22,>20% above 20-day SMA,ERNA,-0.6187719701549802
2026-05-22,>20% above 20-day SMA,EVC,0.07786780770523316
2026-05-22,>20% above 20-day SMA,FABC,-0.554775002353428
2026-05-22,>20% above 20-day SMA,FCEL,-0.0914739921075991
2026-05-22,>20% above 20-day SMA,GCTS,-0.37044560093397505
2026-05-22,>20% above 20-day SMA,HCWB,-0.7970080058341931
2026-05-22,>20% above 20-day SMA,HIVE,-0.20613081539605338
2026-05-22,>20% above 20-day SMA,HLIT,-0.20044088606396449
2026-05-22,>20% above 20-day SMA,HYLN,-0.33382105481795943
2026-05-22,>20% above 20-day SMA,JDZG,0.3614367711702712
2026-05-22,>20% above 20-day SMA,KULR,-0.35650894206282224
2026-05-22,>20% above 20-day SMA,LESL,-0.2913638403198646
2026-05-22,>20% above 20-day SMA,LPTH,-0.27428038735185545
2026-05-22,>20% above 20-day SMA,LTRN,-0.17848603327556256
2026-05-22,>20% above 20-day SMA,MGNX,-0.04068720897158007
2026-05-22,>20% above 20-day SMA,MRAM,-0.5130737452516826
2026-05-22,>20% above 20-day SMA,MX,-0.3286826765616183
2026-05-22,>20% above 20-day SMA,OABI,-0.19368823332758445
2026-05-22,>20% above 20-day SMA,OPTX,-0.21182467548421635
2026-05-22,>20% above 20-day SMA,OSS,-0.26024546719447494
2026-05-22,>20% above 20-day SMA,PIII,-0.24294489842726152
2026-05-22,>20% above 20-day SMA,PSNL,0.4823404226399718
2026-05-22,>20% above 20-day SMA,QUCY,-0.6475722342911302
2026-05-22,>20% above 20-day SMA,REPL,1.199494856494555
2026-05-22,>20% above 20-day SMA,RILY,-0.32699325795275413
2026-05-22,>20% above 20-day SMA,RVI,-0.5013568112017767
2026-05-22,>20% above 20-day SMA,SEGG,-0.6433177317002433
2026-05-22,>20% above 20-day SMA,SG,-0.3457427639492503
2026-05-22,>20% above 20-day SMA,SLS,0.5627845969316195
2026-05-22,>20% above 20-day SMA,SMJF,0.11346513338484165
2026-05-22,>20% above 20-day SMA,SMWB,0.5306665422866318
2026-05-22,>20% above 20-day SMA,SNAL,-0.1044600555339743
2026-05-22,>20% above 20-day SMA,TE,-0.2436274184551468
2026-05-22,>20% above 20-day SMA,TMCI,0.4381429987639863
2026-05-22,>20% above 20-day SMA,VELO,-0.5341469968208032
2026-05-22,>20% above 20-day SMA,VHUB,-0.37452994555881647
2026-05-22,>20% above 20-day SMA,VIVO,-0.15479680038386356
2026-05-22,>20% above 20-day SMA,VLN,-0.4402251499948152
2026-05-22,>20% above 20-day SMA,VNRX,-0.6576462339101751
2026-05-22,>20% above 20-day SMA,VUZI,-0.5190974324855906
2026-05-22,>20% above 20-day SMA,WYFI,-0.0670924497567219
2026-05-22,>20% above 20-day SMA,ZVIA,-0.07275487613611864
2026-05-22,fresh >10% breakout,AEVA,-0.3283821867417569
2026-05-22,fresh >10% breakout,AIB,-0.2924056556050113
2026-05-22,fresh >10% breakout,ARBE,-0.33416236797841636
2026-05-22,fresh >10% breakout,ASTI,-0.3891683211508655
2026-05-22,fresh >10% breakout,ATPC,-0.07984263866052699
2026-05-22,fresh >10% breakout,BAND,0.058627582818779334
2026-05-22,fresh >10% breakout,BBNX,0.38995004647235876
2026-05-22,fresh >10% breakout,BKKT,-0.31903918342888704
2026-05-22,fresh >10% breakout,BLDP,-0.43034780653877924
2026-05-22,fresh >10% breakout,BTQ,-0.07457064781727785
2026-05-22,fresh >10% breakout,BZFD,-0.3966131158460484
2026-05-22,fresh >10% breakout,CHGG,-0.4157210233587785
2026-05-22,fresh >10% breakout,CNDT,-0.1867230938549247
2026-05-22,fresh >10% breakout,CODX,-0.5402104590384881
2026-05-22,fresh >10% breakout,CRNC,-0.11924055302446457
2026-05-22,fresh >10% breakout,CYPH,-0.42991460998340136
2026-05-22,fresh >10% breakout,DPRO,-0.31857503320905545
2026-05-22,fresh >10% breakout,DUOT,-0.32324793935924545
2026-05-22,fresh >10% breakout,EVC,0.07786780770523316
2026-05-22,fresh >10% breakout,FABC,-0.554775002353428
2026-05-22,fresh >10% breakout,FCEL,-0.0914739921075991
2026-05-22,fresh >10% breakout,GCTS,-0.37044560093397505
2026-05-22,fresh >10% breakout,HCWB,-0.7970080058341931
2026-05-22,fresh >10% breakout,HLIT,-0.20044088606396449
2026-05-22,fresh >10% breakout,HYLN,-0.33382105481795943
2026-05-22,fresh >10% breakout,IMAX,0.01468665473943187
2026-05-22,fresh >10% breakout,IMPP,-0.14308357874662292
2026-05-22,fresh >10% breakout,INDI,-0.2019727907965857
2026-05-22,fresh >10% breakout,IOVA,0.2679929400975506
2026-05-22,fresh >10% breakout,KULR,-0.35650894206282224
2026-05-22,fresh >10% breakout,KURA,-0.05302569468303331
2026-05-22,fresh >10% breakout,LPTH,-0.27428038735185545
2026-05-22,fresh >10% breakout,LTRN,-0.17848603327556256
2026-05-22,fresh >10% breakout,MDAI,-0.3667802833579632
2026-05-22,fresh >10% breakout,OPTX,-0.21182467548421635
2026-05-22,fresh >10% breakout,OSUR,0.059946935605037166
2026-05-22,fresh >10% breakout,PIII,-0.24294489842726152
2026-05-22,fresh >10% breakout,POLA,-0.25205049127455803
2026-05-22,fresh >10% breakout,QNC,-0.3161340748688888
2026-05-22,fresh >10% breakout,RILY,-0.32699325795275413
2026-05-22,fresh >10% breakout,SPIR,-0.44974442953839555
2026-05-22,fresh >10% breakout,SRTA,-0.16120335198082225
2026-05-22,fresh >10% breakout,TE,-0.2436274184551468
2026-05-22,fresh >10% breakout,VELO,-0.5341469968208032
2026-05-22,fresh >10% breakout,VHUB,-0.37452994555881647
2026-05-22,fresh >10% breakout,VNRX,-0.6576462339101751
2026-05-22,fresh >10% breakout,XRX,-0.06538197391018319
2026-05-22,fresh >10% breakout,ZVIA,-0.07275487613611864
2026-05-29,deal-pinned (ATR<0.75%),CCO,0.04642723088638823
2026-05-29,>40% above 50-day SMA,ABCL,-0.10034776716597027
2026-05-29,>40% above 50-day SMA,ABSI,0.09857417064846574
2026-05-29,>40% above 50-day SMA,AEVA,-0.4360755971772271
2026-05-29,>40% above 50-day SMA,AGPU,0.09392780637227727
2026-05-29,>40% above 50-day SMA,AIB,-0.4109385276745282
2026-05-29,>40% above 50-day SMA,AIIO,0.3291977306437721
2026-05-29,>40% above 50-day SMA,AIRS,-0.0915511856714254
2026-05-29,>40% above 50-day SMA,AKAN,-0.6757758090960138
2026-05-29,>40% above 50-day SMA,AMPG,0.15087514490659526
2026-05-29,>40% above 50-day SMA,APPS,0.005831421799272984
2026-05-29,>40% above 50-day SMA,ASPI,-0.47250363443179155
2026-05-29,>40% above 50-day SMA,ASPN,-0.2717846736849311
2026-05-29,>40% above 50-day SMA,ASTC,-0.8290072842563829
2026-05-29,>40% above 50-day SMA,ASTI,-0.5620289898233474
2026-05-29,>40% above 50-day SMA,ATOM,-0.473754192176289
2026-05-29,>40% above 50-day SMA,ATPC,-0.4813361081542269
2026-05-29,>40% above 50-day SMA,ATRA,-0.21462035642725086
2026-05-29,>40% above 50-day SMA,BAND,-0.15350482663637322
2026-05-29,>40% above 50-day SMA,BGDE,-0.26339296311611593
2026-05-29,>40% above 50-day SMA,BLDP,-0.5316489974493215
2026-05-29,>40% above 50-day SMA,BLZE,0.5000073361515807
2026-05-29,>40% above 50-day SMA,BRCC,-0.34186844648013404
2026-05-29,>40% above 50-day SMA,BRUN,-0.4675605887688188
2026-05-29,>40% above 50-day SMA,BTQ,-0.24195452334601142
2026-05-29,>40% above 50-day SMA,BZFD,-0.1908509747144782
2026-05-29,>40% above 50-day SMA,CCCC,-0.14536515283472617
2026-05-29,>40% above 50-day SMA,CEVA,-0.1648256662163814
2026-05-29,>40% above 50-day SMA,CLOV,0.13147384166233334
2026-05-29,>40% above 50-day SMA,CMPS,-0.12694112936619528
2026-05-29,>40% above 50-day SMA,CNSP,-0.02573682673204991
2026-05-29,>40% above 50-day SMA,CODX,-0.7924231964401438
2026-05-29,>40% above 50-day SMA,CPIX,0.14959494471313306
2026-05-29,>40% above 50-day SMA,CRNC,-0.32475164799582545
2026-05-29,>40% above 50-day SMA,CRSR,-0.07304343853384987
2026-05-29,>40% above 50-day SMA,CYRX,0.009135759373973817
2026-05-29,>40% above 50-day SMA,DDD,-0.25183978180393274
2026-05-29,>40% above 50-day SMA,DGXX,-0.48781175807163946
2026-05-29,>40% above 50-day SMA,DUOT,-0.3851295485965972
2026-05-29,>40% above 50-day SMA,ERNA,-0.6161895031201754
2026-05-29,>40% above 50-day SMA,EVC,0.2525859097377001
2026-05-29,>40% above 50-day SMA,FABC,-0.4941707289046211
2026-05-29,>40% above 50-day SMA,FATE,-0.14082073296893904
2026-05-29,>40% above 50-day SMA,FATN,-0.3170186400653987
2026-05-29,>40% above 50-day SMA,FCEL,-0.0500582466689552
2026-05-29,>40% above 50-day SMA,GCTS,-0.39985862358897184
2026-05-29,>40% above 50-day SMA,GRRR,-0.38887449226375626
2026-05-29,>40% above 50-day SMA,HCWB,-0.7401295488945089
2026-05-29,>40% above 50-day SMA,HIVE,-0.3294035748689571
2026-05-29,>40% above 50-day SMA,HYLN,-0.45128436323616994
2026-05-29,>40% above 50-day SMA,IFRX,-0.25355548007458517
2026-05-29,>40% above 50-day SMA,JDZG,0.08394452406462616
2026-05-29,>40% above 50-day SMA,JELD,-0.4299443924190046
2026-05-29,>40% above 50-day SMA,KOPN,-0.3395084914975237
2026-05-29,>40% above 50-day SMA,KULR,-0.4284334688906206
2026-05-29,>40% above 50-day SMA,LESL,-0.6828530403335127
2026-05-29,>40% above 50-day SMA,LTRN,-0.23348816856469545
2026-05-29,>40% above 50-day SMA,MASK,-0.5275545463248869
2026-05-29,>40% above 50-day SMA,MEI,0.32983693667124436
2026-05-29,>40% above 50-day SMA,MX,-0.5906766938446403
2026-05-29,>40% above 50-day SMA,NRXP,-0.1568171876814911
2026-05-29,>40% above 50-day SMA,OABI,-0.22809251526175256
2026-05-29,>40% above 50-day SMA,OSS,-0.31140752198815547
2026-05-29,>40% above 50-day SMA,PACK,-0.025838122389397422
2026-05-29,>40% above 50-day SMA,PD,0.07845882395600312
2026-05-29,>40% above 50-day SMA,PIII,-0.09401112501747677
2026-05-29,>40% above 50-day SMA,PRFX,-0.6010554584513448
2026-05-29,>40% above 50-day SMA,PSNL,0.08438316546572655
2026-05-29,>40% above 50-day SMA,PURR,-0.3411055271321254
2026-05-29,>40% above 50-day SMA,QUCY,-0.5319408700465715
2026-05-29,>40% above 50-day SMA,QURE,0.32724101775891024
2026-05-29,>40% above 50-day SMA,REPL,-0.34207195123614076
2026-05-29,>40% above 50-day SMA,RXT,-0.22077825738827184
2026-05-29,>40% above 50-day SMA,SEGG,-0.6133434521524722
2026-05-29,>40% above 50-day SMA,SG,-0.3191679147751838
2026-05-29,>40% above 50-day SMA,SHLS,-0.27177836005694656
2026-05-29,>40% above 50-day SMA,SLS,0.12605870571324918
2026-05-29,>40% above 50-day SMA,SPPL,-0.07554940415340439
2026-05-29,>40% above 50-day SMA,SWMR,-0.2763487239776581
2026-05-29,>40% above 50-day SMA,TE,-0.5647297249447252
2026-05-29,>40% above 50-day SMA,TGEN,-0.45852731400464974
2026-05-29,>40% above 50-day SMA,TMCI,0.20123744834334567
2026-05-29,>40% above 50-day SMA,UIS,-0.21044546444695778
2026-05-29,>40% above 50-day SMA,ULCC,0.07202989420190531
2026-05-29,>40% above 50-day SMA,UMAC,-0.3309128397103429
2026-05-29,>40% above 50-day SMA,VELO,-0.5645526511237422
2026-05-29,>40% above 50-day SMA,VHUB,-0.5419917934835665
2026-05-29,>40% above 50-day SMA,VIVO,-0.33592722965997657
2026-05-29,>40% above 50-day SMA,VLN,-0.5242943851543811
2026-05-29,>40% above 50-day SMA,VUZI,-0.46859169767875486
2026-05-29,>40% above 50-day SMA,WYFI,-0.16720430770570538
2026-05-29,>40% above 50-day SMA,XRX,-0.1022097743036432
2026-05-29,>40% above 50-day SMA,YMAT,-0.7102768760253535
2026-05-29,>20% above 20-day SMA,ABCL,-0.10034776716597027
2026-05-29,>20% above 20-day SMA,ABSI,0.09857417064846574
2026-05-29,>20% above 20-day SMA,AEVA,-0.4360755971772271
2026-05-29,>20% above 20-day SMA,AIB,-0.4109385276745282
2026-05-29,>20% above 20-day SMA,AMPG,0.15087514490659526
2026-05-29,>20% above 20-day SMA,APPS,0.005831421799272984
2026-05-29,>20% above 20-day SMA,ASPI,-0.47250363443179155
2026-05-29,>20% above 20-day SMA,ASPN,-0.2717846736849311
2026-05-29,>20% above 20-day SMA,ASTC,-0.8290072842563829
2026-05-29,>20% above 20-day SMA,ASTI,-0.5620289898233474
2026-05-29,>20% above 20-day SMA,ATPC,-0.4813361081542269
2026-05-29,>20% above 20-day SMA,BAER,-0.1286622586792886
2026-05-29,>20% above 20-day SMA,BAND,-0.15350482663637322
2026-05-29,>20% above 20-day SMA,BGDE,-0.26339296311611593
2026-05-29,>20% above 20-day SMA,BLDP,-0.5316489974493215
2026-05-29,>20% above 20-day SMA,BRUN,-0.4675605887688188
2026-05-29,>20% above 20-day SMA,BTQ,-0.24195452334601142
2026-05-29,>20% above 20-day SMA,BZFD,-0.1908509747144782
2026-05-29,>20% above 20-day SMA,CCCC,-0.14536515283472617
2026-05-29,>20% above 20-day SMA,CMPS,-0.12694112936619528
2026-05-29,>20% above 20-day SMA,CMPX,-0.10057934270253699
2026-05-29,>20% above 20-day SMA,CODX,-0.7924231964401438
2026-05-29,>20% above 20-day SMA,CPIX,0.14959494471313306
2026-05-29,>20% above 20-day SMA,CRNC,-0.32475164799582545
2026-05-29,>20% above 20-day SMA,CRSR,-0.07304343853384987
2026-05-29,>20% above 20-day SMA,DDD,-0.25183978180393274
2026-05-29,>20% above 20-day SMA,DPRO,-0.4088600248258125
2026-05-29,>20% above 20-day SMA,DUOT,-0.3851295485965972
2026-05-29,>20% above 20-day SMA,FATE,-0.14082073296893904
2026-05-29,>20% above 20-day SMA,FATN,-0.3170186400653987
2026-05-29,>20% above 20-day SMA,GCTS,-0.39985862358897184
2026-05-29,>20% above 20-day SMA,GENI,0.2880116499596417
2026-05-29,>20% above 20-day SMA,GRRR,-0.38887449226375626
2026-05-29,>20% above 20-day SMA,HCWB,-0.7401295488945089
2026-05-29,>20% above 20-day SMA,HIVE,-0.3294035748689571
2026-05-29,>20% above 20-day SMA,HOLO,-0.21117838785014975
2026-05-29,>20% above 20-day SMA,HYLN,-0.45128436323616994
2026-05-29,>20% above 20-day SMA,IMSR,-0.4089817082007835
2026-05-29,>20% above 20-day SMA,JDZG,0.08394452406462616
2026-05-29,>20% above 20-day SMA,JELD,-0.4299443924190046
2026-05-29,>20% above 20-day SMA,KULR,-0.4284334688906206
2026-05-29,>20% above 20-day SMA,LESL,-0.6828530403335127
2026-05-29,>20% above 20-day SMA,LPTH,-0.34700364053349964
2026-05-29,>20% above 20-day SMA,LTRN,-0.23348816856469545
2026-05-29,>20% above 20-day SMA,MASK,-0.5275545463248869
2026-05-29,>20% above 20-day SMA,MX,-0.5906766938446403
2026-05-29,>20% above 20-day SMA,MXCT,-0.08995361432638616
2026-05-29,>20% above 20-day SMA,NMAX,-0.02117695155227939
2026-05-29,>20% above 20-day SMA,NRXP,-0.1568171876814911
2026-05-29,>20% above 20-day SMA,OABI,-0.22809251526175256
2026-05-29,>20% above 20-day SMA,OPK,0.172414797841
2026-05-29,>20% above 20-day SMA,OSUR,-0.022838467576086208
2026-05-29,>20% above 20-day SMA,PD,0.07845882395600312
2026-05-29,>20% above 20-day SMA,PDYN,-0.3586711333589797
2026-05-29,>20% above 20-day SMA,PIII,-0.09401112501747677
2026-05-29,>20% above 20-day SMA,PLAY,-0.18060917085512396
2026-05-29,>20% above 20-day SMA,PRFX,-0.6010554584513448
2026-05-29,>20% above 20-day SMA,PSNL,0.08438316546572655
2026-05-29,>20% above 20-day SMA,PURR,-0.3411055271321254
2026-05-29,>20% above 20-day SMA,QUCY,-0.5319408700465715
2026-05-29,>20% above 20-day SMA,REPL,-0.34207195123614076
2026-05-29,>20% above 20-day SMA,RPD,0.1890558437271863
2026-05-29,>20% above 20-day SMA,SES,-0.5516152506304135
2026-05-29,>20% above 20-day SMA,SG,-0.3191679147751838
2026-05-29,>20% above 20-day SMA,SHLS,-0.27177836005694656
2026-05-29,>20% above 20-day SMA,SLS,0.12605870571324918
2026-05-29,>20% above 20-day SMA,SMJF,0.21874836902817751
2026-05-29,>20% above 20-day SMA,SPPL,-0.07554940415340439
2026-05-29,>20% above 20-day SMA,SWMR,-0.2763487239776581
2026-05-29,>20% above 20-day SMA,TE,-0.5647297249447252
2026-05-29,>20% above 20-day SMA,TMCI,0.20123744834334567
2026-05-29,>20% above 20-day SMA,TSSI,-0.3970425292660623
2026-05-29,>20% above 20-day SMA,UIS,-0.21044546444695778
2026-05-29,>20% above 20-day SMA,ULCC,0.07202989420190531
2026-05-29,>20% above 20-day SMA,UMAC,-0.3309128397103429
2026-05-29,>20% above 20-day SMA,VELO,-0.5645526511237422
2026-05-29,>20% above 20-day SMA,VHUB,-0.5419917934835665
2026-05-29,>20% above 20-day SMA,VIVO,-0.33592722965997657
2026-05-29,>20% above 20-day SMA,VLN,-0.5242943851543811
2026-05-29,>20% above 20-day SMA,VUZI,-0.46859169767875486
2026-05-29,>20% above 20-day SMA,YMAT,-0.7102768760253535
2026-05-29,fresh >10% breakout,ABSI,0.09857417064846574
2026-05-29,fresh >10% breakout,AI,-0.13135266811287172
2026-05-29,fresh >10% breakout,AIB,-0.4109385276745282
2026-05-29,fresh >10% breakout,AIOT,0.04227785739795942
2026-05-29,fresh >10% breakout,ASAN,0.10591419288572967
2026-05-29,fresh >10% breakout,ASPI,-0.47250363443179155
2026-05-29,fresh >10% breakout,ASTC,-0.8290072842563829
2026-05-29,fresh >10% breakout,ASTL,-0.1765833604170166
2026-05-29,fresh >10% breakout,ATPC,-0.4813361081542269
2026-05-29,fresh >10% breakout,BAER,-0.1286622586792886
2026-05-29,fresh >10% breakout,BAND,-0.15350482663637322
2026-05-29,fresh >10% breakout,BBAI,-0.41010309273036083
2026-05-29,fresh >10% breakout,BLND,0.04227785739795942
2026-05-29,fresh >10% breakout,BRR,-0.15772216478051204
2026-05-29,fresh >10% breakout,BRUN,-0.4675605887688188
2026-05-29,fresh >10% breakout,BTQ,-0.24195452334601142
2026-05-29,fresh >10% breakout,CCCC,-0.14536515283472617
2026-05-29,fresh >10% breakout,CDZI,-0.32657463205348436
2026-05-29,fresh >10% breakout,CERS,0.002804210337142954
2026-05-29,fresh >10% breakout,CLOV,0.13147384166233334
2026-05-29,fresh >10% breakout,CODX,-0.7924231964401438
2026-05-29,fresh >10% breakout,CYRX,0.009135759373973817
2026-05-29,fresh >10% breakout,EDIT,-0.2004967504999522
2026-05-29,fresh >10% breakout,ENVX,-0.46022840587004943
2026-05-29,fresh >10% breakout,FATE,-0.14082073296893904
2026-05-29,fresh >10% breakout,FATN,-0.3170186400653987
2026-05-29,fresh >10% breakout,GANX,-0.07054266733564452
2026-05-29,fresh >10% breakout,GENI,0.2880116499596417
2026-05-29,fresh >10% breakout,GRCE,-0.0822357385378294
2026-05-29,fresh >10% breakout,GRRR,-0.38887449226375626
2026-05-29,fresh >10% breakout,IMRX,-0.22288682455454745
2026-05-29,fresh >10% breakout,IMSR,-0.4089817082007835
2026-05-29,fresh >10% breakout,JDZG,0.08394452406462616
2026-05-29,fresh >10% breakout,KSS,0.3820998565343434
2026-05-29,fresh >10% breakout,LESL,-0.6828530403335127
2026-05-29,fresh >10% breakout,LNKS,-0.285308377848007
2026-05-29,fresh >10% breakout,MASK,-0.5275545463248869
2026-05-29,fresh >10% breakout,MX,-0.5906766938446403
2026-05-29,fresh >10% breakout,MXCT,-0.08995361432638616
2026-05-29,fresh >10% breakout,NEO,0.3160420242655746
2026-05-29,fresh >10% breakout,NVA,-0.2761745136287611
2026-05-29,fresh >10% breakout,OSTX,-0.2567875975230499
2026-05-29,fresh >10% breakout,PD,0.07845882395600312
2026-05-29,fresh >10% breakout,PRFX,-0.6010554584513448
2026-05-29,fresh >10% breakout,PRGS,0.27194574287757023
2026-05-29,fresh >10% breakout,PUBM,0.1578599971687249
2026-05-29,fresh >10% breakout,PURR,-0.3411055271321254
2026-05-29,fresh >10% breakout,REPL,-0.34207195123614076
2026-05-29,fresh >10% breakout,RPD,0.1890558437271863
2026-05-29,fresh >10% breakout,SDGR,0.048198920142515034
2026-05-29,fresh >10% breakout,SPPL,-0.07554940415340439
2026-05-29,fresh >10% breakout,SUPV,0.029957540315928788
2026-05-29,fresh >10% breakout,TDOC,0.27223836889070596
2026-05-29,fresh >10% breakout,TMCI,0.20123744834334567
2026-05-29,fresh >10% breakout,UAVS,-0.35943153255510163
2026-05-29,fresh >10% breakout,UIS,-0.21044546444695778
2026-05-29,fresh >10% breakout,VHUB,-0.5419917934835665
2026-05-29,fresh >10% breakout,VIVO,-0.33592722965997657
2026-05-29,fresh >10% breakout,VLN,-0.5242943851543811
2026-06-05,deal-pinned (ATR<0.75%),CCO,-0.009640212393633663
2026-06-05,>40% above 50-day SMA,AGPU,0.14344844254017053
2026-06-05,>40% above 50-day SMA,AIIO,0.008472015132050092
2026-06-05,>40% above 50-day SMA,AMPG,0.04542744347351402
2026-06-05,>40% above 50-day SMA,ANY,-0.46273425646043054
2026-06-05,>40% above 50-day SMA,APPS,0.03335369428575996
2026-06-05,>40% above 50-day SMA,ASTC,-0.8060208038232188
2026-06-05,>40% above 50-day SMA,ATRA,-0.1380675799846406
2026-06-05,>40% above 50-day SMA,AVR,-0.16321909644031174
2026-06-05,>40% above 50-day SMA,BAND,-0.3822509656861601
2026-06-05,>40% above 50-day SMA,BBGI,0.21256822710440737
2026-06-05,>40% above 50-day SMA,BRUN,-0.25292258209609186
2026-06-05,>40% above 50-day SMA,CEVA,-0.19102501643112202
2026-06-05,>40% above 50-day SMA,CODX,-0.7539341680453582
2026-06-05,>40% above 50-day SMA,CUE,-0.11922094647576242
2026-06-05,>40% above 50-day SMA,DXST,-0.3675507976706648
2026-06-05,>40% above 50-day SMA,EVC,0.31120226444822485
2026-06-05,>40% above 50-day SMA,FATN,0.11162810010811963
2026-06-05,>40% above 50-day SMA,GCTS,-0.2022872604108139
2026-06-05,>40% above 50-day SMA,HCAT,0.15920696756487862
2026-06-05,>40% above 50-day SMA,HCWB,-0.6540420401676785
2026-06-05,>40% above 50-day SMA,HPP,-0.004672967434799169
2026-06-05,>40% above 50-day SMA,HYLN,-0.42938656286607246
2026-06-05,>40% above 50-day SMA,JDZG,-0.9575401995945301
2026-06-05,>40% above 50-day SMA,LESL,-0.7370430034694551
2026-06-05,>40% above 50-day SMA,LTRN,-0.25612346856994317
2026-06-05,>40% above 50-day SMA,MASK,-0.6561271388765804
2026-06-05,>40% above 50-day SMA,MX,-0.49255864626710455
2026-06-05,>40% above 50-day SMA,PIII,-0.1257671271928602
2026-06-05,>40% above 50-day SMA,PSNL,0.23553426121131849
2026-06-05,>40% above 50-day SMA,QMCO,-0.12056539830459168
2026-06-05,>40% above 50-day SMA,QUCY,-0.34032203293582874
2026-06-05,>40% above 50-day SMA,REPL,0.23657149381298237
2026-06-05,>40% above 50-day SMA,RXT,0.0724400718363869
2026-06-05,>40% above 50-day SMA,SEGG,-0.760668344473427
2026-06-05,>40% above 50-day SMA,SMJF,0.03068993641921569
2026-06-05,>40% above 50-day SMA,SPPL,-0.08827776661415088
2026-06-05,>40% above 50-day SMA,SWMR,-0.401399474305668
2026-06-05,>40% above 50-day SMA,TE,-0.4463183916396527
2026-06-05,>40% above 50-day SMA,TMCI,0.32828708891198954
2026-06-05,>40% above 50-day SMA,UIS,-0.28749649397433075
2026-06-05,>40% above 50-day SMA,UMAC,-0.023263821166571108
2026-06-05,>40% above 50-day SMA,WALD,-0.12679139983827148
2026-06-05,>40% above 50-day SMA,XRX,-0.04151499323013097
2026-06-05,>40% above 50-day SMA,YMAT,-0.5305739554040438
2026-06-05,>20% above 20-day SMA,ALOY,-0.14794146218845705
2026-06-05,>20% above 20-day SMA,AMPG,0.04542744347351402
2026-06-05,>20% above 20-day SMA,ANY,-0.46273425646043054
2026-06-05,>20% above 20-day SMA,APPS,0.03335369428575996
2026-06-05,>20% above 20-day SMA,ASTC,-0.8060208038232188
2026-06-05,>20% above 20-day SMA,BAND,-0.3822509656861601
2026-06-05,>20% above 20-day SMA,BBGI,0.21256822710440737
2026-06-05,>20% above 20-day SMA,BBNX,0.026815835639100616
2026-06-05,>20% above 20-day SMA,CODX,-0.7539341680453582
2026-06-05,>20% above 20-day SMA,CRE,-0.16040381503807488
2026-06-05,>20% above 20-day SMA,DXST,-0.3675507976706648
2026-06-05,>20% above 20-day SMA,HCAT,0.15920696756487862
2026-06-05,>20% above 20-day SMA,HYLN,-0.42938656286607246
2026-06-05,>20% above 20-day SMA,JDZG,-0.9575401995945301
2026-06-05,>20% above 20-day SMA,LESL,-0.7370430034694551
2026-06-05,>20% above 20-day SMA,MASK,-0.6561271388765804
2026-06-05,>20% above 20-day SMA,PSNL,0.23553426121131849
2026-06-05,>20% above 20-day SMA,QMCO,-0.12056539830459168
2026-06-05,>20% above 20-day SMA,REPL,0.23657149381298237
2026-06-05,>20% above 20-day SMA,RMSG,-0.8139434769024951
2026-06-05,>20% above 20-day SMA,RZLT,0.14727151536321204
2026-06-05,>20% above 20-day SMA,SMJF,0.03068993641921569
2026-06-05,>20% above 20-day SMA,SPPL,-0.08827776661415088
2026-06-05,>20% above 20-day SMA,SWMR,-0.401399474305668
2026-06-05,>20% above 20-day SMA,TMCI,0.32828708891198954
2026-06-05,>20% above 20-day SMA,TNDM,0.022327256258041883
2026-06-05,>20% above 20-day SMA,TURB,-0.2128916677662014
2026-06-05,>20% above 20-day SMA,UMAC,-0.023263821166571108
2026-06-05,fresh >10% breakout,ALVO,0.06260555017910696
2026-06-05,fresh >10% breakout,BAND,-0.3822509656861601
2026-06-05,fresh >10% breakout,BBNX,0.026815835639100616
2026-06-05,fresh >10% breakout,CURV,0.5937135308059542
2026-06-05,fresh >10% breakout,EEIQ,-0.40214017817772973
2026-06-05,fresh >10% breakout,EVH,-0.2851733635500233
2026-06-05,fresh >10% breakout,HCAT,0.15920696756487862
2026-06-05,fresh >10% breakout,IOVA,0.008592687460107662
2026-06-05,fresh >10% breakout,LESL,-0.7370430034694551
2026-06-05,fresh >10% breakout,RMSG,-0.8139434769024951
2026-06-05,fresh >10% breakout,TLYS,-0.19368017947107297
2026-06-05,fresh >10% breakout,TURB,-0.2128916677662014
2026-06-12,deal-pinned (ATR<0.75%),CCO,-0.010089703118622007
2026-06-12,deal-pinned (ATR<0.75%),RAMP,-0.006368294463030999
2026-06-12,>40% above 50-day SMA,AIIO,0.08549852766389843
2026-06-12,>40% above 50-day SMA,ALOY,-0.17237618299336865
2026-06-12,>40% above 50-day SMA,AMC,0.015551400898007772
2026-06-12,>40% above 50-day SMA,AMPG,-0.2786409156554519
2026-06-12,>40% above 50-day SMA,APPS,0.32597583541128516
2026-06-12,>40% above 50-day SMA,ASTC,-0.5156131378711959
2026-06-12,>40% above 50-day SMA,ASTI,-0.564777183231004
2026-06-12,>40% above 50-day SMA,BAND,-0.2200682488022807
2026-06-12,>40% above 50-day SMA,BRUN,-0.4082138763258639
2026-06-12,>40% above 50-day SMA,CBRL,0.19585888420355135
2026-06-12,>40% above 50-day SMA,CLOV,-0.08197134185368693
2026-06-12,>40% above 50-day SMA,CODX,-0.6627703504878703
2026-06-12,>40% above 50-day SMA,EVC,-0.04939334218021829
2026-06-12,>40% above 50-day SMA,FATN,0.15354661752716514
2026-06-12,>40% above 50-day SMA,HPP,-0.13696998992198361
2026-06-12,>40% above 50-day SMA,HYLN,-0.48035996990578667
2026-06-12,>40% above 50-day SMA,INHD,-0.8462507688265622
2026-06-12,>40% above 50-day SMA,JDZG,-0.9538897042630312
2026-06-12,>40% above 50-day SMA,LESL,-0.843213909150331
2026-06-12,>40% above 50-day SMA,LTRN,-0.29359488626464114
2026-06-12,>40% above 50-day SMA,PIII,0.0013575862160393193
2026-06-12,>40% above 50-day SMA,QMCO,0.4018462460587262
2026-06-12,>40% above 50-day SMA,REPL,0.5270723962750752
2026-06-12,>40% above 50-day SMA,RXT,-0.2104573761191294
2026-06-12,>40% above 50-day SMA,SUNE,0.06044964618466642
2026-06-12,>40% above 50-day SMA,TMCI,0.15739794168983678
2026-06-12,>40% above 50-day SMA,VELO,-0.4732269744761396
2026-06-12,>40% above 50-day SMA,WALD,-0.30578866403021676
2026-06-12,>40% above 50-day SMA,XRX,-0.07475939215257021
2026-06-12,>20% above 20-day SMA,ALOY,-0.17237618299336865
2026-06-12,>20% above 20-day SMA,AMC,0.015551400898007772
2026-06-12,>20% above 20-day SMA,AMPG,-0.2786409156554519
2026-06-12,>20% above 20-day SMA,APPS,0.32597583541128516
2026-06-12,>20% above 20-day SMA,AZI,-0.1667162065470741
2026-06-12,>20% above 20-day SMA,CAST,-0.13912191900711346
2026-06-12,>20% above 20-day SMA,CBRL,0.19585888420355135
2026-06-12,>20% above 20-day SMA,CIIT,-0.7970215259185686
2026-06-12,>20% above 20-day SMA,CLOV,-0.08197134185368693
2026-06-12,>20% above 20-day SMA,CURV,0.20203154549150604
2026-06-12,>20% above 20-day SMA,DNUT,-0.29315235852632604
2026-06-12,>20% above 20-day SMA,EPC,0.23707681776770362
2026-06-12,>20% above 20-day SMA,FWRD,0.3852591706943109
2026-06-12,>20% above 20-day SMA,HCAT,-0.05873836918279851
2026-06-12,>20% above 20-day SMA,INHD,-0.8462507688265622
2026-06-12,>20% above 20-day SMA,JZXN,-0.036579744248195545
2026-06-12,>20% above 20-day SMA,KSS,0.013719759933217723
2026-06-12,>20% above 20-day SMA,LESL,-0.843213909150331
2026-06-12,>20% above 20-day SMA,LMRI,0.1994538064403304
2026-06-12,>20% above 20-day SMA,NPT,0.7088042544538595
2026-06-12,>20% above 20-day SMA,NWL,0.239910296881378
2026-06-12,>20% above 20-day SMA,OFRM,-0.17758715039958994
2026-06-12,>20% above 20-day SMA,PAYO,0.04028068985736177
2026-06-12,>20% above 20-day SMA,PDFS,-0.24379718684817075
2026-06-12,>20% above 20-day SMA,QMCO,0.4018462460587262
2026-06-12,>20% above 20-day SMA,REPL,0.5270723962750752
2026-06-12,>20% above 20-day SMA,SUNE,0.06044964618466642
2026-06-12,>20% above 20-day SMA,SUPV,-0.2491806226132509
2026-06-12,>20% above 20-day SMA,TMCI,0.15739794168983678
2026-06-12,>20% above 20-day SMA,WNC,0.2736653890490319
2026-06-12,fresh >10% breakout,ACH,-0.6317113189350675
2026-06-12,fresh >10% breakout,AMC,0.015551400898007772
2026-06-12,fresh >10% breakout,ARKO,-0.49908163434217323
2026-06-12,fresh >10% breakout,CIIT,-0.7970215259185686
2026-06-12,fresh >10% breakout,CURV,0.20203154549150604
2026-06-12,fresh >10% breakout,CWH,-0.21560347035743554
2026-06-12,fresh >10% breakout,FIP,-0.10345079226817788
2026-06-12,fresh >10% breakout,FWRG,-0.05932300363909415
2026-06-12,fresh >10% breakout,HELE,-0.029513678733176674
2026-06-12,fresh >10% breakout,HROW,0.03720038211412113
2026-06-12,fresh >10% breakout,KSS,0.013719759933217723
2026-06-12,fresh >10% breakout,OFRM,-0.17758715039958994
2026-06-12,fresh >10% breakout,PDFS,-0.24379718684817075
2026-06-12,fresh >10% breakout,REAL,0.13777026743065268
2026-06-12,fresh >10% breakout,SUPV,-0.2491806226132509
2026-06-12,fresh >10% breakout,VELO,-0.4732269744761396
2026-06-12,fresh >10% breakout,VYX,0.015388040643421474
2026-06-12,fresh >10% breakout,WALD,-0.30578866403021676
2026-06-12,fresh >10% breakout,WEST,-0.14008966697938474
2026-06-12,fresh >10% breakout,WGS,0.35406250585345456
2026-06-12,fresh >10% breakout,WNC,0.2736653890490319
2026-06-12,fresh >10% breakout,XPOF,-0.25738490505326905
2026-06-18,deal-pinned (ATR<0.75%),CCO,-0.0364021263091025
2026-06-18,>40% above 50-day SMA,ABSI,0.24790589155809356
2026-06-18,>40% above 50-day SMA,AHMA,-0.33661035448093096
2026-06-18,>40% above 50-day SMA,AIIO,-0.03261468074696677
2026-06-18,>40% above 50-day SMA,ALOY,-0.2198113776170893
2026-06-18,>40% above 50-day SMA,AMBQ,-0.24905768706470982
2026-06-18,>40% above 50-day SMA,AMC,-0.1368668098004892
2026-06-18,>40% above 50-day SMA,AMPG,-0.5874892408582082
2026-06-18,>40% above 50-day SMA,ANY,-0.38681280774507193
2026-06-18,>40% above 50-day SMA,APPS,0.4225451515750613
2026-06-18,>40% above 50-day SMA,ASBP,0.17723410618311658
2026-06-18,>40% above 50-day SMA,BFLY,0.014425574956842213
2026-06-18,>40% above 50-day SMA,BGDE,-0.3430126847334168
2026-06-18,>40% above 50-day SMA,BJDX,-0.7703581206475338
2026-06-18,>40% above 50-day SMA,BRUN,-0.3824364482644324
2026-06-18,>40% above 50-day SMA,BTQ,-0.32064360867418157
2026-06-18,>40% above 50-day SMA,BWEN,0.048656004215909376
2026-06-18,>40% above 50-day SMA,CAST,-0.8924901261049529
2026-06-18,>40% above 50-day SMA,CBRL,0.25422815412723637
2026-06-18,>40% above 50-day SMA,CLPT,-0.12680107618625486
2026-06-18,>40% above 50-day SMA,DSY,0.07111776527390051
2026-06-18,>40% above 50-day SMA,EVC,-0.09743489019059143
2026-06-18,>40% above 50-day SMA,EXFY,0.45607058029102093
2026-06-18,>40% above 50-day SMA,FCEL,-0.06894120347170968
2026-06-18,>40% above 50-day SMA,GCTS,-0.34182500236981744
2026-06-18,>40% above 50-day SMA,GNTA,-0.24905764824489823
2026-06-18,>40% above 50-day SMA,HYLN,-0.4941193993215088
2026-06-18,>40% above 50-day SMA,INDP,-0.742647415844168
2026-06-18,>40% above 50-day SMA,INHD,-0.7959682733056004
2026-06-18,>40% above 50-day SMA,LASE,-0.3740576274468895
2026-06-18,>40% above 50-day SMA,LESL,-0.9275200419209169
2026-06-18,>40% above 50-day SMA,LNAI,-0.40381956624101706
2026-06-18,>40% above 50-day SMA,LNKS,-0.5923412457502903
2026-06-18,>40% above 50-day SMA,MEI,0.29474574159072126
2026-06-18,>40% above 50-day SMA,MTEN,-0.5034824405443121
2026-06-18,>40% above 50-day SMA,OCC,-0.23477190121717645
2026-06-18,>40% above 50-day SMA,OTLK,-0.573741227574571
2026-06-18,>40% above 50-day SMA,PIII,-0.015801880419332892
2026-06-18,>40% above 50-day SMA,PSIG,-0.9066710037361019
2026-06-18,>40% above 50-day SMA,QH,-0.575538675344466
2026-06-18,>40% above 50-day SMA,QMCO,0.5983781972797597
2026-06-18,>40% above 50-day SMA,QTEX,-0.5313959734093596
2026-06-18,>40% above 50-day SMA,QTTB,0.34127849540745586
2026-06-18,>40% above 50-day SMA,QURE,0.03723527572978641
2026-06-18,>40% above 50-day SMA,REPL,0.43666369975591585
2026-06-18,>40% above 50-day SMA,RGNT,-0.5235331951235731
2026-06-18,>40% above 50-day SMA,RXT,-0.4519662307394919
2026-06-18,>40% above 50-day SMA,RZLT,-0.06678678030304591
2026-06-18,>40% above 50-day SMA,SMWB,0.716373358514161
2026-06-18,>40% above 50-day SMA,STI,-0.5526393495796267
2026-06-18,>40% above 50-day SMA,SUNE,-0.0382733155932064
2026-06-18,>40% above 50-day SMA,TMCI,0.07492799953973978
2026-06-18,>40% above 50-day SMA,ULCC,-0.11955626859389096
2026-06-18,>40% above 50-day SMA,VCIG,-0.9438852522148975
2026-06-18,>40% above 50-day SMA,VELO,-0.4767870716019205
2026-06-18,>40% above 50-day SMA,VSME,-0.5011152771342811
2026-06-18,>40% above 50-day SMA,WYFI,-0.21054119266738486
2026-06-18,>20% above 20-day SMA,AHMA,-0.33661035448093096
2026-06-18,>20% above 20-day SMA,ALOY,-0.2198113776170893
2026-06-18,>20% above 20-day SMA,AMC,-0.1368668098004892
2026-06-18,>20% above 20-day SMA,AMPG,-0.5874892408582082
2026-06-18,>20% above 20-day SMA,BBGI,-0.05921754304103505
2026-06-18,>20% above 20-day SMA,BFLY,0.014425574956842213
2026-06-18,>20% above 20-day SMA,BGDE,-0.3430126847334168
2026-06-18,>20% above 20-day SMA,BHVN,0.06652821193293929
2026-06-18,>20% above 20-day SMA,BIRD,-0.5836472715453116
2026-06-18,>20% above 20-day SMA,BTQ,-0.32064360867418157
2026-06-18,>20% above 20-day SMA,BWEN,0.048656004215909376
2026-06-18,>20% above 20-day SMA,CAST,-0.8924901261049529
2026-06-18,>20% above 20-day SMA,CBRL,0.25422815412723637
2026-06-18,>20% above 20-day SMA,CLPT,-0.12680107618625486
2026-06-18,>20% above 20-day SMA,DSY,0.07111776527390051
2026-06-18,>20% above 20-day SMA,ENHA,-0.6130531277430573
2026-06-18,>20% above 20-day SMA,EXFY,0.45607058029102093
2026-06-18,>20% above 20-day SMA,FWRD,0.41944452617119715
2026-06-18,>20% above 20-day SMA,GLXG,-0.413938611734143
2026-06-18,>20% above 20-day SMA,HROW,-0.07813393083417824
2026-06-18,>20% above 20-day SMA,HWH,0.22530133188727913
2026-06-18,>20% above 20-day SMA,INDP,-0.742647415844168
2026-06-18,>20% above 20-day SMA,INHD,-0.7959682733056004
2026-06-18,>20% above 20-day SMA,IQST,-0.1990576489544777
2026-06-18,>20% above 20-day SMA,LESL,-0.9275200419209169
2026-06-18,>20% above 20-day SMA,LNAI,-0.40381956624101706
2026-06-18,>20% above 20-day SMA,LNKS,-0.5923412457502903
2026-06-18,>20% above 20-day SMA,MBX,0.5870450980444546
2026-06-18,>20% above 20-day SMA,MTEN,-0.5034824405443121
2026-06-18,>20% above 20-day SMA,MYSE,0.2145787060261934
2026-06-18,>20% above 20-day SMA,NEOV,0.31029490321168546
2026-06-18,>20% above 20-day SMA,NPT,0.29031960739789237
2026-06-18,>20% above 20-day SMA,NUAI,-0.12545765988086083
2026-06-18,>20% above 20-day SMA,OCC,-0.23477190121717645
2026-06-18,>20% above 20-day SMA,ONEG,-0.4013565417585689
2026-06-18,>20% above 20-day SMA,OTLK,-0.573741227574571
2026-06-18,>20% above 20-day SMA,PRCH,0.3547387858695918
2026-06-18,>20% above 20-day SMA,PRQR,0.022106335156248214
2026-06-18,>20% above 20-day SMA,PSIG,-0.9066710037361019
2026-06-18,>20% above 20-day SMA,QH,-0.575538675344466
2026-06-18,>20% above 20-day SMA,QMCO,0.5983781972797597
2026-06-18,>20% above 20-day SMA,QURE,0.03723527572978641
2026-06-18,>20% above 20-day SMA,REAL,-0.10909781912072786
2026-06-18,>20% above 20-day SMA,REPL,0.43666369975591585
2026-06-18,>20% above 20-day SMA,RGNT,-0.5235331951235731
2026-06-18,>20% above 20-day SMA,RXT,-0.4519662307394919
2026-06-18,>20% above 20-day SMA,RZLT,-0.06678678030304591
2026-06-18,>20% above 20-day SMA,SDOT,-0.34578204821797837
2026-06-18,>20% above 20-day SMA,SUNE,-0.0382733155932064
2026-06-18,>20% above 20-day SMA,TDUP,-0.5231841574690648
2026-06-18,>20% above 20-day SMA,TRT,-0.2662717887022001
2026-06-18,>20% above 20-day SMA,ULCC,-0.11955626859389096
2026-06-18,>20% above 20-day SMA,VELO,-0.4767870716019205
2026-06-18,>20% above 20-day SMA,VSME,-0.5011152771342811
2026-06-18,>20% above 20-day SMA,WNC,0.12834785414530708
2026-06-18,>20% above 20-day SMA,WYFI,-0.21054119266738486
2026-06-18,fresh >10% breakout,ALOY,-0.2198113776170893
2026-06-18,fresh >10% breakout,AMBQ,-0.24905768706470982
2026-06-18,fresh >10% breakout,AMC,-0.1368668098004892
2026-06-18,fresh >10% breakout,AMPG,-0.5874892408582082
2026-06-18,fresh >10% breakout,AQST,-0.0882296559827424
2026-06-18,fresh >10% breakout,BFLY,0.014425574956842213
2026-06-18,fresh >10% breakout,BGDE,-0.3430126847334168
2026-06-18,fresh >10% breakout,BHVN,0.06652821193293929
2026-06-18,fresh >10% breakout,BIRD,-0.5836472715453116
2026-06-18,fresh >10% breakout,BWEN,0.048656004215909376
2026-06-18,fresh >10% breakout,CAST,-0.8924901261049529
2026-06-18,fresh >10% breakout,CDNA,0.7725237139801577
2026-06-18,fresh >10% breakout,CLPT,-0.12680107618625486
2026-06-18,fresh >10% breakout,DSGN,0.21476877218375628
2026-06-18,fresh >10% breakout,EXFY,0.45607058029102093
2026-06-18,fresh >10% breakout,GMRS,0.04547064741848311
2026-06-18,fresh >10% breakout,HROW,-0.07813393083417824
2026-06-18,fresh >10% breakout,HURA,-0.111898120998361
2026-06-18,fresh >10% breakout,IQST,-0.1990576489544777
2026-06-18,fresh >10% breakout,JBLU,-0.07652246713194216
2026-06-18,fresh >10% breakout,LESL,-0.9275200419209169
2026-06-18,fresh >10% breakout,LNAI,-0.40381956624101706
2026-06-18,fresh >10% breakout,LNKS,-0.5923412457502903
2026-06-18,fresh >10% breakout,LODE,-0.2715943447085922
2026-06-18,fresh >10% breakout,MEI,0.29474574159072126
2026-06-18,fresh >10% breakout,OTLK,-0.573741227574571
2026-06-18,fresh >10% breakout,PEPG,0.6992663712440861
2026-06-18,fresh >10% breakout,PRCH,0.3547387858695918
2026-06-18,fresh >10% breakout,PRQR,0.022106335156248214
2026-06-18,fresh >10% breakout,PZZA,-0.3620958133741487
2026-06-18,fresh >10% breakout,QURE,0.03723527572978641
2026-06-18,fresh >10% breakout,RCKT,0.01586776451062749
2026-06-18,fresh >10% breakout,REPL,0.43666369975591585
2026-06-18,fresh >10% breakout,RGNX,0.45350639127862963
2026-06-18,fresh >10% breakout,RXT,-0.4519662307394919
2026-06-18,fresh >10% breakout,SLDB,0.0933793646057865
2026-06-18,fresh >10% breakout,ULCC,-0.11955626859389096
2026-06-18,fresh >10% breakout,WNC,0.12834785414530708
2026-06-18,fresh >10% breakout,WYFI,-0.21054119266738486
2026-06-26,deal-pinned (ATR<0.75%),CCO,-0.021304304844916966
2026-06-26,>40% above 50-day SMA,ABSI,-0.18074375954857402
2026-06-26,>40% above 50-day SMA,AIIO,-0.38609029027343433
2026-06-26,>40% above 50-day SMA,AMPG,-0.4657801014376729
2026-06-26,>40% above 50-day SMA,APPS,-0.022307942664444802
2026-06-26,>40% above 50-day SMA,ARQQ,-0.1627367697227352
2026-06-26,>40% above 50-day SMA,ASBP,0.30916900649830925
2026-06-26,>40% above 50-day SMA,BLZE,0.0754968371833955
2026-06-26,>40% above 50-day SMA,BOLD,0.1637523901137492
2026-06-26,>40% above 50-day SMA,CAST,-0.800340786542108
2026-06-26,>40% above 50-day SMA,CBRL,0.11072911608875469
2026-06-26,>40% above 50-day SMA,CLPT,-0.1716101802817005
2026-06-26,>40% above 50-day SMA,CUPR,-0.4803025177702872
2026-06-26,>40% above 50-day SMA,EHGO,-0.6669162481191876
2026-06-26,>40% above 50-day SMA,EVC,-0.3183496655248549
2026-06-26,>40% above 50-day SMA,EXFY,0.6865147077659626
2026-06-26,>40% above 50-day SMA,GNTA,-0.35713852769587806
2026-06-26,>40% above 50-day SMA,HQ,-0.15923573045885575
2026-06-26,>40% above 50-day SMA,HSCS,-0.05372216194246726
2026-06-26,>40% above 50-day SMA,ILLR,-0.8126770274674641
2026-06-26,>40% above 50-day SMA,LESL,-0.9319137130725194
2026-06-26,>40% above 50-day SMA,MEI,-0.2578483607108494
2026-06-26,>40% above 50-day SMA,NEO,0.16558278402311988
2026-06-26,>40% above 50-day SMA,NIXX,-0.46643705601028307
2026-06-26,>40% above 50-day SMA,OTLK,-0.6363572918046895
2026-06-26,>40% above 50-day SMA,PCLA,0.041935671488862125
2026-06-26,>40% above 50-day SMA,PSNL,0.3177941209611974
2026-06-26,>40% above 50-day SMA,PYXS,0.07609442825963075
2026-06-26,>40% above 50-day SMA,QTEX,-0.45460945872628045
2026-06-26,>40% above 50-day SMA,QTTB,0.24971954872889524
2026-06-26,>40% above 50-day SMA,REPL,0.2723346703828655
2026-06-26,>40% above 50-day SMA,RGNT,-0.43865148832089573
2026-06-26,>40% above 50-day SMA,SDOT,0.08722258357122681
2026-06-26,>40% above 50-day SMA,SMWB,0.6128594786928412
2026-06-26,>40% above 50-day SMA,TDUP,-0.5870142433609966
2026-06-26,>40% above 50-day SMA,TMCI,-0.012677056868858116
2026-06-26,>40% above 50-day SMA,ULCC,-0.25491802869605995
2026-06-26,>40% above 50-day SMA,WNC,-0.12963667068564222
2026-06-26,>40% above 50-day SMA,WYFI,-0.44951357856244456
2026-06-26,>20% above 20-day SMA,ABSI,-0.18074375954857402
2026-06-26,>20% above 20-day SMA,AIIO,-0.38609029027343433
2026-06-26,>20% above 20-day SMA,ALXO,-0.01700743163713303
2026-06-26,>20% above 20-day SMA,ARQQ,-0.1627367697227352
2026-06-26,>20% above 20-day SMA,ATAI,0.4025874472245654
2026-06-26,>20% above 20-day SMA,AVTX,0.06629353892718237
2026-06-26,>20% above 20-day SMA,AZI,-0.2828202085348024
2026-06-26,>20% above 20-day SMA,BBGI,-0.2483467331465391
2026-06-26,>20% above 20-day SMA,BBNX,0.18051066686006578
2026-06-26,>20% above 20-day SMA,BCAX,-0.11493906532347953
2026-06-26,>20% above 20-day SMA,BCDA,-0.10916440008250661
2026-06-26,>20% above 20-day SMA,BLZE,0.0754968371833955
2026-06-26,>20% above 20-day SMA,BOLD,0.1637523901137492
2026-06-26,>20% above 20-day SMA,BRBR,-0.05310369372299539
2026-06-26,>20% above 20-day SMA,CAST,-0.800340786542108
2026-06-26,>20% above 20-day SMA,CBRL,0.11072911608875469
2026-06-26,>20% above 20-day SMA,CGEM,0.1933719225856445
2026-06-26,>20% above 20-day SMA,CLPT,-0.1716101802817005
2026-06-26,>20% above 20-day SMA,CUPR,-0.4803025177702872
2026-06-26,>20% above 20-day SMA,EDSA,-0.45525707422104666
2026-06-26,>20% above 20-day SMA,EHGO,-0.6669162481191876
2026-06-26,>20% above 20-day SMA,ENTX,1.105661911514858
2026-06-26,>20% above 20-day SMA,EPC,0.030590446430419416
2026-06-26,>20% above 20-day SMA,EVC,-0.3183496655248549
2026-06-26,>20% above 20-day SMA,EVH,-0.135873404873734
2026-06-26,>20% above 20-day SMA,EXFY,0.6865147077659626
2026-06-26,>20% above 20-day SMA,FCUV,1.0532688973095075
2026-06-26,>20% above 20-day SMA,FTHM,-0.37006776657991136
2026-06-26,>20% above 20-day SMA,FWRD,0.1890759761366836
2026-06-26,>20% above 20-day SMA,GLUE,-0.37450756302535815
2026-06-26,>20% above 20-day SMA,GRPN,-0.12391363163037128
2026-06-26,>20% above 20-day SMA,HELP,1.016761673356054
2026-06-26,>20% above 20-day SMA,HQ,-0.15923573045885575
2026-06-26,>20% above 20-day SMA,HSCS,-0.05372216194246726
2026-06-26,>20% above 20-day SMA,ICCM,-0.611625173048161
2026-06-26,>20% above 20-day SMA,ILLR,-0.8126770274674641
2026-06-26,>20% above 20-day SMA,JBIO,-0.022952199554066355
2026-06-26,>20% above 20-day SMA,LESL,-0.9319137130725194
2026-06-26,>20% above 20-day SMA,LILA,0.18842800731336862
2026-06-26,>20% above 20-day SMA,LILAK,0.18854905074456996
2026-06-26,>20% above 20-day SMA,LIND,0.08629842470665783
2026-06-26,>20% above 20-day SMA,LMRI,-0.013158807005035356
2026-06-26,>20% above 20-day SMA,LXRX,-0.08269373822940684
2026-06-26,>20% above 20-day SMA,MAX,0.08494343248551672
2026-06-26,>20% above 20-day SMA,MEI,-0.2578483607108494
2026-06-26,>20% above 20-day SMA,MLKN,0.16782298794831907
2026-06-26,>20% above 20-day SMA,MYGN,-0.47379018584336163
2026-06-26,>20% above 20-day SMA,MYSE,0.10871692309479375
2026-06-26,>20% above 20-day SMA,NEO,0.16558278402311988
2026-06-26,>20% above 20-day SMA,NIXX,-0.46643705601028307
2026-06-26,>20% above 20-day SMA,ODD,-0.07527016548047138
2026-06-26,>20% above 20-day SMA,OPTU,-0.4744253424402627
2026-06-26,>20% above 20-day SMA,OTLK,-0.6363572918046895
2026-06-26,>20% above 20-day SMA,PLSM,-0.49069909117726696
2026-06-26,>20% above 20-day SMA,PRCH,0.23572402282165683
2026-06-26,>20% above 20-day SMA,PSNL,0.3177941209611974
2026-06-26,>20% above 20-day SMA,PYXS,0.07609442825963075
2026-06-26,>20% above 20-day SMA,QTRX,-0.3443495392764553
2026-06-26,>20% above 20-day SMA,RGNT,-0.43865148832089573
2026-06-26,>20% above 20-day SMA,RGNX,-0.2238907177102295
2026-06-26,>20% above 20-day SMA,SDOT,0.08722258357122681
2026-06-26,>20% above 20-day SMA,SKYQ,-0.06194210887342966
2026-06-26,>20% above 20-day SMA,SLDB,-0.006491204450207455
2026-06-26,>20% above 20-day SMA,SMWB,0.6128594786928412
2026-06-26,>20% above 20-day SMA,STTK,0.23421042781165147
2026-06-26,>20% above 20-day SMA,TDUP,-0.5870142433609966
2026-06-26,>20% above 20-day SMA,ULCC,-0.25491802869605995
2026-06-26,>20% above 20-day SMA,WKSP,-0.5159759206953933
2026-06-26,>20% above 20-day SMA,WNC,-0.12963667068564222
2026-06-26,>20% above 20-day SMA,WPRT,-0.25160695357967455
2026-06-26,>20% above 20-day SMA,WSHP,-0.3962476530158001
2026-06-26,>20% above 20-day SMA,WYFI,-0.44951357856244456
2026-06-26,>20% above 20-day SMA,ZBIO,0.23092711132398502
2026-06-26,>20% above 20-day SMA,ZURA,0.1850724994687043
2026-06-26,fresh >10% breakout,ABSI,-0.18074375954857402
2026-06-26,fresh >10% breakout,AIIO,-0.38609029027343433
2026-06-26,fresh >10% breakout,ALXO,-0.01700743163713303
2026-06-26,fresh >10% breakout,AMPH,-0.004435218156176202
2026-06-26,fresh >10% breakout,ARHS,0.10619437538090204
2026-06-26,fresh >10% breakout,ATAI,0.4025874472245654
2026-06-26,fresh >10% breakout,BBGI,-0.2483467331465391
2026-06-26,fresh >10% breakout,BBNX,0.18051066686006578
2026-06-26,fresh >10% breakout,BCDA,-0.10916440008250661
2026-06-26,fresh >10% breakout,BLNE,-0.2809034501117409
2026-06-26,fresh >10% breakout,CDNA,0.6556633661268461
2026-06-26,fresh >10% breakout,DFH,-0.13435814050525696
2026-06-26,fresh >10% breakout,ENTX,1.105661911514858
2026-06-26,fresh >10% breakout,FWRD,0.1890759761366836
2026-06-26,fresh >10% breakout,GRPN,-0.12391363163037128
2026-06-26,fresh >10% breakout,HELP,1.016761673356054
2026-06-26,fresh >10% breakout,HSCS,-0.05372216194246726
2026-06-26,fresh >10% breakout,ILLR,-0.8126770274674641
2026-06-26,fresh >10% breakout,IQST,-0.3166111033833495
2026-06-26,fresh >10% breakout,LMRI,-0.013158807005035356
2026-06-26,fresh >10% breakout,LXRX,-0.08269373822940684
2026-06-26,fresh >10% breakout,MEI,-0.2578483607108494
2026-06-26,fresh >10% breakout,MLKN,0.16782298794831907
2026-06-26,fresh >10% breakout,MYGN,-0.47379018584336163
2026-06-26,fresh >10% breakout,NEO,0.16558278402311988
2026-06-26,fresh >10% breakout,NSP,0.2657069551971898
2026-06-26,fresh >10% breakout,ODD,-0.07527016548047138
2026-06-26,fresh >10% breakout,OMDA,0.16020702276528143
2026-06-26,fresh >10% breakout,ONT,-0.22752762950611116
2026-06-26,fresh >10% breakout,PLSM,-0.49069909117726696
2026-06-26,fresh >10% breakout,PSNL,0.3177941209611974
2026-06-26,fresh >10% breakout,PYXS,0.07609442825963075
2026-06-26,fresh >10% breakout,QTRX,-0.3443495392764553
2026-06-26,fresh >10% breakout,SKYQ,-0.06194210887342966
2026-06-26,fresh >10% breakout,THRY,-0.5212057584036611
2026-06-26,fresh >10% breakout,VIA,0.576724375884897
2026-06-26,fresh >10% breakout,VTAK,-0.7998371120878072
2026-06-26,fresh >10% breakout,WEN,0.1408356991425017
2026-06-26,fresh >10% breakout,WGO,0.03270164080671378
2026-06-26,fresh >10% breakout,WKSP,-0.5159759206953933
2026-06-26,fresh >10% breakout,WPRT,-0.25160695357967455
2026-06-26,fresh >10% breakout,WSHP,-0.3962476530158001
2026-06-26,fresh >10% breakout,ZBIO,0.23092711132398502
2026-06-26,fresh >10% breakout,ZIP,0.15978658691122694
2026-06-26,fresh >10% breakout,ZURA,0.1850724994687043
2026-07-02,>40% above 50-day SMA,ABSI,-0.223265621316047
2026-07-02,>40% above 50-day SMA,AHMA,-0.39996086753482496
2026-07-02,>40% above 50-day SMA,AIIO,-0.428470845522512
2026-07-02,>40% above 50-day SMA,APPS,-0.10029402393740172
2026-07-02,>40% above 50-day SMA,ASBP,0.39753505942722067
2026-07-02,>40% above 50-day SMA,BLZE,-0.05542176520191311
2026-07-02,>40% above 50-day SMA,BOLD,0.15916463010024584
2026-07-02,>40% above 50-day SMA,CAST,-0.6686878725520223
2026-07-02,>40% above 50-day SMA,CBRL,0.07265842341830075
2026-07-02,>40% above 50-day SMA,CUPR,-0.451171561147652
2026-07-02,>40% above 50-day SMA,DSY,-0.08916638343478434
2026-07-02,>40% above 50-day SMA,EVC,-0.35444455067399105
2026-07-02,>40% above 50-day SMA,FATE,-0.14064355744176238
2026-07-02,>40% above 50-day SMA,FCEL,-0.3410317163562242
2026-07-02,>40% above 50-day SMA,GNTA,-0.39144000021581216
2026-07-02,>40% above 50-day SMA,GRPN,-0.2093482109656415
2026-07-02,>40% above 50-day SMA,HQ,-0.33448378905187504
2026-07-02,>40% above 50-day SMA,LESL,-0.9115189389807958
2026-07-02,>40% above 50-day SMA,MAX,-0.016022227731130823
2026-07-02,>40% above 50-day SMA,NEO,0.21779786765850706
2026-07-02,>40% above 50-day SMA,NIXX,-0.5550063821278044
2026-07-02,>40% above 50-day SMA,OTLK,-0.5280077809577051
2026-07-02,>40% above 50-day SMA,PRCH,0.17265512139446648
2026-07-02,>40% above 50-day SMA,PSNL,0.2804686134998704
2026-07-02,>40% above 50-day SMA,QDEL,-0.16516411904693418
2026-07-02,>40% above 50-day SMA,QH,-0.302622588843379
2026-07-02,>40% above 50-day SMA,QTTB,0.17536936327397812
2026-07-02,>40% above 50-day SMA,REPL,0.3656793499201181
2026-07-02,>40% above 50-day SMA,RGNT,-0.4765574495864552
2026-07-02,>40% above 50-day SMA,RGNX,-0.24542569769155564
2026-07-02,>40% above 50-day SMA,SDOT,-0.6857927983756891
2026-07-02,>40% above 50-day SMA,SLDB,-0.07154379692484236
2026-07-02,>40% above 50-day SMA,SMWB,0.4964203525143467
2026-07-02,>40% above 50-day SMA,TDUP,-0.5859221178412649
2026-07-02,>40% above 50-day SMA,VSME,-0.3717424442752092
2026-07-02,>40% above 50-day SMA,WNC,0.03244367220273725
2026-07-02,>20% above 20-day SMA,ABSI,-0.223265621316047
2026-07-02,>20% above 20-day SMA,ABX,-0.1515874428331665
2026-07-02,>20% above 20-day SMA,AHMA,-0.39996086753482496
2026-07-02,>20% above 20-day SMA,AIIO,-0.428470845522512
2026-07-02,>20% above 20-day SMA,AKBA,-0.26396437055482824
2026-07-02,>20% above 20-day SMA,ALDX,-0.3186503055571963
2026-07-02,>20% above 20-day SMA,ALXO,-0.006651733343666755
2026-07-02,>20% above 20-day SMA,AMPL,0.6448117130953706
2026-07-02,>20% above 20-day SMA,APPS,-0.10029402393740172
2026-07-02,>20% above 20-day SMA,BCAX,-0.16490429437611465
2026-07-02,>20% above 20-day SMA,BCDA,-0.01450206399780063
2026-07-02,>20% above 20-day SMA,BLZE,-0.05542176520191311
2026-07-02,>20% above 20-day SMA,BOLD,0.15916463010024584
2026-07-02,>20% above 20-day SMA,BRBR,-0.20155107926798144
2026-07-02,>20% above 20-day SMA,CERT,0.22515614308817433
2026-07-02,>20% above 20-day SMA,CRVS,-0.04309139499510373
2026-07-02,>20% above 20-day SMA,CUPR,-0.451171561147652
2026-07-02,>20% above 20-day SMA,CYH,-0.22155328935413432
2026-07-02,>20% above 20-day SMA,DOMO,0.11756012295994567
2026-07-02,>20% above 20-day SMA,DRTS,0.13374068857497123
2026-07-02,>20% above 20-day SMA,DSGN,-0.0067228505721474985
2026-07-02,>20% above 20-day SMA,DSY,-0.08916638343478434
2026-07-02,>20% above 20-day SMA,EDIT,-0.10708191382984511
2026-07-02,>20% above 20-day SMA,ENTX,0.8524658849044335
2026-07-02,>20% above 20-day SMA,EVC,-0.35444455067399105
2026-07-02,>20% above 20-day SMA,FATE,-0.14064355744176238
2026-07-02,>20% above 20-day SMA,FCEL,-0.3410317163562242
2026-07-02,>20% above 20-day SMA,FDMT,0.1556262049481274
2026-07-02,>20% above 20-day SMA,FTHM,-0.3170661024408664
2026-07-02,>20% above 20-day SMA,GLUE,-0.42017112540364987
2026-07-02,>20% above 20-day SMA,GRPN,-0.2093482109656415
2026-07-02,>20% above 20-day SMA,HELP,0.9790878580433924
2026-07-02,>20% above 20-day SMA,HSCS,0.11318617058850622
2026-07-02,>20% above 20-day SMA,INMB,0.3977528125891878
2026-07-02,>20% above 20-day SMA,JACK,-0.03155628031713609
2026-07-02,>20% above 20-day SMA,LILA,0.150524312609295
2026-07-02,>20% above 20-day SMA,LILAK,0.13856694306165496
2026-07-02,>20% above 20-day SMA,LMRI,-0.04684982479702049
2026-07-02,>20% above 20-day SMA,MAX,-0.016022227731130823
2026-07-02,>20% above 20-day SMA,MGTX,0.019980725206786953
2026-07-02,>20% above 20-day SMA,MLKN,0.11570858586841481
2026-07-02,>20% above 20-day SMA,MNTN,0.21371174535935933
2026-07-02,>20% above 20-day SMA,MYGN,-0.44528939504555287
2026-07-02,>20% above 20-day SMA,NABL,0.04662936161715159
2026-07-02,>20% above 20-day SMA,NBP,-0.11302228182113783
2026-07-02,>20% above 20-day SMA,NEO,0.21779786765850706
2026-07-02,>20% above 20-day SMA,NIXX,-0.5550063821278044
2026-07-02,>20% above 20-day SMA,ODD,-0.17115932333274264
2026-07-02,>20% above 20-day SMA,ORIC,0.16462165207858837
2026-07-02,>20% above 20-day SMA,PAR,0.032414024684735976
2026-07-02,>20% above 20-day SMA,PRCH,0.17265512139446648
2026-07-02,>20% above 20-day SMA,PRGS,0.19218289213123607
2026-07-02,>20% above 20-day SMA,PRME,-0.04001880143690317
2026-07-02,>20% above 20-day SMA,PSNL,0.2804686134998704
2026-07-02,>20% above 20-day SMA,PYXS,0.25530149655865264
2026-07-02,>20% above 20-day SMA,QDEL,-0.16516411904693418
2026-07-02,>20% above 20-day SMA,QNST,0.23955408382690546
2026-07-02,>20% above 20-day SMA,QTRX,-0.3631355353589478
2026-07-02,>20% above 20-day SMA,RCKT,0.03237298910051889
2026-07-02,>20% above 20-day SMA,REAX,-0.0009459655989897398
2026-07-02,>20% above 20-day SMA,RGNX,-0.24542569769155564
2026-07-02,>20% above 20-day SMA,RPD,0.4577351683061943
2026-07-02,>20% above 20-day SMA,SANA,0.0072144966381721964
2026-07-02,>20% above 20-day SMA,SDOT,-0.6857927983756891
2026-07-02,>20% above 20-day SMA,SKYQ,0.02337678559286449
2026-07-02,>20% above 20-day SMA,SLDB,-0.07154379692484236
2026-07-02,>20% above 20-day SMA,SMWB,0.4964203525143467
2026-07-02,>20% above 20-day SMA,STTK,0.025746188474379483
2026-07-02,>20% above 20-day SMA,TDUP,-0.5859221178412649
2026-07-02,>20% above 20-day SMA,TENX,-0.835060429344322
2026-07-02,>20% above 20-day SMA,VIA,0.5067089633100106
2026-07-02,>20% above 20-day SMA,VOR,0.12721320120433144
2026-07-02,>20% above 20-day SMA,WNC,0.03244367220273725
2026-07-02,>20% above 20-day SMA,ZBIO,0.175530469778449
2026-07-02,>20% above 20-day SMA,ZURA,0.13354758243239506
2026-07-02,fresh >10% breakout,ABX,-0.1515874428331665
2026-07-02,fresh >10% breakout,AGEN,1.2220070177755495
2026-07-02,fresh >10% breakout,AIOT,-0.2748948285837236
2026-07-02,fresh >10% breakout,ALDX,-0.3186503055571963
2026-07-02,fresh >10% breakout,AMPL,0.6448117130953706
2026-07-02,fresh >10% breakout,AURA,-0.01676294736731354
2026-07-02,fresh >10% breakout,BVS,0.34777541988457217
2026-07-02,fresh >10% breakout,CLVT,-0.19291254097761057
2026-07-02,fresh >10% breakout,COTY,0.26629507962604615
2026-07-02,fresh >10% breakout,CYH,-0.22155328935413432
2026-07-02,fresh >10% breakout,EDIT,-0.10708191382984511
2026-07-02,fresh >10% breakout,HPP,-0.19578031502428483
2026-07-02,fresh >10% breakout,KLC,-0.4367528742775624
2026-07-02,fresh >10% breakout,LZ,-0.08410701169968449
2026-07-02,fresh >10% breakout,MAN,0.635568834815051
2026-07-02,fresh >10% breakout,MNKD,-0.09894151983529165
2026-07-02,fresh >10% breakout,MNTN,0.21371174535935933
2026-07-02,fresh >10% breakout,NKTX,-0.11569249281689553
2026-07-02,fresh >10% breakout,ODD,-0.17115932333274264
2026-07-02,fresh >10% breakout,PRGS,0.19218289213123607
2026-07-02,fresh >10% breakout,RCKT,0.03237298910051889
2026-07-02,fresh >10% breakout,REAX,-0.0009459655989897398
2026-07-02,fresh >10% breakout,RPD,0.4577351683061943
2026-07-02,fresh >10% breakout,SDOT,-0.6857927983756891
2026-07-02,fresh >10% breakout,SRPT,0.10911486121094205
2026-07-02,fresh >10% breakout,TENX,-0.835060429344322
2026-07-02,fresh >10% breakout,VOR,0.12721320120433144
2026-07-10,>40% above 50-day SMA,ABSI,-0.15108958641882275
2026-07-10,>40% above 50-day SMA,BLZE,-0.21867638392337063
2026-07-10,>40% above 50-day SMA,CUPR,-0.34735006593560513
2026-07-10,>40% above 50-day SMA,EXFY,0.2760943299588675
2026-07-10,>40% above 50-day SMA,JZXN,-0.45321111195100305
2026-07-10,>40% above 50-day SMA,OTLK,-0.5583242519780235
2026-07-10,>40% above 50-day SMA,PEPG,0.34589483359633
2026-07-10,>40% above 50-day SMA,PSNL,0.23929421426408892
2026-07-10,>40% above 50-day SMA,REPL,0.38535185913288716
2026-07-10,>40% above 50-day SMA,RGNX,-0.34230480564624466
2026-07-10,>40% above 50-day SMA,RPD,0.001615656380227426
2026-07-10,>40% above 50-day SMA,RYOJ,0.24540644865189132
2026-07-10,>40% above 50-day SMA,SDOT,-0.4390661143645235
2026-07-10,>40% above 50-day SMA,SMWB,0.3441623812666662
2026-07-10,>40% above 50-day SMA,SUNE,-0.36697702494174733
2026-07-10,>40% above 50-day SMA,UPC,-0.21845907444983936
2026-07-10,>20% above 20-day SMA,AKBA,-0.28673639906370085
2026-07-10,>20% above 20-day SMA,ALIT,-0.22271650610500238
2026-07-10,>20% above 20-day SMA,AMPL,0.43513565692846823
2026-07-10,>20% above 20-day SMA,BAND,-0.4032763068661711
2026-07-10,>20% above 20-day SMA,BLZE,-0.21867638392337063
2026-07-10,>20% above 20-day SMA,BVS,0.20117839786409053
2026-07-10,>20% above 20-day SMA,CUE,-0.23710732007905577
2026-07-10,>20% above 20-day SMA,FATE,-0.18316496861859066
2026-07-10,>20% above 20-day SMA,GMM,-0.5236464379488045
2026-07-10,>20% above 20-day SMA,GRPN,-0.25878874633473137
2026-07-10,>20% above 20-day SMA,HELP,0.7955832496119554
2026-07-10,>20% above 20-day SMA,INMB,0.27456695177878243
2026-07-10,>20% above 20-day SMA,JZXN,-0.45321111195100305
2026-07-10,>20% above 20-day SMA,LRMR,-0.08830524799045514
2026-07-10,>20% above 20-day SMA,PEPG,0.34589483359633
2026-07-10,>20% above 20-day SMA,RGNX,-0.34230480564624466
2026-07-10,>20% above 20-day SMA,RPD,0.001615656380227426
2026-07-10,>20% above 20-day SMA,RYOJ,0.24540644865189132
2026-07-10,>20% above 20-day SMA,SKYQ,-0.16869963466596394
2026-07-10,>20% above 20-day SMA,STIM,0.6531987108714131
2026-07-10,>20% above 20-day SMA,SUNE,-0.36697702494174733
2026-07-10,>20% above 20-day SMA,TENX,-0.8726236807750546
2026-07-10,>20% above 20-day SMA,VSTM,0.49965588636038516
2026-07-10,>20% above 20-day SMA,ZBIO,0.16088515127769065
2026-07-10,fresh >10% breakout,BAND,-0.4032763068661711
2026-07-10,fresh >10% breakout,BLZE,-0.21867638392337063
2026-07-10,fresh >10% breakout,BZH,0.059795143549848606
2026-07-10,fresh >10% breakout,CDZI,-0.03543772985690885
2026-07-10,fresh >10% breakout,EXFY,0.2760943299588675
2026-07-10,fresh >10% breakout,GMM,-0.5236464379488045
2026-07-10,fresh >10% breakout,INMB,0.27456695177878243
2026-07-10,fresh >10% breakout,IOTR,-0.222558930675679
2026-07-10,fresh >10% breakout,JZXN,-0.45321111195100305
2026-07-10,fresh >10% breakout,LRMR,-0.08830524799045514
2026-07-10,fresh >10% breakout,PEPG,0.34589483359633
2026-07-10,fresh >10% breakout,RYOJ,0.24540644865189132
2026-07-10,fresh >10% breakout,STIM,0.6531987108714131
2026-07-10,fresh >10% breakout,SUNE,-0.36697702494174733
2026-07-10,fresh >10% breakout,UIS,-0.3378448214304076
2026-07-10,fresh >10% breakout,VRAX,-0.33978263441017653
2026-07-17,>40% above 50-day SMA,AGEN,0.45559857851212815
2026-07-17,>40% above 50-day SMA,CDNA,0.3505924119700641
2026-07-17,>40% above 50-day SMA,CLRO,-0.34015783849829784
2026-07-17,>40% above 50-day SMA,ENTX,0.4566873048784632
2026-07-17,>40% above 50-day SMA,HLP,0.32304325785772225
2026-07-17,>40% above 50-day SMA,MAN,0.14096614107538885
2026-07-17,>40% above 50-day SMA,PSNL,0.09092449611108533
2026-07-17,>40% above 50-day SMA,RPD,0.08080559707260981
2026-07-17,>40% above 50-day SMA,RYOJ,0.07292113855119386
2026-07-17,>40% above 50-day SMA,SDOT,-0.4920609969977623
2026-07-17,>40% above 50-day SMA,SKYQ,-0.14123924447942715
2026-07-17,>40% above 50-day SMA,SMWB,0.2695138374806545
2026-07-17,>20% above 20-day SMA,AGEN,0.45559857851212815
2026-07-17,>20% above 20-day SMA,ALIT,-0.39855783109156184
2026-07-17,>20% above 20-day SMA,BRR,0.6424449423767444
2026-07-17,>20% above 20-day SMA,BSIN,0.2110163596841117
2026-07-17,>20% above 20-day SMA,CDNA,0.3505924119700641
2026-07-17,>20% above 20-day SMA,CLRO,-0.34015783849829784
2026-07-17,>20% above 20-day SMA,COTY,0.07459057479027287
2026-07-17,>20% above 20-day SMA,GPRE,-0.2078046816806649
2026-07-17,>20% above 20-day SMA,HLP,0.32304325785772225
2026-07-17,>20% above 20-day SMA,MAN,0.14096614107538885
2026-07-17,>20% above 20-day SMA,NABL,-0.09334121596018341
2026-07-17,>20% above 20-day SMA,RPD,0.08080559707260981
2026-07-17,>20% above 20-day SMA,RYOJ,0.07292113855119386
2026-07-17,>20% above 20-day SMA,SKYQ,-0.14123924447942715
2026-07-17,>20% above 20-day SMA,SNAL,-0.4371907287681698
2026-07-17,>20% above 20-day SMA,TDTH,-0.36368180248841975
2026-07-17,>20% above 20-day SMA,VSTM,0.27788439201495274
2026-07-17,>20% above 20-day SMA,WRAP,-0.16267701605631246
2026-07-17,fresh >10% breakout,ATPC,-0.20534009959851673
2026-07-17,fresh >10% breakout,BSIN,0.2110163596841117
2026-07-17,fresh >10% breakout,CDNA,0.3505924119700641
2026-07-17,fresh >10% breakout,COTY,0.07459057479027287
2026-07-17,fresh >10% breakout,CURV,-0.010473487339092924
2026-07-17,fresh >10% breakout,ENTX,0.4566873048784632
2026-07-17,fresh >10% breakout,GPRE,-0.2078046816806649
2026-07-17,fresh >10% breakout,HELP,0.9096862600271118
2026-07-17,fresh >10% breakout,MAN,0.14096614107538885
2026-07-17,fresh >10% breakout,SNAL,-0.4371907287681698
2026-07-17,fresh >10% breakout,TDTH,-0.36368180248841975
2026-07-17,fresh >10% breakout,XNCR,0.43656637345109117
2026-07-17,fresh >10% breakout,ZNTL,-0.2826235829749887
