date,regime,horizon,signal,ic,ic_eligible,names,q5_q1
2026-04-17,RISK-ON,5,mom20,-0.07482402854248184,-0.08974792857580462,753,-0.005789758609659028
2026-04-17,RISK-ON,5,vol_ratio,0.08092196229138218,0.029564930211511322,753,0.006265578510317962
2026-04-17,RISK-ON,5,squeeze,0.1474574934728019,0.12656014007450145,753,0.011292976881775751
2026-04-17,RISK-ON,5,composite,0.054833902096998,,753,0.0003414338376954394
2026-04-17,RISK-ON,5,mom5,-0.09187241303288263,-0.09354933582444856,753,-0.029202139201027044
2026-04-17,RISK-ON,5,mom60_skip5,0.10764925638695076,0.06333440860605886,744,0.032755130973647746
2026-04-17,RISK-ON,5,mom60_riskadj,0.07253553222945643,0.041063543504743415,744,0.028381422153942445
2026-04-17,RISK-ON,5,vol_5_50,0.048488746372271324,-0.021727502349031428,747,0.0010338583065570956
2026-04-17,RISK-ON,5,squeeze_own,-0.008238080479228884,0.009872612677628376,744,0.003720876945182656
2026-04-17,RISK-ON,5,low_vol,0.15497382126849463,0.14610934015207275,753,0.010702416696887923
2026-04-17,RISK-ON,5,near_high,0.09664301435356794,0.06323054612296265,744,0.025383982001623426
2026-04-17,RISK-ON,5,vs_sma50,0.0345363721519637,-0.011241711994501436,747,0.03234236715139251
2026-04-17,RISK-ON,5,vs_sma20,-0.11962071169067336,-0.1077293135621762,753,-0.01870431463194396
2026-04-17,RISK-ON,10,mom20,-0.10549662529549299,-0.10034529569583706,753,-0.02839428190987784
2026-04-17,RISK-ON,10,vol_ratio,0.09739607191125113,0.07570800031030209,753,0.005576655172171638
2026-04-17,RISK-ON,10,squeeze,0.13926032524234633,0.1257633411965092,753,0.017875367748385204
2026-04-17,RISK-ON,10,composite,0.027246464302366463,,753,-0.010405542650179234
2026-04-17,RISK-ON,10,mom5,-0.03772968908405595,-0.03791419722924661,753,-0.013613049468403728
2026-04-17,RISK-ON,10,mom60_skip5,0.05238991290981049,0.027424513046120678,744,0.05291513885277974
2026-04-17,RISK-ON,10,mom60_riskadj,0.002631532652074055,-0.010043912412271403,744,0.02742616291093612
2026-04-17,RISK-ON,10,vol_5_50,0.07033551827165427,0.026248123665877306,747,-0.006452011130225817
2026-04-17,RISK-ON,10,squeeze_own,-0.023276149733717645,-0.011006286776967184,744,0.0005254870469141789
2026-04-17,RISK-ON,10,low_vol,0.15687980178385982,0.14920787717300624,753,0.01816976099024703
2026-04-17,RISK-ON,10,near_high,0.09248229491374522,0.07895954623204342,744,0.03349748322834914
2026-04-17,RISK-ON,10,vs_sma50,0.059633765461485334,0.026541816078041718,747,0.04478999746402512
2026-04-17,RISK-ON,10,vs_sma20,-0.10613552440762378,-0.0916453351574812,753,-0.037717694141851416
2026-04-17,RISK-ON,20,mom20,-0.046344465276284524,-0.04295706338294282,753,-0.02917716356857518
2026-04-17,RISK-ON,20,vol_ratio,0.12534071520988563,0.10582100889038895,753,0.04567063989235983
2026-04-17,RISK-ON,20,squeeze,0.08474771106819001,0.07007409010946782,753,-0.020266481124701842
2026-04-17,RISK-ON,20,composite,0.04207385853319145,,753,-0.017441789767022285
2026-04-17,RISK-ON,20,mom5,0.016119735314673818,0.01288846945093418,753,-0.0064669927487758915
2026-04-17,RISK-ON,20,mom60_skip5,0.09286132414175496,0.059962709940310104,744,0.04356015760188722
2026-04-17,RISK-ON,20,mom60_riskadj,0.08164668787837863,0.053458426511095856,744,0.05854782287056506
2026-04-17,RISK-ON,20,vol_5_50,0.1223584841632949,0.07766002697886927,747,0.04763921926614044
2026-04-17,RISK-ON,20,squeeze_own,-0.020997667207535427,-0.012365264990677038,744,-0.014742960184610757
2026-04-17,RISK-ON,20,low_vol,0.0745305092982451,0.0653559937092421,753,-0.03910533558444491
2026-04-17,RISK-ON,20,near_high,0.12414129258199695,0.09950668512678056,744,0.029536006114238338
2026-04-17,RISK-ON,20,vs_sma50,0.0810501123510272,0.06476739568457868,747,0.0711896414101153
2026-04-17,RISK-ON,20,vs_sma20,-0.03309685847581033,-0.02524520841725404,753,-0.012815671048136381
2026-04-17,RISK-ON,40,mom20,0.04842890902228223,0.02730932532073821,753,0.029766991309754742
2026-04-17,RISK-ON,40,vol_ratio,0.08503412337608567,0.07248233890239869,753,0.04012429018108288
2026-04-17,RISK-ON,40,squeeze,0.08296596673134461,0.0737623052258351,753,-0.025004302067466434
2026-04-17,RISK-ON,40,composite,0.09317441921268964,,753,0.016134440812044532
2026-04-17,RISK-ON,40,mom5,0.06656587645567068,0.06541085874255609,753,0.03477832211202389
2026-04-17,RISK-ON,40,mom60_skip5,-0.02467399451493137,-0.052805382455385956,744,-0.0267747570099992
2026-04-17,RISK-ON,40,mom60_riskadj,-0.034491233827788285,-0.06127226508542009,744,-0.03811300052061135
2026-04-17,RISK-ON,40,vol_5_50,0.06831447644252568,0.0282769222239947,747,0.01880796965347817
2026-04-17,RISK-ON,40,squeeze_own,-0.019765280015260275,-0.008625436185080175,744,-0.0638958134312845
2026-04-17,RISK-ON,40,low_vol,0.09558520879786633,0.08664456857868248,753,-0.04428782837697426
2026-04-17,RISK-ON,40,near_high,0.10092385904708344,0.07543801238573206,744,-0.00555374623754635
2026-04-17,RISK-ON,40,vs_sma50,0.11208199712645366,0.07935175463396887,747,0.09178677774597252
2026-04-17,RISK-ON,40,vs_sma20,0.07260525644336459,0.04895527685684438,753,0.03739091992592635
2026-04-17,RISK-ON,60,mom20,0.018459994540996016,-0.016390651788121654,753,0.012782830436225658
2026-04-17,RISK-ON,60,vol_ratio,0.0005085898329799336,-0.010501782217375251,753,0.03847335531733569
2026-04-17,RISK-ON,60,squeeze,0.14031479294961635,0.13793269910129397,753,0.08477445494749752
2026-04-17,RISK-ON,60,composite,0.06406250169074697,,753,0.06228314387494843
2026-04-17,RISK-ON,60,mom5,0.10890109568535944,0.07660756124688281,753,0.11928315043108291
2026-04-17,RISK-ON,60,mom60_skip5,0.0033927831499535556,-0.020176559359572126,744,-0.012164975326134031
2026-04-17,RISK-ON,60,mom60_riskadj,-0.04044035797544576,-0.06410083850259343,744,-0.06045440626141587
2026-04-17,RISK-ON,60,vol_5_50,0.038185588033094575,-0.018046244981569617,747,0.04338817377784977
2026-04-17,RISK-ON,60,squeeze_own,-0.050278794987457416,-0.01353332281398659,744,-0.06230990538902385
2026-04-17,RISK-ON,60,low_vol,0.19519512246175244,0.1828333324772425,753,0.08733952497172773
2026-04-17,RISK-ON,60,near_high,0.17459861736017981,0.13921010088932273,744,0.0629380474745
2026-04-17,RISK-ON,60,vs_sma50,0.13347474666968506,0.07886712345062796,747,0.10694323742310918
2026-04-17,RISK-ON,60,vs_sma20,0.04886076811932787,0.008780720084344149,753,0.047464144056150084
2026-04-24,RISK-ON,5,mom20,-0.02260114816833373,-0.003732304570407387,822,0.002940090762274675
2026-04-24,RISK-ON,5,vol_ratio,-0.03522297051326819,-0.03544723731476739,822,-0.0009555842666317416
2026-04-24,RISK-ON,5,squeeze,0.05013856524789521,0.03149349828847333,822,0.006778833343342699
2026-04-24,RISK-ON,5,composite,-0.035753343099987255,,822,2.270224602951565e-05
2026-04-24,RISK-ON,5,mom5,0.08056799228863723,0.055781399742364964,822,0.013451976704366127
2026-04-24,RISK-ON,5,mom60_skip5,-0.0033775764579560223,0.015002871160647203,810,-0.005161091527342244
2026-04-24,RISK-ON,5,mom60_riskadj,-0.0298258480872463,-0.006316672918786102,810,-0.015119208649633615
2026-04-24,RISK-ON,5,vol_5_50,-0.0007324936146801173,-0.006179086918877763,817,-0.006727849997517181
2026-04-24,RISK-ON,5,squeeze_own,-0.04111276508657783,-0.0379048750536035,809,-0.008737789173489918
2026-04-24,RISK-ON,5,low_vol,0.07843045113267647,0.06726443353521801,822,0.013397424770650545
2026-04-24,RISK-ON,5,near_high,0.09796646538923219,0.09268966343137644,811,0.013113722844159835
2026-04-24,RISK-ON,5,vs_sma50,0.07911083971452681,0.07606801623641035,817,0.016326267216665
2026-04-24,RISK-ON,5,vs_sma20,0.054144215788713576,0.050852976181831724,822,0.02332805995570372
2026-04-24,RISK-ON,10,mom20,0.08004345883179304,0.09648904379367693,822,0.04972038072419388
2026-04-24,RISK-ON,10,vol_ratio,0.03814893782339133,0.06513420762569315,822,0.035306623161997924
2026-04-24,RISK-ON,10,squeeze,-0.011414397836242093,-0.023762625819360856,822,0.0008140285357170545
2026-04-24,RISK-ON,10,composite,0.02901870874430475,,822,0.008372992224592611
2026-04-24,RISK-ON,10,mom5,-0.01975434538950856,0.0021090337719914943,822,0.006623126823803541
2026-04-24,RISK-ON,10,mom60_skip5,-0.03362798358835587,-0.016629972641099913,810,-0.007037009141717817
2026-04-24,RISK-ON,10,mom60_riskadj,-0.04493291159533781,-0.024342182418981295,810,-0.015619299976985685
2026-04-24,RISK-ON,10,vol_5_50,0.06998357264801447,0.08002212209064252,817,0.006647856791493552
2026-04-24,RISK-ON,10,squeeze_own,-0.024935657895945387,-0.031509170015023895,809,-0.011841185543572408
2026-04-24,RISK-ON,10,low_vol,0.018519101970161395,0.019396979845745576,822,0.0023756757208203026
2026-04-24,RISK-ON,10,near_high,0.03869307424574882,0.06322145053969132,811,0.016459565759428658
2026-04-24,RISK-ON,10,vs_sma50,0.04785906546100762,0.05937641149869982,817,0.02358421546913928
2026-04-24,RISK-ON,10,vs_sma20,0.10382098818630404,0.11385562577252636,822,0.057672788899053876
2026-04-24,RISK-ON,20,mom20,0.023005627817485823,0.06368297043698544,822,0.03592577352581791
2026-04-24,RISK-ON,20,vol_ratio,0.056370980825959316,0.08664272888121528,822,0.09065851984979596
2026-04-24,RISK-ON,20,squeeze,0.0016755039265838928,-0.03212216537168167,822,-0.025148128650260573
2026-04-24,RISK-ON,20,composite,0.01684516025105822,,822,-0.0025559486693129616
2026-04-24,RISK-ON,20,mom5,0.058297734335605124,0.09167228692294507,822,0.03622904468035843
2026-04-24,RISK-ON,20,mom60_skip5,0.008502980238758373,0.02810576939544735,810,-0.002568970245685927
2026-04-24,RISK-ON,20,mom60_riskadj,0.004422881903285648,0.01777868479701238,810,0.002791919019826206
2026-04-24,RISK-ON,20,vol_5_50,0.1072623331157636,0.12060927304148825,817,0.050815554473673405
2026-04-24,RISK-ON,20,squeeze_own,-0.04262992138966973,-0.07109003376878938,809,-0.0034938327107970277
2026-04-24,RISK-ON,20,low_vol,0.009181885533856994,-0.012760567118020654,822,-0.02712912736999963
2026-04-24,RISK-ON,20,near_high,0.07391733103676235,0.10849263222210966,811,0.009944353932507095
2026-04-24,RISK-ON,20,vs_sma50,0.06984534046896351,0.10916417649148964,817,0.0467672093003082
2026-04-24,RISK-ON,20,vs_sma20,0.09748110126603074,0.1281152383454304,822,0.07876705192142638
2026-04-24,RISK-ON,40,mom20,0.11630943669777848,0.11064216921777627,822,0.114468809789601
2026-04-24,RISK-ON,40,vol_ratio,0.11837793388391944,0.12679587044076238,822,0.11240886202686202
2026-04-24,RISK-ON,40,squeeze,0.016794274864537044,0.014880724893178413,822,-0.06342107422600918
2026-04-24,RISK-ON,40,composite,0.1295461182428113,,822,0.058241787303400905
2026-04-24,RISK-ON,40,mom5,0.04074988497160598,0.052018372300294505,822,0.037587382519957246
2026-04-24,RISK-ON,40,mom60_skip5,0.07982357968182725,0.08330182546919836,810,0.02936702250578787
2026-04-24,RISK-ON,40,mom60_riskadj,0.07303668476657871,0.07218713391442848,810,0.018238926728616593
2026-04-24,RISK-ON,40,vol_5_50,0.051532862142721146,0.056437371282018055,817,0.026618295405152165
2026-04-24,RISK-ON,40,squeeze_own,-0.0970045810380898,-0.0985092481011582,809,-0.10635415511574325
2026-04-24,RISK-ON,40,low_vol,0.08735402354899738,0.08773313979276007,822,-0.023379024682065253
2026-04-24,RISK-ON,40,near_high,0.1562667143657287,0.17390781500128716,811,0.01963912116565377
2026-04-24,RISK-ON,40,vs_sma50,0.1395632493327208,0.13465580565294827,817,0.07761199359043314
2026-04-24,RISK-ON,40,vs_sma20,0.14409644733680368,0.13464494293589324,822,0.10687888602994969
2026-04-24,RISK-ON,60,mom20,0.054296851527095714,0.022031650774711378,820,0.08048299508973543
2026-04-24,RISK-ON,60,vol_ratio,0.11501465003035431,0.10659898032211022,820,0.13775481381876636
2026-04-24,RISK-ON,60,squeeze,0.10522467555859044,0.12969291206347694,820,0.04636691597295398
2026-04-24,RISK-ON,60,composite,0.13539618082138266,,820,0.0914363838234098
2026-04-24,RISK-ON,60,mom5,0.09116760125836694,0.05919695362049546,820,0.0724191238724243
2026-04-24,RISK-ON,60,mom60_skip5,0.08003325338557175,0.071381978480459,808,0.0348016848959567
2026-04-24,RISK-ON,60,mom60_riskadj,0.05454971249999662,0.04318734004805701,808,0.005123753714299201
2026-04-24,RISK-ON,60,vol_5_50,0.00394172268356019,0.0005044102651648462,815,0.010346832608040405
2026-04-24,RISK-ON,60,squeeze_own,-0.06737195219899601,-0.041419134298817446,807,-0.08633200749258313
2026-04-24,RISK-ON,60,low_vol,0.18794287291528972,0.21284107128388513,820,0.08145476367147372
2026-04-24,RISK-ON,60,near_high,0.17873976273871822,0.17119802354020494,809,0.07079859174353136
2026-04-24,RISK-ON,60,vs_sma50,0.12694876973606686,0.08384986669931459,815,0.0849395622519501
2026-04-24,RISK-ON,60,vs_sma20,0.120251219116501,0.07194146128892652,820,0.09811063592216823
2026-05-01,RISK-ON,5,mom20,0.10308765033143868,0.10862333102121824,798,0.046155791034594995
2026-05-01,RISK-ON,5,vol_ratio,0.020361378810524192,0.039444561493716855,798,0.0006948618058071399
2026-05-01,RISK-ON,5,squeeze,-0.017313858353368686,-0.01712052259473224,798,-0.027793974463996503
2026-05-01,RISK-ON,5,composite,0.03534380182324825,,798,-0.0020684190015758377
2026-05-01,RISK-ON,5,mom5,-0.01330579927154862,-0.010231155738375701,798,0.0025894675685888737
2026-05-01,RISK-ON,5,mom60_skip5,0.010754738752580113,-0.005860486039825715,788,-0.0025026312971669447
2026-05-01,RISK-ON,5,mom60_riskadj,0.010315268569269028,-0.0004575253722064642,788,-0.0024858123218682833
2026-05-01,RISK-ON,5,vol_5_50,0.05617822513179727,0.054359813771114346,793,-0.002448973110057497
2026-05-01,RISK-ON,5,squeeze_own,-0.0004741226581922862,-0.009725167424818597,785,0.0004942269928786777
2026-05-01,RISK-ON,5,low_vol,0.015698504495950463,0.017101385326637197,798,-0.023858926390071936
2026-05-01,RISK-ON,5,near_high,0.028617955329036906,0.03742108565378737,790,0.010358822239878655
2026-05-01,RISK-ON,5,vs_sma50,0.02584842012202809,0.030151716791897282,793,0.011531867656171181
2026-05-01,RISK-ON,5,vs_sma20,0.035489670904125775,0.04710830579341251,798,0.010680168728634885
2026-05-01,RISK-ON,10,mom20,0.09380620645845537,0.10623948039728402,798,0.07102294556658037
2026-05-01,RISK-ON,10,vol_ratio,0.0016744832043265898,0.0221206224586779,798,0.009112438650996382
2026-05-01,RISK-ON,10,squeeze,-0.02956183088857866,-0.033154551366714344,798,-0.07860782860439297
2026-05-01,RISK-ON,10,composite,0.013270642409623707,,798,-0.018919831178821175
2026-05-01,RISK-ON,10,mom5,0.03480878908946869,0.03588376586254653,798,0.022815036508660784
2026-05-01,RISK-ON,10,mom60_skip5,0.12476774131465448,0.11483704752508565,788,0.030579791038240618
2026-05-01,RISK-ON,10,mom60_riskadj,0.12988576005402402,0.12277319964752155,788,0.019424292119626433
2026-05-01,RISK-ON,10,vol_5_50,0.08025386435072539,0.07422295451247604,793,0.03307843264284773
2026-05-01,RISK-ON,10,squeeze_own,-0.06850861933564646,-0.0870134097776602,785,-0.056558374344504087
2026-05-01,RISK-ON,10,low_vol,-0.013592926166838151,-0.007437428684443441,798,-0.06955418141835369
2026-05-01,RISK-ON,10,near_high,0.10008728655282387,0.10982770635641528,790,-0.00250552308995345
2026-05-01,RISK-ON,10,vs_sma50,0.08062716455251277,0.09571806036398943,793,0.02554816770198537
2026-05-01,RISK-ON,10,vs_sma20,0.09092636255255833,0.09301530267329107,798,0.028184381933871544
2026-05-01,RISK-ON,20,mom20,0.1451197192004908,0.14432240437318392,798,0.03872828080083987
2026-05-01,RISK-ON,20,vol_ratio,0.021182814571879045,0.06013124555149093,798,-0.10583383208899286
2026-05-01,RISK-ON,20,squeeze,-0.1490359350740937,-0.12518716921765083,798,-0.1979682397203359
2026-05-01,RISK-ON,20,composite,0.011688413582090188,,798,-0.12806450370164996
2026-05-01,RISK-ON,20,mom5,0.008310832451759974,0.031129898092799948,798,-0.08431440379527405
2026-05-01,RISK-ON,20,mom60_skip5,0.006808394547854648,-0.012609444640495448,788,-0.05099408529169152
2026-05-01,RISK-ON,20,mom60_riskadj,0.01018323577967393,-0.007406131767192408,788,-0.05260739572369443
2026-05-01,RISK-ON,20,vol_5_50,0.12287125654458328,0.1238745286134945,793,-0.014227903040953074
2026-05-01,RISK-ON,20,squeeze_own,-0.10051553825840014,-0.1054453840379471,785,-0.05982643641283282
2026-05-01,RISK-ON,20,low_vol,-0.11938106439689708,-0.1039057667817462,798,-0.2570167221886639
2026-05-01,RISK-ON,20,near_high,0.019810552306006618,0.036399899367254115,790,-0.13082968084609153
2026-05-01,RISK-ON,20,vs_sma50,0.09057118786738087,0.09739838971899917,793,0.022575116663649475
2026-05-01,RISK-ON,20,vs_sma20,0.10099626141695915,0.1071059379829455,798,-0.023075268562159024
2026-05-01,RISK-ON,40,mom20,0.1228306207838302,0.10854937843046777,798,0.14371357130990534
2026-05-01,RISK-ON,40,vol_ratio,0.09585615928770597,0.09601410045380372,798,0.06788008759665047
2026-05-01,RISK-ON,40,squeeze,-0.015250074834879914,0.0026550663827075074,798,-0.09205624401364759
2026-05-01,RISK-ON,40,composite,0.09907164997738727,,798,0.02572907084571176
2026-05-01,RISK-ON,40,mom5,0.009307783519075567,0.00673099933813485,798,0.022429146404957776
2026-05-01,RISK-ON,40,mom60_skip5,0.09402942804332118,0.06021743559638505,788,0.02541159073578208
2026-05-01,RISK-ON,40,mom60_riskadj,0.08137507462859338,0.05555968888716076,788,0.016500817391509943
2026-05-01,RISK-ON,40,vol_5_50,0.14251607688195347,0.11997814040595617,793,0.11005734196131453
2026-05-01,RISK-ON,40,squeeze_own,-0.104353692170469,-0.0998941187228544,785,-0.08111906232470928
2026-05-01,RISK-ON,40,low_vol,0.041718453840095676,0.04599358920868625,798,-0.06085770850263212
2026-05-01,RISK-ON,40,near_high,0.10215936594332983,0.09195572868624861,790,0.030500337304424845
2026-05-01,RISK-ON,40,vs_sma50,0.11271602546384511,0.09564701412874108,793,0.0750859033932663
2026-05-01,RISK-ON,40,vs_sma20,0.07774072545601164,0.07023085576698854,798,0.059719228008615996
2026-05-01,RISK-ON,60,mom20,0.055897992968632355,-0.004834381744749201,797,0.05776996633269189
2026-05-01,RISK-ON,60,vol_ratio,0.18384716063044546,0.14452933532212867,797,0.16924669185865418
2026-05-01,RISK-ON,60,squeeze,0.16712170884331073,0.20422667662319666,797,0.11862636400414864
2026-05-01,RISK-ON,60,composite,0.19814399046335116,,797,0.14323587678367913
2026-05-01,RISK-ON,60,mom5,0.09220172879595265,0.030446638943646527,797,0.08437948639690163
2026-05-01,RISK-ON,60,mom60_skip5,0.039610607698001614,-0.018478737030053687,787,-0.003595828075018584
2026-05-01,RISK-ON,60,mom60_riskadj,0.004936568840381024,-0.041415587978747836,787,-0.04649559974586885
2026-05-01,RISK-ON,60,vol_5_50,0.11622426678829335,0.06520103552260319,792,0.12340501878386478
2026-05-01,RISK-ON,60,squeeze_own,-0.05263835195651288,-0.00457862236612381,784,-0.03584747826452804
2026-05-01,RISK-ON,60,low_vol,0.2387898265013483,0.24906430309975475,797,0.14145093489406493
2026-05-01,RISK-ON,60,near_high,0.19179596161093276,0.1303946651160132,789,0.1507422207861094
2026-05-01,RISK-ON,60,vs_sma50,0.11623212922910621,0.04408746734522447,792,0.0812421326534557
2026-05-01,RISK-ON,60,vs_sma20,0.09261276269871077,0.02903555079535421,797,0.06651848691287653
2026-05-08,RISK-ON,5,mom20,-0.024289459199154748,0.0051352267542801,760,-0.04427225088614825
2026-05-08,RISK-ON,5,vol_ratio,-0.022854255819129893,-0.0160570990707308,760,-0.011249137964143271
2026-05-08,RISK-ON,5,squeeze,0.07038324979657187,0.016691455717285326,760,-0.029096557700990778
2026-05-08,RISK-ON,5,composite,0.0039218473249686666,,760,-0.046126693953659696
2026-05-08,RISK-ON,5,mom5,-0.055725485812609485,-0.005923558942520613,760,-0.05621311391590797
2026-05-08,RISK-ON,5,mom60_skip5,0.08760249642501881,0.12555836683555388,752,-0.010485332049511058
2026-05-08,RISK-ON,5,mom60_riskadj,0.09856299807016752,0.13092470018774713,752,0.000986351030335949
2026-05-08,RISK-ON,5,vol_5_50,-0.04133582895259757,-0.02639904340224371,754,0.03363777734276353
2026-05-08,RISK-ON,5,squeeze_own,0.008828212428518603,-0.04142408164842485,747,-0.026448016795268682
2026-05-08,RISK-ON,5,low_vol,0.09282519044242601,0.04351666237592404,760,-0.03143620340417995
2026-05-08,RISK-ON,5,near_high,0.11243136882094279,0.12064189620859876,752,-0.018369273824542672
2026-05-08,RISK-ON,5,vs_sma50,0.019236745054287813,0.04632065919236053,754,-0.017591142388574052
2026-05-08,RISK-ON,5,vs_sma20,0.02769975869530877,0.050349137692095876,760,-0.028077786557359204
2026-05-08,RISK-ON,10,mom20,0.002834907838295617,0.04056241338593915,760,-0.04078179814580013
2026-05-08,RISK-ON,10,vol_ratio,0.057357167886548655,0.05981594038229526,760,0.025906226803703747
2026-05-08,RISK-ON,10,squeeze,0.018788841352255295,-0.024011022031764823,760,-0.03601761691322394
2026-05-08,RISK-ON,10,composite,0.02723747026533524,,760,-0.030733823169412824
2026-05-08,RISK-ON,10,mom5,-0.05156363047938326,0.009911608524237602,760,-0.05708710856484249
2026-05-08,RISK-ON,10,mom60_skip5,0.06672397209585877,0.08103940821015214,752,-0.012728719528717786
2026-05-08,RISK-ON,10,mom60_riskadj,0.07198825182273828,0.08857973933355612,752,0.005047995561302679
2026-05-08,RISK-ON,10,vol_5_50,0.10559414291874583,0.11799911303613204,754,0.08509940254965803
2026-05-08,RISK-ON,10,squeeze_own,-0.07032657210835072,-0.09818247088990463,747,-0.05313289741553792
2026-05-08,RISK-ON,10,low_vol,0.04878195763648057,0.004757481795707464,760,-0.05154312181467255
2026-05-08,RISK-ON,10,near_high,0.09610348692233117,0.10106029096430187,752,0.006316783123574589
2026-05-08,RISK-ON,10,vs_sma50,0.014747037534598205,0.05174994706184273,754,-0.004368062442225543
2026-05-08,RISK-ON,10,vs_sma20,-0.004293755815221439,0.04933566260062938,760,-0.02885435531043322
2026-05-08,RISK-ON,20,mom20,0.055475594318201184,0.08389053012476182,760,-0.046531623236630744
2026-05-08,RISK-ON,20,vol_ratio,0.08380134780595958,0.07823057187372419,760,-0.003251226425294927
2026-05-08,RISK-ON,20,squeeze,0.09014391102046936,0.022806728420540105,760,-0.04077737508668365
2026-05-08,RISK-ON,20,composite,0.11979592036039559,,760,-0.03785169316588457
2026-05-08,RISK-ON,20,mom5,0.007823045884873763,0.06452612185797502,760,-0.03738036353785159
2026-05-08,RISK-ON,20,mom60_skip5,0.05357291896843006,0.05602120892786433,752,-0.06011904399819422
2026-05-08,RISK-ON,20,mom60_riskadj,0.061348401448889256,0.0678730546154723,752,0.006739508124893524
2026-05-08,RISK-ON,20,vol_5_50,0.1360589192172807,0.1319546433072119,754,0.05653624841690484
2026-05-08,RISK-ON,20,squeeze_own,-0.03573743867321619,-0.06759480591655365,747,-0.03414154617329454
2026-05-08,RISK-ON,20,low_vol,0.11292357565879602,0.0549242216600362,760,-0.06292802685304501
2026-05-08,RISK-ON,20,near_high,0.1913418534273134,0.17780718142496543,752,0.005338626319039832
2026-05-08,RISK-ON,20,vs_sma50,0.07647232029386314,0.10022549783561809,754,-0.012831467222969697
2026-05-08,RISK-ON,20,vs_sma20,0.07247940542573761,0.10154542145137431,760,0.008577154083047987
2026-05-08,RISK-ON,40,mom20,0.013618008085572708,0.030467471248515964,760,-0.03584957030208741
2026-05-08,RISK-ON,40,vol_ratio,0.10349483916884958,0.1014349784632314,760,0.0875994548041128
2026-05-08,RISK-ON,40,squeeze,0.11829442163822186,0.07847678881007356,760,0.05611131655091
2026-05-08,RISK-ON,40,composite,0.1001151832948802,,760,0.01940227091717116
2026-05-08,RISK-ON,40,mom5,-0.006458615748624877,0.03916475988469201,760,-0.0691505725184647
2026-05-08,RISK-ON,40,mom60_skip5,0.04341252117137149,0.030896926601382935,752,-0.03099180744461851
2026-05-08,RISK-ON,40,mom60_riskadj,0.05324234109187801,0.04708925063982517,752,0.008636475072100611
2026-05-08,RISK-ON,40,vol_5_50,0.13571536968952574,0.12858639332250818,754,0.1316886009769912
2026-05-08,RISK-ON,40,squeeze_own,-0.036055018602964256,-0.0447502728725246,747,-0.05226050578430658
2026-05-08,RISK-ON,40,low_vol,0.14846832061058804,0.11997701066297779,760,0.01099928541483865
2026-05-08,RISK-ON,40,near_high,0.15470901815693242,0.16400845002620137,752,0.06523954473224328
2026-05-08,RISK-ON,40,vs_sma50,0.0358071234645639,0.03690342953811524,754,0.01512066995448184
2026-05-08,RISK-ON,40,vs_sma20,0.05722924835151635,0.07293170887588986,760,0.012239640863314494
2026-05-08,RISK-ON,60,mom20,0.0045196723129770616,0.00295004031948928,758,-0.02641761243451749
2026-05-08,RISK-ON,60,vol_ratio,0.1350336716041877,0.12887307166608886,758,0.11003863396779759
2026-05-08,RISK-ON,60,squeeze,0.1666984758596536,0.14553007714091415,758,0.10667890573163624
2026-05-08,RISK-ON,60,composite,0.1375816740869156,,758,0.04841714482038398
2026-05-08,RISK-ON,60,mom5,0.019193388817434372,0.039985453326313265,758,-0.041614133637674605
2026-05-08,RISK-ON,60,mom60_skip5,-0.017834300530332685,-0.03463551152578892,750,-0.0978954625738525
2026-05-08,RISK-ON,60,mom60_riskadj,-0.020275805223131847,-0.0348851799147897,750,-0.055265215875302226
2026-05-08,RISK-ON,60,vol_5_50,0.13930109899595527,0.1288312905077431,752,0.16041405027405944
2026-05-08,RISK-ON,60,squeeze_own,-0.01913461256552673,-0.016665267082230605,745,-0.06840578543021898
2026-05-08,RISK-ON,60,low_vol,0.19628848540668226,0.18383484467883815,758,0.05068887983986725
2026-05-08,RISK-ON,60,near_high,0.13275330456058845,0.1467697464897323,750,0.048796351312723384
2026-05-08,RISK-ON,60,vs_sma50,0.01815123856044247,0.005365263581691628,752,0.008213305376067341
2026-05-08,RISK-ON,60,vs_sma20,0.05573478970598903,0.038896463054162875,758,0.0381134817448453
2026-05-15,RISK-ON,5,mom20,-0.07006678239761877,-0.054922558154761485,827,-0.01779015608678889
2026-05-15,RISK-ON,5,vol_ratio,0.026946694150096547,0.0437794195142284,827,-0.0123435219874388
2026-05-15,RISK-ON,5,squeeze,-0.021059588795334917,-0.006136609485830923,827,-0.015474874482470799
2026-05-15,RISK-ON,5,composite,-0.06917700113899264,,827,-0.03170749579355058
2026-05-15,RISK-ON,5,mom5,-0.07676029671401334,-0.06381551083355894,827,-0.036623084413742873
2026-05-15,RISK-ON,5,mom60_skip5,-0.047707220444709326,-0.036975781905318396,819,0.0038848060262320454
2026-05-15,RISK-ON,5,mom60_riskadj,-0.06207083746815345,-0.04740681191679315,819,0.00420960034971957
2026-05-15,RISK-ON,5,vol_5_50,0.11632417897381629,0.09962799168908823,821,0.014143552662768066
2026-05-15,RISK-ON,5,squeeze_own,-0.10534836026181936,-0.09320254017088363,814,-0.027351006115232543
2026-05-15,RISK-ON,5,low_vol,0.024157112246857685,0.029623532373857297,827,-0.02764102582542263
2026-05-15,RISK-ON,5,near_high,-0.027846169348690903,0.0022178827795972557,819,-0.008003676495898154
2026-05-15,RISK-ON,5,vs_sma50,-0.06450002674820102,-0.04776481592726657,821,-0.013266773475329015
2026-05-15,RISK-ON,5,vs_sma20,-0.0840691247042384,-0.06846426894877085,827,-0.01584215951217126
2026-05-15,RISK-ON,10,mom20,-0.052198170419449096,-0.037488622614463,827,-0.02449575352885787
2026-05-15,RISK-ON,10,vol_ratio,0.0011242937832430715,0.012355599570604735,827,-0.023689373430641196
2026-05-15,RISK-ON,10,squeeze,-0.06613540828415576,-0.05243321497882423,827,-0.057592146397541344
2026-05-15,RISK-ON,10,composite,-0.08530785169932231,,827,-0.058323430423792955
2026-05-15,RISK-ON,10,mom5,-0.1736119359249984,-0.1287586566472634,827,-0.08925553384422447
2026-05-15,RISK-ON,10,mom60_skip5,0.017546847281963696,0.007989299840895928,819,-0.004112109924368557
2026-05-15,RISK-ON,10,mom60_riskadj,0.0047419728501578605,0.0007433373275096938,819,0.016522656466156985
2026-05-15,RISK-ON,10,vol_5_50,0.12637597591169125,0.1093941383475006,821,0.030076726539287293
2026-05-15,RISK-ON,10,squeeze_own,-0.05106194909161323,-0.04198281387320206,814,-0.017571337787636615
2026-05-15,RISK-ON,10,low_vol,-0.0708673288728943,-0.06176936188727288,827,-0.08205925815597713
2026-05-15,RISK-ON,10,near_high,-0.038034811306550766,-0.004383018085829478,819,-0.027522208102234248
2026-05-15,RISK-ON,10,vs_sma50,-0.011275672385645096,0.0017214891198273803,821,-0.013441918170875242
2026-05-15,RISK-ON,10,vs_sma20,-0.06636691828581164,-0.04009766122134987,827,-0.016390897342980756
2026-05-15,RISK-ON,20,mom20,0.0021212601660403167,-0.008499416386465718,827,-0.18024753785011557
2026-05-15,RISK-ON,20,vol_ratio,0.03529603739210696,0.03045487863296404,827,-0.15922531099727524
2026-05-15,RISK-ON,20,squeeze,0.03534425097925274,0.04327605359271392,827,-0.1675777309320186
2026-05-15,RISK-ON,20,composite,0.02363415529077908,,827,-0.1863828425579255
2026-05-15,RISK-ON,20,mom5,-0.06315979620486685,-0.0529631205121695,827,-0.018376336851126534
2026-05-15,RISK-ON,20,mom60_skip5,-0.02638652753173,-0.031263256755271446,819,-0.19501061896355232
2026-05-15,RISK-ON,20,mom60_riskadj,-0.025145476489949695,-0.02653659680598144,819,-0.17329217284859746
2026-05-15,RISK-ON,20,vol_5_50,0.0935841633412757,0.06961595866072288,821,-0.11293997425556372
2026-05-15,RISK-ON,20,squeeze_own,-0.0454611475681627,-0.03137419342268163,814,-0.1801472808965805
2026-05-15,RISK-ON,20,low_vol,0.06382502997504101,0.06530316257202658,827,-0.17260814014948533
2026-05-15,RISK-ON,20,near_high,0.05735094754216594,0.07268643533732237,819,-0.14588895859601747
2026-05-15,RISK-ON,20,vs_sma50,0.02738633818584474,0.02064170097224958,821,-0.15745285436805423
2026-05-15,RISK-ON,20,vs_sma20,-0.005106948636061235,-0.006826728767265906,827,-0.1641432979981789
2026-05-15,RISK-ON,40,mom20,-0.01566812850864484,-0.05988003895316185,827,-0.1517124440357964
2026-05-15,RISK-ON,40,vol_ratio,0.043549488134982745,0.026266341011390658,827,-0.10702261567316478
2026-05-15,RISK-ON,40,squeeze,0.0520864618782278,0.09073816322233108,827,-0.13034618474430243
2026-05-15,RISK-ON,40,composite,0.005948537050495116,,827,-0.1561198037018066
2026-05-15,RISK-ON,40,mom5,-0.048176103006120664,-0.07953783904224261,827,-0.028623993998354927
2026-05-15,RISK-ON,40,mom60_skip5,-0.0030254570926920056,-0.04000181922521585,819,-0.1748014819985344
2026-05-15,RISK-ON,40,mom60_riskadj,-0.00545235843300686,-0.035023574119913074,819,-0.18455806780188577
2026-05-15,RISK-ON,40,vol_5_50,0.045716582057037776,0.001046728674140558,821,-0.06593299984622109
2026-05-15,RISK-ON,40,squeeze_own,-0.0976379394730538,-0.06183320640987141,814,-0.27370329331021526
2026-05-15,RISK-ON,40,low_vol,0.14090630723720626,0.167257047690664,827,-0.08062916811296256
2026-05-15,RISK-ON,40,near_high,0.05466881232772058,0.047155095548440565,819,-0.1157543031277348
2026-05-15,RISK-ON,40,vs_sma50,-0.028466798728730924,-0.06529158753993204,821,-0.17459957248272054
2026-05-15,RISK-ON,40,vs_sma20,-0.03216718179074141,-0.06531457145799659,827,-0.15733802173083
2026-05-15,RISK-ON,60,mom20,-0.029489662099195645,-0.08700219930949935,825,-0.006036630756043382
2026-05-15,RISK-ON,60,vol_ratio,0.06940663785285522,0.05291681188295438,825,0.03796016408606085
2026-05-15,RISK-ON,60,squeeze,0.05439790621203267,0.10849345527199893,825,0.020224256687473935
2026-05-15,RISK-ON,60,composite,0.007211779704642299,,825,-0.017105195251882824
2026-05-15,RISK-ON,60,mom5,-0.044175418850481415,-0.07637726589830078,825,-0.046915420634466916
2026-05-15,RISK-ON,60,mom60_skip5,-0.032568961710615144,-0.07753211361729156,817,-0.02767436467308259
2026-05-15,RISK-ON,60,mom60_riskadj,-0.0396356663608948,-0.07700358831875548,817,-0.03730003262250345
2026-05-15,RISK-ON,60,vol_5_50,0.06699160236818315,0.027942417813321012,819,0.09779515808875439
2026-05-15,RISK-ON,60,squeeze_own,-0.10135514952971808,-0.05535452400546204,812,-0.16045410738287152
2026-05-15,RISK-ON,60,low_vol,0.13014736601650484,0.17598338232756225,825,0.06977164097415763
2026-05-15,RISK-ON,60,near_high,0.037666001311888436,0.03325639516647216,817,0.014105655989571073
2026-05-15,RISK-ON,60,vs_sma50,-0.03689414453921646,-0.08918935952263693,819,-0.03726386581853021
2026-05-15,RISK-ON,60,vs_sma20,-0.020365143150285783,-0.07244606207025236,825,-0.005478910381745958
2026-05-22,RISK-ON,5,mom20,0.06240551302606505,0.02555644360929882,840,0.027816593913855547
2026-05-22,RISK-ON,5,vol_ratio,0.07385989477891401,0.06875587919430085,840,0.032778268479393975
2026-05-22,RISK-ON,5,squeeze,-0.07897570329322409,-0.0465664187091074,840,-0.03847744564447964
2026-05-22,RISK-ON,5,composite,0.02366655848257357,,840,-0.013608867881290038
2026-05-22,RISK-ON,5,mom5,0.08263894533606497,0.03574098815815773,840,0.019380172871694967
2026-05-22,RISK-ON,5,mom60_skip5,0.050112210840175184,-0.007111711173789957,831,0.005518786392424091
2026-05-22,RISK-ON,5,mom60_riskadj,0.04712912220712116,0.0045257991578451055,831,0.019096812814309094
2026-05-22,RISK-ON,5,vol_5_50,0.031161380928044005,0.03450432514726569,833,-1.2525107439584349e-05
2026-05-22,RISK-ON,5,squeeze_own,-0.023323255507188306,0.010470778066149659,827,-0.009703942677791299
2026-05-22,RISK-ON,5,low_vol,-0.11472850927713521,-0.0710180412432394,840,-0.06611029746925953
2026-05-22,RISK-ON,5,near_high,0.019183192266511228,0.003630110852352963,832,-0.021848680723532438
2026-05-22,RISK-ON,5,vs_sma50,0.09768568079031986,0.04699583297488938,833,0.03544316994644608
2026-05-22,RISK-ON,5,vs_sma20,0.046858868021474674,0.015788422195569814,840,-0.0016781636536500819
2026-05-22,RISK-ON,10,mom20,0.1090159264559478,0.02907350865098597,840,-0.13920498085088187
2026-05-22,RISK-ON,10,vol_ratio,-0.0046731524500583516,-0.015718993534146727,840,-0.18400921459211456
2026-05-22,RISK-ON,10,squeeze,0.060957604690289054,0.09580118053864388,840,-0.194465036644995
2026-05-22,RISK-ON,10,composite,0.09463971119523995,,840,-0.16595288480781373
2026-05-22,RISK-ON,10,mom5,0.01592323666814258,-0.04150066205765922,840,-0.16551419922401833
2026-05-22,RISK-ON,10,mom60_skip5,0.09653642601260431,0.016478010672766948,831,-0.15750364868930852
2026-05-22,RISK-ON,10,mom60_riskadj,0.07703711773101352,0.014963610850965668,831,-0.1402907225742085
2026-05-22,RISK-ON,10,vol_5_50,-0.006666772132215289,-0.024870608868922072,833,-0.1824350737554153
2026-05-22,RISK-ON,10,squeeze_own,-0.006647478974534646,0.04061057323367793,827,-0.008327248044154467
2026-05-22,RISK-ON,10,low_vol,0.07418729733276674,0.11240966084622227,840,-0.20372668745125277
2026-05-22,RISK-ON,10,near_high,0.1964703637470294,0.13721839315844522,832,-0.16639124341448377
2026-05-22,RISK-ON,10,vs_sma50,0.15276729350572268,0.060637965769570666,833,-0.15077796678196143
2026-05-22,RISK-ON,10,vs_sma20,0.10974426265539874,0.0319176175004833,840,-0.18318530224677493
2026-05-22,RISK-ON,20,mom20,0.10108293122325758,0.04100365665971033,840,-0.1715001958687753
2026-05-22,RISK-ON,20,vol_ratio,-0.037897408279502214,-0.0454898701476973,840,-0.19427066379000907
2026-05-22,RISK-ON,20,squeeze,0.052432726823638635,0.07028186206439403,840,-0.20311019979538153
2026-05-22,RISK-ON,20,composite,0.06034542524298417,,840,-0.20333052677242963
2026-05-22,RISK-ON,20,mom5,0.07028769019854593,-0.003623489846094914,840,-0.16231820265370894
2026-05-22,RISK-ON,20,mom60_skip5,0.05880509280088549,0.010635002871971597,831,-0.17519020694964715
2026-05-22,RISK-ON,20,mom60_riskadj,0.04832774158104154,0.00881976184402904,831,-0.14098297618574546
2026-05-22,RISK-ON,20,vol_5_50,0.013306313100562248,0.0013705763201781467,833,-0.19258735444904704
2026-05-22,RISK-ON,20,squeeze_own,-0.028095000959822224,-0.009404251347423597,827,-0.0308405532442735
2026-05-22,RISK-ON,20,low_vol,0.07738926828084575,0.10215476021459358,840,-0.21514738574324763
2026-05-22,RISK-ON,20,near_high,0.15982873560831373,0.1138123078973577,832,-0.1257360773962392
2026-05-22,RISK-ON,20,vs_sma50,0.11923823023567522,0.05168820689710578,833,-0.1602876453053021
2026-05-22,RISK-ON,20,vs_sma20,0.08601928656319727,0.028467772786518252,840,-0.20265637589340058
2026-05-22,RISK-ON,40,mom20,0.06925332367699163,-0.05455919907238281,838,-0.14916765265895432
2026-05-22,RISK-ON,40,vol_ratio,-0.03714140787312993,-0.07078375983231355,838,-0.19426630268263156
2026-05-22,RISK-ON,40,squeeze,0.07153349713815328,0.14622535557952526,838,-0.1345606151928344
2026-05-22,RISK-ON,40,composite,0.04594362158654118,,838,-0.16693076658041442
2026-05-22,RISK-ON,40,mom5,0.007345022463338863,-0.08913276311930639,838,-0.17367934769382118
2026-05-22,RISK-ON,40,mom60_skip5,0.011705004561277672,-0.07721555063897836,829,-0.1994174745419849
2026-05-22,RISK-ON,40,mom60_riskadj,-0.015352983922399453,-0.0924531498512757,829,-0.1856144261640833
2026-05-22,RISK-ON,40,vol_5_50,0.04156713309204152,-0.019067918152052936,831,-0.12900233996821606
2026-05-22,RISK-ON,40,squeeze_own,-0.06946996269450045,-0.0011150234360670528,825,-0.0791585281996625
2026-05-22,RISK-ON,40,low_vol,0.13699443745063114,0.21825601603141231,838,-0.11810477706416511
2026-05-22,RISK-ON,40,near_high,0.16714564904820442,0.09321897278218921,830,-0.08886182401745044
2026-05-22,RISK-ON,40,vs_sma50,0.059566724581434895,-0.0704064630270253,831,-0.15135711598784002
2026-05-22,RISK-ON,40,vs_sma20,0.0679148978055283,-0.060532352644353214,838,-0.17319201355904235
2026-05-22,RISK-ON,60,mom20,0.05424379230883076,-0.07811422890307491,838,0.020114905243615033
2026-05-22,RISK-ON,60,vol_ratio,0.020943968008787638,-0.02559915113012722,838,0.02825817475082388
2026-05-22,RISK-ON,60,squeeze,0.05284081859190491,0.15324320094039293,838,0.050431885943174534
2026-05-22,RISK-ON,60,composite,0.048315215377363996,,838,0.01201202125368997
2026-05-22,RISK-ON,60,mom5,0.03829165551509109,-0.06778267210935035,838,0.020134385743768413
2026-05-22,RISK-ON,60,mom60_skip5,-0.02996397605701398,-0.11193523812644922,829,-0.056363846055743835
2026-05-22,RISK-ON,60,mom60_riskadj,-0.060419264853044774,-0.1337112997534218,829,-0.08467600126163027
2026-05-22,RISK-ON,60,vol_5_50,0.09484286570972525,0.017078920616665685,831,0.12296945673838372
2026-05-22,RISK-ON,60,squeeze_own,-0.0914193441429868,-0.004467804319397796,825,-0.13943368016820049
2026-05-22,RISK-ON,60,low_vol,0.11585892788223141,0.2209806003320776,838,0.029827305914586037
2026-05-22,RISK-ON,60,near_high,0.1103185502187935,0.04921440239852271,830,0.06706991737848311
2026-05-22,RISK-ON,60,vs_sma50,0.040408017121667285,-0.09586331946582749,831,0.04023900446714028
2026-05-22,RISK-ON,60,vs_sma20,0.0636128486791193,-0.07225274434296271,838,0.017039104230652455
2026-05-29,RISK-ON,5,mom20,-0.03618697038042838,-0.1092549851946431,807,-0.02568442992339518
2026-05-29,RISK-ON,5,vol_ratio,0.13740084784216686,0.08930182123677279,807,0.026486271770598133
2026-05-29,RISK-ON,5,squeeze,0.19223047994341885,0.22749857867147072,807,0.04522438867599905
2026-05-29,RISK-ON,5,composite,0.13193749277052572,,807,0.021223594959439707
2026-05-29,RISK-ON,5,mom5,-0.09924539952499821,-0.12402358326669109,807,-0.01589265660689069
2026-05-29,RISK-ON,5,mom60_skip5,0.09096229221319216,0.014540354821820681,797,0.008536410118149651
2026-05-29,RISK-ON,5,mom60_riskadj,0.09243261384843503,0.026120661686660274,797,0.009206213322580752
2026-05-29,RISK-ON,5,vol_5_50,-0.008935757368611132,-0.09684407020971045,798,-0.005167921621161559
2026-05-29,RISK-ON,5,squeeze_own,7.083151268853136e-05,0.07357169259715118,793,0.0009969118002041352
2026-05-29,RISK-ON,5,low_vol,0.23952750623667832,0.2696729082701827,805,0.04631457540904947
2026-05-29,RISK-ON,5,near_high,0.224477457069931,0.16492484250208653,797,0.042714083748867857
2026-05-29,RISK-ON,5,vs_sma50,0.018594865106178613,-0.06885328186852956,798,-0.002609958714884786
2026-05-29,RISK-ON,5,vs_sma20,-0.013201935754187257,-0.09805347464119395,807,-0.013420651743269452
2026-05-29,RISK-ON,10,mom20,0.004182750816221161,-0.10775917484429529,807,-0.2071037114758649
2026-05-29,RISK-ON,10,vol_ratio,0.0742753474898555,0.03174540532940503,807,-0.16356983285899596
2026-05-29,RISK-ON,10,squeeze,0.15067615397125309,0.2117009598870708,807,-0.1316777108479626
2026-05-29,RISK-ON,10,composite,0.11281618680152122,,807,-0.1590032127063217
2026-05-29,RISK-ON,10,mom5,-0.08727741202975402,-0.13586319345772702,807,-0.20568269649125273
2026-05-29,RISK-ON,10,mom60_skip5,0.10654440080882528,0.02855620801793407,797,-0.1636572298206601
2026-05-29,RISK-ON,10,mom60_riskadj,0.11003246923902207,0.036097645306676,797,-0.1694555438638967
2026-05-29,RISK-ON,10,vol_5_50,-0.011620219180429478,-0.09277382351243191,798,-0.19678650054813285
2026-05-29,RISK-ON,10,squeeze_own,0.009130779034784077,0.08524821290282748,793,0.18897584776991738
2026-05-29,RISK-ON,10,low_vol,0.1817610389789055,0.2388706473633783,805,-0.13360544311122136
2026-05-29,RISK-ON,10,near_high,0.21651319396103227,0.15081838694039784,797,-0.1355476126030136
2026-05-29,RISK-ON,10,vs_sma50,0.05653894546616069,-0.06935455827650105,798,-0.173315577827074
2026-05-29,RISK-ON,10,vs_sma20,-0.014033954485666147,-0.12681796456188216,807,-0.1915804705457225
2026-05-29,RISK-ON,20,mom20,0.04901738404025438,-0.03273545574747688,807,-0.2078350811332746
2026-05-29,RISK-ON,20,vol_ratio,0.1002057667878452,0.06126884733430598,807,-0.1413368097972863
2026-05-29,RISK-ON,20,squeeze,0.09854764063912845,0.14373456548289354,807,-0.118851989307529
2026-05-29,RISK-ON,20,composite,0.12513042663076385,,807,-0.1450019118004649
2026-05-29,RISK-ON,20,mom5,0.042377174140091504,-0.017543500311862876,807,-0.13058863976136403
2026-05-29,RISK-ON,20,mom60_skip5,0.04127613620015165,0.016089777615050507,797,-0.1981543587567755
2026-05-29,RISK-ON,20,mom60_riskadj,0.049716667946837025,0.02595409576156207,797,-0.1888003756370311
2026-05-29,RISK-ON,20,vol_5_50,0.001176199775013332,-0.07492537670466255,798,-0.19014732332000556
2026-05-29,RISK-ON,20,squeeze_own,0.009822104170526638,0.06031385545076549,793,0.18405841734823522
2026-05-29,RISK-ON,20,low_vol,0.12362252480259624,0.16886233032434103,805,-0.1162108904602634
2026-05-29,RISK-ON,20,near_high,0.1534911045207787,0.12714083927311592,797,-0.12832618617029334
2026-05-29,RISK-ON,20,vs_sma50,0.06591075560297711,-0.024743034880217722,798,-0.16856034431992442
2026-05-29,RISK-ON,20,vs_sma20,0.07773794056005921,-0.020527507582259696,807,-0.14358048328892717
2026-05-29,RISK-ON,40,mom20,0.017495489498208082,-0.13438852375418803,805,-0.21491408774874435
2026-05-29,RISK-ON,40,vol_ratio,0.1227141697921596,0.09736211541867722,805,-0.10848343796013757
2026-05-29,RISK-ON,40,squeeze,0.15323096012104773,0.2568967980446681,805,-0.05909739877943925
2026-05-29,RISK-ON,40,composite,0.13595058819727582,,805,-0.09564905076401829
2026-05-29,RISK-ON,40,mom5,0.044298908234406194,-0.05618904116002932,805,-0.12706647864429713
2026-05-29,RISK-ON,40,mom60_skip5,-0.011749983770320067,-0.0964086457626177,795,-0.2151519555228897
2026-05-29,RISK-ON,40,mom60_riskadj,-0.017656996173640627,-0.09692530425450781,795,-0.22564958118067702
2026-05-29,RISK-ON,40,vol_5_50,-0.004527050420582888,-0.09762936017944888,796,-0.21937759278938612
2026-05-29,RISK-ON,40,squeeze_own,-0.058663476642576824,0.04524791642117875,791,0.1504974327215231
2026-05-29,RISK-ON,40,low_vol,0.21550301107039266,0.3099498093716364,803,-0.03765709715900781
2026-05-29,RISK-ON,40,near_high,0.20152289777250337,0.131693951946818,795,-0.050356227611559744
2026-05-29,RISK-ON,40,vs_sma50,0.016637173799189203,-0.14072329829367058,796,-0.19198211233210857
2026-05-29,RISK-ON,40,vs_sma20,0.08116431667221619,-0.09346746089718508,805,-0.12410861208361745
2026-05-29,RISK-ON,60,mom20,0.012047010906020788,-0.107811879344206,806,-0.03692564055752086
2026-05-29,RISK-ON,60,vol_ratio,0.10044850190906407,0.09640895928502276,806,0.03613048639416753
2026-05-29,RISK-ON,60,squeeze,0.12144263154244145,0.21155598975632223,806,0.1256047442534442
2026-05-29,RISK-ON,60,composite,0.10205077408532741,,806,0.043557435442198755
2026-05-29,RISK-ON,60,mom5,0.06464887094602895,-0.006004642387765753,806,0.07350572844676229
2026-05-29,RISK-ON,60,mom60_skip5,-0.04492356065318808,-0.11024546335788517,796,-0.04797614816251502
2026-05-29,RISK-ON,60,mom60_riskadj,-0.05902220220256137,-0.11577500469626886,796,-0.085324218759764
2026-05-29,RISK-ON,60,vol_5_50,0.01626556230614783,-0.06461667343481586,797,-0.01392646332168277
2026-05-29,RISK-ON,60,squeeze_own,-0.05381989386936614,0.03489023900455753,792,-0.04394685002899489
2026-05-29,RISK-ON,60,low_vol,0.1665097583909639,0.25668704251575447,804,0.11510457015497622
2026-05-29,RISK-ON,60,near_high,0.1359600898348454,0.09896338142019365,796,0.10636616932476983
2026-05-29,RISK-ON,60,vs_sma50,-0.005500967481651414,-0.1254141748582617,797,0.015516900108162975
2026-05-29,RISK-ON,60,vs_sma20,0.049375293586798694,-0.08320778316971526,806,0.054867550005438796
2026-06-05,RISK-ON,5,mom20,-0.008326434394801427,-0.05447806334436614,867,0.006189658926707465
2026-06-05,RISK-ON,5,vol_ratio,-0.003548677685480805,0.010297296014170105,867,-0.008424826221927445
2026-06-05,RISK-ON,5,squeeze,0.08322790918043169,0.1296020750383046,867,0.011520836876777945
2026-06-05,RISK-ON,5,composite,0.034947562482756975,,867,0.007513643398020797
2026-06-05,RISK-ON,5,mom5,0.10552170558860363,0.08461537785087253,867,0.011339678956040787
2026-06-05,RISK-ON,5,mom60_skip5,0.053247027460454156,0.032962750317069266,854,0.00791200286812036
2026-06-05,RISK-ON,5,mom60_riskadj,0.06147761708523051,0.05021644111939555,854,0.004902193878162469
2026-06-05,RISK-ON,5,vol_5_50,0.010153006464993999,0.015916221307289556,857,0.005570617375629205
2026-06-05,RISK-ON,5,squeeze_own,0.029867911190987004,0.06905600976510272,851,-0.00016212229416360038
2026-06-05,RISK-ON,5,low_vol,0.09331887286707091,0.12712043365526693,865,0.012491812524196441
2026-06-05,RISK-ON,5,near_high,0.11225907166474551,0.13856261058521463,854,0.020093705169409753
2026-06-05,RISK-ON,5,vs_sma50,0.03566484146718218,-0.011031084795093852,857,0.012135628225933785
2026-06-05,RISK-ON,5,vs_sma20,0.015555994818718258,-0.02319145239703425,867,0.006414128634588422
2026-06-05,RISK-ON,10,mom20,-0.019451968023865458,-0.04364319516845204,867,0.023644736996583093
2026-06-05,RISK-ON,10,vol_ratio,0.03427247417845602,0.034299140178114355,867,0.013127706897841214
2026-06-05,RISK-ON,10,squeeze,0.01330099248761453,0.038915307886125114,867,-0.014322876728489493
2026-06-05,RISK-ON,10,composite,0.0006448373283068791,,867,0.010140185584740877
2026-06-05,RISK-ON,10,mom5,0.013616508768250067,0.013006864485124822,867,-0.015240582526788334
2026-06-05,RISK-ON,10,mom60_skip5,0.06764384038443189,0.05381165335655186,854,0.02528312130029124
2026-06-05,RISK-ON,10,mom60_riskadj,0.07399523847419862,0.06611999770938155,854,0.03441740385557737
2026-06-05,RISK-ON,10,vol_5_50,0.04587411453371564,0.040458355816243886,857,0.02274858466971602
2026-06-05,RISK-ON,10,squeeze_own,0.00998958571764615,0.036494740495436245,851,-0.01260495643906687
2026-06-05,RISK-ON,10,low_vol,-0.002501804713351704,0.02093348205779644,865,-0.025458505835752307
2026-06-05,RISK-ON,10,near_high,-0.00428578151289339,0.020994421086237572,854,0.0004315038408127178
2026-06-05,RISK-ON,10,vs_sma50,0.01359739449237589,-0.008672425899255013,857,0.021138110178182134
2026-06-05,RISK-ON,10,vs_sma20,-0.060472650580559104,-0.0718146724820381,867,-0.01201752129000952
2026-06-05,RISK-ON,20,mom20,-0.02557739030684349,-0.06928961009009776,867,-0.019770170094030835
2026-06-05,RISK-ON,20,vol_ratio,-0.028196398884739394,-0.022107007658352235,867,0.0020693318397184933
2026-06-05,RISK-ON,20,squeeze,0.14330113028389427,0.17647884506213485,867,0.067191965909964
2026-06-05,RISK-ON,20,composite,0.020157102329331655,,867,0.004791547130261371
2026-06-05,RISK-ON,20,mom5,0.13850761189783356,0.1251161888188125,867,0.040497935072539695
2026-06-05,RISK-ON,20,mom60_skip5,-0.06887185164026384,-0.08915621638199672,854,-0.04550459157060568
2026-06-05,RISK-ON,20,mom60_riskadj,-0.056482382201691654,-0.06822664101563615,854,-0.02414936453407817
2026-06-05,RISK-ON,20,vol_5_50,0.03733502265498015,0.021886009735462588,857,0.032859519682836805
2026-06-05,RISK-ON,20,squeeze_own,0.027360162794992794,0.06338942099547716,851,-0.016046560367682712
2026-06-05,RISK-ON,20,low_vol,0.18245613774863,0.21222911890384633,865,0.06629850198557496
2026-06-05,RISK-ON,20,near_high,0.09710392549843869,0.12503835970990118,854,0.03553739955943419
2026-06-05,RISK-ON,20,vs_sma50,0.0036007900049537054,-0.033800586288181535,857,0.007635843552465792
2026-06-05,RISK-ON,20,vs_sma20,0.13006566278618256,0.07872270171411923,867,0.06266020588933965
2026-06-05,RISK-ON,40,mom20,0.026327510081308462,-0.03392075763668523,865,0.012100258652154205
2026-06-05,RISK-ON,40,vol_ratio,-0.035150247417834624,-0.008624377665893704,865,0.028311411653285358
2026-06-05,RISK-ON,40,squeeze,0.19353515120228296,0.23500383877273767,865,0.1338834111933455
2026-06-05,RISK-ON,40,composite,0.07309460272533364,,865,0.07213808131858407
2026-06-05,RISK-ON,40,mom5,0.15955866443111602,0.1380756114246601,865,0.07428620898892048
2026-06-05,RISK-ON,40,mom60_skip5,-0.045220032439445786,-0.08072919520857912,852,-0.029855332947657902
2026-06-05,RISK-ON,40,mom60_riskadj,-0.032663450244899285,-0.05745855008361091,852,-0.010679746682548986
2026-06-05,RISK-ON,40,vol_5_50,0.06141777038051138,0.04717028439016508,855,0.049182429531270465
2026-06-05,RISK-ON,40,squeeze_own,0.004565589156323054,0.038473005452060664,849,0.008402369179083463
2026-06-05,RISK-ON,40,low_vol,0.23168057607646814,0.2701470457061901,863,0.13627851494155346
2026-06-05,RISK-ON,40,near_high,0.1716356660407624,0.18547991493481292,852,0.10499468831984025
2026-06-05,RISK-ON,40,vs_sma50,0.048402841294190924,-0.01661153561526422,855,0.053774589121575865
2026-06-05,RISK-ON,40,vs_sma20,0.18083250505970727,0.11142216225007355,865,0.13669256688813108
2026-06-05,RISK-ON,60,mom20,-0.02553433776042149,-0.08684824682899972,866,-0.028194925343155777
2026-06-05,RISK-ON,60,vol_ratio,0.04068088059142396,0.06131887285882462,866,0.08902986216918013
2026-06-05,RISK-ON,60,squeeze,0.1768688333047982,0.2326859404905324,866,0.15187973241263547
2026-06-05,RISK-ON,60,composite,0.06991580301382208,,866,0.06604924288334307
2026-06-05,RISK-ON,60,mom5,0.106167030324375,0.09369664535415027,866,0.0743749001936169
2026-06-05,RISK-ON,60,mom60_skip5,-0.09781614351735257,-0.1394994627453622,853,-0.06604824760228106
2026-06-05,RISK-ON,60,mom60_riskadj,-0.08873593709470641,-0.12155427436078621,853,-0.04345046989974679
2026-06-05,RISK-ON,60,vol_5_50,0.03676688865455901,0.028027698974376982,856,0.08615554286404001
2026-06-05,RISK-ON,60,squeeze_own,-0.029919136788200004,0.013319930678424031,850,-0.05026725396596829
2026-06-05,RISK-ON,60,low_vol,0.2282097369347226,0.27865047106521423,864,0.18086690112649545
2026-06-05,RISK-ON,60,near_high,0.12173775288792058,0.1364474973593995,853,0.09672090975791822
2026-06-05,RISK-ON,60,vs_sma50,-0.018971146133793058,-0.0875148676215171,856,0.02432207017217352
2026-06-05,RISK-ON,60,vs_sma20,0.11771128710473872,0.054246736404949016,866,0.14017915209848422
2026-06-12,RISK-ON,5,mom20,-0.015544359910088337,-0.03319748321991236,867,0.006762959407250642
2026-06-12,RISK-ON,5,vol_ratio,0.003993626132810685,0.006395361292628315,867,-0.013626000296723093
2026-06-12,RISK-ON,5,squeeze,-0.03492208471164837,-0.02855114193742126,867,-0.03572718827598837
2026-06-12,RISK-ON,5,composite,-0.03085598271077044,,867,-0.005971975666878668
2026-06-12,RISK-ON,5,mom5,0.0476443116152824,0.04006277611260092,867,0.01083756178358288
2026-06-12,RISK-ON,5,mom60_skip5,0.07803165762755064,0.0566575439721135,853,0.02675229249280335
2026-06-12,RISK-ON,5,mom60_riskadj,0.07917689412454301,0.06359899464146576,853,0.031032441684502626
2026-06-12,RISK-ON,5,vol_5_50,-0.007870696283999492,7.011565644484105e-05,855,-0.01822102075263806
2026-06-12,RISK-ON,5,squeeze_own,-0.014336878910814267,0.0007484661383324147,848,-0.002818024666770169
2026-06-12,RISK-ON,5,low_vol,-0.06988028654941512,-0.06414662065854963,867,-0.036375608896755285
2026-06-12,RISK-ON,5,near_high,-0.05757837003128677,-0.05727614244280828,853,-0.02547558285145087
2026-06-12,RISK-ON,5,vs_sma50,0.03809798605387324,0.011392984185227856,855,0.028900675066197527
2026-06-12,RISK-ON,5,vs_sma20,-0.056081841168432456,-0.05219897867342472,867,-0.01481579719683376
2026-06-12,RISK-ON,10,mom20,0.16358228156723723,0.12939798002905434,867,0.06146725398095667
2026-06-12,RISK-ON,10,vol_ratio,0.09001618062859883,0.09093103634182964,867,0.030238415121611035
2026-06-12,RISK-ON,10,squeeze,0.099334413392277,0.0969737805827395,867,-0.0011273541847344921
2026-06-12,RISK-ON,10,composite,0.20050837448676326,,867,0.0646445467823689
2026-06-12,RISK-ON,10,mom5,0.15040527314191277,0.14634525244244564,867,0.06292029505909504
2026-06-12,RISK-ON,10,mom60_skip5,0.045801510261045085,0.02230356397701329,853,0.02534669797501341
2026-06-12,RISK-ON,10,mom60_riskadj,0.0511524499200793,0.030530518403324304,853,0.04404741263582612
2026-06-12,RISK-ON,10,vol_5_50,0.001583505531341704,-0.005315358421534871,855,-0.01024522347147415
2026-06-12,RISK-ON,10,squeeze_own,0.056818646055061955,0.0710677503467802,848,0.0021085902749435857
2026-06-12,RISK-ON,10,low_vol,0.10566435974814821,0.10789230798336207,867,0.012715501372705428
2026-06-12,RISK-ON,10,near_high,0.09135772103069655,0.07906198603183238,853,0.010573635290453777
2026-06-12,RISK-ON,10,vs_sma50,0.11320411974286597,0.08243029518110595,855,0.05625218911957113
2026-06-12,RISK-ON,10,vs_sma20,0.15246073671330546,0.13402873119956354,867,0.05300548460688331
2026-06-12,RISK-ON,20,mom20,0.1658291619672464,0.11310127101665626,867,0.09961976151151455
2026-06-12,RISK-ON,20,vol_ratio,0.12057058520075091,0.10063838204345239,867,0.05375061872354535
2026-06-12,RISK-ON,20,squeeze,0.23249267596422352,0.23936552543319264,867,0.09724547379905832
2026-06-12,RISK-ON,20,composite,0.27071460992127366,,867,0.1329900285933005
2026-06-12,RISK-ON,20,mom5,0.1783570010611857,0.13650665057708253,867,0.1012202747147492
2026-06-12,RISK-ON,20,mom60_skip5,-0.015400478442948217,-0.047713135481442064,853,-0.01070261396705554
2026-06-12,RISK-ON,20,mom60_riskadj,6.24410346586752e-05,-0.026365281169487616,853,0.016064466307826025
2026-06-12,RISK-ON,20,vol_5_50,0.05819298332995768,0.0453042304433906,855,0.02377228485807903
2026-06-12,RISK-ON,20,squeeze_own,0.08179483570102843,0.10138404032787963,848,0.03155388733473351
2026-06-12,RISK-ON,20,low_vol,0.253072399076974,0.2597960689001758,867,0.10746483736394631
2026-06-12,RISK-ON,20,near_high,0.1692506804298739,0.14451706672769682,853,0.06794837182318811
2026-06-12,RISK-ON,20,vs_sma50,0.09007210405511577,0.034752473750347665,855,0.05946588790373114
2026-06-12,RISK-ON,20,vs_sma20,0.21142190573813238,0.16305517014476203,867,0.11015226564052955
2026-06-12,RISK-ON,40,mom20,0.11671643199331899,0.0738380441514765,865,0.1149155165852545
2026-06-12,RISK-ON,40,vol_ratio,0.17176335172288504,0.1541759971570758,865,0.11388086280643686
2026-06-12,RISK-ON,40,squeeze,0.2194123075459339,0.22454618282064565,865,0.12366394507218585
2026-06-12,RISK-ON,40,composite,0.24810015495750748,,865,0.20605454375964466
2026-06-12,RISK-ON,40,mom5,0.13586775628291434,0.10063629232251615,865,0.12177274171078475
2026-06-12,RISK-ON,40,mom60_skip5,-0.056117998290456,-0.07933027792040645,851,-0.03056169474570313
2026-06-12,RISK-ON,40,mom60_riskadj,-0.05417593863932665,-0.07358773125420114,851,-0.01686231026609547
2026-06-12,RISK-ON,40,vol_5_50,0.08186799319297071,0.06921413095784526,853,0.03861929651472192
2026-06-12,RISK-ON,40,squeeze_own,0.04611870101600593,0.054205597727144054,846,0.03562318646130367
2026-06-12,RISK-ON,40,low_vol,0.2450624497807893,0.2558008292218381,865,0.1594827352955552
2026-06-12,RISK-ON,40,near_high,0.12902682747805655,0.10661001507349178,851,0.07469075589264088
2026-06-12,RISK-ON,40,vs_sma50,0.027824463944497817,-0.019824924298667813,853,0.04109669891578094
2026-06-12,RISK-ON,40,vs_sma20,0.16147014905451948,0.11661098752655041,865,0.12189090709521139
2026-06-12,RISK-ON,60,mom20,0.07243046965093729,0.03198122846969493,864,0.08295802415659169
2026-06-12,RISK-ON,60,vol_ratio,0.14268795004476428,0.1340976402791698,864,0.12473583908232955
2026-06-12,RISK-ON,60,squeeze,0.22006808317600626,0.23339019513792647,864,0.1678758978620279
2026-06-12,RISK-ON,60,composite,0.20014998894672614,,864,0.2011824299098541
2026-06-12,RISK-ON,60,mom5,0.1141626956286672,0.07536270307695807,864,0.13013730663606665
2026-06-12,RISK-ON,60,mom60_skip5,-0.0752891078378923,-0.10371887475099703,850,-0.03374176157938851
2026-06-12,RISK-ON,60,mom60_riskadj,-0.07518843763657866,-0.09769932133854596,850,-0.03866370872790989
2026-06-12,RISK-ON,60,vol_5_50,0.07640732075081813,0.07028916162041514,852,0.050762208207861974
2026-06-12,RISK-ON,60,squeeze_own,0.012351193529084236,0.020340933650343996,845,0.007387821618233396
2026-06-12,RISK-ON,60,low_vol,0.2429650329108872,0.2637812309861384,864,0.18737824954544913
2026-06-12,RISK-ON,60,near_high,0.12699795821900448,0.11014314807552872,850,0.08618740744813876
2026-06-12,RISK-ON,60,vs_sma50,0.009473077364302694,-0.04383415040577135,852,0.01941517285740058
2026-06-12,RISK-ON,60,vs_sma20,0.12847415373469565,0.08510259054256915,864,0.1064915297008204
2026-06-18,RISK-ON,5,mom20,0.13002388941390594,0.055999678926541355,862,0.025655550836668397
2026-06-18,RISK-ON,5,vol_ratio,0.21241346515844697,0.20737825442640087,862,0.07196298069183732
2026-06-18,RISK-ON,5,squeeze,0.2853719652352822,0.30406538612949086,862,0.06859768119084764
2026-06-18,RISK-ON,5,composite,0.30787329852944,,862,0.07920886236129497
2026-06-18,RISK-ON,5,mom5,-0.01061769625113191,-0.05313473781663507,862,-0.010247681695119684
2026-06-18,RISK-ON,5,mom60_skip5,-0.011695407561897875,-0.029726216035999436,857,-0.01212442601605387
2026-06-18,RISK-ON,5,mom60_riskadj,0.016305889381586097,0.005903514785693709,857,0.013251442453067815
2026-06-18,RISK-ON,5,vol_5_50,0.1431379674237771,0.09906562029580396,857,0.04564220456991857
2026-06-18,RISK-ON,5,squeeze_own,0.11598971252313488,0.1369442141492533,852,0.028717368032694736
2026-06-18,RISK-ON,5,low_vol,0.31282707802587056,0.3227388206831173,862,0.07840785506107821
2026-06-18,RISK-ON,5,near_high,0.237547814268477,0.23816888119137508,857,0.06852017902695035
2026-06-18,RISK-ON,5,vs_sma50,0.07929124700966639,0.012499270676138445,857,0.015000281945050875
2026-06-18,RISK-ON,5,vs_sma20,0.2148223079933754,0.1189915122494903,862,0.05337423795462676
2026-06-18,RISK-ON,10,mom20,0.04956601395415559,-0.034548500694836275,862,0.007624422297363076
2026-06-18,RISK-ON,10,vol_ratio,0.19851113670901488,0.19887509890954416,862,0.09226598141988454
2026-06-18,RISK-ON,10,squeeze,0.1991261127541621,0.25349064192379134,862,0.07388636385700881
2026-06-18,RISK-ON,10,composite,0.20834399312111798,,862,0.06961351357917825
2026-06-18,RISK-ON,10,mom5,-0.01794311045801925,-0.07432448559469532,862,-0.010520564642868267
2026-06-18,RISK-ON,10,mom60_skip5,-0.09992646346860684,-0.12720451050919487,857,-0.038610521190644245
2026-06-18,RISK-ON,10,mom60_riskadj,-0.07512198635047425,-0.09694998164629891,857,-0.01724036252316879
2026-06-18,RISK-ON,10,vol_5_50,0.11543361584544445,0.08920108181519919,857,0.04610640520898225
2026-06-18,RISK-ON,10,squeeze_own,0.07063792320539317,0.11146181465769144,852,0.02054001414270468
2026-06-18,RISK-ON,10,low_vol,0.23095535023702762,0.27285754041577187,862,0.07917291070056251
2026-06-18,RISK-ON,10,near_high,0.12422491253020791,0.12079169304339274,857,0.0640239582783364
2026-06-18,RISK-ON,10,vs_sma50,-0.01836732183313242,-0.08776007853508334,857,-0.009473257072100203
2026-06-18,RISK-ON,10,vs_sma20,0.12136043447740566,0.027346176078493194,862,0.03756342519487878
2026-06-18,RISK-ON,20,mom20,0.05636028720266623,-0.032275177355617794,860,0.01464850835575611
2026-06-18,RISK-ON,20,vol_ratio,0.26713352431300585,0.2545622005151116,860,0.14036743382944647
2026-06-18,RISK-ON,20,squeeze,0.3571184980682996,0.3958516312491877,860,0.1692892164365632
2026-06-18,RISK-ON,20,composite,0.30052881650655927,,860,0.14758223390774933
2026-06-18,RISK-ON,20,mom5,-0.10203211121376105,-0.1479279934274771,860,-0.07605743671072109
2026-06-18,RISK-ON,20,mom60_skip5,-0.08729067909895309,-0.1263509015015862,855,-0.06383460950378295
2026-06-18,RISK-ON,20,mom60_riskadj,-0.06365316015844576,-0.09593254650431486,855,-0.029911595901549376
2026-06-18,RISK-ON,20,vol_5_50,0.1469792941634632,0.09527287079221707,855,0.0631956198328698
2026-06-18,RISK-ON,20,squeeze_own,0.12682998302861043,0.16291729716727305,850,0.05907394748789124
2026-06-18,RISK-ON,20,low_vol,0.39933670655037945,0.4270062846351842,860,0.18737121764604286
2026-06-18,RISK-ON,20,near_high,0.2047198921906395,0.19028661496747615,855,0.10530555855916071
2026-06-18,RISK-ON,20,vs_sma50,-0.0012764599040972263,-0.08427323769723853,855,-0.01822760349434384
2026-06-18,RISK-ON,20,vs_sma20,0.11420304436253208,0.01317412968169879,860,0.04282697032361104
2026-06-18,RISK-ON,40,mom20,0.03746049947210002,-0.02770795400717227,860,0.03102284965786508
2026-06-18,RISK-ON,40,vol_ratio,0.22651984335754213,0.22734671932433625,860,0.17134163059965848
2026-06-18,RISK-ON,40,squeeze,0.2839398465545292,0.3110838644826619,860,0.2132407758082893
2026-06-18,RISK-ON,40,composite,0.22282349932669035,,860,0.16483932985433564
2026-06-18,RISK-ON,40,mom5,-0.04181923282372521,-0.08398549082381929,860,-0.034187187426138306
2026-06-18,RISK-ON,40,mom60_skip5,-0.035497537016509435,-0.07239151285892796,855,0.01797538153911562
2026-06-18,RISK-ON,40,mom60_riskadj,-0.030804653323707167,-0.06048422535893269,855,0.016699522010337343
2026-06-18,RISK-ON,40,vol_5_50,0.15366478549706958,0.12358685068969912,855,0.1330175220095417
2026-06-18,RISK-ON,40,squeeze_own,0.07218600378532258,0.10265598231713981,850,0.047853932246345515
2026-06-18,RISK-ON,40,low_vol,0.325322806095032,0.3442911777412467,860,0.22975183963754742
2026-06-18,RISK-ON,40,near_high,0.17611602332124957,0.16361623976119755,855,0.17214665571820043
2026-06-18,RISK-ON,40,vs_sma50,0.008301827459629941,-0.057112102433233246,855,0.036962042069007675
2026-06-18,RISK-ON,40,vs_sma20,0.06788753912697353,-0.0034444503473535287,860,0.05058486732825976
2026-06-18,RISK-ON,60,mom20,0.0017680638684690506,-0.06584608969001203,860,-0.07150154918852815
2026-06-18,RISK-ON,60,vol_ratio,0.22086613636764682,0.2185097274945928,860,0.14102485149674063
2026-06-18,RISK-ON,60,squeeze,0.27456784180808447,0.31207257245290443,860,0.19716773037030197
2026-06-18,RISK-ON,60,composite,0.20467379668203042,,860,0.1316512277891052
2026-06-18,RISK-ON,60,mom5,-0.07870602621695448,-0.12073154529086343,860,-0.09614664416494247
2026-06-18,RISK-ON,60,mom60_skip5,-0.06042661861102545,-0.10742194254189313,855,-0.05203016818231027
2026-06-18,RISK-ON,60,mom60_riskadj,-0.04558075652836392,-0.08588775244609456,855,0.006722054270853713
2026-06-18,RISK-ON,60,vol_5_50,0.15448500262518117,0.1226582454118654,855,0.12911674813828153
2026-06-18,RISK-ON,60,squeeze_own,0.047966440634019336,0.07821258585762994,850,-0.015433728106243823
2026-06-18,RISK-ON,60,low_vol,0.31042632914509444,0.3461403979203141,860,0.22491678105223806
2026-06-18,RISK-ON,60,near_high,0.16091512838218947,0.13986807418283723,855,0.12707393551674792
2026-06-18,RISK-ON,60,vs_sma50,-0.028961222184528335,-0.10300648975772198,855,-0.06494543666147413
2026-06-18,RISK-ON,60,vs_sma20,0.039093999444925503,-0.03920678878891935,860,-0.020888634016162717
2026-06-26,RISK-ON,5,mom20,-0.03750516283735088,-0.07591152100005538,861,-0.008209969295616449
2026-06-26,RISK-ON,5,vol_ratio,0.07257073266795944,0.10862737374355234,861,0.024903422070610977
2026-06-26,RISK-ON,5,squeeze,0.005815333806187654,0.054890744946223424,861,0.01367792885514241
2026-06-26,RISK-ON,5,composite,0.007840809309632386,,861,0.009530755954748154
2026-06-26,RISK-ON,5,mom5,0.1219994907748602,0.07795609060842172,861,0.04606007821636333
2026-06-26,RISK-ON,5,mom60_skip5,-0.16534806275148847,-0.14970364612306108,854,-0.040405716682835366
2026-06-26,RISK-ON,5,mom60_riskadj,-0.15222905034329398,-0.14119525165261582,854,-0.03414089806837349
2026-06-26,RISK-ON,5,vol_5_50,0.03773758415618821,0.03659584553755644,854,0.022859431225324613
2026-06-26,RISK-ON,5,squeeze_own,-0.04615836697002897,-0.027248785434170895,850,-0.006278846257553648
2026-06-26,RISK-ON,5,low_vol,0.027384675940101993,0.07930514261046637,861,0.009471492973261934
2026-06-26,RISK-ON,5,near_high,-0.004091327495093986,0.010673446546164507,854,0.01827369589508234
2026-06-26,RISK-ON,5,vs_sma50,-0.07006526260691234,-0.09114258947929292,854,-0.015849674372083178
2026-06-26,RISK-ON,5,vs_sma20,0.051263340051355466,-0.0032598605075264716,861,0.02496540231655428
2026-06-26,RISK-ON,10,mom20,0.10888762497424281,0.03464617428722199,861,0.025623677712072537
2026-06-26,RISK-ON,10,vol_ratio,0.1604427376018578,0.18451231207265167,861,0.06371588185446292
2026-06-26,RISK-ON,10,squeeze,0.2163768005495166,0.25429351911264453,861,0.07233129965854769
2026-06-26,RISK-ON,10,composite,0.20324627937307885,,861,0.06443207841335286
2026-06-26,RISK-ON,10,mom5,0.28463109981414303,0.2060908686683178,861,0.11349786189625548
2026-06-26,RISK-ON,10,mom60_skip5,-0.20235558398449577,-0.18222644744863853,854,-0.07479989544634058
2026-06-26,RISK-ON,10,mom60_riskadj,-0.1851796367195619,-0.16776103333656892,854,-0.06175560159441652
2026-06-26,RISK-ON,10,vol_5_50,0.128887010124503,0.1093421791849243,854,0.05835266058162676
2026-06-26,RISK-ON,10,squeeze_own,0.00538359007430732,0.03588664983665849,850,0.010399026870249652
2026-06-26,RISK-ON,10,low_vol,0.2523596697514763,0.2881587883898962,861,0.08163656794164256
2026-06-26,RISK-ON,10,near_high,0.1582049826794352,0.16243579134293495,854,0.060065027084916504
2026-06-26,RISK-ON,10,vs_sma50,0.03977342733423471,-0.02273312502784833,854,0.008468178565305164
2026-06-26,RISK-ON,10,vs_sma20,0.1621937251215373,0.07359925915707499,861,0.06496211554480238
2026-06-26,RISK-ON,20,mom20,0.18399916361026325,0.10190524708673274,859,0.07705638518810286
2026-06-26,RISK-ON,20,vol_ratio,0.19241564079440573,0.2246581549173711,859,0.10047700731653
2026-06-26,RISK-ON,20,squeeze,0.29791336643799987,0.32314840831661623,859,0.15027974779522826
2026-06-26,RISK-ON,20,composite,0.28876998921254915,,859,0.13510844652009266
2026-06-26,RISK-ON,20,mom5,0.3315039178740324,0.26350496712266,859,0.17571459268821019
2026-06-26,RISK-ON,20,mom60_skip5,-0.19957202288666342,-0.1942833906192505,852,-0.11639821242677113
2026-06-26,RISK-ON,20,mom60_riskadj,-0.1699822181564536,-0.1696260377328283,852,-0.08826180206176837
2026-06-26,RISK-ON,20,vol_5_50,0.1666987313251253,0.14976904875573782,852,0.1042533984646643
2026-06-26,RISK-ON,20,squeeze_own,0.012389113598425603,0.0313273893400241,848,0.018356155129622652
2026-06-26,RISK-ON,20,low_vol,0.3580688334484188,0.3803891169108157,859,0.157729273390305
2026-06-26,RISK-ON,20,near_high,0.25582445872483484,0.2513328722177809,852,0.13293122452531206
2026-06-26,RISK-ON,20,vs_sma50,0.08314463756399444,0.016560542745976143,852,0.02563962648262623
2026-06-26,RISK-ON,20,vs_sma20,0.22057324525731065,0.13077839637538702,859,0.12760727663616092
2026-06-26,RISK-ON,40,mom20,0.09347742610778767,0.03737310014190921,860,0.09865390895557438
2026-06-26,RISK-ON,40,vol_ratio,0.19955861560070148,0.2159523861388044,860,0.18920845112550128
2026-06-26,RISK-ON,40,squeeze,0.178493610515859,0.20774973445788303,860,0.1579739057982916
2026-06-26,RISK-ON,40,composite,0.18651438921045468,,860,0.15092654874864972
2026-06-26,RISK-ON,40,mom5,0.22202378759455282,0.18059100566916444,860,0.20876466556205842
2026-06-26,RISK-ON,40,mom60_skip5,-0.14986124657738617,-0.14179450573818936,853,-0.0830367288049639
2026-06-26,RISK-ON,40,mom60_riskadj,-0.1400796292841314,-0.13620968112914275,853,-0.09583289472770298
2026-06-26,RISK-ON,40,vol_5_50,0.18790370968553707,0.17210163388654834,853,0.20170624932143222
2026-06-26,RISK-ON,40,squeeze_own,-0.06728952914250348,-0.03352529672247766,849,-0.04671002055098043
2026-06-26,RISK-ON,40,low_vol,0.24982022312331018,0.2688575108489367,860,0.18370110630945166
2026-06-26,RISK-ON,40,near_high,0.17154302139954902,0.1707517214785271,853,0.19284823255791303
2026-06-26,RISK-ON,40,vs_sma50,0.009589942723042635,-0.025389973732279848,853,0.046374579163862145
2026-06-26,RISK-ON,40,vs_sma20,0.13565478440056686,0.07445718377500969,860,0.12894254947720116
2026-07-02,RISK-ON,5,mom20,0.07194969291019564,0.016411556992605644,852,0.009652667700153982
2026-07-02,RISK-ON,5,vol_ratio,0.04241257359564139,0.038512136553126936,852,-0.009323683584460866
2026-07-02,RISK-ON,5,squeeze,0.16031463966245357,0.17675371657114108,852,0.004301020636612762
2026-07-02,RISK-ON,5,composite,0.13506606478555908,,852,-0.0012531977879825552
2026-07-02,RISK-ON,5,mom5,-0.060661771134902405,-0.08225861263467485,852,-0.014272532766728121
2026-07-02,RISK-ON,5,mom60_skip5,0.008013179406206437,-0.025211493328191684,846,0.0022258949359060254
2026-07-02,RISK-ON,5,mom60_riskadj,0.017778713653141962,-0.005227576856495278,846,-0.006137863755407953
2026-07-02,RISK-ON,5,vol_5_50,0.06811797687178743,0.06890677641865806,848,-0.012671256693689369
2026-07-02,RISK-ON,5,squeeze_own,-0.03702786512164061,-0.011172795505875213,843,-0.008849328471025214
2026-07-02,RISK-ON,5,low_vol,0.25040165441290807,0.26683304138850245,852,0.02479118345081851
2026-07-02,RISK-ON,5,near_high,0.1516100833521092,0.13508641792040046,846,0.006524660173076435
2026-07-02,RISK-ON,5,vs_sma50,0.06809747172876987,-0.003021594692904494,848,0.009727189275388822
2026-07-02,RISK-ON,5,vs_sma20,0.011755190419285825,-0.02560275950143689,852,-0.019209988564955847
2026-07-02,RISK-ON,10,mom20,0.21902293093926262,0.15057704603683433,852,0.07178417610202009
2026-07-02,RISK-ON,10,vol_ratio,0.04099315330746651,0.025158843169516908,852,0.025288983165187635
2026-07-02,RISK-ON,10,squeeze,0.26419931061155877,0.26329788813513966,852,0.08087263628801558
2026-07-02,RISK-ON,10,composite,0.26891871659278593,,852,0.07118509030364187
2026-07-02,RISK-ON,10,mom5,0.026158487487516622,0.0018953585844380606,852,0.024056985716373394
2026-07-02,RISK-ON,10,mom60_skip5,-0.045753493526872,-0.06326426918355256,846,-0.0312310050125571
2026-07-02,RISK-ON,10,mom60_riskadj,-0.024888553445158203,-0.030498143941505275,846,-0.029241912237993745
2026-07-02,RISK-ON,10,vol_5_50,0.13949162508844093,0.13016850901777988,848,0.04031345333815631
2026-07-02,RISK-ON,10,squeeze_own,-0.07151002795732271,-0.036902937351840866,843,-0.022040256790273584
2026-07-02,RISK-ON,10,low_vol,0.3949428785182457,0.38491657587742056,852,0.12320667412196883
2026-07-02,RISK-ON,10,near_high,0.3011050019118972,0.2764491489535716,846,0.09373110940354457
2026-07-02,RISK-ON,10,vs_sma50,0.16733454496216346,0.10285652850961687,848,0.05758319946281422
2026-07-02,RISK-ON,10,vs_sma20,0.15959686592986363,0.11380962730644463,852,0.053367622293734894
2026-07-02,RISK-ON,20,mom20,0.18652059716465447,0.1104522613149726,850,0.12026676428174454
2026-07-02,RISK-ON,20,vol_ratio,0.06860426161764703,0.05612718104277032,850,0.031504734466825654
2026-07-02,RISK-ON,20,squeeze,0.2741970160322137,0.2805881360958691,850,0.1047973771223283
2026-07-02,RISK-ON,20,composite,0.2560511727128074,,850,0.10670758528481708
2026-07-02,RISK-ON,20,mom5,0.042347588070275895,0.014915086270664442,850,0.01717453516529091
2026-07-02,RISK-ON,20,mom60_skip5,-0.1271593285426633,-0.14200204376839137,844,-0.0912555542405063
2026-07-02,RISK-ON,20,mom60_riskadj,-0.10938065117515552,-0.11446321124022328,844,-0.06727002280695282
2026-07-02,RISK-ON,20,vol_5_50,0.16644443439316203,0.16184704478012443,846,0.0440299057577765
2026-07-02,RISK-ON,20,squeeze_own,-0.0580075513726447,-0.027165689151493224,841,-0.01008342913496324
2026-07-02,RISK-ON,20,low_vol,0.3892610158875004,0.3804211208852786,850,0.1374358367974989
2026-07-02,RISK-ON,20,near_high,0.24657855146991664,0.22843288758296865,844,0.08818903896747288
2026-07-02,RISK-ON,20,vs_sma50,0.10535750490751904,0.04081026301830842,846,0.07084536505864784
2026-07-02,RISK-ON,20,vs_sma20,0.1313752887704105,0.08422213360667508,850,0.06948785732878987
2026-07-02,RISK-ON,40,mom20,0.11423217538060221,0.06236288532419591,851,0.11574195051443839
2026-07-02,RISK-ON,40,vol_ratio,0.13011088139614263,0.12979318954920968,851,0.12262029993376251
2026-07-02,RISK-ON,40,squeeze,0.1431758171959266,0.1592383002306048,851,0.07255413173329703
2026-07-02,RISK-ON,40,composite,0.18987116577590335,,851,0.12340652986304035
2026-07-02,RISK-ON,40,mom5,0.15275258160476998,0.11709223743204687,851,0.12709372788699042
2026-07-02,RISK-ON,40,mom60_skip5,-0.11705549489206139,-0.13008930804725732,845,-0.05758219030072938
2026-07-02,RISK-ON,40,mom60_riskadj,-0.12283577818030136,-0.1297667789244533,845,-0.0881966100480942
2026-07-02,RISK-ON,40,vol_5_50,0.15807198433194578,0.15925285140482123,847,0.11838776230534925
2026-07-02,RISK-ON,40,squeeze_own,-0.11970353460321731,-0.08633543717257534,842,-0.08450093343344883
2026-07-02,RISK-ON,40,low_vol,0.2567889087410963,0.2624868293737707,851,0.13354785716723674
2026-07-02,RISK-ON,40,near_high,0.18491222175894795,0.18007692109302031,845,0.142063543707811
2026-07-02,RISK-ON,40,vs_sma50,0.0873324623373081,0.03951360924618009,847,0.1199272122192992
2026-07-02,RISK-ON,40,vs_sma20,0.16918332191054192,0.12517741689318979,851,0.165599317630779
2026-07-10,RISK-ON,5,mom20,0.2101247012663927,0.18246952170435957,898,0.05868328079507659
2026-07-10,RISK-ON,5,vol_ratio,0.06560155717175889,0.0465417841798577,898,0.01359762931041239
2026-07-10,RISK-ON,5,squeeze,0.2797951576584012,0.2637367867750358,898,0.06810958728145158
2026-07-10,RISK-ON,5,composite,0.2734727093578507,,898,0.061941385020428105
2026-07-10,RISK-ON,5,mom5,0.23612840975800828,0.2168443658823174,898,0.05149755100256431
2026-07-10,RISK-ON,5,mom60_skip5,-0.014758402700566893,-0.021141560106924875,893,-0.010801444093959806
2026-07-10,RISK-ON,5,mom60_riskadj,0.014232150058416463,0.01200154506218801,893,-0.0004809000933104421
2026-07-10,RISK-ON,5,vol_5_50,0.12723330852290154,0.12381068902526235,895,0.04655402911570827
2026-07-10,RISK-ON,5,squeeze_own,-0.04684689670256539,-0.054198528044102925,891,-0.013682904876812615
2026-07-10,RISK-ON,5,low_vol,0.36146460255325336,0.35355182361735693,898,0.08485651482975791
2026-07-10,RISK-ON,5,near_high,0.3696979745895695,0.3574792911204732,893,0.09126969094488595
2026-07-10,RISK-ON,5,vs_sma50,0.23884549493220678,0.21588807259706128,895,0.06080721242347375
2026-07-10,RISK-ON,5,vs_sma20,0.303213260622465,0.27115955833318867,898,0.07370121804338378
2026-07-10,RISK-ON,10,mom20,0.11215999391065143,0.07420190891680108,897,0.03794646153772914
2026-07-10,RISK-ON,10,vol_ratio,0.10101933795415717,0.08195477848971192,897,0.03927776419428795
2026-07-10,RISK-ON,10,squeeze,0.32541355955972223,0.3349979244590493,897,0.09817164379842694
2026-07-10,RISK-ON,10,composite,0.24486963907157216,,897,0.07339896273292619
2026-07-10,RISK-ON,10,mom5,0.2542750774474321,0.2255824104698521,897,0.08399162777578242
2026-07-10,RISK-ON,10,mom60_skip5,-0.08630285081991103,-0.1109919386880911,892,-0.038311146824441145
2026-07-10,RISK-ON,10,mom60_riskadj,-0.07387394782655297,-0.09077929484902231,892,-0.04246001078860422
2026-07-10,RISK-ON,10,vol_5_50,0.16071299170574918,0.1397533472796953,894,0.06865240699166147
2026-07-10,RISK-ON,10,squeeze_own,-0.013894791819775786,-0.002684881027610207,890,-0.028442445416123945
2026-07-10,RISK-ON,10,low_vol,0.3666121546692918,0.37685748515799156,897,0.11432362355667378
2026-07-10,RISK-ON,10,near_high,0.3103805979686243,0.2936680348713686,892,0.11167240578633121
2026-07-10,RISK-ON,10,vs_sma50,0.14837068555613492,0.10551956507160795,894,0.04807436532021522
2026-07-10,RISK-ON,10,vs_sma20,0.23149405904223347,0.18583971055302098,897,0.06909744152559441
2026-07-10,RISK-ON,20,mom20,0.011653686600023203,0.008176894043099845,897,0.01001545354365646
2026-07-10,RISK-ON,20,vol_ratio,0.06115628248260989,0.05854129046057239,897,0.028990156976641854
2026-07-10,RISK-ON,20,squeeze,0.14915326611080248,0.15067699140668955,897,0.07219937948929625
2026-07-10,RISK-ON,20,composite,0.08006702532693089,,897,0.04547842611495495
2026-07-10,RISK-ON,20,mom5,0.034002230066838175,0.029779495757853148,897,0.05034679019045041
2026-07-10,RISK-ON,20,mom60_skip5,-0.035403898991799035,-0.0385076436211557,892,-0.036912899420284334
2026-07-10,RISK-ON,20,mom60_riskadj,-0.0475132023340147,-0.045258258893470855,892,-0.05635412472278987
2026-07-10,RISK-ON,20,vol_5_50,0.0794415693024751,0.06820501278201628,894,0.05468676991350354
2026-07-10,RISK-ON,20,squeeze_own,0.0017534071448779421,-0.007578701937217989,890,-0.0037175248895452723
2026-07-10,RISK-ON,20,low_vol,0.17071528333941857,0.18124797651697794,897,0.08224672948899266
2026-07-10,RISK-ON,20,near_high,0.11061921557777822,0.11996270382742694,892,0.08047084123050754
2026-07-10,RISK-ON,20,vs_sma50,0.029089270763881306,0.02220795029385521,894,0.04015380944466877
2026-07-10,RISK-ON,20,vs_sma20,0.073997818144203,0.06527918407218863,897,0.061956031891204424
2026-07-10,RISK-ON,40,mom20,0.0986363897912399,0.08232746309931412,897,0.06011828875399984
2026-07-10,RISK-ON,40,vol_ratio,0.10993984290802312,0.11501795263075194,897,0.03188550898077025
2026-07-10,RISK-ON,40,squeeze,0.17096999138565525,0.1808657677274453,897,0.08961629319539918
2026-07-10,RISK-ON,40,composite,0.1653623079296499,,897,0.07705426472712221
2026-07-10,RISK-ON,40,mom5,0.10439942069248266,0.0914405438891921,897,0.08826988252294046
2026-07-10,RISK-ON,40,mom60_skip5,-0.04115038612101819,-0.045121294457206085,892,-0.058460771136581234
2026-07-10,RISK-ON,40,mom60_riskadj,-0.062192606322356826,-0.060185787202304004,892,-0.07722377338772503
2026-07-10,RISK-ON,40,vol_5_50,0.15139822635088326,0.13662262964787478,894,0.08797796564964216
2026-07-10,RISK-ON,40,squeeze_own,-0.04128532387533932,-0.03952440841431476,890,-0.03285687256232066
2026-07-10,RISK-ON,40,low_vol,0.2260111413611563,0.2428824912968926,897,0.12560702919347638
2026-07-10,RISK-ON,40,near_high,0.16887622659577176,0.17888732572540395,892,0.12603225733497075
2026-07-10,RISK-ON,40,vs_sma50,0.07487547739863858,0.05960029098298349,894,0.07350329633536834
2026-07-10,RISK-ON,40,vs_sma20,0.18160957720344142,0.15798497102436174,897,0.13482368260028085
2026-07-17,RISK-ON,5,mom20,-0.0492490491773833,-0.05239098566095857,924,0.0020999620927398613
2026-07-17,RISK-ON,5,vol_ratio,0.09161255329253111,0.08181249197149777,924,0.029324421956874534
2026-07-17,RISK-ON,5,squeeze,0.203453879452412,0.20453339613168373,924,0.049908878681166564
2026-07-17,RISK-ON,5,composite,0.10020150742318741,,924,0.037124112625588915
2026-07-17,RISK-ON,5,mom5,0.0009626634225497751,-0.00878818463823221,924,0.009390039235578823
2026-07-17,RISK-ON,5,mom60_skip5,-0.1014164261523834,-0.11254885334483647,918,-0.029360963066359103
2026-07-17,RISK-ON,5,mom60_riskadj,-0.10727349268798128,-0.11646156068829797,918,-0.027777135546492783
2026-07-17,RISK-ON,5,vol_5_50,0.012336045516305603,-0.0050473014001665,921,-0.0055028574993857965
2026-07-17,RISK-ON,5,squeeze_own,0.08102188152598011,0.0912990688321942,918,0.017927621609385
2026-07-17,RISK-ON,5,low_vol,0.1833579208108414,0.17982433743519483,923,0.05438120138671966
2026-07-17,RISK-ON,5,near_high,0.052062514304862036,0.049313635894051154,920,0.026948023007892154
2026-07-17,RISK-ON,5,vs_sma50,-0.045832605713441124,-0.050962866803063986,921,-0.003027294078595387
2026-07-17,RISK-ON,5,vs_sma20,0.004351607994089009,-0.0011291863071385792,924,0.0030487416291780506
2026-07-17,RISK-ON,10,mom20,0.05890256506947674,0.059694856245492756,924,0.04712029361638921
2026-07-17,RISK-ON,10,vol_ratio,0.08725559003334121,0.08092999244425075,924,0.02603303352869686
2026-07-17,RISK-ON,10,squeeze,0.16290080870707782,0.15995249484211957,924,0.05419857176426604
2026-07-17,RISK-ON,10,composite,0.13431253556404693,,924,0.05720280975709133
2026-07-17,RISK-ON,10,mom5,0.009539362521471582,-0.003735486742973953,924,-0.009286927492977728
2026-07-17,RISK-ON,10,mom60_skip5,-0.0672735780579745,-0.06896120158572122,918,-0.0528876900991286
2026-07-17,RISK-ON,10,mom60_riskadj,-0.07756617103902141,-0.07828795006678264,918,-0.03968280169292334
2026-07-17,RISK-ON,10,vol_5_50,0.015659031982315993,0.00660078205178199,921,-0.024253419964496564
2026-07-17,RISK-ON,10,squeeze_own,0.050315136891388314,0.049437571305431596,918,0.02147263045314169
2026-07-17,RISK-ON,10,low_vol,0.17591219008431694,0.1685555013779359,923,0.06253056607428617
2026-07-17,RISK-ON,10,near_high,0.09128056370783338,0.09311028969154005,920,0.017803827178847237
2026-07-17,RISK-ON,10,vs_sma50,0.022452725372623043,0.023452841251032874,921,0.0027617472880604108
2026-07-17,RISK-ON,10,vs_sma20,0.0722216123337951,0.0725219235799194,924,0.00047362782025268946
2026-07-17,RISK-ON,20,mom20,-0.09195624278728508,-0.09642681333254827,924,-0.03626504850857962
2026-07-17,RISK-ON,20,vol_ratio,0.09888664717629599,0.09887448089638169,924,0.07246553361679811
2026-07-17,RISK-ON,20,squeeze,-0.003514841473185467,0.012725538260777046,924,0.0037305848986182236
2026-07-17,RISK-ON,20,composite,-0.02731781650560058,,924,0.01030753192493862
2026-07-17,RISK-ON,20,mom5,-0.09601942685442695,-0.1079687813511972,924,-0.03621417919731204
2026-07-17,RISK-ON,20,mom60_skip5,-0.053562360644918934,-0.0469871580638897,918,-0.022542076362954612
2026-07-17,RISK-ON,20,mom60_riskadj,-0.07704941750126208,-0.07084579102528088,918,-0.04669450112291096
2026-07-17,RISK-ON,20,vol_5_50,-0.008008974414931765,-0.005412880046765713,921,-0.010394642749778664
2026-07-17,RISK-ON,20,squeeze_own,0.030564923424763284,0.030218024837674724,918,0.009836393778794628
2026-07-17,RISK-ON,20,low_vol,0.00036453426634694696,0.012068013441279194,923,0.015932456573664325
2026-07-17,RISK-ON,20,near_high,-0.09790689134012807,-0.08599328971653125,920,-0.040185982705984294
2026-07-17,RISK-ON,20,vs_sma50,-0.12282985457427066,-0.12689780174675697,921,-0.06416224824354255
2026-07-17,RISK-ON,20,vs_sma20,-0.11011345862581008,-0.11371791137175591,924,-0.06560979659047937
2026-07-17,RISK-ON,40,mom20,0.0897602123506776,0.09345218349729377,923,0.08662555391587892
2026-07-17,RISK-ON,40,vol_ratio,0.08443073460242073,0.09430381686375681,923,0.05691799995143014
2026-07-17,RISK-ON,40,squeeze,0.15044124479174464,0.14527973552508455,923,0.08587146514914434
2026-07-17,RISK-ON,40,composite,0.13619446159417145,,923,0.10189951136273005
2026-07-17,RISK-ON,40,mom5,0.006539659229902954,0.005235842412023516,923,-0.009117615673621411
2026-07-17,RISK-ON,40,mom60_skip5,-0.031347164314525534,-0.024657845952060647,917,-0.021779263949841365
2026-07-17,RISK-ON,40,mom60_riskadj,-0.06561599458332365,-0.05615331815862622,917,-0.06591646844368852
2026-07-17,RISK-ON,40,vol_5_50,0.041871920499039456,0.0537774700965106,920,0.029649978895539796
2026-07-17,RISK-ON,40,squeeze_own,0.03815696151077565,0.025302849963504237,917,0.03615967432538901
2026-07-17,RISK-ON,40,low_vol,0.15019094282861195,0.1451968366096718,922,0.08454501400355516
2026-07-17,RISK-ON,40,near_high,0.08253945035597551,0.09690943846766194,919,0.06024766292700884
2026-07-17,RISK-ON,40,vs_sma50,0.0466454865017634,0.05098877617264023,920,0.05705114454680635
2026-07-17,RISK-ON,40,vs_sma20,0.08168377931456194,0.08644653883806662,923,0.0506828024610578
2026-07-24,RISK-ON,5,mom20,0.06283940832652342,0.06037285696307364,723,0.034253898056306374
2026-07-24,RISK-ON,5,vol_ratio,0.05330149776244495,0.04702047305315089,723,0.015127197563086227
2026-07-24,RISK-ON,5,squeeze,0.04852571760080193,0.04575439770919486,723,0.02305861929439567
2026-07-24,RISK-ON,5,composite,0.0662090598535118,,723,0.022659322258352474
2026-07-24,RISK-ON,5,mom5,-0.060625097736035444,-0.060121497161829324,723,0.0014959490466406357
2026-07-24,RISK-ON,5,mom60_skip5,-0.0006359238833607465,0.0030874657742779215,717,-0.015899932584434104
2026-07-24,RISK-ON,5,mom60_riskadj,0.009480323367144878,0.011323776571013881,717,-0.007260335118859794
2026-07-24,RISK-ON,5,vol_5_50,0.025749882641370733,0.02394633715692348,720,0.005815596928329985
2026-07-24,RISK-ON,5,squeeze_own,0.0534197209089673,0.046036541337933085,715,0.01651268296508396
2026-07-24,RISK-ON,5,low_vol,0.03761409331102596,0.03661868224826089,722,0.027136565303257854
2026-07-24,RISK-ON,5,near_high,0.06936172055967896,0.06736713221799087,717,0.020245697732470938
2026-07-24,RISK-ON,5,vs_sma50,0.08069159475017,0.07929952294667009,720,0.02144655481681258
2026-07-24,RISK-ON,5,vs_sma20,0.03893045099872788,0.03679597849174043,723,0.017570826608526532
2026-07-24,RISK-ON,10,mom20,-0.12121359357783382,-0.1232487740504196,723,-0.035139109851597974
2026-07-24,RISK-ON,10,vol_ratio,0.05400440080393148,0.051994752448422756,723,0.019889267503452997
2026-07-24,RISK-ON,10,squeeze,-0.13555921128955867,-0.12949100574979236,723,-0.054370080007926
2026-07-24,RISK-ON,10,composite,-0.12350468720958506,,723,-0.046169752466785875
2026-07-24,RISK-ON,10,mom5,-0.05618489864373428,-0.0596159741651542,723,-0.010517246645751044
2026-07-24,RISK-ON,10,mom60_skip5,-0.06078015076787917,-0.06320633557183597,717,-0.022982288437704668
2026-07-24,RISK-ON,10,mom60_riskadj,-0.053193737424412364,-0.05431258585894606,717,-0.00607728724546211
2026-07-24,RISK-ON,10,vol_5_50,-0.051496695968932554,-0.0541819099498934,720,-0.01191007897715677
2026-07-24,RISK-ON,10,squeeze_own,-0.011026749468853934,-0.013182515112506314,715,-0.006370246707722085
2026-07-24,RISK-ON,10,low_vol,-0.11694613683165343,-0.11141100288909725,722,-0.047400586204678144
2026-07-24,RISK-ON,10,near_high,-0.15642140584186112,-0.15561554400822208,717,-0.05812549494842917
2026-07-24,RISK-ON,10,vs_sma50,-0.10655602772604014,-0.11244844878499184,720,-0.023822728900775886
2026-07-24,RISK-ON,10,vs_sma20,-0.1547233255745636,-0.15695095789998884,723,-0.06413909137056195
2026-07-24,RISK-ON,20,mom20,-0.04150387818817076,-0.04190027190010058,723,-0.030182356736739857
2026-07-24,RISK-ON,20,vol_ratio,0.027764315265112593,0.025566221495645847,723,-0.015418733677622087
2026-07-24,RISK-ON,20,squeeze,-0.041859050724431496,-0.03939831491379296,723,-0.033122492749674354
2026-07-24,RISK-ON,20,composite,-0.045386345970311326,,723,-0.043872257189095556
2026-07-24,RISK-ON,20,mom5,-0.010036842549128407,-0.009957308059632653,723,-0.02721011681754465
2026-07-24,RISK-ON,20,mom60_skip5,-0.06055435205884352,-0.06052779292920246,717,-0.037563081084131894
2026-07-24,RISK-ON,20,mom60_riskadj,-0.054691393311279056,-0.05237588460852622,717,-0.011336062207429304
2026-07-24,RISK-ON,20,vol_5_50,-0.007891190390975833,-0.006909346177977576,720,0.008950079114532286
2026-07-24,RISK-ON,20,squeeze_own,-0.002652261873245872,-0.008359611877482017,715,0.016763382079062528
2026-07-24,RISK-ON,20,low_vol,-0.01480181978637419,-0.012739170137329805,722,0.0006972874644638957
2026-07-24,RISK-ON,20,near_high,-0.06688497105821825,-0.06257321504730233,717,-0.007548136009950683
2026-07-24,RISK-ON,20,vs_sma50,-0.03919264114113081,-0.042674626218066516,720,0.002214632827535687
2026-07-24,RISK-ON,20,vs_sma20,-0.06195495825120556,-0.06244003495405781,723,-0.038073819639712854
2026-07-31,RISK-OFF,5,mom20,-0.2296828073079409,-0.240423089239325,715,-0.09507768874661691
2026-07-31,RISK-OFF,5,vol_ratio,-0.05172312205679112,-0.03880461553686346,715,-0.03124443111773019
2026-07-31,RISK-OFF,5,squeeze,-0.2088644400833584,-0.18555759419936455,715,-0.09113867124722363
2026-07-31,RISK-OFF,5,composite,-0.23760008191613485,,715,-0.10636187325312979
2026-07-31,RISK-OFF,5,mom5,-0.10935430998007967,-0.11885737442524646,715,-0.04285945204053275
2026-07-31,RISK-OFF,5,mom60_skip5,-0.10564724034706097,-0.098318144438204,708,-0.01821739057667432
2026-07-31,RISK-OFF,5,mom60_riskadj,-0.08903068701926786,-0.08739020089713342,708,-0.025581616841021962
2026-07-31,RISK-OFF,5,vol_5_50,-0.0862142057895402,-0.07592620704802563,711,-0.031002662122480165
2026-07-31,RISK-OFF,5,squeeze_own,-0.001062981550288761,0.006411824798491829,706,-0.022990464588706516
2026-07-31,RISK-OFF,5,low_vol,-0.16692545460435365,-0.13991456030550123,715,-0.08796156052002685
2026-07-31,RISK-OFF,5,near_high,-0.2572816914400223,-0.23168777792189243,708,-0.10075194117231064
2026-07-31,RISK-OFF,5,vs_sma50,-0.1941750966588383,-0.1983980518704427,711,-0.06567896738991767
2026-07-31,RISK-OFF,5,vs_sma20,-0.15805732612911227,-0.17438990573176794,715,-0.07918430222597914
2026-07-31,RISK-OFF,10,mom20,-0.20967921067950876,-0.22228665841848783,715,-0.10987555567373732
2026-07-31,RISK-OFF,10,vol_ratio,-0.006131052697967927,0.0015052108619676263,715,-0.008392752706668907
2026-07-31,RISK-OFF,10,squeeze,-0.18759981546222274,-0.16347065047349446,715,-0.09769318681346173
2026-07-31,RISK-OFF,10,composite,-0.2045241344067367,,715,-0.09889598598798385
2026-07-31,RISK-OFF,10,mom5,-0.12384227607676271,-0.13474194174785706,715,-0.0603297891219612
2026-07-31,RISK-OFF,10,mom60_skip5,-0.09770244257416684,-0.09131304403911059,708,-0.027100363134280284
2026-07-31,RISK-OFF,10,mom60_riskadj,-0.08822068073183309,-0.08771494942593769,708,-0.02752962521076234
2026-07-31,RISK-OFF,10,vol_5_50,-0.034515489372980435,-0.029750767166769127,711,-0.012975503463808727
2026-07-31,RISK-OFF,10,squeeze_own,-0.025297419097106116,-0.01750350766339113,706,-0.01435892484270486
2026-07-31,RISK-OFF,10,low_vol,-0.1466593064071921,-0.11809837488573714,715,-0.10257487503863176
2026-07-31,RISK-OFF,10,near_high,-0.24955589721982435,-0.2248193976473146,708,-0.11672080464769993
2026-07-31,RISK-OFF,10,vs_sma50,-0.20164785161394452,-0.2063842849052144,711,-0.08244847867274374
2026-07-31,RISK-OFF,10,vs_sma20,-0.17490207931160262,-0.19168694334031272,715,-0.08882121140299448
2026-07-31,RISK-OFF,20,mom20,-0.09696889384110804,-0.10664981217802202,715,-0.07440211012035843
2026-07-31,RISK-OFF,20,vol_ratio,-0.024145953711183898,-0.012950593774200747,715,-0.010630040122748
2026-07-31,RISK-OFF,20,squeeze,-0.0722262586983985,-0.055538376989532956,715,-0.06516251500601572
2026-07-31,RISK-OFF,20,composite,-0.0939855036297803,,715,-0.09087831581654793
2026-07-31,RISK-OFF,20,mom5,-0.13786059256346117,-0.1384254184059913,715,-0.05166736467914249
2026-07-31,RISK-OFF,20,mom60_skip5,-0.04405678893510101,-0.036694284315696914,708,-0.01876008046424038
2026-07-31,RISK-OFF,20,mom60_riskadj,-0.05973828172952343,-0.05535886060269524,708,-0.029896744109977412
2026-07-31,RISK-OFF,20,vol_5_50,-0.022188911949262487,-0.013505937351528389,711,-0.02058382766249421
2026-07-31,RISK-OFF,20,squeeze_own,-0.04382041254323625,-0.03712405331254113,706,-0.0019483482660767187
2026-07-31,RISK-OFF,20,low_vol,0.00809425686106259,0.025533161767285085,715,-0.019318605373011402
2026-07-31,RISK-OFF,20,near_high,-0.0737516499110373,-0.05088983341275421,708,-0.035630597738483
2026-07-31,RISK-OFF,20,vs_sma50,-0.04205569604582622,-0.0460236386889926,711,0.012476808782635011
2026-07-31,RISK-OFF,20,vs_sma20,-0.10393906362007699,-0.1143467510652326,715,-0.08451121051327726
2026-08-07,RISK-ON,5,mom20,0.03996483466803378,0.0243930097010256,636,0.023206440928030234
2026-08-07,RISK-ON,5,vol_ratio,-0.04036873448984871,-0.03299432264089339,636,-0.02739861279005531
2026-08-07,RISK-ON,5,squeeze,0.029196508455630345,0.02560300268894476,636,-0.00165077621725215
2026-08-07,RISK-ON,5,composite,0.009634947147551502,,636,-0.013561593461196283
2026-08-07,RISK-ON,5,mom5,0.08879824569773206,0.06441970617582746,636,0.047494771157979336
2026-08-07,RISK-ON,5,mom60_skip5,-0.0417910100364229,-0.05355396723081438,630,-0.009123887676785927
2026-08-07,RISK-ON,5,mom60_riskadj,-0.08542865096089494,-0.08944141936992014,630,-0.03080275311706354
2026-08-07,RISK-ON,5,vol_5_50,-0.05835819513256285,-0.05474416340412959,632,-0.017402428032047834
2026-08-07,RISK-ON,5,squeeze_own,0.032580686138029016,0.044878315998825004,627,0.014192957209058443
2026-08-07,RISK-ON,5,low_vol,0.042151046735809106,0.037819528434356396,636,4.1460955742643555e-05
2026-08-07,RISK-ON,5,near_high,0.003817040595057017,0.012238316242538363,631,0.0003619597346782458
2026-08-07,RISK-ON,5,vs_sma50,0.015391012231467152,0.006052186442760811,632,-0.025815953545914372
2026-08-07,RISK-ON,5,vs_sma20,0.05307933862039844,0.04314105761082913,636,0.022036069919666355
2026-08-07,RISK-ON,10,mom20,0.05695731476223574,0.024544769754053303,636,0.06650198040779191
2026-08-07,RISK-ON,10,vol_ratio,-0.038497156955017986,-0.024867172716784656,636,-0.035661701565725325
2026-08-07,RISK-ON,10,squeeze,0.1713060850955973,0.1679792553243756,636,0.028880434569317166
2026-08-07,RISK-ON,10,composite,0.08659876516853456,,636,0.02988570491272523
2026-08-07,RISK-ON,10,mom5,0.06883613881492195,0.03180056190869511,636,0.04169675233428014
2026-08-07,RISK-ON,10,mom60_skip5,0.020366767187063504,0.022604398279223083,630,0.01974901907686409
2026-08-07,RISK-ON,10,mom60_riskadj,-0.03735363405646835,-0.03187155121779165,630,-0.026381495111930258
2026-08-07,RISK-ON,10,vol_5_50,-0.0821154725087523,-0.08910019571714138,632,-0.03700096968448689
2026-08-07,RISK-ON,10,squeeze_own,0.08596579511530103,0.08707452048496998,627,0.03379801799227383
2026-08-07,RISK-ON,10,low_vol,0.17285775501592254,0.17479397230642324,636,0.041861355090229584
2026-08-07,RISK-ON,10,near_high,0.10369868447949336,0.10620192396390525,631,0.05138279974555594
2026-08-07,RISK-ON,10,vs_sma50,0.09488531848384021,0.07035929931993773,632,0.027831889341342807
2026-08-07,RISK-ON,10,vs_sma20,0.05135591298782067,0.02234485327716792,636,0.034257106353413856
2026-08-07,RISK-ON,20,mom20,0.027886722231341025,0.0015983785165049368,636,0.06334077498553975
2026-08-07,RISK-ON,20,vol_ratio,-0.030041862822239408,-0.013784233346802791,636,-0.04541932850616439
2026-08-07,RISK-ON,20,squeeze,0.1847785786651415,0.18627788681292787,636,0.033102596991416086
2026-08-07,RISK-ON,20,composite,0.0741009013676547,,636,0.040787232910369085
2026-08-07,RISK-ON,20,mom5,0.03152868961302708,0.0007234862029272435,636,0.028987547184983718
2026-08-07,RISK-ON,20,mom60_skip5,0.041404561772446676,0.03994714553926397,630,0.026393817541215014
2026-08-07,RISK-ON,20,mom60_riskadj,-0.028871589590480917,-0.022195491344207105,630,-0.04970800545893274
2026-08-07,RISK-ON,20,vol_5_50,-0.05310283627889964,-0.05940135048459967,632,-0.03956297744009554
2026-08-07,RISK-ON,20,squeeze_own,0.049348891694938474,0.06368087346391675,627,0.02226940163023365
2026-08-07,RISK-ON,20,low_vol,0.19375697658312308,0.19536486101171074,636,0.044605409574886234
2026-08-07,RISK-ON,20,near_high,0.12403843235233342,0.1354982758541885,631,0.042156020037825946
2026-08-07,RISK-ON,20,vs_sma50,0.09298175497066914,0.07444759308541267,632,0.04397557033759769
2026-08-07,RISK-ON,20,vs_sma20,0.015028009885795402,-0.009078433867243834,636,0.035803141894889284
2026-08-14,RISK-ON,5,mom20,0.09448248815834157,0.057584993856398196,1043,0.022903455536289807
2026-08-14,RISK-ON,5,vol_ratio,0.011500943470451969,-0.0075484206822607315,1043,0.004714354028334675
2026-08-14,RISK-ON,5,squeeze,0.1540305310576775,0.15292776311490328,1043,0.0234389950937691
2026-08-14,RISK-ON,5,composite,0.12739117786813536,,1043,0.02518244248733202
2026-08-14,RISK-ON,5,mom5,-0.11180723704535815,-0.11384368246754467,1043,-0.02709286955777525
2026-08-14,RISK-ON,5,mom60_skip5,0.1108538415614028,0.12914127914421922,1034,0.02440106194105722
2026-08-14,RISK-ON,5,mom60_riskadj,0.1065359647218977,0.12573545160957883,1034,0.02199886074773326
2026-08-14,RISK-ON,5,vol_5_50,-0.003484572985649124,-0.011685507157471724,1036,-0.01444369115925745
2026-08-14,RISK-ON,5,squeeze_own,0.033759010593317526,0.02378795856643518,1031,0.016579656586111834
2026-08-14,RISK-ON,5,low_vol,0.18422216680787393,0.1973529786586147,1043,0.04066123548515354
2026-08-14,RISK-ON,5,near_high,0.1708411563527439,0.18368660575497625,1035,0.02938097017041509
2026-08-14,RISK-ON,5,vs_sma50,0.17410488631185553,0.14425502955541789,1036,0.03413852563723291
2026-08-14,RISK-ON,5,vs_sma20,0.06242734287692108,0.03080405383204519,1043,0.0026688671420974346
2026-08-14,RISK-ON,10,mom20,0.0669553261177959,0.026808293746769254,1043,0.014938610664665099
2026-08-14,RISK-ON,10,vol_ratio,-0.01275698532291274,-0.026813939972004958,1043,-0.0013241803891396661
2026-08-14,RISK-ON,10,squeeze,0.14376619175442545,0.15002912287634135,1043,0.02331155289806481
2026-08-14,RISK-ON,10,composite,0.09414335166520332,,1043,0.02354759631461613
2026-08-14,RISK-ON,10,mom5,-0.08960485376740451,-0.10026668042245844,1043,-0.024153975466788685
2026-08-14,RISK-ON,10,mom60_skip5,0.13963441997906212,0.16113550780858357,1034,0.0355871968799378
2026-08-14,RISK-ON,10,mom60_riskadj,0.14328171090712444,0.16351978595560546,1034,0.03357742545435689
2026-08-14,RISK-ON,10,vol_5_50,0.004050691469691224,-0.006374699042986416,1036,-0.009197532465831562
2026-08-14,RISK-ON,10,squeeze_own,-0.012391846409528874,-0.008581539573195525,1031,0.007419632706180132
2026-08-14,RISK-ON,10,low_vol,0.18583592717942038,0.2023776583145582,1043,0.04823921462301429
2026-08-14,RISK-ON,10,near_high,0.2119556623581282,0.22741945167829614,1035,0.04511041038608606
2026-08-14,RISK-ON,10,vs_sma50,0.19619578576472108,0.15668005854038755,1036,0.04615885195310896
2026-08-14,RISK-ON,10,vs_sma20,0.04788859206511684,0.009297353858986253,1043,-0.002265933352975664
2026-08-14,RISK-ON,20,mom20,0.03579442105434098,-0.003207098690839736,1043,0.011494483519957147
2026-08-14,RISK-ON,20,vol_ratio,0.03018183609786727,0.01515512318369426,1043,0.0024784995135069127
2026-08-14,RISK-ON,20,squeeze,0.15337981306930748,0.16597444832752062,1043,0.03987948660047197
2026-08-14,RISK-ON,20,composite,0.09761397956313649,,1043,0.035500463443391354
2026-08-14,RISK-ON,20,mom5,-0.03738115944292244,-0.06273379111185091,1043,-0.013046401457151378
2026-08-14,RISK-ON,20,mom60_skip5,0.10700108489505851,0.13062394238052963,1034,0.029006696239049695
2026-08-14,RISK-ON,20,mom60_riskadj,0.12242110357695972,0.14515399199377407,1034,0.024522216692687577
2026-08-14,RISK-ON,20,vol_5_50,0.07665628257316584,0.07108099753333823,1036,0.01882346597734099
2026-08-14,RISK-ON,20,squeeze_own,-0.04187355449436762,-0.03780014458090116,1031,0.017256225976532834
2026-08-14,RISK-ON,20,low_vol,0.19194545022297488,0.20867678329591335,1043,0.05598822354481601
2026-08-14,RISK-ON,20,near_high,0.23734693633364193,0.25705834892265755,1035,0.07185581141189026
2026-08-14,RISK-ON,20,vs_sma50,0.17555620028244576,0.1433140218275687,1036,0.04659737953304839
2026-08-14,RISK-ON,20,vs_sma20,0.0282690388247913,-0.012109809128090804,1043,-0.004183444569106784
2026-08-21,RISK-ON,5,mom20,-0.016296553902159946,-0.01725371101824906,1069,-0.008178319350501772
2026-08-21,RISK-ON,5,vol_ratio,0.003697790231753499,0.009151721352591298,1069,0.01343506907303922
2026-08-21,RISK-ON,5,squeeze,0.11642979096022175,0.1087062291814962,1069,0.011139901631869231
2026-08-21,RISK-ON,5,composite,0.05621802816788311,,1069,0.007657651581313674
2026-08-21,RISK-ON,5,mom5,0.15026627822370445,0.11182431712051714,1069,0.014188615426520307
2026-08-21,RISK-ON,5,mom60_skip5,0.18398455209167927,0.16195540697375582,1062,0.017307315274449342
2026-08-21,RISK-ON,5,mom60_riskadj,0.1861543350795221,0.1658921667891147,1062,0.020387452950175914
2026-08-21,RISK-ON,5,vol_5_50,-0.011381782821895446,-0.0222298472716153,1065,0.004504216313818905
2026-08-21,RISK-ON,5,squeeze_own,-0.02222130650252785,-0.02061110485236826,1056,0.010372849311253627
2026-08-21,RISK-ON,5,low_vol,0.14557643785530244,0.14056356384236787,1069,0.011786169725678768
2026-08-21,RISK-ON,5,near_high,0.19366985104573273,0.1963905236807112,1062,0.02215883852817919
2026-08-21,RISK-ON,5,vs_sma50,0.11830485629687681,0.10667427774361345,1065,0.011676100952038852
2026-08-21,RISK-ON,5,vs_sma20,0.02857421447810521,0.020525168682617025,1069,0.004306982946757453
2026-08-21,RISK-ON,10,mom20,0.029519680769109755,0.02705226307812688,1069,0.009611050369447453
2026-08-21,RISK-ON,10,vol_ratio,0.05842232258687368,0.0576278172614654,1069,0.020705358367530825
2026-08-21,RISK-ON,10,squeeze,0.08929457218971457,0.08208806408918208,1069,0.022369284620217256
2026-08-21,RISK-ON,10,composite,0.09021223739663307,,1069,0.031160068548673144
2026-08-21,RISK-ON,10,mom5,0.08467110720421381,0.05801774841460773,1069,0.02488228370861256
2026-08-21,RISK-ON,10,mom60_skip5,0.09151549198955788,0.09321759793297547,1062,0.022796017778706244
2026-08-21,RISK-ON,10,mom60_riskadj,0.08961910902981204,0.08736243929506855,1062,0.012384699996320619
2026-08-21,RISK-ON,10,vol_5_50,0.05323240948993296,0.03472379576011597,1065,0.006771100835235081
2026-08-21,RISK-ON,10,squeeze_own,-0.014991877475008039,-0.009204499696215321,1056,0.003726087036371572
2026-08-21,RISK-ON,10,low_vol,0.10577931669723172,0.0964299748416564,1069,0.021239082065155783
2026-08-21,RISK-ON,10,near_high,0.14149886883576926,0.14972337688034285,1062,0.03354212406944277
2026-08-21,RISK-ON,10,vs_sma50,0.09935541022177728,0.09476437597270884,1065,0.02167109377884443
2026-08-21,RISK-ON,10,vs_sma20,0.06313625250733061,0.054767508367626144,1069,0.026611379768294613
2026-08-28,RISK-OFF,5,mom20,0.03716070867670968,0.04267797989694014,1113,0.011239277282988212
2026-08-28,RISK-OFF,5,vol_ratio,0.08108476526988968,0.0836246736080561,1113,0.00953462785831639
2026-08-28,RISK-OFF,5,squeeze,-0.0020182355280208212,-0.016217705634749356,1113,0.0004311509744030469
2026-08-28,RISK-OFF,5,composite,0.05703124275158153,,1113,0.01621866958074674
2026-08-28,RISK-OFF,5,mom5,0.032511095249795285,0.03932060678975956,1113,0.004072924388610609
2026-08-28,RISK-OFF,5,mom60_skip5,0.007426381507083176,0.021975982901533627,1100,0.007427545731280169
2026-08-28,RISK-OFF,5,mom60_riskadj,0.003895380715501015,0.011783956431529182,1100,0.0037625782565149563
2026-08-28,RISK-OFF,5,vol_5_50,0.047283805865362585,0.049491337296884416,1103,0.002894080837970758
2026-08-28,RISK-OFF,5,squeeze_own,-0.04122647471029475,-0.05314525388369734,1096,-0.0014203188804168812
2026-08-28,RISK-OFF,5,low_vol,0.02559120195129568,0.011595576558369626,1113,0.0024943396356442876
2026-08-28,RISK-OFF,5,near_high,0.031238613568941524,0.033994904883649625,1101,0.005997891247683878
2026-08-28,RISK-OFF,5,vs_sma50,0.043988696290754276,0.057980946148365894,1103,0.00959579583864684
2026-08-28,RISK-OFF,5,vs_sma20,0.046316214811555206,0.05634880027728608,1113,0.014984925931426033
2026-08-28,RISK-OFF,10,mom20,-0.03140933889416962,-0.013934692203170559,1112,-0.012378964196593643
2026-08-28,RISK-OFF,10,vol_ratio,0.007724111967772009,0.016883852361211187,1112,-0.005066158521775339
2026-08-28,RISK-OFF,10,squeeze,0.07321669918662155,0.07130336254123314,1112,0.005005029417988784
2026-08-28,RISK-OFF,10,composite,0.002206531330819283,,1112,-0.0016815577148845684
2026-08-28,RISK-OFF,10,mom5,0.04883717146200824,0.04566259204278662,1112,0.0011245841681500404
2026-08-28,RISK-OFF,10,mom60_skip5,0.0637839029242888,0.08348274565812863,1099,0.012070153063722187
2026-08-28,RISK-OFF,10,mom60_riskadj,0.08243388906076622,0.10124662702889485,1099,0.022480386109390644
2026-08-28,RISK-OFF,10,vol_5_50,0.03782519767348832,0.04386644136412674,1102,0.01366281125447577
2026-08-28,RISK-OFF,10,squeeze_own,-0.06271095840709567,-0.062364853194781,1095,-0.005161502777174608
2026-08-28,RISK-OFF,10,low_vol,0.13233564551905508,0.12598586341061352,1112,0.008750620952679856
2026-08-28,RISK-OFF,10,near_high,0.11099023497107216,0.1279618344015227,1100,0.01736952781346404
2026-08-28,RISK-OFF,10,vs_sma50,0.048165404829039825,0.0678027840135192,1102,0.005318761523123786
2026-08-28,RISK-OFF,10,vs_sma20,0.049812524945442624,0.05646346984586273,1112,0.01414746225013732
2026-09-04,RISK-OFF,5,mom20,0.01259859993851682,-0.01667728840401299,1120,0.006569535551679419
2026-09-04,RISK-OFF,5,vol_ratio,0.0036976664409638397,-0.00326785567108431,1120,-0.005498496039870942
2026-09-04,RISK-OFF,5,squeeze,0.13927665671044803,0.1704600341088482,1120,0.011378943991258526
2026-09-04,RISK-OFF,5,composite,0.07051196638925503,,1120,0.00921502536111013
2026-09-04,RISK-OFF,5,mom5,-0.06093442527448762,-0.07924271780702162,1120,-0.0007382072358830469
2026-09-04,RISK-OFF,5,mom60_skip5,0.058328968902328464,0.05820569275900727,1110,0.006169488855888937
2026-09-04,RISK-OFF,5,mom60_riskadj,0.07831270419509229,0.08692828067431536,1110,0.0016673428608921168
2026-09-04,RISK-OFF,5,vol_5_50,0.05358391916346701,0.05564904155469743,1111,-0.0019438385559778434
2026-09-04,RISK-OFF,5,squeeze_own,0.030351158719377297,0.05927137593313432,1105,0.0028501822525605625
2026-09-04,RISK-OFF,5,low_vol,0.17727099989684048,0.19675481651322946,1120,0.012033646323460972
2026-09-04,RISK-OFF,5,near_high,0.10978764557614852,0.11985515523513378,1110,0.013831628380895172
2026-09-04,RISK-OFF,5,vs_sma50,0.015603320578468277,-0.003182484722070759,1111,-0.006758580188605687
2026-09-04,RISK-OFF,5,vs_sma20,0.0281383223506392,-0.003053084715477432,1120,0.010158836317269604
