ticker,company,sector,industry,pe,fwd_pe,eps_qq,sales_qq,insider_trans,inst_trans,short_float,perf_quarter,perf_half,beta,pct_from_52w_high,recom,avg_volume,rel_volume,price,earnings,target_price,market_cap,data_confidence,momentum_20d,momentum_5d,volume_ratio,rs_vs_iwm,bb_width,above_sma20,pct_vs_sma20,above_sma50,pct_vs_sma50,atr_pct,last_range_pct,low_vol,near_high,vol_5_50,breakout_session,breakout_move_pct,earnings_sessions_ago,post_earnings_move_pct,latest_price,avg_dollar_volume,gate_fail,review_flag,target_upside,rank_low_vol,rank_near_high,rank_squeeze,rank_vol_5_50,rank_vol_ratio,rank_vs_sma50,mom_rank,composite_score,composite_legacy,composite_dedup
ELME,Elme Communities,Real Estate,REIT - Residential,,,-3942.6500000000005,1.72,0.0,-5.33,2.75,20.0,-13.86,0.84,-45.28,3.0,995810.0,0.01,1.74,-,,154610000.0,HIGH,2.98,-1.14,1.04,7.64,0.0728,True,2.79,True,5.75,2.023,1.734,-1.5303,-1.7,1.273,5.0,4.22,,,1.73,1134259.0,,,,0.8590852904820766,0.9913473423980222,0.9381953028430161,0.8393077873918418,0.7280593325092707,0.8751545117428925,0.8498145859085291,0.8719,0.8398,0.8254
CFFN,Capitol Federal Financial,Financial,Banks - Regional,13.34,11.2,34.51,6.5,0.0,0.71,6.18,2.36,22.25,0.67,-6.260000000000001,2.33,873870.0,0.0,8.68,Jul 29/b,9.5,1090000000.0,HIGH,0.23,-1.92,1.34,4.89,0.0471,False,-1.05,False,-0.78,1.835,1.152,-0.7859,-6.26,1.084,10.0,-1.59,42.0,-0.8,8.68,8350746.0,,,9.4,0.9913473423980222,0.9369592088998764,0.9876390605686032,0.6860321384425216,0.9017305315203955,0.7268232385661311,0.7911001236093943,0.8718,0.8833,0.8265
CVBF,CVB Financial Corp,Financial,Banks - Regional,15.58,11.33,-21.58,37.86,1.15,26.56,5.87,0.31,16.49,0.67,-3.7599999999999993,1.83,1380000.0,0.0,22.53,Jul 22/a,26.0,3970000000.0,HIGH,1.53,0.45,1.37,6.19,0.0508,True,0.54,False,-0.18,1.839,1.42,-1.0609,-3.76,1.046,30.0,-2.72,46.0,1.3,22.53,31053865.0,,,15.4,0.9567367119901112,0.9765142150803461,0.9820766378244746,0.6501854140914709,0.9060568603213844,0.7478368355995055,0.8257107540173053,0.8699,0.8967,0.8152
FFBC,First Financial Bancorp,Financial,Banks - Regional,11.45,9.47,-0.34,12.98,-4.74,1.06,5.9,-4.09,16.97,0.94,-10.61,2.0,992050.0,0.0,32.4,Jul 21/a,37.86,3400000000.0,HIGH,-1.28,2.08,1.91,3.38,0.0632,True,0.33,False,-2.53,1.865,1.883,-1.1796,-10.62,1.242,52.0,-5.35,47.0,-4.59,32.4,30569314.0,,,16.9,0.9456118665018541,0.8343634116192831,0.9567367119901112,0.8244746600741656,0.9752781211372065,0.6600741656365884,0.7503090234857849,0.8661,0.8797,0.8514
FCF,First Commonwealth Financial Corp,Financial,Banks - Regional,12.8,10.64,36.59,0.6,-6.87,1.21,3.91,1.8500000000000003,19.83,0.75,-6.41,1.83,844900.0,0.0,20.91,Jul 28/a,24.08,2109999999.9999998,HIGH,0.29,-0.57,1.03,4.95,0.049,False,-0.62,False,-1.28,1.65,1.052,-0.9335,-6.4,1.246,38.0,-3.82,42.0,-2.15,20.91,20544585.0,,,15.2,0.9765142150803461,0.9258343634116193,0.9839307787391842,0.8257107540173053,0.7218788627935723,0.7058096415327565,0.7929542645241038,0.8566,0.8289,0.8075
LILAK,Liberty Latin America Ltd,Communication Services,Telecom Services,,36.82,93.94,1.46,6.41,,5.53,20.08,49.01,0.62,-4.77,2.67,1470000.0,0.0,8.49,Aug 05/a,9.14,1660000000.0,HIGH,0.12,-3.52,1.7,4.78,0.0618,False,-1.45,True,2.02,3.213,2.179,-1.9365,-4.77,1.089,11.0,-2.19,36.0,2.78,8.49,11828531.0,,,7.7,0.7626699629171817,0.9641532756489494,0.9592088998763906,0.6897404202719407,0.9598269468479604,0.8022249690976514,0.7867737948084055,0.8563,0.8904,0.8036
FULC,Fulcrum Therapeutics Inc,Healthcare,Biotechnology,,,-24.16,,18.4,-8.6,9.76,-1.58,-46.11,2.62,-76.24,3.0,1670000.0,0.0,3.74,Aug 05,4.0,285350000.0,HIGH,-2.86,-1.58,1.71,1.8,0.0409,False,-1.93,False,-1.08,1.614,2.674,-0.6711,-5.08,0.946,27.0,-3.36,,,3.74,5549536.0,,,7.0,0.9975278121137207,0.9616810877626699,0.9913473423980222,0.5111248454882571,0.9635352286773795,0.7126081582200248,0.6878862793572311,0.8563,0.8616,0.7962
VFF,Village Farms International Inc,Consumer Defensive,Farm Products,17.04,11.96,-75.62,6.81,0.35,0.12,4.73,69.52,18.28,1.35,-36.47,1.25,911930.0,0.01,3.17,Aug 10/b,5.83,387650000.0,HIGH,8.93,10.07,1.45,13.59,0.1347,True,8.47,True,24.98,3.74,5.363,-1.8723,-0.94,1.039,3.0,6.38,34.0,52.4,3.17,2071796.0,,,83.9,0.7775030902348579,0.9962917181705809,0.7330037082818295,0.6409147095179234,0.9245982694684796,0.9864029666254636,0.9147095179233622,0.8431,0.8632,0.8324
SIBN,SI-BONE Inc,Healthcare,Medical Devices,,,36.09,15.18,-8.89,6.7299999999999995,13.9,10.19,51.34000000000001,0.66,-15.03,1.0,586320.0,0.0,18.6,Aug 03/a,25.0,833630000.0,HIGH,-3.23,0.76,1.12,1.43,0.0664,False,-0.07,True,0.64,3.285,2.528,-1.3167,-8.42,1.112,25.0,-4.57,38.0,0.81,18.59,10335816.0,,,34.5,0.9159456118665018,0.8949320148331273,0.9456118665018541,0.7163164400494437,0.7898640296662547,0.7663782447466008,0.6773794808405439,0.8382,0.7916,0.7971
PSEC,Prospect Capital Corp,Financial,Asset Management,123.43,6.17,85.04,208.67,4.5,,4.69,-6.9,-13.25,0.8,-30.879999999999995,5.0,4350000.0,0.28,2.16,Aug 20/a,2.0,1150000000.0,HIGH,-2.67,-0.45,1.26,1.99,0.051,False,-0.77,False,-1.62,2.087,1.826,-1.4943,-7.59,1.073,31.0,-4.37,25.0,-3.95,2.19,8949342.0,,,-8.7,0.8689740420271941,0.9079110012360939,0.9802224969097652,0.676761433868974,0.8702101359703337,0.6909765142150803,0.6977750309023486,0.8325,0.8342,0.7767
AVO,Mission Produce Inc,Consumer Defensive,Food Distribution,383.09,16.85,-137.94,25.8,9.71,18.34,9.68,7.180000000000001,-3.38,0.44,-15.39,1.0,903340.0,0.0,13.14,Sep 08/a,16.5,1150000000.0,HIGH,2.9,2.66,1.08,7.56,0.0809,True,2.59,True,2.3,4.067,4.642,-1.8658,-7.59,1.235,13.0,2.1,13.0,2.1,13.14,11050373.0,,,25.6,0.7824474660074165,0.9079110012360939,0.9184177997527811,0.8182941903584673,0.754017305315204,0.8108776266996292,0.8442521631644005,0.832,0.8394,0.7914
FULT,Fulton Financial Corp,Financial,Banks - Regional,11.12,10.05,-1.58,7.580000000000001,-2.57,6.16,5.41,-3.85,17.99,0.8,-7.969999999999999,2.5,1760000.0,0.12,23.22,Jul 22/a,25.69,4430000000.0,HIGH,-1.9,-0.21,1.32,2.76,0.0544,False,-1.01,False,-3.04,1.814,1.205,-1.0332,-7.93,1.008,51.0,-4.87,46.0,-4.25,23.23,38264920.0,,,10.6,0.9629171817058096,0.9048207663782447,0.977132262051916,0.5951792336217553,0.8936959208899876,0.6452410383189122,0.7249690976514215,0.8298,0.8512,0.7743
WTTR,Select Water Solutions Inc,Energy,Oil & Gas Equipment & Services,76.88,26.9,61.95,8.67,-37.58,3.46,5.28,4.69,31.65,1.0,-8.87,1.17,1820000.0,0.0,20.55,Aug 04/a,24.5,2650000000.0,HIGH,2.9,-3.69,2.72,7.56,0.095,False,-1.5,False,-0.97,4.397,7.107,-2.1997,-12.02,1.364,37.0,7.24,37.0,7.24,19.84,35310002.0,,,23.5,0.6934487021013597,0.8034610630407911,0.8776266996291718,0.8800988875154512,0.9913473423980222,0.7181705809641533,0.8442521631644005,0.8274,0.8984,0.8208
LTC,LTC Properties Inc,Real Estate,REIT - Healthcare Facilities,15.74,23.24,74.05,63.83,1.24,9.9,5.29,11.59,15.310000000000002,0.55,-1.52,2.11,587180.0,0.0,42.94,Aug 05/a,45.25,2310000000.0,HIGH,5.71,0.14,0.88,10.37,0.0844,True,1.55,True,4.25,2.266,1.886,-1.3128,-1.51,1.094,7.0,-0.32,36.0,10.9,42.94,26241334.0,,,5.4,0.9171817058096415,0.992583436341162,0.9122373300370828,0.6965389369592089,0.5754017305315204,0.8491965389369592,0.8813349814585909,0.8239,0.7988,0.7596
SFBS,ServisFirst Bancshares Inc,Financial,Banks - Regional,14.09,11.43,39.58,6.34,-0.37,0.8199999999999998,5.55,-6.67,12.590000000000002,0.9,-10.27,1.0,622950.0,0.0,41.31,Jul 20/a,48.33,4520000000.0,HIGH,-4.37,-1.46,1.12,0.29,0.0651,False,-1.72,False,-4.8,2.192,1.719,-1.3241,-10.27,1.339,31.0,-8.66,48.0,-3.46,41.31,29130015.0,,,17.0,0.9134734239802225,0.8479604449938195,0.9493201483312732,0.869592088998764,0.7898640296662547,0.5630407911001236,0.6390605686032138,0.8222,0.7774,0.784
NMIH,NMI Holdings Inc,Financial,Insurance - Specialty,8.11,7.48,13.750000000000002,8.12,-11.23,0.48,2.68,1.5,9.89,0.55,-11.79,1.5,535720.0,0.0,41.23,Jul 30/a,49.86,3100000000.0,HIGH,-7.99,-3.02,1.43,-3.33,0.1068,False,-5.38,False,-6.27,2.474,2.013,-0.8073,-11.79,1.216,31.0,-8.13,40.0,-5.09,41.23,25254735.0,,,20.9,0.9901112484548825,0.80778739184178,0.838689740420272,0.8053152039555006,0.9177997527812114,0.5092707045735476,0.49443757725587145,0.8115,0.7247,0.8056
MQ,Marqeta Inc,Technology,Software - Infrastructure,172.27,33.51,1364.29,17.02,-0.57,-2.89,5.5,1.08,5.89,1.22,-24.15,2.8,1000000.0,0.0,16.9,Aug 04/a,20.11,1760000000.0,HIGH,2.98,8.79,1.3,7.64,0.1009,True,4.35,True,2.66,2.771,3.39,-1.9735,-9.26,1.055,17.0,4.89,37.0,1.8,16.96,12305510.0,,,18.6,0.7503090234857849,0.8794808405438813,0.857849196538937,0.6594561186650185,0.8893695920889988,0.8164400494437577,0.8498145859085291,0.8088,0.8641,0.7789
FFIN,First Financial Bankshares Inc,Financial,Banks - Regional,17.19,14.94,7.61,8.43,-0.19,3.6799999999999997,6.53,-6.61,11.07,0.83,-11.83,2.71,806390.0,0.0,32.2,Jul 16/a,36.57,4620000000.0,HIGH,-2.82,-0.89,1.1,1.84,0.0564,False,-1.47,False,-4.5,1.891,1.263,-1.0577,-11.14,1.141,51.0,-7.86,50.0,-8.13,32.45,25229402.0,,,12.7,0.957972805933251,0.823238566131026,0.9715698393077874,0.7428924598269468,0.7744128553770087,0.5772558714462299,0.6909765142150803,0.8079,0.8002,0.7631
CYRX,CryoPort Inc,Industrials,Integrated Freight & Logistics,,,24.23,7.739999999999999,-10.34,2.08,5.75,6.94,122.63,1.97,-3.17,1.22,627120.0,0.0,17.41,Aug 06/a,19.33,881800000.0,HIGH,8.2,-1.19,1.29,12.86,0.2039,True,6.62,True,9.35,3.401,2.125,-1.8067,-3.17,1.159,5.0,2.29,35.0,18.35,17.41,9295349.0,,,11.0,0.8034610630407911,0.9839307787391842,0.4839307787391842,0.761433868974042,0.8868974042027195,0.9184177997527813,0.9048207663782447,0.8063,0.7732,0.8426
BXDC,Blackstone Digital Infrastructure Trust Inc,Real Estate,REIT - Specialty,,,,,103.27,95.25,4.51,-12.839999999999998,,,-17.37,2.17,1280000.0,0.0,18.92,Aug 04/b,23.58,1900000000.0,HIGH,-4.36,-1.14,1.13,0.3,0.0867,False,-3.51,False,-5.31,3.088,6.237,-1.3126,-14.25,1.483,22.0,-7.74,38.0,-5.54,19.08,46592122.0,,,23.6,0.9184177997527813,0.7268232385661311,0.9054388133498146,0.9134734239802225,0.799752781211372,0.5438813349814586,0.6402966625463535,0.8013,0.7677,0.7939
HOPE,Hope Bancorp Inc,Financial,Banks - Regional,13.97,9.24,218.18,17.81,-1.12,-0.12,5.52,2.39,27.229999999999997,0.85,-4.8,2.2,1030000.0,0.0,13.89,Jul 27/b,15.5,1770000000.0,HIGH,-0.65,0.07,0.99,4.01,0.0407,False,-0.47,False,-0.92,1.833,1.085,-0.9753,-5.21,0.912,31.0,-3.29,44.0,2.83,13.83,12069639.0,,,12.1,0.9678615574783683,0.957972805933251,0.9938195302843016,0.4758961681087763,0.6903584672435105,0.7212608158220025,0.7676143386897404,0.8012,0.8123,0.7138
PUBM,PubMatic Inc,Technology,Software - Application,,123.63,76.36,10.55,-11.14,4.17,6.62,44.45,130.52,1.57,-1.6200000000000003,1.5,677130.0,0.0,18.88,Aug 06/a,20.92,859970000.0,HIGH,10.58,4.03,1.17,15.24,0.1723,True,9.06,True,17.7,3.678,2.473,-2.5912,-3.07,1.247,2.0,6.56,35.0,37.98,18.6,12228252.0,,,12.5,0.580964153275649,0.9864029666254636,0.6019777503090236,0.826946847960445,0.8325092707045736,0.9641532756489494,0.9338689740420272,0.7988,0.8039,0.8011
CNK,Cinemark Holdings Inc,Communication Services,Entertainment,21.07,14.5,87.86,15.509999999999998,-1.2,2.15,7.01,15.86,35.01,1.03,-2.81,1.77,2460000.0,0.0,37.88,Jul 30/b,40.23,4390000000.0,HIGH,4.95,4.19,0.92,9.61,0.1049,True,6.65,True,5.72,3.018,4.369,-1.8798,-3.1,1.084,1.0,2.14,41.0,8.25,37.77,80363679.0,,,6.5,0.7762669962917181,0.9851668726823238,0.8448702101359703,0.6860321384425216,0.6186650185414091,0.8739184177997528,0.865265760197775,0.7975,0.7852,0.7387
KRP,Kimbell Royalty Partners LP,Energy,Oil & Gas E&P,20.83,14.75,1882.2099999999998,37.76,-0.08,-0.62,3.87,2.56,0.61,0.42,-6.329999999999999,1.57,855330.0,0.08,14.8,Aug 07/b,20.17,1900000000.0,HIGH,-2.28,0.9,0.82,2.38,0.0659,False,-1.54,False,-2.27,1.777,1.51,-1.1881,-6.91,1.224,25.0,-3.96,35.0,0.41,14.57,15294367.0,,,38.4,0.9443757725587144,0.9171817058096415,0.9468479604449939,0.8090234857849197,0.49814585908529047,0.6662546353522868,0.7082818294190358,0.797,0.7168,0.7294
LFST,LifeStance Health Group Inc,Healthcare,Medical Care Facilities,90.62,53.69,722.45,26.08,-36.24,12.809999999999999,6.23,13.930000000000001,86.39,1.24,-13.13,1.45,4640000.0,0.0,11.78,Aug 06/b,14.2,4500000000.0,HIGH,-3.82,-6.55,1.32,0.84,0.1254,False,-6.2,False,-1.08,4.063,2.407,-1.8348,-12.68,1.169,10.0,-8.71,36.0,14.18,11.84,74963652.0,,,19.9,0.796044499381953,0.784301606922126,0.7750309023485785,0.7700865265760197,0.8936959208899876,0.7126081582200248,0.6563658838071693,0.7886,0.7632,0.7931
PRCH,Porch Group Inc,Financial,Insurance - Property & Casualty,,60.97,136.73,18.1,-10.2,1.71,19.19,13.36,144.82,3.16,-9.91,1.25,1740000.0,0.0,16.55,Jul 29/a,20.69,1880000000.0,HIGH,-5.0,-0.66,1.71,-0.34,0.1574,False,-1.31,True,4.35,5.153,6.655,-2.4615,-10.02,1.162,17.0,-4.75,41.0,33.74,16.53,25666180.0,,,25.2,0.6168108776266996,0.8590852904820766,0.6514215080346106,0.765142150803461,0.9635352286773795,0.8516687268232386,0.6093943139678616,0.7846,0.7282,0.7993
ADMA,Adma Biologics Inc,Healthcare,Biotechnology,13.31,9.94,19.33,1.9799999999999998,0.34,-4.06,11.28,12.07,1.41,0.7,-54.15,1.33,2670000.0,0.07,9.38,Aug 05/a,18.67,2100000000.0,HIGH,0.43,-1.32,1.26,5.09,0.1247,True,0.32,True,1.23,3.697,4.211,-2.2662,-9.37,1.116,4.0,-1.32,36.0,1.3,9.38,26393313.0,,,99.0,0.6724351050679852,0.8751545117428925,0.776885043263288,0.7200247218788628,0.8702101359703337,0.788627935723115,0.7985166872682324,0.7839,0.8135,0.7628
ORIC,ORIC Pharmaceuticals Inc,Healthcare,Biotechnology,,,17.45,,-0.26,6.41,25.7,28.999999999999996,8.62,0.98,-12.26,1.13,1540000.0,0.01,13.1,Aug 03/a,21.08,1360000000.0,HIGH,-0.6,3.87,1.75,4.06,0.1228,True,2.76,True,3.32,5.075,4.179,-2.6532,-10.35,1.105,28.0,-1.64,38.0,24.15,13.16,18251496.0,,,60.2,0.5624227441285538,0.8467243510506799,0.7830655129789864,0.707663782447466,0.9678615574783683,0.8337453646477132,0.76946847960445,0.7836,0.8331,0.7679
LADR,Ladder Capital Corp,Real Estate,REIT - Mortgage,21.94,8.14,-15.15,15.509999999999998,-0.22,5.24,5.42,-10.77,-5.79,0.99,-20.64,1.29,1190000.0,0.02,9.11,Jul 23/b,12.0,1160000000.0,HIGH,-7.54,-3.92,1.2,-2.88,0.1054,False,-5.12,False,-6.55,1.88,1.872,-0.9521,-14.26,1.226,27.0,-8.38,46.0,-4.82,9.08,12041137.0,,,32.2,0.9703337453646477,0.7255871446229913,0.8430160692212608,0.8108776266996292,0.8430160692212608,0.49134734239802225,0.5105067985166872,0.7807,0.71,0.7789
CUZ,Cousins Properties Inc,Real Estate,REIT - Office,726.6,61.29,84.5,11.83,-0.27,-1.23,7.43,-5.77,33.13,1.17,-13.780000000000001,1.36,1510000.0,0.04,28.41,Jul 30/a,33.55,4680000000.0,HIGH,-2.68,-0.03,0.94,1.98,0.0642,True,0.47,False,-3.63,2.097,1.606,-1.2072,-13.05,1.158,42.0,-9.65,40.0,-9.19,28.65,42161514.0,,,17.1,0.9406674907292955,0.765142150803461,0.9524103831891224,0.7601977750309024,0.6409147095179234,0.6217552533992583,0.6953028430160693,0.7802,0.7561,0.7409
EFC,Ellington Financial Inc,Real Estate,REIT - Mortgage,7.61,6.32,-2.15,31.72,0.0,1.29,6.18,-8.63,8.14,0.95,-11.54,1.57,1240000.0,0.03,12.49,Aug 06/a,14.86,1610000000.0,HIGH,-8.92,-1.98,1.2,-4.26,0.1291,False,-4.35,False,-6.81,1.786,1.861,-0.9336,-10.69,1.202,27.0,-9.18,35.0,-5.94,12.36,16792726.0,,,20.2,0.9752781211372065,0.8325092707045736,0.7546353522867738,0.7917181705809642,0.8430160692212608,0.4820766378244747,0.4622991347342398,0.7799,0.6642,0.773
UMBF,UMB Financial Corp,Financial,Banks - Regional,11.28,9.7,25.929999999999996,6.23,-5.36,3.2400000000000007,4.98,-4.56,24.36,0.83,-11.62,1.65,644030.0,0.01,135.5,Jul 28/a,167.47,2770000000.0,HIGH,-6.07,1.71,1.06,-1.41,0.1092,False,-1.9,False,-4.92,1.988,1.414,-1.3068,-11.41,1.224,32.0,-7.94,42.0,-5.67,135.82,92576534.0,,,23.3,0.9208899876390606,0.8195302843016069,0.8331273176761433,0.8090234857849197,0.738566131025958,0.5543881334981459,0.5735475896168108,0.7793,0.7009,0.7557
INVA,Innoviva Inc,Healthcare,Biotechnology,5.11,9.28,-247.03999999999996,18.61,0.0,-1.42,10.02,-9.29,-7.37,0.39,-16.52,1.8,841790.0,0.01,20.99,Aug 05/a,35.0,1520000000.0,HIGH,-1.1,-1.43,0.62,3.56,0.0562,False,-1.09,False,-1.53,2.473,2.073,-1.3354,-8.75,1.933,,,36.0,1.12,20.74,21054485.0,,,68.8,0.9085290482076638,0.8875154511742892,0.9728059332509271,0.9678615574783683,0.2126081582200247,0.69221260815822,0.7589616810877626,0.7736,0.6592,0.6953
PRDO,Perdoceo Education Corp,Consumer Defensive,Education & Training Services,11.08,9.8,22.43,1.8000000000000003,-7.13,2.04,6.67,-8.52,-19.53,0.71,-20.81,1.0,720090.0,0.0,30.49,Aug 06/a,44.0,1910000000.0,HIGH,-9.17,-5.69,1.29,-4.51,0.0997,False,-6.63,False,-5.83,3.425,4.821,-1.2573,-17.77,1.204,55.0,-14.43,35.0,-6.04,30.49,21668957.0,,,44.3,0.9283065512978986,0.6378244746600742,0.8627935723114957,0.7954264524103832,0.8868974042027195,0.522867737948084,0.45859085290482077,0.7724,0.7083,0.7834
HNI,HNI Corp,Consumer Cyclical,"Furnishings, Fixtures & Appliances",428.79,9.76,-30.75,120.72,-6.819999999999999,5.28,5.99,19.19,34.08,0.92,-10.57,1.0,612830.0,0.0,47.21,Jul 30/b,69.75,3410000000.0,HIGH,-3.91,2.16,0.88,0.75,0.0906,False,-0.22,True,0.82,2.726,3.262,-1.7336,-6.35,1.0,21.0,-5.43,41.0,10.36,47.21,28171270.0,,,47.7,0.8244746600741656,0.9295426452410384,0.8986402966625464,0.584672435105068,0.5754017305315204,0.7719406674907293,0.6489493201483313,0.7641,0.7018,0.6891
CNO,CNO Financial Group Inc,Financial,Insurance - Life,18.57,10.61,44.99,11.28,-4.84,-0.1,2.42,3.55,36.49,0.81,-6.27,2.71,903380.0,0.0,53.98,Jul 30/a,57.8,4990000000.0,HIGH,-2.51,-0.77,0.62,2.15,0.0616,False,-1.93,False,-1.01,2.157,1.686,-1.1292,-6.27,1.213,16.0,-2.42,40.0,0.92,53.98,66147833.0,,,7.1,0.9505562422744128,0.9351050679851669,0.9604449938195303,0.8009888751545118,0.2126081582200247,0.715698393077874,0.7021013597033374,0.7626,0.6328,0.67
MFIC,MidCap Financial Investment Corp,Financial,Asset Management,,7.12,-209.22,6.860000000000001,0.0,,3.44,-11.74,-17.71,0.67,-28.970000000000002,2.5,533670.0,0.01,8.88,Aug 06/b,10.41,731360000.0,HIGH,-7.69,-1.99,1.45,-3.03,0.1327,False,-3.81,False,-6.53,2.075,1.351,-1.3475,-13.37,1.151,,,36.0,-6.33,8.88,4828925.0,,,17.2,0.9048207663782447,0.7527812113720643,0.7404202719406675,0.7533992583436341,0.9245982694684796,0.49443757725587145,0.5043263288009888,0.7617,0.7012,0.7693
NHP,National Healthcare Properties Inc,Real Estate,REIT - Healthcare Facilities,,503.08,62.96000000000001,2.58,0.0,53.949999999999996,8.74,11.53,,,-6.36,2.0,718500.0,0.0,16.35,Aug 05/a,18.94,316830000.0,HIGH,-0.19,-1.78,0.64,4.47,0.0394,False,-0.59,False,-0.93,3.084,4.991,-1.3766,-8.19,1.236,26.0,-5.04,36.0,0.0,16.03,10372164.0,,,18.2,0.8949320148331273,0.8974042027194067,0.9950556242274413,0.8195302843016069,0.23856613102595797,0.7194066749072929,0.7812113720642769,0.7608,0.6826,0.6681
ACCO,Acco Brands Corp,Industrials,Business Equipment & Supplies,7.09,4.57,-52.96999999999999,5.14,-2.19,0.61,7.67,3.04,49.66,1.18,-3.47,1.0,747940.0,0.0,4.4,Jul 30/a,8.0,406160000.0,HIGH,0.47,3.36,0.99,5.13,0.0591,True,0.74,True,1.36,2.867,1.392,-1.7676,-5.48,0.832,15.0,-0.69,40.0,2.13,4.31,3059328.0,,,85.6,0.8158220024721878,0.9493201483312732,0.9666254635352287,0.3430160692212608,0.6903584672435105,0.7898640296662547,0.799752781211372,0.7592,0.817,0.6598
PFS,Provident Financial Services Inc,Financial,Banks - Regional,9.53,8.81,8.65,4.33,-1.1,1.6500000000000001,5.01,-3.38,9.18,0.82,-10.4,1.67,934630.0,0.0,22.84,Jul 29/a,27.58,2980000000.0,HIGH,-2.85,-0.39,1.09,1.81,0.0578,False,-1.4,False,-4.13,1.773,1.007,-0.9219,-10.4,0.869,39.0,-7.46,41.0,-5.11,22.84,19807015.0,,,20.8,0.9789864029666254,0.8405438813349815,0.9678615574783683,0.4011124845488257,0.7632880098887516,0.595797280593325,0.6897404202719407,0.7579,0.7952,0.6848
GCT,GigaCloud Technology Inc,Technology,Software - Infrastructure,12.58,11.17,27.76,27.6,-1.48,12.72,13.02,63.9,27.72,1.64,-5.6,1.0,658860.0,0.07,53.12,Aug 06/b,65.5,1900000000.0,HIGH,1.95,1.73,0.86,6.61,0.1267,True,3.87,True,11.04,4.773,4.329,-2.8446,-4.07,1.239,2.0,2.82,36.0,16.74,53.98,35487111.0,,,21.3,0.4919653893695921,0.9752781211372065,0.76946847960445,0.8213844252163165,0.5482076637824475,0.930778739184178,0.8318912237330037,0.7562,0.7281,0.6981
AZTA,Azenta Inc,Healthcare,Medical Instruments & Supplies,,61.8,104.69999999999999,11.97,1.52,-7.109999999999999,12.48,32.03,69.25,1.53,-19.29,2.0,744710.0,0.07,33.68,Aug 04/a,34.8,1480000000.0,HIGH,3.25,0.8,0.91,7.91,0.1708,True,4.85,True,7.38,3.131,2.116,-1.8424,-9.26,1.129,4.0,0.8,37.0,12.91,34.02,27835318.0,,,2.3,0.7935723114956736,0.8794808405438813,0.6044499381953028,0.7311495673671199,0.6069221260815822,0.9011124845488258,0.8529048207663782,0.7528,0.7046,0.7582
XHR,Xenia Hotels & Resorts Inc,Real Estate,REIT - Hotel & Motel,,25.24,-137.67,2.75,-17.71,-1.81,3.54,-12.689999999999998,20.25,1.2,-17.63,2.17,789940.0,0.0,18.17,Jul 30/b,21.12,1680000000.0,HIGH,-6.63,1.74,1.1,-1.97,0.1068,True,1.12,False,-5.59,2.14,2.174,-1.2425,-17.63,1.191,45.0,-13.6,41.0,-9.51,18.17,16615568.0,,,16.2,0.9320148331273177,0.6458590852904821,0.838689740420272,0.7861557478368356,0.7744128553770087,0.534610630407911,0.546353522867738,0.752,0.7025,0.7568
EXPO,Exponent Inc,Industrials,Engineering & Construction,28.81,24.39,16.39,20.89,-4.31,-2.51,6.57,7.5,-0.45000000000000007,0.69,-21.68,1.6,503590.0,0.07,64.18,Jul 30/a,84.0,3050000000.0,HIGH,-10.28,-4.38,1.16,-5.62,0.118,False,-5.59,False,-4.31,2.672,1.698,-1.238,-10.76,0.957,21.0,-8.76,40.0,-0.6,64.18,33584053.0,,,30.9,0.9332509270704573,0.8294190358467244,0.8022249690976514,0.5241038318912238,0.826946847960445,0.588380716934487,0.40914709517923364,0.7507,0.6524,0.7182
CLMT,Calumet Inc,Basic Materials,Specialty Chemicals,,24.71,35.75,40.77,-3.29,-0.0,6.48,52.33,70.24,0.78,-8.83,2.33,1280000.0,0.01,54.58,Aug 07/b,53.4,4800000000.0,HIGH,12.36,-7.69,1.1,17.02,0.2207,False,-2.29,True,9.73,4.579,3.001,-2.2122,-10.39,1.261,9.0,-5.13,35.0,35.89,53.65,82411480.0,,,-0.5,0.6909765142150803,0.8430160692212608,0.43881334981458586,0.8343634116192831,0.7744128553770087,0.9221260815822002,0.9493201483312732,0.7506,0.7437,0.8055
AVPT,AvePoint Inc,Technology,Software - Infrastructure,40.69,25.93,957.63,22.03,-0.18,5.33,7.77,16.08,36.12,1.17,-17.52,1.57,2069999.9999999998,0.29,12.85,Aug 06/a,16.8,2720000000.0,HIGH,-7.14,-2.69,1.67,-2.48,0.1033,False,-2.41,False,-1.35,3.371,1.923,-2.2229,-9.63,0.88,21.0,-1.59,35.0,1.64,13.0,22721477.0,,,29.2,0.688504326328801,0.8665018541409147,0.8510506798516687,0.4276885043263288,0.953646477132262,0.7021013597033374,0.5222496909765142,0.7482,0.7503,0.693
NWBI,Northwest Bancshares Inc,Financial,Banks - Regional,14.68,10.58,38.52,18.31,0.14,1.7000000000000002,6.25,1.59,23.27,0.69,-5.26,2.75,1080000.0,0.0,15.31,Jul 27/a,16.57,2240000000.0,HIGH,-0.2,0.07,0.73,4.46,0.0408,False,-0.47,False,-1.2,1.661,0.98,-0.8447,-5.26,0.907,38.0,-3.59,43.0,-0.65,15.31,17263895.0,,,8.2,0.9876390605686032,0.9567367119901112,0.992583436341162,0.46971569839307786,0.3658838071693449,0.7095179233621756,0.7799752781211372,0.747,0.7195,0.6332
BLFS,Biolife Solutions Inc,Healthcare,Medical Instruments & Supplies,39.8,123.37,376.1,11.98,-41.96,-6.09,8.22,34.25,95.88,1.83,-1.03,3.0,1120000.0,0.0,38.49,Aug 06/a,30.86,1880000000.0,HIGH,5.8,3.52,1.08,10.46,0.1304,True,5.84,True,10.97,2.283,1.455,-1.7629,-1.03,0.756,2.0,1.99,35.0,13.44,38.49,33540646.0,,,-19.8,0.8182941903584673,0.9950556242274413,0.7466007416563658,0.23362175525339926,0.754017305315204,0.9295426452410384,0.8825710754017305,0.7462,0.8032,0.6839
FHB,First Hawaiian INC,Financial,Banks - Regional,10.96,10.05,3.04,0.71,0.0,4.11,9.77,-14.550000000000002,2.68,0.75,-17.43,3.45,2270000.0,0.0,25.25,Jul 24/b,30.78,3070000000.0,HIGH,-2.09,-0.98,0.88,2.57,0.0508,False,-1.36,False,-5.74,1.784,0.97,-0.968,-17.43,1.171,,,45.0,-10.17,25.25,52870818.0,,,21.9,0.969097651421508,0.6520395550061805,0.9820766378244746,0.7713226205191595,0.5754017305315204,0.5265760197775031,0.7194066749072929,0.7461,0.755,0.7106
SBH,Sally Beauty Holdings Inc,Consumer Cyclical,Specialty Retail,8.93,7.67,24.72,0.22999999999999998,-3.2300000000000004,0.61,21.55,18.81,24.4,1.03,-4.13,2.4,1330000.0,0.0,17.18,Aug 03/b,17.0,1610000000.0,HIGH,3.81,6.58,0.8,8.47,0.1085,True,5.38,True,6.91,3.235,2.386,-1.8471,-0.64,0.914,2.0,2.57,39.0,14.76,17.18,20393171.0,,,-1.0,0.7873918417799752,0.9975278121137207,0.8355995055624228,0.4814585908529048,0.4721878862793572,0.8936959208899876,0.8572311495673671,0.7446,0.7352,0.6587
CURB,Curbline Properties Corp,Real Estate,REIT - Retail,104.71,117.12,-35.79,52.98,-15.61,17.65,12.97,-10.11,10.96,0.58,-11.48,1.44,1540000.0,0.0,28.46,Jul 28/b,34.31,3270000000.0,HIGH,-5.1,-0.7,1.09,-0.44,0.073,False,-2.21,False,-4.72,2.036,1.985,-0.935,-11.48,0.869,48.0,-9.02,43.0,-9.77,28.46,44992039.0,,,20.6,0.9740420271940667,0.8170580964153276,0.9369592088998764,0.4011124845488257,0.7632880098887516,0.5667490729295427,0.6056860321384425,0.7432,0.7523,0.6763
KBR,KBR Inc,Industrials,Engineering & Construction,10.47,8.59,2.65,1.6399999999999997,1.55,5.86,7.41,2.94,-6.22,0.47,-28.190000000000005,2.22,1540000.0,0.0,34.7,Jul 30/b,44.17,4370000000.0,HIGH,-9.18,-3.36,1.08,-4.52,0.1048,False,-5.13,False,-6.18,3.054,2.229,-1.3252,-11.32,1.019,25.0,-8.87,41.0,0.49,34.54,47125906.0,,,27.9,0.9122373300370828,0.8207663782447466,0.8467243510506799,0.6093943139678616,0.754017305315204,0.5129789864029666,0.4573547589616811,0.7427,0.6632,0.6972
HASI,HA Sustainable Infrastructure Capital Inc,Financial,Asset Management,70.51,10.87,21.14,40.97,0.0,3.27,11.17,-7.06,-0.36,1.42,-17.97,1.44,1020000.0,0.0,36.2,Aug 06/a,49.33,4650000000.0,HIGH,-8.9,-1.59,1.88,-4.24,0.1471,False,-3.66,False,-6.27,2.609,2.25,-1.5855,-15.35,1.141,33.0,-10.18,35.0,-4.71,36.44,46442144.0,,,35.4,0.8491965389369592,0.69221260815822,0.6854140914709518,0.7428924598269468,0.9728059332509271,0.5092707045735476,0.4635352286773795,0.742,0.6829,0.7685
APLE,Apple Hospitality REIT Inc,Real Estate,REIT - Hotel & Motel,21.84,21.8,6.05,4.73,0.03,-0.16,7.53,-4.14,40.91,0.92,-6.309999999999999,2.55,2790000.0,0.0,16.19,Aug 05/a,17.17,3820000000.0,HIGH,-2.18,3.25,0.76,2.48,0.0771,True,3.12,True,0.26,1.953,2.224,-1.3641,-6.31,0.947,48.0,-4.2,36.0,1.25,16.19,41235565.0,,,6.1,0.899876390605686,0.930778739184178,0.9258343634116193,0.5135970333745364,0.4122373300370828,0.7533992583436341,0.7132262051915945,0.7393,0.6867,0.6448
FCPT,Four Corners Property Trust Inc,Real Estate,REIT - Retail,20.13,19.33,-1.12,7.6499999999999995,0.26,0.2,4.2,-12.46,-6.370000000000001,0.8,-17.35,2.2,904300.0,0.0,22.2,Jul 29/a,27.7,2440000000.0,HIGH,-12.01,-1.86,1.5,-7.35,0.1874,False,-6.39,False,-10.37,2.059,2.523,-0.7376,-17.35,1.611,49.0,-15.69,41.0,-13.08,22.2,27088969.0,,,24.8,0.9950556242274413,0.6563658838071693,0.5438813349814586,0.9357231149567367,0.934487021013597,0.3695920889987639,0.3380716934487021,0.7392,0.5787,0.8087
SKT,Tanger Inc,Real Estate,REIT - Retail,31.82,31.12,8.9,11.15,-0.52,1.05,6.1,-13.22,2.93,1.09,-18.33,2.73,923540.0,0.0,34.73,Aug 04/a,41.0,3990000000.0,HIGH,-7.95,-2.61,1.21,-3.29,0.1096,False,-4.66,False,-9.73,1.789,1.9,-0.6467,-18.34,1.137,43.0,-16.91,37.0,-14.35,34.73,31819147.0,,,18.1,1.0,0.619283065512979,0.8318912237330037,0.738566131025958,0.8485784919653894,0.39555006180469715,0.49814585908529047,0.739,0.7034,0.7457
SPSC,SPS Commerce Inc,Technology,Software - Application,39.34,15.3,-63.75999999999999,5.56,-0.24,1.29,9.23,41.27,49.57,0.62,-29.049999999999997,2.79,583650.0,0.14,81.5,Jul 30/a,75.45,2930000000.0,HIGH,-4.26,-0.43,1.32,0.4,0.1034,False,-0.53,True,6.27,4.217,2.829,-2.364,-9.1,0.791,21.0,1.02,40.0,23.5,81.3,45383209.0,,,-7.2,0.646477132262052,0.8850432632880099,0.8491965389369592,0.27564894932014833,0.8936959208899876,0.8800988875154512,0.6427688504326329,0.7384,0.78,0.674
TOWN,Townebank Portsmouth VA,Financial,Banks - Regional,10.2,10.38,304.51,86.68,,2.3,2.9,0.0,11.04,0.73,-6.83,2.25,619350.0,0.0,36.36,Jul 23/b,40.0,3360000000.0,HIGH,-2.86,-0.93,0.83,1.8,0.0478,False,-1.65,False,-2.54,1.613,1.018,-0.9413,-6.84,0.856,44.0,-0.79,46.0,1.14,36.36,18334011.0,,,10.0,0.9715698393077874,0.9184177997527813,0.9864029666254636,0.3788627935723115,0.5135970333745364,0.6588380716934487,0.6878862793572311,0.7379,0.7252,0.6307
MH,McGraw Hill Inc,Consumer Defensive,Education & Training Services,26.26,6.13,9980.0,2.65,0.01,-3.2300000000000004,9.62,37.03,-2.53,-0.83,-29.28,1.23,710910.0,0.01,12.73,Aug 13/b,17.92,2440000000.0,HIGH,-3.71,-4.0,1.23,0.95,0.1365,False,-2.38,True,4.36,4.625,9.01,-3.0462,-10.22,1.103,3.0,-5.98,31.0,9.74,12.73,6597039.0,,,40.8,0.44252163164400493,0.8504326328800988,0.7206427688504327,0.7045735475896168,0.8559950556242274,0.8529048207663782,0.6600741656365884,0.7378,0.737,0.714
CRC,California Resources Corp,Energy,Oil & Gas E&P,,13.2,199.18,33.01,-0.97,-2.25,4.5,0.59,-23.17,1.01,-26.49,1.38,855340.0,0.13,52.91,Aug 10/b,75.71,4700000000.0,HIGH,0.54,-0.47,1.01,5.2,0.1277,False,-3.1,False,-1.4,3.452,2.838,-1.9717,-9.48,1.019,9.0,-5.88,34.0,0.83,52.51,50202880.0,,,44.2,0.7515451174289246,0.869592088998764,0.7632880098887516,0.6093943139678616,0.7119901112484549,0.700247218788628,0.8009888751545118,0.7343,0.763,0.6933
CTKB,Cytek BioSciences Inc,Healthcare,Medical Devices,,,-113.40999999999998,5.57,0.0,-5.29,4.41,26.119999999999997,23.36,1.19,-8.58,2.0,1030000.0,0.0,5.65,Aug 05/a,5.56,734410000.0,HIGH,20.73,7.01,1.14,25.39,0.3359,True,13.15,True,19.88,4.475,3.186,-2.8747,-3.42,1.886,2.0,-0.53,36.0,35.82,5.65,6736262.0,,,-1.6,0.4894932014833127,0.9814585908529048,0.17923362175525337,0.965389369592089,0.811495673671199,0.9765142150803461,0.9765142150803461,0.7339,0.6878,0.8107
DX,Dynex Capital Inc,Real Estate,REIT - Mortgage,4.32,7.05,653.65,170.93,0.1,6.88,6.72,-14.180000000000001,-7.06,0.95,-24.24,1.67,5880000.0,0.06,11.31,Jul 20/b,14.75,2810000000.0,HIGH,-12.16,-6.05,1.44,-7.5,0.1602,False,-8.43,False,-10.81,2.211,2.646,-1.1511,-16.56,1.327,28.0,-13.24,49.0,-13.57,11.34,78628634.0,,,30.1,0.9480840543881335,0.6687268232385661,0.6452410383189122,0.8640296662546354,0.9208899876390606,0.3553770086526576,0.3288009888751545,0.7337,0.6014,0.7721
VIA,Via Transportation Inc,Technology,Software - Application,,70.39,9.93,26.669999999999998,0.18,-0.32,19.39,68.25,106.82000000000001,1.32,-46.72,1.1,936160.0,0.0,29.41,Aug 06/b,35.0,2400000000.0,HIGH,2.94,7.61,0.98,7.6,0.1757,True,6.64,True,19.05,4.819,4.94,-2.8067,-4.33,1.09,3.0,3.67,36.0,37.69,29.41,24793610.0,,,19.0,0.4969097651421508,0.9740420271940667,0.5859085290482077,0.6909765142150803,0.6773794808405439,0.9728059332509271,0.8479604449938195,0.733,0.7182,0.7095
DRH,Diamondrock Hospitality Co,Real Estate,REIT - Hotel & Motel,17.31,18.75,137.81,4.11,-1.46,1.44,7.03,1.87,34.0,1.03,-9.43,2.07,2730000.0,0.0,12.49,Jul 30/a,13.96,2560000000.0,HIGH,-1.65,1.79,0.68,3.01,0.0565,True,1.93,False,-0.44,2.139,2.162,-1.3111,-9.43,1.008,40.0,-3.25,40.0,-3.25,12.49,35760942.0,,,11.8,0.9196538936959209,0.8739184177997528,0.9703337453646477,0.5951792336217553,0.29913473423980225,0.7391841779975278,0.7367119901112484,0.7329,0.6755,0.6383
AVA,Avista Corp,Utilities,Utilities - Diversified,12.69,12.55,142.99,0.49,-0.76,4.57,5.0,-15.939999999999998,-11.34,0.21,-19.29,3.0,676620.0,0.0,35.11,Aug 03/b,40.25,2940000000.0,HIGH,-6.77,-2.74,1.18,-2.11,0.0916,False,-4.36,False,-8.71,1.646,1.709,-0.8272,-18.54,1.039,51.0,-15.32,39.0,-11.23,35.11,26736256.0,,,14.6,0.9888751545117429,0.6131025957972805,0.8918417799752781,0.6409147095179234,0.8362175525339925,0.4215080346106304,0.542027194066749,0.7321,0.7352,0.7219
PD,Pagerduty Inc,Technology,Software - Application,7.17,9.75,-42.49,0.83,-9.91,0.65,11.91,52.61,138.18,0.98,-15.35,2.8,1570000.0,0.0,14.31,Aug 27/a,12.64,1130000000.0,HIGH,3.98,-0.55,0.93,8.64,0.1275,True,1.41,True,16.51,3.812,3.547,-3.2275,-4.45,1.071,2.0,-3.03,20.0,13.86,14.38,25327013.0,,,-12.1,0.3856613102595797,0.9728059332509271,0.7663782447466008,0.6724351050679852,0.6310259579728059,0.9592088998763906,0.8590852904820766,0.7313,0.7629,0.6621
NEO,Neogenomics Inc,Healthcare,Diagnostics & Research,,56.77,104.85,11.21,-1.23,9.59,13.26,34.74,167.04,1.79,-4.24,1.67,2450000.0,0.01,19.2,Jul 28/a,19.72,2470000000.0,HIGH,7.09,-0.41,1.01,11.75,0.1981,True,5.23,True,15.18,4.338,4.553,-2.8832,-3.59,1.146,9.0,5.0,42.0,44.25,19.33,37046961.0,,,2.0,0.48825710754017304,0.9789864029666254,0.5067985166872682,0.7490729295426453,0.7119901112484549,0.9517923362175525,0.8893695920889988,0.7311,0.7214,0.7253
MDU,MDU Resources Group Inc,Utilities,Utilities - Regulated Gas,19.73,17.75,49.4,6.87,0.0,-0.37,8.38,-14.26,-9.06,0.72,-18.36,1.78,1630000.0,0.0,18.76,Aug 06/b,23.71,3950000000.0,HIGH,-5.2,1.08,0.92,-0.54,0.1197,False,-1.98,False,-5.9,2.037,2.239,-1.0377,-13.19,1.116,,,36.0,-6.29,18.76,37968232.0,,,26.4,0.9616810877626699,0.7589616810877626,0.7935723114956736,0.7200247218788628,0.6186650185414091,0.5197775030902348,0.5988875154511742,0.7288,0.6632,0.705
SBCF,Seacoast Banking Corp Of Florida,Financial,Banks - Regional,21.02,11.92,9.83,30.010000000000005,-3.07,2.3,5.46,-1.26,10.32,0.91,-8.93,2.5,990710.0,0.0,33.03,Jul 28/a,37.04,3200000000.0,HIGH,-3.9,-0.78,0.96,0.76,0.0758,False,-2.12,False,-3.49,2.067,1.181,-1.3433,-8.93,0.849,32.0,-6.62,42.0,-1.84,33.03,27137127.0,,,12.1,0.907292954264524,0.8862793572311496,0.9295426452410384,0.3646477132262052,0.6588380716934487,0.6242274412855378,0.6508034610630408,0.7285,0.7368,0.6388
GCMG,GCM Grosvenor Inc,Financial,Asset Management,25.38,12.14,136.14,12.950000000000001,-9.94,-0.43,2.02,7.51,38.68,0.88,-11.84,1.4,523919.99999999994,0.0,13.11,Aug 10/b,15.5,2660000000.0,HIGH,-4.96,-1.88,0.81,-0.3,0.1001,False,-0.26,False,-0.82,2.807,2.914,-1.7501,-12.28,1.074,31.0,-6.32,34.0,-3.98,13.04,6752124.0,,,18.9,0.8207663782447466,0.7911001236093943,0.861557478368356,0.6792336217552534,0.48393077873918416,0.7243510506798516,0.6118665018541409,0.7268,0.6484,0.6771
FUL,H.B. Fuller Company,Basic Materials,Specialty Chemicals,13.94,9.53,18.45,5.17,-2.16,-2.84,5.46,-20.85,-12.16,0.98,-27.060000000000002,1.67,783770.0,0.0,50.06,Sep 23/a,69.71,2690000000.0,HIGH,-11.16,0.87,1.4,-6.5,0.1505,False,-3.56,False,-10.22,3.694,9.349,-1.245,-22.07,1.872,30.0,-16.77,2.0,0.12,50.06,41867841.0,,,39.3,0.930778739184178,0.5043263288009888,0.6724351050679851,0.9641532756489494,0.9091470951792336,0.377008652657602,0.3720642768850433,0.7263,0.6233,0.7953
HAE,Haemonetics Corp,Healthcare,Medical Devices,51.36,18.23,2.63,5.6,0.0,3.4000000000000004,7.67,36.24,89.66,0.61,-4.66,1.67,716470.0,0.0,105.3,Aug 06/b,111.5,4790000000.0,HIGH,1.29,-3.15,0.82,5.95,0.0916,True,0.4,True,9.51,2.59,1.776,-1.2331,-4.66,0.669,25.0,-2.7,36.0,25.96,105.3,63014575.0,,,5.9,0.9369592088998764,0.9678615574783683,0.8918417799752781,0.13720642768850433,0.49814585908529047,0.9208899876390606,0.8207663782447466,0.7255,0.7453,0.6233
TALO,Talos Energy Inc,Energy,Oil & Gas E&P,,16.89,183.96,56.53,-10.38,0.88,7.37,22.16,-1.5,0.42,-12.839999999999998,1.69,2040000.0,0.02,16.32,Aug 04/a,20.18,2730000000.0,HIGH,-1.2,0.3,1.09,3.46,0.1217,False,-3.85,True,2.24,4.189,3.157,-2.4374,-12.04,0.981,9.0,-6.74,37.0,16.15,16.47,36056521.0,,,22.5,0.6205191594561187,0.7991347342398022,0.792336217552534,0.5587144622991347,0.7632880098887516,0.8096415327564895,0.754017305315204,0.7239,0.7683,0.688
HTGC,Hercules Capital Inc,Financial,Asset Management,8.57,8.75,49.93,96.41,1.19,,5.12,7.93,23.94,0.77,-9.82,1.22,1500000.0,0.03,17.07,Jul 30/a,19.5,3190000000.0,HIGH,-2.92,-2.3,0.85,1.74,0.064,False,-2.8,True,0.0,1.865,1.473,-0.9223,-5.35,0.702,7.0,-3.41,40.0,6.46,16.97,22150384.0,,,14.9,0.9777503090234858,0.9548825710754018,0.9542645241038319,0.17058096415327564,0.5352286773794809,0.7503090234857849,0.6835599505562423,0.7238,0.7203,0.6085
RES,RPC Inc,Energy,Oil & Gas Equipment & Services,58.28,22.99,13.63,9.52,0.0,-0.34,11.43,-0.8500000000000001,-19.45,0.84,-28.43,3.5,1620000.0,0.0,5.84,Jul 30/b,6.4,1290000000.0,HIGH,-8.75,2.82,1.15,-4.09,0.2112,False,-5.86,False,-3.78,3.755,2.74,-1.8899,-13.22,1.479,13.0,-10.43,41.0,14.06,5.84,12082360.0,,,9.6,0.7737948084054388,0.7571075401730532,0.45982694684796044,0.9122373300370828,0.8195302843016069,0.61557478368356,0.4672435105067985,0.723,0.5707,0.7803
PK,Park Hotels & Resorts Inc,Real Estate,REIT - Hotel & Motel,,27.72,1036.25,1.19,0.0,10.57,18.61,8.4,51.01,1.39,-2.78,2.47,4280000.0,0.1,15.75,Aug 06/a,15.97,3170000000.0,HIGH,-2.53,1.85,0.88,2.13,0.0544,True,1.26,True,1.63,2.534,3.305,-1.4902,-4.75,0.67,24.0,-2.22,35.0,7.53,15.43,51452928.0,,,3.5,0.8702101359703337,0.965389369592089,0.977132262051916,0.13906056860321384,0.5754017305315204,0.796044499381953,0.7008652657601978,0.7205,0.7461,0.5952
TCPC,BlackRock TCP Capital Corp,Financial,Asset Management,,9.91,111.11999999999999,270.36,0.0,,5.82,20.6,17.44,1.05,-36.38,3.5,743110.0,0.02,4.04,Aug 06/b,4.33,338970000.0,HIGH,-2.67,-0.74,0.81,1.99,0.0611,False,-0.78,True,4.61,2.512,1.496,-1.5284,-5.65,0.739,31.0,0.25,36.0,14.57,4.01,2742567.0,,,8.0,0.8603213844252163,0.9431396786155748,0.9635352286773795,0.21446229913473425,0.48393077873918416,0.8566131025957973,0.6977750309023486,0.7203,0.7133,0.6038
QUBT,Quantum Computing Inc,Technology,Computer Hardware,,,79.73,9000.0,0.0,3.64,32.24,-10.58,33.18,3.74,-65.67,1.5,8540000.0,0.3,8.87,Aug 10/a,18.86,2009999999.9999998,HIGH,9.94,0.0,1.14,14.6,0.2333,True,7.7,True,6.94,4.555,3.906,-2.7073,-9.27,1.216,5.0,2.99,33.0,0.34,8.96,59487421.0,,,110.5,0.5364647713226205,0.8776266996291718,0.3943139678615575,0.8053152039555006,0.811495673671199,0.8949320148331273,0.9245982694684796,0.72,0.7316,0.7621
CCC,CCC Intelligent Solutions Holdings Inc,Technology,Software - Application,96.74,13.03,81.12,9.78,0.0,0.93,8.81,39.18,17.38,0.45,-28.550000000000004,1.69,10900000.0,0.01,6.82,Jul 30/b,8.75,4019999999.9999995,HIGH,-7.88,6.15,1.2,-3.22,0.2039,False,-0.04,True,2.23,4.527,4.203,-2.6473,-10.16,1.149,21.0,-5.48,41.0,14.05,6.9,81308461.0,,,26.8,0.5636588380716935,0.8541409147095179,0.4839307787391842,0.7503090234857849,0.8430160692212608,0.8084054388133498,0.5006180469715699,0.7172,0.5983,0.7413
SHEN,Shenandoah Telecommunications Co,Communication Services,Telecom Services,,,12.85,5.53,0.1,-0.9000000000000001,6.73,-23.62,-18.79,0.74,-31.22,1.5,665730.0,0.01,11.93,Jul 29/b,27.5,660500000.0,HIGH,-5.62,-3.05,1.07,-0.96,0.1183,False,-2.46,False,-4.01,4.063,5.187,-1.9811,-20.65,1.265,36.0,-9.54,42.0,-0.68,11.76,12873446.0,,,133.8,0.7466007416563659,0.5457354758961681,0.799752781211372,0.8380716934487021,0.7447466007416563,0.603831891223733,0.584672435105068,0.7131,0.6972,0.7333
PGEN,Precigen Inc,Healthcare,Biotechnology,,12.13,153.95,6322.66,-3.05,2.62,25.74,30.240000000000002,110.08,0.94,-6.77,1.5,5030000.0,0.02,7.71,Aug 04/a,13.67,2760000000.0,HIGH,11.51,0.65,1.53,16.17,0.23,True,7.18,True,15.11,5.272,8.258,-2.9889,-6.29,1.0,4.0,0.65,37.0,18.68,7.75,31633380.0,,,76.4,0.4647713226205192,0.9326328800988876,0.4066749072929543,0.584672435105068,0.9375772558714462,0.9505562422744128,0.9443757725587144,0.7128,0.781,0.7344
EBC,Eastern Bankshares Inc,Financial,Banks - Regional,12.13,10.04,-4.73,26.36,-0.62,11.27,7.97,-3.04,12.57,0.7,-9.99,1.5,2470000.0,0.0,21.4,Jul 23/a,25.13,4890000000.0,HIGH,-3.9,-0.28,0.82,0.76,0.0566,False,-1.28,False,-4.72,1.889,1.097,-1.0965,-9.91,0.878,30.0,-8.93,45.0,-5.31,21.42,52976642.0,,,17.3,0.9530284301606922,0.861557478368356,0.969097651421508,0.4245982694684796,0.49814585908529047,0.5667490729295427,0.6508034610630408,0.7122,0.7005,0.6106
KRNY,Kearny Financial Corp,Financial,Banks - Regional,16.3,9.41,4.82,2.23,0.58,4.63,5.05,0.65,24.8,0.62,-8.55,2.0,627610.0,0.0,9.36,Jul 23/b,10.67,607740000.0,HIGH,-4.68,-2.3,0.93,-0.02,0.0971,False,-3.81,False,-3.14,2.152,1.496,-1.264,-8.59,0.812,17.0,-4.2,46.0,2.63,9.36,5210694.0,,,14.0,0.927070457354759,0.8912237330037083,0.8689740420271941,0.31396786155747836,0.6310259579728059,0.6390605686032138,0.6279357231149567,0.7119,0.7012,0.6278
CERS,Cerus Corp,Healthcare,Medical Devices,,,50.67,9.53,-2.72,-0.53,9.44,-14.31,43.93,1.82,-26.16,1.0,2400000.0,0.0,2.56,Jul 30/a,5.12,516309999.99999994,HIGH,-1.13,2.34,1.6,3.53,0.0951,True,1.53,False,-2.0,3.435,2.29,-2.2359,-24.5,1.038,,,40.0,21.86,2.62,4332819.0,,,95.4,0.6847960444993819,0.4419035846724351,0.8751545117428925,0.6378244746600742,0.9468479604449939,0.6749072929542645,0.7571075401730532,0.7102,0.8494,0.7361
SABS,SAB Biotherapeutics Inc,Healthcare,Biotechnology,,,74.09,,0.0,0.83,4.42,-13.849999999999998,-12.73,0.57,-34.76,1.08,555930.0,0.06,3.36,Aug 06/b,11.75,305720000.0,HIGH,-13.19,-2.95,4.69,-8.53,0.1762,False,-6.69,False,-9.31,4.848,6.687,-2.0854,-19.16,1.906,21.0,-15.21,36.0,-12.73,3.29,1797863.0,,,257.1,0.7169344870210136,0.5939431396786156,0.5822002472187886,0.9666254635352287,0.9950556242274413,0.4042027194066749,0.2954264524103832,0.7098,0.5913,0.7707
SHO,Sunstone Hotel Investors Inc,Real Estate,REIT - Hotel & Motel,49.87,49.26,304.06,6.67,-3.1300000000000003,0.0,8.49,-6.12,20.97,1.02,-7.290000000000001,2.5,2510000.0,0.0,11.19,Aug 06/b,11.88,2080000000.0,HIGH,-1.24,0.9,0.77,3.42,0.0367,True,1.29,False,-0.53,1.704,1.43,-0.8588,-6.36,0.712,,,36.0,-0.89,11.19,24796813.0,,,6.2,0.9839307787391842,0.9283065512978986,0.9962917181705809,0.18170580964153277,0.4289245982694685,0.7373300370828183,0.7515451174289246,0.7094,0.7282,0.583
NTST,Netstreit Corp,Real Estate,REIT - Retail,129.0,42.26,52.629999999999995,26.8,-0.14,13.47,14.11,-15.15,-2.68,0.79,-19.23,1.58,1980000.0,0.0,18.15,Jul 22/a,22.81,1850000000.0,HIGH,-11.04,0.33,3.23,-6.38,0.1968,False,-5.84,False,-10.68,2.506,1.949,-1.3447,-18.96,1.36,51.0,-14.31,46.0,-15.66,18.21,27940314.0,,,25.3,0.9060568603213844,0.6019777503090235,0.5098887515451174,0.8776266996291718,0.992583436341162,0.36032138442521633,0.380716934487021,0.7081,0.603,0.7841
CIM,Chimera Investment Corp,Real Estate,REIT - Mortgage,,5.06,-128.21,28.32,0.0,0.78,4.15,-24.18,-16.36,1.78,-26.77,2.5,894700.0,0.07,10.38,Aug 05/b,13.5,868950000.0,HIGH,-10.09,-6.17,1.44,-5.43,0.1359,False,-7.15,False,-11.8,2.404,2.708,-1.4885,-23.01,1.562,,,37.0,-12.74,10.34,13273002.0,,,30.6,0.8714462299134734,0.47713226205191595,0.7237330037082819,0.930778739184178,0.9208899876390606,0.32138442521631644,0.42088998763906055,0.7076,0.6617,0.7611
GRND,Grindr Inc,Technology,Software - Application,31.19,20.33,18.97,32.54,-0.48,-2.4,28.37,10.87,28.7,0.19,-13.459999999999999,1.33,1590000.0,0.0,16.01,Aug 06/a,20.8,2780000000.0,HIGH,1.15,-0.76,0.92,5.81,0.0637,True,1.54,False,-0.53,3.344,2.315,-2.0357,-14.76,0.927,5.0,2.4,35.0,-4.89,15.77,19878969.0,,,31.9,0.7268232385661311,0.7132262051915945,0.9555006180469716,0.4932014833127318,0.6186650185414091,0.7373300370828183,0.8182941903584673,0.7075,0.7996,0.644
TREX,TREX Co Inc,Industrials,Building Products & Equipment,26.38,22.13,-14.57,7.79,-0.27,-6.06,10.05,-10.14,25.629999999999995,1.48,-17.77,2.23,1860000.0,0.03,44.65,Aug 04/b,54.67,4550000000.0,HIGH,-2.14,4.41,1.28,2.52,0.0945,True,1.47,False,-1.44,3.028,4.934,-2.3731,-12.11,0.835,31.0,-9.57,38.0,-0.09,44.79,69148158.0,,,22.1,0.6427688504326329,0.796044499381953,0.8813349814585909,0.34610630407911,0.8831891223733004,0.6953028430160693,0.7169344870210136,0.7075,0.8161,0.6418
AMN,AMN Healthcare Services Inc,Healthcare,Medical Care Facilities,12.81,36.64,117.60999999999999,2.29,-0.96,8.83,9.1,6.02,81.54,0.41,-7.76,2.44,727790.0,0.0,34.33,Aug 06/a,36.14,1330000000.0,HIGH,-0.17,0.93,0.79,4.49,0.0611,True,1.44,True,1.4,3.226,2.286,-1.6042,-7.15,0.779,35.0,12.21,35.0,12.21,34.56,20043725.0,,,4.6,0.8454882571075402,0.9159456118665018,0.9635352286773795,0.2626699629171817,0.4604449938195303,0.792336217552534,0.7824474660074165,0.7067,0.7402,0.5902
AVBP,ArriVent BioPharma Inc,Healthcare,Biotechnology,,,-16.83,,0.0,8.02,25.31,-16.32,30.47,1.37,-20.6,1.0,529370.0,0.0,28.45,Aug 12/a,44.91,1400000000.0,HIGH,-5.7,-4.34,1.13,-1.04,0.1364,False,-3.72,False,-5.23,4.98,7.452,-2.1911,-20.08,1.461,,,31.0,-5.17,28.45,17095745.0,,,57.9,0.6971569839307787,0.5624227441285538,0.7218788627935724,0.9097651421508035,0.799752781211372,0.546353522867738,0.5834363411619283,0.7062,0.6899,0.7383
BFH,Bread Financial Holdings Inc,Financial,Credit Services,8.05,7.52,20.14,3.66,-2.21,-9.4,7.49,-3.16,35.6,1.14,-10.15,2.12,584210.0,0.0,102.91,Jul 23/b,116.73,3950000000.0,HIGH,-2.68,-4.71,0.76,1.98,0.1145,False,-3.05,False,-3.77,3.69,3.926,-2.2644,-10.15,1.321,30.0,-7.81,46.0,1.02,102.91,64668305.0,,REVIEW,13.4,0.6749072929542645,0.8553770086526576,0.8158220024721878,0.8603213844252163,0.4122373300370828,0.6174289245982695,0.6953028430160693,0.706,0.6465,0.6412
EGY,VAALCO Energy Inc,Energy,Oil & Gas E&P,,16.33,395.23,39.5,0.0,7.73,7.98,18.18,-9.16,0.21,-12.950000000000001,1.0,1330000.0,0.02,5.85,Aug 06/a,9.59,615380000.0,HIGH,0.87,-2.35,0.91,5.53,0.1269,False,-4.08,True,1.08,3.662,2.148,-2.2278,-11.68,0.986,9.0,-7.18,35.0,12.79,5.82,8506707.0,,,64.8,0.6860321384425216,0.8133498145859085,0.7676143386897404,0.569221260815822,0.6069221260815822,0.7849196538936959,0.8108776266996292,0.7047,0.7367,0.6618
ASH,Ashland Inc,Basic Materials,Specialty Chemicals,61.92,16.32,102.16000000000001,7.339999999999999,0.0,3.08,9.74,8.98,31.629999999999995,0.39,-10.54,1.64,787280.0,0.01,70.0,Jul 28/a,80.18,3210000000.0,HIGH,-7.14,0.0,0.81,-2.48,0.1182,False,-3.07,False,-3.59,2.63,1.549,-1.1931,-11.74,0.983,35.0,-4.69,42.0,1.54,69.06,48051572.0,,,16.1,0.9419035846724351,0.8108776266996292,0.8009888751545118,0.5630407911001236,0.48393077873918416,0.622991347342398,0.5222496909765142,0.704,0.5944,0.653
ATRC,Atricure Inc,Healthcare,Medical Instruments & Supplies,274.83,142.12,241.25,12.83,-3.8900000000000006,4.44,8.77,107.32,106.02000000000001,1.27,-3.5699999999999994,1.4,1110000.0,0.0,59.5,Jul 23/a,53.33,3030000000.0,HIGH,20.27,0.1,1.05,24.93,0.2821,True,6.22,True,24.48,3.935,5.875,-2.5355,-5.38,1.075,3.0,-0.76,45.0,76.91,58.38,85487154.0,,,-8.7,0.5970333745364648,0.9530284301606922,0.26823238566131025,0.681087762669963,0.7342398022249691,0.9839307787391842,0.9752781211372065,0.7029,0.6909,0.7491
LILA,Liberty Latin America Ltd,Communication Services,Telecom Services,,69.01,93.94,1.46,2.65,-16.68,3.32,9.7,49.91,0.64,-5.62,2.6,545370.0,0.0,8.48,Aug 05/a,9.17,1660000000.0,HIGH,-0.93,-3.31,0.83,3.73,0.0627,False,-2.08,True,1.05,2.831,2.358,-1.901,-5.62,0.763,11.0,-2.53,36.0,1.19,8.48,3215275.0,,,8.1,0.7713226205191595,0.9456118665018541,0.957972805933251,0.242274412855377,0.5135970333745364,0.7836835599505563,0.7620519159456118,0.7024,0.7463,0.5777
INN,Summit Hotel Properties Inc,Real Estate,REIT - Hotel & Motel,,,319.38,3.16,0.0,-5.2,2.21,-18.81,32.26,1.27,-19.94,2.67,1090000.0,0.0,5.74,Aug 05/a,6.69,693120000.0,HIGH,-5.28,1.41,0.99,-0.62,0.0708,True,0.28,False,-7.25,2.7,2.439,-1.6138,-19.94,1.101,42.0,-16.33,36.0,-14.07,5.74,4954575.0,,,16.6,0.8417799752781211,0.5648949320148331,0.9406674907292955,0.7021013597033374,0.6903584672435105,0.4703337453646477,0.5945611866501854,0.7017,0.7271,0.6761
AVNT,Avient Corp,Basic Materials,Specialty Chemicals,22.34,11.69,22.25,5.83,0.0,2.46,4.54,8.89,13.94,1.29,-11.49,1.56,830430.0,0.0,41.28,Aug 06/b,50.75,3790000000.0,HIGH,-7.59,2.08,1.07,-2.93,0.1226,False,-1.43,False,-0.39,2.267,1.744,-1.3487,-11.49,0.741,31.0,-8.93,36.0,8.86,41.28,28264143.0,,,22.9,0.9035846724351051,0.8158220024721878,0.7849196538936959,0.21940667490729296,0.7447466007416563,0.7404202719406675,0.5092707045735476,0.7015,0.6626,0.652
COLM,Columbia Sportswear Co,Consumer Cyclical,Apparel Manufacturing,14.78,13.6,378.34,1.5,-0.05,1.16,20.03,-7.53,4.38,0.93,-17.46,2.55,649070.0,0.0,57.0,Jul 30/a,69.83,2920000000.0,HIGH,-0.71,1.53,0.83,3.95,0.0419,True,0.76,False,-1.86,2.5,2.535,-1.5195,-11.93,0.843,43.0,-9.23,40.0,-3.0,57.6,37636533.0,,,21.2,0.861557478368356,0.8046971569839307,0.9901112484548825,0.3584672435105068,0.5135970333745364,0.6798516687268232,0.7663782447466008,0.7014,0.7577,0.6034
FLYW,Flywire Corp,Technology,Software - Infrastructure,65.93,24.7,32.39,27.18,-14.38,9.34,10.39,-1.25,52.99,1.35,-11.91,1.87,1870000.0,0.0,17.38,Aug 04/a,21.29,2109999999.9999998,HIGH,-7.4,1.61,1.27,-2.74,0.1383,False,-2.72,False,-2.16,2.978,4.052,-1.7746,-11.81,0.813,25.0,-7.2,37.0,0.81,17.4,23938317.0,,,22.4,0.8121137206427689,0.8059332509270705,0.7169344870210136,0.315203955500618,0.8782447466007417,0.6699629171817059,0.5166872682323856,0.6997,0.6852,0.6689
BBT,Beacon Financial Corp,Financial,Banks - Regional,20.24,8.41,16.29,83.94,0.0,-0.58,5.55,-9.61,-4.48,0.59,-14.89,2.14,886190.0,0.0,27.94,Jul 29/a,34.83,2340000000.0,HIGH,-10.19,-1.95,1.05,-5.53,0.1782,False,-7.51,False,-8.96,2.503,1.845,-1.8667,-13.84,1.68,29.0,-12.1,41.0,-5.53,28.19,31613066.0,,,23.6,0.7812113720642769,0.7428924598269468,0.573547589616811,0.9456118665018541,0.7342398022249691,0.415327564894932,0.4177997527812114,0.6988,0.5595,0.7191
HAYW,Hayward Holdings Inc,Industrials,Electrical Equipment & Parts,17.37,13.02,2.28,6.27,-6.709999999999999,-1.03,4.14,-23.41,-6.38,1.17,-28.76,2.3,2990000.0,0.0,12.63,Jul 29/b,17.92,2680000000.0,HIGH,-10.74,-1.94,2.32,-6.08,0.1494,False,-4.29,False,-11.36,2.723,2.296,-1.5564,-26.74,1.675,37.0,-21.5,42.0,-16.41,12.63,46252484.0,,,41.9,0.8541409147095179,0.3800988875154512,0.6773794808405439,0.9443757725587144,0.9864029666254636,0.33930778739184175,0.39184177997527814,0.697,0.6559,0.7811
VRDN,Viridian Therapeutics Inc,Healthcare,Biotechnology,,,4.56,278.67,20.14,11.44,18.3,8.41,-25.629999999999995,1.09,-40.59,1.0,1920000.0,0.04,20.37,Aug 06/b,36.2,2310000000.0,HIGH,-11.31,-5.14,1.26,-6.65,0.1469,False,-7.8,False,-6.33,4.784,4.152,-2.3271,-17.66,1.228,28.0,-11.35,36.0,-2.85,20.47,36425757.0,,,76.8,0.6600741656365884,0.6427688504326329,0.6897404202719406,0.8139678615574784,0.8702101359703337,0.5030902348578492,0.35970333745364647,0.6966,0.6119,0.7118
DK,Delek US Holdings Inc,Energy,Oil & Gas Refining & Marketing,19.19,8.19,254.25999999999996,47.83,-28.000000000000004,-2.09,9.12,32.32,43.9,0.6,-17.04,2.0,1840000.0,0.0,68.25,Aug 05/b,75.0,4179999999.9999995,HIGH,-6.1,-8.78,2.01,-1.44,0.19,False,-8.56,False,-1.67,6.629,4.363,-3.2393,-17.54,1.709,9.0,-8.9,37.0,13.54,67.84,212799768.0,,,10.6,0.3819530284301607,0.6489493201483313,0.5352286773794808,0.9468479604449939,0.977132262051916,0.688504326328801,0.5710754017305315,0.6964,0.6821,0.7486
HIW,Highwoods Properties Inc,Real Estate,REIT - Office,20.13,43.9,401.14,7.93,0.0,11.75,11.27,0.64,42.95,1.07,-15.079999999999998,2.8,1520000.0,0.0,30.09,Jul 28/a,32.33,3320000000.0,HIGH,-3.4,-3.19,0.76,1.26,0.0516,False,-1.72,False,-4.76,2.348,1.795,-1.3729,-15.1,1.024,42.0,-10.55,42.0,-10.55,30.09,36622324.0,,,7.4,0.8986402966625463,0.703955500618047,0.9789864029666254,0.6168108776266996,0.4122373300370828,0.5648949320148331,0.6687268232385661,0.6959,0.6849,0.6231
IEP,Icahn Enterprises L P,Energy,Oil & Gas Refining & Marketing,,,-75.03,35.3,0.0,12.43,19.8,-2.92,-6.17,0.71,-25.0,1.0,982540.0,0.01,6.99,Aug 05/b,12.0,4970000000.0,HIGH,2.65,-2.66,0.77,7.31,0.065,True,0.26,False,-3.28,2.001,1.149,-1.2287,-11.45,0.872,5.0,-0.14,37.0,-6.7,6.96,5046386.0,,,72.4,0.9381953028430161,0.8182941903584673,0.9505562422744128,0.40976514215080345,0.4289245982694685,0.6291718170580964,0.8380716934487021,0.6958,0.7491,0.6015
GNW,Genworth Financial Inc,Financial,Insurance - Life,17.9,8.34,-0.4099999999999999,2.29,-3.2199999999999998,-2.85,2.64,-0.32,13.48,0.87,-11.79,1.0,3370000.0,0.0,9.43,Aug 05/a,11.5,3560000000.0,HIGH,-5.51,-5.98,0.96,-0.85,0.1356,False,-6.6,False,-5.66,2.992,2.121,-1.7589,-11.79,1.032,10.0,-10.1,36.0,-2.68,9.43,46203889.0,,,22.0,0.8195302843016069,0.80778739184178,0.7280593325092707,0.6279357231149567,0.6588380716934487,0.530902348578492,0.5859085290482077,0.6955,0.6504,0.6593
GSBD,Goldman Sachs BDC Inc,Financial,Asset Management,18.62,8.14,-37.23,977.6299999999999,37.32,,5.73,-0.84,7.1,0.67,-11.06,3.6,911460.0,0.01,9.6,Aug 06/a,9.19,1080000000.0,HIGH,-5.82,-2.65,0.75,-1.16,0.0866,False,-2.56,True,0.32,2.263,1.101,-1.3264,-8.05,0.801,19.0,-5.82,35.0,4.95,9.54,7878627.0,,,-3.7,0.9110012360939431,0.9035846724351051,0.9079110012360939,0.2941903584672435,0.39864029666254636,0.7564894932014833,0.580964153275649,0.6953,0.6244,0.5901
RDN,Radian Group Inc,Financial,Insurance - Specialty,8.48,6.35,-17.01,80.8,2.65,-0.56,4.27,-11.95,-0.27,0.7,-19.56,1.25,1180000.0,0.0,33.02,Aug 05/a,44.5,4370000000.0,HIGH,-9.31,-3.79,1.11,-4.65,0.1171,False,-6.81,False,-10.34,2.371,1.878,-1.2352,-19.56,1.084,42.0,-15.92,36.0,-8.94,33.02,41343756.0,,,34.8,0.934487021013597,0.57663782447466,0.8090234857849197,0.6860321384425216,0.7836835599505563,0.37330037082818296,0.45241038318912236,0.6939,0.6588,0.6944
MATV,Mativ Holdings Inc,Basic Materials,Specialty Chemicals,7.56,9.59,134.78,1.22,0.0,1.19,2.48,56.57,40.93,0.9,-22.52,1.0,564820.0,0.0,11.99,Aug 05/a,21.0,661920000.0,HIGH,-1.73,-2.3,0.73,2.93,0.0866,False,-2.3,True,6.43,3.236,3.272,-1.7645,-12.03,0.855,39.0,36.54,36.0,24.56,11.92,6185878.0,,,76.2,0.8170580964153276,0.8016069221260815,0.9079110012360939,0.37453646477132263,0.3658838071693449,0.8813349814585909,0.7330037082818294,0.6914,0.6753,0.6097
FDMT,4D Molecular Therapeutics Inc,Healthcare,Biotechnology,,,-6.2,25106.67,-6.890000000000001,16.38,23.82,11.88,54.449999999999996,2.74,-14.88,1.27,939400.0,0.02,14.41,Aug 13/a,28.0,796070000.0,HIGH,-1.36,-5.05,1.1,3.3,0.187,False,-0.06,True,10.58,6.795,5.46,-3.4146,-14.53,1.293,4.0,-5.05,30.0,24.21,14.47,13483420.0,,,93.5,0.3263288009888752,0.7206427688504327,0.546353522867738,0.8473423980222496,0.7744128553770087,0.9245982694684796,0.7490729295426453,0.6899,0.6959,0.7182
EPM,Evolution Petroleum Corp,Energy,Oil & Gas E&P,,89.75,30.079999999999995,14.69,0.0,0.75,8.42,-3.49,-22.96,0.48,-29.049999999999997,1.0,512070.00000000006,0.02,3.59,Sep 15/a,4.94,144220000.0,HIGH,-3.3,-1.12,1.04,1.36,0.0848,False,-4.32,False,-4.25,4.925,3.182,-2.7269,-14.15,1.045,6.0,-4.61,8.0,-3.03,3.52,2221842.0,,,40.3,0.5265760197775031,0.7342398022249691,0.9110012360939431,0.6483312731767614,0.7280593325092707,0.5896168108776267,0.6711990111248455,0.6896,0.7602,0.6231
PDYN,Palladyne AI Corp,Technology,Software - Infrastructure,,,-35.08,469.75,-0.4,7.62,18.41,-7.07,-6.59,3.65,-49.67,1.5,1040000.0,0.07,5.4,Aug 06/b,10.75,266380000.0,HIGH,-6.42,-4.6,1.21,-1.76,0.095,False,-4.3,False,-5.41,4.864,3.711,-2.3844,-19.19,1.038,30.0,-14.31,36.0,-8.49,5.39,4458910.0,,,99.4,0.6402966625463535,0.5920889987639061,0.8776266996291718,0.6378244746600742,0.8485784919653894,0.5401730531520396,0.5599505562422744,0.6894,0.7418,0.6667
MRP,Millrose Properties Inc,Real Estate,REIT - Residential,9.59,8.51,11.59,32.11,2.03,1.6099999999999999,5.12,-10.37,-2.76,0.37,-20.32,1.0,1340000.0,0.02,27.5,Aug 04/b,37.17,4240000000.0,HIGH,-11.17,-5.2,1.14,-6.51,0.1965,False,-7.95,False,-7.66,3.065,1.618,-2.0375,-15.48,1.647,16.0,-11.89,38.0,-5.1,27.19,47662055.0,,,36.7,0.7255871446229913,0.6872682323856613,0.511742892459827,0.9394313967861557,0.811495673671199,0.45982694684796044,0.3695920889987639,0.6892,0.5448,0.7341
SVRA,Savara Inc,Healthcare,Biotechnology,,,-12.950000000000001,,-0.38,1.53,42.06,-18.76,-4.69,0.19,-30.070000000000004,1.0,1710000.0,0.05,4.9,Aug 11/a,10.94,1010000000.0,HIGH,-4.94,-8.26,1.58,-0.28,0.1121,False,-5.75,False,-8.12,4.731,6.2,-2.6283,-22.78,1.346,,,32.0,-10.23,5.0,8151025.0,,,118.8,0.5686032138442522,0.4826946847960445,0.8220024721878862,0.8714462299134734,0.9456118665018541,0.44128553770086526,0.6131025957972805,0.6886,0.7755,0.7067
FBP,First Bancorp PR,Financial,Banks - Regional,11.41,10.62,25.64,4.7,-1.42,-2.79,4.92,2.66,27.76,0.83,-9.44,1.57,1410000.0,0.0,27.06,Oct 22/b,31.71,4130000000.0,HIGH,-3.39,-1.46,0.76,1.27,0.0769,False,-2.37,False,-4.41,1.885,1.626,-1.0414,-9.44,0.845,31.0,-7.36,,,27.06,39413490.0,,,17.2,0.9604449938195303,0.8726823238566132,0.927070457354759,0.361557478368356,0.4122373300370828,0.5859085290482077,0.6699629171817059,0.6867,0.6698,0.58
MFA,MFA Financial Inc,Real Estate,REIT - Mortgage,8.21,5.87,60.08,47.94,0.0,-0.78,4.93,-16.82,-13.03,1.52,-21.28,2.0,1580000.0,0.11,8.21,Aug 05/b,10.38,829930000.0,HIGH,-7.47,-3.31,0.86,-2.81,0.1099,False,-4.76,False,-8.16,2.098,1.469,-1.2468,-16.21,1.094,,,37.0,-9.82,8.17,14057438.0,,,27.1,0.9295426452410384,0.6736711990111248,0.8294190358467244,0.6965389369592089,0.5482076637824475,0.4400494437577256,0.5129789864029666,0.6862,0.6185,0.6536
TRIN,Trinity Capital Inc,Financial,Asset Management,10.11,8.38,-21.87,41.41,0.06,,6.6,-0.39,23.58,0.67,-6.54,1.67,1010000.0,0.01,17.66,Aug 05/b,18.5,1670000000.0,HIGH,-4.85,-0.34,0.68,-0.19,0.0772,False,-1.74,False,-1.75,1.812,1.784,-1.0647,-6.54,0.816,24.0,-3.76,37.0,2.44,17.66,16626181.0,,,4.8,0.9555006180469716,0.9245982694684796,0.9245982694684796,0.3207663782447466,0.29913473423980225,0.6860321384425216,0.6180469715698393,0.6851,0.6143,0.5654
CCO,Clear Channel Outdoor Holdings Inc,Communication Services,Advertising Agencies,,190.94,-129.36,8.75,-17.07,7.15,8.17,-1.67,0.43,2.02,-3.2799999999999994,3.25,7760000.0,0.0,2.36,Aug 05/b,2.43,1200000000.0,HIGH,0.85,-0.84,0.74,5.51,0.0225,False,-0.53,False,-1.1,0.817,0.847,-0.6869,-3.28,0.472,38.0,-2.48,37.0,-2.48,2.36,10295509.0,,,3.0,0.9962917181705809,0.9826946847960445,0.9987639060568603,0.037082818294190356,0.3831891223733004,0.7107540173053152,0.8096415327564895,0.6848,0.7384,0.5318
SENS,Senseonics Holdings Inc,Healthcare,Medical Devices,,,-77.96,117.82,0.58,29.830000000000002,10.85,66.5,50.75999999999999,1.04,-14.56,2.14,761420.0,0.31,9.89,Aug 06/a,14.2,522919999.99999994,HIGH,7.18,2.25,0.81,11.84,0.2126,True,5.87,True,27.39,4.909,4.2,-2.9224,-4.56,1.123,2.0,0.25,35.0,94.17,10.0,6711659.0,,,42.0,0.48084054388133496,0.9709517923362175,0.4585908529048207,0.723114956736712,0.48393077873918416,0.9913473423980222,0.8912237330037083,0.6848,0.6392,0.6698
WSBC,Wesbanco Inc,Financial,Banks - Regional,9.45,8.41,59.650000000000006,1.24,-1.49,11.42,6.67,-16.08,-2.46,0.7,-24.34,2.0,1010000.0,0.02,32.55,Jul 21/a,44.5,3120000000.0,HIGH,-4.35,-1.13,0.73,0.31,0.0927,False,-2.82,False,-5.18,2.042,1.242,-1.225,-10.13,0.944,32.0,-8.37,47.0,-4.26,38.66,43550309.0,,,15.1,0.9394313967861557,0.8572311495673671,0.8850432632880099,0.507416563658838,0.3658838071693449,0.5488257107540173,0.6415327564894932,0.684,0.6319,0.5904
HLF,Herbalife Ltd,Consumer Defensive,Packaged Foods,8.04,4.08,-152.75,5.38,-5.94,-11.56,8.86,-2.67,-13.61,0.8,-38.98,1.6,1640000.0,0.0,12.45,Aug 05/a,18.0,1300000000.0,HIGH,0.97,5.29,1.16,5.63,0.1264,True,4.02,True,3.07,3.768,4.462,-3.5104,-6.83,0.893,23.0,-0.24,36.0,9.04,12.55,21781186.0,,,43.4,0.30407911001236093,0.9196538936959209,0.7713226205191595,0.4511742892459827,0.826946847960445,0.826946847960445,0.8139678615574784,0.6834,0.8051,0.6023
CON,Concentra Group Holdings Parent Inc,Healthcare,Medical Care Facilities,23.01,19.02,45.65,10.03,-4.09,1.87,2.76,16.0,61.34,0.63,-4.63,1.0,979860.0,0.0,35.01,Aug 06/a,41.0,4460000000.0,HIGH,2.19,0.69,0.6,6.85,0.0825,True,0.75,True,3.67,2.681,2.142,-1.376,-4.63,0.795,8.0,-1.71,35.0,14.64,35.01,33403937.0,,,17.1,0.896168108776267,0.969097651421508,0.9147095179233622,0.2843016069221261,0.18788627935723115,0.8393077873918418,0.8331273176761433,0.6819,0.664,0.5519
LAND,Gladstone Land Corp,Real Estate,REIT - Specialty,,,17.86,3.2199999999999998,0.0,2.88,9.62,13.819999999999999,-0.71,1.1,-24.62,2.6,704860.0,0.01,9.8,Aug 11/a,9.33,422730000.0,HIGH,5.69,-1.25,0.69,10.35,0.0821,False,-0.28,True,6.76,2.53,2.268,-1.6093,-5.11,0.698,20.0,6.88,32.0,15.75,9.48,7137849.0,,,-1.6,0.8430160692212608,0.9604449938195303,0.9159456118665018,0.16378244746600742,0.31334981458590855,0.8899876390605687,0.8800988875154512,0.6811,0.7208,0.5525
KLXE,KLX Energy Services Holdings Inc,Energy,Oil & Gas Equipment & Services,,,60.47,5.22,0.0,7.77,3.9,-40.52,-44.55,0.7,-65.37,1.0,578490.0,0.11,1.55,Aug 10/a,2.98,162250000.0,HIGH,5.23,8.05,2.51,9.89,0.0868,True,5.78,False,-8.22,4.525,17.391,-2.4789,-39.25,2.133,1.0,9.52,33.0,3.87,1.61,1512092.0,,,85.1,0.6069221260815822,0.15451174289245984,0.9035846724351051,0.9777503090234858,0.9876390605686032,0.43819530284301605,0.8745364647713226,0.6781,0.9172,0.7526
SONO,Sonos Inc,Technology,Consumer Electronics,41.21,70.54,978.29,8.85,-2.33,0.02,8.01,35.05,44.41,1.9,-7.470000000000001,1.5,1970000.0,0.0,18.34,Jul 29/a,19.67,2170000000.0,HIGH,18.82,11.12,1.13,23.48,0.2544,True,14.66,True,15.94,3.607,2.97,-3.1419,-0.33,0.994,5.0,17.06,41.0,25.99,18.18,31694065.0,,,8.2,0.40667490729295425,1.0,0.3288009888751545,0.5760197775030902,0.799752781211372,0.9567367119901112,0.9715698393077874,0.678,0.7272,0.6848
PDM,Piedmont Realty Trust Inc,Real Estate,REIT - Office,,,34.22,2.73,0.0,4.13,4.03,-3.27,41.08,1.41,-9.43,2.5,1290000.0,0.0,9.17,Jul 28/a,10.75,1150000000.0,HIGH,-3.88,-1.71,0.6,0.78,0.0801,False,-2.74,False,-4.09,3.046,1.636,-1.83,-9.48,1.091,42.0,-4.68,42.0,-4.68,9.17,19031850.0,,,17.2,0.7972805933250927,0.869592088998764,0.9208899876390606,0.69221260815822,0.18788627935723115,0.5976514215080346,0.6526576019777504,0.6776,0.5937,0.5688
XMAX,XMax Inc,Consumer Cyclical,"Furnishings, Fixtures & Appliances",20.06,,2619.43,7.06,,19.39,14.92,-2.79,21.51,1.23,-7.449999999999999,,847090.0,0.03,8.7,-,,564420000.0,HIGH,-2.46,0.0,0.64,2.2,0.0614,False,-0.2,False,-0.86,2.009,1.148,-1.2348,-7.34,0.796,34.0,-4.18,,,8.71,4780025.0,,,,0.9357231149567367,0.9147095179233622,0.9616810877626699,0.28862793572311496,0.23856613102595797,0.723114956736712,0.7045735475896168,0.6771,0.6419,0.5465
PARR,Par Pacific Holdings Inc,Energy,Oil & Gas Refining & Marketing,4.58,6.15,699.13,56.8,-12.82,-3.45,9.39,38.42,19.45,0.76,-10.58,1.43,1000000.0,0.03,78.44,Aug 04/a,86.57,3930000000.0,HIGH,-1.76,-5.54,0.8,2.9,0.1358,False,-4.9,False,-2.22,5.697,5.551,-1.9945,-11.7,1.031,8.0,-7.34,37.0,10.78,77.46,80444912.0,,,11.8,0.7404202719406675,0.8121137206427689,0.7255871446229913,0.6266996291718171,0.4721878862793572,0.6674907292954264,0.7317676143386898,0.6741,0.652,0.6267
EGHT,8X8 Inc,Technology,Software - Application,68.47,6.11,73.75,4.86,-2.12,-5.86,2.51,34.92,40.75,1.88,-20.83,2.33,1710000.0,0.03,2.28,Aug 04/a,2.58,329330000.0,HIGH,15.58,22.99,1.24,20.24,0.3519,True,19.7,True,16.83,5.248,6.087,-4.4735,-5.35,1.605,1.0,0.88,37.0,2.68,2.3,3253886.0,,,12.2,0.16934487021013597,0.9548825710754018,0.16192830655129786,0.9332509270704573,0.8584672435105068,0.9616810877626699,0.9616810877626699,0.6733,0.6908,0.7307
OCFC,OceanFirst Financial Corp,Financial,Banks - Regional,20.1,7.47,-115.36,32.13,-0.8500000000000001,28.439999999999998,5.91,-12.36,-1.8900000000000001,0.99,-17.08,2.14,1040000.0,0.0,17.09,Jul 30/a,22.25,1680000000.0,HIGH,-9.43,-2.68,0.98,-4.77,0.1698,False,-6.71,False,-10.02,2.373,1.754,-1.3634,-15.89,1.183,51.0,-12.44,40.0,-11.44,17.1,18561260.0,,,30.1,0.9011124845488258,0.6798516687268232,0.6081582200247219,0.7787391841779975,0.6773794808405439,0.38504326328800986,0.44746600741656367,0.6717,0.5646,0.6856
EPR,EPR Properties,Real Estate,REIT - Specialty,18.24,18.59,-12.68,10.11,-2.88,0.96,9.79,-3.6799999999999997,16.71,1.02,-12.5,2.23,770710.0,0.03,56.85,Jul 29/a,64.79,4360000000.0,HIGH,-4.57,-1.04,0.74,0.09,0.087,False,-2.85,False,-5.82,2.003,1.654,-1.0154,-12.53,0.901,43.0,-10.41,41.0,-11.11,56.83,53285898.0,,,14.0,0.9641532756489494,0.788627935723115,0.9023485784919654,0.4604449938195303,0.3831891223733004,0.5241038318912238,0.6316440049443758,0.6705,0.6383,0.583
PUSA,Aureus Greenway Holdings Inc,Consumer Cyclical,Leisure,,,96.15,17.64,0.0,24.5,9.59,-5.92,11.73,5.21,-53.82,1.0,547030.0,0.72,3.81,Sep 02,7.5,105320000.0,HIGH,-1.59,4.2,0.93,3.07,0.1498,True,0.85,True,6.44,5.465,3.226,-3.1234,-10.79,1.0,19.0,-1.59,,,3.72,1901085.0,,,101.6,0.41718170580964153,0.8281829419035847,0.6761433868974043,0.584672435105068,0.6310259579728059,0.8825710754017305,0.7404202719406675,0.67,0.6883,0.6289
BHF,Brighthouse Financial Inc,Financial,Insurance - Life,4.25,2.48,1490.47,86.22,0.0,-1.37,13.87,-15.689999999999998,-11.96,0.82,-20.3,3.4,889990.0,0.0,53.24,Aug 05/a,64.0,3060000000.0,HIGH,0.38,6.82,0.79,5.04,0.1333,True,3.19,False,-5.44,3.354,2.16,-1.6395,-20.3,1.386,55.0,-18.85,36.0,-13.93,53.24,55178993.0,,,20.2,0.8393077873918418,0.5574783683559951,0.7367119901112484,0.8862793572311496,0.4604449938195303,0.5389369592088998,0.7972805933250927,0.6699,0.6781,0.6812
EWTX,Edgewise Therapeutics Inc,Healthcare,Biotechnology,,,-54.67999999999999,,-1.35,-0.76,11.65,-3.95,27.440000000000005,0.35,-18.98,1.31,1320000.0,0.01,39.3,Aug 06/b,52.62,4269999999.9999995,HIGH,-8.0,-11.87,1.67,-3.34,0.1661,False,-9.03,False,-8.01,5.805,8.693,-2.9377,-18.9,1.488,7.0,-13.42,36.0,-11.44,39.34,64443392.0,,,33.8,0.4758961681087763,0.6044499381953028,0.6211372064276885,0.9147095179233622,0.953646477132262,0.446229913473424,0.4932014833127318,0.6693,0.6697,0.6976
HRMY,Harmony Biosciences Holdings Inc,Healthcare,Biotechnology,13.38,9.65,88.57,30.320000000000004,-0.89,-3.42,9.22,16.86,55.61000000000001,1.01,-5.04,1.82,908600.0,0.0,41.3,Aug 04/b,47.36,2410000000.0,HIGH,5.23,-2.0,0.51,9.89,0.0916,False,-0.62,True,5.58,2.934,1.721,-1.8934,-5.13,0.877,18.0,4.77,38.0,15.9,41.26,45916926.0,,,14.8,0.7725587144622992,0.9592088998763906,0.8918417799752781,0.4215080346106304,0.09517923362175525,0.8726823238566132,0.8745364647713226,0.6688,0.6459,0.5405
BWIN,Baldwin Insurance Group Inc,Financial,Insurance Brokers,,12.85,-804.09,30.130000000000003,-5.78,0.2,13.37,21.33,51.019999999999996,1.0,-2.61,2.25,2350000.0,0.0,31.85,Jul 30/a,32.75,4470000000.0,HIGH,3.81,-0.13,0.31,8.47,0.1454,True,2.47,True,6.61,2.372,0.345,-2.6852,-2.61,1.324,10.0,7.42,40.0,19.33,31.85,151003742.0,,,2.8,0.5512978986402967,0.9888751545117429,0.6934487021013598,0.8621755253399258,0.02843016069221261,0.8875154511742892,0.8572311495673671,0.6686,0.5595,0.5824
VTS,Vitesse Energy Inc,Energy,Oil & Gas E&P,,116.1,30.25,11.31,-0.0,22.13,19.23,9.18,-6.21,0.6,-27.72,1.8,523850.0,0.04,16.95,Aug 03/a,20.6,713670000.0,HIGH,-2.56,-0.77,0.76,2.1,0.1444,False,-5.07,True,0.09,3.326,1.821,-1.9489,-12.03,1.003,15.0,-3.79,38.0,7.93,16.75,10261653.0,,,23.0,0.7552533992583437,0.8016069221260815,0.6996291718170581,0.5902348578491965,0.4122373300370828,0.7515451174289246,0.6996291718170581,0.6684,0.6134,0.6273
UMH,UMH Properties Inc,Real Estate,REIT - Residential,123.0,93.33,72.58,7.5,0.03,-2.71,5.35,-0.26,7.62,0.97,-8.17,1.5,671200.0,0.0,15.4,Aug 05/a,18.93,1310000000.0,HIGH,-6.55,-2.35,0.69,-1.89,0.0827,False,-2.44,False,-2.92,1.633,1.753,-0.9375,-8.17,0.779,22.0,-7.0,36.0,1.32,15.4,11150272.0,,,22.9,0.9728059332509271,0.8986402966625463,0.9134734239802225,0.2626699629171817,0.31334981458590855,0.6477132262051916,0.5500618046971569,0.6681,0.5881,0.5491
SHOO,Steven Madden Ltd,Consumer Cyclical,Footwear & Accessories,22.71,16.31,168.98,19.12,-2.81,-3.05,5.1,6.41,36.81,1.18,-8.86,1.67,1100000.0,0.0,45.3,Jul 30/b,52.4,3310000000.0,HIGH,1.85,5.21,0.74,6.51,0.1112,True,5.26,True,0.82,3.343,3.04,-2.5862,-9.34,0.977,1.0,1.88,41.0,3.82,45.06,48848228.0,,,16.3,0.5859085290482077,0.8763906056860321,0.8269468479604449,0.5519159456118665,0.3831891223733004,0.7719406674907293,0.830655129789864,0.666,0.6953,0.5732
AGIO,Agios Pharmaceuticals Inc,Healthcare,Biotechnology,,,12.45,259.25,-4.54,3.6699999999999995,12.97,-14.46,10.57,0.63,-29.26,1.6,1100000.0,0.0,32.54,Jul 30/b,46.25,1940000000.0,HIGH,-2.22,-4.04,1.07,2.44,0.0754,False,-2.93,False,-4.01,4.398,2.425,-2.1187,-26.11,1.015,4.0,-4.04,41.0,-0.52,32.58,31209671.0,,,42.0,0.7119901112484549,0.4004944375772559,0.930778739184178,0.6025957972805933,0.7447466007416563,0.603831891223733,0.7119901112484549,0.6657,0.7875,0.6658
ALK,Alaska Air Group Inc,Industrials,Airlines,,7.25,-148.08,9.75,2.59,-0.79,10.39,-22.97,10.62,1.32,-34.03,1.39,2770000.0,0.03,40.0,Jul 21/a,57.12,4460000000.0,HIGH,-3.26,-2.29,0.95,1.4,0.0806,True,0.21,False,-6.8,3.751,3.102,-2.1217,-23.65,1.161,38.0,-18.46,47.0,-7.71,40.94,103316661.0,,,39.5,0.7095179233621756,0.4622991347342398,0.9196538936959209,0.7626699629171817,0.6489493201483313,0.48331273176761436,0.6761433868974042,0.6644,0.741,0.6511
SMA,Smartstop Self Storage REIT Inc,Real Estate,REIT - Industrial,63.24,55.07,229.69,18.65,-0.02,2.29,9.52,-2.37,6.959999999999999,0.5,-17.03,1.82,745910.0,0.04,32.1,Aug 05/a,37.34,1900000000.0,HIGH,-3.96,-2.85,0.61,0.7,0.0561,False,-1.83,False,-5.04,2.064,2.332,-1.1735,-11.66,0.933,44.0,-8.66,36.0,-6.26,31.73,24370882.0,,,17.7,0.9468479604449939,0.8145859085290482,0.9740420271940667,0.49814585908529047,0.20086526576019778,0.5512978986402967,0.6477132262051916,0.6643,0.6116,0.5493
NESR,National Energy Services Reunited Corp,Energy,Oil & Gas Equipment & Services,35.26,10.81,173.86,59.07,-37.18,9.47,4.73,12.659999999999998,49.22,0.45,-13.11,1.14,2029999.9999999998,0.01,32.1,Aug 10/b,43.29,3240000000.0,HIGH,-6.71,-0.83,0.87,-2.05,0.1337,False,-3.96,True,0.74,4.046,4.108,-1.6247,-13.02,0.808,30.0,-10.5,34.0,10.72,32.13,54076594.0,,,34.7,0.8405438813349815,0.7663782447466008,0.7354758961681087,0.3065512978986403,0.5624227441285538,0.7700865265760197,0.5438813349814586,0.6636,0.6069,0.6199
TH,Target Hospitality Corp,Industrials,Specialty Business Services,,22.82,39.95,38.71,0.06,27.18,5.74,0.29,113.32,1.5,-5.79,1.0,1580000.0,0.0,20.5,Aug 10/b,26.33,2040000000.0,HIGH,10.94,-3.29,0.9,15.6,0.2416,True,4.7,True,15.82,4.525,5.539,-3.4795,-5.42,1.204,2.0,-2.92,34.0,28.06,20.58,46347039.0,,,27.9,0.31025957972805934,0.9517923362175525,0.365265760197775,0.7954264524103832,0.5976514215080346,0.9555006180469716,0.9381953028430161,0.6626,0.6642,0.6647
UE,Urban Edge Properties,Real Estate,REIT - Retail,37.24,39.16,-69.32,7.62,-60.089999999999996,-1.96,2.94,-14.96,-1.34,1.0,-17.46,2.2,847540.0,0.0,19.9,Aug 06/a,24.2,2650000000.0,HIGH,-6.97,-0.5,0.94,-2.31,0.1108,False,-3.14,False,-7.84,1.661,2.1,-0.7385,-16.81,0.866,51.0,-12.53,35.0,-7.61,19.9,17068470.0,,,21.6,0.9938195302843016,0.6625463535228677,0.8281829419035847,0.3967861557478368,0.6409147095179234,0.45241038318912236,0.5302843016069221,0.6624,0.6528,0.621
NSP,Insperity Inc,Industrials,Staffing & Employment Services,,17.73,177.96,1.69,14.81,3.1,8.41,15.42,78.34,0.56,-14.44,3.0,533230.0,0.0,47.83,Jul 29/a,51.75,1830000000.0,HIGH,-10.66,-4.83,1.26,-6.0,0.1192,False,-5.41,False,-6.47,4.362,3.199,-2.0874,-14.44,0.85,43.0,-4.82,41.0,-10.06,47.83,21328251.0,,,8.2,0.715698393077874,0.7218788627935723,0.7966625463535228,0.36711990111248455,0.8702101359703337,0.49814585908529047,0.3967861557478368,0.6616,0.6588,0.6128
IDYA,Ideaya Biosciences Inc,Healthcare,Biotechnology,,,-39.46,,-0.15,6.61,11.03,1.23,21.47,-0.04,-13.309999999999999,1.13,901670.0,0.09,37.0,Aug 04/b,52.38,3570000000.0,HIGH,-8.53,-5.58,0.58,-3.87,0.1222,False,-4.98,False,-2.89,3.752,2.249,-1.9534,-14.03,1.357,28.0,0.41,38.0,3.64,36.69,32167547.0,,,42.8,0.7527812113720643,0.7391841779975278,0.788627935723115,0.8751545117428925,0.16069221260815822,0.6495673671199012,0.4789864029666255,0.661,0.4764,0.6095
WAFD,WaFd Inc,Financial,Banks - Regional,9.79,8.83,15.65,1.91,-1.8500000000000003,1.87,6.41,-18.37,0.03,0.86,-21.34,3.0,813080.0,0.01,31.06,Jul 16/a,36.75,2300000000.0,HIGH,-13.13,-2.91,1.25,-8.47,0.2177,False,-6.79,False,-12.14,2.953,2.041,-1.6074,-20.61,1.776,51.0,-18.34,50.0,-17.76,31.35,44286580.0,,,17.2,0.8442521631644005,0.5482076637824475,0.4449938195302843,0.957972805933251,0.8621755253399258,0.3053152039555006,0.29666254635352285,0.6605,0.5108,0.7424
ETON,Eton Pharmaceuticals Inc,Healthcare,Drug Manufacturers - Specialty & Generic,150.85,27.17,467.42999999999995,98.59,-29.99,9.34,5.68,55.32,145.48,0.88,-14.04,1.0,568560.0,0.14,57.05,Aug 13/a,71.0,1630000000.0,HIGH,-3.51,4.28,1.05,1.15,0.1354,False,-0.62,True,8.11,4.818,5.843,-2.9414,-13.09,0.839,25.0,-3.72,30.0,41.37,57.68,28590805.0,,,23.1,0.4746600741656366,0.7632880098887516,0.7292954264524103,0.34981458590852904,0.7342398022249691,0.907292954264524,0.6656365883807169,0.6598,0.7053,0.6165
GTN,Gray Media Inc,Communication Services,Broadcasting,,,129.52,8.68,-0.33,-4.77,5.52,20.53,-1.29,1.02,-28.83,2.0,1160000.0,0.0,4.58,Aug 07/b,6.67,479170000.0,HIGH,-5.18,-0.87,0.97,-0.52,0.1267,False,-3.68,False,-1.0,4.18,2.402,-2.2748,-16.27,0.901,35.0,7.01,35.0,7.01,4.58,4700807.0,,,45.6,0.6699629171817059,0.6724351050679852,0.76946847960445,0.4604449938195303,0.6687268232385661,0.7169344870210136,0.6019777503090235,0.6597,0.6722,0.629
MCHB,Mechanics Bancorp,Financial,Banks - Regional,12.14,12.72,211.23,167.34,-0.0,-1.5,13.91,-5.07,5.13,1.43,-12.689999999999998,2.25,570440.0,0.0,15.17,Jul 29/b,17.62,3510000000.0,HIGH,-4.53,-0.65,0.83,0.13,0.0655,False,-1.88,False,-5.52,1.907,1.252,-0.8758,-12.72,0.717,33.0,-9.22,42.0,-4.23,15.17,7785061.0,,,16.2,0.9826946847960445,0.7824474660074165,0.9480840543881335,0.18665018541409148,0.5135970333745364,0.5370828182941904,0.6365883807169345,0.6584,0.6931,0.555
ENR,Energizer Holdings Inc,Industrials,Electrical Equipment & Parts,18.75,6.52,-72.92,1.21,12.619999999999997,1.26,12.68,1.71,29.57,0.78,-15.68,3.0,1010000.0,0.0,22.04,Aug 04/b,21.2,1510000000.0,HIGH,-1.21,1.71,0.78,3.45,0.1405,True,3.72,True,2.66,3.373,2.136,-2.3878,-4.74,0.853,4.0,1.71,38.0,4.17,22.0,20339196.0,,,-3.6,0.6378244746600742,0.9666254635352287,0.7132262051915945,0.37082818294190356,0.44561186650185414,0.8164400494437577,0.7527812113720643,0.6584,0.6488,0.5677
PFLT,PennantPark Floating Rate Capital Ltd,Financial,Asset Management,13.8,6.59,-60.72,112.49,0.66,,4.01,-6.419999999999999,-9.41,0.79,-28.18,1.57,995710.0,0.03,6.99,Aug 10/a,9.75,693530000.0,HIGH,-5.41,-1.41,0.78,-0.75,0.0962,False,-2.74,False,-3.17,2.023,1.001,-1.2789,-8.51,0.711,31.0,-6.55,33.0,-5.54,6.99,5149267.0,,,39.5,0.9221260815822002,0.892459826946848,0.8702101359703338,0.17985166872682323,0.44561186650185414,0.6378244746600742,0.5920889987639061,0.658,0.6316,0.5464
HCSG,Healthcare Services Group Inc,Healthcare,Medical Care Facilities,12.89,17.97,173.4,2.69,-1.69,-1.08,4.49,-9.74,19.6,0.81,-14.12,1.86,729730.0,0.0,22.11,Jul 22/b,27.0,1520000000.0,HIGH,-6.19,-1.17,0.59,-1.53,0.0669,False,-3.02,False,-5.87,2.321,1.283,-0.9935,-18.25,1.11,50.0,-15.77,47.0,-10.65,21.05,14663079.0,,,28.3,0.965389369592089,0.6254635352286774,0.9443757725587144,0.7132262051915945,0.173053152039555,0.5216316440049443,0.5698393077873919,0.6572,0.5632,0.5933
TMDX,Transmedics Group Inc,Healthcare,Medical Devices,21.85,36.78,-55.84,20.7,-0.62,-4.97,23.93,24.83,-15.190000000000001,1.92,-46.15,1.75,889930.0,0.01,84.0,Aug 04/a,97.3,2910000000.0,HIGH,-3.55,-2.29,0.91,1.11,0.0952,False,-1.1,True,1.1,4.921,4.564,-2.6549,-10.39,0.787,25.0,-6.12,37.0,11.5,85.29,65614626.0,,,14.1,0.5611866501854141,0.8430160692212608,0.8739184177997528,0.27070457354758964,0.6069221260815822,0.7861557478368356,0.6625463535228677,0.657,0.7093,0.5562
NTCT,Netscout Systems Inc,Technology,Software - Infrastructure,24.05,13.62,670.57,12.68,-1.14,2.51,5.34,-5.17,20.98,0.69,-12.9,2.0,624410.0,0.0,39.44,Aug 06/b,47.67,2870000000.0,HIGH,0.97,1.28,0.7,5.63,0.0867,True,3.02,True,0.85,2.206,1.699,-1.4182,-12.9,0.789,,,36.0,-1.72,39.44,25547577.0,,,20.9,0.8862793572311496,0.7700865265760197,0.9054388133498146,0.273176761433869,0.326946847960445,0.7744128553770087,0.8139678615574784,0.6561,0.6953,0.5652
ARHS,Arhaus Inc,Consumer Cyclical,Specialty Retail,20.12,17.14,12.560000000000002,7.380000000000001,-0.0,2.06,12.36,16.63,51.080000000000005,2.3,-14.7,2.13,1360000.0,0.0,9.82,Aug 06/b,10.54,1390000000.0,HIGH,8.13,11.23,1.33,12.79,0.321,True,15.08,True,13.28,5.029,3.429,-4.8576,-5.64,1.227,2.0,7.65,36.0,17.98,9.71,10658241.0,,,8.5,0.138442521631644,0.9443757725587144,0.2027194066749073,0.8121137206427689,0.8980222496909765,0.9406674907292955,0.9035846724351051,0.6561,0.6917,0.6973
DC,Dakota Gold Corp,Basic Materials,Gold,,,-8.15,,-0.56,3.05,6.81,46.71,37.06,1.24,-13.79,1.0,1490000.0,0.14,6.25,Sep 02,12.09,838580000.0,HIGH,9.44,4.26,0.72,14.1,0.2243,True,8.0,True,15.63,5.088,3.026,-3.4324,-5.57,1.556,4.0,4.26,,,6.61,9526724.0,,,82.9,0.323238566131026,0.9480840543881335,0.42768850432632877,0.9283065512978986,0.3535228677379481,0.9542645241038319,0.9196538936959209,0.6559,0.6022,0.6398
SNDA,Sonida Senior Living Inc,Healthcare,Medical Care Facilities,,,-218.14,122.02,-24.73,27.449999999999996,7.51,0.33,25.75,0.74,-10.33,1.5,533160.0,0.0,39.8,Aug 10/b,49.5,1910000000.0,HIGH,0.67,-1.08,0.8,5.33,0.0926,False,-1.93,False,-4.6,3.296,1.803,-1.4476,-15.05,0.875,44.0,-9.55,34.0,-6.43,37.71,18650201.0,,,31.3,0.8800988875154512,0.7070457354758962,0.8862793572311496,0.41718170580964153,0.4721878862793572,0.5698393077873919,0.8071693448702101,0.6554,0.7304,0.5848
SKY,Champion Homes Inc,Consumer Cyclical,Residential Construction,25.71,20.6,-20.87,1.27,-1.9900000000000002,2.08,5.42,0.4699999999999999,21.09,1.01,-11.42,1.71,650180.0,0.03,87.84,Aug 04/a,103.5,4770000000.0,HIGH,-2.77,1.42,0.76,1.89,0.1006,True,2.29,True,0.94,3.532,3.124,-2.0221,-9.18,0.783,31.0,-6.56,37.0,6.51,87.72,45696210.0,,,18.0,0.73053152039555,0.8819530284301607,0.8590852904820766,0.26823238566131025,0.4122373300370828,0.7787391841779975,0.69221260815822,0.6551,0.6583,0.5474
LPG,Dorian LPG Ltd,Energy,Oil & Gas Midstream,7.39,12.77,1263.72,123.11000000000001,-3.2099999999999995,3.81,5.76,61.529999999999994,74.96,0.68,-7.180000000000001,1.5,633450.0,0.13,55.67,Aug 05/b,54.12,2380000000.0,HIGH,7.33,-5.67,0.71,11.99,0.1833,False,-1.57,True,8.09,3.934,3.687,-2.1701,-10.91,1.0,10.0,-3.17,37.0,24.11,53.43,33317771.0,,,1.3,0.7033374536464772,0.826946847960445,0.5611866501854141,0.584672435105068,0.3411619283065513,0.9060568603213844,0.896168108776267,0.6539,0.6292,0.6338
BDN,Brandywine Realty Trust,Real Estate,REIT - Office,,,64.61,6.92,0.4,1.83,7.01,-11.42,16.19,1.28,-35.65,3.8,1980000.0,0.02,2.87,Oct 21/a,3.0,502510000.0,HIGH,-6.54,-2.39,0.87,-1.88,0.0938,False,-3.74,False,-6.3,2.697,2.098,-1.3581,-14.63,0.839,23.0,-10.06,,,2.86,5530586.0,,,4.9,0.9023485784919654,0.7169344870210136,0.8825710754017305,0.34981458590852904,0.5624227441285538,0.5067985166872683,0.5512978986402967,0.6535,0.654,0.5803
PAYS,PaySign Inc,Technology,Software - Infrastructure,49.98,30.48,354.17,48.08,-4.39,14.38,5.02,53.849999999999994,127.76,0.84,-11.3,1.0,723250.0,0.08,12.8,Aug 05/a,13.5,722720000.0,HIGH,-1.71,0.32,0.92,2.95,0.1225,False,-0.38,True,7.05,5.074,4.893,-2.9052,-12.2,0.832,23.0,-7.18,36.0,32.12,12.67,9903706.0,,,6.6,0.4820766378244747,0.7935723114956736,0.7861557478368356,0.3430160692212608,0.6186650185414091,0.896168108776267,0.7354758961681088,0.6533,0.7156,0.585
VGZ,Vista Gold Corp,Basic Materials,Gold,,,-7.41,,0.0,4.78,5.35,39.89,46.11,1.32,-15.97,1.0,2009999.9999999998,0.09,2.63,Jul 29/a,4.5,383900000.0,HIGH,24.43,0.36,1.13,29.09,0.418,True,17.15,True,27.24,5.481,4.364,-5.6595,-4.84,2.681,5.0,21.68,41.0,60.82,2.75,4964685.0,,,63.6,0.07787391841779975,0.9629171817058096,0.09765142150803463,0.9876390605686032,0.799752781211372,0.9901112484548825,0.9851668726823238,0.6527,0.6633,0.7138
SXC,SunCoke Energy Inc,Basic Materials,Coking Coal,,26.14,587.84,9.49,0.0,9.59,4.85,16.77,43.67,0.99,-10.67,2.0,1360000.0,0.0,9.54,Jul 30/b,9.5,809700000.0,HIGH,-5.81,0.74,1.07,-1.15,0.138,False,-3.68,True,0.85,3.411,2.926,-2.0984,-10.39,0.649,17.0,-6.27,41.0,13.25,9.57,9146345.0,,,-0.7,0.7132262051915945,0.8430160692212608,0.7181705809641532,0.1211372064276885,0.7447466007416563,0.7744128553770087,0.5822002472187886,0.6525,0.6718,0.5884
OUT,Outfront Media Inc,Real Estate,REIT - Specialty,19.98,18.58,323.88,13.54,-1.55,1.27,5.6,-17.25,6.69,1.53,-21.72,1.29,1780000.0,0.0,27.36,Aug 05/a,38.0,4820000000.0,HIGH,-6.59,-2.02,0.87,-1.93,0.0907,False,-3.37,False,-8.25,2.136,2.423,-0.9205,-19.06,0.885,,,36.0,-11.24,27.65,48892097.0,,,37.4,0.9802224969097652,0.5982694684796045,0.8974042027194067,0.4394313967861557,0.5624227441285538,0.43510506798516685,0.5488257107540173,0.6521,0.6575,0.6043
ORC,Orchid Island Capital Inc,Real Estate,REIT - Mortgage,3.84,5.53,251.29999999999998,95.82,0.0,2.47,8.22,-17.94,-16.75,1.56,-31.91,3.0,4930000.0,0.13,5.72,Jul 23/a,7.5,1130000000.0,HIGH,-14.65,-6.09,1.13,-9.99,0.1847,False,-8.82,False,-11.83,2.389,2.277,-1.1223,-18.43,1.063,27.0,-14.39,45.0,-12.69,5.71,31495429.0,,,31.3,0.9517923362175525,0.6180469715698393,0.5556242274412855,0.6674907292954264,0.799752781211372,0.32014833127317677,0.26452410383189123,0.6521,0.5124,0.6848
DNOW,Dnow Inc,Industrials,Industrial Distribution,,18.86,-148.81,108.11999999999999,-12.65,0.9399999999999998,5.37,19.05,27.51,0.89,-9.5,1.4,2420000.0,0.0,15.62,Aug 06/b,18.8,2820000000.0,HIGH,0.0,2.31,0.62,4.66,0.0551,True,0.65,True,3.3,2.967,2.072,-1.7728,-7.38,0.695,36.0,12.03,36.0,12.03,15.93,35414669.0,,,18.0,0.8133498145859085,0.9128553770086527,0.9752781211372065,0.1619283065512979,0.2126081582200247,0.830655129789864,0.784301606922126,0.6511,0.6701,0.5046
GLIBK,Liberty Capital Corp,Communication Services,Telecom Services,,,-54.27000000000001,0.0,7.85,,8.89,11.51,-36.07,-1.03,-42.81,,526550.0,0.0,23.55,Aug 06/b,,941110000.0,HIGH,-9.46,-2.93,1.03,-4.8,0.1544,False,-6.42,False,-4.49,3.197,3.779,-1.3823,-13.29,0.796,32.0,-5.54,36.0,0.26,23.55,8119250.0,,,,0.892459826946848,0.7552533992583437,0.6650185414091471,0.28862793572311496,0.7218788627935723,0.5797280593325093,0.44499381953028433,0.6505,0.5941,0.6207
OPLN,Openlane Inc,Consumer Cyclical,Auto & Truck Dealerships,,20.12,108.57999999999998,15.130000000000003,-45.65,6.4,2.29,-18.83,29.830000000000002,1.27,-18.83,1.67,1240000.0,0.0,34.82,Aug 04/b,46.22,4280000000.0000005,HIGH,-0.77,0.14,0.86,3.89,0.0466,False,-0.21,False,-4.23,2.295,1.551,-1.2754,-18.44,0.756,,,38.0,-13.06,34.82,35925512.0,,,32.7,0.92336217552534,0.6168108776266996,0.9888751545117429,0.23362175525339926,0.5482076637824475,0.5908529048207664,0.765142150803461,0.6503,0.7672,0.574
ADAM,Adamas Trust Inc,Real Estate,REIT - Mortgage,4.87,7.91,1318.13,34.52,0.0,0.97,3.79,-13.3,13.04,1.24,-21.0,2.33,966670.0,0.01,8.18,Jul 29/a,9.75,735580000.0,HIGH,-16.94,-8.74,1.25,-12.28,0.2295,False,-11.05,False,-12.94,2.922,1.966,-1.4732,-21.43,1.758,33.0,-16.85,41.0,-5.9,8.14,10511329.0,,,19.8,0.8739184177997528,0.5278121137206427,0.4128553770086527,0.9530284301606922,0.8621755253399258,0.2719406674907293,0.19715698393077874,0.6503,0.4614,0.7403
IVT,InvenTrust Properties Corp,Real Estate,REIT - Retail,157.21,,-98.58,12.520000000000001,0.0,12.55,6.51,-15.78,0.3,0.86,-17.97,1.75,661930.0,0.0,30.53,Aug 03/a,37.29,2380000000.0,HIGH,-6.21,-0.88,0.89,-1.55,0.1118,False,-3.45,False,-8.11,1.854,2.145,-0.6602,-17.97,0.871,51.0,-13.59,38.0,-10.42,30.53,19712406.0,,,22.1,0.9987639060568603,0.6328800988875154,0.8238566131025958,0.40605686032138444,0.5877626699629172,0.4431396786155748,0.5667490729295427,0.6487,0.6502,0.6089
GTY,Getty Realty Corp,Real Estate,REIT - Retail,17.31,19.82,50.23,10.88,0.0,4.07,10.31,-15.79,-10.77,0.74,-23.09,2.11,578190.0,0.01,28.33,Oct 21/a,35.88,1750000000.0,HIGH,-12.81,-2.75,1.12,-8.15,0.2047,False,-8.11,False,-12.72,2.425,1.5,-1.0838,-22.18,1.375,48.0,-20.63,,,28.66,21369220.0,,,25.2,0.9542645241038319,0.5018541409147095,0.480840543881335,0.8813349814585909,0.7898640296662547,0.28244746600741655,0.30902348578491967,0.6484,0.5048,0.727
NXDR,Nextdoor Holdings Inc,Communication Services,Internet Content & Information,,,86.03,14.529999999999998,-0.4099999999999999,4.82,2.81,8.77,82.35,1.42,-33.33,2.2,2470000.0,0.0,2.48,Aug 04/a,3.35,959380000.0,HIGH,10.57,-4.92,0.9,15.23,0.2297,True,6.58,True,5.31,4.388,4.582,-3.155,-7.38,1.1,6.0,1.21,37.0,8.66,2.51,5961647.0,,,33.5,0.4004944375772559,0.9128553770086527,0.41038318912237326,0.700247218788628,0.5976514215080346,0.8677379480840544,0.9313967861557478,0.6482,0.675,0.6415
PCRX,Pacira BioSciences Inc,Healthcare,Drug Manufacturers - Specialty & Generic,72.59,7.32,208.35,6.24,-2.58,0.97,19.8,0.4,10.1,0.25,-8.93,2.11,580460.0,0.0,25.19,Aug 04/a,30.0,1000000000.0,HIGH,-2.48,4.19,0.81,2.18,0.1276,False,-0.89,False,-0.71,3.375,2.627,-1.9892,-9.18,0.795,17.0,-5.1,37.0,1.01,25.12,13906802.0,,,19.4,0.7441285537700866,0.8819530284301607,0.765142150803461,0.2843016069221261,0.48393077873918416,0.7292954264524104,0.7033374536464772,0.6481,0.6561,0.5604
DCTH,Delcath Systems Inc,Healthcare,Medical Devices,2548.62,,0.15,20.6,0.0,5.3,7.2,20.05,73.32,0.59,-10.75,1.0,504750.0,0.03,15.55,Aug 06/b,24.5,539450000.0,HIGH,-4.53,-3.17,0.71,0.13,0.0642,False,-3.66,True,2.03,3.006,3.782,-1.5189,-10.45,0.599,31.0,-8.83,36.0,23.52,15.6,6020150.0,,,57.1,0.8627935723114957,0.8380716934487021,0.9524103831891224,0.08281829419035847,0.3411619283065513,0.8034610630407911,0.6365883807169345,0.6468,0.6427,0.5226
MD,Pediatrix Medical Group Inc,Healthcare,Medical Care Facilities,12.64,10.78,6.619999999999999,4.04,-2.73,0.52,5.91,6.6000000000000005,25.41,0.61,-5.83,2.71,788810.0,0.0,26.31,Aug 04/b,26.33,2140000000.0000002,HIGH,-1.13,2.1,0.53,3.53,0.0746,False,-0.47,False,-0.23,3.285,2.585,-1.4176,-5.83,0.774,13.0,-2.34,38.0,6.48,26.31,19371053.0,,,0.1,0.8875154511742892,0.9419035846724351,0.9326328800988876,0.25710754017305315,0.11310259579728059,0.745982694684796,0.7571075401730532,0.6464,0.6166,0.5009
CHH,Choice Hotels International Inc,Consumer Cyclical,Lodging,14.26,13.47,-19.15,3.36,-0.16,-4.86,24.41,-9.76,0.42,0.72,-18.4,3.17,567340.0,0.0,101.04,Aug 05/b,113.73,4550000000.0,HIGH,-6.48,2.79,0.65,-1.82,0.1122,True,1.97,False,-3.31,2.825,2.397,-2.0102,-12.06,1.042,44.0,-7.88,37.0,-6.26,101.81,57875673.0,,,11.7,0.7354758961681088,0.7972805933250927,0.8201483312731768,0.6452410383189122,0.2521631644004944,0.6266996291718171,0.5550061804697157,0.6462,0.5437,0.5649
CLBK,Columbia Financial Inc,Financial,Banks - Regional,43.61,32.37,17.88,5.15,0.0,4.26,7.3,19.49,43.75,0.26,-5.58,1.0,5800000.0,0.0,11.33,Jul 30/a,14.17,3050000000.0,HIGH,-1.99,-2.33,0.52,2.67,0.0487,False,-1.56,False,-0.05,1.973,1.412,-0.9871,-5.58,0.646,28.0,-3.0,40.0,4.81,11.33,52971067.0,,,25.1,0.9666254635352287,0.9468479604449939,0.9851668726823238,0.11866501854140915,0.10506798516687268,0.7490729295426453,0.723114956736712,0.6452,0.6163,0.4849
SKWD,Skyward Specialty Insurance Group Inc,Financial,Insurance - Property & Casualty,12.8,9.95,15.7,52.93,-0.19,3.73,5.18,-8.62,30.55,0.33,-16.27,1.64,541930.0,0.0,55.0,Aug 04/a,70.92,2440000000.0,HIGH,-6.02,-2.69,0.89,-1.36,0.0761,False,-3.37,False,-6.55,2.539,1.698,-1.3731,-16.61,0.802,37.0,-11.03,37.0,-11.03,54.78,22520651.0,,,29.5,0.8974042027194067,0.6662546353522868,0.9283065512978986,0.29604449938195304,0.5877626699629172,0.49134734239802225,0.5754017305315204,0.6445,0.685,0.5681
SUPN,Supernus Pharmaceuticals Inc,Healthcare,Drug Manufacturers - Specialty & Generic,,9.57,-353.07,32.4,0.0,1.44,9.15,-8.85,-13.849999999999998,0.55,-28.52,1.5,843170.0,0.09,42.66,Aug 03/b,61.75,2480000000.0,HIGH,-2.45,-0.28,0.98,2.21,0.0925,False,-0.32,False,-5.52,3.0,2.438,-1.4973,-18.74,0.795,28.0,-11.62,39.0,-4.41,42.66,26506942.0,,,44.7,0.8665018541409147,0.6069221260815822,0.8875154511742892,0.2843016069221261,0.6773794808405439,0.5370828182941904,0.7058096415327565,0.6433,0.7518,0.5913
RLJ,RLJ Lodging Trust,Real Estate,REIT - Hotel & Motel,1872.88,320.66,10.4,5.48,0.0,9.19,8.95,-6.67,47.73,1.14,-14.27,3.08,1860000.0,0.0,11.05,Aug 06/a,11.68,1690000000.0,HIGH,-2.27,2.38,0.69,2.39,0.0595,True,2.09,False,-2.01,2.392,2.679,-1.402,-13.11,0.765,45.0,-7.13,35.0,0.63,11.2,18435782.0,,,4.3,0.8899876390605687,0.7608158220024722,0.965389369592089,0.24721878862793573,0.31334981458590855,0.6736711990111248,0.7095179233621756,0.6417,0.6674,0.5311
TFSL,TFS Financial Corp,Financial,Banks - Regional,46.02,42.54,44.18,5.9,-3.82,0.05,2.87,-5.36,21.9,0.72,-14.88,3.0,841380.0,0.0,16.59,Jul 30/a,19.0,4650000000.0,HIGH,-4.62,-0.59,0.77,0.04,0.0782,False,-2.1,False,-4.89,1.833,1.077,-0.9152,-14.21,0.741,38.0,-9.33,40.0,-7.37,16.72,12187202.0,,,13.6,0.9814585908529048,0.7299134734239803,0.92336217552534,0.21940667490729296,0.4289245982694685,0.5587144622991347,0.630407911001236,0.6403,0.6578,0.5471
OPCH,Option Care Health Inc,Healthcare,Medical Care Facilities,17.46,11.07,14.13,1.86,3.51,-40.99,8.22,5.73,-16.86,0.58,-37.31,1.79,2320000.0,0.0,23.07,Jul 29/b,28.58,3460000000.0,HIGH,-3.47,-3.67,0.56,1.19,0.0746,False,-3.06,False,-1.44,3.146,1.864,-1.6672,-7.57,0.819,8.0,-1.91,42.0,2.62,23.07,49926012.0,,,23.9,0.8343634116192831,0.9097651421508035,0.9326328800988876,0.3238566131025958,0.1446229913473424,0.6953028430160693,0.6674907292954264,0.6401,0.5902,0.4995
XERS,Xeris Biopharma Holdings Inc,Healthcare,Drug Manufacturers - Specialty & Generic,,25.5,-1387.6,28.74,-3.65,1.41,4.66,17.88,68.96,0.69,-9.49,1.43,1920000.0,0.01,9.12,Aug 06/b,12.29,1660000000.0,HIGH,7.31,3.41,0.81,11.97,0.245,True,9.77,True,8.81,4.898,3.297,-3.297,-1.09,1.131,2.0,5.08,36.0,23.64,9.1,15751035.0,,,35.1,0.3658838071693449,0.9938195302843016,0.34857849196538937,0.7342398022249691,0.48393077873918416,0.9122373300370828,0.8949320148331273,0.6398,0.6077,0.6241
NHI,National Health Investors Inc,Real Estate,REIT - Healthcare Facilities,19.46,21.52,45.25,33.67,0.2,6.54,4.19,-13.350000000000001,-18.2,0.51,-26.419999999999998,1.67,539720.0,0.0,67.24,Aug 10/a,81.56,3300000000.0,HIGH,-7.09,-1.4,0.74,-2.43,0.1047,False,-3.94,False,-8.53,2.039,1.3,-1.0549,-17.75,0.999,48.0,-15.57,33.0,-4.33,66.92,26295205.0,,,21.9,0.9592088998763906,0.6390605686032138,0.8479604449938195,0.580964153275649,0.3831891223733004,0.4276885043263288,0.5253399258343634,0.6397,0.5795,0.5878
MAT,Mattel Inc,Consumer Cyclical,Leisure,9.83,8.44,-138.44,10.48,-1.3,0.17,9.37,-2.48,-6.64,0.69,-40.61,2.0,4300000.0,0.01,13.35,Aug 04/a,17.75,3810000000.0,HIGH,-12.22,1.61,1.08,-7.56,0.194,False,-3.99,False,-7.61,2.612,2.182,-1.7314,-15.08,0.983,44.0,-7.32,37.0,-8.09,13.29,54692373.0,,,33.6,0.8257107540173053,0.7058096415327565,0.5222496909765142,0.5630407911001236,0.754017305315204,0.4610630407911001,0.326946847960445,0.6386,0.5137,0.651
SLGN,Silgan Holdings Inc,Consumer Cyclical,Packaging & Containers,14.11,8.77,-13.65,6.76,0.0,3.6900000000000004,9.28,-22.37,-5.7,0.65,-27.529999999999998,1.31,1280000.0,0.0,35.91,Jul 29/b,55.31,3800000000.0,HIGH,-14.7,-3.18,1.54,-10.04,0.2049,False,-7.7,False,-13.15,3.0,2.256,-1.6774,-25.65,1.42,22.0,-15.82,42.0,-15.8,35.91,51657794.0,,,54.0,0.8318912237330037,0.40976514215080345,0.4796044499381953,0.896168108776267,0.9406674907292955,0.2657601977750309,0.26328800988875156,0.6373,0.5314,0.7336
ALH,Alliance Laundry Holdings Inc,Consumer Cyclical,"Furnishings, Fixtures & Appliances",24.6,14.7,286.93,22.38,-17.19,0.01,5.39,-16.89,11.88,,-22.6,1.38,1130000.0,0.0,21.85,Aug 13/b,32.25,4340000000.0,HIGH,-5.9,0.92,1.53,-1.24,0.1175,False,-0.07,False,-8.99,2.879,2.333,-1.6802,-22.56,0.828,38.0,-17.76,31.0,-15.14,21.86,21702223.0,,,47.5,0.830655129789864,0.4919653893695921,0.8046971569839307,0.3374536464771323,0.9375772558714462,0.41409147095179233,0.5784919653893696,0.6361,0.7541,0.6299
WKC,World Kinect Corp,Energy,Oil & Gas Refining & Marketing,,15.66,115.48,50.47999999999999,-9.61,5.75,19.99,19.32,71.63,1.23,-2.69,3.67,1180000.0,0.0,40.09,Jul 23/a,37.67,2049999999.9999998,HIGH,0.56,0.17,0.59,5.22,0.0342,True,0.36,False,-2.43,2.547,1.599,-0.7799,-13.47,0.76,3.0,-0.53,45.0,-1.71,35.65,40880411.0,,,5.7,0.992583436341162,0.7503090234857849,0.9975278121137207,0.23856613102595797,0.173053152039555,0.6625463535228677,0.8028430160692213,0.6358,0.6723,0.5167
MANE,Veradermics Inc,Healthcare,Biotechnology,,,-44.05,,-7.690000000000001,22.94,13.58,-5.7,77.84,,-11.2,1.0,777050.0,0.01,116.54,Aug 11/b,163.5,4870000000.0,HIGH,19.03,3.34,0.82,23.69,0.2817,True,11.46,True,9.26,5.141,3.663,-2.9858,-10.92,1.252,5.0,9.2,33.0,6.99,116.57,79730399.0,,,40.3,0.46600741656365885,0.8257107540173053,0.26946847960445,0.8318912237330037,0.49814585908529047,0.9171817058096415,0.9728059332509271,0.6347,0.6194,0.6783
PMT,Pennymac Mortgage Investment Trust,Real Estate,REIT - Mortgage,5.82,6.01,756.3,17.26,-0.45999999999999996,5.44,11.81,-24.09,-25.71,1.16,-39.75,2.75,1590000.0,0.03,8.32,Jul 29/a,10.67,725530000.0,HIGH,-10.81,-6.19,1.11,-6.15,0.1634,False,-8.51,False,-10.94,2.658,3.001,-1.577,-26.74,1.208,,,41.0,-10.53,8.33,14976063.0,,,28.1,0.8504326328800988,0.3800988875154512,0.6322620519159456,0.799752781211372,0.7836835599505563,0.34857849196538937,0.38813349814585907,0.6325,0.58,0.6956
RYAM,Rayonier Advanced Materials Inc,Basic Materials,Chemicals,,9.85,90.91,10.61,-0.03,-2.36,8.11,7.12,-20.72,1.83,-27.68,1.0,886690.0,0.0,8.57,Aug 04/a,14.0,579710000.0,HIGH,-0.35,1.06,0.75,4.31,0.116,True,0.41,False,-0.3,3.659,2.334,-2.5902,-13.43,0.943,4.0,1.06,37.0,-2.17,8.57,6417250.0,,,63.4,0.5834363411619283,0.7515451174289246,0.8121137206427689,0.5049443757725587,0.39864029666254636,0.7441285537700866,0.7775030902348579,0.6325,0.6742,0.5578
BCO,Brink's Co,Industrials,Security & Protection Services,24.53,10.98,3.8,7.06,0.0,12.0,13.2,15.06,5.23,0.96,-22.24,1.0,504860.0,0.07,106.04,Aug 05/b,146.33,4370000000.0,HIGH,-3.74,-0.21,0.87,0.92,0.0693,False,-1.03,False,-4.99,2.852,2.958,-1.7347,-14.08,0.7,48.0,-10.68,37.0,-7.75,106.82,45922380.0,,REVIEW,37.0,0.823238566131026,0.7379480840543882,0.9431396786155748,0.1668726823238566,0.5624227441285538,0.5525339925834364,0.6588380716934487,0.631,0.7152,0.5263
TRTX,TPG RE Finance Trust Inc,Real Estate,REIT - Mortgage,11.42,5.65,-43.04,2.64,0.0,1.14,7.24,-26.0,-17.74,1.5,-33.19,1.5,850640.0,0.03,6.26,Jul 28/a,9.88,480570000.0,HIGH,-15.14,-9.02,1.84,-10.48,0.2105,False,-11.24,False,-16.22,2.617,1.905,-1.472,-25.75,1.399,51.0,-23.45,42.0,-20.1,6.56,6530278.0,,,50.6,0.8751545117428925,0.4079110012360939,0.4635352286773795,0.8875154511742892,0.9715698393077874,0.17985166872682323,0.24721878862793573,0.6309,0.5294,0.7285
BBDC,Barings BDC Inc,Financial,Asset Management,10.36,8.52,-10.39,43.22,1.56,,2.4,2.14,7.629999999999999,0.71,-9.81,1.83,666480.0,0.03,8.6,Aug 05/a,9.96,900480000.0,HIGH,-7.27,-1.48,0.73,-2.61,0.1089,False,-2.44,False,-2.45,1.812,1.499,-1.1384,-9.12,0.615,24.0,-7.17,36.0,2.97,8.67,5532082.0,,,14.9,0.9493201483312732,0.8838071693448702,0.8343634116192831,0.09023485784919653,0.3658838071693449,0.6613102595797281,0.5179233621755254,0.6308,0.5672,0.5167
PGNY,Progyny Inc,Healthcare,Healthcare Plans,27.63,16.74,78.89,5.3,-2.36,-2.55,6.32,-10.77,43.0,1.02,-23.06,1.33,1160000.0,0.0,25.44,Aug 06/a,34.42,1950000000.0,HIGH,-2.15,-5.29,0.99,2.51,0.1126,False,-4.41,False,-8.76,2.97,2.59,-1.7765,-23.06,0.987,11.0,-6.06,35.0,-9.47,25.44,29990408.0,,,35.3,0.8108776266996292,0.4746600741656366,0.8182941903584673,0.5710754017305315,0.6903584672435105,0.41903584672435107,0.7144622991347342,0.6307,0.7384,0.6228
MAIA,MAIA Biotechnology Inc,Healthcare,Biotechnology,,1.1,25.95,,4.11,7.39,4.16,-17.57,-6.87,0.27,-61.75999999999999,1.0,527260.0,0.08,1.22,Aug 11,14.0,74220000.0,HIGH,-9.77,-9.77,1.47,-5.11,0.144,False,-9.5,False,-10.11,6.774,10.833,-3.5746,-21.57,1.772,,,,,1.2,834205.0,,,1066.7,0.29171817058096416,0.522867737948084,0.7014833127317677,0.9567367119901112,0.9295426452410384,0.3819530284301607,0.43139678615574784,0.6307,0.6619,0.64
KN,Knowles Corp,Technology,Electronic Components,47.79,22.91,137.75,14.32,-19.19,1.04,5.52,-9.37,45.64,1.6,-13.699999999999998,1.8,913150.0,0.05,37.05,Jul 23/a,45.0,3160000000.0,HIGH,9.64,4.22,0.72,14.3,0.1138,True,5.62,True,3.51,2.927,2.744,-2.0643,-8.06,0.683,1.0,2.09,45.0,-0.13,37.53,24366257.0,,,19.9,0.7194066749072929,0.9023485784919654,0.8170580964153276,0.1508034610630408,0.3535228677379481,0.8380716934487021,0.9221260815822002,0.6302,0.72,0.5155
KMT,Kennametal Inc,Industrials,Tools & Accessories,7.05,12.57,936.69,42.63,-7.400000000000001,2.98,10.14,-10.88,-14.000000000000002,1.33,-29.17,3.78,1350000.0,0.0,31.03,Aug 05/b,32.43,2370000000.0,HIGH,5.04,5.29,0.88,9.7,0.0726,True,4.34,False,-1.26,2.645,3.352,-1.8487,-24.54,0.826,1.0,3.19,37.0,-9.16,31.03,41193298.0,,,4.5,0.7861557478368356,0.4400494437577256,0.9394313967861557,0.33127317676143386,0.5754017305315204,0.7070457354758962,0.8665018541409147,0.6299,0.8011,0.6
RPC,Ridgepost Capital Inc,Financial,Asset Management,31.58,6.54,115.43999999999998,11.29,0.01,-2.71,8.11,0.13,10.13,0.75,-33.65,1.75,560710.0,0.1,7.61,Aug 05/b,12.75,838930000.0,HIGH,-12.93,-4.44,1.26,-8.27,0.173,False,-6.7,False,-10.86,3.581,2.653,-1.8357,-20.72,1.027,39.0,-12.53,37.0,-15.19,7.54,4859340.0,,,69.1,0.7948084054388134,0.5414091470951793,0.5995055624227441,0.6199011124845488,0.8702101359703337,0.3510506798516687,0.30284301606922126,0.6295,0.5621,0.659
DIOD,Diodes Inc,Technology,Semiconductors,51.62,16.62,1.23,21.66,-6.11,1.0,5.31,-7.77,40.53,1.91,-23.93,2.2,610070.0,0.14,95.84,Aug 05/a,162.5,4410000000.0,HIGH,8.91,5.63,0.66,13.57,0.1122,True,4.67,True,4.12,4.514,2.901,-2.686,-12.96,0.95,4.0,5.63,36.0,11.98,95.84,49152950.0,,,69.6,0.5488257107540173,0.7676143386897404,0.8201483312731768,0.5166872682323856,0.2657601977750309,0.8467243510506799,0.9134734239802225,0.6276,0.6912,0.5445
DAN,Dana Inc,Consumer Cyclical,Auto Parts,,6.8,-100.0,3.88,0.0,0.27,4.29,-3.52,-17.38,2.03,-31.4,1.78,1550000.0,0.0,27.14,Aug 06/b,39.0,2920000000.0,HIGH,-10.58,-9.5,1.1,-5.92,0.1563,False,-9.91,False,-7.45,3.824,3.058,-2.6083,-15.98,1.021,15.0,-13.9,36.0,-0.66,27.14,43632023.0,,,43.7,0.5747836835599506,0.6773794808405439,0.657601977750309,0.6124845488257108,0.7744128553770087,0.4672435105067985,0.4004944375772559,0.6273,0.5898,0.6072
COLD,Americold Realty Trust Inc,Real Estate,REIT - Industrial,,154.88,-22229.63,1.87,-0.08,-7.180000000000001,9.74,-8.5,34.73,0.93,-12.68,2.47,3900000.0,0.0,14.74,Aug 06/b,16.31,4210000000.0,HIGH,-1.8,0.07,0.84,2.86,0.1019,True,1.48,True,0.34,3.609,5.088,-2.1816,-12.68,0.67,23.0,-2.45,36.0,5.06,14.74,53168052.0,,,10.7,0.6996291718170581,0.784301606922126,0.8553770086526575,0.13906056860321384,0.5253399258343634,0.757725587144623,0.7292954264524104,0.6269,0.7059,0.5304
DEI,Douglas Emmett Inc,Real Estate,REIT - Office,,,49.59,1.63,0.0,5.6,19.07,-17.01,6.860000000000001,1.2,-38.03,2.92,1930000.0,0.0,9.81,Aug 04/a,13.1,1640000000.0,HIGH,-16.5,-5.67,1.41,-11.84,0.2298,False,-8.28,False,-14.08,3.091,3.462,-1.5892,-24.29,1.455,51.0,-21.31,37.0,-16.78,9.82,21487563.0,,,33.4,0.8479604449938195,0.44870210135970334,0.40914709517923364,0.9060568603213844,0.9140914709517923,0.23362175525339926,0.21013597033374537,0.6266,0.481,0.7254
INFQ,Infleqtion Inc,Technology,Software - Infrastructure,,,-396.57,,-43.78,15.24,11.08,3.6900000000000004,45.48,4.28,-47.89,1.0,9920000.0,0.16,14.33,Aug 12/a,21.83,3230000000.0,HIGH,13.36,3.94,0.78,18.02,0.1849,True,9.27,True,19.34,6.557,5.513,-4.1761,-3.65,1.015,1.0,1.47,31.0,19.13,14.51,113386716.0,,,50.4,0.20519159456118666,0.9777503090234858,0.5512978986402967,0.6025957972805933,0.44561186650185414,0.9746600741656366,0.9542645241038319,0.6262,0.6808,0.557
AVAH,Aveanna Healthcare Holdings Inc,Healthcare,Medical Care Facilities,10.13,13.73,39.56,13.73,-43.86,7.16,4.74,43.88,98.09,1.94,-15.299999999999999,1.64,2990000.0,0.01,12.46,Aug 13/b,14.6,2720000000.0,HIGH,-6.83,-7.66,0.7,-2.17,0.1679,False,-8.44,True,4.45,4.211,3.626,-1.9815,-15.64,0.958,11.0,-10.46,31.0,37.13,12.41,44017025.0,,,17.6,0.7453646477132262,0.6854140914709518,0.6155747836835599,0.5259579728059333,0.326946847960445,0.8541409147095179,0.5389369592088998,0.6256,0.4983,0.6131
KFY,Korn Ferry,Industrials,Staffing & Employment Services,13.3,11.06,5.26,6.860000000000001,-2.25,0.02,4.02,0.08,13.19,1.25,-19.35,1.6,501740.0,0.0,70.57,Sep 09/b,90.25,3850000000.0,HIGH,-16.86,-6.57,0.99,-12.2,0.2314,False,-9.65,False,-11.76,3.193,1.575,-1.5732,-18.03,1.296,20.0,-15.26,13.0,-11.59,71.73,47180383.0,,,25.8,0.8516687268232386,0.630407911001236,0.4017305315203955,0.8522867737948084,0.6903584672435105,0.3226205191594561,0.20024721878862795,0.6248,0.4077,0.6792
XIFR,XPLR Infrastructure LP,Utilities,Utilities - Renewable,15.7,16.49,-52.05,5.57,0.0,1.19,5.28,-11.39,2.54,0.89,-20.75,3.0,903940.0,0.0,10.5,Jul 28/b,12.7,2029999999.9999998,HIGH,-9.98,-2.68,0.9,-5.32,0.195,False,-7.13,False,-9.06,2.746,1.659,-1.7452,-18.28,1.166,16.0,-11.34,43.0,-10.74,10.55,8648998.0,,,20.4,0.8220024721878862,0.622991347342398,0.5185414091470952,0.7688504326328801,0.5976514215080346,0.411619283065513,0.42398022249690975,0.6236,0.5044,0.65
PLSE,Pulse Biosciences Inc,Healthcare,Medical Instruments & Supplies,,,-25.06,,1.33,30.020000000000003,14.92,74.42,147.93,1.57,-13.41,1.0,505510.0,0.03,51.0,Aug 06/a,54.0,3710000000.0,HIGH,8.53,-3.15,0.93,13.19,0.1547,False,-1.17,True,14.97,9.114,6.293,-4.5135,-12.34,0.973,9.0,-4.76,35.0,35.02,51.63,37265124.0,,,4.6,0.16069221260815822,0.7898640296662547,0.6637824474660075,0.5451174289245982,0.6310259579728059,0.9493201483312732,0.9110012360939431,0.6233,0.7528,0.5715
PRVA,Privia Health Group Inc,Healthcare,Health Information Services,91.42,47.22,228.23,21.39,-6.39,2.51,4.13,-22.9,-1.6,0.8,-31.64,1.17,1260000.0,0.0,19.7,Aug 06/b,31.47,2520000000.0,HIGH,-5.19,0.87,1.09,-0.53,0.1064,False,-2.6,False,-10.23,3.209,3.044,-1.2677,-31.61,0.977,54.0,-28.3,36.0,-10.41,19.71,25888280.0,,,59.7,0.9258343634116193,0.276885043263288,0.8417799752781212,0.5519159456118665,0.7632880098887516,0.3757725587144623,0.6007416563658838,0.6226,0.7218,0.6542
ARR,ARMOUR Residential REIT Inc,Real Estate,REIT - Mortgage,3.76,4.77,191.47,8.35,-12.25,8.01,11.55,-19.26,-11.0,1.39,-27.500000000000004,2.33,4000000.0,0.03,14.0,Jul 22/a,18.38,1980000000.0,HIGH,-13.6,-4.54,1.16,-8.94,0.2014,False,-8.68,False,-12.12,2.361,2.624,-1.3323,-19.89,1.035,30.0,-15.67,46.0,-12.59,14.1,65100844.0,,,30.4,0.9097651421508035,0.5673671199011124,0.4932014833127317,0.6316440049443758,0.826946847960445,0.3065512978986403,0.2904820766378245,0.6226,0.5122,0.6687
SBGI,Sinclair Inc,Communication Services,Broadcasting,16.55,,-14.529999999999998,7.139999999999999,-0.29,4.01,9.41,-8.73,-2.97,1.1,-28.689999999999998,3.0,521880.0,0.0,12.75,Aug 05/a,18.17,922050000.0,HIGH,-10.94,-3.26,1.09,-6.28,0.1477,False,-6.33,False,-8.1,3.56,2.034,-1.8671,-21.6,0.972,30.0,-10.5,36.0,-8.12,12.78,6105410.0,,,42.2,0.7787391841779975,0.5216316440049443,0.6835599505562423,0.5426452410383189,0.7632880098887516,0.44499381953028433,0.3825710754017305,0.6225,0.5871,0.6324
URGN,UroGen Pharma Ltd,Healthcare,Biotechnology,,16.69,72.78,199.22,-1.32,-1.34,15.05,16.32,144.36,1.57,-17.43,1.25,840070.0,0.0,41.96,Aug 05/b,58.25,2049999999.9999998,HIGH,-5.2,-4.28,0.9,-0.54,0.1033,False,-4.07,False,-5.9,5.011,2.738,-2.3561,-18.62,0.94,27.0,-15.47,37.0,3.58,41.35,31316783.0,,,40.9,0.6489493201483313,0.6100123609394313,0.8510506798516687,0.5024721878862793,0.5976514215080346,0.5197775030902348,0.5988875154511742,0.6217,0.6742,0.5672
NRDS,Nerdwallet Inc,Communication Services,Internet Content & Information,9.55,8.66,-38.88,5.56,-10.28,-3.6900000000000004,15.98,-6.39,-19.28,1.24,-47.66,2.0,706480.0,0.0,8.5,Aug 06/a,11.8,543350000.0,HIGH,-14.14,-6.39,1.13,-9.48,0.2474,False,-8.65,False,-9.84,3.782,4.824,-2.3499,-17.72,1.422,24.0,-13.97,35.0,-3.85,8.5,6718133.0,,,38.8,0.6514215080346106,0.6402966625463535,0.34610630407911,0.8974042027194067,0.799752781211372,0.39060568603213847,0.2799752781211372,0.6209,0.4557,0.6848
PLX,Protalix BioTherapeutics Inc,Healthcare,Biotechnology,11.53,52.34,2190.0,27.07,0.0,-3.36,3.72,11.37,22.29,-0.08,-17.96,1.0,706720.0,0.02,2.62,Aug 12/b,11.0,210860000.0,HIGH,7.09,-1.09,0.55,11.75,0.1171,True,1.44,True,8.53,3.44,2.941,-2.2183,-4.56,0.734,4.0,-1.09,32.0,11.93,2.72,1878211.0,,,304.4,0.6897404202719407,0.9709517923362175,0.8090234857849197,0.21013597033374537,0.1334981458590853,0.9110012360939431,0.8893695920889988,0.6207,0.6385,0.4861
INOD,Innodata Inc,Technology,Information Technology Services,52.01,42.41,102.69,57.8,-49.78,12.2,14.76,-10.49,84.81,2.99,-45.18,1.33,1350000.0,0.32,68.6,Aug 06/a,123.67,2360000000.0,HIGH,22.3,13.37,1.07,26.96,0.4405,True,18.01,True,14.58,5.855,8.742,-4.2629,-12.88,2.181,4.0,13.37,35.0,11.04,69.21,89148148.0,,,78.7,0.19530284301606923,0.7719406674907293,0.08281829419035847,0.9802224969097652,0.7447466007416563,0.9468479604449939,0.9789864029666254,0.6203,0.6399,0.7168
IRT,Independence Realty Trust Inc,Real Estate,REIT - Residential,79.84,79.78,-58.14,3.12,-0.16,0.65,6.72,-12.98,-1.02,0.96,-17.88,1.62,3050000.0,0.0,14.61,Aug 03/a,19.27,3530000000.0,HIGH,-10.3,-0.2,0.84,-5.64,0.1689,False,-4.81,False,-9.52,2.173,1.572,-1.1883,-17.34,0.995,35.0,-13.84,38.0,-12.71,14.63,57127714.0,,,31.7,0.9431396786155748,0.657601977750309,0.6118665018541409,0.5778739184177998,0.5253399258343634,0.4004944375772559,0.4079110012360939,0.6194,0.5043,0.6117
CNMD,Conmed Corp,Healthcare,Medical Devices,24.82,9.6,11.05,0.21,0.0,-1.03,7.17,33.39,32.74,0.94,-14.46,3.25,522530.0,0.02,45.9,Jul 29/a,45.5,1370000000.0,HIGH,-9.2,1.54,0.85,-4.54,0.1467,False,-3.68,False,-4.5,3.342,3.107,-1.7089,-15.43,0.865,39.0,-1.99,41.0,5.02,45.38,15570279.0,,,0.3,0.8281829419035847,0.6897404202719407,0.6909765142150803,0.3930778739184178,0.5352286773794809,0.5772558714462299,0.4561186650185414,0.6191,0.5503,0.5834
NMRK,Newmark Group Inc,Real Estate,Real Estate Services,16.08,5.86,-5.36,18.91,0.0,3.2099999999999995,4.07,-15.27,-9.58,1.74,-34.81,1.5,1610000.0,0.02,12.93,Jul 29/b,19.75,2340000000.0,HIGH,-17.5,-6.51,1.21,-12.84,0.2069,False,-8.81,False,-12.84,3.568,2.489,-2.2618,-20.61,1.384,27.0,-13.97,42.0,-12.29,13.06,29417276.0,,,51.2,0.6773794808405439,0.5482076637824475,0.4765142150803461,0.8850432632880099,0.8485784919653894,0.27441285537700866,0.1841779975278121,0.6184,0.4712,0.6714
FATE,Fate Therapeutics Inc,Healthcare,Biotechnology,,,12.839999999999998,9.18,-2.39,-1.8799999999999997,8.22,-2.39,101.88999999999999,2.53,-26.87,1.91,2460000.0,0.0,2.36,Aug 13/b,6.19,283030000.0,HIGH,-3.29,-7.11,2.31,1.37,0.1284,False,-3.25,False,-6.41,6.201,8.511,-2.7184,-27.24,0.982,4.0,-7.11,31.0,-6.75,2.35,3595812.0,,,163.4,0.5327564894932015,0.37082818294190356,0.7589616810877626,0.5605686032138443,0.9851668726823238,0.5006180469715699,0.673053152039555,0.6181,0.7925,0.6448
CARG,CarGurus Inc,Communication Services,Internet Content & Information,16.83,10.25,142.2,7.24,-0.57,-3.83,10.15,-8.84,-11.47,1.21,-24.81,1.88,1100000.0,0.0,30.99,Aug 06/a,42.0,2760000000.0,HIGH,-14.39,-5.64,1.03,-9.73,0.189,False,-6.86,False,-11.02,3.948,3.77,-2.0578,-24.07,1.522,35.0,-13.96,35.0,-13.96,31.3,38197069.0,,,34.2,0.7206427688504327,0.453646477132262,0.5389369592089,0.9184177997527813,0.7218788627935723,0.3473423980222497,0.2719406674907293,0.6168,0.487,0.6771
NPKI,NPK International Inc,Industrials,Building Products & Equipment,25.91,18.6,37.5,19.57,-5.41,2.88,3.45,-24.92,-18.72,1.45,-28.970000000000002,1.0,900290.0,0.0,11.72,Jul 29/a,20.0,995140000.0,HIGH,-10.94,-6.09,1.06,-6.28,0.1932,False,-8.58,False,-12.18,3.175,2.304,-1.727,-21.92,1.192,,,41.0,-2.74,11.72,10274750.0,,,70.6,0.826946847960445,0.511742892459827,0.5265760197775031,0.788627935723115,0.738566131025958,0.3022249690976514,0.3825710754017305,0.6158,0.5326,0.6641
PURR,Hyperliquid Strategies Inc,Financial,Capital Markets,19.52,24.54,43889.58,,0.0,50.68,11.88,49.7,156.16,,-14.09,1.0,17900000.0,0.29,12.68,Aug 27/b,22.32,3020000000.0,HIGH,10.68,-5.17,1.16,15.34,0.3382,True,3.69,True,34.53,9.138,10.35,-6.6898,-12.94,1.336,6.0,0.16,21.0,11.16,12.85,340547146.0,,,73.7,0.04697156983930779,0.7688504326328801,0.17676143386897403,0.8671199011124846,0.826946847960445,0.9987639060568603,0.9357231149567367,0.6142,0.6754,0.685
NNBR,NN Inc,Industrials,Conglomerates,,18.87,49.34,19.29,-22.58,17.92,4.77,-0.9399999999999998,137.48,2.67,-19.96,1.0,3960000.0,0.07,3.59,Aug 05/a,6.67,296120000.0,HIGH,8.26,9.55,0.92,12.92,0.194,True,5.19,True,3.14,5.956,5.177,-4.6315,-18.08,1.608,3.0,8.9,36.0,-5.17,3.67,6443548.0,,,81.7,0.15327564894932014,0.6279357231149567,0.5222496909765142,0.934487021013597,0.6186650185414091,0.8281829419035847,0.9066749072929543,0.6141,0.7049,0.6337
ADPT,Adaptive Biotechnologies Corp,Healthcare,Diagnostics & Research,,,-47.8,21.53,-37.87,2.47,8.71,34.21,131.43,2.11,-4.14,1.25,2490000.0,0.06,28.72,Jul 29/a,26.36,4580000000.0,HIGH,16.83,5.64,0.76,21.49,0.3051,True,12.27,True,17.79,4.314,3.68,-2.8933,-1.77,1.012,2.0,5.52,41.0,30.45,29.43,59338979.0,,,-10.4,0.4857849196538937,0.9901112484548825,0.22496909765142148,0.6007416563658838,0.4122373300370828,0.9666254635352287,0.9629171817058096,0.6134,0.5763,0.6163
GO,Grocery Outlet Holding Corp,Consumer Defensive,Grocery Stores,,16.7,11.9,1.1,1.87,-2.68,23.29,14.92,57.989999999999995,0.66,-34.26,3.19,2430000.0,0.04,11.17,Aug 12/a,10.75,1110000000.0,HIGH,-9.04,-1.42,0.96,-4.38,0.1446,False,-4.59,True,2.69,3.968,3.026,-2.5121,-12.63,0.636,16.0,-7.83,31.0,8.85,11.07,26380970.0,,,-2.9,0.6007416563658838,0.7861557478368356,0.6983930778739185,0.10754017305315204,0.6588380716934487,0.8195302843016069,0.4610630407911001,0.6119,0.5916,0.5467
NEXT,NextDecade Corp,Energy,Oil & Gas Equipment & Services,,24.19,-5.79,,0.0,-1.56,17.04,-8.97,-17.59,1.52,-27.49,2.17,2590000.0,0.07,6.7,Jul 30/b,9.08,1780000000.0,HIGH,-10.75,-6.55,1.08,-6.09,0.1988,False,-9.02,False,-7.27,4.751,4.878,-1.8444,-22.35,1.05,12.0,-13.0,41.0,3.47,6.56,17678321.0,,,38.4,0.7911001236093943,0.49443757725587145,0.5043263288009889,0.6551297898640297,0.754017305315204,0.4684796044499382,0.39060568603213847,0.6112,0.5337,0.6672
STGW,Stagwell Inc,Communication Services,Advertising Agencies,140.0,6.72,-63.36999999999999,11.53,-1.5700000000000003,-0.08,8.66,18.68,35.86,1.3,-13.51,1.5,1380000.0,0.0,8.26,Jul 30/b,9.86,2020000000.0,HIGH,-4.81,-0.36,0.59,-0.15,0.0983,False,-2.71,False,-2.14,3.082,2.043,-1.8453,-12.88,0.864,33.0,-8.47,41.0,2.97,8.32,10210034.0,,,18.5,0.7898640296662547,0.7719406674907293,0.8677379480840544,0.3899876390605686,0.173053152039555,0.6711990111248455,0.622991347342398,0.6106,0.5614,0.506
CNXC,Concentrix Corp,Technology,Information Technology Services,,2.34,36.61,1.87,-30.39,2.89,18.17,7.490000000000001,2.65,0.49,-47.31,2.0,1720000.0,0.01,27.12,Sep 29/a,33.75,1650000000.0,HIGH,-7.83,-1.63,1.51,-3.17,0.2521,False,-7.94,True,0.99,7.747,9.354,-5.0424,-19.98,1.55,23.0,4.03,,,27.08,52327171.0,,,24.6,0.11866501854140915,0.5636588380716935,0.33621755253399255,0.927070457354759,0.9357231149567367,0.7812113720642769,0.5018541409147095,0.6104,0.5823,0.6907
NVST,Envista Holdings Corp,Healthcare,Medical Instruments & Supplies,41.23,14.23,110.55,7.1,-0.21,6.15,6.51,-12.18,-3.54,0.88,-21.99,2.07,2850000.0,0.0,23.73,Aug 05/a,30.0,3810000000.0,HIGH,-11.72,2.22,1.12,-7.06,0.235,False,-6.04,False,-10.25,3.309,1.754,-2.0217,-17.41,1.105,32.0,-16.02,36.0,-12.53,23.95,72683480.0,,,25.3,0.7317676143386898,0.65389369592089,0.3906056860321384,0.707663782447466,0.7898640296662547,0.37453646477132263,0.34857849196538937,0.6081,0.4936,0.651
IRWD,Ironwood Pharmaceuticals Inc,Healthcare,Drug Manufacturers - Specialty & Generic,5.31,3.09,123.29,32.62,-2.38,0.19,11.77,-5.35,33.01,0.21,-29.580000000000002,2.0,2230000.0,0.03,4.07,Aug 06/b,6.1,672530000.0,HIGH,0.0,-6.35,0.65,4.66,0.1296,False,-2.16,False,-0.57,4.704,3.632,-2.6723,-15.37,1.056,4.0,-6.35,36.0,-0.48,4.13,8673596.0,,,47.7,0.553770086526576,0.6909765142150803,0.7527812113720642,0.6619283065512979,0.2521631644004944,0.7354758961681088,0.784301606922126,0.6078,0.6152,0.5508
BVS,Bioventus Inc,Healthcare,Medical Devices,18.43,15.53,333.92,3.7599999999999993,0.0,6.05,6.2,46.11,59.84,0.64,-10.08,1.0,685560.0,0.02,14.29,Aug 05/b,17.6,1200000000.0,HIGH,-0.22,3.76,0.92,4.44,0.1409,True,2.2,True,2.54,3.543,3.765,-2.3593,-13.11,0.617,37.0,2.91,37.0,2.91,13.81,6708413.0,,,27.4,0.6477132262051916,0.7608158220024722,0.7119901112484549,0.09208899876390605,0.6186650185414091,0.8133498145859085,0.7787391841779975,0.6074,0.7107,0.543
CWT,California Water Service Group,Utilities,Utilities - Regulated Water,20.59,16.94,32.11,16.47,-1.86,6.92,3.94,-6.5,1.6,0.47,-15.03,1.6,507410.0,0.0,45.73,Jul 30/b,54.4,2830000000.0,HIGH,-8.54,-2.31,0.72,-3.88,0.1237,False,-4.75,False,-6.98,1.836,1.235,-0.8522,-14.21,0.814,43.0,-9.1,41.0,-8.57,46.17,24534812.0,,,17.8,0.9851668726823238,0.7299134734239803,0.7799752781211372,0.3176761433868974,0.3535228677379481,0.4777503090234858,0.47713226205191595,0.6073,0.5309,0.5335
REYN,Reynolds Consumer Products Inc,Consumer Cyclical,Packaging & Containers,13.17,12.82,21.0,0.64,0.0,5.25,11.82,-20.61,3.06,0.53,-21.19,2.62,1380000.0,0.01,21.53,Jul 29/b,27.14,4540000000.0,HIGH,-9.9,-1.9,0.8,-5.24,0.1116,False,-2.23,False,-10.82,2.25,1.454,-1.4969,-20.68,0.986,37.0,-17.64,42.0,-15.68,21.67,37416766.0,,,25.2,0.8677379480840544,0.5432632880098888,0.8257107540173053,0.569221260815822,0.4721878862793572,0.3535228677379481,0.4276885043263288,0.6053,0.5604,0.5657
MAN,ManpowerGroup,Industrials,Staffing & Employment Services,25.74,11.71,178.22,7.539999999999999,0.0,7.32,9.92,58.91,100.84,0.66,-10.64,2.54,1210000.0,0.04,57.08,Jul 16/b,57.33,2650000000.0,HIGH,-7.98,1.52,0.78,-3.32,0.147,False,-2.15,True,0.37,3.96,2.386,-2.1956,-10.13,0.716,21.0,-7.34,51.0,47.13,57.41,45499851.0,,,-0.1,0.695920889987639,0.8572311495673671,0.6878862793572311,0.18541409147095178,0.44561186650185414,0.7589616810877626,0.4956736711990111,0.6052,0.5383,0.5215
CTRI,Centuri Holdings Inc,Utilities,Utilities - Regulated Gas,65.81,20.32,-33.74,32.86,0.03,-2.41,5.63,-33.6,-31.03,1.01,-52.86,2.71,1820000.0,0.01,20.26,Aug 04/b,29.67,2049999999.9999998,HIGH,0.94,0.84,0.88,5.6,0.1049,True,2.1,False,-9.49,3.347,1.902,-1.9113,-28.88,1.103,,,38.0,-6.26,20.51,34137964.0,,,44.7,0.7700865265760197,0.3337453646477132,0.8448702101359703,0.7045735475896168,0.5754017305315204,0.40173053152039556,0.8121137206427689,0.6051,0.7509,0.6129
CHEF,Chefs' Warehouse Inc,Consumer Defensive,Food Distribution,51.92,35.7,55.46,12.920000000000002,-6.52,-1.21,12.6,14.6,83.47,1.44,-7.180000000000001,1.25,648340.0,0.04,109.2,Jul 29/b,122.0,4450000000.0,HIGH,-4.11,-0.39,0.6,0.55,0.0882,False,-0.74,True,1.8,3.66,3.455,-2.3395,-6.27,0.685,18.0,-1.96,42.0,10.07,110.27,76665609.0,,,10.6,0.65389369592089,0.9351050679851669,0.9011124845488258,0.1526576019777503,0.18788627935723115,0.7985166872682324,0.6452410383189122,0.6049,0.5848,0.4482
ORN,Orion Group Holdings Inc,Industrials,Engineering & Construction,93.75,19.28,-585.31,8.08,-0.33,2.99,7.1,-50.01,-21.24,1.42,-50.74999999999999,1.0,541590.0,0.0,8.57,Jul 28/a,14.99,347000000.0,HIGH,-7.44,-6.54,1.89,-2.78,0.0947,False,-5.49,False,-13.67,3.763,2.098,-2.2549,-45.35,1.132,,,42.0,-5.51,8.58,3969217.0,,,74.7,0.6823238566131026,0.10259579728059333,0.8800988875154512,0.7360939431396786,0.9740420271940667,0.2515451174289246,0.515451174289246,0.6044,0.7624,0.661
NKTX,Nkarta Inc,Healthcare,Biotechnology,,,-74.47,,-0.01,2.51,6.09,-4.21,32.52,0.93,-26.61,1.0,673690.0,0.07,2.73,Aug 10/a,10.83,195540000.0,HIGH,-0.36,-4.51,1.07,4.3,0.163,False,-3.52,True,6.68,8.304,4.909,-4.2766,-26.08,1.162,17.0,1.85,33.0,18.03,2.75,1820187.0,,,293.8,0.18912237330037082,0.40296662546353523,0.6341161928306551,0.765142150803461,0.7447466007416563,0.8887515451174289,0.7762669962917181,0.6041,0.7242,0.6469
EQPT,Equipmentshare.Com Inc,Industrials,Rental & Leasing Services,223.48,23.93,29.24,26.33,-1.33,6.63,13.04,-14.38,-13.62,,-51.21,1.75,3190000.0,0.01,17.32,Aug 12/a,33.2,4400000000.0,HIGH,-2.03,-4.51,1.27,2.63,0.1671,False,-3.49,False,-7.13,6.247,7.608,-4.303,-20.45,1.471,29.0,-15.9,31.0,-16.1,17.35,60077371.0,,,91.4,0.18046971569839307,0.5512978986402967,0.6192830655129791,0.9110012360939431,0.8782447466007417,0.4746600741656366,0.7218788627935723,0.6025,0.738,0.6111
IRTC,iRhythm Holdings Inc,Healthcare,Medical Devices,,92.53,97.39,20.08,-8.68,-2.42,9.47,-6.950000000000001,-6.7,1.45,-48.02,1.06,602050.0,0.07,110.19,Aug 06/a,176.14,3630000000.0,HIGH,-8.21,0.0,0.94,-3.55,0.1826,False,-4.43,False,-6.51,3.889,2.251,-2.0652,-19.25,1.017,25.0,-13.75,35.0,-13.66,110.38,63712698.0,,,59.6,0.7181705809641533,0.5896168108776267,0.5642768850432633,0.6050679851668727,0.6409147095179234,0.496291718170581,0.4857849196538937,0.6024,0.5559,0.6151
NP,Neptune Insurance Holdings Inc,Financial,Insurance Brokers,119.92,40.91,28.27,32.82,-13.320000000000002,36.13,4.54,-8.21,15.98,,-21.74,1.93,718720.0,0.0,27.51,Jul 21/a,34.54,3780000000.0,HIGH,-18.78,-3.91,1.26,-14.12,0.2849,False,-10.87,False,-12.77,4.65,4.035,-1.6664,-21.74,1.285,42.0,-13.71,47.0,-8.3,27.51,15652134.0,,,25.6,0.8368355995055624,0.5179233621755254,0.26205191594561184,0.8454882571075402,0.8702101359703337,0.27564894932014833,0.15822002472187885,0.6014,0.403,0.707
VKTX,Viking Therapeutics Inc,Healthcare,Biotechnology,,,-88.32,,-4.81,2.14,20.0,-11.29,7.86,0.64,-18.71,1.2,3550000.0,0.32,35.08,Jul 29/a,95.67,4090000000.0,HIGH,10.57,18.1,2.01,15.23,0.4135,True,6.83,True,4.99,8.579,11.094,-8.9831,-17.49,5.433,4.0,18.1,41.0,7.4,35.56,249687479.0,,,169.0,0.018541409147095178,0.6501854140914709,0.10506798516687266,0.9962917181705809,0.977132262051916,0.8590852904820766,0.9313967861557478,0.6011,0.6972,0.7128
BOX,Box Inc,Technology,Software - Infrastructure,44.96,17.94,75.37,9.23,-4.04,-1.23,12.68,17.24,35.02,0.72,-14.279999999999998,2.58,2890000.0,0.0,31.15,Aug 25/a,38.71,4269999999.9999995,HIGH,-10.26,-6.61,0.73,-5.6,0.1359,False,-8.21,False,-4.39,3.255,3.472,-1.9131,-13.62,0.872,16.0,-9.25,22.0,-4.88,31.39,97415003.0,,,23.3,0.7676143386897404,0.7466007416563659,0.7237330037082819,0.40976514215080345,0.3658838071693449,0.5871446229913473,0.4122373300370828,0.6001,0.4918,0.5326
WWW,Wolverine World Wide Inc,Consumer Cyclical,Footwear & Accessories,15.52,10.81,16.06,6.79,-4.08,0.29,7.35,22.4,26.74,1.7,-30.260000000000005,2.0,801370.0,0.01,20.0,Aug 13/b,24.3,1640000000.0,HIGH,-6.24,-2.1,0.83,-1.58,0.0937,False,-2.43,False,-2.66,3.543,2.832,-2.6678,-11.18,0.701,30.0,-4.07,31.0,5.59,19.07,13739836.0,,,27.4,0.5574783683559951,0.8220024721878862,0.8838071693448702,0.1681087762669963,0.5135970333745364,0.6551297898640297,0.5648949320148331,0.6,0.6452,0.4736
WTI,W & T Offshore Inc,Energy,Oil & Gas E&P,,,156.44,32.89,-0.58,14.97,14.47,18.75,12.43,0.35,-25.2,1.0,3910000.0,0.15,3.8,Aug 05/a,4.84,573580000.0,HIGH,2.24,-2.41,0.99,6.9,0.1747,False,-5.71,False,-1.83,5.851,5.753,-3.1552,-15.12,0.968,13.0,-7.83,36.0,12.31,3.65,14303318.0,,,32.6,0.3992583436341162,0.6996291718170581,0.5914709517923362,0.5370828182941904,0.6903584672435105,0.681087762669963,0.8343634116192831,0.5998,0.7183,0.5769
ADT,ADT Inc,Industrials,Security & Protection Services,8.85,6.49,8.88,1.96,0.1,-8.43,3.66,-1.69,-1.08,1.04,-28.04,2.75,7850000.0,0.0,6.39,Jul 30/b,8.23,4670000000.0,HIGH,-15.12,-3.32,0.86,-10.46,0.2235,False,-8.86,False,-11.45,2.651,1.719,-1.5315,-19.65,1.28,44.0,-9.09,41.0,-13.63,6.4,54971799.0,,REVIEW,28.6,0.8566131025957973,0.5747836835599506,0.4301606922126081,0.8442521631644005,0.5482076637824475,0.3337453646477132,0.24969097651421507,0.598,0.3934,0.6457
STLN,Starling Oncology Inc,Healthcare,Medical Care Facilities,,,46.7,34.62,-0.68,3.8699999999999997,11.1,23.67,133.97,0.42,-2.87,1.0,1710000.0,0.0,6.93,Aug 06/a,9.25,692450000.0,HIGH,7.94,-2.49,0.85,12.6,0.2214,True,4.17,True,10.94,6.356,6.757,-3.2549,-6.59,0.862,4.0,-2.49,35.0,33.47,6.66,8670061.0,,,38.9,0.3757725587144623,0.9221260815822002,0.4363411619283065,0.3856613102595797,0.5352286773794809,0.9283065512978986,0.899876390605686,0.5972,0.6514,0.5562
PSNL,Personalis Inc,Healthcare,Diagnostics & Research,,,-32.61,29.960000000000004,-1.56,2.55,11.49,19.13,158.36,2.32,-13.29,2.8,3880000.0,0.0,16.38,Aug 04/a,16.25,1750000000.0,HIGH,-3.57,1.35,0.42,1.09,0.0796,False,-0.34,True,8.98,2.677,2.369,-1.4211,-12.86,0.412,27.0,18.33,37.0,21.75,16.46,39654402.0,,,-1.3,0.8850432632880099,0.7737948084054388,0.9221260815822002,0.029666254635352288,0.05253399258343634,0.9147095179233622,0.6613102595797281,0.5963,0.5569,0.4705
SGMT,Sagimet Biosciences Inc,Healthcare,Biotechnology,,,18.57,,-9.01,125.22999999999999,17.87,17.65,87.42,3.5,-19.95,1.36,1260000.0,0.01,9.16,Aug 11/b,27.62,564480000.0,HIGH,-12.42,-14.44,1.11,-7.76,0.2103,False,-12.99,False,-2.89,7.372,4.058,-4.0666,-19.29,1.324,7.0,-11.66,33.0,-2.94,9.24,11715859.0,,,198.9,0.2249690976514215,0.5871446229913473,0.4666254635352287,0.8621755253399258,0.7836835599505563,0.6495673671199012,0.32014833127317677,0.5957,0.5032,0.6301
GANX,Gain Therapeutics Inc,Healthcare,Biotechnology,,,43.08,,0.0,1.21,6.82,-7.16,0.45000000000000007,0.19,-57.65,1.0,751760.0,0.0,1.84,Aug 11/b,7.2,80230000.0,HIGH,0.56,-3.26,1.11,5.22,0.1301,False,-0.34,False,-3.12,4.739,6.067,-3.1612,-24.89,0.982,33.0,0.56,33.0,0.56,1.78,621286.0,,,304.5,0.3980222496909765,0.43510506798516685,0.750309023485785,0.5605686032138443,0.7836835599505563,0.6409147095179234,0.8028430160692213,0.5948,0.7813,0.5958
GDYN,Grid Dynamics Holdings Inc,Technology,Information Technology Services,226.32,14.7,-43.61,6.99,-0.08,-8.26,7.29,42.28,40.22,0.97,-24.19,1.33,1770000.0,0.0,7.74,Jul 30/a,9.2,627920000.0,HIGH,-2.76,0.65,0.59,1.9,0.0901,False,-1.99,True,4.33,3.447,1.419,-2.1743,-8.07,0.505,10.0,-2.88,40.0,12.48,7.75,7534027.0,,,18.7,0.7021013597033374,0.9011124845488258,0.899876390605686,0.042027194066749075,0.173053152039555,0.8504326328800988,0.6934487021013597,0.5948,0.5993,0.4419
AESI,Atlas Energy Solutions Inc,Energy,Oil & Gas Equipment & Services,,,-347.44,1.56,0.0,23.66,29.97,-24.15,-4.01,1.14,-36.96,2.62,3420000.0,0.06,12.69,Aug 03/a,17.42,1590000000.0,HIGH,-2.96,-6.03,3.45,1.7,0.2659,False,-4.97,False,-0.31,7.346,8.741,-4.9882,-22.78,1.497,16.0,-4.3,38.0,14.09,12.47,45812859.0,,,39.7,0.12484548825710753,0.4826946847960445,0.30284301606922126,0.9159456118665018,0.9938195302843016,0.742274412855377,0.6823238566131026,0.5937,0.6619,0.6942
HTFL,Heartflow Inc,Healthcare,Health Information Services,,,-65.19,47.57,-10.07,33.73,8.68,35.27,90.93,2.73,-9.73,1.5,2000000.0,0.01,47.14,Aug 13/a,46.0,4099999999.9999995,HIGH,2.91,-2.3,0.57,7.57,0.1148,True,0.43,True,24.19,5.2,2.99,-3.2645,-5.84,0.803,6.0,-0.81,30.0,58.56,49.17,100443390.0,,,-6.4,0.3720642768850433,0.9406674907292955,0.8139678615574784,0.29913473423980225,0.15203955500618047,0.9826946847960445,0.8467243510506799,0.5934,0.6285,0.4515
IMMR,Immersion Corp,Technology,Software - Application,21.85,,705.96,0.8100000000000002,-7.44,13.309999999999999,8.23,6.58,31.35,1.0,-9.44,2.0,543480.0,0.01,7.29,Sep 14/b,13.5,242070000.0,HIGH,-4.84,-0.95,0.69,-0.18,0.0917,False,-1.75,False,-1.41,2.806,1.648,-2.1379,-9.57,0.604,21.0,-5.33,10.0,0.97,7.28,2765230.0,,,85.4,0.7045735475896168,0.8677379480840544,0.8887515451174289,0.0865265760197775,0.31334981458590855,0.6983930778739185,0.619283065512979,0.5932,0.6083,0.4507
CRMD,CorMedix Inc,Healthcare,Biotechnology,3.73,138.34,1.92,156.52,0.0,3.03,22.67,2.62,16.84,1.4,-39.78,1.0,1140000.0,0.0,7.84,Aug 13/b,15.33,611080000.0,HIGH,-5.42,1.03,0.7,-0.76,0.147,False,-2.11,False,-0.68,2.939,2.675,-1.3807,-12.58,0.656,17.0,-6.32,31.0,10.56,7.85,6980495.0,,,95.3,0.8936959208899876,0.7873918417799752,0.6878862793572311,0.1260815822002472,0.326946847960445,0.7330037082818294,0.5908529048207664,0.5925,0.5408,0.5199
BFAM,Bright Horizons Family Solutions Inc,Consumer Cyclical,Personal Services,20.83,11.17,-17.28,6.509999999999999,-1.54,-4.48,6.21,-6.1,-18.89,1.16,-40.05,2.27,863850.0,0.0,65.86,Jul 30/a,89.22,3200000000.0,HIGH,-11.96,4.08,0.84,-7.3,0.1996,False,-3.14,False,-8.48,3.912,1.852,-2.1189,-20.68,1.264,44.0,-13.08,40.0,-11.64,65.86,67259147.0,,,35.5,0.7107540173053152,0.5432632880098888,0.5018541409147095,0.8368355995055624,0.5253399258343634,0.4289245982694685,0.3411619283065513,0.5912,0.4446,0.6255
RPAY,Repay Holdings Corp,Technology,Software - Infrastructure,,3.82,88.56,33.16,-0.18,-2.6,6.18,5.87,24.67,1.89,-29.68,1.4,532690.0,0.0,3.79,Aug 10/a,6.85,334220000.0,HIGH,1.34,-3.56,0.92,6.0,0.1584,True,0.62,False,-0.77,4.344,5.013,-3.3637,-11.03,0.85,,,33.0,2.43,3.79,1563322.0,,,80.7,0.3473423980222497,0.8244746600741656,0.6495673671199012,0.36711990111248455,0.6186650185414091,0.7280593325092707,0.8220024721878862,0.5892,0.7093,0.5153
FRSH,Freshworks Inc,Technology,Software - Application,19.01,14.96,301.69,15.98,-0.12,1.42,11.43,21.55,57.69,0.9,-11.29,2.05,11520000.0,0.0,12.41,Aug 04/a,14.64,3240000000.0,HIGH,-9.52,0.72,0.91,-4.86,0.1881,False,-1.42,True,2.82,3.706,3.309,-2.6985,-10.36,0.707,21.0,-2.87,37.0,8.85,12.54,54428129.0,,,16.7,0.5426452410383189,0.8454882571075402,0.5401730531520396,0.17552533992583436,0.6069221260815822,0.8220024721878862,0.44128553770086526,0.5888,0.5206,0.5368
FBRT,Franklin BSP Realty Trust Inc,Real Estate,REIT - Mortgage,15.85,6.2,-37.77,15.5,2.08,-2.06,8.98,-14.48,-16.53,1.06,-38.56,1.8,1760000.0,0.0,6.97,Jul 29/a,11.67,578830000.0,HIGH,-17.61,-9.6,1.22,-12.95,0.2333,False,-11.83,False,-12.16,4.185,7.963,-2.1907,-20.21,1.112,17.0,-16.43,41.0,-7.44,6.97,20915367.0,,,67.4,0.6983930778739185,0.5599505562422744,0.3943139678615575,0.7163164400494437,0.8529048207663782,0.30407911001236093,0.18046971569839307,0.5877,0.4464,0.6429
DEC,Diversified Energy Co,Energy,Oil & Gas Integrated,,3.26,,,0.0,3.63,10.61,3.64,-23.07,0.34,-26.08,1.15,944600.0,0.22,13.97,Aug 05/a,24.57,1100000000.0,HIGH,-6.51,0.58,0.78,-1.85,0.1834,False,-5.76,False,-2.68,2.955,2.248,-2.009,-13.22,0.854,16.0,-9.57,36.0,5.35,13.79,13361873.0,,,78.2,0.7367119901112484,0.7571075401730532,0.5599505562422744,0.3720642768850433,0.44561186650185414,0.65389369592089,0.5525339925834364,0.5876,0.5227,0.5521
KODK,Eastman Kodak Co,Industrials,Specialty Business Services,,12.45,135.29,18.25,0.01,4.34,10.06,2.97,2.64,1.58,-34.7,,866870.0,0.07,9.71,Aug 04/a,12.0,950610000.0,HIGH,5.2,-2.56,0.53,9.86,0.1177,True,2.11,True,3.5,3.004,2.734,-2.204,-7.76,0.702,33.0,-4.8,37.0,6.49,9.51,8385754.0,,,26.2,0.69221260815822,0.9060568603213844,0.8034610630407911,0.17058096415327564,0.11310259579728059,0.8368355995055624,0.8714462299134734,0.587,0.6235,0.4532
CXT,Crane NXT Co,Industrials,Business Equipment & Supplies,19.69,10.1,41.93,21.96,0.35,11.45,16.1,-3.11,15.7,1.08,-31.0,1.38,732680.0,0.01,47.61,Aug 05/a,68.71,2740000000.0,HIGH,-4.81,4.26,0.67,-0.15,0.1504,False,-2.02,False,-5.37,3.989,2.64,-2.5756,-17.4,1.182,11.0,-5.26,36.0,-8.88,47.72,27563896.0,,,44.0,0.5896168108776267,0.6551297898640297,0.6736711990111248,0.7775030902348579,0.28182941903584674,0.5426452410383189,0.622991347342398,0.5867,0.5358,0.5479
BC,Brunswick Corp,Consumer Cyclical,Recreational Vehicles,,12.44,86.57,7.66,-2.91,0.95,7.72,-21.61,-5.3,1.36,-25.55,2.14,728710.0,0.0,67.19,Jul 30/b,90.94,4350000000.0,HIGH,-12.33,1.8,0.85,-7.67,0.195,False,-4.37,False,-12.28,3.303,2.575,-1.6015,-20.65,1.175,38.0,-15.37,41.0,-15.75,67.19,56590039.0,,,35.3,0.8467243510506799,0.5457354758961681,0.5185414091470952,0.7737948084054388,0.5352286773794809,0.29913473423980225,0.3226205191594561,0.5865,0.4452,0.6137
HLNE,Hamilton Lane Inc,Financial,Asset Management,13.05,11.75,50.47999999999999,56.48,1.19,6.77,11.31,14.2,-9.62,1.23,-44.98,1.38,722170.0,0.0,85.65,Aug 04/b,135.0,4730000000.0,HIGH,-18.7,-2.41,1.25,-14.04,0.3214,False,-9.62,False,-10.36,4.256,1.926,-1.8638,-21.54,1.162,19.0,-18.7,38.0,-9.17,86.21,59303037.0,,,56.6,0.7836835599505563,0.5241038318912238,0.20148331273176756,0.765142150803461,0.8621755253399258,0.3714462299134734,0.16069221260815822,0.5847,0.3834,0.6956
COUR,Coursera Inc,Consumer Defensive,Education & Training Services,,6.15,-617.71,59.589999999999996,-5.73,34.39,10.43,-10.92,-8.17,1.23,-58.93000000000001,1.67,5930000.0,0.01,5.06,Jul 29/a,8.17,1340000000.0,HIGH,-21.95,-2.13,2.62,-17.29,0.3578,False,-8.24,False,-10.51,3.805,3.663,-2.2609,-23.89,1.298,21.0,-16.67,41.0,-4.17,5.05,29403130.0,,,61.8,0.6798516687268232,0.4561186650185414,0.15574783683559945,0.8547589616810878,0.9901112484548825,0.36711990111248455,0.10877626699629171,0.584,0.3873,0.723
CARS,Cars.com,Communication Services,Internet Content & Information,19.12,4.26,129.33,0.67,-2.17,-4.38,15.18,-1.04,38.49,1.63,-19.48,2.43,646730.0,0.0,11.02,Aug 06/b,13.08,590130000.0,HIGH,-8.71,-4.8,0.78,-4.05,0.1572,False,-4.33,False,-7.53,3.873,3.486,-2.573,-18.29,1.127,43.0,-7.63,36.0,-7.16,10.9,6654644.0,,,20.0,0.5920889987639061,0.6217552533992583,0.6526576019777504,0.7268232385661311,0.44561186650185414,0.46291718170580964,0.46971569839307786,0.5836,0.5174,0.5569
MGNI,Magnite Inc,Communication Services,Advertising Agencies,21.52,17.47,75.23,11.24,-27.47,7.539999999999999,8.15,23.04,101.71999999999998,2.33,-12.44,1.33,2580000.0,0.0,23.5,Aug 05/a,29.22,3370000000.0,HIGH,1.14,-5.29,0.67,5.8,0.1169,False,-0.67,True,5.35,3.999,2.753,-3.008,-10.69,0.764,7.0,0.8,36.0,15.97,23.97,56961658.0,,,21.9,0.4610630407911001,0.8325092707045736,0.8108776266996292,0.2453646477132262,0.28182941903584674,0.8689740420271941,0.8170580964153276,0.5834,0.6546,0.4643
KOS,Kosmos Energy Ltd,Energy,Oil & Gas E&P,,10.03,266.54,54.82,-1.87,-0.26,4.89,32.98,-4.95,0.87,-17.19,2.31,14550000.0,0.15,2.77,Aug 03/b,3.19,1650000000.0,HIGH,-3.99,0.76,0.96,0.67,0.1905,False,-6.23,False,-1.33,6.038,5.283,-3.7369,-15.87,1.055,9.0,-9.25,39.0,4.74,2.65,34586123.0,,,20.4,0.26452410383189123,0.6817058096415327,0.5315203955500618,0.6594561186650185,0.6588380716934487,0.703955500618047,0.646477132262052,0.5833,0.6157,0.5717
ESAB,ESAB Corp,Industrials,Metal Fabrication,25.52,11.05,-54.09,12.86,-0.02,11.1,8.15,-27.9,-22.65,1.13,-48.45,1.23,776680.0,0.01,70.84,Aug 06/b,127.5,4400000000.0,HIGH,-5.91,7.31,1.13,-1.25,0.2107,True,1.82,False,-9.54,3.883,5.702,-2.6054,-28.01,1.444,38.0,-21.01,36.0,-22.23,71.91,66600981.0,,,77.3,0.5772558714462299,0.35599505562422745,0.4622991347342398,0.9035846724351051,0.799752781211372,0.3992583436341162,0.5772558714462299,0.583,0.6095,0.67
VCEL,Vericel Corp,Healthcare,Biotechnology,90.87,48.54,483.64000000000004,22.48,-15.75,0.37,10.84,-6.81,43.15,1.03,-14.84,1.25,534200.0,0.0,42.0,Jul 30/b,60.57,2150000000.0,HIGH,-3.03,0.4,0.72,1.63,0.0812,False,-0.02,False,-6.98,3.178,2.669,-1.7896,-19.48,0.845,,,41.0,-14.82,39.71,19768984.0,,,52.5,0.8084054388133498,0.5784919653893696,0.9171817058096415,0.361557478368356,0.3535228677379481,0.4777503090234858,0.6798516687268232,0.5828,0.6532,0.5003
ATEC,Alphatec Holdings Inc,Healthcare,Medical Devices,,16.16,40.0,15.07,0.63,-1.13,12.33,3.6799999999999997,-9.88,0.79,-57.71000000000001,1.0,2350000.0,0.17,9.85,Aug 04/a,15.79,1520000000.0,HIGH,7.2,-0.49,1.28,11.86,0.251,True,2.93,True,6.58,5.11,5.929,-4.8294,-8.25,0.836,11.0,14.48,37.0,5.75,10.12,23333008.0,,,56.0,0.14091470951792337,0.896168108776267,0.3386897404202719,0.3473423980222497,0.8831891223733004,0.8862793572311496,0.8930778739184178,0.5821,0.7238,0.5644
ANAB,AnaptysBio Inc,Healthcare,Biotechnology,7.95,,561.29,23.47,-1.02,5.61,19.49,-22.31,33.95,0.9,-29.17,1.17,597310.0,0.04,51.25,Sep 21/a,83.0,1530000000.0,HIGH,-9.38,-7.14,0.82,-4.72,0.1367,False,-6.91,False,-7.95,4.84,3.102,-1.9796,-28.08,1.125,30.0,-8.96,4.0,-5.42,51.0,29295998.0,,,62.7,0.7478368355995055,0.3522867737948084,0.7194066749072929,0.7255871446229913,0.49814585908529047,0.44746600741656367,0.449938195302843,0.5818,0.5452,0.6048
AMSC,American Superconductor Corp,Industrials,Specialty Industrial Machinery,9.81,23.05,19.03,30.010000000000005,-8.92,4.47,8.4,-25.46,-11.95,3.33,-57.879999999999995,1.0,745790.0,0.12,29.69,Aug 05/a,61.4,1440000000.0,HIGH,5.34,-0.76,0.95,10.0,0.1511,True,2.45,False,-1.4,4.399,3.665,-3.0682,-25.81,1.023,4.0,-0.76,36.0,-8.78,30.01,20800872.0,,,104.6,0.43757725587144625,0.40667490729295425,0.6699629171817059,0.61557478368356,0.6489493201483313,0.700247218788628,0.8763906056860321,0.5798,0.7462,0.6006
TIC,TIC Solutions Inc,Industrials,Specialty Business Services,,,-3105.26,86.14,0.0,0.72,15.5,8.32,34.7,2.79,-40.78,1.57,1950000.0,0.0,8.85,Aug 06/b,12.25,1930000000.0,HIGH,-7.01,-3.79,0.89,-2.35,0.1073,False,-3.95,True,0.48,4.54,3.825,-2.5019,-17.95,0.532,36.0,8.68,36.0,8.68,8.89,12880684.0,,,37.8,0.6019777503090235,0.6341161928306551,0.8368355995055624,0.054388133498145856,0.5877626699629172,0.7626699629171817,0.5278121137206427,0.5796,0.6385,0.5017
BV,BrightView Holdings Inc,Industrials,Specialty Business Services,,17.04,-119.75,1.31,0.2,0.26,5.46,-28.84,-11.03,1.19,-30.599999999999998,1.82,1080000.0,0.0,10.41,Aug 04/a,15.45,963970000.0,HIGH,-7.22,-2.16,1.61,-2.56,0.149,False,-4.64,False,-11.7,3.213,5.476,-2.1368,-30.6,0.951,51.0,-27.71,37.0,-1.79,10.41,9992411.0,,,48.4,0.7070457354758962,0.29666254635352285,0.6786155747836835,0.5179233621755254,0.9487021013597033,0.3238566131025958,0.5203955500618047,0.5788,0.6964,0.6244
ACHV,Achieve Life Sciences Inc,Healthcare,Biotechnology,,,-118.04999999999998,,-0.06,51.59,22.91,21.03,184.53,2.32,-12.73,1.0,1700000.0,0.0,7.54,Aug 11/b,14.27,775880000.0,HIGH,-6.91,-6.34,0.86,-2.25,0.215,False,-3.65,True,3.26,5.513,5.968,-3.3243,-12.73,0.934,27.0,0.27,33.0,13.04,7.54,12840894.0,,,89.3,0.3584672435105068,0.7805933250927071,0.45179233621755255,0.49938195302843014,0.5482076637824475,0.8294190358467244,0.5327564894932015,0.578,0.5131,0.5589
INDV,Indivior Pharmaceuticals Inc,Healthcare,Drug Manufacturers - Specialty & Generic,12.72,7.75,588.52,13.58,-1.94,-11.65,9.23,-13.23,23.58,1.18,-16.37,1.25,2110000.0,0.01,35.8,Aug 03/b,49.0,4230000000.0000005,HIGH,2.72,0.82,0.52,7.38,0.0706,True,2.29,False,-3.8,2.554,1.396,-1.4384,-14.4,0.728,4.0,0.82,39.0,-4.15,35.82,73874578.0,,,36.8,0.8813349814585909,0.723114956736712,0.9419035846724351,0.20024721878862795,0.10506798516687268,0.6131025957972805,0.8399258343634116,0.5775,0.6501,0.4499
CRGY,Crescent Energy Co,Energy,Oil & Gas E&P,,6.18,117.15,55.34,-44.56,-0.88,11.19,35.0,-1.46,0.92,-12.73,1.58,6160000.0,0.01,13.5,Aug 03/a,17.56,4460000000.0,HIGH,-2.88,-0.83,0.67,1.78,0.1711,False,-5.8,True,2.94,4.085,1.635,-2.7175,-15.0,0.946,9.0,-9.87,38.0,16.58,13.15,94171536.0,,,33.5,0.5339925834363412,0.7082818294190358,0.6032138442521632,0.5111248454882571,0.28182941903584674,0.8244746600741656,0.6860321384425216,0.5772,0.5399,0.5379
WK,Workiva Inc,Technology,Software - Application,85.24,17.19,169.31,18.64,-0.15,-1.58,7.82,42.58,20.39,0.51,-28.300000000000004,1.38,865380.0,0.05,69.62,Aug 04/a,89.8,3790000000.0,HIGH,-12.02,-4.39,0.49,-7.36,0.1641,False,-5.94,True,1.62,4.205,3.863,-2.591,-13.56,1.028,21.0,-6.52,37.0,13.7,69.64,70332015.0,,,28.9,0.5822002472187886,0.7490729295426453,0.6279357231149567,0.622991347342398,0.08034610630407911,0.7948084054388134,0.3362175525339926,0.5762,0.347,0.5201
VCYT,Veracyte Inc,Healthcare,Diagnostics & Research,32.14,23.22,2584.8,15.49,-13.84,0.53,10.65,-24.74,50.95,1.96,-25.629999999999995,1.43,1360000.0,0.01,45.3,Jul 30/a,58.42,3640000000.0,HIGH,4.82,9.42,1.19,9.48,0.2139,True,6.38,False,-1.74,5.407,8.012,-4.2411,-25.3,1.296,2.0,3.67,40.0,-1.92,45.43,62041729.0,,,28.6,0.19901112484548825,0.42398022249690975,0.45488257107540175,0.8522867737948084,0.8393077873918418,0.6872682323856613,0.8640296662546354,0.5761,0.7339,0.6445
YETI,YETI Holdings Inc,Consumer Cyclical,Leisure,18.4,12.6,53.55,8.52,0.0,-4.18,11.32,-15.839999999999998,18.86,1.68,-21.69,1.78,1570000.0,0.0,42.28,Aug 13/b,54.93,3090000000.0,HIGH,1.71,-1.19,0.6,6.37,0.1029,True,2.6,False,-6.97,3.514,2.862,-2.0911,-21.69,1.098,4.0,-1.19,31.0,-7.02,42.28,73414680.0,,,29.9,0.7144622991347342,0.5203955500618047,0.8529048207663783,0.6983930778739185,0.18788627935723115,0.4796044499381953,0.8281829419035847,0.5756,0.6435,0.5201
VECO,Veeco Instruments Inc,Technology,Semiconductor Equipment & Materials,133.17,15.31,-9.8,16.48,-37.19,4.45,9.6,-30.19,37.51,1.38,-44.01,2.0,902490.0,0.03,48.5,Aug 05/a,67.25,2960000000.0,HIGH,12.12,12.32,1.54,16.78,0.1933,True,13.33,True,4.03,4.59,7.952,-3.987,-28.76,0.988,1.0,9.28,36.0,-3.76,49.67,26224721.0,,,35.4,0.2323856613102596,0.3380716934487021,0.5253399258343634,0.5723114956736712,0.9406674907292955,0.8430160692212608,0.9480840543881335,0.5753,0.819,0.6471
SLDE,Slide Insurance Holdings Inc,Financial,Insurance - Property & Casualty,5.55,6.15,90.44,47.86,-11.11,9.23,9.37,15.479999999999999,29.75,0.07,-14.829999999999998,1.5,1270000.0,0.0,22.78,Jul 28/a,26.0,2660000000.0,HIGH,-1.62,-4.62,0.57,3.04,0.1625,False,-5.35,True,2.22,3.876,3.42,-2.4069,-13.64,0.914,11.0,-5.52,42.0,7.94,23.1,37933915.0,,,12.6,0.6291718170580964,0.7453646477132262,0.6365883807169345,0.4814585908529048,0.15203955500618047,0.8071693448702101,0.7391841779975278,0.5753,0.5323,0.5175
WGS,GeneDx Holdings Corp,Healthcare,Diagnostics & Research,,76.15,-264.35,11.44,233.53000000000003,-8.12,20.36,28.76,55.88999999999999,1.95,-47.91,1.0,728800.0,0.01,89.0,Aug 03/a,90.44,2650000000.0,HIGH,2.39,-9.64,0.74,7.05,0.2707,False,-1.57,True,10.59,7.305,5.492,-3.8901,-15.95,1.542,9.0,-1.49,38.0,30.27,88.4,62644442.0,,,2.3,0.24351050679851668,0.6786155747836835,0.2880098887515451,0.9258343634116193,0.3831891223733004,0.9258343634116193,0.8368355995055624,0.5742,0.5361,0.6196
AMPL,Amplitude Inc,Technology,Software - Application,,76.78,-42.49,21.16,-1.28,-2.94,7.75,75.26,106.71,1.5,-10.23,1.58,2080000.0,0.0,13.25,Aug 05/a,13.77,1660000000.0,HIGH,-6.99,-0.97,0.7,-2.33,0.1613,False,-0.32,True,11.33,5.077,4.135,-3.2023,-9.89,0.795,21.0,2.62,36.0,32.87,13.3,21809615.0,,,3.5,0.39184177997527814,0.8627935723114957,0.6390605686032138,0.2843016069221261,0.326946847960445,0.934487021013597,0.5290482076637825,0.5732,0.5014,0.4844
JBGS,JBG SMITH Properties,Real Estate,REIT - Diversified,,,-255.72,2.29,-5.09,4.19,21.42,-27.440000000000005,-28.12,1.07,-52.14,4.33,858450.0,0.0,10.71,Aug 10/b,12.0,799160000.0,HIGH,-12.83,-6.07,0.96,-8.17,0.1643,False,-7.07,False,-14.4,3.204,2.944,-1.4569,-32.84,1.191,,,34.0,-6.07,10.53,12294319.0,,,14.0,0.8788627935723115,0.25710754017305315,0.6260815822002472,0.7861557478368356,0.6588380716934487,0.2249690976514215,0.30716934487021014,0.572,0.5083,0.6372
DXYZ,Destiny Tech100 Inc,Financial,Asset Management,2.91,,1407.36,106.52999999999999,4.96,,0.43,14.730000000000002,7.24,5.61,-58.75,,1090000.0,0.13,30.06,-,,1430000000.0,HIGH,-11.86,-1.19,0.88,-7.2,0.1754,False,-3.25,True,3.77,4.428,5.552,-3.0888,-15.13,0.802,21.0,-11.37,,,30.62,28738661.0,,,,0.43139678615574784,0.6983930778739185,0.588380716934487,0.29604449938195304,0.5754017305315204,0.8405438813349815,0.34239802224969096,0.5717,0.4861,0.5358
MITK,Mitek Systems Inc,Technology,Software - Application,37.79,14.93,236.20000000000002,18.17,-7.04,4.64,9.58,-10.06,34.5,0.93,-16.29,1.0,788840.0,0.03,17.62,Aug 06/a,23.62,795060000.0,HIGH,-6.31,3.03,0.7,-1.65,0.1313,False,-0.67,False,-1.07,4.271,4.53,-2.5799,-14.56,0.828,30.0,-6.61,35.0,5.06,17.66,11285944.0,,,33.7,0.588380716934487,0.7194066749072929,0.7428924598269468,0.3374536464771323,0.326946847960445,0.7144622991347342,0.5636588380716935,0.5716,0.5464,0.4918
MWA,Mueller Water Products Inc,Industrials,Specialty Industrial Machinery,15.13,13.45,28.24,4.1,-3.73,1.06,3.9,-18.16,-21.01,0.99,-31.1,3.0,1220000.0,0.0,21.36,Aug 05/a,29.5,3330000000.0,HIGH,-11.28,-1.28,0.85,-6.62,0.176,False,-6.01,False,-11.67,2.255,1.248,-1.4345,-25.21,1.073,36.0,-18.1,36.0,-18.1,21.63,31719677.0,,,36.4,0.8825710754017305,0.4252163164400494,0.5834363411619283,0.676761433868974,0.5352286773794809,0.32509270704573545,0.36093943139678614,0.5714,0.48,0.6049
MNKD,Mannkind Corp,Healthcare,Biotechnology,,,-3033.33,42.92,-1.15,-3.37,9.58,-20.22,48.36,1.08,-48.04,1.25,4520000.0,0.02,3.38,Aug 05/a,7.97,1090000000.0,HIGH,-15.44,-4.57,2.12,-10.78,0.2921,False,-10.43,False,-14.12,5.689,6.587,-2.3696,-26.59,1.648,27.0,-17.94,36.0,-14.14,3.34,15259854.0,,,138.6,0.6440049443757726,0.3838071693448702,0.24721878862793567,0.9406674907292955,0.9802224969097652,0.2323856613102596,0.242274412855377,0.5714,0.4651,0.6993
HAPN,Happen Inc,Financial,Banks - Regional,9.07,6.28,50.24000000000001,31.95,-11.56,0.96,5.68,-26.39,8.58,1.88,-30.5,1.0,1600000.0,0.02,15.06,Jul 27/a,24.75,1740000000.0,HIGH,-15.99,-7.22,1.56,-11.33,0.2036,False,-9.52,False,-16.83,3.281,4.158,-2.1369,-29.27,1.191,39.0,-21.47,43.0,-19.84,15.03,23030880.0,,,64.7,0.7058096415327565,0.32509270704573545,0.4857849196538937,0.7861557478368356,0.9437577255871447,0.16934487021013597,0.22373300370828184,0.5693,0.5184,0.6513
WT,WisdomTree Inc,Financial,Asset Management,46.45,17.91,67.69,57.31,-0.89,-0.14,11.36,42.69,74.1,1.17,-6.6000000000000005,1.71,2760000.0,0.01,24.2,Jul 31/b,25.19,3670000000.0,HIGH,-0.41,2.57,0.48,4.25,0.1414,True,2.46,True,8.26,4.066,3.576,-2.4262,-6.1,0.694,25.0,7.42,40.0,29.41,24.33,71971461.0,,,3.5,0.6242274412855378,0.9381953028430161,0.7107540173053152,0.16007416563658838,0.07354758961681088,0.9085290482076638,0.7725587144622992,0.5692,0.5443,0.4416
VIR,Vir Biotechnology Inc,Healthcare,Biotechnology,,,159.17,19582.54,-0.34,5.31,14.66,2.5,26.669999999999998,1.6,-10.89,1.1,1900000.0,0.0,10.64,Aug 05/a,20.78,1800000000.0,HIGH,-1.57,-2.02,0.5,3.09,0.1352,False,-2.66,True,6.86,4.932,3.189,-3.047,-10.72,0.881,18.0,-2.56,36.0,21.62,10.66,24662747.0,,,94.9,0.44128553770086526,0.830655129789864,0.73053152039555,0.430778739184178,0.0865265760197775,0.892459826946848,0.7428924598269468,0.5687,0.5423,0.4628
CNR,Core Natural Resources Inc,Energy,Thermal Coal,45.36,14.27,459.06,3.51,0.0,-0.15,3.93,13.570000000000002,-20.64,0.22,-21.73,1.4,550530.0,0.16,89.86,Aug 06/b,111.6,4460000000.0,HIGH,-11.83,-1.91,0.69,-7.17,0.1844,False,-7.44,False,-3.09,3.41,1.751,-1.9454,-15.11,0.881,17.0,-12.07,36.0,6.38,89.02,48043773.0,,,25.4,0.757725587144623,0.7014833127317676,0.5574783683559951,0.430778739184178,0.31334981458590855,0.6440049443757726,0.34363411619283063,0.5675,0.3987,0.5365
AMBA,Ambarella Inc,Technology,Semiconductor Equipment & Materials,,67.73,67.66,13.209999999999999,-5.08,-2.19,13.55,7.04,42.12,2.38,-25.81,1.83,1880000.0,0.18,71.73,Sep 03/a,91.33,3170000000.0,HIGH,2.9,5.56,0.86,7.56,0.1654,True,8.52,True,1.0,6.216,7.003,-3.6209,-20.43,1.018,1.0,4.04,15.0,15.57,72.68,138400503.0,,,25.7,0.2836835599505562,0.5525339925834364,0.622991347342398,0.6069221260815822,0.5482076637824475,0.7824474660074165,0.8442521631644005,0.5661,0.6891,0.5553
AQST,Aquestive Therapeutics Inc,Healthcare,Drug Manufacturers - Specialty & Generic,,,-34.09,38.15,-2.1,0.1,22.85,12.98,16.92,1.47,-37.75,1.0,2740000.0,0.01,4.7,Aug 11/a,9.33,589900000.0,HIGH,-6.77,-2.09,0.81,-2.11,0.1998,False,-5.72,True,4.17,5.604,4.274,-2.7186,-14.68,0.81,25.0,4.12,32.0,10.64,4.68,11590321.0,,,99.4,0.5315203955500618,0.715698393077874,0.5006180469715699,0.3121137206427689,0.48393077873918416,0.8479604449938195,0.542027194066749,0.5653,0.5122,0.5439
FSLY,Fastly Inc,Technology,Software - Application,,38.84,61.59,23.27,-12.39,9.21,14.53,36.11,-10.68,0.32,-29.64,2.38,6500000.0,0.09,24.5,Aug 05/a,27.9,3900000000.0,HIGH,8.33,-8.97,1.18,12.99,0.4089,True,5.15,True,5.05,12.077,14.143,-6.7591,-20.33,2.376,3.0,-4.29,36.0,10.05,24.96,206607022.0,,,11.8,0.04573547589616811,0.5562422744128553,0.10877626699629173,0.9839307787391842,0.8362175525339925,0.8603213844252163,0.9085290482076638,0.5652,0.6469,0.6816
FLOC,Flowco Holdings Inc,Energy,Oil & Gas Equipment & Services,22.68,11.34,371.19,22.07,-8.01,8.84,9.7,-11.66,-12.34,0.96,-31.85,1.2,629580.0,0.0,19.14,Aug 11/b,30.56,1730000000.0,HIGH,-9.55,-3.67,1.03,-4.89,0.173,False,-6.8,False,-8.75,4.417,3.657,-2.3306,-20.25,0.881,30.0,-15.91,33.0,-14.29,19.14,11877895.0,,,59.7,0.657601977750309,0.5587144622991347,0.5995055624227441,0.430778739184178,0.7218788627935723,0.42027194066749074,0.4400494437577256,0.5648,0.5724,0.5576
HDSN,Hudson Technologies Inc,Basic Materials,Specialty Chemicals,26.87,15.98,-47.91,7.539999999999999,22.1,-5.45,7.82,-3.02,-7.739999999999999,0.82,-47.17,2.0,574310.0,0.1,5.31,Aug 05/a,7.31,223670000.0,HIGH,-4.97,-0.58,0.6,-0.31,0.0744,False,-1.78,False,-8.22,2.782,1.938,-1.5605,-21.34,0.887,55.0,-19.5,36.0,-8.83,5.16,2398801.0,,,41.7,0.8529048207663782,0.5302843016069221,0.934487021013597,0.4419035846724351,0.18788627935723115,0.43819530284301605,0.6106304079110012,0.5643,0.581,0.4802
BNL,Broadstone Net Lease Inc,Real Estate,REIT - Diversified,25.28,24.73,95.71,8.14,0.45999999999999996,6.08,10.62,-10.44,2.65,0.93,-17.97,1.73,2130000.0,0.0,18.95,Jul 29/a,23.7,3640000000.0,HIGH,-10.34,-1.92,0.64,-5.68,0.1675,False,-5.77,False,-9.79,2.013,0.952,-0.8475,-18.14,0.953,48.0,-16.77,41.0,-12.05,18.91,39127594.0,,,25.3,0.9864029666254636,0.6266996291718171,0.6168108776266996,0.519159456118665,0.23856613102595797,0.39184177997527814,0.40482076637824477,0.5632,0.4185,0.534
GENB,Generate Biomedicines Inc,Healthcare,Biotechnology,,,,,0.0,6.79,13.0,-11.3,31.120000000000005,,-33.83,1.0,1090000.0,0.12,15.0,Aug 06/b,27.0,1930000000.0,HIGH,-1.17,-12.83,0.98,3.49,0.175,False,-6.06,False,-1.64,6.426,7.063,-3.3781,-33.17,1.251,24.0,-6.02,36.0,9.07,15.15,20896048.0,,,78.2,0.3411619283065513,0.2484548825710754,0.5896168108776267,0.830655129789864,0.6773794808405439,0.6897404202719407,0.7552533992583437,0.5628,0.6822,0.6347
TDC,Teradata Corp,Technology,Software - Infrastructure,6.0,9.78,409.80999999999995,0.49,-5.23,18.43,17.13,-16.99,12.560000000000002,0.62,-31.81,2.73,2760000.0,0.0,28.49,Aug 04/a,33.5,2650000000.0,HIGH,0.59,-1.43,0.74,5.25,0.0912,True,0.69,True,0.91,3.191,2.108,-1.8003,-22.87,0.464,2.0,-0.92,37.0,10.33,28.94,47691780.0,,,15.8,0.8059332509270705,0.4796044499381953,0.8955500618046972,0.03522867737948084,0.3831891223733004,0.7775030902348579,0.8046971569839307,0.5628,0.7055,0.5005
TNL,Travel+Leisure Co,Consumer Cyclical,Travel Services,17.55,7.33,5.86,4.42,-8.0,3.94,12.6,-17.04,-4.74,1.2,-20.4,1.17,733870.0,0.0,64.48,Jul 22/b,91.17,3950000000.0,HIGH,-10.6,0.98,0.71,-5.94,0.133,False,-2.52,False,-10.2,2.655,2.498,-1.5067,-19.91,0.92,43.0,-16.58,47.0,-13.21,63.66,46303276.0,,,43.2,0.8640296662546354,0.5661310259579728,0.7385661310259579,0.48763906056860323,0.3411619283065513,0.3794808405438813,0.39864029666254636,0.5628,0.4834,0.5181
EXTR,Extreme Networks Inc,Technology,Communication Equipment,65.1,13.44,329.59,10.28,-15.93,0.9899999999999999,6.03,-36.09,33.94,1.75,-39.4,1.25,1730000.0,0.0,20.44,Aug 05/b,33.5,2700000000.0,HIGH,-4.69,-5.32,1.31,-0.03,0.0732,False,-1.99,False,-12.74,3.286,2.045,-1.951,-36.2,0.814,55.0,-34.53,37.0,-17.83,21.52,29618663.0,,,55.7,0.754017305315204,0.1965389369592089,0.9357231149567367,0.3176761433868974,0.8912237330037083,0.27750309023485786,0.6266996291718171,0.5621,0.7988,0.5601
EEFT,Euronet Worldwide Inc,Technology,Software - Infrastructure,10.83,5.75,-24.69,3.17,0.13,-2.99,14.56,-4.64,6.01,0.84,-23.81,2.36,653370.0,0.01,68.99,Jul 30/b,83.43,2580000000.0,HIGH,-6.2,-0.74,1.01,-1.54,0.1731,False,-5.16,False,-9.18,3.199,3.475,-2.2616,-21.86,0.902,43.0,-17.14,41.0,-14.43,65.61,42406765.0,,,27.2,0.6786155747836835,0.5142150803461063,0.5970333745364648,0.4622991347342398,0.7119901112484549,0.40667490729295425,0.5686032138442522,0.5618,0.6201,0.5649
OTF,Blue Owl Technology Finance Corp,Financial,Asset Management,12.8,7.52,-22.19,4.65,0.03,,1.5,-3.0,-14.93,-0.5,-30.130000000000003,1.89,2450000.0,0.0,10.34,Aug 05/a,13.61,4740000000.0,HIGH,-9.4,-3.1,0.71,-4.74,0.1644,False,-5.26,False,-4.52,2.349,1.552,-1.4673,-12.77,0.704,33.0,-9.48,36.0,-1.06,10.31,23187824.0,,,32.0,0.8763906056860321,0.7787391841779975,0.6242274412855378,0.173053152039555,0.3411619283065513,0.5747836835599506,0.44870210135970334,0.5614,0.4691,0.4913
IVR,Invesco Mortgage Capital Inc,Real Estate,REIT - Mortgage,4.29,3.63,183.35,37.92,0.53,8.5,9.68,-19.67,-17.9,1.63,-33.37,2.83,2810000.0,0.08,6.33,Jul 30/a,8.17,681370000.0,HIGH,-12.91,-1.54,0.91,-8.25,0.2035,False,-5.95,False,-11.51,2.452,1.56,-1.2726,-21.92,0.943,,,40.0,-13.5,6.41,21497288.0,,,27.5,0.9245982694684796,0.511742892459827,0.4870210135970334,0.5049443757725587,0.6069221260815822,0.33127317676143386,0.30407911001236093,0.5611,0.4498,0.5919
PRM,Perimeter Solutions Inc,Basic Materials,Specialty Chemicals,,15.87,-408.23,31.46,-30.240000000000002,5.17,4.7,-15.380000000000003,35.77,1.9,-23.74,1.4,1510000.0,0.0,29.11,Jul 31/b,43.75,4760000000.0,HIGH,-4.93,-7.97,1.07,-0.27,0.161,False,-5.71,False,-10.1,4.104,4.658,-2.7033,-23.74,1.009,7.0,-8.75,40.0,-4.9,29.11,35097653.0,,,50.3,0.5377008652657602,0.45982694684796044,0.6409147095179233,0.5976514215080346,0.7447466007416563,0.3831891223733004,0.6143386897404203,0.5607,0.6614,0.5658
KOD,Kodiak Sciences Inc,Healthcare,Biotechnology,,,-1.8500000000000003,,-1.26,4.7,18.35,38.77,41.54,2.23,9.47,1.33,731640.0,71.21,52.37,Aug 13/a,64.0,3290000000.0,HIGH,-14.24,-0.22,2.58,-9.58,0.233,False,-5.37,False,-15.87,5.818,8.377,-2.7076,-30.98,1.864,37.0,-24.57,30.0,-19.08,32.35,28828819.0,,,97.8,0.5352286773794809,0.2867737948084054,0.3974042027194067,0.9629171817058096,0.9888751545117429,0.19283065512978986,0.27564894932014833,0.5607,0.5261,0.67
MGTX,MeiraGTx Holdings plc,Healthcare,Biotechnology,15.46,,455.90000000000003,8608.59,-1.28,11.98,5.45,-9.91,44.89,1.33,-28.93,1.25,859910.0,0.0,10.91,Aug 13/b,27.75,1050000000.0,HIGH,-21.06,-16.59,1.69,-16.4,0.2856,False,-16.08,False,-16.14,5.551,5.5,-2.3542,-28.93,2.051,30.0,-13.89,31.0,-13.89,10.91,11760003.0,,,154.4,0.6501854140914709,0.33127317676143386,0.25896168108776263,0.9740420271940667,0.957972805933251,0.18170580964153277,0.11495673671199011,0.559,0.4111,0.691
FHI,Federated Hermes Inc,Financial,Asset Management,10.75,9.72,19.61,18.21,-1.1,1.37,6.23,0.5,0.84,0.64,-13.96,2.89,606110.0,0.0,57.82,Jul 30/a,61.57,4320000000.0,HIGH,-10.23,-0.62,0.55,-5.57,0.1672,False,-3.15,False,-5.38,2.709,1.557,-1.4871,-13.96,0.89,23.0,-10.66,40.0,-2.77,57.82,40829842.0,,,6.5,0.8726823238566132,0.7404202719406675,0.6180469715698393,0.44746600741656367,0.1334981458590853,0.5414091470951793,0.41656365883807167,0.5589,0.3921,0.4988
AMC,AMC Entertainment Holdings Inc,Communication Services,Entertainment,,,-46.3,14.219999999999999,4.9,27.35,4.88,43.84,207.95,2.02,-8.18,2.33,34950000.0,0.1,2.92,Jul 20/b,3.03,2610000000.0,HIGH,13.51,1.73,0.68,18.17,0.2634,True,10.57,True,14.02,5.466,4.422,-3.4111,-2.97,0.915,5.0,8.89,49.0,51.55,2.94,72649216.0,,,3.1,0.3288009888751545,0.9876390605686032,0.30778739184177994,0.484548825710754,0.29913473423980225,0.9431396786155748,0.9555006180469716,0.5585,0.5643,0.5139
FIGS,Figs Inc,Consumer Cyclical,Apparel Manufacturing,41.46,35.38,253.77,28.809999999999995,-0.83,2.96,11.08,20.94,-8.84,1.06,-23.34,2.12,2980000.0,0.08,13.4,Aug 06/a,18.14,2230000000.0,HIGH,-12.97,2.21,1.68,-8.31,0.3036,False,-2.09,True,3.44,5.301,7.004,-3.7852,-18.07,0.888,20.0,-11.13,35.0,19.4,13.42,35678871.0,,,35.2,0.25339925834363414,0.6291718170580964,0.2311495673671199,0.44437577255871447,0.9561186650185414,0.8355995055624228,0.3016069221260816,0.5583,0.4768,0.6224
BLBD,Blue Bird Corp,Industrials,Farm & Heavy Construction Machinery,7.05,12.26,371.03,29.94,-0.74,-3.55,13.56,-25.95,5.24,1.35,-30.45,1.12,547400.0,0.0,58.0,Aug 05/a,90.14,1840000000.0,HIGH,-1.87,-0.89,1.2,2.79,0.1479,False,-4.25,False,-11.91,3.697,4.671,-2.2627,-30.3,0.96,49.0,-25.81,36.0,-11.95,58.12,33840921.0,,,55.1,0.6761433868974042,0.30284301606922126,0.6817058096415327,0.5284301606922126,0.8430160692212608,0.315203955500618,0.7268232385661311,0.5579,0.7481,0.5907
CALX,Calix Inc,Technology,Software - Infrastructure,44.1,14.39,8525.81,21.27,-1.6399999999999997,0.07,9.8,-6.83,-35.05,1.31,-53.47,1.22,1140000.0,0.0,33.14,Jul 20/a,62.33,2089999999.9999998,HIGH,-11.6,-6.44,0.77,-6.94,0.1558,False,-6.84,False,-10.81,3.166,1.811,-1.5305,-19.68,0.903,27.0,-15.37,48.0,-11.56,33.14,38093831.0,,,88.1,0.857849196538937,0.5723114956736712,0.661310259579728,0.4641532756489493,0.4289245982694685,0.3553770086526576,0.3522867737948084,0.5567,0.468,0.5266
ONDS,Ondas Inc,Technology,Communication Equipment,85.13,,-138.72,1235.35,-5.21,17.29,44.04,-5.11,-13.52,2.91,-50.19,1.0,83040000.0,0.12,7.61,Aug 13/b,19.42,4430000000.0,HIGH,-3.29,3.52,1.1,1.37,0.1196,True,2.53,False,-4.5,4.749,3.796,-3.9696,-23.52,0.92,35.0,-12.59,31.0,-14.25,7.64,480510988.0,,,154.2,0.2360939431396786,0.4672435105067985,0.7948084054388134,0.48763906056860323,0.7744128553770087,0.5772558714462299,0.673053152039555,0.5562,0.74,0.5189
BLKB,Blackbaud Inc,Technology,Software - Application,13.48,7.23,46.3,3.3000000000000003,-0.45000000000000007,9.07,10.63,47.76,9.79,1.03,-38.92,2.14,581420.0,0.0,43.19,Jul 29/b,51.5,1960000000.0,HIGH,-11.17,0.35,0.64,-6.51,0.1871,False,-4.32,False,-0.23,3.425,1.968,-1.7967,-12.82,0.741,21.0,-8.28,42.0,20.21,43.19,19335909.0,,,19.2,0.8071693448702101,0.7750309023485785,0.5451174289245982,0.21940667490729296,0.23856613102595797,0.745982694684796,0.3695920889987639,0.5552,0.3829,0.5028
MRAM,Everspin Technologies Inc,Technology,Semiconductors,,138.0,-404.36000000000007,41.93,-13.99,-2.32,18.0,-20.37,103.17,1.9,-65.17,1.0,1210000.0,0.17,17.94,Aug 05/a,25.67,436830000.0,HIGH,11.6,7.57,1.14,16.26,0.2776,True,13.91,True,13.59,5.829,7.417,-4.5029,-17.71,0.93,2.0,8.07,36.0,18.02,18.47,14126606.0,,,39.0,0.16440049443757726,0.6415327564894932,0.27626699629171814,0.4956736711990111,0.811495673671199,0.9419035846724351,0.9456118665018541,0.5552,0.7046,0.6034
ECVT,Ecovyst Inc,Basic Materials,Specialty Chemicals,,11.66,38.13,24.9,0.65,0.62,4.92,-16.82,-22.0,1.06,-32.78,1.5,1450000.0,0.0,10.14,Aug 05/b,15.17,1110000000.0,HIGH,0.3,-2.41,0.78,4.96,0.0916,False,-1.29,False,-6.54,2.885,1.726,-1.99,-23.64,0.798,9.0,1.71,37.0,-11.44,10.14,13445246.0,,,49.6,0.7416563658838071,0.4641532756489493,0.8918417799752781,0.29171817058096416,0.44561186650185414,0.4932014833127318,0.7948084054388134,0.5547,0.7192,0.493
ACIW,ACI Worldwide Inc,Technology,Software - Infrastructure,22.52,16.74,169.34,7.2700000000000005,0.0,2.26,6.49,-0.61,23.4,0.98,-19.43,1.4,985350.0,0.0,49.21,Aug 06/b,67.33,4970000000.0,HIGH,-8.03,-0.16,0.76,-3.37,0.1118,False,-3.75,False,-7.53,2.533,1.091,-1.4041,-18.94,0.668,43.0,-14.46,36.0,-10.34,49.51,39485881.0,,,36.0,0.8887515451174289,0.6032138442521632,0.8238566131025958,0.13597033374536466,0.4122373300370828,0.46291718170580964,0.4919653893695921,0.5545,0.5676,0.475
PBH,Prestige Consumer Healthcare Inc,Healthcare,Drug Manufacturers - Specialty & Generic,13.05,9.08,-35.65,6.480000000000001,-0.32,2.38,10.27,-5.67,-22.81,0.33,-34.42,1.71,566640.0,0.0,46.61,Aug 06/b,67.25,2210000000.0,HIGH,-11.17,-0.41,0.79,-6.51,0.2259,False,-4.16,False,-7.25,3.638,3.755,-2.2915,-16.75,1.041,37.0,-10.37,36.0,-12.02,46.61,28223946.0,,,44.3,0.6662546353522868,0.6637824474660075,0.42150803461063036,0.6440049443757726,0.4604449938195303,0.4703337453646477,0.3695920889987639,0.5544,0.4124,0.5603
SGRY,Surgery Partners Inc,Healthcare,Medical Care Facilities,,30.21,-490.86,2.75,0.02,-0.45999999999999996,17.04,-10.33,29.24,1.91,-36.65,1.5,2150000.0,0.0,14.85,Aug 10/b,18.82,1940000000.0,HIGH,5.19,5.42,0.66,9.85,0.1529,True,2.12,False,-2.11,5.542,3.333,-4.6979,-17.43,1.521,4.0,5.42,34.0,-7.28,14.4,37987154.0,,,30.7,0.14585908529048208,0.6520395550061805,0.6687268232385661,0.9171817058096415,0.2657601977750309,0.6724351050679852,0.8702101359703337,0.5537,0.6284,0.5003
NMAX,Newsmax Inc,Communication Services,Broadcasting,,50.56,103.81,16.53,-0.77,6.35,7.78,39.72,84.86,2.65,-17.53,1.0,1140000.0,0.02,10.87,Aug 13/a,18.5,1400000000.0,HIGH,1.49,-0.09,0.54,6.15,0.1172,True,0.61,True,11.25,5.206,2.852,-3.028,-10.24,0.689,28.0,4.92,30.0,14.54,10.87,13600280.0,,,70.2,0.449938195302843,0.8491965389369592,0.8071693448702102,0.15636588380716934,0.12237330037082818,0.9332509270704573,0.8244746600741656,0.553,0.6087,0.4155
TILE,Interface Inc,Consumer Cyclical,"Furnishings, Fixtures & Appliances",14.05,14.37,59.98,5.37,-9.71,3.08,7.59,-2.55,40.6,1.99,-14.150000000000002,1.0,501210.0,0.04,34.77,Aug 07/b,45.25,2009999999.9999998,HIGH,-8.76,2.8,0.6,-4.1,0.1571,False,-0.68,False,-1.76,2.648,2.358,-1.8265,-13.09,0.746,27.0,-8.62,35.0,0.28,35.2,19484498.0,,,28.6,0.7985166872682324,0.7632880098887516,0.65389369592089,0.2249690976514215,0.18788627935723115,0.6847960444993819,0.46600741656365885,0.5522,0.4389,0.474
WLTH,Wealthfront Corp,Technology,Software - Application,,21.33,-56.39999999999999,0.8199999999999998,-1.23,-1.29,9.15,13.15,16.23,,-31.180000000000003,1.75,1950000.0,0.0,10.24,Sep 09/a,12.11,1600000000.0,HIGH,10.05,1.19,0.47,14.71,0.2367,True,2.99,True,6.46,5.484,3.644,-4.3144,-8.12,1.415,12.0,7.61,12.0,7.61,10.18,37854265.0,,,19.0,0.17799752781211373,0.899876390605686,0.38689740420271945,0.8936959208899876,0.06736711990111248,0.8838071693448702,0.9258343634116193,0.5516,0.5066,0.5057
LCLN,Lincoln International Inc,Financial,Capital Markets,,,,,0.0,45.7,2.46,-4.92,,,-15.17,2.14,561720.0,0.0,23.37,Aug 06/b,27.64,2390000000.0,HIGH,-6.45,-5.31,0.47,-1.79,0.1907,False,-8.58,False,-3.25,5.083,2.781,-2.2922,-15.17,1.11,17.0,-5.96,36.0,12.57,23.37,22008144.0,,,18.3,0.6650185414091471,0.695920889987639,0.5302843016069221,0.7132262051915945,0.06736711990111248,0.6328800988875154,0.5580964153275649,0.5508,0.4025,0.5196
SLG,SL Green Realty Corp,Real Estate,REIT - Office,,,-130.2,5.63,-0.7,-2.64,16.03,-5.04,42.26,1.66,-17.51,2.41,957240.0,0.0,50.26,Oct 21/a,58.53,3840000000.0,HIGH,-11.35,-3.65,0.66,-6.69,0.1471,False,-3.84,False,-6.14,3.27,1.608,-2.053,-15.11,0.873,24.0,-11.21,,,51.01,43151936.0,,,14.7,0.7218788627935723,0.7014833127317676,0.6854140914709518,0.4122373300370828,0.2657601977750309,0.5142150803461063,0.3572311495673671,0.5502,0.4282,0.4785
SWIM,Latham Group Inc,Industrials,Building Products & Equipment,154.96,22.92,-20.25,14.39,0.11,2.59,6.78,0.16,20.98,1.65,-28.62,2.43,851470.0,0.0,6.4,Aug 04/a,8.61,752940000.0,HIGH,-11.79,-2.42,0.93,-7.13,0.1974,False,-4.72,False,-4.83,5.137,2.962,-2.3922,-20.6,0.871,33.0,-14.57,37.0,9.56,6.24,5763667.0,,,38.0,0.6353522867737948,0.5500618046971569,0.5080346106304079,0.40605686032138444,0.6310259579728059,0.5611866501854141,0.34610630407911,0.5486,0.4802,0.5584
SG,Sweetgreen Inc,Consumer Cyclical,Restaurants,85.12,,-12.42,3.81,3.2,2.25,25.24,-0.45000000000000007,81.1,2.2,-19.93,2.43,5630000.0,0.16,8.51,Aug 06/a,7.08,1010000000.0,HIGH,18.22,10.16,0.86,22.88,0.288,True,15.81,True,24.74,5.57,5.279,-3.6761,-11.78,0.874,5.0,14.13,35.0,52.59,8.24,35622161.0,,,-14.1,0.276885043263288,0.8096415327564895,0.2515451174289246,0.4147095179233622,0.5482076637824475,0.9851668726823238,0.9678615574783683,0.5477,0.6271,0.5562
TASK,TaskUs Inc,Technology,Information Technology Services,7.02,5.48,9.7,5.02,-0.05,1.32,11.2,69.52,25.7,1.84,-30.55,2.88,681500.0,0.0,8.12,Aug 05/a,8.5,744500000.0,HIGH,-2.26,-5.2,0.33,2.4,0.1489,True,1.06,True,11.67,4.66,2.683,-3.2871,-6.82,0.832,5.0,0.99,36.0,29.75,8.2,4186830.0,,,3.7,0.36711990111248455,0.9208899876390606,0.6798516687268232,0.3430160692212608,0.033992583436341164,0.9357231149567367,0.7107540173053152,0.5468,0.4985,0.42
PENN,PENN Entertainment Inc,Consumer Cyclical,Resorts & Casinos,,10.48,308.56,5.24,0.0,-1.7000000000000002,12.36,-30.37,11.55,1.38,-31.31,1.87,3050000.0,0.0,15.36,Aug 06/b,24.75,2060000000.0,HIGH,-9.85,-2.98,1.01,-5.19,0.1848,False,-7.05,False,-15.36,3.916,3.131,-2.2382,-29.15,1.202,,,36.0,-20.23,15.65,50496661.0,,,58.1,0.6835599505562423,0.3288009888751545,0.5531520395550062,0.7917181705809642,0.7119901112484549,0.2088998763906057,0.4289245982694685,0.5464,0.5511,0.599
BIPC,Brookfield Infrastructure Corp,Utilities,Utilities - Regulated Gas,,17.09,83.1,8.55,0.0,3.66,7.71,-9.55,-7.6499999999999995,1.3,-32.58,5.0,1080000.0,0.0,34.87,Jul 30/b,50.0,4740000000.0,HIGH,-9.5,-3.29,0.67,-4.84,0.1174,False,-4.23,False,-10.02,2.539,1.716,-1.5011,-22.71,0.893,43.0,-14.5,41.0,-17.92,34.96,46356729.0,,,43.0,0.865265760197775,0.48702101359703337,0.8059332509270705,0.4511742892459827,0.28182941903584674,0.38504326328800986,0.44252163164400493,0.546,0.5033,0.4958
EVLV,Evolv Technologies Holdings Inc,Industrials,Security & Protection Services,,,78.96,34.44,-3.58,1.07,6.53,-13.19,-15.299999999999999,1.73,-44.72,1.0,2089999.9999999998,0.16,4.87,Aug 11/a,9.85,882080000.0,HIGH,-8.59,-2.84,0.67,-3.93,0.0912,False,-4.46,False,-10.6,3.492,3.236,-1.6667,-26.93,0.955,35.0,-19.43,32.0,-16.26,4.79,10667754.0,,REVIEW,105.6,0.8355995055624228,0.3757725587144623,0.8955500618046972,0.522867737948084,0.28182941903584674,0.36279357231149567,0.4746600741656366,0.5457,0.5431,0.5008
ULCC,Frontier Group Holdings Inc,Industrials,Airlines,,15.88,-27.42,37.67,-8.44,9.58,24.66,-19.15,71.78,2.65,-27.85,3.42,3280000.0,0.4,6.06,Jul 29/b,6.44,1400000000.0,HIGH,5.99,1.14,0.99,10.65,0.1419,True,7.0,False,-0.31,4.709,6.139,-3.1379,-25.6,0.809,5.0,6.36,42.0,-0.64,6.19,14230303.0,,,4.0,0.4079110012360939,0.4134734239802225,0.7095179233621756,0.3096415327564895,0.6903584672435105,0.742274412855377,0.8838071693448702,0.5455,0.7735,0.5375
BSIN,Big Sky Industrial Inc,Energy,Oil & Gas E&P,,18.13,76.54,5.23,0.09,7.32,1.85,35.51,40.78,0.9,-13.170000000000002,1.0,1420000.0,0.01,1.45,Aug 11/b,2.75,76110000.0,HIGH,-1.37,-9.43,0.96,3.29,0.1428,False,-7.01,True,1.97,6.25,7.639,-3.7135,-13.77,0.617,10.0,-8.28,33.0,19.01,1.44,1179311.0,,,91.0,0.2694684796044499,0.7441285537700866,0.7045735475896169,0.09208899876390605,0.6588380716934487,0.8009888751545118,0.7478368355995055,0.545,0.7082,0.4553
GRNT,Granite Ridge Resources Inc,Energy,Oil & Gas E&P,,6.33,19.0,36.67,0.28,4.83,8.92,0.0,-23.97,0.19,-27.750000000000004,1.57,1150000.0,0.06,4.44,Aug 06/a,7.93,585640000.0,HIGH,-12.25,-4.31,0.84,-7.59,0.2074,False,-10.11,False,-9.76,3.925,4.73,-2.3213,-17.63,0.984,9.0,-13.28,35.0,-4.72,4.44,8384361.0,,,78.6,0.6625463535228677,0.6458590852904821,0.4746600741656366,0.5661310259579728,0.5253399258343634,0.3930778739184178,0.3238566131025958,0.5446,0.4295,0.5368
CAL,Caleres Inc,Consumer Cyclical,Apparel Retail,8.3,5.71,767.27,5.61,-0.6,-1.03,12.82,-7.19,14.760000000000002,0.74,-16.74,2.0,539570.0,0.0,12.52,Sep 09/b,17.0,432000000.0,HIGH,0.32,5.12,0.59,4.98,0.095,True,2.41,False,-2.21,5.563,3.914,-3.0358,-16.14,0.877,39.0,-2.49,13.0,4.07,12.52,7589251.0,,,35.8,0.44746600741656367,0.6749072929542645,0.8776266996291718,0.4215080346106304,0.173053152039555,0.6687268232385661,0.796044499381953,0.5439,0.6336,0.4277
MAZE,Maze Therapeutics Inc,Healthcare,Biotechnology,,,1.29,,-1.7000000000000002,11.92,16.48,-12.34,-16.33,2.17,-52.62,1.0,610600.0,0.0,25.42,Aug 11/a,61.5,1410000000.0,HIGH,-5.07,16.35,1.15,-0.41,0.2656,True,2.24,False,-4.08,7.763,9.098,-6.7751,-22.24,2.813,23.0,-11.99,32.0,-4.61,26.05,20831675.0,,,136.1,0.04449938195302843,0.5006180469715699,0.304079110012361,0.9888751545117429,0.8195302843016069,0.5995055624227441,0.6069221260815822,0.5429,0.5799,0.6131
LIFE,Ethos Technologies Inc,Financial,Insurance Brokers,,32.08,4.25,113.35,-3.4099999999999997,-2.76,14.01,79.79,235.44,,-20.14,1.22,1270000.0,0.0,33.98,Aug 03/a,35.62,2170000000.0,HIGH,-11.23,-6.0,0.78,-6.57,0.2391,False,-8.77,True,7.53,8.63,6.88,-4.0806,-19.39,1.128,15.0,-9.04,38.0,50.24,34.3,60721457.0,,,3.8,0.22126081582200247,0.5822002472187886,0.37577255871446225,0.7286773794808405,0.44561186650185414,0.9035846724351051,0.36341161928306553,0.5429,0.3918,0.5748
RXO,RXO Inc,Industrials,Trucking,,32.23,0.75,25.019999999999996,0.0,-1.28,9.05,-26.530000000000005,44.02,2.0,-33.14,2.57,1810000.0,0.0,19.99,Aug 06/b,24.47,3300000000.0,HIGH,-9.68,0.35,1.14,-5.02,0.1281,False,-1.13,False,-9.86,5.013,4.8,-2.4655,-33.81,0.89,48.0,-31.45,36.0,-2.22,19.79,34657145.0,,,23.6,0.6131025957972805,0.23485784919653893,0.7614338689740421,0.44746600741656367,0.811495673671199,0.38813349814585907,0.4338689740420272,0.5427,0.6454,0.565
DCH,Dauch Corp,Consumer Cyclical,Auto Parts,,4.6,-98.8,92.4,0.0,-6.21,8.12,8.74,-0.18,1.68,-39.46,2.15,3440000.0,0.01,5.6,Aug 07/b,9.3,1330000000.0,HIGH,-13.61,-7.61,1.48,-8.95,0.2903,False,-12.2,False,-11.36,5.704,2.93,-3.1229,-27.68,1.74,15.0,-18.14,35.0,-3.7,5.46,21410692.0,,,70.3,0.41903584672435107,0.36341161928306553,0.24969097651421512,0.9493201483312732,0.9313967861557478,0.33930778739184175,0.2892459826946848,0.542,0.47,0.6598
DFTX,Definium Therapeutics Inc,Healthcare,Biotechnology,,,-186.82,,-1.01,38.63,9.29,-22.41,102.01,2.19,-27.32,1.06,2390000.0,0.01,36.12,Aug 06/a,71.88,4850000000.0,HIGH,-11.74,-7.92,1.16,-7.08,0.1283,False,-6.0,False,-13.29,5.559,2.378,-3.4021,-27.22,1.093,28.0,-20.08,35.0,-21.61,36.17,89475444.0,,,98.7,0.33250927070457353,0.3720642768850433,0.7601977750309024,0.6940667490729295,0.826946847960445,0.26081582200247216,0.3473423980222497,0.5411,0.6151,0.5286
KOPN,Kopin Corp,Technology,Electronic Components,102.0,,113.83000000000001,50.62,-5.58,5.35,14.83,13.33,169.75,3.59,-25.929999999999996,1.0,4179999.9999999995,0.09,4.9,Aug 10/a,8.43,910030000.0,HIGH,11.38,2.89,0.94,16.04,0.2302,True,9.96,True,13.24,5.626,5.01,-4.0352,-9.76,0.698,1.0,2.46,33.0,18.53,4.99,15983791.0,,,68.9,0.22867737948084055,0.865265760197775,0.4048207663782447,0.16378244746600742,0.6409147095179234,0.9394313967861557,0.9406674907292955,0.5405,0.69,0.4932
NOG,Northern Oil and Gas Inc,Energy,Oil & Gas E&P,,6.08,118.5,16.79,0.84,-4.25,21.15,32.08,-23.85,0.91,-24.7,2.36,2690000.0,0.06,23.47,Aug 06/a,30.5,2500000000.0,HIGH,-9.48,-2.06,0.76,-4.82,0.2044,False,-8.03,False,-2.88,3.883,1.889,-2.4902,-14.84,0.857,27.0,-8.27,35.0,14.84,23.29,51379692.0,,,31.0,0.6044499381953028,0.7107540173053152,0.48207663782447463,0.3819530284301607,0.4122373300370828,0.6514215080346106,0.4437577255871446,0.5405,0.4458,0.5125
VSTM,Verastem Inc,Healthcare,Biotechnology,,,44.57,1775.43,-0.31,14.249999999999998,22.05,103.66,54.37,0.4,-28.1,1.0,2410000.0,0.01,7.78,Aug 06/a,14.67,704580000.0,HIGH,7.2,-3.13,0.43,11.86,0.1848,True,0.23,True,10.9,6.082,2.842,-3.5125,-10.52,0.984,4.0,-3.13,35.0,30.96,7.74,18982308.0,,,89.5,0.30284301606922126,0.8368355995055624,0.5531520395550062,0.5661310259579728,0.0550061804697157,0.927070457354759,0.8930778739184178,0.5402,0.5397,0.4628
OII,Oceaneering International Inc,Energy,Oil & Gas Equipment & Services,13.32,19.59,20.2,10.03,-6.08,3.35,7.7,15.560000000000002,26.669999999999998,1.23,-14.730000000000002,3.0,1060000.0,0.0,46.26,Oct 21/a,46.0,4600000000.0,HIGH,-8.56,0.72,1.0,-3.9,0.1985,False,-5.0,False,-5.98,3.948,2.789,-2.6842,-14.73,0.762,29.0,-11.38,,,46.26,43611662.0,,,-0.6,0.5525339925834364,0.7144622991347342,0.5055624227441285,0.23980222496909764,0.7033374536464772,0.5173053152039555,0.4758961681087763,0.5388,0.553,0.5032
SPHR,Sphere Entertainment Co,Communication Services,Entertainment,,,-131.7,10.95,0.0,5.75,23.88,-19.52,29.909999999999997,1.62,-23.64,1.17,685800.0,0.0,138.7,Jul 30/b,181.25,4980000000.0,HIGH,-0.39,-2.76,0.73,4.27,0.0987,False,-0.42,False,-5.08,4.059,3.947,-2.43,-22.3,0.826,32.0,-13.08,41.0,0.68,141.13,78377162.0,,,28.4,0.622991347342398,0.4956736711990111,0.8665018541409147,0.33127317676143386,0.3658838071693449,0.5500618046971569,0.7744128553770087,0.5387,0.6795,0.4676
OCTV,Octave Intelligence Plc,Technology,Software - Application,,12.99,,,0.0,28.99,1.33,12.619999999999997,,,-38.13,1.67,2040000.0,0.04,18.56,Aug 12/b,23.02,4980000000.0,HIGH,-5.14,-1.98,0.4,-0.48,0.1628,False,-0.5,True,2.08,4.499,2.443,-3.1361,-8.5,0.884,20.0,-3.24,32.0,-1.31,18.83,62431337.0,,,22.3,0.4103831891223733,0.8936959208899876,0.6353522867737948,0.4369592088998764,0.04573547589616811,0.8059332509270705,0.603831891223733,0.538,0.4459,0.4248
ARLO,Arlo Technologies Inc,Industrials,Building Products & Equipment,46.08,12.45,-5.54,20.5,-6.309999999999999,0.98,11.87,-2.22,-5.2,1.59,-36.01,1.14,1310000.0,0.0,12.76,Aug 06/a,21.0,1370000000.0,HIGH,-0.39,-3.68,0.82,4.27,0.1148,False,-3.48,False,-6.27,4.567,3.037,-2.9718,-22.7,0.888,40.0,-11.26,35.0,-15.69,12.84,17958754.0,,,63.6,0.46971569839307786,0.48825710754017304,0.8139678615574784,0.44437577255871447,0.49814585908529047,0.5092707045735476,0.7744128553770087,0.5373,0.7034,0.4804
FIVN,Five9 Inc,Technology,Software - Infrastructure,52.14,9.31,203.08,10.3,-4.83,9.75,12.24,67.7,147.54,1.54,-10.7,1.75,2630000.0,0.01,35.72,Aug 06/a,35.55,2670000000.0,HIGH,5.05,-3.35,0.65,9.71,0.2839,True,5.56,True,14.17,5.961,6.094,-4.4267,-10.57,1.156,5.0,10.16,35.0,26.08,35.77,77526134.0,,,-0.6,0.17058096415327564,0.8355995055624228,0.2645241038318912,0.7564894932014833,0.2521631644004944,0.9443757725587144,0.8677379480840544,0.5373,0.5021,0.5309
MBX,MBX Biosciences Inc,Healthcare,Biotechnology,,,-33.99,,-0.4,1.56,13.54,-0.56,87.89,0.07,-26.280000000000005,1.09,635250.0,0.01,53.55,Aug 06/b,88.1,2580000000.0,HIGH,-14.87,-12.0,1.08,-10.21,0.1696,False,-11.66,False,-15.55,5.888,6.862,-2.7737,-26.17,1.144,38.0,-16.74,36.0,-20.09,53.63,31724433.0,,,64.3,0.5080346106304079,0.3967861557478368,0.6093943139678615,0.7478368355995055,0.754017305315204,0.20642768850432633,0.2595797280593325,0.5371,0.5129,0.5541
UTI,Universal Technical Institute Inc,Consumer Defensive,Education & Training Services,32.51,27.83,-78.77,7.15,-65.97,11.48,11.71,-51.629999999999995,-46.22,1.17,-61.03999999999999,1.29,1570000.0,0.0,20.0,Aug 05/a,38.57,1100000000.0,HIGH,-4.74,-2.03,0.92,-0.08,0.0996,False,-2.96,False,-25.64,5.137,3.842,-1.9984,-60.46,1.443,,,36.0,-27.16,20.3,38435795.0,,,90.0,0.7391841779975278,0.037082818294190356,0.8646477132262052,0.9023485784919654,0.6186650185414091,0.05686032138442522,0.6254635352286774,0.5365,0.6952,0.5793
ADEA,Adeia Inc,Technology,Software - Application,23.59,15.94,1.81,12.11,-3.16,5.3,6.97,-22.66,5.51,2.19,-25.679999999999996,1.25,1150000.0,0.01,25.52,Aug 03/a,43.0,2810000000.0,HIGH,-0.93,-0.2,0.89,3.73,0.1247,False,-0.16,False,-4.09,3.634,2.826,-2.7393,-21.43,0.727,38.0,-8.31,38.0,-8.31,25.48,22180770.0,,,68.8,0.5203955500618047,0.5278121137206427,0.776885043263288,0.1983930778739184,0.5877626699629172,0.5976514215080346,0.7620519159456118,0.5348,0.7142,0.4761
BFLY,Butterfly Network Inc,Healthcare,Medical Devices,,,11.49,39.47,-19.88,20.1,16.53,3.82,135.97,2.06,-7.960000000000001,1.0,6820000.0,0.03,9.25,Jul 30/b,10.4,2510000000.0,HIGH,11.39,15.36,0.68,16.05,0.4136,True,16.97,True,15.31,6.846,5.431,-6.8292,-6.57,1.359,4.0,15.36,41.0,32.25,9.39,45698877.0,,,10.8,0.04326328800988875,0.92336217552534,0.10383189122373304,0.8763906056860321,0.29913473423980225,0.9530284301606922,0.9419035846724351,0.5332,0.4977,0.543
LIND,Lindblad Expeditions Holdings Inc,Consumer Cyclical,Travel Services,,56.42,87.95,18.64,-1.09,9.98,10.67,-3.7900000000000005,56.66,2.27,-18.71,1.86,900360.0,0.0,28.45,Aug 03/b,34.86,1870000000.0,HIGH,-3.85,0.57,0.83,0.81,0.1792,True,6.25,False,-3.21,4.409,4.007,-3.373,-18.71,0.96,32.0,-13.37,39.0,-3.82,28.45,25194715.0,,,22.5,0.34239802224969096,0.6081582200247219,0.5723114956736712,0.5284301606922126,0.5135970333745364,0.6341161928306551,0.6551297898640297,0.5332,0.5878,0.5046
AXGN,Axogen Inc,Healthcare,Medical Devices,,63.17,-334.71,23.06,-8.67,5.66,7.09,-3.4300000000000006,34.54,1.15,-17.99,1.27,1220000.0,0.0,43.39,Jul 29/b,54.4,2550000000.0,HIGH,-15.7,-5.53,0.97,-11.04,0.2419,False,-5.47,False,-4.92,5.373,3.757,-3.3947,-17.99,1.04,22.0,-13.1,42.0,5.44,43.39,56626251.0,,,25.4,0.33498145859085293,0.6316440049443758,0.3621755253399258,0.6427688504326329,0.6687268232385661,0.5543881334981459,0.2311495673671199,0.5324,0.4017,0.5502
ARQT,Arcutis Biotherapeutics Inc,Healthcare,Biotechnology,123.85,19.35,188.25,59.32999999999999,-0.8,-1.06,16.86,-4.15,20.88,1.59,-19.26,1.29,2150000.0,0.0,25.65,Aug 05/a,37.0,3220000000.0,HIGH,13.2,3.7,0.61,17.86,0.221,True,8.23,True,4.08,5.433,4.792,-3.8228,-9.79,1.002,4.0,3.7,36.0,1.85,26.92,84052718.0,,,37.4,0.2484548825710754,0.8640296662546354,0.43757725587144625,0.588380716934487,0.20086526576019778,0.8454882571075402,0.9530284301606922,0.5308,0.5727,0.4708
LBRT,Liberty Energy Inc,Energy,Oil & Gas Equipment & Services,26.5,132.37,-40.52,14.01,-1.49,5.07,10.77,-25.730000000000004,-32.82,0.71,-43.41,1.77,4340000.0,0.02,19.51,Jul 22/a,29.12,3180000000.0,HIGH,-0.42,0.48,1.4,4.24,0.2194,False,-3.89,False,-5.28,5.299,7.181,-3.0162,-28.04,0.913,,,46.0,-3.47,18.94,69332404.0,,,53.7,0.4561186650185414,0.3547589616810878,0.44066749072929545,0.4789864029666255,0.9091470951792336,0.5451174289245982,0.7713226205191595,0.5308,0.7135,0.5973
SRTA,Strata Critical Medical Inc,Healthcare,Medical Care Facilities,,1618.62,-165.22,2.41,-0.64,-2.95,6.54,4.05,30.19,2.42,-17.08,1.0,996420.0,0.0,5.39,Aug 04/b,9.56,476840000.0,HIGH,-10.72,-1.3,0.68,-6.06,0.1341,False,-0.73,False,-3.28,3.687,3.752,-2.2733,-15.73,0.699,25.0,-10.57,38.0,-3.96,5.33,4113475.0,,,79.4,0.6711990111248455,0.6835599505562423,0.7342398022249691,0.16563658838071693,0.29913473423980225,0.6291718170580964,0.3936959208899876,0.5305,0.4675,0.4413
OMER,Omeros Corp,Healthcare,Biotechnology,13.61,18.52,134.01,,-3.82,8.41,18.03,97.51,98.11,2.57,-7.85,1.5,1970000.0,0.04,19.57,Aug 12/a,36.67,1420000000.0,HIGH,7.9,8.6,0.61,12.56,0.2216,True,6.46,True,25.35,4.916,4.731,-4.1365,-5.46,0.863,4.0,8.6,31.0,46.46,20.08,29387365.0,,,82.6,0.21508034610630408,0.9505562422744128,0.43448702101359704,0.38813349814585907,0.20086526576019778,0.9888751545117429,0.8986402966625463,0.5297,0.5501,0.4482
ADNT,Adient plc,Consumer Cyclical,Auto Parts,29.45,5.89,-26.6,5.03,-1.81,-2.27,8.95,-3.1400000000000006,-13.04,1.6,-35.54,1.69,1010000.0,0.0,17.61,Aug 05/b,26.1,1360000000.0,HIGH,-7.5,0.97,0.91,-2.84,0.1622,False,-4.72,False,-9.07,5.107,3.46,-3.3056,-21.47,1.037,41.0,-18.3,37.0,-14.08,17.63,17624146.0,,,48.0,0.36341161928306553,0.5253399258343634,0.6378244746600742,0.634734239802225,0.6069221260815822,0.40976514215080345,0.511742892459827,0.5297,0.5781,0.5037
WSC,WillScot Holdings Corp,Industrials,Rental & Leasing Services,,14.01,-1.11,3.92,-3.27,-2.92,7.27,-36.87,6.08,1.39,-39.03,2.4,2650000.0,0.0,18.15,Aug 06/a,29.8,3290000000.0,HIGH,-13.06,0.39,0.97,-8.4,0.202,False,-3.93,False,-17.85,3.626,3.467,-1.8428,-34.78,1.298,,,35.0,-25.44,18.17,53209549.0,,,64.0,0.792336217552534,0.22126081582200247,0.4907292954264524,0.8547589616810878,0.6687268232385661,0.14956736711990112,0.29913473423980225,0.5296,0.4675,0.6163
QTWO,Q2 Holdings Inc,Technology,Software - Application,41.54,16.72,156.57,12.61,-5.33,5.18,8.67,22.82,27.52,1.33,-24.03,1.53,805230.0,0.0,57.92,Jul 29/a,76.5,3610000000.0,HIGH,-13.82,-3.11,0.82,-9.16,0.2002,False,-6.99,False,-7.83,3.265,2.37,-1.5512,-16.86,0.73,31.0,-10.26,41.0,-4.98,56.13,36801826.0,,,36.3,0.8553770086526576,0.6613102595797281,0.49938195302843014,0.20457354758961682,0.49814585908529047,0.4542645241038319,0.28491965389369595,0.5288,0.4132,0.5031
TWI,Titan International Inc,Industrials,Farm & Heavy Construction Machinery,,24.41,225.39,5.19,0.0,-4.48,4.62,-9.81,4.12,1.43,-39.49,1.0,564730.0,0.0,7.08,Jul 30/b,12.0,456960000.0,HIGH,0.71,-3.94,0.72,5.37,0.1826,False,-3.81,False,-3.28,4.334,2.122,-3.3793,-15.33,0.996,17.0,-4.59,41.0,-3.94,7.07,4426152.0,,,69.7,0.3399258343634116,0.6934487021013597,0.5642768850432633,0.5797280593325093,0.3535228677379481,0.6291718170580964,0.8084054388133498,0.5267,0.5987,0.4756
PPTA,Perpetua Resources Corp,Basic Materials,Other Precious Metals & Mining,,,-889.5900000000001,,-0.14,-0.77,10.14,7.86,-15.950000000000001,0.14,-40.49,1.0,1120000.0,0.36,22.24,Aug 15/a,37.93,2780000000.0,HIGH,-6.45,-0.8,0.73,-1.79,0.1479,False,-1.72,True,2.99,4.522,2.767,-3.1181,-14.77,0.679,24.0,-8.6,29.0,-3.69,23.49,22048585.0,,,61.5,0.4252163164400494,0.7119901112484549,0.6817058096415327,0.14833127317676142,0.3658838071693449,0.8257107540173053,0.5580964153275649,0.5265,0.5375,0.4413
PNNT,PennantPark Investment Corp,Financial,Asset Management,21.39,5.93,-45.19,26.55,0.0,,4.22,-0.19,-18.96,0.66,-47.59,3.0,597650.0,0.14,3.32,Aug 10/a,4.75,216780000.0,HIGH,-10.27,-3.77,0.65,-5.61,0.1567,False,-6.81,False,-6.62,2.991,1.506,-1.777,-14.87,0.759,36.0,-4.6,33.0,-10.51,3.32,2049931.0,,,43.1,0.8096415327564895,0.7095179233621756,0.6551297898640296,0.2373300370828183,0.2521631644004944,0.48825710754017304,0.4103831891223733,0.5253,0.4363,0.4468
PWP,Perella Weinberg Partners,Financial,Capital Markets,55.25,9.89,52.23,0.8100000000000002,-5.19,5.19,9.7,-12.619999999999997,-17.31,1.64,-44.19,2.0,1280000.0,0.0,14.47,Jul 31/b,22.25,1380000000.0,HIGH,-14.78,7.58,1.46,-10.12,0.4245,False,-2.7,False,-8.69,6.131,5.771,-3.0915,-26.59,1.407,31.0,-16.12,40.0,-2.95,14.47,20910534.0,,,53.8,0.43016069221260816,0.3838071693448702,0.09147095179233622,0.8912237330037083,0.9276885043263288,0.4227441285537701,0.2620519159456119,0.5245,0.4106,0.668
SABR,Sabre Corp,Technology,Software - Infrastructure,1.29,11.84,86.2,3.61,0.0,3.2099999999999995,9.32,0.02,39.5,1.07,-15.18,2.71,4400000.0,0.0,2.12,Aug 06/b,2.14,855760000.0,HIGH,-0.91,-6.44,0.64,3.75,0.1643,False,-0.33,True,5.21,6.569,5.275,-4.2983,-12.8,0.898,5.0,-3.54,36.0,2.83,2.18,12913264.0,,,-1.8,0.18170580964153277,0.7762669962917181,0.6260815822002472,0.45673671199011123,0.23856613102595797,0.8640296662546354,0.7639060568603214,0.5239,0.565,0.4353
BAND,Bandwidth Inc,Technology,Software - Infrastructure,,31.54,56.67,22.16,-9.26,27.24,15.98,-0.64,258.83,3.04,-23.5,1.67,1090000.0,0.02,60.5,Jul 29/b,68.6,1950000000.0,HIGH,26.14,13.81,1.09,30.8,0.4184,True,19.81,True,19.34,8.038,7.928,-6.3314,-21.84,1.137,4.0,13.81,42.0,67.28,61.81,52647650.0,,,11.0,0.054388133498145856,0.515451174289246,0.0964153275648949,0.738566131025958,0.7632880098887516,0.9746600741656366,0.9876390605686032,0.5238,0.653,0.6327
LZ,LegalZoom.com Inc,Industrials,Specialty Business Services,60.02,6.81,2113.33,6.64,-0.83,-1.45,10.27,-7.86,2.74,1.2,-54.6,2.5,2850000.0,0.0,5.63,Aug 05/a,7.6,964220000.0,HIGH,-8.62,-5.55,0.97,-3.96,0.1537,False,-6.98,False,-12.56,4.583,3.114,-2.5993,-33.8,1.1,43.0,-25.66,36.0,-0.79,5.62,16279443.0,,,35.2,0.5797280593325093,0.2360939431396786,0.6662546353522868,0.700247218788628,0.6687268232385661,0.28862793572311496,0.4721878862793572,0.5233,0.5894,0.5593
AIOT,PowerFleet Inc,Technology,Software - Application,,17.5,18.1,6.41,0.0,-2.29,11.47,-25.53,-3.7800000000000002,1.4,-52.38,1.29,1720000.0,0.02,2.8,Aug 10/b,8.4,375830000.0,HIGH,-8.2,-1.75,1.24,-3.54,0.1002,False,-5.44,False,-15.91,3.418,2.5,-2.0287,-37.92,0.823,35.0,-32.2,34.0,-8.5,2.8,4019992.0,,,200.0,0.7280593325092707,0.17058096415327564,0.8603213844252163,0.3288009888751545,0.8584672435105068,0.19097651421508036,0.48763906056860323,0.5229,0.7107,0.5266
UNIT,Uniti Group Inc,Real Estate,REIT - Specialty,3.34,,-809.52,202.5,0.0,-1.34,9.69,-19.51,13.5,1.41,-31.129999999999995,2.78,2240000.0,0.0,8.91,Jul 30/b,10.84,2160000000.0,HIGH,-11.08,-5.81,0.72,-6.42,0.1603,False,-8.27,False,-10.5,3.388,2.076,-1.9251,-21.43,0.913,,,41.0,-4.09,8.91,19822732.0,,,21.7,0.7639060568603214,0.5278121137206427,0.6440049443757725,0.4789864029666255,0.3535228677379481,0.3683559950556242,0.3794808405438813,0.5228,0.4511,0.4912
SITE,SiteOne Landscape Supply Inc,Industrials,Industrial Distribution,24.96,18.04,9.75,4.73,1.73,-4.48,8.53,-20.53,-30.09,1.38,-45.89,1.79,878640.0,0.02,91.2,Jul 29/b,127.5,3980000000.0,HIGH,-5.27,-0.01,0.65,-0.61,0.173,False,-2.99,False,-5.66,3.367,2.955,-1.8838,-19.02,0.856,,,42.0,-2.64,91.31,96306305.0,,,39.6,0.7750309023485785,0.5995055624227441,0.5995055624227441,0.3788627935723115,0.2521631644004944,0.530902348578492,0.595797280593325,0.5227,0.4938,0.4842
APPS,Digital Turbine Inc,Technology,Software - Application,,11.77,29.020000000000003,26.780000000000005,0.0,1.7399999999999998,9.51,-13.4,284.19,3.04,-27.089999999999996,1.0,3600000.0,0.36,11.18,Aug 04/a,17.0,1350000000.0,HIGH,0.18,-7.8,1.27,4.84,0.224,False,-0.15,True,2.68,7.683,9.001,-5.4246,-27.57,0.977,5.0,4.22,37.0,16.82,11.11,31485075.0,,,53.0,0.09147095179233622,0.3658838071693449,0.4289245982694685,0.5519159456118665,0.8782447466007417,0.8182941903584673,0.788627935723115,0.5225,0.7076,0.585
PLNT,Planet Fitness Inc,Consumer Cyclical,Leisure,14.66,11.81,25.989999999999995,7.139999999999999,3.63,-4.43,10.63,-16.25,-41.46,1.03,-62.19,1.7,2100000.0,0.01,43.2,Aug 06/b,66.31,3260000000.0,HIGH,-19.97,-9.29,1.46,-15.31,0.3128,False,-12.49,False,-16.94,5.072,5.694,-3.0618,-25.64,2.011,37.0,-23.74,36.0,-16.66,42.68,116527121.0,,,55.4,0.4388133498145859,0.411619283065513,0.2088998763906057,0.9703337453646477,0.9276885043263288,0.1681087762669963,0.13535228677379482,0.5209,0.3951,0.6262
HRZN,Horizon Technology Finance Corp,Financial,Asset Management,14.26,6.35,-13.79,24.28,66.81,,4.44,2.33,16.83,0.99,-29.9,2.33,650040.0,0.01,4.68,Aug 04/a,5.08,313720000.0,HIGH,-1.49,-0.64,0.44,3.17,0.1028,False,-1.93,False,-1.33,2.561,2.376,-2.4618,-9.92,0.417,34.0,-0.22,37.0,5.71,4.63,2987983.0,,,9.7,0.61557478368356,0.8603213844252163,0.8541409147095179,0.030902348578491966,0.05686032138442522,0.703955500618047,0.7441285537700866,0.5203,0.571,0.3518
HNRG,Hallador Energy Co,Utilities,Utilities - Independent Power Producers,685.91,25.47,-268.68,2.03,0.36,5.37,10.84,-16.13,-19.19,0.42,-42.52,1.0,758030.0,0.0,14.2,Aug 10/a,27.75,669360000.0,HIGH,-9.36,-1.93,0.89,-4.7,0.2218,False,-5.11,False,-5.2,4.397,3.261,-2.5551,-15.64,0.781,14.0,-11.33,33.0,-5.88,14.72,10631986.0,,,88.5,0.5945611866501854,0.6854140914709518,0.43263288009888756,0.2657601977750309,0.5877626699629172,0.5475896168108776,0.4511742892459827,0.519,0.4866,0.4989
AVR,Anteris Technologies Global Corp,Healthcare,Medical Devices,,,48.26,63.27,-15.629999999999999,-6.15,7.9,-21.37,48.17,1.83,-30.44,1.5,984770.0,0.02,7.69,Aug 10/a,13.8,749460000.0,HIGH,-12.01,-5.64,1.07,-7.35,0.1814,False,-8.01,False,-10.0,4.542,4.551,-2.7032,-30.44,0.993,30.0,-13.89,33.0,-14.17,7.69,5897295.0,,,79.5,0.5389369592088998,0.2978986402966625,0.5698393077873918,0.5747836835599506,0.7447466007416563,0.3868974042027194,0.3380716934487021,0.5189,0.5296,0.5613
CRI,Carters Inc,Consumer Cyclical,Apparel Retail,5.86,8.48,46921.31,5.16,0.0,-2.76,16.65,-27.77,-9.43,0.84,-29.549999999999997,2.44,1230000.0,0.0,31.31,Jul 31/b,42.29,1150000000.0,HIGH,-6.68,2.02,0.79,-2.02,0.1847,True,0.53,False,-11.18,4.093,3.385,-2.6695,-24.93,1.163,34.0,-21.65,40.0,-17.15,31.31,50591689.0,,,35.1,0.5562422744128553,0.430778739184178,0.5556242274412855,0.7676143386897404,0.4604449938195303,0.34239802224969096,0.5451174289245982,0.5189,0.5229,0.5317
ALGT,Allegiant Travel,Industrials,Airlines,54.88,7.1,94.13,36.86,0.0,44.96,9.72,-32.4,-2.77,1.54,-37.56,1.53,546010.0,0.06,77.2,Aug 04/a,124.93,2109999999.9999998,HIGH,0.19,-1.74,0.91,4.85,0.1066,True,1.98,False,-8.23,4.292,4.628,-2.6064,-36.03,0.893,,,37.0,-23.94,79.09,38888823.0,,,58.0,0.5760197775030902,0.20148331273176762,0.8405438813349815,0.4511742892459827,0.6069221260815822,0.4363411619283066,0.7898640296662547,0.5187,0.7502,0.5176
BILL,BILL Holdings Inc,Technology,Software - Application,,9.97,-175.47,13.780000000000001,-2.7,-7.35,14.94,22.1,18.57,1.13,-23.32,1.8,2270000.0,0.01,43.87,Aug 19/a,57.48,3740000000.0,HIGH,-12.05,-5.97,0.8,-7.39,0.144,False,-7.7,False,-6.64,3.97,3.638,-2.4758,-15.87,0.689,31.0,-9.14,26.0,-6.65,44.25,88272048.0,,,29.9,0.6093943139678616,0.6817058096415327,0.7014833127317677,0.15636588380716934,0.4721878862793572,0.48702101359703337,0.3337453646477132,0.518,0.4856,0.4312
GTM,ZoomInfo Technologies Inc,Technology,Software - Application,,3.26,-3081.86,1.21,-0.11,-10.97,15.1,26.13,-35.61,0.87,-70.08,3.36,7640000.0,0.0,3.68,Aug 05/a,4.63,1070000000.0000001,HIGH,-10.71,-3.85,0.83,-6.05,0.1687,False,-6.0,False,-0.69,5.611,5.333,-3.5312,-14.09,0.735,31.0,-2.85,36.0,2.46,3.75,21586836.0,,,23.5,0.2978986402966625,0.7367119901112484,0.6131025957972807,0.21137206427688504,0.5135970333745364,0.7317676143386898,0.39555006180469715,0.5174,0.4962,0.4387
WBI,WaterBridge Infrastructure LLC,Energy,Oil & Gas Equipment & Services,396.92,43.22,-36.37,128.0,-26.38,15.54,17.05,-10.96,4.62,0.14,-19.63,1.4,731100.0,0.12,29.65,Aug 05/a,36.56,3660000000.0,HIGH,-5.22,-0.43,0.51,-0.56,0.1559,False,-5.01,False,-7.8,3.871,3.523,-1.855,-19.22,0.947,14.0,-7.48,36.0,-8.92,29.8,21673820.0,,,22.7,0.7849196538936959,0.5908529048207664,0.6600741656365884,0.5135970333745364,0.09517923362175525,0.4573547589616811,0.5970333745364648,0.517,0.4654,0.4628
SBET,Sharplink Inc,Financial,Capital Markets,,95.4,56.02,1553.26,-0.29,17.36,15.1,93.9,57.95,10.59,-51.16,1.0,9420000.0,0.08,9.54,Aug 10/b,15.57,2069999999.9999998,HIGH,17.44,-3.51,0.59,22.1,0.3163,True,8.15,True,27.46,6.698,5.711,-5.8831,-7.4,1.151,6.0,16.59,34.0,55.83,9.63,81868160.0,,,61.7,0.06674907292954264,0.9110012360939431,0.20457354758961677,0.7533992583436341,0.173053152039555,0.992583436341162,0.965389369592089,0.5169,0.4994,0.4964
ABX,Abacus Global Management Inc,Financial,Insurance - Life,29.03,7.08,-62.74000000000001,29.87,-1.16,1.39,14.02,-16.35,-6.12,0.06,-33.36,1.38,645190.0,0.0,8.29,Aug 06/a,14.31,810700000.0,HIGH,-14.89,2.98,1.34,-10.23,0.288,False,-9.0,False,-13.28,5.176,5.79,-2.8624,-33.36,1.739,,,35.0,-12.92,8.29,5303111.0,,,72.6,0.4907292954264524,0.24351050679851668,0.2515451174289246,0.9480840543881335,0.9017305315203955,0.2620519159456119,0.2583436341161928,0.5163,0.4493,0.6506
ATMU,Atmus Filtration Technologies Inc,Consumer Cyclical,Auto Parts,17.1,13.64,7.980000000000001,16.41,-4.84,3.9699999999999998,3.82,-17.0,-24.46,1.18,-32.77,1.67,710920.0,0.0,44.71,Aug 07/b,65.2,3650000000.0,HIGH,-6.33,0.27,0.61,-1.67,0.126,False,-2.25,False,-8.88,2.768,1.543,-1.4658,-19.81,0.774,38.0,-17.02,35.0,-12.62,44.71,33227817.0,,,45.8,0.8776266996291718,0.569221260815822,0.7737948084054388,0.25710754017305315,0.20086526576019778,0.41656365883807167,0.5624227441285538,0.5159,0.5174,0.438
PFSI,PennyMac Financial Services Inc,Financial,Mortgage Finance,8.91,5.96,-83.96,0.45000000000000007,-0.16,-0.84,8.75,-24.77,-24.17,1.43,-59.58,2.0,588650.0,0.0,64.81,Jul 29/a,90.57,3370000000.0,HIGH,-10.79,-1.71,0.71,-6.13,0.1734,False,-5.46,False,-12.55,2.585,1.757,-1.4339,-25.37,0.977,,,41.0,-13.72,65.46,40105610.0,,,38.4,0.8838071693448702,0.4215080346106304,0.5957972805933252,0.5519159456118665,0.3411619283065513,0.2904820766378245,0.38936959208899874,0.5141,0.4368,0.5168
SVV,Savers Value Village Inc,Consumer Cyclical,Specialty Retail,61.81,15.43,16.74,7.429999999999999,-33.24,-0.6,13.93,-8.07,27.77,1.23,-32.76,1.75,1360000.0,0.0,9.34,Aug 06/a,14.23,1440000000.0,HIGH,-11.64,1.3,0.89,-6.98,0.2165,False,-3.78,False,-8.4,4.176,3.051,-2.2592,-26.4,0.969,39.0,-8.97,35.0,-14.39,9.34,11559597.0,,,52.4,0.681087762669963,0.3936959208899876,0.4474660074165636,0.5395550061804697,0.5877626699629172,0.4338689740420272,0.3510506798516687,0.5139,0.451,0.5606
CRNC,Cerence Inc,Technology,Software - Application,,10.4,151.03,11.81,-0.65,2.87,14.71,-25.069999999999997,22.12,3.05,-42.13,2.6,701510.0,0.0,7.95,Aug 06/a,10.75,359580000.0,HIGH,-6.47,-2.45,1.01,-1.81,0.1188,False,-3.36,False,-5.67,4.677,3.019,-2.6877,-32.46,0.751,,,35.0,-11.86,7.95,4974780.0,,,35.2,0.5475896168108776,0.2620519159456119,0.7985166872682323,0.22867737948084055,0.7119901112484549,0.5290482076637825,0.5562422744128553,0.513,0.6756,0.5043
CLOV,Clover Health Investments Corp,Healthcare,Healthcare Plans,,44.73,346.63,55.60000000000001,-1.11,7.109999999999999,5.71,-15.439999999999998,156.57,2.47,-19.68,2.0,4750000.0,0.11,4.49,Aug 05/a,5.38,2380000000.0,HIGH,6.15,-1.1,0.85,10.81,0.2082,True,0.06,True,1.59,5.563,4.454,-3.4745,-18.51,0.832,12.0,3.46,36.0,8.45,4.49,19172151.0,,,19.8,0.311495673671199,0.61557478368356,0.4734239802224969,0.3430160692212608,0.5352286773794809,0.7935723114956736,0.8850432632880099,0.5121,0.6566,0.4958
KYTX,Kyverna Therapeutics Inc,Healthcare,Biotechnology,,,35.37,,0.0,5.44,22.51,-23.11,-13.44,2.02,-50.61,1.0,1030000.0,0.02,6.75,Aug 11/a,30.4,417520000.0,HIGH,-18.64,-4.35,1.61,-13.98,0.3274,False,-10.19,False,-12.52,6.351,5.8,-3.0386,-33.82,1.765,33.0,-13.69,32.0,-15.09,6.81,6969298.0,,,346.4,0.44561186650185414,0.23362175525339926,0.19530284301606926,0.9555006180469716,0.9487021013597033,0.292336217552534,0.1631644004944376,0.5118,0.4085,0.6605
DNLI,Denali Therapeutics Inc,Healthcare,Biotechnology,,,5.93,,-0.18,2.3,11.45,-19.35,14.980000000000002,1.01,-23.52,1.15,1620000.0,0.0,20.88,Aug 06/a,36.06,3340000000.0,HIGH,-15.04,-0.39,0.77,-10.38,0.2415,False,-5.16,False,-11.89,4.005,3.114,-2.3927,-25.31,1.423,27.0,-16.13,35.0,-17.55,20.39,34837993.0,,,76.9,0.6341161928306551,0.4227441285537701,0.36773794808405436,0.8992583436341162,0.4289245982694685,0.31705809641532756,0.2527812113720643,0.5116,0.3401,0.5698
NCMI,National Cinemedia Inc,Communication Services,Advertising Agencies,,56.5,7.200000000000001,12.740000000000002,-1.41,4.41,11.03,-39.73,-27.560000000000002,1.63,-52.12,1.4,941640.0,0.0,2.26,Aug 11/a,4.7,212600000.0,HIGH,-13.08,0.89,1.81,-8.42,0.2254,False,-4.9,False,-24.61,4.772,6.195,-2.3752,-47.07,1.336,39.0,-43.64,32.0,1.8,2.26,2348572.0,,,108.0,0.6415327564894932,0.09023485784919653,0.4227441285537701,0.8671199011124846,0.9703337453646477,0.07045735475896168,0.2978986402966625,0.5104,0.5371,0.6374
TARS,Tarsus Pharmaceuticals Inc,Healthcare,Biotechnology,,52.61,10.97,69.41,-3.3300000000000005,3.81,13.89,21.96,12.770000000000001,0.45,-18.38,1.09,988560.0,0.0,74.71,Aug 06/b,100.0,3500000000.0,HIGH,5.48,-2.29,0.93,10.14,0.2349,False,-4.23,True,7.2,3.785,3.065,-4.0484,-17.31,0.771,17.0,2.21,36.0,23.49,75.69,62822524.0,,,32.1,0.22620519159456118,0.6600741656365884,0.39184177997527814,0.24969097651421507,0.6310259579728059,0.8986402966625463,0.8776266996291718,0.5096,0.6579,0.5014
AMPX,Amprius Technologies Inc,Industrials,Electrical Equipment & Parts,,233.77,32.31,125.87000000000002,-16.37,8.78,16.66,-18.73,-31.840000000000003,2.35,-54.65,1.0,5650000.0,4.12,10.99,Aug 04/a,23.7,1610000000.0,HIGH,-1.42,1.46,0.9,3.24,0.1277,True,1.16,False,-4.43,5.168,3.744,-3.0386,-32.61,0.871,30.0,-18.34,37.0,-9.81,9.75,43093630.0,,,143.1,0.44561186650185414,0.26081582200247216,0.7632880098887516,0.40605686032138444,0.5976514215080346,0.5840543881334982,0.745982694684796,0.5096,0.7067,0.5083
ANGX,Angel Studios Inc,Communication Services,Entertainment,,,51.96999999999999,,1.6200000000000003,11.98,6.75,39.89,59.11,-0.2,-49.44,1.0,1640000.0,0.03,4.98,Aug 04/a,8.5,930050000.0,HIGH,10.34,-8.05,0.64,15.0,0.3235,False,-2.17,True,5.9,7.827,3.125,-4.1433,-16.52,1.308,14.0,4.8,37.0,13.21,4.8,10201708.0,,,77.1,0.2138442521631644,0.6699629171817059,0.1977750309023486,0.857849196538937,0.23856613102595797,0.8763906056860321,0.927070457354759,0.5091,0.5017,0.5467
MGNX,Macrogenics Inc,Healthcare,Biotechnology,,,153.45,47.62,-1.36,11.87,11.44,-22.84,27.99,1.2,-26.179999999999996,2.17,750590.0,0.0,3.75,Aug 13/a,8.0,238880000.0,HIGH,-9.44,-9.22,1.26,-4.78,0.1704,False,-8.45,False,-7.81,5.243,3.743,-3.3952,-26.09,0.856,15.0,-12.0,30.0,-8.33,3.74,1964672.0,,,113.9,0.3337453646477132,0.40173053152039556,0.6056860321384425,0.3788627935723115,0.8702101359703337,0.4561186650185414,0.446229913473424,0.5077,0.6213,0.5097
DJT,Trump Media & Technology Group Corp,Communication Services,Internet Content & Information,,,-933.0899999999999,89.03,0.0,2.36,9.12,20.43,6.49,4.09,-49.81,,4390000.0,0.71,9.02,Aug 10/a,,2510000000.0,HIGH,-5.14,0.22,0.68,-0.48,0.1531,True,1.09,False,-0.63,3.818,1.696,-3.1643,-13.36,0.723,41.0,-7.21,33.0,2.58,9.14,27421754.0,,,,0.3967861557478368,0.754017305315204,0.6674907292954264,0.1934487021013597,0.29913473423980225,0.7342398022249691,0.603831891223733,0.5075,0.5315,0.4059
ESRT,Empire State Realty Trust Inc,Real Estate,REIT - Diversified,230.41,,-494.26,2.95,0.0,-1.36,8.19,-22.04,-16.39,1.41,-48.42,2.67,2770000.0,0.0,4.15,Jul 29/a,5.4,718040000.0,HIGH,-10.46,-0.72,0.7,-5.8,0.1635,False,-3.7,False,-13.17,3.789,1.946,-2.4678,-30.81,1.532,42.0,-27.39,41.0,-17.8,4.11,19462525.0,,,31.4,0.6118665018541409,0.2904820766378245,0.6304079110012362,0.9208899876390606,0.326946847960445,0.26452410383189123,0.40173053152039556,0.5075,0.4479,0.5311
AURA,Aura Biosciences Inc,Healthcare,Biotechnology,,,-3.3099999999999996,,-16.19,41.75,10.41,-14.01,-5.65,0.4,-37.96,1.0,753050.0,0.0,5.92,Aug 11/b,16.6,613510000.0,HIGH,-18.92,-5.66,1.26,-14.26,0.296,False,-12.83,False,-16.98,5.095,3.25,-2.4597,-28.28,1.207,28.0,-21.87,33.0,-22.08,6.0,5940569.0,,,176.7,0.6180469715698393,0.3473423980222497,0.24103831891223737,0.7985166872682324,0.8702101359703337,0.1668726823238566,0.15451174289245984,0.507,0.3952,0.6134
JBI,Janus International Group Inc,Industrials,Building Products & Equipment,17.56,6.42,-47.02,2.37,0.0,-2.75,5.23,-23.18,-18.88,1.41,-59.209999999999994,1.8,1730000.0,0.0,4.21,Aug 11/b,7.62,574390000.0,HIGH,-13.91,-4.32,1.05,-9.25,0.2518,False,-8.31,False,-15.39,4.355,3.8,-2.9573,-26.14,1.412,38.0,-22.32,33.0,-16.8,4.21,11021614.0,,,81.0,0.4721878862793572,0.3980222496909765,0.3374536464771323,0.892459826946848,0.7342398022249691,0.207663782447466,0.2830655129789864,0.507,0.4347,0.5766
WAY,Waystar Holding Corp,Healthcare,Health Information Services,35.13,13.12,18.57,18.11,-0.4099999999999999,4.76,11.27,23.47,4.8,0.17,-38.86,1.21,2640000.0,0.0,24.67,Jul 29/a,33.68,4730000000.0,HIGH,-5.87,-3.93,0.62,-1.21,0.1661,False,-2.27,True,1.81,4.381,1.64,-3.0155,-9.46,0.58,9.0,-0.8,41.0,17.96,24.7,52119484.0,,,36.4,0.45859085290482077,0.8714462299134734,0.6211372064276885,0.07045735475896168,0.2126081582200247,0.799752781211372,0.5797280593325093,0.5057,0.482,0.3854
BDTX,Black Diamond Therapeutics Inc,Healthcare,Biotechnology,,,7.1,,0.0,-5.74,11.15,7.429999999999999,-7.39,3.32,-61.94,1.38,914040.0,0.02,1.88,Aug 05/a,10.0,108010000.0,HIGH,-15.7,-3.59,0.64,-11.04,0.1918,False,-6.7,False,-4.8,4.631,3.457,-2.7474,-18.97,1.0,23.0,-12.76,36.0,5.03,1.88,1177006.0,,,431.9,0.5179233621755254,0.6007416563658838,0.5278121137206429,0.584672435105068,0.23856613102595797,0.5630407911001236,0.2311495673671199,0.5055,0.3224,0.4761
RZLT,Rezolute Inc,Healthcare,Biotechnology,,,24.14,,0.07,0.8199999999999998,20.44,-25.45,27.16,0.53,-66.81,1.0,1580000.0,0.0,3.8,Sep 24/a,8.14,367760000.0,HIGH,-15.58,-0.26,1.4,-10.92,0.2671,False,-7.47,False,-14.81,6.61,4.59,-3.0789,-30.79,1.378,25.0,-16.31,1.0,0.0,3.9,6034108.0,,,108.7,0.4338689740420272,0.292336217552534,0.29666254635352285,0.8825710754017305,0.9091470951792336,0.21755253399258342,0.23856613102595797,0.5054,0.4572,0.6108
POWI,Power Integrations Inc,Technology,Semiconductors,115.0,27.62,613.58,2.66,-26.69,-1.97,10.7,-34.93,3.8,1.54,-43.65,1.4,776400.0,0.0,51.38,Aug 05/a,81.67,2870000000.0,HIGH,1.38,5.47,0.88,6.04,0.0996,True,3.91,False,-8.64,4.543,3.734,-3.1139,-35.03,0.954,,,36.0,-11.46,52.22,42861456.0,,,56.4,0.4264524103831891,0.21878862793572312,0.8646477132262052,0.5210135970333746,0.5754017305315204,0.42398022249690975,0.823238566131026,0.505,0.7613,0.4867
PTEN,Patterson-UTI Energy Inc,Energy,Oil & Gas Drilling,,40.98,59.53000000000001,0.71,-17.88,1.41,9.21,18.32,-0.53,0.76,-15.61,2.12,8800000.0,0.06,11.3,Jul 29/a,14.07,4310000000.0,HIGH,-12.23,-4.47,0.76,-7.57,0.2328,False,-10.58,False,-3.9,4.537,3.758,-2.4117,-18.52,0.848,20.0,-11.01,41.0,16.93,10.91,104943747.0,,,29.0,0.6279357231149567,0.6143386897404203,0.39925834363411616,0.36341161928306553,0.4122373300370828,0.6106304079110012,0.32509270704573545,0.5046,0.3735,0.5036
PLUG,Plug Power Inc,Industrials,Electrical Equipment & Parts,,,32.89,2.49,-0.44,3.65,21.54,-24.34,-10.11,2.28,-57.21000000000001,2.59,54080000.0,0.17,1.96,Aug 10/a,3.58,2740000000.0,HIGH,-9.59,-5.26,0.98,-4.93,0.1357,False,-5.65,False,-7.47,5.123,3.535,-2.5869,-29.29,0.766,32.0,-10.81,33.0,-6.16,1.98,97566228.0,,,80.8,0.584672435105068,0.3238566131025958,0.7268232385661311,0.2484548825710754,0.6773794808405439,0.46600741656365885,0.4388133498145859,0.5045,0.5968,0.4941
XNCR,Xencor Inc,Healthcare,Biotechnology,,,30.990000000000002,17.46,-0.77,-0.91,22.51,52.16,107.85,0.89,-22.46,1.5,1270000.0,0.0,23.74,Aug 05/a,31.25,1760000000.0,HIGH,-8.67,-4.91,0.8,-4.01,0.2023,False,-5.51,True,0.88,4.348,4.139,-3.2021,-22.25,0.865,25.0,-11.85,36.0,19.96,23.8,36919300.0,,,31.3,0.3930778739184178,0.49876390605686033,0.48949320148331277,0.3930778739184178,0.4721878862793572,0.7762669962917181,0.47095179233621753,0.5038,0.4769,0.5087
OMCL,Omnicell Inc,Healthcare,Health Information Services,39.8,16.11,337.17,7.449999999999999,-1.35,3.2,7.47,-16.12,-4.38,0.99,-35.07,1.25,716880.0,0.0,33.66,Jul 30/b,57.86,1540000000.0,HIGH,1.75,3.79,0.86,6.41,0.1098,True,0.79,False,-6.83,3.028,3.268,-2.1979,-29.96,0.68,52.0,-26.73,41.0,-9.3,33.66,19879131.0,,,71.9,0.6946847960444994,0.3053152039555006,0.830655129789864,0.14956736711990112,0.5482076637824475,0.48084054388133496,0.8294190358467244,0.5015,0.7454,0.4683
IART,Integra Lifesciences Holdings Corp,Healthcare,Medical Devices,,6.17,100.90999999999998,0.76,0.0,-1.76,10.23,-14.14,74.89,1.21,-21.47,2.75,877180.0,0.0,16.09,Jul 29/b,19.56,1250000000.0,HIGH,-4.56,3.4,0.59,0.1,0.1397,True,0.48,False,-5.61,4.289,2.916,-2.431,-21.33,0.881,51.0,-14.16,42.0,-2.24,16.12,14504007.0,,,21.3,0.6217552533992583,0.5315203955500618,0.7144622991347342,0.430778739184178,0.173053152039555,0.5327564894932015,0.6328800988875154,0.5007,0.5194,0.4396
PTON,Peloton Interactive Inc,Consumer Cyclical,Leisure,43.82,14.66,122.18,0.13,-1.42,8.39,14.88,-16.46,8.8,2.55,-47.61,2.3,8600000.0,0.0,4.82,Aug 06/b,7.9,2120000000.0,HIGH,-9.72,-0.61,0.72,-5.06,0.1703,False,-2.54,False,-11.33,3.651,4.268,-2.7674,-26.89,1.228,38.0,-23.72,36.0,-10.63,4.92,46787379.0,,,60.6,0.511742892459827,0.377008652657602,0.6069221260815822,0.8139678615574784,0.3535228677379481,0.3411619283065513,0.4326328800988875,0.5007,0.4612,0.5051
MIR,Mirion Technologies Inc,Industrials,Specialty Industrial Machinery,177.32,23.43,-18.13,19.69,0.08,2.81,16.93,-10.42,-12.58,1.09,-48.34,1.27,3910000.0,0.0,15.64,Jul 28/a,24.27,3890000000.0,HIGH,8.26,-3.82,0.51,12.92,0.1608,False,-2.21,False,-0.8,4.047,2.245,-3.1328,-14.2,0.866,16.0,0.13,42.0,7.0,15.59,60459166.0,,,55.7,0.411619283065513,0.7317676143386898,0.6427688504326329,0.3967861557478368,0.09517923362175525,0.7255871446229913,0.9066749072929543,0.5006,0.5841,0.4073
INVX,Innovex International Inc,Energy,Oil & Gas Equipment & Services,32.48,15.51,62.24000000000001,9.21,-34.6,0.64,5.7,17.06,14.41,0.91,-14.71,1.4,689930.0,0.01,28.75,Aug 03/a,34.5,2009999999.9999998,HIGH,-5.35,4.28,0.38,-0.69,0.1349,False,-3.33,False,-1.43,3.782,3.123,-2.1274,-15.46,0.667,40.0,7.3,38.0,0.71,28.5,25878766.0,,,21.1,0.7082818294190358,0.688504326328801,0.7317676143386898,0.13473423980222496,0.04140914709517923,0.6971569839307787,0.5933250927070457,0.5003,0.4693,0.3954
TPC,Tutor Perini Corp,Industrials,Engineering & Construction,36.02,16.36,227.43,19.17,-32.47,8.27,4.09,1.67,9.32,2.05,-18.62,1.0,695280.0,0.04,83.25,Aug 05/a,117.0,4380000000.0,HIGH,-5.48,-2.38,0.51,-0.82,0.0851,False,-2.91,False,-4.58,3.348,1.989,-1.944,-17.92,0.402,36.0,-0.69,36.0,-0.69,83.97,38000497.0,,,39.3,0.7589616810877626,0.6353522867737948,0.9097651421508035,0.02781211372064277,0.09517923362175525,0.5710754017305315,0.588380716934487,0.4997,0.5368,0.3633
XXI,Twenty One Capital Inc,Consumer Defensive,Education & Training Services,19.57,,-1640.0199999999998,,0.0,-14.150000000000002,1.79,25.239999999999995,3.74,-1.23,-74.05,,1900000.0,0.31,6.65,-,,4330000000.0,HIGH,10.48,0.45,0.47,15.14,0.3338,True,10.69,True,22.48,5.985,3.916,-5.5929,-6.08,1.132,5.0,14.29,,,6.64,16325480.0,,,,0.08281829419035847,0.9394313967861557,0.18417799752781217,0.7360939431396786,0.06736711990111248,0.9814585908529048,0.9283065512978986,0.4986,0.4468,0.4669
ASAN,Asana Inc,Technology,Software - Application,,19.79,17.05,9.9,-0.4699999999999999,3.52,24.78,28.57,45.87,1.17,-41.86,2.71,6310000.0,0.01,9.0,Sep 03/a,10.08,2060000000.0,HIGH,-11.48,-5.45,0.58,-6.82,0.2447,False,-4.06,True,0.72,6.441,3.769,-4.91,-14.18,1.278,21.0,-4.45,15.0,2.38,9.02,83109789.0,,,11.8,0.13473423980222496,0.7330037082818294,0.3510506798516687,0.8417799752781211,0.16069221260815822,0.7682323856613102,0.35599505562422745,0.4982,0.2959,0.4764
PHR,Phreesia Inc,Healthcare,Health Information Services,60.09,15.57,189.62,10.41,30.06,-0.52,5.48,0.79,-12.879999999999999,0.83,-58.14,1.89,818770.0,0.0,10.15,Sep 02/a,14.07,630020000.0,HIGH,-16.46,1.2,1.0,-11.8,0.2937,False,-4.43,False,-8.43,3.525,2.759,-2.6671,-21.98,0.97,31.0,-17.21,16.0,-8.56,10.15,8010848.0,,,38.6,0.5587144622991347,0.5092707045735476,0.24227441285537699,0.5414091470951793,0.7033374536464772,0.43139678615574784,0.21137206427688504,0.4977,0.3682,0.5587
MBOT,Microbot Medical Inc,Healthcare,Medical Devices,,,12.619999999999997,,0.0,-19.52,11.59,-31.569999999999997,-46.46,1.03,-63.01,1.0,646760.0,0.42,1.28,Aug 18,6.33,85960000.0,HIGH,-13.51,-5.19,1.04,-8.85,0.1823,False,-9.83,False,-18.74,4.743,5.469,-2.0019,-36.63,1.028,34.0,-32.28,,,1.28,655254.0,,,394.5,0.7379480840543882,0.18912237330037082,0.5661310259579728,0.622991347342398,0.7280593325092707,0.13288009888751545,0.2941903584672435,0.4962,0.5059,0.5555
CECO,Ceco Environmental Corp,Industrials,Pollution & Treatment Controls,,23.32,-408.65,53.71,-1.06,55.28999999999999,3.81,-20.0,20.31,1.49,-27.399999999999995,1.0,845790.0,0.0,73.5,Aug 10/b,111.86,4300000000.0,HIGH,5.5,2.75,0.77,10.16,0.1778,True,0.92,True,0.54,5.585,2.844,-3.8195,-16.11,0.794,29.0,-7.65,34.0,4.43,73.5,53450082.0,,,52.2,0.24969097651421507,0.6761433868974042,0.5754017305315204,0.2799752781211372,0.4289245982694685,0.7639060568603214,0.8788627935723115,0.4957,0.6528,0.4306
REAL,Therealreal Inc,Consumer Cyclical,Luxury Goods,,36.83,-69.05,16.58,-3.0,-6.709999999999999,15.13,-29.07,1.05,2.8,-50.21,1.44,2970000.0,0.05,8.66,Aug 06/a,18.0,1050000000.0,HIGH,-19.21,-8.54,1.27,-14.55,0.1956,False,-8.94,False,-18.67,5.028,5.04,-2.6234,-36.11,1.072,36.0,-30.2,35.0,-28.21,8.83,24124586.0,,,103.9,0.5698393077873919,0.19901112484548825,0.515451174289246,0.6742892459826947,0.8782447466007417,0.13597033374536466,0.14956736711990112,0.4955,0.4779,0.5646
LXU,LSB Industries Inc,Basic Materials,Chemicals,19.63,13.55,-304.8,11.1,-22.11,1.54,6.87,-7.26,-38.9,0.43,-42.14,2.0,830060.0,0.0,9.96,Jul 29/a,13.5,717100000.0,HIGH,-4.81,-5.27,0.83,-0.15,0.1994,False,-9.94,False,-8.41,4.861,3.033,-2.7923,-20.18,0.894,13.0,-12.86,41.0,-10.42,9.89,8852009.0,,,36.5,0.5018541409147095,0.5611866501854141,0.5030902348578492,0.4542645241038319,0.5135970333745364,0.4326328800988875,0.622991347342398,0.4944,0.5542,0.4756
BTGO,BitGo Holdings Inc,Financial,Capital Markets,,62.42,-138.34,2201.89,-0.08,5.43,3.93,38.22,-4.85,,-70.21,1.31,1610000.0,0.13,7.3,Aug 12/a,10.63,857860000.0,HIGH,9.04,-4.83,0.6,13.7,0.258,True,0.63,True,19.04,8.973,11.898,-5.6814,-10.42,0.984,4.0,-4.83,31.0,49.9,7.48,17499766.0,,,42.1,0.0754017305315204,0.8393077873918418,0.3263288009888752,0.5661310259579728,0.18788627935723115,0.9715698393077874,0.9171817058096415,0.4944,0.5211,0.4502
FA,First Advantage Corp,Industrials,Specialty Business Services,136.93,13.16,5322.22,14.88,-11.79,5.84,13.18,9.27,77.58,1.1,-21.27,1.9,1930000.0,0.0,19.8,Aug 06/b,26.25,3400000000.0,HIGH,-6.84,-4.34,0.85,-2.18,0.1291,False,-5.57,False,-6.51,3.735,2.551,-2.482,-22.07,0.575,10.0,-7.63,36.0,-4.67,19.6,27561663.0,,,33.9,0.6056860321384425,0.5043263288009888,0.7546353522867738,0.06860321384425216,0.5352286773794809,0.496291718170581,0.5377008652657602,0.4941,0.602,0.4265
XRX,Xerox Holdings Corp,Industrials,Business Equipment & Supplies,,7.57,108.81999999999998,21.95,0.0,5.22,36.19,3.7900000000000005,135.0,2.49,-17.13,3.0,3110000.0,0.01,3.29,Jul 30/b,3.82,432020000.0,HIGH,8.5,-0.3,0.68,13.16,0.1747,False,-0.03,True,7.08,6.325,6.325,-3.7224,-12.17,0.641,9.0,0.3,41.0,25.76,3.32,9097867.0,,,15.1,0.2669962917181706,0.7948084054388134,0.5914709517923362,0.11372064276885044,0.29913473423980225,0.8974042027194067,0.9097651421508035,0.4939,0.6311,0.3943
KLIC,Kulicke & Soffa Industries Inc,Technology,Semiconductor Equipment & Materials,41.17,15.19,1822.12,122.63,-5.22,1.81,4.43,-30.56,38.62,1.58,-33.98,2.25,946490.0,0.03,89.66,Aug 05/a,106.67,4690000000.0,HIGH,12.53,8.44,0.64,17.19,0.2004,True,9.76,True,2.55,4.02,3.027,-3.1689,-31.73,1.141,1.0,3.06,36.0,0.57,91.18,61205305.0,,,17.0,0.39555006180469715,0.27441285537700866,0.4956736711990112,0.7428924598269468,0.23856613102595797,0.8145859085290482,0.9505562422744128,0.4936,0.6005,0.5479
SNDX,Syndax Pharmaceuticals Inc,Healthcare,Biotechnology,,,33.35,91.76,-1.28,10.78,25.46,-15.06,-21.24,0.42,-27.71,1.08,1710000.0,0.03,18.5,Aug 04/a,37.55,1650000000.0,HIGH,-6.86,0.72,0.74,-2.2,0.2422,False,-3.4,False,-7.51,4.517,3.214,-2.6456,-27.89,1.24,17.0,-9.45,37.0,-4.61,18.2,33670659.0,,,106.3,0.5648949320148331,0.3584672435105068,0.3609394313967862,0.823238566131026,0.3831891223733004,0.4647713226205192,0.5352286773794809,0.4926,0.4373,0.559
FRPT,Freshpet Inc,Consumer Defensive,Packaged Foods,15.26,32.68,19.15,15.45,-30.59,4.89,16.61,0.84,-1.5,1.76,-32.66,1.68,1300000.0,0.0,57.91,Aug 05/b,83.2,2780000000.0,HIGH,-18.23,-5.64,0.96,-13.57,0.2778,False,-10.46,False,-12.07,3.968,3.521,-1.3192,-24.92,0.843,24.0,-21.71,37.0,-7.17,57.91,70469138.0,,,43.7,0.9147095179233622,0.43325092707045737,0.27441285537700866,0.3584672435105068,0.6588380716934487,0.30902348578491967,0.17243510506798518,0.4915,0.3489,0.5603
KNF,Knife River Corp,Basic Materials,Building Materials,22.01,16.4,-13.23,12.57,0.0,-0.25,7.98,-37.17,-32.63,0.54,-43.88,2.0,805200.0,0.0,54.03,Aug 04/b,84.78,3070000000.0,HIGH,-15.04,-1.5,1.1,-10.38,0.2522,False,-5.6,False,-17.05,4.243,3.545,-2.6713,-36.44,1.539,,,38.0,-21.48,54.58,60915209.0,,,55.3,0.5550061804697157,0.1903584672435105,0.33498145859085293,0.9245982694684796,0.7744128553770087,0.16563658838071693,0.2527812113720643,0.4908,0.4339,0.6049
PGY,Pagaya Technologies Ltd,Technology,Software - Infrastructure,13.36,7.42,147.94,15.079999999999998,-0.72,-7.23,15.63,3.91,54.7,5.5,-51.35000000000001,1.0,3010000.0,0.13,17.28,Jul 30/b,29.25,1440000000.0,HIGH,-19.84,-15.69,1.4,-15.18,0.2633,False,-15.77,False,-13.11,7.036,7.469,-4.2699,-25.59,1.295,23.0,-19.25,41.0,8.83,17.62,49468089.0,,,66.0,0.1915945611866502,0.415327564894932,0.30902348578491967,0.8498145859085291,0.9091470951792336,0.26823238566131025,0.14091470951792337,0.4905,0.4218,0.5547
CTOS,Custom Truck One Source Inc,Industrials,Rental & Leasing Services,100.64,31.85,136.15,10.16,0.0,1.95,7.78,-20.85,43.62,1.43,-22.73,1.33,1050000.0,0.0,9.45,Aug 03/a,13.33,2150000000.0,HIGH,2.72,0.75,0.48,7.38,0.0961,True,2.86,False,-4.22,3.134,3.122,-2.3983,-22.73,0.792,38.0,-11.1,38.0,-11.1,9.45,9049795.0,,,41.1,0.6316440049443758,0.4857849196538937,0.8714462299134734,0.27750309023485786,0.07354758961681088,0.592707045735476,0.8399258343634116,0.4888,0.6195,0.3939
REI,Ring Energy Inc,Energy,Oil & Gas E&P,,5.66,173.32,26.729999999999997,1.2,19.56,3.24,27.27,-11.39,0.98,-30.0,1.67,4600000.0,0.02,1.4,Aug 05/a,2.08,364750000.0,HIGH,-6.21,-1.45,0.54,-1.55,0.1958,False,-6.98,False,-1.51,4.307,2.941,-2.4639,-13.92,0.764,9.0,-10.53,36.0,10.57,1.36,6039569.0,,,52.9,0.6143386897404203,0.7416563658838071,0.5142150803461063,0.2453646477132262,0.12237330037082818,0.6934487021013597,0.5667490729295427,0.4886,0.4177,0.4189
LINC,Lincoln Educational Services Corp,Consumer Defensive,Education & Training Services,30.89,21.74,24.55,22.4,-10.32,7.1,9.61,-54.98,-45.02,0.82,-60.13,1.0,862960.0,0.0,22.46,Aug 10/b,49.5,712460000.0,HIGH,-11.68,-10.8,1.65,-7.02,0.1232,False,-9.31,False,-27.48,5.279,9.706,-2.2868,-60.13,0.887,,,34.0,-27.01,22.46,19850242.0,,,120.4,0.6674907292954264,0.03955500618046971,0.7812113720642768,0.4419035846724351,0.9505562422744128,0.04449938195302843,0.34981458590852904,0.4875,0.6595,0.5261
ZVRA,Zevra Therapeutics Inc,Healthcare,Biotechnology,12.13,12.02,-89.97,53.25,-10.8,4.23,9.79,-19.73,22.77,0.97,-25.2,1.0,1200000.0,0.01,11.25,Aug 05/a,25.0,667830000.0,HIGH,-4.54,-5.4,0.76,0.12,0.1434,False,-6.92,False,-3.93,3.92,2.627,-2.0415,-26.57,0.604,14.0,-10.97,36.0,4.84,11.04,10589879.0,,,126.4,0.7243510506798516,0.3862793572311496,0.7033374536464772,0.0865265760197775,0.4122373300370828,0.6069221260815822,0.6341161928306551,0.4866,0.5883,0.4575
WERN,Werner Enterprises Inc,Industrials,Trucking,,14.58,-85.41,24.0,-0.08,6.49,8.48,-24.7,15.14,1.28,-30.659999999999997,2.62,1090000.0,0.0,32.93,Jul 28/a,43.2,1980000000.0,HIGH,-14.39,-6.08,1.15,-9.73,0.2269,False,-11.06,False,-14.45,4.126,4.165,-2.0249,-30.74,0.883,15.0,-14.57,42.0,-10.26,32.89,31646549.0,,,31.3,0.7292954264524104,0.2941903584672435,0.41656365883807167,0.43448702101359704,0.8195302843016069,0.22373300370828184,0.2719406674907293,0.4863,0.4796,0.5518
NWL,Newell Brands Inc,Consumer Defensive,Household & Personal Products,,7.92,125.42999999999999,3.05,-6.03,8.28,9.65,-10.4,59.709999999999994,0.86,-23.84,2.8,9610000.0,0.0,5.43,Jul 31/b,6.66,2310000000.0,HIGH,-11.99,-3.04,0.99,-7.33,0.1775,False,-7.05,False,-6.2,4.551,3.867,-2.7252,-23.84,0.656,14.0,-11.13,40.0,5.64,5.43,40063058.0,,,22.7,0.5278121137206427,0.4573547589616811,0.5772558714462299,0.1260815822002472,0.6903584672435105,0.511742892459827,0.3399258343634116,0.4818,0.5163,0.464
PTRN,Pattern Group Inc,Consumer Cyclical,Internet Retail,,21.69,62.529999999999994,46.58,-6.329999999999999,20.38,16.13,-32.31,42.55,1.09,-44.46,1.33,1950000.0,0.03,16.55,Aug 05/a,28.12,2940000000.0,HIGH,-19.6,-15.91,1.3,-14.94,0.1877,False,-13.9,False,-21.16,5.764,6.874,-2.7423,-42.89,1.107,,,36.0,-22.95,17.02,31610539.0,,,65.2,0.519159456118665,0.1211372064276885,0.5414091470951792,0.7101359703337453,0.8893695920889988,0.10754017305315204,0.1446229913473424,0.4815,0.4871,0.5566
TDW,Tidewater Inc,Energy,Oil & Gas Equipment & Services,16.95,13.66,-70.37,0.25,-1.9299999999999997,11.09,12.95,25.900000000000002,1.76,0.59,-17.45,2.27,671700.0,0.12,83.85,Aug 03/a,93.9,4170000000.0,HIGH,-8.51,-0.97,0.65,-3.85,0.1831,False,-6.6,False,-2.58,3.72,3.186,-2.7289,-16.58,0.741,17.0,-11.83,38.0,18.55,84.74,55439756.0,,,10.8,0.5253399258343634,0.6674907292954264,0.5624227441285538,0.21940667490729296,0.2521631644004944,0.657601977750309,0.48084054388133496,0.4807,0.4367,0.4136
BTBT,Bit Digital Inc,Financial,Capital Markets,,,-530.2,25.15,0.0,8.17,18.41,-7.19,29.659999999999997,3.86,-62.67,1.0,27950000.0,0.07,1.7,Aug 13/b,4.08,612530000.0,HIGH,23.08,-3.3,0.63,27.74,0.3929,True,9.86,True,16.59,6.81,7.955,-6.5717,-6.38,1.009,6.0,15.03,31.0,20.55,1.76,45934607.0,,,131.8,0.048207663782447466,0.927070457354759,0.12360939431396789,0.5976514215080346,0.22558714462299134,0.9604449938195303,0.9802224969097652,0.4804,0.4968,0.458
UPBD,Upbound Group Inc,Technology,Software - Application,10.45,3.48,39.24,0.51,-0.21,3.5699999999999994,14.24,-22.96,-11.07,1.77,-35.05,1.5,987010.0,0.01,16.07,Jul 30/b,28.25,936870000.0,HIGH,-16.29,-4.74,0.89,-11.63,0.2261,False,-9.52,False,-15.91,3.356,2.424,-1.9366,-30.35,1.025,52.0,-23.67,41.0,-20.03,16.09,15525423.0,,,75.6,0.761433868974042,0.3016069221260816,0.42027194066749074,0.6180469715698393,0.5877626699629172,0.19097651421508036,0.21755253399258342,0.48,0.3894,0.5396
LRMR,Larimar Therapeutics Inc,Healthcare,Biotechnology,,,23.18,,0.09,6.04,28.9,-3.44,-33.12,0.67,-51.86999999999999,1.09,1740000.0,0.02,3.09,Aug 04/b,14.4,321000000.0,HIGH,-23.32,-19.71,2.29,-18.66,0.236,False,-19.22,False,-22.28,8.014,10.407,-4.3932,-31.13,1.743,33.0,-23.32,38.0,-22.74,3.08,4924090.0,,,367.5,0.17552533992583436,0.2830655129789864,0.3893695920889988,0.9505562422744128,0.9839307787391842,0.09641532756489493,0.09641532756489493,0.4798,0.4506,0.5516
MLYS,Mineralys Therapeutics Inc,Healthcare,Biotechnology,,,-330.32,,-0.51,12.11,15.14,-3.7900000000000005,9.21,0.68,-45.73,1.22,1080000.0,0.0,25.86,Aug 11/a,48.5,2290000000.0,HIGH,1.02,-8.65,0.85,5.68,0.2266,False,-7.63,False,-4.62,6.526,5.762,-4.9388,-19.16,1.03,14.0,-8.33,32.0,-4.4,25.86,39937055.0,,,87.5,0.13102595797280595,0.5939431396786156,0.41841779975278126,0.6254635352286774,0.5352286773794809,0.5686032138442522,0.8158220024721878,0.4788,0.6124,0.4651
OPK,Opko Health Inc,Healthcare,Diagnostics & Research,,,94.11,4.32,0.0,0.55,9.38,5.96,42.86,1.52,-8.57,1.67,3540000.0,0.01,1.6,Jul 27/a,4.38,1190000000.0,HIGH,10.81,-2.96,0.51,15.47,0.1903,True,2.4,True,12.59,4.051,2.439,-3.6839,-6.29,0.626,4.0,-2.96,43.0,32.26,1.64,4814213.0,,,167.1,0.27441285537700866,0.9326328800988876,0.5327564894932015,0.09765142150803462,0.09517923362175525,0.9369592088998764,0.9369592088998764,0.4783,0.5632,0.3511
SEZL,Sezzle Inc,Financial,Credit Services,24.02,16.54,51.019999999999996,51.65,-1.0,8.93,25.11,-35.3,79.34,6.7,-43.57,1.86,643260.0,0.02,110.44,Aug 06/a,168.0,3720000000.0,HIGH,-10.26,-4.44,0.94,-5.6,0.161,False,-4.77,False,-16.34,4.703,4.628,-2.9003,-43.09,1.218,52.0,-38.93,35.0,-5.63,111.38,57816830.0,,REVIEW,50.8,0.48331273176761436,0.11866501854140915,0.6409147095179233,0.8071693448702101,0.6409147095179234,0.17552533992583436,0.4122373300370828,0.4778,0.5494,0.5267
OCUL,Ocular Therapeutix Inc,Healthcare,Biotechnology,,,10.89,0.12,-0.39,-0.2,14.91,-3.04,27.140000000000004,0.96,-41.61,1.08,2450000.0,0.01,9.6,Aug 03/b,27.17,2109999999.9999998,HIGH,-6.85,-3.4,0.73,-2.19,0.1855,False,-7.4,False,-2.41,6.014,2.746,-3.5427,-17.8,0.841,29.0,-3.88,39.0,18.12,9.65,23142394.0,,,181.6,0.2941903584672435,0.6365883807169345,0.5488257107540173,0.3553770086526576,0.3658838071693449,0.6637824474660075,0.5364647713226205,0.4774,0.489,0.4198
VVV,Valvoline Inc,Consumer Cyclical,Auto & Truck Dealerships,36.65,14.55,13.98,24.05,2.27,-1.63,10.29,-27.08,-13.459999999999999,1.04,-29.600000000000005,1.56,2290000.0,0.01,28.92,Aug 05/b,43.69,3690000000.0,HIGH,-9.93,8.64,0.89,-5.27,0.2597,False,-2.65,False,-13.92,3.569,2.631,-2.8245,-29.6,1.447,51.0,-26.56,37.0,-21.8,28.92,77375596.0,,,51.1,0.49443757725587145,0.30902348578491967,0.32014833127317677,0.9048207663782447,0.5877626699629172,0.24165636588380718,0.4264524103831891,0.4763,0.443,0.5572
AEO,American Eagle Outfitters Inc,Consumer Cyclical,Apparel Retail,8.26,8.4,74.24,7.53,-0.15,-0.37,10.85,-5.5,0.01,1.27,-43.32,2.88,5490000.0,0.0,16.13,Sep 09/a,18.36,2700000000.0,HIGH,-1.72,7.24,0.58,2.94,0.2307,True,3.7,False,-0.7,4.412,3.498,-3.8098,-10.18,0.894,34.0,-7.74,12.0,14.11,16.58,122382897.0,,,10.7,0.25092707045735474,0.8529048207663782,0.40296662546353523,0.4542645241038319,0.16069221260815822,0.73053152039555,0.7342398022249691,0.4754,0.4628,0.3991
DOCS,Doximity Inc,Healthcare,Health Information Services,31.19,16.92,-52.019999999999996,7.339999999999999,-0.06,0.98,10.09,27.73,11.02,1.23,-65.63,2.48,4550000.0,0.0,26.3,Aug 06/a,30.68,4690000000.0,HIGH,-1.42,-1.83,0.74,3.24,0.122,True,1.04,True,7.84,3.883,3.416,-2.7889,-34.12,0.494,35.0,27.54,35.0,27.54,26.35,70675082.0,,,16.4,0.5043263288009888,0.226823238566131,0.7898640296662547,0.0407911001236094,0.3831891223733004,0.9048207663782447,0.745982694684796,0.475,0.6503,0.4583
OSTX,OS Therapies Inc,Healthcare,Biotechnology,,,-8.86,,0.0,0.01,4.83,-24.8,19.46,-0.67,-25.14,1.0,632950.0,0.14,1.68,Aug 14/b,8.5,78840000.0,HIGH,1.22,-4.6,0.23,5.88,0.1759,False,-4.87,True,1.39,7.552,2.41,-3.7221,-17.62,0.963,17.0,0.0,30.0,3.75,1.66,1317661.0,,,412.0,0.26823238566131025,0.6477132262051916,0.5846724351050681,0.5302843016069221,0.022249690976514216,0.7911001236093943,0.8195302843016069,0.474,0.5099,0.403
HRI,Herc Holdings Inc,Industrials,Rental & Leasing Services,92.2,12.31,148.62,20.16,0.43,0.56,7.44,-10.51,29.12,2.03,-28.13,1.85,613500.0,0.0,135.36,Jul 28/b,191.64,4530000000.0,HIGH,-10.12,-3.82,0.66,-5.46,0.1427,False,-4.0,False,-11.39,5.554,6.937,-3.1198,-23.09,1.038,30.0,-19.77,43.0,-8.69,135.36,124259857.0,,,41.6,0.4221260815822003,0.47342398022249693,0.7058096415327565,0.6378244746600742,0.2657601977750309,0.3368355995055624,0.41903584672435107,0.4736,0.4591,0.4156
GOLD,Gold.com Inc,Financial,Capital Markets,14.56,9.31,-2.15,99.24,5.45,2.49,17.68,5.71,10.24,0.71,-34.85,1.0,539420.0,0.17,42.55,Sep 02/a,64.4,1240000000.0,HIGH,-3.51,0.34,0.46,1.15,0.1778,False,-3.37,True,0.26,5.042,1.797,-4.0808,-12.26,0.884,14.0,-4.73,16.0,5.95,43.95,34896083.0,,,46.5,0.2200247218788628,0.792336217552534,0.5754017305315204,0.4369592088998764,0.06180469715698393,0.7533992583436341,0.6656365883807169,0.4733,0.4574,0.368
AGEN,Agenus Inc,Healthcare,Biotechnology,3.21,,98.53,34.36,0.0,17.96,17.05,170.47,151.32,1.36,-3.73,1.0,4230000.0,0.08,8.52,Aug 06/b,26.33,384770000.0,HIGH,11.49,2.52,0.74,16.15,0.3163,True,10.2,True,16.34,5.838,3.279,-4.2272,-3.5,0.638,4.0,2.52,36.0,14.02,8.54,7008954.0,,,208.3,0.20148331273176762,0.9802224969097652,0.20457354758961677,0.11063040791100123,0.3831891223733004,0.957972805933251,0.9431396786155748,0.473,0.5536,0.4133
KURA,Kura Oncology Inc,Healthcare,Biotechnology,,,-1.87,36.54,1.7399999999999998,3.11,17.15,-2.19,38.63,0.45,-22.81,1.2,1860000.0,0.02,10.73,Aug 12/a,32.0,954550000.0,HIGH,-15.01,-7.24,0.67,-10.35,0.2662,False,-9.88,False,-3.7,5.027,1.952,-2.6858,-22.59,1.005,23.0,-13.23,31.0,8.25,10.76,21657283.0,,,197.4,0.5500618046971569,0.4894932014833127,0.30160692212608153,0.592707045735476,0.28182941903584674,0.6205191594561187,0.2558714462299135,0.4727,0.2774,0.5113
NABL,N-able Inc,Technology,Information Technology Services,,9.16,143.66,5.31,0.0,1.8799999999999997,7.6,7.32,-13.91,0.47,-54.669999999999995,2.57,2590000.0,0.0,3.96,Aug 10/b,4.68,748060000.0,HIGH,-4.53,2.04,0.58,0.13,0.1192,True,0.58,False,-1.24,5.938,2.875,-3.957,-23.81,0.91,39.0,-14.53,34.0,24.61,4.0,13519786.0,,,17.0,0.2373300370828183,0.45859085290482077,0.7966625463535228,0.47342398022249693,0.16069221260815822,0.7082818294190358,0.6365883807169345,0.4725,0.5418,0.3949
SMRT,SmartRent Inc,Technology,Software - Application,,,49.04,4.01,3.4099999999999997,1.26,5.0,-4.1,-20.95,1.64,-46.82,3.0,1710000.0,0.0,1.17,Aug 05/b,1.45,224190000.0,HIGH,-11.19,2.59,0.99,-6.53,0.2586,False,-2.98,False,-2.77,4.148,2.521,-2.5847,-21.71,0.558,30.0,-17.36,37.0,13.33,1.19,967539.0,,,21.8,0.5871446229913473,0.519159456118665,0.32385661310259584,0.06180469715698393,0.6903584672435105,0.6526576019777504,0.3658838071693449,0.4725,0.4506,0.498
EYE,National Vision Holdings Inc,Consumer Cyclical,Specialty Retail,26.71,13.68,41.28,2.55,2.22,3.3000000000000003,20.42,-12.35,-39.74,0.98,-44.94,1.58,2150000.0,0.0,16.53,Aug 12/b,28.18,1310000000.0,HIGH,-4.89,0.49,0.56,-0.23,0.0954,False,-1.61,False,-12.74,4.771,2.42,-2.7197,-30.84,1.11,39.0,-25.0,32.0,-15.27,16.53,40127894.0,,,70.5,0.5302843016069221,0.2892459826946848,0.872682323856613,0.7132262051915945,0.1446229913473424,0.27750309023485786,0.6161928306551298,0.4713,0.5517,0.4164
AMTX,Aemetis Inc,Basic Materials,Specialty Chemicals,,,67.43,20.02,-0.2,9.28,13.72,9.1,-44.13,1.81,-51.47999999999999,1.0,1040000.0,0.04,1.84,Aug 06/b,13.25,133060000.0,HIGH,-3.76,-14.35,0.68,0.9,0.2412,False,-6.29,True,0.27,8.34,5.307,-5.5774,-19.37,1.129,6.0,-4.79,36.0,15.48,1.79,1668090.0,,,640.2,0.08529048207663782,0.5834363411619283,0.3720642768850433,0.7311495673671199,0.29913473423980225,0.7552533992583437,0.657601977750309,0.4711,0.4644,0.4677
CURI,CuriosityStream Inc,Communication Services,Broadcasting,,12.48,977.94,22.26,0.73,-0.22999999999999998,6.09,14.87,8.42,1.76,-43.92,1.0,1050000.0,0.01,3.09,Aug 12/a,5.38,183360000.0,HIGH,18.77,9.15,0.9,23.43,0.2015,True,10.72,True,12.63,3.689,2.903,-3.2685,-28.07,0.567,2.0,7.64,31.0,10.71,3.1,2285640.0,,,73.5,0.37082818294190356,0.3535228677379481,0.4919653893695921,0.06427688504326329,0.5976514215080346,0.9381953028430161,0.9703337453646477,0.4694,0.715,0.4927
PRG,PROG Holdings Inc,Industrials,Rental & Leasing Services,9.06,5.89,-4.19,19.03,-0.27,3.25,7.13,-29.13,12.61,1.76,-31.53,1.43,604690.0,0.0,32.68,Jul 29/b,53.43,1300000000.0,HIGH,-16.42,-6.25,0.74,-11.76,0.2396,False,-10.24,False,-18.7,3.792,1.836,-1.9458,-31.53,1.381,51.0,-29.74,42.0,-23.61,32.68,23627560.0,,,63.5,0.7564894932014833,0.27812113720642767,0.37453646477132263,0.8838071693448702,0.3831891223733004,0.13473423980222496,0.2126081582200247,0.4685,0.3124,0.5396
IRON,Disc Medicine Inc,Healthcare,Biotechnology,,,2.44,,-2.38,1.6500000000000001,25.6,-11.41,9.84,0.91,-33.67,1.0,515000.0,0.0,66.0,Jul 30/b,103.17,2530000000.0,HIGH,-18.48,-4.75,0.75,-13.82,0.3001,False,-10.12,False,-14.07,4.723,3.525,-1.9123,-21.99,1.061,23.0,-19.4,41.0,-11.44,65.24,41114925.0,,,58.1,0.7688504326328801,0.5080346106304079,0.23362175525339923,0.6662546353522868,0.39864029666254636,0.23485784919653893,0.1668726823238566,0.4684,0.2564,0.5172
HE,Hawaiian Electric Industries Inc,Utilities,Utilities - Regulated Electric,7.03,9.53,370.68,25.900000000000002,0.0,2.41,10.92,-32.94,-37.97,0.49,-47.63,3.75,2200000.0,0.01,9.1,Aug 07/a,9.08,1570000000.0,HIGH,-20.18,-4.91,0.87,-15.52,0.28,False,-11.77,False,-21.35,3.336,2.198,-1.6499,-35.73,1.248,51.0,-32.59,34.0,-22.09,9.1,29909561.0,,,-0.2,0.8380716934487021,0.20642768850432633,0.2707045735475896,0.8281829419035847,0.5624227441285538,0.103831891223733,0.13102595797280595,0.4683,0.3023,0.5831
HIVE,HIVE Digital Technologies Ltd,Financial,Capital Markets,,,-395.54,73.47,-20.85,13.56,20.01,-17.28,70.89,3.78,-60.33,1.22,19250000.0,0.07,3.11,Aug 14/a,7.0,853070000.0,HIGH,13.67,-9.2,1.1,18.33,0.3293,True,2.76,True,6.54,5.719,7.595,-5.1165,-14.13,0.634,6.0,1.61,29.0,17.47,3.16,41537871.0,,,121.5,0.11124845488257108,0.7354758961681088,0.1897404202719407,0.10568603213844252,0.7744128553770087,0.8850432632880099,0.957972805933251,0.4669,0.6724,0.4691
FG,F&G Annuities & Life Inc,Financial,Insurance - Life,7.72,4.53,-338.55,2.02,0.0,1.6500000000000001,3.13,-18.65,-9.27,1.25,-37.85,2.67,642040.0,0.0,21.96,Aug 05/a,27.0,2870000000.0,HIGH,-7.79,-3.24,0.83,-3.13,0.1591,False,-5.22,False,-14.29,3.51,2.712,-1.938,-33.89,0.876,52.0,-26.9,36.0,-24.19,22.12,16122892.0,,,22.1,0.7601977750309024,0.2323856613102596,0.6470951792336217,0.41903584672435107,0.5135970333745364,0.22867737948084055,0.5030902348578492,0.4668,0.5494,0.4804
AGNT,AGNT Inc,Real Estate,Real Estate Services,,64.06,-10.2,10.75,-11.5,3.15,14.78,-34.71,-39.4,2.06,-70.31,2.33,1540000.0,0.0,3.63,Aug 04/a,5.38,606640000.0,HIGH,-14.39,-5.71,0.93,-9.73,0.1968,False,-6.58,False,-11.95,6.139,6.887,-3.5858,-33.39,1.232,27.0,-17.31,37.0,-10.37,3.63,7139684.0,,,48.2,0.2904820766378245,0.242274412855377,0.5098887515451174,0.8158220024721878,0.6310259579728059,0.311495673671199,0.2719406674907293,0.4668,0.4511,0.5122
RVLV,Revolve Group Inc,Consumer Cyclical,Internet Retail,20.69,18.77,82.45,12.44,-1.32,-2.97,10.47,-11.71,-4.9,1.7,-34.2,1.86,855560.0,0.0,20.84,Aug 04/a,30.85,1480000000.0,HIGH,-7.46,0.24,0.67,-2.8,0.1503,True,0.5,False,-8.59,4.058,3.561,-2.6452,-22.46,0.843,43.0,-17.64,37.0,-16.21,21.2,18749175.0,,,45.5,0.5661310259579728,0.4932014833127318,0.6749072929542645,0.3584672435105068,0.28182941903584674,0.4252163164400494,0.5142150803461063,0.4666,0.4927,0.4079
NRXP,NRX Pharmaceuticals Inc,Healthcare,Biotechnology,,,55.24,,0.0,13.449999999999998,25.55,-25.239999999999995,36.54,2.06,-40.84,1.0,892910.0,0.32,2.99,Aug 17/b,34.67,129470000.0,HIGH,-15.63,-8.97,1.26,-10.97,0.1756,False,-10.91,False,-13.62,5.366,5.676,-1.9199,-35.45,0.638,23.0,-13.19,29.0,-8.41,2.99,2099132.0,,,1059.5,0.765142150803461,0.21137206427688504,0.5871446229913473,0.11063040791100123,0.8702101359703337,0.25339925834363414,0.2360939431396786,0.4663,0.5316,0.4998
DAKT,Daktronics Inc,Technology,Electronic Components,17.3,11.53,19.96,7.12,-0.18,0.38,4.7,-12.85,-14.469999999999999,1.67,-39.79,1.0,607960.0,0.0,17.02,Sep 02/b,32.0,818540000.0,HIGH,-11.81,-3.62,0.75,-7.15,0.2003,False,-7.32,False,-12.1,3.605,3.173,-1.8237,-23.71,0.826,39.0,-13.91,17.0,-11.03,17.02,14812430.0,,,88.0,0.799752781211372,0.4610630407911001,0.49752781211372066,0.33127317676143386,0.39864029666254636,0.30778739184178,0.34487021013597036,0.466,0.4068,0.4594
SYNA,Synaptics Inc,Technology,Semiconductors,,15.44,-9367.08,8.91,-12.24,-1.8000000000000003,6.57,-13.459999999999999,47.84,1.97,-31.879999999999995,2.46,911140.0,0.04,101.58,Aug 06/a,131.25,4030000000.0000005,HIGH,8.04,7.72,0.77,12.7,0.1302,True,7.04,True,0.38,4.805,5.627,-3.7695,-24.35,0.674,1.0,6.09,35.0,0.61,102.72,61559278.0,,,27.8,0.2583436341161928,0.446229913473424,0.7484548825710754,0.14400494437577255,0.4289245982694685,0.7601977750309024,0.9011124845488258,0.4644,0.7137,0.3979
BBAI,BigBear.ai Holdings Inc,Technology,Information Technology Services,,,92.47,13.170000000000002,-0.43,-0.08,31.69,-23.06,-11.78,3.25,-70.5,2.33,21260000.0,0.05,2.77,Jul 30/a,4.33,1330000000.0,HIGH,-8.2,-3.45,0.71,-3.54,0.1307,False,-2.98,False,-5.76,4.321,3.214,-2.5142,-24.93,0.673,31.0,-14.11,40.0,0.36,2.8,43708740.0,,,54.6,0.5995055624227441,0.430778739184178,0.7453646477132262,0.14215080346106304,0.3411619283065513,0.5253399258343634,0.48763906056860323,0.4641,0.521,0.402
PRGS,Progress Software Corp,Technology,Software - Infrastructure,18.83,5.96,29.14,6.79,-3.4799999999999995,5.59,11.68,15.2,40.89,0.87,-17.71,1.33,642060.0,0.08,38.98,Sep 30/a,56.2,1600000000.0,HIGH,-12.11,-2.65,0.69,-7.45,0.1954,False,-6.65,False,-6.31,4.623,3.711,-2.9835,-15.14,0.795,19.0,-12.11,,,39.34,23124052.0,,,42.9,0.4672435105067985,0.6971569839307787,0.5166872682323856,0.2843016069221261,0.31334981458590855,0.5049443757725587,0.33065512978986406,0.4639,0.3813,0.3925
LMND,Lemonade Inc,Financial,Insurance - Property & Casualty,,,5.69,104.93999999999998,-1.26,2.47,15.82,-28.300000000000004,-26.56,1.86,-55.38000000000001,2.83,1340000.0,0.05,44.58,Jul 29/b,59.22,3450000000.0,HIGH,-15.16,-6.12,1.09,-10.5,0.2361,False,-9.33,False,-15.07,4.755,3.261,-2.6886,-44.69,1.157,16.0,-15.45,42.0,-5.17,44.93,51035928.0,,,31.8,0.546353522867738,0.1100123609394314,0.38813349814585907,0.7583436341161929,0.7632880098887516,0.21508034610630408,0.24598269468479605,0.4635,0.4438,0.5708
UPST,Upstart Holdings Inc,Financial,Credit Services,42.86,12.17,185.5,41.75,0.52,0.64,33.22,-32.8,-4.97,2.41,-59.38,2.17,4300000.0,0.22,23.54,Aug 04/a,39.24,2290000000.0,HIGH,-18.12,-6.92,1.04,-13.46,0.2443,False,-9.1,False,-15.11,4.519,4.486,-2.7377,-35.42,1.151,,,37.0,-21.16,23.81,114781438.0,,REVIEW,64.8,0.5216316440049443,0.2126081582200247,0.35228677379480844,0.7533992583436341,0.7280593325092707,0.21137206427688504,0.17428924598269468,0.4632,0.3938,0.5536
ACAD,Acadia Pharmaceuticals Inc,Healthcare,Biotechnology,9.4,22.53,15.24,16.4,-2.2,1.37,5.69,-17.21,0.55,0.86,-32.61,1.65,1800000.0,0.06,20.86,Aug 04/a,32.16,3600000000.0,HIGH,-28.96,-21.67,1.74,-24.3,0.3159,False,-23.44,False,-24.67,5.136,7.737,-3.3419,-33.2,1.631,23.0,-30.25,37.0,-23.83,20.68,50247954.0,,,55.5,0.3510506798516687,0.2466007416563659,0.20642768850432636,0.9381953028430161,0.9666254635352287,0.069221260815822,0.04326328800988875,0.463,0.3692,0.5813
PRME,Prime Medicine Inc,Healthcare,Biotechnology,,,41.64,3.5000000000000004,0.0,6.25,33.69,-21.91,-14.06,2.37,-58.14,1.43,3340000.0,0.23,2.9,Aug 06/b,7.11,526860000.0,HIGH,-19.67,-9.09,2.25,-15.01,0.3153,False,-13.13,False,-10.21,9.692,19.483,-4.6178,-39.9,1.427,23.0,-10.77,36.0,-1.69,2.9,10319963.0,,,145.2,0.15451174289245984,0.14956736711990112,0.20766378244746597,0.9011124845488258,0.9826946847960445,0.37824474660074164,0.1433868974042027,0.4623,0.4145,0.6041
COTY,Coty Inc,Consumer Defensive,Household & Personal Products,,10.52,-98.19,1.34,0.0,4.3,12.92,32.65,30.0,0.89,-41.83,3.19,9270000.0,0.0,2.6,Aug 19/a,2.66,2290000000.0,HIGH,-7.02,5.58,0.74,-2.36,0.216,False,-1.98,False,-3.12,4.259,3.019,-3.0123,-14.24,0.637,27.0,-3.28,26.0,-3.64,2.65,14256769.0,,,0.4,0.45982694684796044,0.7280593325092707,0.44993819530284307,0.10877626699629171,0.3831891223733004,0.6409147095179234,0.5265760197775031,0.4618,0.4606,0.3982
TARA,Protara Therapeutics Inc,Healthcare,Biotechnology,,,-0.37,,-3.35,4.26,8.46,-20.39,-36.8,1.44,-58.06,1.0,639580.0,0.0,3.28,Aug 11/b,25.71,193830000.0,HIGH,-14.14,-6.55,0.63,-9.48,0.2142,False,-12.12,False,-15.56,6.309,6.402,-2.7005,-26.95,1.981,55.0,-21.9,33.0,-16.11,3.28,3217058.0,,,683.8,0.5414091470951793,0.37453646477132263,0.453646477132262,0.969097651421508,0.22558714462299134,0.20519159456118666,0.2799752781211372,0.4616,0.3158,0.4853
ASTH,Astrana Health Inc,Healthcare,Medical Care Facilities,44.47,18.52,108.13999999999999,48.52,0.0,5.48,8.34,-19.06,50.67,1.03,-29.37,1.36,547700.0,0.0,36.45,Aug 06/a,51.67,1810000000.0,HIGH,-4.19,8.41,0.81,0.47,0.2034,False,-1.68,False,-4.07,5.532,6.324,-3.125,-29.52,0.907,,,35.0,6.56,36.37,15048518.0,,,42.1,0.415327564894932,0.31025957972805934,0.48825710754017304,0.46971569839307786,0.48393077873918416,0.6007416563658838,0.6440049443757726,0.4614,0.5493,0.4924
CMCO,Columbus Mckinnon Corp,Industrials,Farm & Heavy Construction Machinery,,6.35,-2991.84,125.27,1.15,-8.71,8.15,16.52,19.33,1.42,-31.19,1.5,566400.0,0.02,16.79,Jul 30/b,26.0,484640000.0,HIGH,-6.5,8.37,1.22,-1.84,0.2333,False,-1.11,False,-4.43,5.174,4.753,-3.349,-24.5,0.674,38.0,-16.35,41.0,15.12,16.83,7203221.0,,,54.5,0.34857849196538937,0.4419035846724351,0.3943139678615575,0.14400494437577255,0.8529048207663782,0.5840543881334982,0.553770086526576,0.461,0.5957,0.4824
GEVO,Gevo Inc,Basic Materials,Specialty Chemicals,,,-8302.2,7.109999999999999,-8.63,1.95,10.28,-3.4000000000000004,-43.65,1.12,-52.190000000000005,1.8,3200000.0,0.02,1.42,Aug 06/a,5.34,351070000.0,HIGH,-16.17,-9.09,0.86,-11.51,0.2137,False,-11.17,False,-11.66,5.204,3.571,-2.8078,-24.73,0.935,17.0,-14.63,35.0,-2.78,1.4,4358895.0,,,281.4,0.4956736711990111,0.4388133498145859,0.45611866501854137,0.5006180469715699,0.5482076637824475,0.3263288009888752,0.2218788627935723,0.461,0.39,0.4677
IMMX,Immix Biopharma Inc,Healthcare,Biotechnology,,,17.97,,0.0,77.94,16.34,6.77,37.42,0.21,-25.83,1.0,1740000.0,0.01,11.2,Sep 02,23.86,801240000.0,HIGH,-21.31,-12.03,1.28,-16.65,0.2864,False,-14.12,False,-4.53,7.823,10.665,-3.4941,-27.35,0.852,23.0,-19.4,,,10.97,18193831.0,,,117.5,0.30716934487021014,0.3683559950556242,0.25710754017305315,0.3695920889987639,0.8831891223733004,0.5735475896168108,0.11248454882571075,0.4598,0.3871,0.5334
NCNO,Ncino Inc,Technology,Software - Application,64.37,12.37,136.4,8.19,-3.2199999999999998,-1.42,19.56,22.91,38.62,0.79,-31.430000000000003,1.76,2750000.0,0.0,19.42,Aug 25/a,24.08,2049999999.9999998,HIGH,-15.57,-4.99,0.53,-10.91,0.2373,False,-9.95,False,-3.79,4.519,3.838,-2.4416,-19.43,0.89,16.0,-15.46,22.0,-6.73,19.41,50230648.0,,,24.1,0.619283065512979,0.5797280593325093,0.38442521631644,0.44746600741656367,0.11310259579728059,0.6143386897404203,0.23980222496909764,0.4597,0.2452,0.4485
OLMA,Olema Pharmaceuticals Inc,Healthcare,Biotechnology,,,-18.14,,-0.15,0.19,22.86,-28.660000000000004,-36.33,1.99,-76.0,1.17,1200000.0,0.01,8.7,Aug 10/a,36.5,761500000.0,HIGH,-14.8,-9.14,1.14,-10.14,0.2623,False,-13.04,False,-18.74,6.857,5.371,-3.2519,-33.16,1.339,35.0,-25.85,33.0,-16.11,8.75,12064024.0,,,317.1,0.37824474660074164,0.24969097651421507,0.31273176761433874,0.869592088998764,0.811495673671199,0.13288009888751545,0.26081582200247216,0.4591,0.4416,0.5481
HPP,Hudson Pacific Properties Inc,Real Estate,REIT - Office,,,43.53,0.31,2.88,7.9,12.71,-18.61,124.11000000000001,1.99,-37.42,2.42,716680.0,0.01,12.55,Aug 05/b,16.82,696250000.0,HIGH,-11.34,-4.98,1.12,-6.68,0.1807,False,-3.8,False,-13.38,5.187,2.918,-2.725,-32.27,0.827,,,37.0,-16.67,11.65,7643907.0,,,44.4,0.5290482076637825,0.2657601977750309,0.5710754017305315,0.33436341161928307,0.7898640296662547,0.2595797280593325,0.3584672435105068,0.4583,0.5517,0.4782
EBS,Emergent Biosolutions Inc,Healthcare,Drug Manufacturers - Specialty & Generic,,6.43,-1477.33,66.29,-2.19,2.78,20.3,-20.45,-15.130000000000003,2.3,-52.129999999999995,2.33,1130000.0,0.0,6.73,Aug 05/a,11.0,345070000.0,HIGH,14.89,3.66,0.53,19.55,0.2316,True,6.29,True,9.01,5.06,2.651,-3.3835,-20.4,0.878,8.0,6.76,36.0,27.87,6.79,7616464.0,,,62.0,0.33868974042027195,0.553770086526576,0.4004944375772559,0.4245982694684796,0.11310259579728059,0.9159456118665018,0.9604449938195303,0.4578,0.5383,0.4481
CLPT,ClearPoint Neuro Inc,Healthcare,Medical Devices,,,-81.9,18.07,-3.06,1.6500000000000001,15.99,-23.83,63.18,1.27,-50.83,1.0,601750.0,0.07,14.8,Aug 03/a,23.5,451460000.0,HIGH,-4.63,6.16,0.55,0.03,0.2089,True,4.15,True,1.17,4.898,5.125,-3.7808,-23.6,1.033,23.0,-2.24,38.0,15.14,14.83,8395670.0,,,58.5,0.2558714462299135,0.46600741656365885,0.47095179233621753,0.6291718170580964,0.1334981458590853,0.7873918417799752,0.6291718170580964,0.4571,0.433,0.4515
AVTX,Avalo Therapeutics Inc,Healthcare,Biotechnology,,,56.50999999999999,,-6.64,118.19,26.9,-15.0,10.9,0.67,-36.26,1.0,1130000.0,0.0,15.47,Aug 06/b,44.91,829660000.0,HIGH,-21.03,-4.33,1.25,-16.37,0.3605,False,-11.07,False,-16.31,7.131,5.236,-3.3177,-26.4,1.206,27.0,-21.51,36.0,-17.27,15.47,19530255.0,,,190.3,0.35970333745364647,0.3936959208899876,0.1532756489493201,0.7972805933250927,0.8621755253399258,0.17676143386897405,0.1161928306551298,0.4571,0.3511,0.549
FND,Floor & Decor Holdings Inc,Consumer Cyclical,Home Improvement Retail,21.91,21.35,52.04,2.97,-6.23,0.03,12.45,-19.8,-6.6000000000000005,1.59,-39.64,2.72,2460000.0,0.0,46.95,Jul 30/a,58.58,5000000000.0,HIGH,-11.21,-0.4,0.63,-6.55,0.1392,False,-2.0,False,-11.6,4.051,3.241,-2.7715,-25.6,0.974,38.0,-17.55,40.0,-14.9,47.06,122696790.0,,,24.5,0.5092707045735476,0.4134734239802225,0.715698393077874,0.5475896168108776,0.22558714462299134,0.3288009888751545,0.3646477132262052,0.4567,0.4282,0.4028
BCAX,Bicara Therapeutics Inc,Healthcare,Biotechnology,,,-62.5,,-0.89,3.72,25.72,-35.28,3.38,-0.78,-38.72,1.29,706560.0,0.0,18.99,Aug 11/b,33.92,1260000000.0,HIGH,-18.01,-12.72,1.09,-13.35,0.2266,False,-14.75,False,-21.88,6.521,3.748,-3.1198,-38.01,1.312,,,33.0,-19.15,19.21,13558514.0,,,76.6,0.4221260815822003,0.16934487021013597,0.41841779975278126,0.8590852904820766,0.7632880098887516,0.09888751545117429,0.17552533992583436,0.4552,0.4247,0.5358
ARVN,Arvinas Inc,Healthcare,Biotechnology,47.38,,407.54,1014.7299999999999,-0.79,1.14,8.51,-8.32,-24.75,1.8,-47.62,2.31,822870.0,0.07,7.6,Aug 04/b,13.93,496930000.0,HIGH,-17.32,-8.55,0.82,-12.66,0.2703,False,-11.94,False,-12.52,4.724,3.557,-2.5277,-22.07,0.973,29.0,-15.38,38.0,-5.83,7.59,7339027.0,,,83.5,0.5982694684796045,0.5043263288009888,0.29048207663782444,0.5451174289245982,0.49814585908529047,0.292336217552534,0.18665018541409148,0.4548,0.3112,0.4835
ZVIA,Zevia PBC,Consumer Defensive,Beverages - Non-Alcoholic,,,-272.38,1.07,-24.22,-5.11,1.81,-14.74,13.68,0.91,-52.67000000000001,1.33,583530.0,0.0,1.33,Aug 05/a,3.96,102870000.0,HIGH,-7.64,-4.32,0.69,-2.98,0.1634,False,-1.0,False,-7.02,5.209,3.008,-2.5586,-31.09,0.873,,,36.0,-9.52,1.33,539454.0,,,197.7,0.5933250927070457,0.2843016069221261,0.6322620519159456,0.4122373300370828,0.31334981458590855,0.4758961681087763,0.5061804697156984,0.4519,0.4862,0.4487
MRVI,Maravai LifeSciences Holdings Inc,Healthcare,Biotechnology,,,69.44,8.53,-0.08,8.83,11.12,22.19,145.95,0.55,-19.32,1.89,3330000.0,0.0,7.6,Aug 06/a,7.42,1970000000.0,HIGH,-1.04,6.0,0.68,3.62,0.1915,True,5.57,True,8.31,4.985,5.329,-3.4885,-19.32,0.596,23.0,-9.85,35.0,21.99,7.6,20404328.0,,,-2.4,0.30902348578491967,0.5859085290482077,0.5290482076637825,0.07787391841779975,0.29913473423980225,0.9097651421508035,0.7601977750309024,0.4518,0.5525,0.3989
PII,Polaris Inc,Consumer Cyclical,Recreational Vehicles,,15.49,231.17999999999998,9.18,0.0,-6.959999999999999,8.31,-26.919999999999998,-6.69,1.32,-32.0,2.81,843620.0,0.0,53.03,Jul 28/b,71.86,3020000000.0,HIGH,-16.85,-2.54,0.87,-12.19,0.2668,False,-8.62,False,-18.18,4.018,2.169,-2.0186,-32.0,1.103,44.0,-27.4,43.0,-25.93,53.03,47202875.0,,,35.5,0.7342398022249691,0.2700865265760198,0.2978986402966626,0.7045735475896168,0.5624227441285538,0.13967861557478367,0.20148331273176762,0.4515,0.3387,0.5352
HLMN,Hillman Solutions Corp,Industrials,Tools & Accessories,34.44,10.34,33.96,9.79,0.12,-2.43,3.07,-14.29,-12.61,1.41,-34.19,1.62,1560000.0,0.0,7.14,Aug 03/a,12.12,1390000000.0,HIGH,-9.27,-0.84,0.55,-4.61,0.142,False,-3.54,False,-11.58,3.265,2.624,-2.2253,-26.41,0.898,38.0,-15.16,38.0,-15.16,7.05,14164118.0,,,71.9,0.6872682323856613,0.39184177997527814,0.7082818294190358,0.45673671199011123,0.1334981458590853,0.3300370828182942,0.4542645241038319,0.4513,0.4342,0.4019
BL,BlackLine Inc,Technology,Software - Application,48.61,9.79,104.71,9.18,-0.65,-8.74,12.43,-2.77,-24.48,0.72,-54.29999999999999,2.69,1030000.0,0.08,27.22,Aug 04/a,38.8,1580000000.0,HIGH,-15.13,-2.03,0.92,-10.47,0.2739,False,-6.37,False,-7.68,4.673,3.019,-3.0159,-19.34,0.804,21.0,-10.63,37.0,-8.14,27.99,26931736.0,,,38.6,0.4573547589616811,0.584672435105068,0.2818294190358467,0.3016069221260816,0.6186650185414091,0.45859085290482077,0.2484548825710754,0.4505,0.3695,0.4591
JANX,Janux Therapeutics Inc,Healthcare,Biotechnology,,,36.18,,-0.18,1.87,10.19,6.36,23.67,2.38,-53.88,1.5,931310.0,0.0,16.3,Aug 06/a,31.53,996530000.0,HIGH,-9.6,-4.17,0.7,-4.94,0.3071,False,-8.54,False,-4.04,4.998,3.006,-3.5354,-19.74,1.078,17.0,-13.71,35.0,2.84,16.3,18295833.0,,,93.4,0.29666254635352285,0.5710754017305315,0.22249690976514214,0.6835599505562423,0.326946847960445,0.6019777503090235,0.4369592088998764,0.4505,0.3396,0.4773
PENG,Penguin Solutions Inc,Technology,Information Technology Services,34.84,16.36,9752.86,47.64,-4.01,8.83,14.45,-19.18,228.99000000000004,2.87,-38.9,1.5,2760000.0,0.08,54.91,Oct 06/a,74.29,2810000000.0,HIGH,13.55,2.39,1.14,18.21,0.2378,True,10.33,True,5.24,5.183,5.674,-4.4783,-37.44,0.803,6.0,6.98,,,56.22,74210874.0,,,32.1,0.1668726823238566,0.17552533992583436,0.3831891223733004,0.29913473423980225,0.811495673671199,0.865265760197775,0.9567367119901112,0.4502,0.7411,0.5357
APAM,Artisan Partners Asset Management Inc,Financial,Asset Management,8.98,9.11,18.68,8.05,-0.39,2.39,5.37,1.66,-0.39,1.67,-21.26,3.0,875910.0,0.0,36.16,Jul 28/a,39.5,2930000000.0,HIGH,-16.82,-1.69,0.5,-12.16,0.2724,False,-6.63,False,-10.36,2.675,1.77,-1.3876,-18.32,0.885,23.0,-15.87,42.0,-10.36,36.16,31667627.0,,,9.2,0.8912237330037083,0.6205191594561187,0.2867737948084055,0.4394313967861557,0.0865265760197775,0.3714462299134734,0.2027194066749073,0.4493,0.1931,0.4472
AMLX,Amylyx Pharmaceuticals Inc,Healthcare,Drug Manufacturers - Specialty & Generic,,,16.0,,-0.61,0.2,12.72,57.70000000000001,117.64000000000001,-0.11,-28.32,1.25,2420000.0,0.03,29.49,Aug 06/b,42.36,3700000000.0,HIGH,-15.11,-8.95,0.81,-10.45,0.1772,False,-10.12,True,4.47,5.454,4.171,-3.2535,-28.32,0.528,28.0,37.61,36.0,34.97,29.49,52436030.0,,,43.6,0.377008652657602,0.34610630407911,0.5797280593325093,0.05315203955500618,0.48393077873918416,0.8553770086526576,0.25092707045735474,0.4492,0.4195,0.4424
PLAB,Photronics Inc,Technology,Semiconductor Equipment & Materials,10.53,14.54,24.94,2.69,-13.15,-1.3,7.65,-4.73,-24.75,1.33,-46.79,1.0,1220000.0,0.02,29.8,Aug 26/b,41.33,1760000000.0,HIGH,9.63,3.61,0.55,14.29,0.1451,True,5.85,True,0.98,3.212,2.336,-3.12,-19.81,0.622,4.0,3.61,22.0,3.68,30.4,32166583.0,,,36.0,0.42027194066749074,0.569221260815822,0.6946847960444994,0.09641532756489493,0.1334981458590853,0.7799752781211372,0.9208899876390606,0.449,0.6168,0.3575
AORT,Artivion Inc,Healthcare,Medical Devices,,79.65,-1039.19,11.32,-4.97,4.18,7.11,2.72,-34.83,1.21,-52.33,1.0,698220.0,0.0,23.0,Aug 06/a,42.15,1120000000.0,HIGH,-15.47,-4.23,0.77,-10.81,0.2097,False,-9.12,False,-13.52,4.286,3.447,-1.8458,-24.92,0.814,30.0,-20.34,35.0,-14.83,22.63,16225871.0,,,86.3,0.788627935723115,0.43325092707045737,0.4684796044499382,0.3176761433868974,0.4289245982694685,0.25710754017305315,0.24103831891223734,0.449,0.3656,0.4481
EU,enCore Energy Corp,Energy,Uranium,,,-531.36,328.38,17.56,4.27,21.12,-7.64,-31.370000000000005,1.69,-70.65,1.0,4920000.0,0.01,1.23,Aug 13/b,2.98,238660000.0,HIGH,-3.12,18.1,0.58,1.54,0.4847,True,9.3,True,5.93,10.772,8.871,-7.5953,-17.33,1.416,21.0,-9.49,31.0,8.77,1.24,8952978.0,,,140.3,0.02843016069221261,0.6588380716934487,0.06427688504326334,0.8949320148331273,0.16069221260815822,0.8776266996291718,0.6786155747836835,0.4475,0.3389,0.4904
ZBIO,Zenas Biopharma Inc,Healthcare,Biotechnology,,,-41.57,,1.27,22.34,35.85,4.17,21.62,-0.98,-39.57,1.25,830040.0,0.0,26.95,Aug 13/b,47.0,1760000000.0,HIGH,-13.82,-17.2,1.13,-9.16,0.217,False,-14.63,False,-14.65,7.344,9.647,-3.5069,-20.85,0.855,23.0,-14.85,31.0,-7.71,26.95,20790185.0,,,74.4,0.3053152039555006,0.5389369592088998,0.446229913473424,0.37453646477132263,0.799752781211372,0.2200247218788628,0.28491965389369595,0.4475,0.4878,0.4249
BTU,Peabody Energy Corp,Energy,Thermal Coal,,9.87,-227.43,12.710000000000003,-0.7,-2.02,10.09,10.3,-35.0,0.3,-37.59,1.57,2510000.0,0.06,25.68,Jul 29/b,31.36,3130000000.0,HIGH,-12.03,1.48,0.54,-7.37,0.2246,False,-7.97,False,-0.92,4.864,2.201,-3.3374,-16.35,0.862,19.0,-12.03,42.0,22.19,25.44,71153879.0,,,23.3,0.3522867737948084,0.6711990111248455,0.42645241038318915,0.3856613102595797,0.12237330037082818,0.7212608158220025,0.33498145859085293,0.4465,0.2986,0.3954
GTX,Garrett Motion Inc,Consumer Cyclical,Auto Parts,14.07,11.43,25.009999999999998,6.9,-2.47,-0.31,3.91,-26.68,44.82,0.83,-29.049999999999997,1.5,2620000.0,0.0,25.72,Jul 29/b,36.83,4800000000.0,HIGH,-3.53,-2.58,0.54,1.13,0.1219,False,-3.34,False,-9.21,3.245,3.149,-1.9153,-24.42,0.675,,,42.0,-10.63,25.72,73185903.0,,,43.2,0.7663782447466008,0.44499381953028433,0.7911001236093943,0.14585908529048208,0.12237330037082818,0.4054388133498146,0.6637824474660075,0.446,0.5396,0.36
SLNH,Soluna Holdings Inc,Financial,Capital Markets,,,73.72,144.56,0.1,34.81,13.19,-14.29,94.77,5.12,-76.65,1.0,11040000.0,0.11,1.2,Aug 13/a,4.0,296050000.0,HIGH,9.91,-4.69,0.82,14.57,0.2423,True,2.95,True,0.46,6.265,5.738,-4.5088,-15.28,0.722,5.0,-3.17,30.0,-6.15,1.22,8848770.0,,,227.9,0.1619283065512979,0.6946847960444994,0.35970333745364647,0.1915945611866502,0.49814585908529047,0.761433868974042,0.92336217552534,0.4446,0.6267,0.4033
PTLO,Portillos Inc,Consumer Cyclical,Restaurants,18.41,14.96,-23.84,5.57,1.9799999999999998,-8.76,15.96,-25.679999999999996,-31.85,1.57,-48.32,2.45,1290000.0,0.01,3.53,Aug 05/a,6.25,268079999.99999997,HIGH,-25.64,-6.3,1.33,-20.98,0.365,False,-13.82,False,-20.99,4.408,5.007,-2.6362,-33.3,1.093,31.0,-26.58,36.0,-20.21,3.49,5363598.0,,,79.1,0.5673671199011124,0.24474660074165636,0.14956736711990115,0.6940667490729295,0.8980222496909765,0.1100123609394314,0.07169344870210136,0.444,0.343,0.5674
BCRX,Biocryst Pharmaceuticals Inc,Healthcare,Drug Manufacturers - Specialty & Generic,,14.74,1180.09,33.61,-0.2,4.81,15.87,-10.66,-8.56,0.53,-23.96,1.36,4230000.0,0.0,8.53,Aug 05/b,20.64,2180000000.0,HIGH,-12.53,-1.94,0.75,-7.87,0.3119,False,-4.22,False,-7.94,4.515,2.678,-2.9527,-23.44,1.053,33.0,-12.7,37.0,-4.77,8.59,42955421.0,,,140.3,0.47342398022249693,0.46971569839307786,0.21322620519159452,0.6563658838071693,0.39864029666254636,0.44870210135970334,0.3145859085290482,0.4433,0.3094,0.4943
BKV,BKV Corp,Energy,Oil & Gas E&P,7.92,11.67,-45.16,45.28,-0.11,6.34,27.05,-15.35,-26.49,1.08,-32.92,1.08,1420000.0,0.02,22.01,Aug 06/b,33.58,2410000000.0,HIGH,-9.99,-4.97,0.79,-5.33,0.2194,False,-9.46,False,-11.65,5.252,5.548,-3.59,-22.25,1.037,14.0,-16.31,36.0,-5.17,21.81,61464796.0,,,54.0,0.2892459826946848,0.49876390605686033,0.44066749072929545,0.634734239802225,0.4604449938195303,0.32756489493201485,0.4227441285537701,0.4419,0.4394,0.428
FRNM,Freenome Inc,Healthcare,Diagnostics & Research,,,-116.28,,0.0,7.1,2.23,46.29,47.92,0.46,-8.63,1.0,753750.0,0.0,15.99,Sep 02,18.0,1720000000.0,HIGH,8.11,-3.67,0.4,12.77,0.2104,True,2.05,True,18.17,5.825,5.347,-4.2849,-8.63,0.603,6.0,-1.84,,,15.99,16624628.0,,,12.6,0.18541409147095178,0.8899876390605687,0.4647713226205191,0.08405438813349815,0.04573547589616811,0.9678615574783683,0.9023485784919654,0.4396,0.5141,0.3208
FIRY,Firy Inc,Communication Services,Electronic Gaming & Multimedia,,,-31.61,22.92,0.0,16.61,17.57,22.93,427.20000000000005,4.66,-37.0,2.0,503230.0,0.0,12.6,Aug 13/a,2.5,209440000.0,HIGH,26.22,16.07,0.87,30.88,0.425,True,17.26,True,25.03,5.464,4.75,-4.6471,-12.04,0.514,6.0,20.7,30.0,30.74,12.42,1769876.0,,,-79.9,0.1508034610630408,0.7991347342398022,0.09023485784919649,0.04573547589616811,0.5624227441285538,0.9876390605686032,0.9888751545117429,0.4393,0.5913,0.4367
MC,Moelis & Co,Financial,Capital Markets,20.37,14.84,16.45,12.05,-0.8100000000000002,-0.57,7.31,-7.01,7.77,1.88,-25.21,2.82,866250.0,0.0,58.5,Jul 29/a,72.2,4750000000.0,HIGH,-14.12,-3.01,0.66,-9.46,0.2666,False,-7.29,False,-10.74,3.751,1.966,-1.8668,-19.15,0.827,31.0,-11.36,41.0,-9.98,58.74,49405968.0,,,22.9,0.7799752781211372,0.595797280593325,0.2991347342398022,0.33436341161928307,0.2657601977750309,0.3572311495673671,0.28182941903584674,0.4387,0.2822,0.4343
IHRT,iHeartMedia Inc,Communication Services,Broadcasting,,43.62,3.46,4.67,0.0,6.619999999999999,5.32,-46.99,-19.37,2.27,-65.09,4.0,691030.0,0.0,2.29,Aug 10/a,3.62,390530000.0,HIGH,-16.73,-4.78,1.66,-12.07,0.2934,False,-11.49,False,-24.77,5.727,3.93,-2.9327,-47.95,1.214,,,33.0,-21.98,2.29,1668845.0,,,58.1,0.47713226205191595,0.08899876390605686,0.2435105067985167,0.8028430160692213,0.9517923362175525,0.06674907292954264,0.20642768850432633,0.4385,0.4412,0.5746
EDIT,Editas Medicine Inc,Healthcare,Biotechnology,,,75.77,232.31,-0.19,24.23,21.63,-18.75,16.59,1.99,-42.7,2.17,2620000.0,0.01,2.6,Aug 05/a,4.89,399310000.0,HIGH,-18.35,-8.83,0.98,-13.69,0.2826,False,-9.63,False,-9.85,7.641,8.14,-4.1488,-32.37,1.233,21.0,-18.87,36.0,-6.18,2.58,8848572.0,,,89.5,0.2126081582200247,0.26452410383189123,0.26699629171817063,0.8170580964153276,0.6773794808405439,0.38936959208899874,0.16872682323856614,0.438,0.3508,0.5241
INO,Inovio Pharmaceuticals Inc,Healthcare,Biotechnology,,,87.83,,0.0,1.45,19.34,8.64,-24.42,1.61,-55.26,1.67,3740000.0,0.06,1.22,Aug 12/a,3.17,125820000.0,HIGH,-8.53,-4.84,0.74,-3.87,0.254,False,-7.16,True,7.37,6.84,5.085,-3.5236,-18.62,0.632,15.0,-13.24,31.0,53.25,1.18,3870683.0,,,168.6,0.3003708281829419,0.6100123609394313,0.33127317676143386,0.10259579728059333,0.3831891223733004,0.899876390605686,0.4789864029666255,0.4379,0.4059,0.4215
RR,Richtech Robotics Inc,Industrials,Specialty Industrial Machinery,,,-34.04,16.65,0.0,3.03,24.28,-15.15,-16.0,-0.56,-77.39,3.0,6190000.0,0.03,1.68,Sep 02,2.0,378170000.0,HIGH,-7.1,-2.3,0.62,-2.44,0.1893,False,-0.6,True,2.07,4.748,3.529,-3.4684,-22.9,0.782,23.0,4.94,,,1.7,8292347.0,,,17.6,0.31396786155747836,0.4783683559950556,0.5377008652657602,0.2669962917181706,0.2126081582200247,0.8046971569839307,0.5241038318912238,0.4357,0.4347,0.3996
STTK,Shattuck Labs Inc,Healthcare,Biotechnology,,,52.190000000000005,,-0.17,32.76,7.9,-5.75,-3.8,1.09,-27.13,1.0,1350000.0,0.0,6.07,Aug 11/b,15.25,609200000.0,HIGH,-13.78,-0.65,0.73,-9.12,0.2487,False,-5.17,False,-12.87,5.502,5.634,-2.9992,-25.52,1.138,23.0,-23.16,33.0,-14.99,6.07,7724588.0,,,151.2,0.4635352286773795,0.41903584672435107,0.3448702101359703,0.7404202719406675,0.3658838071693449,0.273176761433869,0.2880098887515451,0.4345,0.3284,0.4608
STIM,Neuronetics Inc,Healthcare,Medical Devices,,,69.26,9.08,3.75,-9.65,21.5,102.64999999999999,113.65,1.18,-19.88,1.0,2160000.0,0.0,2.76,Aug 11/b,5.75,210010000.0,HIGH,-6.8,-3.86,0.37,-2.14,0.1302,False,-4.75,True,3.89,7.179,3.65,-3.1507,-20.35,0.31,30.0,-9.57,33.0,26.27,2.74,3681991.0,,,109.9,0.4042027194066749,0.5550061804697157,0.7484548825710754,0.018541409147095178,0.038318912237330034,0.8417799752781211,0.5401730531520396,0.4344,0.4521,0.3257
PBLS,Parabilis Medicines Inc,Healthcare,Biotechnology,,,,,91.17,113.62,7.86,4.52,,,-28.190000000000005,1.0,639150.0,0.11,30.51,Aug 13/b,41.75,3770000000.0,HIGH,-20.23,-15.52,0.99,-15.57,0.3082,False,-17.25,False,-13.73,10.197,8.814,-5.1453,-26.57,1.764,6.0,-23.68,31.0,-12.53,31.2,43918766.0,,,33.8,0.10754017305315204,0.3862793572311496,0.2200247218788628,0.9542645241038319,0.6903584672435105,0.24783683559950556,0.12978986402966625,0.4344,0.325,0.5
DNTH,Dianthus Therapeutics Inc,Healthcare,Biotechnology,,,-1.51,294.3,-4.59,-1.69,18.98,-8.55,7.85,1.33,-25.77,1.06,921300.0,0.0,87.5,Aug 04/a,140.12,4890000000.0,HIGH,-16.34,-8.21,0.63,-11.68,0.2416,False,-13.45,False,-16.7,6.225,5.138,-2.3666,-24.88,1.157,30.0,-19.21,37.0,-19.79,88.55,83471970.0,,,58.2,0.6452410383189122,0.4363411619283066,0.365265760197775,0.7583436341161929,0.22558714462299134,0.17181705809641531,0.21508034610630408,0.4338,0.2633,0.4502
AMRC,Ameresco Inc,Industrials,Engineering & Construction,42.67,13.28,-25.72,9.14,0.25,3.35,16.97,-16.37,-16.93,2.62,-50.55,1.67,664290.0,0.03,22.22,Aug 03/a,42.7,1180000000.0,HIGH,-2.32,-10.8,0.95,2.34,0.1448,False,-6.05,False,-8.11,5.889,4.283,-3.331,-32.73,0.726,5.0,-9.56,38.0,-5.5,21.48,14794712.0,,,98.8,0.3547589616810878,0.2589616810877627,0.6971569839307787,0.19592088998763907,0.6489493201483313,0.4431396786155748,0.7070457354758962,0.4331,0.6867,0.4107
PCT,PureCycle Technologies Inc,Industrials,Pollution & Treatment Controls,,,0.52,173.45,0.2,79.04,29.14,-35.0,-6.19,2.6,-68.02,2.0,4170000.0,0.03,4.95,Aug 06/a,11.5,995100000.0,HIGH,-22.77,-11.46,1.35,-18.11,0.3462,False,-14.65,False,-21.02,6.974,8.367,-3.3154,-39.77,1.423,34.0,-30.37,35.0,-26.93,5.02,22301484.0,,,129.1,0.3621755253399258,0.1508034610630408,0.17058096415327562,0.8992583436341162,0.904202719406675,0.10877626699629171,0.09888751545117429,0.4326,0.362,0.5686
PAY,Paymentus Holdings Inc,Technology,Software - Infrastructure,46.13,27.62,75.44,28.800000000000004,-0.27,-18.2,5.77,26.530000000000005,24.0,1.33,-32.95,2.12,1340000.0,0.01,30.38,Aug 03/a,40.83,3830000000.0,HIGH,-16.17,-12.55,0.78,-11.51,0.2542,False,-13.59,False,-16.12,5.405,2.337,-2.8922,-33.41,1.457,38.0,-12.6,38.0,-12.6,30.17,41497475.0,,,35.3,0.48702101359703337,0.24103831891223734,0.33003708281829414,0.907292954264524,0.44561186650185414,0.18294190358467244,0.2218788627935723,0.4323,0.3214,0.5057
SHAK,Shake Shack Inc,Consumer Cyclical,Restaurants,57.71,39.01,-8.66,17.16,2.61,-13.43,9.47,-0.07,-32.67,1.67,-49.05,2.07,1630000.0,0.01,54.75,Aug 05/b,82.77,2340000000.0,HIGH,-20.52,-2.48,1.15,-15.86,0.3505,False,-10.72,False,-15.09,5.343,4.671,-2.9301,-27.3,0.973,25.0,-24.78,37.0,-16.11,55.55,81776412.0,,,49.0,0.4783683559950556,0.3695920889987639,0.1644004944375772,0.5451174289245982,0.8195302843016069,0.2126081582200247,0.12237330037082818,0.4316,0.3441,0.5139
NNE,Nano Nuclear Energy Inc,Industrials,Specialty Industrial Machinery,,,0.9199999999999999,,-15.61,0.61,34.49,-21.67,-17.69,5.43,-72.56,1.25,2029999.9999999998,0.31,16.7,Aug 12/a,37.75,896760000.0,HIGH,-5.45,-0.64,0.7,-0.79,0.2216,False,-1.06,False,-3.45,6.385,3.826,-4.8764,-24.12,1.021,31.0,-10.63,31.0,-10.63,16.99,32391792.0,,,122.2,0.13720642768850433,0.45241038318912236,0.43448702101359704,0.6124845488257108,0.326946847960445,0.6254635352286774,0.5896168108776267,0.4315,0.4643,0.4255
EOLS,Evolus Inc,Healthcare,Drug Manufacturers - Specialty & Generic,,30.67,54.03,21.18,-1.26,9.3,9.56,9.68,95.01,1.33,-16.0,1.33,904400.0,0.0,7.82,Aug 05/a,15.0,516510000.0,HIGH,-10.25,-0.25,0.51,-5.59,0.2579,False,-4.8,True,4.07,4.931,3.614,-2.6594,-14.39,0.464,15.0,-11.93,36.0,28.96,7.97,6642837.0,,,88.2,0.5599505562422744,0.7243510506798516,0.3275648949320148,0.03522867737948084,0.09517923362175525,0.8442521631644005,0.41409147095179233,0.4311,0.2925,0.3837
EDBL,Edible Garden AG Inc,Consumer Defensive,Farm Products,,,99.37,12.839999999999998,,-0.07,4.29,-83.82,-97.41,1.75,-99.9,1.0,1830000.0,0.2,1.19,Aug 14/b,4.0,2320000.0,HIGH,-16.22,-8.15,5.82,-11.56,0.287,False,-10.92,False,-33.02,7.425,13.71,-3.4532,-85.58,2.172,,,30.0,-25.75,1.24,1409520.0,,,222.6,0.32014833127317677,0.007416563658838072,0.2558714462299134,0.9789864029666254,0.9962917181705809,0.027194066749072928,0.21940667490729296,0.431,0.4634,0.5807
CCCC,C4 Therapeutics Inc,Healthcare,Biotechnology,,,50.66,2.75,0.0,28.17,35.52,-31.489999999999995,23.66,3.08,-42.36,1.14,2900000.0,0.08,2.98,Aug 11/b,13.33,366620000.0,HIGH,-22.6,-9.7,1.05,-17.94,0.3,False,-14.16,False,-19.14,5.849,6.376,-2.7915,-32.73,1.12,33.0,-17.68,33.0,-17.68,2.98,6925591.0,,,347.3,0.5030902348578492,0.2589616810877627,0.23485784919653896,0.7218788627935723,0.7342398022249691,0.12855377008652658,0.103831891223733,0.4303,0.3323,0.5219
ACVA,ACV Auctions Inc,Consumer Cyclical,Auto & Truck Dealerships,,30.39,-12.38,10.45,0.0,0.8100000000000002,9.65,45.16,151.84,1.81,-0.45999999999999996,3.0,7060000.0,0.0,10.45,Aug 10/a,9.92,1770000000.0,HIGH,46.09,-0.19,0.27,50.75,0.7932,True,17.57,True,28.34,3.401,0.096,-10.0442,-0.38,0.967,7.0,0.38,33.0,44.08,10.46,137007237.0,,,-5.2,0.013597033374536464,0.9987639060568603,0.013597033374536438,0.534610630407911,0.02595797280593325,0.9938195302843016,0.9962917181705809,0.4301,0.4104,0.392
RELY,Remitly Global Inc,Technology,Software - Infrastructure,15.33,20.0,3025.84,20.23,-7.82,3.83,9.44,-6.54,41.91,0.37,-22.49,1.08,3580000.0,0.0,21.3,Aug 05/a,32.15,4510000000.0,HIGH,-19.55,-1.07,0.76,-14.89,0.3974,False,-8.56,False,-11.12,4.989,2.949,-3.3291,-22.27,1.295,17.0,-16.92,36.0,-11.26,21.36,102630504.0,,,50.5,0.35599505562422745,0.4969097651421508,0.11990111248454882,0.8498145859085291,0.4122373300370828,0.34487021013597036,0.14585908529048208,0.43,0.218,0.4907
BMEA,Biomea Fusion Inc,Healthcare,Biotechnology,,,77.45,,0.0,1.46,19.56,0.72,6.06,-0.32,-53.18000000000001,1.5,1490000.0,0.2,1.4,Aug 05/a,6.71,101480000.0,HIGH,-23.7,-22.81,1.33,-19.04,0.3913,False,-24.36,False,-11.89,12.018,14.167,-6.0974,-36.23,2.333,15.0,-30.89,36.0,5.6,1.32,3906449.0,,,408.3,0.06056860321384425,0.19530284301606923,0.12608158220024723,0.9826946847960445,0.8980222496909765,0.31705809641532756,0.09270704573547589,0.43,0.3443,0.5646
RUM,RUM Group Inc,Communication Services,Internet Content & Information,,,-140.14,60.919999999999995,0.0,4.87,21.57,33.76,75.8,1.24,-21.85,2.0,4150000.0000000005,0.03,8.28,Aug 10/a,22.0,4110000000.0000005,HIGH,-6.9,-8.83,0.46,-2.24,0.2756,False,-1.18,True,9.46,7.656,4.785,-5.0967,-21.09,1.057,27.0,3.21,33.0,34.62,8.36,49255565.0,,,163.2,0.11495673671199011,0.5364647713226205,0.27935723114956734,0.6637824474660075,0.06180469715698393,0.9196538936959209,0.5339925834363412,0.4293,0.3159,0.44
HLLY,Holley Inc,Consumer Cyclical,Auto Parts,29.27,6.39,-122.27,3.2099999999999995,0.0,1.6099999999999999,4.36,-2.37,-14.24,1.38,-44.87,1.62,1070000.0,0.0,2.47,Aug 05/b,4.58,296750000.0,HIGH,-15.41,-1.2,0.82,-10.75,0.3003,False,-9.61,False,-12.56,6.056,4.858,-3.886,-25.04,1.349,35.0,-17.94,37.0,-12.72,2.47,3397355.0,,,85.4,0.24474660074165636,0.4289245982694685,0.23238566131025962,0.8726823238566132,0.49814585908529047,0.28862793572311496,0.24351050679851668,0.4276,0.3166,0.4761
MIAX,Miami International Holdings Inc,Financial,Capital Markets,45.07,18.22,34.81,18.26,-10.99,31.34,7.92,-5.0,-6.22,1.65,-38.76,2.14,1620000.0,0.01,34.99,Aug 05/a,51.4,3470000000.0,HIGH,-18.84,-7.77,0.94,-14.18,0.2856,False,-12.84,False,-17.37,4.587,3.897,-2.4738,-26.53,0.944,40.0,-24.13,36.0,-23.23,34.9,67308749.0,,,47.3,0.6106304079110012,0.38813349814585907,0.25896168108776263,0.507416563658838,0.6409147095179234,0.1557478368355995,0.15698393077873918,0.427,0.3328,0.4787
APPN,Appian Corp,Technology,Software - Infrastructure,,25.38,-3759.52,19.11,-0.5,-1.37,10.82,60.099999999999994,55.26,0.91,-21.86,3.11,857500.0,0.03,35.99,Aug 06/b,34.0,2580000000.0,HIGH,-15.29,-6.76,0.71,-10.63,0.2651,False,-5.12,True,5.14,5.753,5.984,-4.2891,-18.27,0.763,21.0,-6.35,36.0,20.19,36.01,34210552.0,,,-5.6,0.1841779975278121,0.6242274412855378,0.30655129789864033,0.242274412855377,0.3411619283065513,0.8627935723114957,0.24474660074165636,0.4269,0.2922,0.4076
PAR,Par Technology Corp,Technology,Software - Application,,9.85,21.17,18.69,140.23,-5.19,22.27,-16.8,3.6900000000000004,1.33,-65.32,1.44,974590.0,0.0,14.06,Aug 06/a,25.31,581560000.0,HIGH,-26.58,-7.32,1.2,-21.92,0.4329,False,-17.52,False,-19.45,6.34,2.632,-3.0275,-29.91,1.142,15.0,-25.61,35.0,-17.87,14.06,15976150.0,,,80.0,0.4511742892459827,0.3065512978986403,0.08776266996291715,0.745982694684796,0.8430160692212608,0.1260815822002472,0.06056860321384425,0.4268,0.3035,0.5416
NRGV,Energy Vault Holdings Inc,Utilities,Utilities - Renewable,,,17.79,104.05,-0.22,19.63,23.79,-3.11,23.86,1.26,-34.39,1.8,4970000.0,0.01,4.36,Aug 11/a,6.21,792820000.0,HIGH,24.29,-6.38,0.61,28.95,0.4085,True,7.29,True,20.26,7.417,4.659,-5.3104,-10.2,0.816,6.0,4.02,32.0,22.91,4.4,17375892.0,,,41.1,0.09888751545117429,0.8516687268232386,0.11001236093943134,0.3207663782447466,0.20086526576019778,0.9777503090234858,0.9839307787391842,0.4267,0.4868,0.3996
VPG,Vishay Precision Group Inc,Technology,Scientific & Technical Instruments,237.42,39.07,-794.62,11.67,0.0,-6.17,12.67,-50.74000000000001,68.45,1.41,-53.89000000000001,1.0,538540.0,0.15,69.99,Aug 05/b,93.33,932290000.0,HIGH,14.52,10.28,1.41,19.18,0.215,True,12.04,False,-3.75,4.871,5.375,-3.6144,-50.24,0.733,1.0,4.46,37.0,-2.62,71.63,21490645.0,,,30.3,0.28553770086526575,0.0754017305315204,0.45179233621755255,0.2088998763906057,0.9140914709517923,0.619283065512979,0.9592088998763906,0.4258,0.7934,0.507
RUN,Sunrun Inc,Technology,Solar,5.37,18.51,-60.68,52.81,-9.36,1.9799999999999998,30.6,-40.73,-36.59,2.43,-64.39,1.92,8960000.0,0.08,7.99,Aug 05/a,15.61,1920000000.0,HIGH,-7.63,-7.74,0.96,-2.97,0.1557,False,-5.58,False,-13.95,5.602,5.919,-3.6227,-39.41,0.979,,,36.0,-13.54,8.11,65204786.0,,,92.5,0.28182941903584674,0.15327564894932014,0.6625463535228677,0.5550061804697157,0.6588380716934487,0.23980222496909764,0.5080346106304079,0.4252,0.5996,0.4339
HUN,Huntsman Corp,Basic Materials,Chemicals,,91.39,96.24,14.06,0.96,-9.12,7.88,-22.0,-29.080000000000002,0.8,-44.67,2.71,3670000.0,0.0,8.9,Jul 30/a,11.8,1560000000.0,HIGH,-6.02,0.45,0.7,-1.36,0.1263,False,-4.42,False,-12.73,3.371,2.472,-1.9768,-33.53,0.705,48.0,-25.77,40.0,-8.81,8.9,22553053.0,,,32.6,0.7490729295426453,0.2391841779975278,0.7725587144622992,0.17428924598269468,0.326946847960445,0.2799752781211372,0.5754017305315204,0.4237,0.56,0.3826
PRCT,Procept BioRobotics Corp,Healthcare,Medical Devices,,,-33.31,19.34,0.83,-3.65,13.62,-23.56,-34.52,0.91,-54.71,2.5,1470000.0,0.0,17.26,Aug 04/a,21.64,988550000.0,HIGH,-17.43,-7.08,1.54,-12.77,0.3041,False,-13.97,False,-13.67,5.861,3.721,-3.5476,-28.6,0.915,34.0,-15.73,37.0,-5.91,17.2,25221561.0,,,25.8,0.29295426452410384,0.34239802224969096,0.22867737948084055,0.484548825710754,0.9406674907292955,0.2515451174289246,0.18541409147095178,0.4235,0.425,0.4924
PLBY,Playboy Inc,Consumer Cyclical,Apparel Manufacturing,426.5,20.47,102.09000000000002,10.91,-16.35,2.83,4.87,-22.45,-34.8,1.97,-62.78,2.0,804320.0,0.13,1.02,Aug 10/a,2.75,122630000.0,HIGH,-14.17,-5.5,0.64,-9.51,0.1854,False,-8.75,False,-12.65,4.119,2.913,-1.6731,-35.63,0.877,33.0,-12.71,33.0,-12.71,1.03,599159.0,,,167.0,0.8331273176761433,0.2088998763906057,0.550061804697157,0.4215080346106304,0.23856613102595797,0.2867737948084054,0.27812113720642767,0.4232,0.3478,0.445
JBLU,Jetblue Airways Corp,Industrials,Airlines,,,-220.85,14.469999999999999,-0.33,11.59,29.49,-23.27,2.37,1.76,-34.74,3.76,27340000.0,0.12,4.32,Jul 28/b,5.07,1630000000.0,HIGH,-8.33,-3.72,0.86,-3.67,0.1223,False,-1.62,False,-13.73,4.351,3.409,-2.4149,-33.53,0.598,39.0,-27.03,43.0,-18.97,4.4,82266191.0,,,15.2,0.6266996291718171,0.2391841779975278,0.7873918417799752,0.08034610630407911,0.5482076637824475,0.24783683559950556,0.484548825710754,0.4216,0.5945,0.3758
INTA,Intapp Inc,Technology,Software - Application,,18.46,-1009.23,12.950000000000001,-3.7599999999999993,-1.6399999999999997,4.36,44.34,43.25,0.32,-24.68,2.5,718040.0,0.0,36.1,Aug 04/a,40.29,2760000000.0,HIGH,-16.95,-1.63,0.45,-12.29,0.2776,False,-7.04,False,-1.98,4.175,3.213,-1.9895,-18.57,0.691,21.0,-10.64,37.0,10.13,36.1,23645560.0,,,11.6,0.7428924598269468,0.6118665018541409,0.27626699629171814,0.15822002472187885,0.05871446229913473,0.6779975278121138,0.19468479604449937,0.421,0.1784,0.4095
NPWR,NET Power Inc,Industrials,Specialty Industrial Machinery,,,-150.75,,-4.61,0.48,6.82,-2.99,3.85,1.15,-68.85,1.5,784360.0,0.03,1.62,Aug 13/a,2.83,364270000.0,HIGH,-10.93,-8.94,0.75,-6.27,0.1745,False,-9.27,False,-3.11,6.358,4.294,-3.3155,-23.11,0.544,24.0,-4.12,30.0,0.62,1.63,1073377.0,,,73.6,0.36093943139678614,0.4721878862793572,0.5933250927070457,0.0580964153275649,0.39864029666254636,0.6427688504326329,0.38442521631644005,0.421,0.4514,0.3651
UMAC,Unusual Machines Inc,Technology,Computer Hardware,,,49.95,687.32,-8.78,16.15,19.41,22.59,100.12,14.77,-32.5,1.0,3910000.0,0.14,23.57,Aug 06/b,39.0,1180000000.0,HIGH,0.29,-0.82,0.89,4.95,0.1465,True,1.78,True,0.61,7.119,5.572,-4.9758,-31.14,0.583,31.0,-11.02,36.0,-0.74,24.05,62170082.0,,,62.2,0.1260815822002472,0.28182941903584674,0.69221260815822,0.07169344870210136,0.5877626699629172,0.765142150803461,0.7929542645241038,0.4208,0.7012,0.3877
ATEN,A10 Networks Inc,Technology,Software - Infrastructure,43.98,21.72,-18.53,15.5,-1.25,5.56,14.01,-26.44,11.0,1.13,-33.15,1.83,1280000.0,0.0,25.73,Aug 05/a,36.67,1870000000.0,HIGH,0.12,-4.49,0.7,4.78,0.1424,True,0.38,False,-7.87,3.695,2.837,-2.2656,-33.15,0.642,,,36.0,-6.78,25.73,27369764.0,,,42.5,0.6736711990111248,0.25092707045735474,0.7070457354758961,0.11557478368355995,0.326946847960445,0.449938195302843,0.7867737948084055,0.4207,0.6249,0.3915
HYLN,Hyliion Holdings Corp,Industrials,Electrical Equipment & Parts,,,-1.96,226.33999999999997,0.09,10.53,12.91,-12.73,132.22,3.6,-50.77,1.0,2840000.0,0.1,4.18,Aug 11/a,8.0,746540000.0,HIGH,20.23,-3.65,0.67,24.89,0.3096,True,7.85,True,11.08,6.601,4.621,-3.454,-22.57,0.792,7.0,7.11,32.0,8.48,4.22,7433197.0,,,89.6,0.3189122373300371,0.4907292954264524,0.21631644004944373,0.27750309023485786,0.28182941903584674,0.9320148331273177,0.9740420271940667,0.4196,0.5391,0.4526
HCC,Warrior Met Coal Inc,Basic Materials,Coking Coal,21.32,10.73,1451.22,70.56,-11.59,3.15,7.37,9.7,-10.6,0.7,-20.44,1.67,673260.0,0.06,88.65,Aug 05/a,109.43,4680000000.0,HIGH,-16.4,1.18,0.63,-11.74,0.3113,False,-8.47,False,-4.44,4.308,2.616,-2.3857,-19.66,0.794,17.0,-15.74,36.0,6.18,89.51,59022058.0,,,22.3,0.6390605686032138,0.5735475896168108,0.2150803461063041,0.2799752781211372,0.22558714462299134,0.5815822002472187,0.2138442521631644,0.4191,0.2177,0.4316
HYMC,Hycroft Mining Holding Corp,Basic Materials,Gold,,,46.7,,0.45000000000000007,19.85,26.37,-14.2,-39.3,2.76,-65.84,2.0,1980000.0,0.27,20.06,Jul 29,24.5,1870000000.0,HIGH,-9.84,4.63,0.83,-5.18,0.2069,False,-1.8,False,-6.31,6.777,6.122,-4.9637,-27.85,0.964,27.0,-11.2,,,21.48,46835984.0,,,14.1,0.1273176761433869,0.35970333745364647,0.4765142150803461,0.5315203955500618,0.5135970333745364,0.5049443757725587,0.43016069221260816,0.4189,0.4691,0.4193
CHRS,Coherus Oncology Inc,Healthcare,Biotechnology,,,63.16,39.53,0.0,-1.4,19.8,-20.0,-28.83,0.98,-55.65,1.33,1150000.0,0.04,1.16,Aug 05/a,7.75,179230000.0,HIGH,-19.86,-17.52,0.96,-15.2,0.2526,False,-14.68,False,-16.05,8.628,4.867,-4.8273,-33.92,1.837,,,36.0,-10.67,1.13,1664693.0,,,585.8,0.14215080346106304,0.2311495673671199,0.3337453646477132,0.9604449938195303,0.6588380716934487,0.18541409147095178,0.13782447466007416,0.4186,0.3529,0.4867
BKSY,BlackSky Technology Inc,Industrials,Specialty Business Services,,,57.31,50.080000000000005,-3.2,24.75,19.57,-19.58,-2.1,2.69,-56.879999999999995,1.29,1090000.0,0.06,22.8,Aug 06/b,38.71,933080000.0,HIGH,-1.9,0.35,0.82,2.76,0.1902,True,5.84,False,-3.93,5.989,3.484,-4.1746,-28.22,0.803,33.0,-18.73,36.0,-7.66,23.25,20813077.0,,,66.5,0.207663782447466,0.34981458590852904,0.5339925834363412,0.29913473423980225,0.49814585908529047,0.6069221260815822,0.7249690976514215,0.4159,0.5996,0.403
AEHR,Aehr Test Systems,Technology,Semiconductor Equipment & Materials,,,143.11,33.69,-31.290000000000003,3.29,16.42,6.419999999999999,210.12,3.51,-31.58,1.0,2810000.0,0.52,100.85,Jul 14/a,130.29,3290000000.0,HIGH,29.18,7.7,1.0,33.84,0.3808,True,17.01,True,10.09,7.807,9.857,-6.0912,-29.18,0.828,1.0,7.15,52.0,44.97,104.39,253527759.0,,,24.8,0.06180469715698393,0.3263288009888752,0.13967861557478367,0.3374536464771323,0.7033374536464772,0.92336217552534,0.9901112484548825,0.4153,0.6489,0.5065
XFOR,X4 Pharmaceuticals Inc,Healthcare,Biotechnology,,,96.32,346.33,-0.48,7.86,10.97,-27.190000000000005,-23.77,0.44,-36.24,1.0,963590.0,0.01,3.08,Aug 06/a,11.6,305340000.0,HIGH,-25.5,-13.88,1.68,-20.84,0.3819,False,-16.56,False,-22.72,9.466,3.92,-4.1506,-37.55,1.538,35.0,-27.82,35.0,-27.82,3.01,3807769.0,,,285.4,0.21137206427688504,0.17428924598269468,0.13720642768850433,0.92336217552534,0.9561186650185414,0.08776266996291718,0.0754017305315204,0.415,0.3582,0.5447
SPT,Sprout Social Inc,Technology,Software - Application,,6.08,75.02,10.8,-2.48,5.3,8.43,24.54,72.51,1.0,-33.24,2.64,1260000.0,0.0,9.54,Aug 06/a,10.67,578430000.0,HIGH,-16.97,-7.65,0.72,-12.31,0.2535,False,-11.25,False,-2.98,6.003,3.648,-3.7074,-19.56,0.809,10.0,-11.67,35.0,16.48,9.54,13243181.0,,,11.8,0.27070457354758964,0.57663782447466,0.3325092707045736,0.3096415327564895,0.3535228677379481,0.646477132262052,0.19283065512978986,0.4149,0.2829,0.3951
MFP,Midera Food Processing Inc,Industrials,Specialty Industrial Machinery,,16.5,,,1.54,172.21,3.98,21.71,,,-18.98,2.0,867890.0,0.03,42.6,Aug 13/a,46.67,1930000000.0,HIGH,-8.72,-5.39,0.66,-4.06,0.145,False,-2.75,False,-6.07,5.085,3.795,-3.3709,-18.81,0.541,23.0,-12.43,30.0,-0.91,42.69,21512114.0,,,9.3,0.34487021013597036,0.6056860321384425,0.695920889987639,0.05624227441285538,0.2657601977750309,0.515451174289246,0.4684796044499382,0.414,0.4759,0.2956
ALM,Almonty Industries Inc,Basic Materials,Other Industrial Metals & Mining,54.08,9.37,235.56,497.88999999999993,0.0,15.939999999999998,9.43,-17.84,-11.07,1.37,-45.68,1.17,6790000.0,0.17,13.26,Aug 11/a,25.4,3830000000.0,HIGH,-23.95,-6.41,1.7,-19.29,0.5267,False,-12.89,False,-9.08,9.472,9.475,-5.4463,-29.46,1.056,14.0,-21.91,32.0,3.24,13.72,106557231.0,,,85.1,0.09023485784919653,0.31396786155747836,0.046971569839307836,0.6619283065512979,0.9598269468479604,0.4079110012360939,0.09023485784919653,0.4135,0.3381,0.53
BBNX,Beta Bionics Inc,Healthcare,Medical Devices,,,-35.38,37.76,-1.9299999999999997,-4.79,23.63,28.249999999999996,102.63,3.35,-33.34,1.62,1280000.0,0.0,21.8,Jul 29/a,23.28,1180000000.0,HIGH,9.08,-2.4,0.63,13.74,0.4008,True,7.77,True,18.69,7.81,3.394,-5.8544,-8.7,0.736,4.0,-2.4,41.0,50.74,21.51,29980883.0,,,8.2,0.06798516687268233,0.8887515451174289,0.11619283065512975,0.2126081582200247,0.22558714462299134,0.969097651421508,0.9184177997527813,0.4134,0.4699,0.3688
VSH,Vishay Intertechnology Inc,Technology,Semiconductors,165.62,17.77,1193.88,16.57,0.0,15.07,12.43,-43.67,86.25,1.8,-54.37,1.8,5020000.0,0.08,31.7,Aug 05/b,40.0,4860000000.0,HIGH,6.51,-0.21,0.68,11.17,0.1245,True,3.05,False,-2.32,4.894,3.041,-3.0178,-36.01,0.59,,,37.0,-1.9,32.55,110084015.0,,,22.9,0.45488257107540175,0.2027194066749073,0.7787391841779976,0.0754017305315204,0.29913473423980225,0.6650185414091471,0.8862793572311496,0.4126,0.6779,0.3736
AXTI,AXT Inc,Technology,Semiconductor Equipment & Materials,4093.55,34.36,208.25,164.77,-9.08,26.789999999999996,14.03,6.550000000000001,25.58,1.88,-46.81,1.33,10030000.0,0.52,76.14,Jul 30/a,95.03,4990000000.0,HIGH,34.64,-1.24,0.85,39.3,0.4856,True,19.56,True,20.64,7.953,6.891,-7.5671,-19.28,0.788,5.0,12.72,40.0,68.17,78.94,583511696.0,,,20.4,0.029666254635352288,0.588380716934487,0.06242274412855375,0.2719406674907293,0.5352286773794809,0.9802224969097652,0.9938195302843016,0.4113,0.5768,0.4543
STAA,Staar Surgical Co,Healthcare,Medical Instruments & Supplies,308.27,37.99,146.1,111.04,0.0,-0.9399999999999998,15.27,-30.11,14.59,1.18,-42.85,2.82,1010000.0,0.01,20.5,Aug 12/a,27.89,1030000000.0,HIGH,-7.24,0.94,1.16,-2.58,0.2677,False,-7.32,False,-11.94,5.391,5.363,-3.153,-31.43,0.839,,,31.0,-19.03,20.51,24783508.0,,,36.0,0.40173053152039556,0.27935723114956734,0.29542645241038323,0.34981458590852904,0.826946847960445,0.3127317676143387,0.519159456118665,0.411,0.5444,0.4728
COCO,Vita Coco Company Inc,Consumer Defensive,Beverages - Non-Alcoholic,32.29,26.62,112.29,28.08,-8.27,-1.52,12.04,-19.34,24.55,0.75,-31.840000000000003,1.67,1270000.0,0.0,58.5,Jul 23/b,83.22,3360000000.0,HIGH,-5.06,2.34,0.55,-0.4,0.2003,True,4.06,False,-5.98,4.405,3.567,-2.7562,-26.75,0.875,,,46.0,-15.54,58.59,86963767.0,,,42.0,0.515451174289246,0.37824474660074164,0.49752781211372066,0.41718170580964153,0.1334981458590853,0.5173053152039555,0.6081582200247219,0.4099,0.4326,0.3959
HGV,Hilton Grand Vacations Inc,Consumer Cyclical,Resorts & Casinos,20.03,6.72,-45.32,7.2700000000000005,-1.71,3.4099999999999997,11.91,-34.12,-6.47,1.6,-36.05,2.27,1120000.0,0.0,35.43,Jul 30/b,55.9,2750000000.0,HIGH,-18.35,0.59,0.71,-13.69,0.2911,False,-7.93,False,-17.7,3.809,2.893,-1.8013,-32.98,1.054,,,41.0,-22.78,35.77,40875860.0,,,56.3,0.8046971569839307,0.2546353522867738,0.2484548825710754,0.657601977750309,0.3411619283065513,0.15203955500618047,0.16872682323856614,0.4098,0.2444,0.4889
PDFS,PDF Solutions Inc,Technology,Software - Application,192.55,29.41,250.0,18.95,-0.11,20.91,8.62,-26.27,45.25,1.68,-32.2,1.38,619380.0,0.0,48.6,Aug 06/a,61.5,2049999999.9999998,HIGH,10.58,6.08,0.63,15.24,0.2296,True,9.22,True,5.25,5.122,3.37,-3.9878,-25.65,0.807,1.0,3.49,35.0,7.95,49.55,28848677.0,,,24.1,0.2311495673671199,0.40976514215080345,0.411619283065513,0.30407911001236093,0.22558714462299134,0.8665018541409147,0.9338689740420272,0.4081,0.5647,0.4068
REZI,Resideo Technologies Inc,Industrials,Industrial Distribution,8.09,9.72,109.18,1.96,0.2,-0.11,7.17,-12.93,-21.06,1.53,-41.94,1.5,2550000.0,0.01,18.29,Aug 12/a,30.83,2780000000.0,HIGH,-6.93,-2.87,0.61,-2.27,0.1017,False,-3.87,False,-15.08,3.523,2.901,-1.6811,-33.2,0.618,38.0,-27.54,31.0,-10.7,18.27,41272166.0,,,68.7,0.8294190358467244,0.2466007416563659,0.8566131025957973,0.09456118665018541,0.20086526576019778,0.2138442521631644,0.5315203955500618,0.407,0.5299,0.3347
EVC,Entravision Communications Corp,Communication Services,Advertising Agencies,339.91,,597.14,126.24,-13.059999999999999,19.92,12.34,-38.4,143.75,1.73,-46.07,1.0,1580000.0,0.0,7.41,Aug 10/a,3.5,683860000.0,HIGH,-8.18,-7.26,1.08,-3.52,0.1566,False,-8.72,False,-19.83,4.714,5.533,-2.3346,-46.07,0.685,35.0,-35.06,33.0,-19.72,7.41,9155342.0,,,-52.8,0.6551297898640297,0.09641532756489493,0.6563658838071693,0.1526576019777503,0.754017305315204,0.11928306551297899,0.4894932014833127,0.4056,0.6189,0.4203
IMRX,Immuneering Corp,Healthcare,Biotechnology,,,33.46,,0.09,11.38,27.95,-13.66,-12.1,0.43,-48.58,1.0,886650.0,0.1,4.36,Aug 06/b,17.17,282080000.0,HIGH,-14.43,-3.83,0.72,-9.77,0.2299,False,-7.31,False,-8.45,4.846,3.396,-2.7982,-25.09,0.808,27.0,-15.11,36.0,-2.73,4.27,3304330.0,,,302.1,0.5006180469715699,0.4276885043263288,0.4079110012360939,0.3065512978986403,0.3535228677379481,0.43016069221260816,0.26823238566131025,0.4044,0.3357,0.3977
CRVS,Corvus Pharmaceuticals Inc,Healthcare,Biotechnology,,,-89.11,,0.15,1.12,26.51,-19.74,-17.04,1.41,-56.87,1.12,1060000.0,0.01,11.62,Aug 06/a,33.14,977680000.0,HIGH,-17.94,-6.44,0.95,-13.28,0.2727,False,-11.98,False,-15.62,6.323,5.379,-3.525,-29.45,1.074,27.0,-21.65,35.0,-16.16,11.62,14954430.0,,,185.2,0.29913473423980225,0.315203955500618,0.284301606922126,0.6792336217552534,0.6489493201483313,0.19901112484548825,0.17676143386897405,0.4043,0.3507,0.4566
EROC,ERock Inc,Industrials,Specialty Industrial Machinery,,,,,0.0,32.67,32.16,-11.32,,,-40.58,1.12,2370000.0,0.05,12.3,Aug 11/a,22.5,2700000000.0,HIGH,2.36,-5.83,0.87,7.02,0.2413,True,2.59,True,2.4,9.201,10.079,-6.2725,-29.01,0.799,32.0,12.0,32.0,12.0,12.6,32640840.0,,,78.6,0.05686032138442522,0.3300370828182942,0.37082818294190356,0.29295426452410384,0.5624227441285538,0.8121137206427689,0.8355995055624228,0.4042,0.6142,0.4311
OABI,OmniAb Inc,Healthcare,Biotechnology,,,69.59,244.24,-0.12,-4.33,6.01,80.54,207.28,0.61,-14.550000000000002,1.0,1360000.0,0.0,4.64,Aug 06/a,7.64,674610000.0,HIGH,3.13,0.66,0.53,7.79,0.2587,True,3.06,True,28.4,5.493,5.531,-5.38,-15.1,0.723,17.0,3.83,35.0,105.8,4.61,6713478.0,,,65.7,0.09517923362175525,0.703955500618047,0.3226205191594561,0.1934487021013597,0.11310259579728059,0.9950556242274413,0.8516687268232386,0.4039,0.4714,0.3492
IKT,Inhibikase Therapeutics Inc,Healthcare,Biotechnology,,,-1.81,,0.0,12.990000000000002,17.09,7.85,26.38,0.89,-21.07,1.0,751640.0,0.0,2.06,Aug 11/a,6.0,287440000.0,HIGH,-14.52,-6.36,0.83,-9.86,0.2164,False,-11.51,False,-12.18,4.886,5.097,-3.0853,-21.07,0.715,16.0,-17.6,32.0,-14.17,2.06,1254737.0,,,191.3,0.4326328800988875,0.5377008652657602,0.44870210135970334,0.18355995055624227,0.5135970333745364,0.3022249690976514,0.2669962917181706,0.4031,0.3955,0.358
TNDM,Tandem Diabetes Care Inc,Healthcare,Medical Devices,,114.97,60.75000000000001,5.59,0.0,-0.89,18.15,1.01,-23.86,1.64,-46.07,1.92,1930000.0,0.01,15.99,Aug 06/a,29.0,1110000000.0,HIGH,-26.64,-10.78,1.41,-21.98,0.4475,False,-14.37,False,-19.83,7.496,8.588,-3.7768,-36.64,1.304,28.0,-29.36,35.0,-16.34,15.72,35818439.0,,,84.5,0.25710754017305315,0.18788627935723115,0.08034610630407912,0.8566131025957973,0.9140914709517923,0.11928306551297899,0.059332509270704575,0.4026,0.3221,0.5368
ABTC,American Bitcoin Corp,Financial,Capital Markets,,,84.59,4766.74,1.55,3.6799999999999997,16.39,-16.7,-30.78,3.98,-92.06,1.0,1760000.0,0.16,8.93,Aug 03/b,21.0,650280000.0,HIGH,18.34,-11.65,0.6,23.0,0.4108,True,4.33,True,20.41,8.195,9.231,-7.9918,-17.64,0.908,6.0,3.06,39.0,64.86,9.1,16302105.0,,,130.8,0.02595797280593325,0.6440049443757726,0.10630407911001238,0.4721878862793572,0.18788627935723115,0.9789864029666254,0.969097651421508,0.4026,0.4759,0.4163
UNCY,Unicycive Therapeutics Inc,Healthcare,Biotechnology,,2.65,87.79,,0.0,4.94,15.79,-37.51,-24.7,1.81,-44.95,1.0,1410000.0,0.02,4.81,Aug 12/b,29.6,134030000.0,HIGH,-10.83,-1.57,0.62,-6.17,0.1763,False,-6.26,False,-9.62,4.844,4.047,-3.0211,-20.83,0.752,,,32.0,-6.1,4.7,4008629.0,,,529.8,0.453646477132262,0.5401730531520396,0.5809641532756489,0.23053152039555005,0.2126081582200247,0.3967861557478368,0.3868974042027194,0.4025,0.3928,0.3234
ALLO,Allogene Therapeutics Inc,Healthcare,Biotechnology,,,44.26,,-0.04,53.72,24.92,-25.679999999999996,-26.99,0.54,-63.0,1.27,6870000.0,0.04,1.65,Aug 12/a,8.75,570060000.0,HIGH,-18.32,-2.37,0.64,-13.66,0.2971,False,-8.51,False,-12.99,5.411,4.242,-2.3461,-26.01,1.019,27.0,-18.72,31.0,-16.67,1.65,10029248.0,,,430.3,0.6526576019777504,0.4042027194066749,0.23980222496909764,0.6093943139678616,0.23856613102595797,0.2694684796044499,0.17058096415327564,0.4023,0.2117,0.4425
BRBR,Bellring Brands Inc,Consumer Defensive,Packaged Foods,5.59,6.02,78.73,4.18,0.27,6.41,11.36,-35.78,-48.21,0.4,-78.48,1.94,4120000.0,0.0,7.95,Aug 04/b,14.71,924410000.0,HIGH,-26.01,-11.62,2.03,-21.35,0.3798,False,-16.05,False,-26.98,5.736,5.183,-3.3269,-44.65,1.173,,,38.0,-37.96,7.91,30793020.0,,,86.0,0.3572311495673671,0.11248454882571075,0.1409147095179234,0.7725587144622992,0.9789864029666254,0.05067985166872682,0.06551297898640297,0.4021,0.3622,0.5399
PEPG,PepGen Inc,Healthcare,Biotechnology,,,63.49,,-0.02,-5.15,6.26,41.59,-44.24,1.98,-67.69,1.38,929430.0,0.04,2.52,Aug 06/b,10.19,174550000.0,HIGH,-15.91,-8.8,0.78,-11.25,0.233,False,-12.81,False,-3.93,7.101,5.212,-3.2418,-27.45,0.739,25.0,-14.66,36.0,30.81,2.59,1959830.0,,,293.4,0.380716934487021,0.36711990111248455,0.3974042027194067,0.21446229913473425,0.44561186650185414,0.6069221260815822,0.22620519159456118,0.402,0.3434,0.4119
LWLG,Lightwave Logic Inc,Basic Materials,Specialty Chemicals,,,-8.84,27.91,-8.51,12.01,17.02,-43.36,-28.13,2.4,-72.21,1.0,3370000.0,0.03,5.2,Aug 11/b,10.0,801670000.0,HIGH,-3.28,-3.1,1.03,1.38,0.1934,True,2.03,False,-12.72,5.798,5.085,-4.2543,-37.31,0.94,35.0,-30.04,33.0,-29.76,5.31,13546048.0,,,88.3,0.1965389369592089,0.17985166872682323,0.5241038318912237,0.5024721878862793,0.7218788627935723,0.28244746600741655,0.6749072929542645,0.4012,0.6438,0.4258
HOS,Hornbeck Offshore Services Inc,Industrials,Marine Shipping,52.01,14.67,354.29,0.57,0.0,14.610000000000001,5.88,-5.05,-18.12,1.21,-25.7,2.0,1830000.0,0.0,8.27,Aug 06/b,11.67,1840000000.0,HIGH,-19.23,-1.68,0.76,-14.57,0.3347,False,-9.29,False,-13.89,3.881,2.076,-2.7316,-26.42,1.049,18.0,-20.49,36.0,-12.12,8.19,24264181.0,,,42.5,0.5241038318912238,0.39060568603213847,0.18294190358467244,0.65389369592089,0.4122373300370828,0.24351050679851668,0.14833127317676142,0.4012,0.2379,0.4584
SOC,Sable Offshore Corp,Energy,Oil & Gas Drilling,,4.73,70.2,,-5.21,17.67,27.49,-43.19,-78.54,-0.17,-80.91,1.29,11840000.0,0.05,3.96,Aug 10/a,9.4,759780000.0,HIGH,-13.59,-10.39,1.49,-8.93,0.2997,False,-15.72,False,-15.22,8.868,8.505,-4.0863,-28.61,0.905,11.0,-21.14,33.0,-16.56,3.88,34115537.0,,,142.3,0.21878862793572312,0.3411619283065513,0.23609394313967857,0.4672435105067985,0.9332509270704573,0.21013597033374537,0.29171817058096416,0.4011,0.4675,0.4574
ALKT,Alkami Technology Inc,Technology,Software - Application,,12.66,36.61,15.869999999999997,21.27,-7.5,10.96,-19.33,-10.07,0.57,-47.17,1.89,1740000.0,0.01,13.71,Jul 29/a,20.71,1470000000.0,HIGH,-31.75,-25.45,1.56,-27.09,0.4335,False,-25.9,False,-26.94,8.408,4.348,-5.0202,-34.44,2.191,33.0,-29.66,41.0,-22.52,13.8,36714534.0,,,50.1,0.11990111248454882,0.22249690976514216,0.08652657601977753,0.9814585908529048,0.9437577255871447,0.0519159456118665,0.030284301606922127,0.401,0.3212,0.5243
MEC,Mayville Engineering Company Inc,Industrials,Metal Fabrication,,16.88,-71.96,23.16,-1.56,38.29,10.16,-53.620000000000005,-4.88,1.41,-55.730000000000004,1.0,583830.0,0.0,17.16,Aug 04/a,37.0,437590000.0,HIGH,-11.18,0.53,1.14,-6.52,0.2418,False,-6.41,False,-23.69,6.207,4.924,-2.4764,-51.93,0.912,,,37.0,-32.71,17.16,9228713.0,,,115.6,0.6081582200247219,0.06180469715698393,0.36341161928306553,0.4758961681087763,0.811495673671199,0.07787391841779975,0.36711990111248455,0.3998,0.4993,0.4934
COLL,Collegium Pharmaceutical Inc,Healthcare,Drug Manufacturers - Specialty & Generic,17.85,3.3,-234.56,6.32,-2.39,2.27,17.82,-38.76,-32.07,0.72,-56.61000000000001,1.38,722050.0,0.17,22.04,Aug 06/b,49.0,717390000.0,HIGH,-11.12,-2.21,0.53,-6.46,0.151,False,-2.75,False,-19.82,3.978,2.734,-1.8124,-41.47,0.976,,,36.0,-22.6,22.53,22041912.0,,,117.5,0.8022249690976514,0.13473423980222496,0.6711990111248455,0.5488257107540173,0.11310259579728059,0.1211372064276885,0.37453646477132263,0.3985,0.3851,0.3963
AMBQ,Ambiq Micro Inc,Technology,Semiconductors,,,29.770000000000003,89.68,-11.08,35.24,10.54,-18.54,191.46,5.47,-24.38,1.67,534810.0,0.02,69.28,Aug 11/b,85.67,1680000000.0,HIGH,21.71,-1.83,0.46,26.37,0.3296,True,11.8,True,8.97,5.663,3.22,-4.0782,-22.8,0.954,6.0,11.93,33.0,9.18,69.79,36781296.0,,,22.8,0.22249690976514216,0.48084054388133496,0.18788627935723112,0.5210135970333746,0.06180469715698393,0.9134734239802225,0.9777503090234858,0.3979,0.466,0.4297
MNR,Mach Natural Resources LP,Energy,Oil & Gas E&P,20.04,7.95,-22.82,64.19,-3.9,-5.07,1.5,-15.47,-27.250000000000004,-0.42,-29.43,1.5,608550.0,0.0,10.6,Aug 06/a,17.56,1770000000.0,HIGH,-16.87,-5.2,0.54,-12.21,0.3121,False,-11.84,False,-17.19,3.592,3.865,-2.5386,-24.14,1.279,40.0,-22.85,35.0,-19.75,10.4,14789019.0,,,68.8,0.595797280593325,0.4511742892459827,0.21013597033374531,0.8430160692212608,0.12237330037082818,0.16069221260815822,0.19901112484548825,0.3972,0.1794,0.4305
TRVI,Trevi Therapeutics Inc,Healthcare,Biotechnology,,,-20.34,,-0.1,11.35,11.71,-25.929999999999996,21.8,0.96,-31.75,1.0,2029999.9999999998,0.02,13.8,Aug 06/a,29.5,1970000000.0,HIGH,-14.18,-3.22,0.88,-9.52,0.2439,False,-8.91,False,-16.25,4.357,2.915,-2.6012,-28.73,0.84,28.0,-22.02,35.0,-22.11,14.41,24342101.0,,,104.7,0.5784919653893696,0.3399258343634116,0.3547589616810878,0.35290482076637825,0.5754017305315204,0.17799752781211373,0.276885043263288,0.3966,0.3898,0.4212
LAZ,Lazard Inc,Financial,Capital Markets,18.12,9.61,-93.64,0.29,-12.24,9.65,10.29,-8.42,-5.47,1.45,-37.07,2.6,1710000.0,0.0,36.97,Jul 23/b,47.38,3600000000.0,HIGH,-15.86,0.66,0.52,-11.2,0.3374,False,-8.28,False,-12.7,5.314,2.669,-2.1753,-21.79,1.005,31.0,-15.66,46.0,-14.7,36.72,68280137.0,,,29.0,0.7008652657601978,0.5166872682323856,0.17799752781211375,0.592707045735476,0.10506798516687268,0.2843016069221261,0.2280593325092707,0.3963,0.1761,0.4207
MAX,MediaAlpha Inc,Communication Services,Internet Content & Information,5.72,7.87,290.35,25.929999999999996,-5.33,-1.41,10.81,-25.840000000000003,1.3,1.12,-37.5,1.67,861560.0,0.0,9.19,Jul 29/a,15.62,562900000.0,HIGH,-27.86,-14.09,0.93,-23.2,0.3925,False,-17.72,False,-25.25,6.452,4.261,-2.6143,-36.94,1.186,49.0,-34.35,41.0,-31.54,9.27,8043554.0,,,68.5,0.5723114956736712,0.18541409147095178,0.1248454882571075,0.7812113720642769,0.6310259579728059,0.0630407911001236,0.048207663782447466,0.393,0.246,0.5119
PALI,Palisade Bio Inc,Healthcare,Biotechnology,,,91.38,,-0.73,7.249999999999999,18.42,-33.94,-26.35,1.6,-48.4,1.0,3160000.0,0.09,1.47,Aug 10/a,10.4,256720000.00000003,HIGH,-27.5,-14.2,1.71,-22.84,0.4712,False,-22.48,False,-26.47,9.212,9.655,-5.207,-35.27,1.669,14.0,-30.62,33.0,-30.95,1.45,5995978.0,,,617.2,0.103831891223733,0.21755253399258342,0.07231149567367123,0.9431396786155748,0.9635352286773795,0.05315203955500618,0.05067985166872682,0.3923,0.331,0.5159
RCKT,Rocket Pharmaceuticals Inc,Healthcare,Biotechnology,,,273.32,,-3.32,2.58,14.32,-24.33,-32.36,0.47,-53.21,2.29,1830000.0,0.12,2.55,Aug 10/a,8.85,279930000.0,HIGH,-32.77,-20.64,1.43,-28.11,0.4139,False,-24.9,False,-24.49,9.254,8.863,-4.2681,-40.07,1.531,20.0,-28.31,33.0,-25.86,2.6,6173282.0,,,240.4,0.19406674907292953,0.14709517923362175,0.1013597033374537,0.9196538936959209,0.9177997527812114,0.07169344870210136,0.02595797280593325,0.3919,0.3161,0.5258
URG,Ur-Energy Inc,Energy,Uranium,,,26.83,37.74,-1.25,5.17,15.72,-11.36,-17.61,1.13,-50.21,1.0,7340000.0,0.06,1.17,Aug 10/a,2.18,465500000.0,HIGH,-19.86,-8.13,0.77,-15.2,0.3119,False,-11.96,False,-13.82,4.93,2.655,-2.8062,-26.62,0.99,24.0,-20.42,33.0,-18.71,1.13,7839295.0,,,92.9,0.49814585908529047,0.3819530284301607,0.21322620519159452,0.5735475896168108,0.4289245982694685,0.24474660074165636,0.13782447466007416,0.3901,0.2478,0.4363
TLS,Telos Corp,Technology,Software - Infrastructure,,18.09,106.52999999999999,32.74,-3.9800000000000004,3.72,5.87,-10.42,-4.72,0.94,-51.67,2.0,601200.0,0.01,4.04,Aug 10/b,6.33,301940000.0,HIGH,-15.66,0.25,0.71,-11.0,0.3073,False,-7.96,False,-9.42,5.315,2.104,-4.402,-21.25,1.058,16.0,-14.23,34.0,0.25,4.04,3157786.0,,,56.7,0.173053152039555,0.5352286773794809,0.22126081582200252,0.6650185414091471,0.3411619283065513,0.40296662546353523,0.23485784919653893,0.3898,0.2627,0.3956
CGEM,Cullinan Therapeutics Inc,Healthcare,Biotechnology,,,27.0,,-0.34,6.7,19.85,-19.98,14.71,-0.07,-36.44,1.0,853010.0,0.02,14.74,Aug 06/b,34.58,948590000.0,HIGH,-31.75,-30.63,1.44,-27.09,0.4257,False,-27.91,False,-24.75,9.229,6.415,-5.4469,-36.14,2.028,23.0,-32.13,36.0,-15.9,14.81,23361230.0,,,133.5,0.08899876390605686,0.19777503090234858,0.08899876390605688,0.9728059332509271,0.9208899876390606,0.06798516687268233,0.030284301606922127,0.3896,0.3151,0.5127
ASO,Academy Sports and Outdoors Inc,Consumer Cyclical,Specialty Retail,8.19,6.96,17.1,2.97,-11.31,1.7000000000000002,13.5,4.6,-8.17,0.99,-21.31,2.22,1710000.0,0.0,49.14,Sep 09/b,59.65,3030000000.0,HIGH,12.97,1.34,0.6,17.63,0.3247,True,2.0,True,2.81,5.07,3.968,-4.1757,-13.61,0.709,13.0,9.91,13.0,9.91,49.14,108853485.0,,,21.4,0.20642768850432633,0.7478368355995055,0.19653893695920888,0.17676143386897405,0.18788627935723115,0.8207663782447466,0.9517923362175525,0.3894,0.496,0.348
SLDB,Solid Biosciences Inc,Healthcare,Biotechnology,,,9.06,,0.0,13.03,19.55,-22.91,2.67,2.45,-36.24,1.0,1250000.0,0.0,7.3,Aug 06/a,18.62,782740000.0,HIGH,-25.38,-14.64,1.18,-20.72,0.3932,False,-19.57,False,-17.85,7.263,5.35,-3.9367,-36.33,1.203,17.0,-26.21,35.0,-13.11,7.29,10629901.0,,,155.4,0.23980222496909764,0.19283065512978986,0.12237330037082816,0.7935723114956736,0.8362175525339925,0.14956736711990112,0.07663782447466007,0.3891,0.3182,0.5048
PMVP,PMV Pharmaceuticals Inc,Healthcare,Biotechnology,,,16.92,,0.0,-3.7599999999999993,4.28,5.43,3.82,1.4,-27.66,1.0,506100.0,0.0,1.36,Aug 14/b,4.2,102700000.0,HIGH,9.02,-9.83,0.28,13.68,0.2742,False,-2.55,True,3.31,7.465,6.767,-4.1298,-12.79,0.726,4.0,-9.83,30.0,9.47,1.33,1280625.0,,,215.8,0.21631644004944375,0.7775030902348579,0.28059332509270707,0.19592088998763907,0.027194066749072928,0.8318912237330037,0.9159456118665018,0.3882,0.4587,0.3178
VELO,Velo3D Inc,Technology,Computer Hardware,,,60.11,52.25,0.0,20.74,35.95,-40.22,22.22,2.58,-65.35,1.0,1620000.0,0.03,11.0,Aug 11/a,23.25,353640000.0,HIGH,-4.89,0.36,1.16,-0.23,0.239,True,2.25,False,-4.44,6.402,6.2,-4.4097,-37.31,0.718,32.0,-17.53,32.0,-17.53,11.29,10239493.0,,,105.9,0.17181705809641531,0.17985166872682323,0.37762669962917184,0.188504326328801,0.826946847960445,0.5815822002472187,0.6161928306551298,0.3877,0.6078,0.4422
ADTN,ADTRAN Holdings Inc,Technology,Communication Equipment,,12.27,46.59,6.07,-2.2,5.41,16.77,-48.03,-44.74,1.48,-64.24,1.44,2009999.9999999998,0.0,7.15,Aug 04/b,14.7,582230000.0,HIGH,-7.64,-1.11,0.99,-2.98,0.1308,False,-1.93,False,-12.5,4.518,4.208,-3.2365,-48.03,0.643,,,38.0,-18.61,7.13,11815231.0,,,106.2,0.3831891223733004,0.08776266996291718,0.7441285537700866,0.11742892459826947,0.6903584672435105,0.2941903584672435,0.5061804697156984,0.3862,0.6328,0.3713
EVER,EverQuote Inc,Communication Services,Internet Content & Information,6.13,8.25,37.21,24.55,-1.19,4.01,25.02,-19.33,23.9,0.65,-34.49,1.62,770420.0,0.06,18.82,Aug 03/a,29.5,663210000.0,HIGH,-27.36,-18.35,1.1,-22.7,0.4425,False,-19.31,False,-23.64,7.261,5.901,-4.5241,-34.12,2.389,49.0,-28.75,38.0,-21.88,18.64,18774271.0,,,58.3,0.15822002472187885,0.226823238566131,0.08158220024721874,0.9851668726823238,0.7744128553770087,0.07911001236093942,0.0519159456118665,0.3842,0.2776,0.4992
MBC,MasterBrand Inc,Consumer Cyclical,"Furnishings, Fixtures & Appliances",,30.13,-229.8,11.53,-0.15,45.12,8.98,-26.82,-14.84,1.45,-48.19,3.0,2300000.0,0.0,7.23,Aug 04/a,10.3,1470000000.0,HIGH,-16.22,6.01,0.65,-11.56,0.3496,False,-3.61,False,-13.24,6.055,4.564,-3.2622,-27.99,1.405,38.0,-18.95,37.0,-20.9,7.23,22268460.0,,,42.5,0.37453646477132263,0.3572311495673671,0.16563658838071693,0.8899876390605687,0.2521631644004944,0.26328800988875156,0.21940667490729296,0.3838,0.2131,0.445
PACK,Ranpak Holdings Corp,Consumer Cyclical,Packaging & Containers,,,-3.6000000000000005,13.98,0.0,-2.74,3.97,-39.95,19.29,3.13,-43.79,1.67,505540.0,0.0,4.39,Jul 30/b,7.08,376480000.0,HIGH,-10.41,8.93,1.04,-5.75,0.2875,True,4.19,False,-13.55,4.287,4.784,-3.1363,-38.6,0.929,,,41.0,-15.09,4.39,2010045.0,,,61.3,0.40914709517923364,0.1619283065512979,0.25401730531520395,0.49443757725587145,0.7280593325092707,0.2546353522867738,0.40296662546353523,0.3837,0.4558,0.4716
LXEO,Lexeo Therapeutics Inc,Healthcare,Biotechnology,,,49.57,,-0.96,6.69,29.85,-30.320000000000004,-41.42,1.57,-69.88,1.11,984080.0,0.0,3.31,Aug 12/b,20.67,271710000.0,HIGH,-31.89,-18.87,1.0,-27.23,0.4482,False,-22.96,False,-27.25,7.717,5.589,-3.3315,-38.76,1.786,27.0,-32.86,32.0,-30.75,3.31,4133062.0,,,524.5,0.3535228677379481,0.15822002472187885,0.0791100123609394,0.9592088998763906,0.7033374536464772,0.04697156983930779,0.02843016069221261,0.3834,0.2461,0.5158
GPCR,Structure Therapeutics Inc ADR,Healthcare,Biotechnology,,,-36.11,,0.0,1.49,9.51,-28.42,-19.43,-1.47,-61.01,1.12,851730.0,0.06,37.0,Aug 06/a,106.73,2640000000.0,HIGH,-24.15,-2.39,1.23,-19.49,0.4828,False,-10.99,False,-22.76,6.805,4.731,-4.2817,-37.05,1.536,32.0,-31.08,35.0,-31.72,35.93,50923839.0,,,197.0,0.18665018541409148,0.1841779975278121,0.06551297898640296,0.9221260815822002,0.8559950556242274,0.08529048207663782,0.08776266996291718,0.3833,0.3116,0.5125
FWRG,First Watch Restaurant Group Inc,Consumer Cyclical,Restaurants,35.4,39.49,11.9,15.2,0.0,-3.66,10.82,-22.9,-3.01,1.03,-46.87,1.0,1150000.0,0.0,10.0,Aug 04/b,19.5,617120000.0,HIGH,-18.94,0.0,0.82,-14.28,0.3291,False,-8.98,False,-15.6,4.972,2.268,-3.0522,-25.44,0.969,,,38.0,-18.88,10.14,13600080.0,,,92.3,0.4400494437577256,0.42027194066749074,0.1915945611866502,0.5395550061804697,0.49814585908529047,0.20086526576019778,0.15327564894932014,0.3817,0.2682,0.4197
ELVN,Enliven Therapeutics Inc,Healthcare,Biotechnology,,,-0.97,,-10.03,37.43,14.14,-10.91,16.66,0.22,-27.310000000000002,1.15,1210000.0,0.02,45.3,Aug 05/a,73.45,3320000000.0,HIGH,-22.66,-8.43,0.67,-18.0,0.3898,False,-16.25,False,-19.76,5.034,3.564,-2.4034,-28.19,1.181,24.0,-25.19,36.0,-25.04,44.75,75127492.0,,,64.1,0.630407911001236,0.3510506798516687,0.12731767614338685,0.7756489493201484,0.28182941903584674,0.12237330037082818,0.10135970333745364,0.3814,0.1633,0.4526
SKYX,SKYX Platforms Corp,Industrials,Electrical Equipment & Parts,,,25.8,9.58,0.0,-15.35,3.49,19.67,1.15,2.32,-63.25999999999999,1.0,1220000.0,0.02,1.21,Aug 12/a,4.0,163700000.0,HIGH,1.65,-2.38,0.68,6.31,0.2096,False,-5.29,True,0.72,7.549,4.878,-5.1431,-19.08,0.486,10.0,-8.89,31.0,11.82,1.23,1196778.0,,,225.2,0.10877626699629171,0.5970333745364648,0.4697156983930779,0.03955500618046971,0.29913473423980225,0.7682323856613102,0.826946847960445,0.3804,0.5614,0.3039
VERA,Vera Therapeutics Inc,Healthcare,Biotechnology,,,-27.01,,-1.05,8.49,29.11,-24.96,-16.68,1.04,-42.23,1.14,2420000.0,0.1,32.38,Aug 10/a,77.5,2330000000.0,HIGH,-4.83,-4.99,0.49,-0.17,0.1297,False,-4.85,False,-3.19,6.87,3.012,-3.9185,-27.05,0.727,23.0,-3.5,33.0,7.43,32.54,87245896.0,,,138.2,0.24103831891223734,0.37330037082818296,0.7515451174289246,0.1983930778739184,0.08034610630407911,0.6359703337453646,0.6205191594561187,0.3801,0.4978,0.2889
DMRA,Damora Therapeutics Inc,Healthcare,Biotechnology,,,80.38,,0.09,17.49,9.83,-9.13,-13.73,1.41,-42.6,1.0,669710.0,0.03,22.0,Aug 10/a,46.89,1360000000.0,HIGH,-28.76,-9.58,1.79,-24.1,0.5096,False,-19.24,False,-27.39,9.43,4.84,-4.9322,-40.79,1.617,27.0,-35.03,33.0,-30.06,20.66,19373898.0,,,127.0,0.1334981458590853,0.14215080346106304,0.050679851668726794,0.9369592088998764,0.969097651421508,0.04573547589616811,0.04573547589616811,0.3797,0.3242,0.5213
VERX,Vertex Inc,Technology,Software - Application,529.3,11.2,1033.33,10.52,-0.01,-6.709999999999999,7.26,-0.18,0.35,0.82,-57.11999999999999,2.12,1950000.0,0.0,11.38,Aug 03/a,17.15,1850000000.0,HIGH,-20.07,-5.88,0.79,-15.41,0.2799,False,-10.66,False,-10.57,5.026,3.166,-2.6204,-21.31,0.585,21.0,-16.15,38.0,-8.23,11.37,17488393.0,,,50.8,0.5710754017305315,0.5327564894932015,0.2719406674907293,0.07416563658838071,0.4604449938195303,0.3658838071693449,0.1334981458590853,0.3794,0.2731,0.3679
SFIX,Stitch Fix Inc,Consumer Cyclical,Apparel Retail,,,76.26,4.24,-3.7000000000000006,-1.04,13.25,-51.190000000000005,-35.8,2.34,-62.79,3.0,1970000.0,0.25,2.14,Sep 23/a,3.5,285650000.0,HIGH,-31.48,-24.39,1.71,-26.82,0.3657,False,-25.57,False,-36.44,8.051,3.944,-5.6041,-51.24,3.375,38.0,-47.95,2.0,-2.49,2.15,7898706.0,,,62.8,0.08034610630407911,0.069221260815822,0.14833127317676142,0.9913473423980222,0.9635352286773795,0.022249690976514216,0.032138442521631644,0.3792,0.3464,0.5144
FOUR,Shift4 Payments Inc,Technology,Software - Infrastructure,63.22,6.28,-72.95,34.03,1.69,-2.83,26.72,-18.52,-11.65,1.37,-51.46999999999999,2.08,1740000.0,0.06,39.3,Aug 06/b,54.41,3100000000.0,HIGH,-12.53,-2.34,0.8,-7.87,0.2371,False,-8.1,False,-15.94,6.123,5.176,-3.9,-33.0,1.128,43.0,-23.05,36.0,-11.32,38.45,87540989.0,,,41.5,0.242274412855377,0.25339925834363414,0.3856613102595797,0.7286773794808405,0.4721878862793572,0.18912237330037082,0.3145859085290482,0.3786,0.3832,0.4081
MPT,Medical Properties Trust Inc,Real Estate,REIT - Healthcare Facilities,,,96.95,7.870000000000001,0.0,4.28,29.66,-23.16,-21.63,1.48,-45.13,2.62,8020000.0,0.0,3.55,Aug 10/b,5.12,2120000000.0,HIGH,-12.71,-2.19,0.62,-8.05,0.2496,False,-4.75,False,-14.2,4.262,2.241,-3.2203,-27.59,1.13,48.0,-24.84,34.0,-13.98,3.57,40583081.0,,,43.4,0.38936959208899874,0.3646477132262052,0.3399258343634116,0.7330037082818294,0.2126081582200247,0.2311495673671199,0.3127317676143387,0.3785,0.2909,0.3915
AIRJ,AirJoule Technologies Corp,Industrials,Building Products & Equipment,,,-392.82,,-0.02,3.61,14.86,-11.74,38.1,0.87,-39.85,1.33,1410000.0,0.06,4.06,Aug 13/a,9.55,305340000.0,HIGH,-10.31,-6.83,0.88,-5.65,0.1639,False,-5.21,False,-13.8,4.728,3.79,-2.5736,-38.5,0.557,33.0,-31.03,30.0,-32.28,4.09,3865903.0,,,133.5,0.5908529048207664,0.1631644004944376,0.6291718170580964,0.06056860321384425,0.5754017305315204,0.24598269468479605,0.40667490729295425,0.3775,0.524,0.3682
REPL,Replimune Group Inc,Healthcare,Biotechnology,,,23.97,,-3.29,18.65,25.68,10.36,71.19,0.92,-24.31,1.0,4410000.0,0.0,12.36,Aug 14/b,19.43,1160000000.0,HIGH,-20.26,-3.96,0.84,-15.6,0.3491,False,-10.91,False,-4.22,6.037,4.045,-2.7856,-24.31,0.395,17.0,-21.12,30.0,-17.43,12.36,26977861.0,,,57.2,0.5055624227441285,0.44746600741656367,0.16810877626699627,0.02595797280593325,0.5253399258343634,0.592707045735476,0.12855377008652658,0.3775,0.2595,0.4124
ESTA,Establishment Labs Holdings Inc,Healthcare,Medical Devices,,,32.04,31.66,-16.03,5.29,16.03,-24.69,19.04,1.05,-32.53,1.0,530270.0,0.21,65.84,Aug 06/b,102.44,1960000000.0,HIGH,-6.61,-2.61,0.81,-1.95,0.156,False,-6.68,False,-15.63,4.023,3.577,-2.8373,-32.4,0.688,51.0,-27.2,36.0,-16.55,65.97,23172732.0,,,55.3,0.4932014833127318,0.26328800988875156,0.6588380716934488,0.15451174289245984,0.48393077873918416,0.19777503090234858,0.5475896168108776,0.3753,0.5619,0.3324
ALTO,Alto Ingredients Inc,Basic Materials,Specialty Chemicals,5.59,11.27,197.43,12.48,0.93,6.52,9.54,-30.47,-17.52,0.14,-39.07,1.0,2049999.9999999998,0.03,3.72,Aug 05/a,9.0,288550000.0,HIGH,-8.35,-4.6,0.59,-3.69,0.1228,False,-5.86,False,-13.45,3.792,3.217,-1.7688,-38.65,0.541,,,36.0,-17.48,3.73,4945104.0,,,141.3,0.8145859085290482,0.16069221260815822,0.7830655129789864,0.05624227441285538,0.173053152039555,0.2583436341161928,0.48331273176761436,0.3743,0.4802,0.3256
AVXL,Anavex Life Sciences Corp,Healthcare,Biotechnology,,,154.29,,0.0,-3.32,15.73,-9.16,-17.36,1.15,-77.07,1.0,909440.0,0.0,2.38,Aug 25/b,20.0,220620000.0,HIGH,-20.4,-0.83,1.1,-15.74,0.3421,False,-9.0,False,-16.22,5.093,4.622,-2.8037,-35.33,0.866,23.0,-23.47,23.0,-23.47,2.38,1766020.0,,,740.3,0.49938195302843014,0.21631644004944375,0.1755253399258344,0.3967861557478368,0.7744128553770087,0.17985166872682323,0.12484548825710753,0.3737,0.3349,0.4626
RSI,Rush Street Interactive Inc,Consumer Cyclical,Gambling,66.98,23.66,-18.96,46.27,-65.28,11.56,8.21,-36.59,-5.34,1.69,-42.49,1.15,2900000.0,0.0,19.86,Jul 29/a,35.83,4600000000.0,HIGH,-24.76,-7.88,0.79,-20.1,0.42,False,-19.48,False,-24.96,6.51,5.033,-2.771,-42.46,2.08,14.0,-25.52,41.0,-25.75,19.87,86004122.0,,,80.3,0.5105067985166872,0.1260815822002472,0.09394313967861556,0.9752781211372065,0.4604449938195303,0.06551297898640297,0.0815822002472188,0.372,0.1989,0.5029
KDK,Kodiak AI Inc,Technology,Software - Infrastructure,,,-9469.81,,0.0,16.55,8.2,-53.2,-64.51,0.47,-78.39,1.4,1490000.0,0.42,2.45,Aug 06/a,10.5,492000000.0,HIGH,-37.69,-25.69,7.46,-33.03,0.4664,False,-31.01,False,-38.0,12.719,22.634,-5.3148,-57.67,3.858,33.0,-44.65,35.0,-44.27,2.43,8199999.0,,,332.1,0.09765142150803462,0.04573547589616811,0.07416563658838071,0.992583436341162,0.9975278121137207,0.018541409147095178,0.012360939431396786,0.371,0.3265,0.5266
MYO,Myomo Inc,Healthcare,Medical Devices,,,15.439999999999998,21.26,4.89,-1.33,3.33,50.45,139.67,1.58,-11.41,1.0,603150.0,0.01,1.67,Aug 05/a,4.64,66150000.00000001,HIGH,0.62,2.55,0.56,5.28,0.3857,True,11.77,True,18.82,6.575,6.211,-4.5216,-14.59,0.628,2.0,-1.83,36.0,51.89,1.61,564180.0,,,188.2,0.15945611866501855,0.7181705809641533,0.13226205191594564,0.10012360939431397,0.1446229913473424,0.9703337453646477,0.8059332509270705,0.3708,0.4054,0.3436
QS,QuantumScape Corp,Consumer Cyclical,Auto Parts,,,22.04,,-0.95,-4.42,19.44,-35.97,-22.36,2.82,-74.51,3.5,19390000.0,0.1,4.86,Jul 22/a,6.43,3010000000.0,HIGH,-12.48,-3.73,0.75,-7.82,0.1835,False,-6.19,False,-11.1,4.844,3.259,-2.3886,-37.17,0.627,,,46.0,-4.01,4.91,59312965.0,,,31.0,0.6365883807169345,0.18294190358467244,0.5587144622991347,0.09888751545117429,0.39864029666254636,0.34610630407911,0.3164400494437577,0.3703,0.4138,0.3701
YELP,Yelp Inc,Communication Services,Internet Content & Information,8.63,7.13,-15.380000000000003,1.38,-3.3099999999999996,-2.6,20.01,-24.87,-27.149999999999995,0.44,-47.72,2.92,1210000.0,0.0,18.03,Aug 06/a,25.29,978370000.0,HIGH,-22.22,-7.11,0.66,-17.56,0.3039,False,-12.88,False,-22.41,4.493,3.605,-2.6127,-38.32,1.363,43.0,-31.73,35.0,-28.0,18.03,28295681.0,,,40.3,0.5735475896168108,0.1668726823238566,0.22991347342398027,0.8788627935723115,0.2657601977750309,0.09517923362175525,0.10630407911001236,0.3684,0.1912,0.4533
FTK,Flotek Industries Inc,Energy,Oil & Gas Equipment & Services,29.91,26.76,430.11999999999995,70.29,-4.51,3.88,24.96,30.95,70.49,1.44,-25.129999999999995,1.0,509250.0,0.0,29.7,Aug 04/a,39.42,1080000000.0,HIGH,23.4,-3.84,0.87,28.06,0.4364,True,8.96,True,6.22,6.125,6.502,-4.5072,-25.56,0.632,8.0,9.45,37.0,4.68,29.53,11183795.0,,,33.5,0.1631644004944376,0.41718170580964153,0.08405438813349819,0.10259579728059333,0.5624227441285538,0.8788627935723115,0.9814585908529048,0.368,0.5865,0.4268
TYRA,Tyra Biosciences Inc,Healthcare,Biotechnology,,,-46.33,,0.01,7.6499999999999995,21.58,-32.26,-40.07,0.74,-46.49,1.2,900810.0,0.18,21.75,Aug 04/a,47.45,1500000000.0,HIGH,-12.75,-15.17,1.01,-8.09,0.2782,False,-11.52,False,-19.03,10.898,3.424,-7.3897,-35.47,1.293,15.0,-12.47,37.0,-15.36,21.76,33908619.0,,,118.1,0.034610630407911,0.21013597033374537,0.27317676143386893,0.8473423980222496,0.7119901112484549,0.13102595797280595,0.311495673671199,0.368,0.4201,0.4312
WING,Wingstop Inc,Consumer Cyclical,Restaurants,23.31,18.37,20.11,6.4399999999999995,-0.13,0.38,18.33,-40.68,-36.45,1.81,-67.58,1.48,1260000.0,0.01,98.16,Jul 29/b,199.44,2670000000.0,HIGH,-12.78,-7.7,0.93,-8.12,0.2178,False,-7.49,False,-15.57,6.171,4.451,-3.8664,-44.88,0.98,,,42.0,-26.54,99.07,138738924.0,,,101.3,0.24721878862793573,0.10754017305315204,0.44375772558714466,0.5568603213844252,0.6310259579728059,0.20395550061804696,0.31025957972805934,0.3651,0.4465,0.4098
CADL,Candel Therapeutics Inc,Healthcare,Biotechnology,,,-463.69,,-2.05,11.55,20.12,5.69,127.64999999999999,-0.34,-21.79,1.0,1360000.0,0.0,10.95,Aug 13/b,21.75,837870000.0,HIGH,-15.68,-1.69,0.66,-11.02,0.3095,False,-6.81,False,-3.19,7.193,4.9,-3.7481,-21.29,0.79,21.0,-17.02,31.0,3.18,11.02,13939987.0,,,97.4,0.26081582200247216,0.5339925834363412,0.21755253399258345,0.27441285537700866,0.2657601977750309,0.6359703337453646,0.23362175525339926,0.3648,0.2384,0.3592
BW,Babcock & Wilcox Enterprises Inc,Industrials,Specialty Industrial Machinery,,14.3,128.82,121.94,0.22,22.43,16.77,-56.769999999999996,-58.95,1.15,-72.31,1.0,4860000.0,0.02,6.1,Aug 10/a,22.0,908690000.0,HIGH,-12.43,-14.58,1.33,-7.77,0.2449,False,-11.89,False,-25.48,8.943,5.263,-6.1797,-51.32,1.142,,,33.0,-29.39,6.27,34313152.0,,,250.9,0.0580964153275649,0.06798516687268233,0.3498145859085291,0.745982694684796,0.8980222496909765,0.06056860321384425,0.3189122373300371,0.3634,0.5019,0.4407
GERN,Geron Corp,Healthcare,Biotechnology,,17.16,-1.22,17.22,0.0,-0.16,13.05,-2.33,-9.31,0.59,-36.83,1.4,10760000.0,0.0,1.27,Aug 05/b,4.25,815750000.0,HIGH,-16.56,-3.08,0.95,-11.9,0.3216,False,-9.16,False,-12.67,4.932,2.381,-3.4122,-23.64,0.772,37.0,-5.97,37.0,-5.97,1.26,15200046.0,,,237.3,0.32756489493201485,0.4641532756489493,0.19901112484548822,0.2521631644004944,0.6489493201483313,0.28553770086526575,0.2088998763906057,0.3629,0.3379,0.3786
QNST,QuinStreet Inc,Communication Services,Advertising Agencies,10.32,7.73,499.82,42.67,-16.29,-0.25,11.27,-0.62,22.13,0.71,-35.13,1.0,966380.0,0.01,14.46,Aug 06/a,22.8,825470000.0,HIGH,-24.87,-16.51,0.74,-20.21,0.3784,False,-18.27,False,-19.7,5.542,2.915,-3.245,-35.35,1.56,35.0,-5.32,35.0,-5.32,14.41,18768161.0,,,58.2,0.3794808405438813,0.21508034610630408,0.14338689740420274,0.9295426452410384,0.3831891223733004,0.12360939431396786,0.08034610630407911,0.3624,0.1901,0.454
ABEO,Abeona Therapeutics Inc,Healthcare,Biotechnology,,,-120.75,2745.0,-5.2,0.83,31.08,-2.83,28.21,1.29,-28.1,1.0,1490000.0,0.0,5.5,Aug 13/b,18.88,314510000.0,HIGH,-8.78,-4.76,0.51,-4.12,0.1591,False,-4.8,False,-12.05,4.749,2.593,-2.3282,-29.41,0.672,32.0,-27.03,31.0,-14.96,5.4,7937586.0,,,249.6,0.6588380716934487,0.3189122373300371,0.6470951792336217,0.14091470951792337,0.09517923362175525,0.31025957972805934,0.4647713226205192,0.3619,0.4086,0.3013
KLRA,Kailera Therapeutics Inc,Healthcare,Biotechnology,,,,,38.89,77.54,10.51,-48.22,,,-60.25,1.0,883000.0,0.0,11.22,Aug 12/a,42.75,1450000000.0,HIGH,-30.78,-6.42,1.48,-26.12,0.4762,False,-20.63,False,-31.55,8.874,10.963,-5.2676,-52.9,2.09,,,31.0,-37.56,11.22,15862910.0,,,281.0,0.10259579728059333,0.05686032138442522,0.0679851668726823,0.9765142150803461,0.9313967861557478,0.03337453646477132,0.034610630407911,0.3615,0.3137,0.511
CTNM,Contineum Therapeutics Inc,Healthcare,Biotechnology,,,34.71,,-0.98,0.03,8.25,-15.73,-5.25,0.81,-28.93,1.38,512880.0,0.04,12.64,Jul 30/a,22.0,475530000.0,HIGH,-26.33,-7.31,0.74,-21.67,0.457,False,-15.01,False,-16.43,7.561,6.21,-3.2208,-29.38,1.239,16.0,-27.15,40.0,-18.92,12.56,7771625.0,,,75.2,0.38751545117428926,0.32138442521631644,0.07663782447466005,0.8213844252163165,0.3831891223733004,0.17428924598269468,0.0630407911001236,0.3607,0.1632,0.4416
RH,RH,Consumer Cyclical,Specialty Retail,22.23,14.3,16.76,2.56,-3.73,4.45,32.3,-23.41,-4.47,1.89,-47.79,2.45,799820.0,0.1,125.0,Sep 10/a,157.27,2370000000.0,HIGH,-16.94,-2.38,0.87,-12.28,0.2923,False,-8.09,False,-21.3,5.606,3.382,-2.7375,-38.22,0.98,35.0,-33.94,11.0,-7.35,124.17,113776746.0,,,26.7,0.522867737948084,0.1681087762669963,0.24598269468479605,0.5568603213844252,0.5624227441285538,0.10506798516687268,0.19715698393077874,0.3602,0.3214,0.4368
WOOF,Petco Health and Wellness Co Inc,Consumer Cyclical,Specialty Retail,22.35,9.02,172.19,0.05,-0.32,0.8699999999999999,13.47,-16.36,-14.81,1.57,-41.92,3.08,2000000.0,0.04,2.3,Sep 02/a,3.43,658760000.0,HIGH,-15.93,-4.22,0.58,-11.27,0.2221,False,-7.89,False,-14.34,3.927,2.643,-2.7018,-29.5,0.921,39.0,-18.64,16.0,-9.92,2.27,7508041.0,,,51.1,0.5401730531520396,0.311495673671199,0.43139678615574784,0.4901112484548826,0.16069221260815822,0.226823238566131,0.2249690976514215,0.3601,0.2676,0.3544
MAMA,Mama's Creations Inc,Consumer Defensive,Packaged Foods,77.66,38.95,76.32,55.05,-9.83,25.81,8.37,-33.05,-10.22,0.53,-36.43,1.0,722600.0,0.0,13.35,Sep 03/a,22.29,629420000.0,HIGH,-18.5,-1.11,1.15,-13.84,0.312,False,-8.36,False,-17.9,5.876,3.67,-4.2808,-32.16,0.958,,,15.0,-11.94,13.35,12737238.0,,,67.0,0.18788627935723115,0.26761433868974044,0.21137206427688504,0.5259579728059333,0.8195302843016069,0.14585908529048208,0.16563658838071693,0.3597,0.3755,0.4198
BLMN,Bloomin Brands Inc,Consumer Cyclical,Restaurants,23.06,7.1,30.329999999999995,1.34,0.0,6.709999999999999,10.84,-15.5,47.15,1.24,-38.72,2.7,2120000.0,0.0,7.74,Aug 05/b,11.73,662700000.0,HIGH,-25.52,-6.52,1.02,-20.86,0.3795,False,-11.79,False,-17.34,5.756,4.822,-3.4687,-37.61,1.047,37.0,-11.66,37.0,-11.66,7.88,18665483.0,,,48.9,0.3127317676143387,0.173053152039555,0.142150803461063,0.6514215080346106,0.7175525339925835,0.15822002472187885,0.07416563658838071,0.3592,0.2876,0.46
UEC,Uranium Energy Corp,Energy,Uranium,,,-51.78,,0.0,3.38,12.35,-13.83,-27.77,1.36,-54.120000000000005,1.4,8340000.0,0.26,9.33,Sep 29/b,17.27,4620000000.0,HIGH,-24.11,-6.65,0.77,-19.45,0.3487,False,-12.69,False,-12.97,6.035,3.082,-3.0746,-31.81,0.995,21.0,-28.33,,,9.41,93900570.0,,,83.5,0.43510506798516685,0.2719406674907293,0.169344870210136,0.5778739184177998,0.4289245982694685,0.27070457354758964,0.08899876390605686,0.359,0.2151,0.4282
CELC,Celcuity Inc,Healthcare,Biotechnology,,,-38.76,,-26.63,21.66,28.2,-22.56,-25.120000000000005,0.09,-47.43,1.0,1170000.0,0.01,79.39,Aug 13/a,160.75,3880000000.0,HIGH,-10.09,-5.33,0.75,-5.43,0.2625,False,-8.13,False,-10.16,4.829,2.846,-3.0309,-32.16,0.83,17.0,-13.55,30.0,-8.18,79.52,75347142.0,,,102.2,0.44870210135970334,0.26761433868974044,0.311495673671199,0.3399258343634116,0.39864029666254636,0.380716934487021,0.42088998763906055,0.3578,0.3814,0.392
NXH,Neighborhood Intelligence Inc,Consumer Cyclical,Internet Retail,,,-58.22999999999999,27.96,0.9199999999999999,6.11,15.82,-44.76,-24.03,2.99,-73.75,2.14,2460000.0,0.1,3.32,Aug 04/a,10.12,317050000.0,HIGH,-16.79,-6.3,0.86,-12.13,0.261,False,-9.36,False,-22.71,5.854,7.645,-3.1234,-48.26,1.086,,,37.0,-29.22,3.27,9222032.0,,,209.5,0.41718170580964153,0.08405438813349815,0.3176761433868974,0.688504326328801,0.5482076637824475,0.08899876390605686,0.20395550061804696,0.3574,0.3413,0.4357
FRVO,Fervo Energy Co,Utilities,Utilities - Renewable,,,,,0.0,83.87,9.69,-51.86999999999999,,,-64.15,1.21,4980000.0,0.18,15.29,Aug 12/b,39.07,4510000000.0,HIGH,2.78,-9.8,1.28,7.44,0.3293,False,-8.35,False,-21.67,8.776,17.325,-8.4934,-50.91,1.334,,,32.0,-24.7,15.18,141572704.0,,,157.4,0.022249690976514216,0.07045735475896168,0.1897404202719407,0.865265760197775,0.8831891223733004,0.10012360939431397,0.8417799752781211,0.3552,0.6586,0.4677
ARDX,Ardelyx Inc,Healthcare,Biotechnology,,13.17,15.22,23.77,-4.52,-1.17,10.69,-34.61,-37.59,0.67,-59.29,1.0,4380000.0,0.03,3.42,Aug 06/a,12.9,852220000.0,HIGH,-10.24,-2.29,0.51,-5.58,0.1816,False,-4.99,False,-17.14,3.949,2.485,-2.0477,-38.49,0.874,,,35.0,-14.5,3.42,15081835.0,,,277.2,0.723114956736712,0.16440049443757726,0.5679851668726823,0.4147095179233622,0.09517923362175525,0.1631644004944376,0.415327564894932,0.3548,0.3651,0.349
FBIO,Fortress Biotech Inc,Healthcare,Biotechnology,0.86,,-117.40000000000002,14.04,0.0,3.06,22.16,-22.29,-16.94,1.23,-49.4,1.0,534000.0,0.03,2.29,Aug 13/a,5.0,76450000.0,HIGH,-17.69,-5.39,0.95,-13.03,0.2429,False,-10.66,False,-19.34,3.885,2.632,-1.8131,-40.62,0.516,53.0,-30.91,30.0,-22.18,2.28,713296.0,,,119.3,0.8009888751545118,0.1433868974042027,0.3572311495673671,0.04758961681087762,0.6489493201483313,0.1273176761433869,0.1792336217552534,0.3542,0.3735,0.4062
ELDN,Eledon Pharmaceuticals Inc,Healthcare,Biotechnology,,,-91.47,,0.0,6.68,10.27,-31.19,-5.65,0.84,-41.96,1.0,1140000.0,0.06,2.67,Aug 13/a,9.5,216970000.0,HIGH,-17.19,-1.49,0.62,-12.53,0.227,False,-6.18,False,-19.06,5.889,2.453,-3.1325,-37.72,1.184,,,30.0,-25.14,2.65,2843573.0,,,258.5,0.41285537700865266,0.17181705809641531,0.41532756489493206,0.7799752781211372,0.2126081582200247,0.12978986402966625,0.18912237330037082,0.3537,0.264,0.3838
ANNX,Annexon Inc,Healthcare,Biotechnology,,,19.92,,2.74,15.5,19.93,-29.98,-22.0,1.32,-45.68,1.36,3500000.0,0.07,3.9,Aug 12/b,15.5,739360000.0,HIGH,-26.76,-13.74,1.18,-22.1,0.415,False,-15.81,False,-25.56,6.491,6.044,-3.2295,-44.68,1.035,52.0,-34.41,32.0,-31.71,3.64,12554576.0,,,325.8,0.38442521631644005,0.11124845488257108,0.09888751545117425,0.6316440049443758,0.8362175525339925,0.0580964153275649,0.05686032138442522,0.3534,0.3033,0.4776
ZURA,Zura Bio Ltd,Healthcare,Biotechnology,,,-22.29,,0.0,8.77,18.55,-25.58,-29.34,-0.02,-43.68,1.0,1440000.0,0.01,4.19,Aug 11/b,18.83,401520000.0,HIGH,-29.37,-10.22,0.92,-24.71,0.534,False,-21.12,False,-25.73,8.579,9.035,-3.3694,-42.78,1.564,24.0,-30.94,33.0,-27.34,4.04,8285502.0,,,366.1,0.34610630407911,0.12237330037082818,0.04449938195302838,0.9320148331273177,0.6186650185414091,0.054388133498145856,0.0407911001236094,0.353,0.2153,0.4878
HROW,Harrow Inc,Healthcare,Drug Manufacturers - Specialty & Generic,,15.03,-459.56,10.85,0.07,2.06,23.55,-19.73,-2.36,0.16,-39.78,1.0,583870.0,0.02,33.03,Aug 10/a,65.0,1240000000.0,HIGH,-11.27,-2.51,0.69,-6.61,0.239,False,-6.84,False,-13.92,4.13,2.117,-2.4173,-30.38,0.774,26.0,-20.58,33.0,-16.11,33.07,18971088.0,,,96.6,0.6254635352286774,0.3003708281829419,0.37762669962917184,0.25710754017305315,0.31334981458590855,0.24165636588380718,0.3621755253399258,0.3526,0.3522,0.3594
TBLA,Taboola.com Ltd,Communication Services,Internet Content & Information,8.6,10.34,206.47000000000003,2.44,-14.57,13.95,4.94,-30.12,16.0,1.49,-39.05,1.89,2850000.0,0.0,3.48,Aug 05/b,5.8,940140000.0,HIGH,-7.94,-3.87,0.57,-3.28,0.1584,False,-6.24,False,-15.6,3.629,2.011,-2.0213,-39.05,0.745,,,37.0,-9.26,3.48,7119009.0,,,66.7,0.7330037082818294,0.15698393077873918,0.6495673671199012,0.223114956736712,0.15203955500618047,0.20086526576019778,0.49938195302843014,0.3526,0.4402,0.3273
EOSE,Eos Energy Enterprises Inc,Industrials,Electrical Equipment & Parts,,,-14.26,351.4,-9.83,5.82,33.65,-48.44,-35.39,2.88,-84.19,2.27,27100000.0,0.5,3.14,Aug 05/b,6.5,1140000000.0,HIGH,-2.91,-22.24,1.17,1.75,0.4066,False,-15.36,False,-16.09,10.156,5.371,-7.2022,-45.62,1.275,14.0,-18.43,37.0,-17.15,3.16,106437623.0,,,105.7,0.038318912237330034,0.10012360939431397,0.11124845488257107,0.8405438813349815,0.8325092707045736,0.1841779975278121,0.6847960444993819,0.3512,0.557,0.4739
RXST,RxSight Inc,Healthcare,Medical Devices,,,-0.8,0.31,-0.56,6.32,10.31,-6.27,-23.64,1.11,-63.84000000000001,3.1,1090000.0,0.02,4.78,Aug 05/a,7.57,198810000.0,HIGH,-33.9,-9.34,1.35,-29.24,0.5755,False,-21.04,False,-23.11,6.527,3.219,-3.5364,-37.37,1.017,19.0,-33.9,36.0,-23.36,4.66,4868569.0,,,62.4,0.2954264524103832,0.17676143386897405,0.0395550061804697,0.6050679851668727,0.904202719406675,0.0815822002472188,0.023485784919653894,0.3504,0.2925,0.4716
LIF,Life360 Inc,Technology,Software - Application,23.87,22.85,-28.71,37.77,-15.52,-4.76,10.57,-28.99,5.93,2.25,-63.67,1.5,758350.0,0.01,40.89,Aug 10/a,60.77,3330000000.0,HIGH,-5.5,0.07,0.6,-0.84,0.1285,False,-2.27,False,-14.56,4.117,2.409,-2.3967,-37.32,0.647,34.0,-34.96,33.0,-15.45,41.1,23813002.0,,,47.9,0.6328800988875154,0.17799752781211373,0.757725587144623,0.11990111248454882,0.18788627935723115,0.22249690976514216,0.5871446229913473,0.3498,0.5185,0.2908
STUB,Stubhub Holdings Inc,Communication Services,Internet Content & Information,,9.8,99.95,33.18,-1.24,8.92,9.77,-57.830000000000005,-15.130000000000003,3.63,-74.69,1.85,7100000.0,0.01,5.44,Aug 12/a,11.23,2080000000.0,HIGH,-16.95,-8.57,0.8,-12.29,0.2387,False,-9.37,False,-25.19,5.095,2.39,-3.1023,-61.2,1.113,,,31.0,-29.17,5.44,40888355.0,,,106.4,0.4289245982694685,0.03337453646477132,0.3813349814585909,0.7181705809641533,0.4721878862793572,0.06427688504326329,0.19468479604449937,0.3497,0.3339,0.4209
FUBO,fuboTV Inc,Communication Services,Broadcasting,2.24,,10.99,289.96,-6.49,1.82,20.97,2.18,4.17,2.41,-81.65,1.4,1460000.0,0.07,9.67,Aug 05/b,17.0,1060000000.0,HIGH,-6.41,-6.41,0.62,-1.75,0.2621,False,-9.53,False,-3.91,6.432,4.772,-3.986,-23.03,0.772,10.0,-16.39,37.0,0.94,9.64,13378664.0,,,76.3,0.23362175525339926,0.4758961681087763,0.31396786155747836,0.2521631644004944,0.2126081582200247,0.6093943139678616,0.5611866501854141,0.3496,0.3824,0.3269
LEGN,Legend Biotech Corp ADR,Healthcare,Biotechnology,,31.94,125.11000000000001,51.64,-0.12,3.75,7.92,-35.22,13.33,0.57,-49.23,1.71,2290000.0,0.02,19.04,Aug 11/b,46.89,3690000000.0,HIGH,-3.87,3.13,0.66,0.79,0.3065,False,-1.33,False,-5.68,4.78,4.396,-3.1197,-36.87,0.904,,,33.0,-7.5,19.11,41182175.0,,,145.4,0.42398022249690975,0.18665018541409148,0.22373300370828186,0.46600741656365885,0.2657601977750309,0.5278121137206427,0.65389369592089,0.349,0.4084,0.4209
NG,Novagold Resources Inc,Basic Materials,Gold,,,62.519999999999996,,0.0,0.51,7.63,13.639999999999999,-16.61,0.92,-52.56000000000001,1.0,5570000.0,0.23,6.83,Oct 08/b,14.24,3000000000.0,HIGH,-18.51,-3.13,0.61,-13.85,0.2706,False,-7.33,False,-3.27,6.231,4.348,-3.6268,-27.76,0.822,27.0,-3.78,,,7.13,44947894.0,,,99.7,0.28059332509270707,0.3621755253399258,0.2892459826946848,0.32756489493201485,0.20086526576019778,0.6316440049443758,0.16440049443757726,0.3487,0.2128,0.3602
INMB,INmune Bio Inc,Healthcare,Biotechnology,,,95.47,,0.0,-5.87,9.1,26.539999999999996,83.04,0.88,-21.15,1.0,544400.0,0.0,2.05,Aug 06/a,7.0,56900000.0,HIGH,-12.88,-11.35,0.56,-8.22,0.2616,False,-9.9,False,-3.77,8.086,3.941,-4.9353,-21.92,0.85,14.0,-16.8,35.0,6.28,2.03,781330.0,,,244.8,0.13226205191594562,0.511742892459827,0.3152039555006181,0.36711990111248455,0.1446229913473424,0.6174289245982695,0.3053152039555006,0.3481,0.2601,0.3154
EMAT,Evolution Metals & Technologies Corp,Basic Materials,Other Industrial Metals & Mining,,,87.76,,0.0,120.87999999999998,1.78,-53.73,-54.61,0.11,-87.13,1.0,787880.0,0.15,3.1,Aug 17/b,11.5,1940000000.0,HIGH,-2.14,-6.71,0.89,2.52,0.3621,False,-6.3,False,-10.59,15.268,7.5,-8.2051,-51.37,1.4,,,29.0,14.7,3.2,4823243.0,,,259.4,0.024721878862793572,0.06674907292954264,0.1520395550061805,0.8887515451174289,0.5877626699629172,0.3646477132262052,0.7169344870210136,0.3474,0.5087,0.4665
IPSC,Century Therapeutics Inc,Healthcare,Biotechnology,,,55.50000000000001,,-0.02,11.4,23.88,-26.56,-12.38,1.66,-41.78,1.33,1010000.0,0.02,1.77,Aug 12/b,5.12,320510000.0,HIGH,-17.53,-9.73,0.93,-12.87,0.2726,False,-14.0,False,-17.15,6.668,8.982,-3.3424,-32.93,0.867,21.0,-21.96,32.0,-14.8,1.67,939132.0,,,206.6,0.34981458590852904,0.2558714462299135,0.28553770086526575,0.3992583436341162,0.6310259579728059,0.1619283065512979,0.18294190358467244,0.3472,0.3481,0.3855
VOR,Vor Biopharma Inc,Healthcare,Biotechnology,,,99.54,,-10.1,20.32,24.37,-0.54,27.76,1.76,-62.96000000000001,1.33,1240000.0,0.0,18.5,Aug 11/b,39.0,1090000000.0,HIGH,-18.23,-15.4,0.63,-13.57,0.3348,False,-16.89,False,-15.82,7.692,4.104,-4.3947,-28.77,2.012,15.0,-23.6,33.0,-20.75,18.52,27325685.0,,,110.6,0.17428924598269468,0.3362175525339926,0.1817058096415327,0.9715698393077874,0.22558714462299134,0.19406674907292953,0.17243510506798518,0.3472,0.1912,0.3914
IIIV,i3 Verticals Inc,Technology,Software - Infrastructure,40.05,12.2,1226.79,2.25,3.61,-12.619999999999997,20.45,-30.11,-35.05,0.76,-56.2,1.5,505510.0,0.0,14.88,Aug 06/a,25.5,391670000.0,HIGH,-8.6,0.88,0.49,-3.94,0.1735,False,-4.11,False,-14.99,4.541,3.965,-2.4907,-34.28,0.841,38.0,-30.37,35.0,-14.83,14.88,9905259.0,,,71.4,0.6032138442521632,0.2249690976514215,0.5945611866501854,0.3553770086526576,0.08034610630407911,0.21631644004944375,0.47342398022249693,0.3458,0.3918,0.3138
FFAI,Faraday Future Intelligent Electric Inc,Consumer Cyclical,Auto Manufacturers,,,90.36,1448.15,-15.67,0.78,17.8,-95.47,-95.14,5.74,-99.3,1.5,1360000.0,13.04,1.76,Aug 13/a,48.0,10780000.0,HIGH,-27.15,-1.23,10.72,-22.49,0.5558,False,-8.39,False,-62.56,12.28,38.447,-7.5479,-95.98,3.343,,,30.0,-58.93,1.61,3592827.0,,,2881.4,0.030902348578491966,0.0012360939431396785,0.04202719406674904,0.9901112484548825,0.9987639060568603,0.003708281829419036,0.05315203955500618,0.3445,0.3335,0.5059
UUUU,Energy Fuels Inc,Energy,Uranium,,74.25,-34.98,496.11,1.53,5.18,21.37,-23.03,-36.23,1.75,-59.75,1.0,7120000.0,0.19,11.23,Aug 05/a,25.77,2970000000.0,HIGH,-22.63,-7.72,0.74,-17.97,0.4054,False,-12.97,False,-14.24,5.802,3.348,-3.0713,-31.21,1.028,23.0,-23.72,36.0,-8.76,11.35,86986924.0,,,127.0,0.4363411619283066,0.28059332509270707,0.1124845488257108,0.622991347342398,0.3831891223733004,0.22991347342398022,0.10259579728059333,0.3443,0.1897,0.4181
GSIT,GSI Technology Inc,Technology,Semiconductors,,,-56.08,0.45999999999999996,-7.66,16.4,12.57,-21.02,2.66,2.1,-70.19,1.0,710340.0,0.03,5.41,Jul 30/a,9.0,207920000.0,HIGH,-1.58,0.72,0.59,3.08,0.2064,True,4.22,False,-3.85,5.093,2.496,-3.7438,-28.26,0.715,30.0,-17.01,40.0,0.0,5.61,2786290.0,,,60.4,0.2620519159456119,0.34857849196538937,0.47836835599505567,0.18355995055624227,0.173053152039555,0.6118665018541409,0.7416563658838071,0.3429,0.4921,0.3076
GSHD,Goosehead Insurance Inc,Financial,Insurance Brokers,33.01,16.88,122.15,20.59,-6.309999999999999,-3.1300000000000003,9.68,-5.59,10.22,1.43,-43.27,2.4,511430.0,0.0,45.3,Jul 22/a,68.29,1610000000.0,HIGH,-36.53,-12.51,0.95,-31.87,0.6117,False,-21.7,False,-27.09,7.831,6.633,-4.1794,-39.22,1.843,25.0,-36.03,46.0,-12.0,45.23,25867430.0,,,51.0,0.20395550061804696,0.1557478368355995,0.03213844252163167,0.9616810877626699,0.6489493201483313,0.049443757725587144,0.016069221260815822,0.342,0.2108,0.466
DUOT,Duos Technologies Group Inc,Technology,Software - Application,9.33,8.46,553.3,7.66,0.73,14.75,19.36,-21.78,31.04,1.36,-40.05,1.0,966220.0,0.05,9.16,Aug 17/a,25.0,288290000.0,HIGH,-2.14,3.16,0.55,2.52,0.1943,True,4.46,True,1.75,4.658,7.549,-4.1521,-28.76,0.516,29.0,0.33,28.0,-11.09,9.14,6165271.0,,,173.5,0.21013597033374537,0.3380716934487021,0.5203955500618047,0.04758961681087762,0.1334981458590853,0.7972805933250927,0.7169344870210136,0.3412,0.4829,0.2971
AEVA,Aeva Technologies Inc,Technology,Software - Infrastructure,,,64.76,11.34,-6.7,3.49,15.08,-41.57,17.51,2.4,-52.07999999999999,2.0,1760000.0,0.08,15.0,Aug 05/a,30.0,1050000000.0,HIGH,-1.79,0.46,0.67,2.87,0.1289,True,0.74,False,-12.43,5.973,5.505,-3.514,-46.25,0.81,36.0,-21.72,36.0,-21.72,15.35,22614944.0,,,95.4,0.3016069221260816,0.09517923362175525,0.7564894932014833,0.3121137206427689,0.28182941903584674,0.2954264524103832,0.73053152039555,0.3404,0.6037,0.2977
AIP,Arteris Inc,Technology,Semiconductors,,190.2,-36.28,46.25,-19.7,11.61,6.51,-50.080000000000005,43.19,1.91,-52.959999999999994,1.0,780060.0,0.02,23.64,Aug 06/a,39.43,1160000000.0,HIGH,8.54,-1.12,0.79,13.2,0.2489,True,7.18,False,-7.83,5.408,4.856,-4.31,-45.09,0.931,5.0,7.13,35.0,-19.78,23.89,16381618.0,,,65.0,0.1792336217552534,0.103831891223733,0.34239802224969096,0.4969097651421508,0.4604449938195303,0.4542645241038319,0.9122373300370828,0.3395,0.6057,0.3977
FWRD,Forward Air Corp,Industrials,Integrated Freight & Logistics,,61.93,-1443.46,8.76,0.0,-0.53,7.67,1.29,-10.0,1.41,-53.12,2.2,655930.0,0.0,14.62,Aug 05/a,28.0,493740000.0,HIGH,-13.54,0.69,0.77,-8.88,0.2405,False,-8.27,False,-10.9,5.247,5.106,-3.4673,-28.59,0.745,32.0,-21.02,36.0,-4.67,14.69,9001996.0,,,90.6,0.3164400494437577,0.34363411619283063,0.3733003708281829,0.223114956736712,0.4289245982694685,0.34981458590852904,0.29295426452410384,0.3392,0.3578,0.3296
UCTT,Ultra Clean Hldgs Inc,Technology,Semiconductor Equipment & Materials,,11.57,105.25999999999999,24.31,-9.01,2.99,8.24,-42.05,28.660000000000004,1.88,-47.48,1.0,1230000.0,0.04,75.74,Aug 03/a,137.0,3430000000.0,HIGH,11.82,6.35,0.84,16.48,0.2488,True,9.33,False,-1.78,4.936,2.124,-4.5004,-40.35,0.694,1.0,1.53,38.0,-8.1,77.69,58271577.0,,,76.3,0.16563658838071693,0.1446229913473424,0.3436341161928307,0.16007416563658838,0.5253399258343634,0.6823238566131026,0.9468479604449939,0.3369,0.6394,0.3833
SOUN,SoundHound AI Inc,Technology,Software - Application,,,45.04,45.02,-1.22,-1.2,40.77,-6.11,1.8500000000000003,2.84,-72.9,1.5,28710000.0,0.12,6.01,Aug 05/a,12.67,2700000000.0,HIGH,-14.91,-1.94,0.56,-10.25,0.2441,False,-5.39,False,-8.77,4.044,2.479,-2.3016,-26.13,0.475,36.0,-5.91,36.0,-5.91,6.05,135844387.0,,,109.4,0.6637824474660075,0.3992583436341162,0.35352286773794805,0.038318912237330034,0.1446229913473424,0.4177997527812114,0.25710754017305315,0.3362,0.2523,0.3161
SERV,Serve Robotics Inc,Industrials,Integrated Freight & Logistics,,,-120.28000000000002,404.36000000000007,-3.1,9.32,40.13,-30.85,-47.22,2.43,-76.44,1.5,3740000.0,0.05,4.39,Aug 06/a,10.76,380740000.0,HIGH,-11.53,0.23,0.67,-6.87,0.2111,False,-2.95,False,-7.86,4.653,2.921,-3.0394,-34.07,0.665,,,35.0,-12.49,4.45,13798840.0,,,141.8,0.4437577255871446,0.22867737948084055,0.46106304079110016,0.13288009888751545,0.28182941903584674,0.4511742892459827,0.3547589616810878,0.3332,0.3648,0.3274
REAX,Real REMAX Group Inc,Real Estate,Real Estate Services,,32.62,-637.65,29.56,-0.26,-57.13,5.29,-11.17,-30.42,0.79,-63.93,1.0,734450.0,0.01,16.7,Aug 06/b,47.0,610610000.0,HIGH,-22.1,-4.53,1.01,-17.44,0.3724,False,-10.49,False,-18.44,10.021,12.015,-6.5585,-43.05,1.255,23.0,-31.54,36.0,-5.03,16.43,17899279.0,,,186.1,0.049443757725587144,0.11990111248454882,0.14462299134734236,0.8331273176761433,0.7119901112484549,0.13720642768850433,0.10754017305315204,0.3327,0.3,0.4329
OCGN,Ocugen Inc,Healthcare,Biotechnology,,,-45.35,8.38,-5.64,11.65,32.08,-38.4,-44.98,2.25,-62.25000000000001,1.0,6890000.0,0.09,1.03,Aug 06/b,12.08,348870000.0,HIGH,-22.73,-0.97,1.0,-18.07,0.5369,False,-10.06,False,-18.11,7.808,7.353,-5.1407,-36.25,1.214,27.0,-23.88,36.0,-17.74,1.02,9356899.0,,,1084.3,0.1100123609394314,0.19406674907292953,0.04326328800988877,0.8028430160692213,0.7033374536464772,0.14091470951792337,0.10012360939431397,0.3324,0.264,0.4393
NUVB,Nuvation Bio Inc,Healthcare,Biotechnology,,,-4.04,555.64,-0.59,5.55,23.09,1.07,33.41,1.6,-41.85,1.17,6350000.0,0.01,5.67,Aug 06/b,13.1,2000000000.0,HIGH,-13.81,-5.44,0.6,-9.15,0.2695,False,-7.97,False,-10.68,5.208,2.7,-2.9801,-24.27,0.752,28.0,-11.42,36.0,-6.06,5.74,29054105.0,,,128.2,0.4684796044499382,0.449938195302843,0.2929542645241038,0.23053152039555005,0.18788627935723115,0.36032138442521633,0.2867737948084054,0.3317,0.259,0.3118
SANA,Sana Biotechnology Inc,Healthcare,Biotechnology,,,45.3,,0.0,0.74,22.15,-14.62,6.34,2.17,-55.03,1.2,3170000.0,0.14,2.95,Aug 10/a,9.38,881770000.0,HIGH,-25.06,-5.0,0.74,-20.4,0.4485,False,-12.12,False,-14.74,7.824,3.396,-4.5254,-30.13,1.262,22.0,-28.17,33.0,-18.42,2.94,12634677.0,,,219.0,0.15698393077873918,0.30407911001236093,0.07787391841779978,0.8355995055624228,0.3831891223733004,0.21878862793572312,0.07911001236093942,0.3294,0.17,0.3986
RILY,BRC Group Holdings Inc,Financial,Financial Conglomerates,0.45,,-80.66,5.22,-2.99,39.07,17.55,-24.37,-20.14,1.2,-49.2,,631390.0,0.0,5.71,Aug 06/a,,229540000.0,HIGH,-19.01,-1.55,0.78,-14.35,0.3215,False,-10.95,False,-16.58,4.716,3.678,-2.7776,-35.7,0.883,38.0,-23.77,35.0,-20.47,5.71,3356864.0,,,,0.5067985166872683,0.207663782447466,0.20024721878862795,0.43448702101359704,0.44561186650185414,0.173053152039555,0.15203955500618047,0.328,0.2546,0.39
CHPT,ChargePoint Holdings Inc,Consumer Cyclical,Specialty Retail,,,52.56000000000001,17.74,0.03,14.39,23.83,44.9,88.46,1.8,-29.909999999999997,3.0,1720000.0,0.08,8.84,Sep 02/a,7.5,237320000.0,HIGH,60.32,-5.1,0.21,64.98,0.7769,True,5.03,True,29.98,8.363,4.031,-17.5923,-16.7,0.778,7.0,0.22,16.0,72.06,8.93,39717030.0,,,-16.0,0.006180469715698393,0.6650185414091471,0.01606922126081578,0.26081582200247216,0.021013597033374538,0.9962917181705809,0.9987639060568603,0.3276,0.4106,0.3211
BEEM,Beam Global,Technology,Solar,,,49.02,21.02,0.0,2.53,6.71,-4.88,-14.6,1.48,-71.04,1.67,1100000.0,0.02,1.17,Aug 19/a,2.5,26480000.0,HIGH,-19.05,-11.19,0.33,-14.39,0.2302,False,-12.48,False,-4.84,4.91,2.521,-2.286,-32.0,0.336,22.0,-12.5,26.0,-1.65,1.19,534402.0,,,110.1,0.6687268232385661,0.2700865265760198,0.4048207663782447,0.021013597033374538,0.033992583436341164,0.5599505562422744,0.1508034610630408,0.3264,0.192,0.3209
LTBR,Lightbridge Corp,Industrials,Electrical Equipment & Parts,,,-14.029999999999998,,-0.64,0.62,14.19,-22.12,-36.17,2.08,-78.2,,836490.0,0.1,6.83,Aug 05/a,10.5,255840000.0,HIGH,-9.27,0.88,0.8,-4.61,0.2494,False,-3.49,False,-12.23,5.245,3.796,-3.3895,-29.16,0.71,38.0,-20.53,36.0,-23.55,6.85,5688725.0,,,53.3,0.3362175525339926,0.32756489493201485,0.34116192830655134,0.17799752781211373,0.4721878862793572,0.3003708281829419,0.4542645241038319,0.3259,0.4257,0.3217
ERAS,Erasca Inc,Healthcare,Biotechnology,,,-18.39,,-0.08,1.8399999999999999,13.37,-22.62,-5.46,0.6,-41.71,1.4,4570000.0,0.01,14.15,Aug 11/a,23.7,4950000000.0,HIGH,-20.97,-5.25,0.66,-16.31,0.2664,False,-9.97,False,-18.05,7.516,4.632,-3.7372,-34.03,1.151,22.0,-19.76,32.0,-22.17,14.25,76297216.0,,,66.3,0.26328800988875156,0.22991347342398022,0.3003708281829419,0.7533992583436341,0.2657601977750309,0.14215080346106304,0.11742892459826947,0.3258,0.2168,0.3561
GMRS,GMR Solutions Inc,Healthcare,Medical Care Facilities,,,,,-11.15,42.08,7.17,-22.55,,,-28.660000000000004,1.38,792240.0,0.0,11.4,Aug 12/a,18.88,615850000.0,HIGH,-12.22,-4.24,0.61,-7.56,0.2834,False,-11.29,False,-13.54,7.195,3.978,-3.7337,-30.79,1.069,28.0,-20.09,31.0,-14.0,11.06,13210407.0,,,70.7,0.2657601977750309,0.292336217552534,0.2657601977750309,0.6711990111248455,0.20086526576019778,0.2558714462299135,0.326946847960445,0.3253,0.2708,0.3484
MNTN,MNTN Inc,Technology,Software - Application,14.58,9.89,123.63,20.56,-0.8699999999999999,16.98,10.61,21.26,28.98,1.02,-42.24,1.27,1120000.0,0.01,10.95,Aug 04/a,17.82,819090000.0,HIGH,-16.78,-3.08,0.51,-12.12,0.293,False,-8.01,False,-2.62,4.716,3.906,-3.4682,-19.4,0.527,16.0,-16.15,37.0,9.55,11.01,8792410.0,,,61.9,0.315203955500618,0.580964153275649,0.24474660074165633,0.0519159456118665,0.09517923362175525,0.6563658838071693,0.20519159456118666,0.3241,0.1841,0.2797
CMRC,Commerce.com Inc,Technology,Software - Application,,5.18,112.72,0.09,-0.1,3.4300000000000006,9.48,7.26,31.58,1.09,-41.39,2.88,1060000.0,0.0,3.25,Aug 06/b,4.0,269300000.0,HIGH,30.2,-2.25,0.4,34.86,0.6019,True,7.94,True,17.74,6.941,3.84,-5.7554,-12.73,0.513,13.0,27.15,36.0,40.3,3.26,3718982.0,,,22.7,0.07169344870210136,0.7805933250927071,0.03399258343634115,0.04388133498145859,0.04573547589616811,0.965389369592089,0.9913473423980222,0.3235,0.4205,0.2817
QTRX,Quanterix Corp,Healthcare,Medical Devices,,,-34.44,34.44,1.9,-16.4,11.91,-24.31,-16.15,1.06,-62.71,3.0,811670.0,0.0,3.27,Aug 10/b,3.0,154650000.0,HIGH,23.86,7.57,0.63,28.52,0.3832,True,16.16,True,5.45,6.131,5.657,-4.0751,-26.52,0.606,1.0,2.83,34.0,35.12,3.27,2445475.0,,,-8.3,0.22373300370828184,0.38936959208899874,0.1359703337453646,0.08899876390605686,0.22558714462299134,0.8702101359703337,0.9826946847960445,0.3223,0.5015,0.3521
BLZE,Backblaze Inc,Technology,Software - Infrastructure,,60.74,34.4,17.67,-0.45000000000000007,11.71,9.4,-11.89,287.94,1.57,-45.02,1.29,2750000.0,0.0,13.19,Aug 03/a,22.83,816460000.0,HIGH,-7.96,-3.01,0.68,-3.3,0.168,False,-1.69,False,-11.4,6.196,5.936,-3.7058,-45.02,0.808,31.0,-31.8,38.0,-15.39,13.19,23647739.0,,,73.1,0.2719406674907293,0.10506798516687268,0.6143386897404203,0.3065512978986403,0.29913473423980225,0.33498145859085293,0.4969097651421508,0.322,0.4728,0.3032
QNRX,Quoin Pharmaceuticals Ltd ADR,Healthcare,Biotechnology,,,98.79,,,6.950000000000001,,34.44,-4.57,1.54,-85.37,1.0,545250.0,0.0,6.12,Aug 14/b,23.8,12290000.0,HIGH,5.07,-6.81,0.01,9.73,0.228,False,-5.89,True,14.6,7.384,6.89,-6.357,-22.06,0.05,20.0,24.73,30.0,26.33,6.43,10314001.0,,,270.1,0.05315203955500618,0.5067985166872683,0.41409147095179233,0.004944375772558714,0.002472187886279357,0.9480840543881335,0.8689740420271941,0.3216,0.4726,0.2522
ALXO,Alx Oncology Holdings Inc,Healthcare,Biotechnology,,,72.71,,-0.01,14.63,6.42,-40.45,-35.78,0.45,-50.74999999999999,1.29,1220000.0,0.0,1.31,Aug 06/b,4.6,181140000.0,HIGH,-34.5,-21.08,1.13,-29.84,0.5032,False,-27.46,False,-31.91,8.206,6.107,-3.691,-45.64,1.068,,,36.0,-31.77,1.31,1815020.0,,,251.1,0.273176761433869,0.09888751545117429,0.05562422744128559,0.6699629171817059,0.799752781211372,0.029666254635352288,0.022249690976514216,0.3212,0.2655,0.4431
KVYO,Klaviyo Inc,Technology,Software - Application,743.4,14.9,65.02,26.43,-3.08,-9.34,24.15,5.56,-15.590000000000002,0.62,-52.75,1.24,6050000.0,0.02,15.76,Aug 05/a,26.57,4490000000.0,HIGH,-21.59,-0.13,0.56,-16.93,0.4096,False,-9.19,False,-10.83,5.703,4.62,-4.0459,-24.46,1.045,21.0,-11.19,36.0,-5.56,15.8,118206041.0,,,68.2,0.22744128553770088,0.4437577255871446,0.107540173053152,0.6483312731767614,0.1446229913473424,0.3522867737948084,0.1100123609394314,0.3207,0.1197,0.3432
TTI,Tetra Technologies Inc,Energy,Oil & Gas Equipment & Services,147.43,18.38,-14.05,6.78,-0.19,17.73,7.96,-47.01,-30.049999999999997,1.25,-51.92,1.4,1910000.0,0.0,6.03,Aug 03/a,11.6,892880000.0,HIGH,-10.72,-0.16,0.73,-6.06,0.2434,False,-6.7,False,-18.25,4.394,3.125,-2.69,-41.59,0.86,,,38.0,-22.05,6.08,12822212.0,,,90.8,0.5451174289245982,0.1334981458590853,0.3559950556242274,0.3831891223733004,0.3658838071693449,0.138442521631644,0.3936959208899876,0.3204,0.374,0.3582
MVIS,Microvision Inc,Technology,Scientific & Technical Instruments,,,-97.72,850.3199999999999,0.0,-7.39,20.43,-64.49,-81.72,1.11,-93.12,1.0,1390000.0,0.04,1.59,Aug 06/a,30.0,48630000.0,HIGH,-13.04,-4.19,0.97,-8.38,0.1691,False,-3.35,False,-38.52,8.393,6.875,-2.9245,-76.3,0.653,,,35.0,-50.92,1.6,2166758.0,,,1775.0,0.4796044499381953,0.013597033374536464,0.6106304079110012,0.12237330037082818,0.6687268232385661,0.0173053152039555,0.3003708281829419,0.3187,0.504,0.322
MEI,Methode Electronics Inc,Technology,Electronic Components,,94.32,-9.75,10.35,0.0,3.35,9.44,-25.53,159.17,1.54,-29.04,2.0,731270.0,0.0,14.46,Sep 02/a,22.0,515480000.0,HIGH,-20.32,8.28,0.54,-15.66,0.4943,False,-2.57,False,-5.59,6.222,5.169,-5.5178,-23.51,1.027,20.0,-18.39,16.0,-5.29,14.51,12378891.0,,,51.6,0.0865265760197775,0.4684796044499382,0.05809641532756493,0.6199011124845488,0.12237330037082818,0.534610630407911,0.1273176761433869,0.315,0.1051,0.3409
CLYM,Climb Bio Inc,Healthcare,Biotechnology,,,-38.22,,-2.28,74.1,16.42,-12.43,66.67,-0.05,-36.17,1.06,1510000.0,0.04,11.7,Aug 06/b,27.47,672010000.0,HIGH,-19.97,-14.52,0.82,-15.31,0.3088,False,-17.61,False,-17.88,8.435,3.345,-4.6583,-36.39,1.066,23.0,-28.9,36.0,-6.5,11.66,26375265.0,,,135.6,0.14956736711990112,0.1915945611866502,0.21878862793572307,0.6687268232385661,0.49814585908529047,0.14709517923362175,0.13535228677379482,0.3123,0.2692,0.3659
PHAT,Phathom Pharmaceuticals Inc,Healthcare,Biotechnology,,9.4,79.93,88.02,0.0,4.99,19.75,-32.57,-30.72,0.48,-59.97,1.45,1380000.0,0.02,7.33,Jul 30/b,20.45,593010000.0,HIGH,-20.48,-2.01,1.13,-15.82,0.4197,False,-12.64,False,-19.93,6.432,3.904,-4.2695,-42.23,0.967,55.0,-39.97,41.0,-19.16,7.3,10505088.0,,,180.1,0.19283065512978986,0.12978986402966625,0.09517923362175529,0.534610630407911,0.799752781211372,0.11742892459826947,0.12360939431396786,0.3116,0.3179,0.4112
ENVX,Enovix Corp,Industrials,Electrical Equipment & Parts,,,9.34,20.84,0.0,1.43,27.89,-53.44,-45.7,2.47,-80.01,1.91,6890000.0,0.14,2.84,Aug 12/a,10.94,623240000.0,HIGH,-14.58,-3.69,1.0,-9.92,0.2469,False,-8.36,False,-22.51,5.749,6.969,-3.0065,-52.64,0.729,,,31.0,-35.21,2.87,18171532.0,,,281.2,0.4622991347342398,0.0580964153275649,0.34734239802224964,0.20210135970333745,0.7033374536464772,0.09208899876390605,0.2657601977750309,0.3109,0.4215,0.365
FNKO,Funko Inc,Consumer Cyclical,Leisure,,23.66,135.94,7.37,-1.31,-1.55,16.73,-6.460000000000001,87.71,0.94,-25.17,1.5,1060000.0,0.01,5.5,Aug 06/a,7.88,308480000.0,HIGH,-22.54,1.29,0.56,-17.88,0.3427,False,-3.02,False,-6.74,4.37,6.727,-3.4099,-25.17,0.805,20.0,-18.4,35.0,4.17,5.5,6791433.0,,,43.3,0.3300370828182942,0.4264524103831891,0.17428924598269468,0.30284301606922126,0.1446229913473424,0.4857849196538937,0.10506798516687268,0.3107,0.1377,0.3158
RLMD,Relmada Therapeutics Inc,Healthcare,Biotechnology,,,61.35,,2.97,16.59,15.59,-42.75,-41.35,0.5,-52.129999999999995,1.0,1630000.0,0.0,3.83,Aug 06/a,10.75,408550000.0,HIGH,-11.55,-7.93,1.02,-6.89,0.2179,False,-9.52,False,-18.01,6.531,3.655,-4.2274,-42.54,0.75,,,35.0,-22.47,3.83,5458790.0,,,180.7,0.20024721878862795,0.12360939431396786,0.44252163164400493,0.22744128553770088,0.7175525339925835,0.1433868974042027,0.3535228677379481,0.3091,0.4894,0.3222
RWT,Redwood Trust Inc,Real Estate,REIT - Mortgage,,3.62,95.49,37.59,11.73,-12.29,19.21,-24.02,-30.06,1.5,-46.92,1.44,4560000.0,0.0,3.7,Jul 28/b,5.77,464770000.0,HIGH,-19.48,-7.92,0.57,-14.82,0.3494,False,-9.01,False,-17.22,6.509,3.763,-4.6622,-29.41,1.46,,,43.0,-20.34,3.72,30447874.0,,,55.1,0.14833127317676142,0.3189122373300371,0.16687268232385666,0.9085290482076638,0.15203955500618047,0.15945611866501855,0.14709517923362175,0.309,0.1545,0.3421
LENZ,LENZ Therapeutics Inc,Healthcare,Biotechnology,,,-91.55,9.72,0.98,-1.51,39.12,-31.620000000000005,-53.11,0.69,-92.19,1.57,875240.0,0.01,3.94,Aug 11/a,25.0,123750000.0,HIGH,-23.39,-4.04,1.22,-18.73,0.6132,False,-16.05,False,-20.52,6.893,8.685,-5.1542,-41.91,1.022,17.0,-25.14,32.0,-22.32,3.91,3498804.0,,,539.4,0.10630407911001236,0.13102595797280595,0.02966625463535233,0.6143386897404203,0.8529048207663782,0.11248454882571075,0.09517923362175525,0.3078,0.3028,0.4215
GALT,Galectin Therapeutics Inc,Healthcare,Biotechnology,,,-16.57,,-0.2,7.16,19.63,-21.84,39.29,0.38,-45.3,1.0,546340.0,0.0,3.9,Aug 14/b,11.0,393310000.0,HIGH,-2.99,-1.52,0.37,1.67,0.2414,False,-3.03,True,5.06,6.044,3.333,-4.2095,-29.73,0.559,15.0,-10.34,30.0,13.37,3.9,1356973.0,,,182.1,0.2027194066749073,0.30778739184178,0.36959208899876395,0.0630407911001236,0.038318912237330034,0.861557478368356,0.681087762669963,0.3072,0.3948,0.2914
BOOT,Boot Barn Holdings Inc,Consumer Cyclical,Apparel Retail,15.58,12.21,31.920000000000005,17.75,-0.1,1.8399999999999999,10.86,-25.15,-17.47,1.75,-41.42,1.24,684840.0,0.0,123.16,Jul 29/a,221.5,3730000000.0,HIGH,-20.37,-0.83,0.78,-15.71,0.3604,False,-10.4,False,-17.85,4.8,3.139,-3.387,-28.34,0.87,27.0,-22.01,41.0,-18.28,123.3,89957505.0,,,79.6,0.3374536464771323,0.34487021013597036,0.15451174289245984,0.40296662546353523,0.44561186650185414,0.14956736711990112,0.1260815822002472,0.3058,0.2305,0.3339
ANRO,Alto Neuroscience Inc,Healthcare,Biotechnology,,,1.28,,0.0,6.39,11.72,-5.24,29.75,1.22,-29.03,1.27,595950.0,0.01,26.6,Aug 12/a,38.38,1040000000.0,HIGH,-24.59,-13.52,0.65,-19.93,0.3947,False,-17.68,False,-14.58,7.573,4.285,-3.4324,-29.32,1.003,17.0,-24.74,31.0,-9.22,26.49,17830109.0,,,44.9,0.323238566131026,0.3226205191594561,0.12113720642768855,0.5902348578491965,0.2521631644004944,0.22126081582200247,0.08405438813349815,0.3051,0.1456,0.3467
ATOM,Atomera Inc,Technology,Semiconductor Equipment & Materials,,,-0.37,,-8.48,14.790000000000001,17.56,-45.54,10.81,2.05,-66.48,1.0,596820.0,0.03,4.14,Aug 04/a,10.0,161720000.0,HIGH,3.57,-0.91,0.47,8.23,0.1774,True,5.63,False,-8.54,5.066,4.368,-3.2782,-48.09,0.797,,,37.0,-16.98,4.35,1774021.0,,,129.9,0.3695920889987639,0.08529048207663782,0.5784919653893696,0.2904820766378245,0.06736711990111248,0.4264524103831891,0.8553770086526576,0.3029,0.5359,0.2885
BETR,Better Home & Finance Holding Co,Financial,Mortgage Finance,,,31.33,17.19,1.09,21.34,50.89,-60.36,-65.63,1.73,-88.63,1.5,561180.0,0.5,10.54,Aug 06/a,25.71,200310000.0,HIGH,-24.55,-15.86,1.21,-19.89,0.305,False,-17.85,False,-33.69,8.744,8.612,-5.3954,-67.51,1.01,,,35.0,-32.41,10.45,6169783.0,,,146.0,0.09270704573547589,0.022249690976514216,0.2262051915945612,0.5995055624227441,0.8485784919653894,0.02595797280593325,0.08529048207663782,0.3025,0.3566,0.3917
CDNL,Cardinal Infrastructure Group Inc,Industrials,Engineering & Construction,22.78,10.55,-52.32,113.87,5.79,19.01,13.91,-70.58,-23.55,,-71.21,1.0,741160.0,0.0,27.75,Aug 11/b,54.25,1320000000.0,HIGH,-26.34,-11.1,1.45,-21.68,0.3866,False,-16.23,False,-39.12,8.232,4.954,-3.8848,-67.6,0.903,,,33.0,-26.78,28.02,19754811.0,,,93.6,0.24598269468479605,0.021013597033374538,0.13102595797280592,0.4641532756489493,0.9245982694684796,0.014833127317676144,0.06180469715698393,0.3003,0.3414,0.4124
SHAZ,SharonAI Holdings Inc,Technology,Information Technology Services,,,-1144.5,,0.0,43.55,7.69,-34.1,132.29,,-70.01,1.0,1940000.0,0.07,53.38,Aug 06/b,112.44,1910000000.0,HIGH,4.41,-8.76,0.79,9.07,0.2247,False,-1.99,False,-6.42,8.768,6.95,-5.7544,-35.36,0.642,4.0,-8.76,36.0,4.85,54.68,86332068.0,,,105.6,0.07292954264524104,0.2138442521631644,0.4252163164400494,0.11557478368355995,0.4604449938195303,0.49938195302843014,0.8603213844252163,0.2979,0.6098,0.2871
WEN,Wendy's Co,Consumer Cyclical,Restaurants,9.9,12.46,-40.35,1.72,0.0,-7.55,28.2,-20.84,-3.9,0.39,-35.42,3.15,11130000.0,0.02,6.53,Aug 07/b,7.57,1250000000.0,HIGH,-20.8,-2.24,0.83,-16.14,0.3358,False,-11.7,False,-15.64,4.079,3.053,-2.7644,-30.69,0.598,23.0,-25.9,35.0,-11.37,6.55,44244032.0,,,15.6,0.5142150803461063,0.2954264524103832,0.1804697156983931,0.08034610630407911,0.5135970333745364,0.1965389369592089,0.11866501854140915,0.2968,0.2557,0.3262
RXT,Rackspace Technology Inc,Technology,Software - Infrastructure,,28.92,-17.86,0.57,-0.63,13.309999999999999,27.36,-40.24,274.19,3.12,-54.31,3.0,10260000.0,0.07,3.93,Aug 10/a,4.77,1000000000.0,HIGH,26.03,-1.73,0.73,30.69,0.4719,True,13.41,True,3.32,7.751,7.809,-5.2897,-48.71,0.821,2.0,-1.98,33.0,-8.74,3.97,25881688.0,,,20.2,0.10135970333745364,0.08034610630407911,0.07045735475896164,0.3257107540173053,0.3658838071693449,0.8337453646477132,0.9864029666254636,0.2963,0.5255,0.4067
GPGI,GPGI Inc,Industrials,Metal Fabrication,,9.22,167.96,,0.1,6.94,14.39,-25.35,-27.77,0.88,-56.68,3.0,1520000.0,0.0,11.6,Aug 06/b,15.0,3360000000.0,HIGH,-12.38,-6.3,0.7,-7.72,0.2387,False,-9.66,False,-13.71,5.778,4.694,-3.4547,-33.01,0.763,,,36.0,-22.5,11.61,23054730.0,,,29.2,0.3176761433868974,0.2521631644004944,0.3813349814585909,0.242274412855377,0.326946847960445,0.24969097651421507,0.32138442521631644,0.295,0.341,0.2841
CLNE,Clean Energy Fuels Corp,Energy,Oil & Gas Refining & Marketing,,,26.58,3.34,-0.17,1.4,4.82,-13.68,-36.68,1.89,-47.27,1.57,1910000.0,0.0,1.64,Aug 06/a,4.36,361530000.0,HIGH,-1.84,-6.98,0.43,2.82,0.133,False,-3.67,False,-9.04,5.089,3.125,-3.6209,-36.0,0.584,50.0,-31.91,35.0,1.27,1.6,3097287.0,,,172.5,0.2836835599505562,0.20395550061804696,0.7385661310259579,0.07292954264524104,0.0550061804697157,0.41285537700865266,0.7280593325092707,0.2945,0.5293,0.2061
BOBS,Bob's Discount Furniture Inc,Consumer Cyclical,Specialty Retail,13.41,12.99,63.74999999999999,8.79,0.02,1.78,21.04,-16.42,33.27,,-41.51,1.38,1010000.0,0.04,13.74,Aug 06/b,22.92,1800000000.0,HIGH,-20.57,-4.78,0.67,-15.91,0.3317,False,-11.79,False,-17.4,6.894,4.582,-4.8417,-29.41,1.077,31.0,-25.07,36.0,-23.86,13.75,13037480.0,,,66.7,0.13967861557478367,0.3189122373300371,0.18541409147095178,0.6823238566131026,0.28182941903584674,0.15451174289245984,0.1211372064276885,0.2938,0.1886,0.3146
VRRM,Verra Mobility Corp,Technology,Information Technology Services,12.33,3.44,-232.79000000000002,11.68,0.0,-1.7399999999999998,9.52,-25.739999999999995,-76.51,0.39,-87.19,3.0,5550000.0,0.0,3.26,Aug 05/a,7.0,495460000.0,HIGH,-26.2,-7.95,0.69,-21.54,0.4047,False,-13.29,False,-24.34,5.148,2.623,-2.3221,-46.0,0.925,42.0,-22.49,36.0,-36.72,3.24,25407715.0,,,116.0,0.6613102595797281,0.09765142150803462,0.11372064276885041,0.4919653893695921,0.31334981458590855,0.07416563658838071,0.06427688504326329,0.292,0.1538,0.3852
ALHC,Alignment Healthcare Inc,Healthcare,Healthcare Plans,43.44,19.73,127.27,31.55,-24.16,10.92,12.41,-65.13,-51.2,1.1,-67.71,1.43,7010000.0,0.02,8.11,Jul 30/a,22.23,1680000000.0,HIGH,-39.72,-1.44,0.98,-35.06,0.9091,False,-26.13,False,-40.68,10.992,8.526,-5.9137,-67.32,1.757,,,40.0,-44.71,8.21,104727630.0,,,170.8,0.06551297898640297,0.023485784919653894,0.00988875154511748,0.9517923362175525,0.6773794808405439,0.013597033374536464,0.009888751545117428,0.2903,0.2101,0.4271
SHLS,Shoals Technologies Group Inc,Technology,Solar,38.74,13.18,-13.66,47.39,-1.9,-7.1,9.06,-21.64,9.97,1.87,-44.76,1.68,5250000.0,0.03,7.28,Aug 04/b,11.58,1230000000.0,HIGH,4.62,-4.66,0.62,9.28,0.213,True,2.8,False,-7.23,6.598,3.748,-4.2479,-36.08,0.718,5.0,-1.71,38.0,-18.98,7.47,30983931.0,,,55.0,0.19777503090234858,0.20024721878862795,0.4573547589616811,0.188504326328801,0.2126081582200247,0.4721878862793572,0.8627935723114957,0.2881,0.5461,0.2678
QDEL,QuidelOrtho Corp,Healthcare,Medical Devices,,7.49,63.94,2.45,0.0,-4.73,20.88,-40.76,-26.93,0.76,-69.64,3.25,1520000.0,0.03,10.8,Aug 06/a,14.67,740620000.0,HIGH,-25.78,0.74,0.99,-21.12,0.5062,False,-9.85,False,-22.99,6.105,4.845,-3.2069,-42.51,0.855,55.0,-37.27,35.0,-10.98,10.94,16291839.0,,,34.1,0.39060568603213847,0.12484548825710753,0.053152039555006136,0.37453646477132263,0.6903584672435105,0.08281829419035847,0.069221260815822,0.2861,0.2507,0.3846
TENB,Tenable Holdings Inc,Technology,Software - Infrastructure,571.11,15.19,127.47,8.58,0.37,0.96,16.77,-1.43,99.58,1.01,-24.41,2.56,4280000.0,0.03,33.01,Jul 29/a,36.0,3640000000.0,HIGH,-11.1,-7.49,0.5,-6.44,0.2249,False,-4.66,False,-4.54,6.827,7.883,-5.3505,-23.31,0.568,31.0,-9.49,41.0,6.39,33.49,206019557.0,,,7.5,0.09641532756489493,0.47095179233621753,0.4239802224969098,0.06551297898640297,0.0865265760197775,0.5723114956736712,0.37824474660074164,0.2859,0.3044,0.2052
FLNC,Fluence Energy Inc,Utilities,Utilities - Renewable,,,-798.82,7.85,-35.49,6.7299999999999995,25.18,-59.84,-45.65,2.74,-77.05,3.04,8160000.0,0.22,7.69,Aug 05/a,10.24,1420000000.0,HIGH,-27.85,6.22,1.0,-23.19,0.6019,False,-14.81,False,-31.84,8.414,6.306,-4.9899,-58.4,1.181,,,36.0,-40.58,7.85,74138346.0,,,30.4,0.12360939431396786,0.04326328800988875,0.03399258343634115,0.7756489493201484,0.7033374536464772,0.030902348578491966,0.049443757725587144,0.2851,0.241,0.4084
DSGN,Design Therapeutics Inc,Healthcare,Biotechnology,,,3.8699999999999997,,0.0,26.61,15.79,-15.310000000000002,14.529999999999998,1.67,-30.09,1.0,716820.0,0.07,12.06,Aug 03/b,21.0,754740000.0,HIGH,-19.79,-3.43,0.55,-15.13,0.3851,False,-12.32,False,-11.85,6.371,4.414,-3.6289,-24.81,0.871,30.0,-15.77,39.0,-0.49,12.12,10830849.0,,,73.3,0.27935723114956734,0.43757725587144625,0.134734239802225,0.40605686032138444,0.1334981458590853,0.3189122373300371,0.14215080346106304,0.285,0.1373,0.2845
RGNX,Regenxbio Inc,Healthcare,Biotechnology,,,131.11,405.7300000000001,0.58,-0.45000000000000007,12.98,-38.38,-6.06,1.11,-54.97,1.55,1710000.0,0.0,7.29,Aug 06/b,22.09,481250000.0,HIGH,-23.4,-6.09,0.97,-18.74,0.3461,False,-12.85,False,-22.49,6.314,6.892,-3.4037,-53.4,0.856,27.0,-33.15,36.0,-29.52,7.4,11143488.0,,,198.5,0.33127317676143386,0.05315203955500618,0.17181705809641534,0.3788627935723115,0.6687268232385661,0.09394313967861558,0.09394313967861558,0.283,0.2897,0.3682
AUUD,Auddia Inc,Technology,Software - Application,,,96.86,,0.0,15.370000000000001,10.94,-11.1,-81.01,0.47,-94.01,1.0,3270000.0,0.09,1.12,-,3272.5,6510000.0,HIGH,18.01,-15.56,0.15,22.67,0.4901,True,6.32,True,6.81,12.964,11.491,-7.5205,-34.86,0.912,5.0,9.62,,,1.14,2385726.0,,,286961.4,0.032138442521631644,0.2200247218788628,0.05933250927070455,0.4758961681087763,0.01668726823238566,0.8912237330037083,0.9666254635352287,0.2826,0.4095,0.354
OMDA,Omada Health Inc,Healthcare,Health Information Services,302.13,44.55,189.42,43.12,-1.08,13.209999999999999,23.87,-8.26,67.69,1.95,-26.14,1.42,1410000.0,0.04,19.88,Aug 06/a,28.42,1220000000.0,HIGH,-17.01,-4.61,0.6,-12.35,0.2854,False,-7.81,False,-10.71,5.403,2.136,-3.672,-22.75,0.655,34.0,-16.94,35.0,0.61,19.66,30721704.0,,,44.6,0.27812113720642767,0.484548825710754,0.2608158220024722,0.12360939431396786,0.18788627935723115,0.3584672435105068,0.1903584672435105,0.2822,0.2108,0.237
BNGO,Bionano Genomics Inc,Healthcare,Medical Instruments & Supplies,,,67.74,21.36,1.16,-1.36,10.33,42.63,43.86,1.7,-25.17,1.0,896160.0,0.01,1.67,Aug 10/a,4.0,19650000.0,HIGH,41.88,-9.29,0.19,46.54,0.7029,True,15.72,True,31.33,11.704,4.217,-6.1218,-25.56,0.702,5.0,-4.05,33.0,43.1,1.66,4037507.0,,,141.0,0.059332509270704575,0.41718170580964153,0.01977750309023485,0.17058096415327564,0.019777503090234856,0.9975278121137207,0.9950556242274413,0.2807,0.4099,0.3118
ABAT,American Battery Technology Company,Industrials,Waste Management,,,-39.66,196.6,-2.84,2.28,16.11,-16.59,-15.960000000000003,1.29,-80.54,1.0,3330000.0,0.12,2.24,Sep 14/b,6.0,318720000.0,HIGH,-12.06,-3.0,0.59,-7.4,0.3671,False,-8.41,False,-6.58,5.964,3.54,-4.3396,-23.91,0.756,14.0,-18.71,10.0,-4.24,2.26,8170227.0,,,165.5,0.17676143386897405,0.45488257107540175,0.1470951792336218,0.23362175525339926,0.173053152039555,0.4894932014833127,0.33250927070457353,0.2792,0.229,0.2682
ZNTL,Zentalis Pharmaceuticals Inc,Healthcare,Biotechnology,,,-58.82999999999999,,18.66,4.65,7.13,-37.52,37.15,1.92,-58.56,1.83,1230000.0,0.05,2.88,Aug 06/a,7.3,272670000.0,HIGH,-28.95,-10.89,1.11,-24.29,0.5204,False,-21.08,False,-32.0,7.722,4.444,-3.975,-51.61,0.945,50.0,-40.92,35.0,-36.02,2.7,3243253.0,,,170.4,0.23485784919653893,0.06427688504326329,0.04944375772558718,0.5092707045735476,0.7836835599505563,0.02843016069221261,0.04449938195302843,0.2783,0.2677,0.3891
ALDX,Aldeyra Therapeutics Inc,Healthcare,Biotechnology,,,44.44,,12.61,-3.93,6.2,-41.46,-32.2,1.18,-79.76,1.4,1100000.0,0.06,1.2,Jul 31,6.6,72390000.0,HIGH,-18.86,-10.74,0.99,-14.2,0.2604,False,-14.55,False,-19.95,6.846,7.054,-4.1223,-52.37,0.775,,,,,1.21,912543.0,,,445.5,0.21755253399258342,0.059332509270704575,0.31891223733003704,0.2595797280593325,0.6903584672435105,0.1161928306551298,0.1557478368355995,0.277,0.3651,0.3209
GDC,GD Culture Group Limited,Communication Services,Electronic Gaming & Multimedia,,,-118.40000000000002,,0.0,2.98,11.61,-44.5,-99.8,1.97,-99.93,,1390000.0,0.19,1.38,-,,5750000.0,HIGH,-11.11,-6.85,0.18,-6.45,0.2583,False,-5.36,False,-15.59,14.617,6.985,-5.5949,-62.12,4.075,27.0,-27.27,,,1.36,2603187.0,,,,0.0815822002472188,0.032138442521631644,0.32509270704573545,0.9938195302843016,0.018541409147095178,0.2027194066749073,0.37639060568603216,0.2756,0.2536,0.3242
AMIX,Autonomix Medical Inc,Healthcare,Medical Devices,,,77.77,,0.0,5.21,3.55,-34.94,-54.84,-0.98,-88.33,1.0,4450000.0,0.09,3.8,Sep 02,58.8,7450000.0,HIGH,-24.44,-0.74,2.19,-19.78,0.3044,False,-8.6,False,-28.0,6.812,9.701,-3.2208,-83.71,0.018,38.0,10.14,,,4.02,544950.0,,,1362.7,0.38751545117428926,0.009888751545117428,0.22744128553770082,0.0012360939431396785,0.9814585908529048,0.04264524103831891,0.0865265760197775,0.275,0.3973,0.3532
ARKO,ARKO Corp,Consumer Cyclical,Specialty Retail,54.94,32.08,-75.02,17.36,-0.09,7.33,8.92,-47.68,-23.63,0.92,-52.37,2.0,956530.0,0.0,4.17,Aug 07/b,8.5,467810000.0,HIGH,-2.06,0.94,0.67,2.6,0.1816,False,-4.1,False,-22.81,3.655,2.687,-2.7495,-48.06,0.634,47.0,-46.03,35.0,-24.38,4.28,4341813.0,,,98.6,0.5166872682323856,0.0865265760197775,0.5679851668726823,0.10568603213844252,0.28182941903584674,0.08405438813349815,0.7206427688504327,0.2738,0.5432,0.2471
ZIP,ZipRecruiter Inc,Communication Services,Internet Content & Information,10.17,1319.55,600.29,5.19,-1.87,1.16,4.7,-10.91,91.8,1.54,-37.43,2.6,851320.0,0.0,3.51,Aug 05/a,4.75,288620000.0,HIGH,-20.59,-9.54,0.77,-15.93,0.2842,False,-9.95,False,-16.77,6.217,4.701,-3.5906,-34.33,0.78,26.0,-29.66,36.0,-17.41,3.51,3360165.0,,,35.3,0.2880098887515451,0.22373300370828184,0.26328800988875156,0.26452410383189123,0.4289245982694685,0.17058096415327564,0.11990111248454882,0.2732,0.2556,0.288
FRMI,Fermi Inc,Real Estate,REIT - Specialty,,69.01,-8000.0,,-4.47,40.84,19.15,-52.739999999999995,-27.73,,-87.93,1.44,18660000.0,0.06,4.47,Aug 13/b,14.67,2860000000.0,HIGH,-9.6,-10.67,0.97,-4.94,0.2611,False,-9.65,False,-21.44,7.615,4.425,-5.0896,-50.57,0.84,32.0,-36.52,31.0,-31.52,4.52,87358402.0,,,224.6,0.1161928306551298,0.07416563658838071,0.3164400494437577,0.35290482076637825,0.6687268232385661,0.10135970333745364,0.4369592088998764,0.2716,0.4703,0.3098
IPST,IP Strategy Holdings Inc,Financial,Capital Markets,,,28.410000000000004,56.8,0.0,-0.83,1.51,35.98,-34.96,5.39,-98.99,1.0,2440000.0,0.32,3.59,-,164.0,2590000.0,HIGH,-10.6,34.42,14.36,-5.94,0.6491,True,6.73,False,-4.91,12.104,49.057,-8.3272,-85.36,0.303,29.0,68.64,,,3.71,1113419.0,,,4320.5,0.023485784919653894,0.00865265760197775,0.023485784919653918,0.0173053152039555,1.0,0.5568603213844252,0.39864029666254636,0.2716,0.4665,0.3994
QTTB,Q32 Bio Inc,Healthcare,Biotechnology,2.92,,43.46,,74.12,5.48,17.97,-33.41,22.83,0.27,-62.79,1.0,1190000.0,0.0,8.77,Aug 05/b,42.25,261079999.99999997,HIGH,-41.65,-16.24,0.78,-36.99,0.6152,False,-23.85,False,-37.25,7.115,5.245,-3.1988,-62.79,1.107,54.0,-21.77,37.0,-45.71,8.77,7337191.0,,,381.8,0.3943139678615575,0.029666254635352288,0.028430160692212603,0.7101359703337453,0.44561186650185414,0.019777503090234856,0.00865265760197775,0.2713,0.1457,0.3925
TRAX,First Tracks Biotherapeutics Inc,Healthcare,Biotechnology,,,,,-0.73,306.22,14.82,102.82,,,-30.879999999999995,1.09,791720.0,0.0,34.5,Aug 12/a,71.82,1230000000.0,HIGH,-17.77,-11.72,0.49,-13.11,0.2653,False,-12.71,False,-17.35,8.822,6.275,-4.758,-31.04,1.048,34.0,-24.07,31.0,-21.83,34.42,29091022.0,,,108.7,0.1446229913473424,0.28553770086526575,0.3053152039555006,0.6526576019777504,0.08034610630407911,0.15698393077873918,0.17799752781211373,0.2709,0.1869,0.2587
JTAI,Jet.AI Inc,Technology,Software - Application,0.01,,99.07,139.01,0.0,5.9,7.22,128.61,4.16,-0.58,-97.82,1.0,1430000.0,0.06,1.56,May 15/b,7.58,5540000.0,HIGH,3.31,5.41,0.12,7.97,0.436,True,11.75,False,-7.21,11.653,5.449,-7.2521,-68.86,4.54,4.0,5.41,,,1.56,918789.0,,,385.9,0.037082818294190356,0.018541409147095178,0.08529048207663781,0.9950556242274413,0.014215080346106305,0.47342398022249693,0.8541409147095179,0.2706,0.3715,0.3799
SLS,SELLAS Life Sciences Group Inc,Healthcare,Biotechnology,,,24.18,,0.0,11.09,29.58,-25.5,163.69,2.56,-27.500000000000004,1.0,8140000.000000001,0.05,11.51,Aug 11/a,32.5,2320000000.0,HIGH,-12.11,2.11,0.65,-7.45,0.3444,False,-7.36,False,-6.38,7.764,5.599,-5.2899,-25.91,0.719,25.0,-13.36,32.0,5.07,11.61,84378447.0,,,179.9,0.10012360939431397,0.4054388133498146,0.17305315203955496,0.1903584672435105,0.2521631644004944,0.5018541409147095,0.33065512978986406,0.2705,0.2598,0.2611
ICHR,Ichor Holdings Ltd,Technology,Semiconductor Equipment & Materials,,17.34,109.98999999999998,22.68,-12.869999999999997,3.64,7.62,-46.26,25.290000000000003,1.81,-50.11,1.38,932690.0,0.14,56.67,Aug 03/a,98.88,2120000000.0,HIGH,4.5,3.21,0.55,9.16,0.1862,True,5.36,False,-10.6,4.832,3.719,-3.9928,-48.82,0.785,,,38.0,-18.7,57.94,37820865.0,,,70.7,0.22991347342398022,0.07911001236093942,0.5475896168108776,0.2694684796044499,0.1334981458590853,0.36279357231149567,0.861557478368356,0.2704,0.5489,0.2489
TE,T1 Energy Inc,Industrials,Electrical Equipment & Parts,,,24.39,88.4,-33.58,13.570000000000002,26.48,-57.879999999999995,-35.07,2.35,-70.06,1.67,30470000.0,0.21,3.74,Aug 12/b,8.78,1100000000.0,HIGH,-21.09,-15.06,1.41,-16.43,0.2995,False,-13.86,False,-20.51,8.496,4.127,-4.9607,-62.24,0.711,,,32.0,-22.86,3.78,87552160.0,,,132.3,0.12855377008652658,0.030902348578491966,0.2373300370828183,0.17985166872682323,0.9140914709517923,0.11372064276885044,0.11372064276885044,0.2674,0.3909,0.3341
SUJA,Suja Life Inc,Consumer Defensive,Beverages - Non-Alcoholic,,19.46,,,13.100000000000001,38.11,13.94,-15.340000000000002,,,-53.410000000000004,1.8,583250.0,0.0,8.61,Aug 04/a,18.0,332560000.0,HIGH,-8.11,6.82,0.53,-3.45,0.3523,False,-6.12,False,-1.77,7.035,6.736,-3.9493,-27.83,0.431,15.0,-15.51,37.0,40.23,8.61,4394848.0,,,109.1,0.23856613102595797,0.36093943139678614,0.16007416563658838,0.032138442521631644,0.11310259579728059,0.6835599505562423,0.4907292954264524,0.2647,0.2782,0.2668
TLYS,Tillys Inc,Consumer Cyclical,Apparel Retail,77.08,21.35,157.17,8.1,-21.5,4.73,3.32,4.15,1.67,0.08,-31.679999999999996,2.0,571280.0,0.0,4.27,Sep 02/a,6.65,130610000.00000001,HIGH,7.83,8.65,0.09,12.49,0.2732,True,0.47,True,5.52,7.243,3.747,-6.0551,-31.68,0.593,11.0,-0.47,16.0,12.07,4.27,6406519.0,,,55.7,0.0630407911001236,0.27564894932014833,0.2830655129789864,0.07663782447466007,0.012360939431396786,0.8714462299134734,0.8974042027194067,0.2637,0.4476,0.2559
TROX,Tronox Holdings plc,Basic Materials,Chemicals,,,-101.93,18.74,0.0,7.46,16.71,-39.76,-55.27000000000001,0.88,-61.95,3.2,2550000.0,0.0,4.03,Aug 05/a,7.0,643590000.0,HIGH,-25.37,-6.5,0.71,-20.71,0.3538,False,-11.95,False,-25.71,5.211,4.218,-2.3341,-43.32,0.758,36.0,-31.11,36.0,-31.11,4.03,10998931.0,,,73.7,0.6563658838071693,0.1161928306551298,0.15698393077873918,0.2360939431396786,0.3411619283065513,0.05562422744128554,0.07787391841779975,0.2604,0.1806,0.3223
EVH,Evolent Health Inc,Healthcare,Health Information Services,,10.14,42.84,46.86,-0.61,-3.11,13.74,-34.48,51.68000000000001,1.0,-60.35,1.43,3080000.0,0.0,3.61,Aug 06/b,5.75,408140000.0,HIGH,-21.52,-2.17,0.78,-16.86,0.3289,False,-9.86,False,-13.96,5.421,6.094,-2.766,-42.29,0.513,23.0,-23.52,36.0,17.21,3.61,9057017.0,,,59.3,0.5129789864029666,0.12855377008652658,0.19283065512978992,0.04388133498145859,0.44561186650185414,0.23794808405438814,0.11124845488257108,0.2603,0.236,0.3101
CVRX,CVRx Inc,Healthcare,Medical Devices,,,6.3,15.57,0.21,3.3000000000000003,11.03,-52.019999999999996,-68.01,0.72,-74.78,2.14,812320.0,0.03,2.85,Aug 06/a,4.3,75930000.0,HIGH,-8.47,-9.09,0.79,-3.81,0.1897,False,-7.61,False,-24.41,6.934,7.037,-3.2991,-55.0,0.545,37.0,-50.82,35.0,12.97,2.7,1714719.0,,,59.3,0.3646477132262052,0.051297898640296664,0.5364647713226205,0.059332509270704575,0.4604449938195303,0.07292954264524104,0.4820766378244747,0.2575,0.4919,0.2393
TDUP,ThredUp Inc,Consumer Cyclical,Internet Retail,,,-6.280000000000001,16.88,-2.0,4.87,20.44,-68.14,-29.87,2.09,-77.7,1.29,2470000.0,0.01,2.23,Aug 05/a,7.24,292870000.0,HIGH,-17.28,-6.64,1.13,-12.62,0.2592,False,-11.38,False,-38.54,6.0,5.111,-3.785,-68.62,0.657,,,36.0,-27.65,2.25,5989509.0,,,221.8,0.2546353522867738,0.019777503090234856,0.3213844252163165,0.1291718170580964,0.799752781211372,0.016069221260815822,0.18788627935723115,0.2568,0.4115,0.2999
ALOY,REalloys Inc,Basic Materials,Other Industrial Metals & Mining,,,-69.62,54.98,0.0,111.40999999999998,17.88,-39.24,-13.36,1.36,-67.86,1.0,2640000.0,0.12,8.65,Aug 13/a,26.5,600250000.0,HIGH,-14.42,-4.61,0.86,-9.76,0.3513,False,-3.27,False,-11.39,6.597,5.843,-4.6974,-44.34,0.747,30.0,-31.27,30.0,-31.27,8.9,18346761.0,,,197.8,0.14709517923362175,0.11372064276885044,0.1631644004944376,0.22620519159456118,0.5482076637824475,0.3368355995055624,0.2694684796044499,0.2559,0.3212,0.3146
BHVN,Biohaven Ltd,Healthcare,Biotechnology,,,52.910000000000004,,0.0,-5.82,15.91,-13.08,55.26,3.19,-30.010000000000005,1.71,2890000.0,0.01,12.99,Aug 10/a,23.08,1960000000.0,HIGH,-15.7,-8.65,0.49,-11.04,0.3644,False,-7.97,False,-9.07,8.342,4.465,-5.8494,-28.78,0.921,22.0,-9.67,33.0,-10.35,12.99,45251433.0,,,77.7,0.069221260815822,0.33498145859085293,0.15080346106304077,0.4901112484548826,0.08034610630407911,0.40976514215080345,0.2311495673671199,0.2559,0.1618,0.2624
SLE,Super League Enterprise Inc,Communication Services,Internet Content & Information,,,95.03,0.27,0.0,-3.71,4.2,62.3,33.78,1.51,-93.11,1.0,1290000.0,0.05,4.95,Aug 14/b,10.67,12240000.0,HIGH,30.31,-2.52,0.57,34.97,0.5253,True,11.14,True,34.61,10.907,9.284,-6.9086,-31.75,0.099,6.0,9.35,30.0,121.59,5.03,1266943.0,,,112.1,0.0407911001236094,0.273176761433869,0.04820766378244745,0.011124845488257108,0.15203955500618047,1.0,0.992583436341162,0.2542,0.4571,0.301
CMPX,Compass Therapeutics Inc,Healthcare,Biotechnology,,,6.329999999999999,,0.01,-0.38,30.5,-47.22,-78.12,0.86,-83.43,1.4,3430000.0,0.16,1.14,Aug 06/b,5.5,205300000.0,HIGH,-52.92,-37.91,0.77,-48.26,0.9201,False,-41.46,False,-45.64,13.047,6.637,-7.3254,-55.69,2.576,23.0,-52.92,36.0,-40.21,1.13,7643734.0,,,386.7,0.03584672435105068,0.049443757725587144,0.008652657601977753,0.9864029666254636,0.4289245982694685,0.00865265760197775,0.003708281829419036,0.253,0.1328,0.365
BIVI,BioVie Inc,Healthcare,Biotechnology,,,58.93000000000001,,5.73,7.739999999999999,12.91,-20.16,18.0,0.7,-57.66,1.0,4600000.0,0.0,1.6,-,5.51,13690000.0,HIGH,-25.69,-1.53,0.99,-21.03,0.4791,False,-14.71,False,-4.18,10.619,10.592,-5.1004,-57.65,0.052,19.0,-25.69,,,1.61,900959.0,,,242.2,0.11248454882571075,0.04697156983930779,0.06674907292954269,0.006180469715698393,0.6903584672435105,0.5945611866501854,0.07045735475896168,0.2529,0.2553,0.3509
BIOA,BioAge Labs Inc,Healthcare,Drug Manufacturers - Specialty & Generic,,,3.2400000000000007,1.6200000000000003,-0.4699999999999999,9.73,9.94,-71.9,-56.59,0.99,-72.99,1.44,898390.0,0.01,7.01,Aug 05/a,35.62,321800000.0,HIGH,-26.94,-12.86,0.91,-22.28,0.3891,False,-18.24,False,-41.69,6.967,3.759,-3.4325,-72.84,0.879,,,36.0,-35.79,7.05,5876878.0,,,405.2,0.32138442521631644,0.0173053152039555,0.12855377008652658,0.4264524103831891,0.6069221260815822,0.011124845488257108,0.05562422744128554,0.252,0.2429,0.3415
FIP,FTAI Infrastructure Inc,Industrials,Conglomerates,,,-92.91,56.60000000000001,0.1,-0.58,17.75,-25.55,-32.93,1.9,-51.47999999999999,1.0,1300000.0,0.14,3.25,Aug 05/a,9.94,383630000.0,HIGH,-12.46,1.79,0.67,-7.8,0.2771,False,-2.53,False,-15.65,6.384,4.16,-3.7519,-33.58,0.773,32.0,-28.49,36.0,-8.36,3.12,4158897.0,,,218.6,0.2595797280593325,0.2373300370828183,0.2781211372064277,0.2546353522867738,0.28182941903584674,0.19530284301606923,0.3176761433868974,0.2511,0.2951,0.2478
BLND,Blend Labs Inc,Technology,Software - Application,,24.21,37.18,7.339999999999999,11.94,-8.39,7.3,-33.14,-31.52,1.05,-70.73,1.33,2270000.0,0.0,1.13,Aug 06/a,2.96,267260000.0,HIGH,-26.97,-11.2,0.84,-22.31,0.4737,False,-18.59,False,-28.0,6.918,5.405,-3.6073,-46.63,0.915,39.0,-37.64,35.0,-31.9,1.11,2801701.0,,,166.7,0.2867737948084054,0.09394313967861558,0.06922126081582203,0.484548825710754,0.5253399258343634,0.04264524103831891,0.054388133498145856,0.2504,0.2001,0.3348
NB,NioCorp Developments Ltd,Basic Materials,Other Industrial Metals & Mining,,,78.38,,0.0,-2.56,7.4,-25.16,-24.5,0.13,-72.81,1.33,3130000.0,0.04,3.42,Sep 09,11.12,497910000.0,HIGH,-14.29,-4.84,0.67,-9.63,0.2679,False,-7.36,False,-17.49,5.22,4.096,-3.1069,-37.18,0.676,35.0,-30.04,,,3.54,9090322.0,,,214.1,0.4276885043263288,0.18170580964153277,0.2941903584672435,0.14709517923362175,0.28182941903584674,0.15327564894932014,0.27441285537700866,0.2476,0.2826,0.2525
LASR,nLIGHT Inc,Technology,Semiconductors,,63.3,67.54,33.78,-23.32,5.92,5.25,-38.68,-38.0,2.36,-54.13,1.33,1300000.0,0.02,39.88,Aug 06/a,88.86,2300000000.0,HIGH,-6.08,0.35,0.41,-1.42,0.1315,True,0.18,False,-22.17,4.02,3.918,-3.0237,-49.65,0.521,38.0,-42.48,35.0,-28.18,40.33,44651290.0,,,120.3,0.45241038318912236,0.07663782447466007,0.7416563658838071,0.049443757725587144,0.050061804697156986,0.09765142150803462,0.5723114956736712,0.2446,0.4664,0.1624
DCOY,Decoy Therapeutics Inc,Healthcare,Biotechnology,,,94.51,,0.0,5.2,1.86,-69.24,-53.17000000000001,0.61,-94.72,1.0,2340000.0,0.3,2.95,Mar 30,30.0,5420000.0,HIGH,6.55,20.7,0.06,11.21,0.3881,True,6.59,False,-12.73,23.84,11.65,-9.2879,-62.91,9.824,3.0,-0.32,,,3.09,21832452.0,,,870.9,0.016069221260815822,0.02843016069221261,0.1297898640296663,1.0,0.009270704573547589,0.2799752781211372,0.8875154511742892,0.2439,0.3967,0.3263
PRLD,Prelude Therapeutics Inc,Healthcare,Biotechnology,,,65.57,,19.12,18.44,8.11,-11.53,19.6,0.93,-43.27,1.0,519250.0,0.0,3.88,Aug 11/b,9.2,309240000.0,HIGH,-29.16,-17.55,0.65,-24.5,0.4222,False,-20.18,False,-22.51,8.588,5.677,-5.0066,-43.27,1.189,28.0,-31.17,33.0,-19.77,3.88,2497888.0,,,137.1,0.1211372064276885,0.11742892459826947,0.09270704573547595,0.7824474660074165,0.2521631644004944,0.09208899876390605,0.042027194066749075,0.243,0.1203,0.312
LFTO,Liftoff Mobile Inc,Communication Services,Advertising Agencies,64.55,,82.51,35.43,1.92,25.2,7.7,-36.16,,,-45.98,1.68,855180.0,0.0,16.26,Aug 12/a,33.19,2750000000.0,HIGH,-15.86,-9.86,0.32,-11.2,0.2424,False,-10.53,False,-21.41,6.043,2.451,-3.3727,-39.96,0.907,35.0,-31.8,31.0,-20.69,15.91,16454791.0,,,108.6,0.34363411619283063,0.14833127317676142,0.35846724351050685,0.46971569839307786,0.030284301606922127,0.10259579728059333,0.2280593325092707,0.2422,0.2078,0.2366
CENX,Century Aluminum Co,Basic Materials,Aluminum,6.58,3.43,4938.74,19.74,0.0,3.62,14.21,-18.3,-23.4,2.06,-46.0,1.17,1960000.0,0.08,38.03,Aug 06/a,66.6,3760000000.0,HIGH,-17.6,-1.82,0.55,-12.94,0.3523,False,-10.66,False,-13.96,5.23,2.449,-2.692,-30.89,0.598,35.0,-16.45,35.0,-16.45,38.39,67376096.0,,,73.5,0.5438813349814586,0.2880098887515451,0.16007416563658838,0.08034610630407911,0.1334981458590853,0.23794808405438814,0.18170580964153277,0.2406,0.1608,0.2489
INDI,Indie Semiconductor Inc,Technology,Semiconductors,,160.28,12.46,23.97,-11.42,6.98,28.85,-19.95,-5.64,2.97,-50.24999999999999,1.5,6150000.0,0.13,3.01,Aug 06/a,5.72,697740000.0,HIGH,-20.11,-5.92,0.68,-15.45,0.2976,False,-8.63,False,-16.03,5.96,3.311,-3.2623,-41.22,0.73,31.0,-24.69,35.0,-11.95,3.02,16478914.0,,,89.4,0.37330037082818296,0.13720642768850433,0.23856613102595803,0.20457354758961682,0.29913473423980225,0.18665018541409148,0.13226205191594562,0.2399,0.2142,0.2659
EVMN,Evommune Inc,Healthcare,Biotechnology,,,-97.87,,-0.58,-1.24,13.76,-66.28,-64.13,,-74.43,1.42,866990.0,0.0,8.49,Aug 06/a,24.0,308120000.0,HIGH,-35.83,-10.16,0.69,-31.17,0.5857,False,-20.68,False,-29.58,8.849,5.3,-4.8896,-43.63,1.19,27.0,-40.3,35.0,-36.55,8.49,8273765.0,,,182.7,0.13597033374536466,0.11495673671199011,0.037082818294190356,0.7836835599505563,0.31334981458590855,0.037082818294190356,0.018541409147095178,0.237,0.1125,0.3175
LIDR,AEye Inc,Technology,Software - Infrastructure,,,54.96,818.18,-0.38,-8.66,6.19,-12.960000000000003,-35.08,2.72,-69.97,1.0,2950000.0,0.02,1.2,Aug 06/a,4.39,56050000.0,HIGH,5.22,1.68,0.05,9.88,0.2875,False,-3.82,False,-1.98,4.191,2.479,-6.8993,-26.22,0.137,18.0,5.22,35.0,-0.82,1.21,11127796.0,,,262.8,0.042027194066749075,0.39555006180469715,0.25401730531520395,0.013597033374536464,0.007416563658838072,0.6779975278121138,0.8726823238566132,0.2318,0.4275,0.1853
BULL,Webull Corp,Technology,Software - Application,87.06,23.63,103.73000000000002,51.21,-0.16,5.63,11.65,5.63,47.93,0.61,-55.55,1.4,13090000.0,0.18,7.13,Aug 19/a,13.3,3780000000.0,HIGH,-23.27,-12.85,0.58,-18.61,0.3997,False,-17.37,False,-12.31,6.646,2.851,-4.4762,-29.44,0.818,16.0,-20.11,26.0,-16.78,7.19,127475152.0,,,85.0,0.1681087762669963,0.3164400494437577,0.11742892459826948,0.3226205191594561,0.16069221260815822,0.2978986402966625,0.09765142150803462,0.2305,0.1225,0.2373
RNXT,RenovoRx Inc,Healthcare,Biotechnology,,,22.22,115.40000000000002,1.54,-0.13,1.55,72.16,47.79,0.95,-35.52,1.0,728590.0,0.09,1.67,Aug 12/a,7.12,75360000.0,HIGH,-0.6,-0.6,0.33,4.06,0.6214,False,-11.31,True,17.26,10.581,4.819,-8.7586,-35.91,0.632,20.0,12.16,31.0,48.21,1.66,3080134.0,,,328.9,0.021013597033374538,0.20519159456118666,0.027194066749072876,0.10259579728059333,0.033992583436341164,0.9629171817058096,0.76946847960445,0.2255,0.3261,0.2801
WRAP,Wrap Technologies Inc,Technology,Scientific & Technical Instruments,,,43.56,102.77000000000001,-0.33,-0.16,18.78,9.85,-3.3300000000000005,1.26,-55.11000000000001,3.0,1880000.0,0.01,1.45,Aug 11/a,2.5,89580000.0,HIGH,-9.94,-3.33,0.33,-5.28,0.2103,False,-8.53,False,-14.04,5.281,2.483,-2.8989,-46.89,0.37,55.0,-38.56,32.0,-16.18,1.45,909726.0,,,72.4,0.484548825710754,0.09270704573547589,0.4666254635352287,0.023485784919653894,0.033992583436341164,0.2360939431396786,0.4252163164400494,0.2229,0.3203,0.1945
LCID,Lucid Group Inc,Consumer Cyclical,Auto Manufacturers,,,-17.83,56.24,-0.0,9.41,56.88,-38.1,-57.13,0.99,-84.03,2.92,16579999.999999998,0.16,4.03,Aug 04/a,6.81,1590000000.0,HIGH,-18.76,-5.35,0.74,-14.1,0.2627,False,-6.85,False,-28.53,6.265,5.897,-3.4198,-52.12,0.74,43.0,-37.38,37.0,-39.25,4.07,48802795.0,,,67.3,0.32509270704573545,0.06056860321384425,0.3102595797280593,0.21631644004944375,0.3831891223733004,0.03955500618046971,0.15945611866501855,0.2225,0.2718,0.241
LEU,Centrus Energy Corp,Energy,Uranium,66.23,50.36,-51.88,13.98,-0.04,13.03,27.52,-9.42,-20.63,1.51,-68.73,1.88,736210.0,0.16,145.16,Aug 05/a,242.93,2970000000.0,HIGH,-16.33,-5.02,0.51,-11.67,0.3536,False,-8.01,False,-14.34,6.789,2.305,-4.8156,-29.49,0.864,21.0,-21.62,36.0,-17.39,147.07,122208783.0,,,65.2,0.1433868974042027,0.3127317676143387,0.1582200247218789,0.3899876390605686,0.09517923362175525,0.226823238566131,0.21631644004944375,0.2211,0.1625,0.2138
CAPR,Capricor Therapeutics Inc,Healthcare,Biotechnology,,,-24.04,,-4.73,10.21,37.38,-64.37,-70.65,0.59,-78.99,2.2,6550000.0,0.06,8.48,Aug 13/a,33.56,493070000.0,HIGH,-12.83,-6.07,0.59,-8.17,0.2415,False,-7.47,False,-4.91,7.57,4.426,-4.2892,-65.97,0.32,23.0,22.94,30.0,98.57,8.36,30018601.0,,,301.4,0.18294190358467244,0.024721878862793572,0.36773794808405436,0.019777503090234856,0.173053152039555,0.5568603213844252,0.30716934487021014,0.2208,0.2851,0.2332
WYFI,Whitefiber Inc,Technology,Information Technology Services,,120.87,-72.22,59.489999999999995,-0.02,5.18,50.49,-46.73,78.11,6.28,-59.040000000000006,1.17,2450000.0,0.13,19.2,Aug 12/b,40.75,745880000.0,HIGH,10.54,-1.21,0.76,15.2,0.2388,True,4.68,False,-11.93,6.611,5.836,-5.6376,-51.85,0.575,30.0,-30.47,32.0,-18.99,19.62,29358267.0,,,107.7,0.07911001236093942,0.0630407911001236,0.3794808405438813,0.06860321384425216,0.4122373300370828,0.31396786155747836,0.9295426452410384,0.2194,0.6093,0.2185
ASPI,ASP Isotopes Inc,Basic Materials,Specialty Chemicals,,,73.38,327.51,-5.21,-0.42,19.05,-52.89,-32.95,3.63,-79.78,1.0,3880000.0,0.15,2.93,Jun 03,13.0,449200000.0,HIGH,-24.61,-8.02,0.87,-19.95,0.5051,False,-16.04,False,-23.55,7.482,4.103,-4.5859,-55.0,0.865,,,,,2.92,13954895.0,,,345.2,0.1557478368355995,0.051297898640296664,0.05438813349814586,0.3930778739184178,0.5624227441285538,0.08034610630407911,0.08281829419035847,0.2162,0.2182,0.2979
EQ,Equillium Inc,Healthcare,Biotechnology,,,73.86,,-3.08,-3.4099999999999997,10.87,-45.13,-10.11,1.89,-52.26,1.0,682550.0,0.01,1.69,Aug 13/a,8.6,107160000.0,HIGH,-30.13,-12.11,0.25,-25.47,0.4885,False,-20.17,False,-25.33,10.736,2.994,-5.1001,-49.24,1.661,13.0,-30.71,30.0,-16.92,1.67,1122165.0,,,415.0,0.11372064276885044,0.07787391841779975,0.060568603213844274,0.9419035846724351,0.024103831891223733,0.06180469715698393,0.038318912237330034,0.2133,0.0407,0.2854
BATL,Battalion Oil Corp,Energy,Oil & Gas E&P,,,262.62,12.689999999999998,-30.61,3.66,8.35,-25.34,-83.09,0.44,-96.43,3.0,10520000.0,0.71,1.06,Aug 12/a,18.6,60730000.0,HIGH,-19.85,-8.7,0.71,-15.19,0.3275,False,-16.43,False,-22.66,7.048,5.714,-2.9617,-56.61,0.656,54.0,-33.54,31.0,-21.64,1.05,6715665.0,,,1671.4,0.47095179233621753,0.048207663782447466,0.19406674907292953,0.1260815822002472,0.3411619283065513,0.09023485784919653,0.13967861557478367,0.2118,0.2164,0.2571
ENOV,Enovis Corp,Healthcare,Medical Devices,,5.0,96.78,3.2300000000000004,1.96,3.1300000000000003,16.86,-18.71,-21.01,1.13,-46.15,1.23,1470000.0,0.0,18.46,Aug 06/b,38.33,1060000000.0,HIGH,-25.86,2.33,0.49,-21.2,0.4137,False,-4.58,False,-22.74,5.773,3.955,-4.954,-41.71,1.124,39.0,-36.67,36.0,-29.84,18.46,40993293.0,,,107.6,0.12978986402966625,0.13226205191594562,0.10259579728059331,0.7243510506798516,0.08034610630407911,0.0865265760197775,0.06674907292954264,0.2093,0.0816,0.2553
EIKN,Eikon Therapeutics Inc,Healthcare,Biotechnology,,,-10.51,,0.31,6.27,21.59,-37.99,-19.47,,-54.6,1.67,526540.0,0.0,7.9,Aug 13/a,24.6,427910000.0,HIGH,-27.87,-10.31,0.58,-23.21,0.4712,False,-17.57,False,-20.62,10.11,7.576,-5.2035,-45.42,1.072,23.0,-29.03,30.0,-23.33,7.92,6099960.0,,,210.6,0.10506798516687268,0.10135970333745364,0.07231149567367123,0.6742892459826947,0.16069221260815822,0.11124845488257108,0.04697156983930779,0.2042,0.0887,0.2628
CELZ,Creative Medical Technology Holdings Inc,Healthcare,Biotechnology,,,14.52,,0.0,2.1,1.28,23.43,-49.24,1.89,-84.0,1.0,9890000.0,0.03,1.0,Sep 02,20.0,6590000.0,HIGH,-9.65,2.49,0.25,-4.99,0.3809,True,2.75,True,2.89,9.237,10.485,-5.3902,-46.91,0.526,36.0,54.01,,,1.03,1264856.0,,,1841.7,0.09394313967861558,0.09147095179233622,0.13844252163164406,0.05067985166872682,0.024103831891223733,0.823238566131026,0.43510506798516685,0.2036,0.2228,0.248
LPTH,Lightpath Technologies Inc,Technology,Electronic Components,,91.4,61.18,73.32,-56.21000000000001,30.15,17.03,-33.08,2.74,1.38,-48.52,1.0,3130000.0,0.11,9.75,Sep 10/a,15.8,682850000.0,HIGH,-11.13,-2.16,0.4,-6.47,0.2084,True,1.12,False,-12.41,6.678,3.707,-6.2774,-40.88,0.732,30.0,-23.93,11.0,8.48,9.98,37232284.0,,,58.3,0.05562422744128554,0.14091470951792337,0.47218788627935726,0.207663782447466,0.04573547589616811,0.29666254635352285,0.37330037082818296,0.2031,0.3047,0.1514
HTZ,Hertz Global Holdings Inc,Industrials,Rental & Leasing Services,,,105.78,9.66,-0.27,6.19,33.97,-24.78,-62.39,2.46,-78.85,3.7,30410000.0,0.04,1.73,Aug 06/b,2.22,616670000.0,HIGH,-18.69,-5.95,0.66,-14.03,0.3976,False,-13.58,False,-13.12,5.521,3.448,-3.1445,-40.92,0.341,33.0,-17.92,36.0,11.54,1.74,28144199.0,,,27.6,0.4054388133498146,0.13967861557478367,0.1186650185414091,0.022249690976514216,0.2657601977750309,0.2669962917181706,0.1619283065512979,0.2031,0.1801,0.2401
ENHA,Enhanced Group Inc,Consumer Defensive,Packaged Foods,,,-67000.0,,3.93,11.01,3.01,-47.74,-85.56,-1.75,-89.51,1.0,844730.0,0.06,1.47,Aug 13/a,4.0,580610000.0,HIGH,-11.11,0.7,0.47,-6.45,0.1875,False,-5.48,False,-29.47,6.845,4.167,-3.2797,-59.78,0.664,,,30.0,-26.53,1.44,1301254.0,,,177.8,0.3683559950556242,0.0407911001236094,0.5426452410383189,0.13102595797280595,0.06736711990111248,0.038318912237330034,0.37639060568603216,0.1981,0.3336,0.1513
SWMR,Swarmer Inc,Technology,Software - Infrastructure,,76.85,,,-0.74,20.85,24.22,-57.13,-40.49,,-75.09,1.0,518280.0,0.4,20.75,Aug 13/a,60.0,330690000.0,HIGH,-37.2,-11.6,0.65,-32.54,0.7945,False,-28.28,False,-41.54,18.031,6.802,-9.0445,-59.25,1.249,29.0,-50.17,30.0,-50.17,20.73,24465202.0,,,189.4,0.0173053152039555,0.042027194066749075,0.012360939431396822,0.8294190358467244,0.2521631644004944,0.012360939431396786,0.014833127317676144,0.1943,0.0853,0.2778
RARE,Ultragenyx Pharmaceutical Inc,Healthcare,Biotechnology,,,22.67,28.53,-0.42,1.09,18.43,-51.92,-23.89,0.31,-63.019999999999996,2.0,3890000.0,0.02,14.75,Aug 04/a,26.79,1450000000.0,HIGH,-43.38,-1.02,0.62,-38.72,1.127,False,-13.22,False,-35.61,5.909,5.441,-10.6776,-60.35,1.35,,,37.0,-41.84,14.5,107833117.0,,,84.8,0.012360939431396786,0.038318912237330034,0.0049443757725586845,0.8739184177997528,0.2126081582200247,0.023485784919653894,0.007416563658838072,0.1943,0.0682,0.2806
PFSA,Profusa Inc,Healthcare,Medical Devices,,,98.72,,-25.629999999999995,-29.220000000000002,6.07,-81.65,-95.57,5.34,-99.93,,2500000.0,0.39,2.1,-,,1270000.0,HIGH,-25.6,12.37,0.54,-20.94,0.7109,False,-9.88,False,-52.37,25.138,29.817,-16.8846,-92.3,5.51,28.0,-51.88,,,2.18,13598706.0,,,,0.007416563658838072,0.002472187886279357,0.018541409147095234,0.9975278121137207,0.12237330037082818,0.006180469715698393,0.07292954264524104,0.1924,0.0714,0.2834
JBIO,Jade Biosciences Inc,Healthcare,Biotechnology,,,33.03,,0.0,47.26,20.15,-31.47,13.170000000000002,1.46,-45.88,1.0,940360.0,0.0,15.15,Aug 10/b,49.89,963690000.0,HIGH,-30.81,-13.86,0.52,-26.15,0.4856,False,-20.67,False,-28.12,8.025,5.631,-3.6762,-42.32,0.968,33.0,-33.64,34.0,-33.64,14.42,18191118.0,,,246.0,0.27564894932014833,0.1273176761433869,0.06242274412855375,0.5370828182941904,0.10506798516687268,0.0407911001236094,0.03337453646477132,0.1914,0.0636,0.2396
CABA,Cabaletta Bio Inc,Healthcare,Biotechnology,,,53.72,,0.0,63.23,25.03,-33.12,-22.39,3.44,-50.83,1.4,5110000.0,0.03,2.08,Aug 13/b,13.25,352660000.0,HIGH,-33.65,-15.85,0.51,-28.99,0.6482,False,-26.37,False,-27.14,10.718,5.797,-5.676,-44.8,1.197,17.0,-37.27,31.0,-23.62,2.07,16975558.0,,,540.1,0.07663782447466007,0.10877626699629171,0.024721878862793534,0.7898640296662547,0.09517923362175525,0.048207663782447466,0.024721878862793572,0.1906,0.0459,0.2525
LVWR,LiveWire Group Inc,Consumer Cyclical,Recreational Vehicles,,,4.0,55.2,-0.18,0.14,28.08,23.02,13.140000000000002,1.65,-75.93,3.0,4290000.0,0.06,1.55,Jul 23/b,7.25,318390000.0,HIGH,11.11,-1.96,0.37,15.77,0.4983,True,16.78,True,14.47,10.467,11.333,-7.8549,-57.98,0.065,7.0,26.05,46.0,94.81,1.5,687578.0,,,383.3,0.027194066749072928,0.04449938195302843,0.056860321384425205,0.00865265760197775,0.038318912237330034,0.9456118665018541,0.9394313967861557,0.1869,0.4043,0.2549
GCTK,GlucoTrack Inc,Healthcare,Medical Devices,,,92.08,,0.0,,15.1,-61.86000000000001,-87.98,0.67,-98.69,,2020000.0,0.66,1.78,-,,1420000.0,HIGH,-56.97,-20.87,0.48,-52.31,0.989,False,-35.69,False,-60.7,21.672,32.418,-11.3484,-86.52,6.835,41.0,-57.43,,,1.82,9964674.0,,,,0.011124845488257108,0.006180469715698393,0.007416563658838027,0.9987639060568603,0.07354758961681088,0.004944375772558714,0.0012360939431396785,0.1837,0.0248,0.2721
BFRI,Biofrontera Inc,Healthcare,Drug Manufacturers - Specialty & Generic,,5.95,91.8,32.92,0.0,1.96,3.62,16.67,45.3,0.85,-28.309999999999995,1.0,565150.0,0.81,1.19,Aug 13/b,6.0,17680000.0,HIGH,-25.79,1.72,0.32,-21.13,0.5066,False,-14.45,False,-9.74,10.036,5.932,-6.031,-28.92,0.731,15.0,-21.85,31.0,-5.6,1.18,1091806.0,,,408.5,0.06427688504326329,0.33250927070457353,0.05191594561186652,0.20642768850432633,0.030284301606922127,0.3943139678615575,0.06798516687268233,0.18,0.0519,0.1738
ANVS,Annovis Bio Inc,Healthcare,Biotechnology,,,-23.75,,18.59,15.289999999999997,16.0,-28.49,-34.48,1.2,-75.82,1.0,927080.0,0.09,1.33,Aug 14/b,10.5,56760000.0,HIGH,-23.84,10.08,0.41,-19.18,0.6728,False,-0.49,False,-17.94,6.87,3.817,-5.8278,-39.63,1.035,35.0,-29.57,30.0,-26.82,1.31,1809038.0,,,701.5,0.07045735475896168,0.15203955500618047,0.021013597033374576,0.6316440049443758,0.050061804697156986,0.1446229913473424,0.09147095179233622,0.1783,0.0579,0.2242
LHAI,Linkhome Holdings Inc,Real Estate,Real Estate Services,,,-977.78,12.76,-29.330000000000002,33.13,5.56,45.05,-8.04,0.09,-93.42,,9530000.0,0.01,1.03,-,,17030000.0,HIGH,17.11,-7.27,0.01,21.77,0.4603,False,-6.08,True,7.5,10.686,6.765,-9.9478,-53.21,0.039,8.0,-4.67,,,1.02,5935502.0,,,,0.014833127317676144,0.054388133498145856,0.07540173053152044,0.003708281829419036,0.002472187886279357,0.9023485784919654,0.9641532756489494,0.1755,0.409,0.2308
VENU,Venu Holding Corp,Consumer Cyclical,Restaurants,,,-6.38,6.87,3.62,8.13,11.5,-38.52,-51.300000000000004,3.22,-89.26,1.0,591570.0,0.14,1.5,Aug 13/b,6.85,84770000.0,HIGH,-26.73,-4.52,0.48,-22.07,0.4143,False,-14.35,False,-24.28,7.413,4.392,-3.7953,-48.61,0.899,,,31.0,-24.49,1.48,793000.0,,,362.8,0.2521631644004944,0.08281829419035847,0.10012360939431397,0.45859085290482077,0.07354758961681088,0.0754017305315204,0.0580964153275649,0.1738,0.0753,0.2149
BRUN,Boost Run Inc,Technology,Software - Infrastructure,,34.84,-2453.81,,-1.47,247.33,13.18,-52.300000000000004,50.84000000000001,3.87,-61.42999999999999,1.0,2060000.0,0.09,16.2,Aug 14/b,42.2,1360000000.0,HIGH,-1.64,-2.33,0.6,3.02,0.2701,True,0.66,False,-11.46,8.15,5.188,-6.981,-50.68,0.639,,,30.0,-25.63,16.77,37643303.0,,,151.6,0.03955500618046971,0.07292954264524104,0.29171817058096416,0.11248454882571075,0.18788627935723115,0.33250927070457353,0.7379480840543882,0.1728,0.4391,0.1681
ELTX,Elicio Therapeutics Inc,Healthcare,Biotechnology,,,35.07,,0.0,6.0,8.8,-52.5,-81.8,1.29,-88.13,1.4,583620.0,0.0,1.9,Aug 13/a,14.38,49940000.0,HIGH,-35.21,-3.66,0.42,-30.55,0.6126,False,-14.69,False,-31.6,7.745,4.348,-3.4941,-51.58,0.965,,,30.0,-40.45,1.84,844487.0,,,681.5,0.30716934487021014,0.06551297898640297,0.030902348578491945,0.5327564894932015,0.05253399258343634,0.032138442521631644,0.019777503090234856,0.1702,0.0329,0.2311
CXM,Sprinklr Inc,Technology,Software - Application,53.77,9.46,-37.58,0.8,-0.56,-12.47,11.55,-2.5,-13.95,0.73,-38.85,2.4,3490000.0,0.0,5.06,Sep 02/b,8.44,1170000000.0,HIGH,-37.87,-5.94,0.63,-33.21,0.6462,False,-15.08,False,-20.43,4.832,5.325,-4.1693,-38.73,0.772,21.0,-32.13,17.0,-27.05,5.07,27060867.0,,,66.5,0.2088998763906057,0.15945611866501855,0.02595797280593326,0.2521631644004944,0.22558714462299134,0.11495673671199011,0.011124845488257108,0.1645,0.0799,0.2004
SPRY,ARS Pharmaceuticals Inc,Healthcare,Biotechnology,,,-37.56,114.14999999999999,-0.08,-4.65,35.36,-52.34000000000001,-49.44,0.81,-68.97,1.0,1910000.0,0.0,4.08,Aug 13/a,23.5,405750000.0,HIGH,-30.73,-6.21,0.7,-26.07,0.5895,False,-16.41,False,-25.55,6.39,3.922,-3.1524,-52.91,0.604,27.0,-35.24,30.0,-27.79,4.08,7058258.0,,,476.0,0.40296662546353523,0.05562422744128554,0.03584672435105063,0.0865265760197775,0.326946847960445,0.059332509270704575,0.037082818294190356,0.1612,0.1237,0.2189
BRZE,Braze Inc,Technology,Software - Application,,24.9,35.11,26.16,-1.26,9.26,9.32,15.98,5.74,0.89,-34.85,1.09,2540000.0,0.16,24.32,Sep 08/a,37.3,2760000000.0,HIGH,-29.42,-4.06,0.47,-24.76,0.5819,False,-11.83,False,-11.15,6.629,2.503,-5.5842,-30.41,0.657,21.0,-20.9,13.0,2.72,24.37,73857333.0,,,53.1,0.08405438813349815,0.29913473423980225,0.03831891223733008,0.1291718170580964,0.06736711990111248,0.34363411619283063,0.03955500618046971,0.1603,0.0475,0.1561
IMSR,Terrestrial Energy Inc,Utilities,Utilities - Regulated Electric,,,-524.4,,0.0,18.56,8.82,-38.94,-28.79,2.43,-86.41,1.0,1620000.0,0.13,4.28,Aug 11/b,11.67,453420000.0,HIGH,-15.59,-4.33,0.58,-10.93,0.3716,False,-9.7,False,-15.95,7.805,4.53,-4.996,-40.99,0.729,31.0,-25.9,33.0,-21.01,4.3,6585763.0,,,171.4,0.12237330037082818,0.138442521631644,0.14585908529048208,0.20210135970333745,0.16069221260815822,0.18788627935723115,0.2373300370828183,0.1596,0.1869,0.1683
DYN,Dyne Therapeutics Inc,Healthcare,Biotechnology,,,-10.86,,-18.66,1.39,14.87,-24.98,-6.94,1.08,-41.59,1.29,2700000.0,0.03,15.95,Jul 29/a,36.93,2980000000.0,HIGH,-36.06,-6.37,0.45,-31.4,0.7163,False,-19.45,False,-31.17,8.673,4.585,-4.2706,-41.29,0.948,27.0,-38.35,41.0,-36.14,16.03,69018441.0,,,130.4,0.1903584672435105,0.13597033374536466,0.017305315203955507,0.515451174289246,0.05871446229913473,0.034610630407911,0.0173053152039555,0.1587,0.0297,0.1998
TPET,Trio Petroleum Corp,Energy,Oil & Gas E&P,,,75.07,81.18,-14.550000000000002,,10.9,-37.62,-79.55,-4.77,-92.49,,697570.0,0.99,1.69,-,,8990000.0,HIGH,-9.09,-3.39,0.15,-4.43,0.1963,False,-6.36,False,-19.67,10.627,3.509,-4.6428,-44.93,0.402,,,,,1.71,3064033.0,,,,0.15203955500618047,0.10630407911001236,0.5129789864029666,0.02781211372064277,0.01668726823238566,0.12484548825710753,0.45982694684796044,0.1568,0.3428,0.0803
TRON,Tron Inc,Consumer Cyclical,Leisure,,,-7.580000000000001,16.81,0.0,38.8,16.55,-2.37,-33.64,8.63,-69.03,,992530.0,0.05,1.44,-,,683110000.0,HIGH,-30.77,-3.36,0.49,-26.11,0.3853,False,-7.59,False,-9.6,5.967,3.472,-5.6892,-40.12,0.618,26.0,-11.11,,,1.44,1680351.0,,,,0.07416563658838071,0.14585908529048208,0.13349814585908526,0.09456118665018541,0.08034610630407911,0.3980222496909765,0.03584672435105068,0.1544,0.0785,0.1618
VEEA,Veea Inc,Technology,Information Technology Services,,,-165.89,1135.6,0.0,,76.54,-41.3,-69.68,0.3,-83.66,,4310000.0,0.08,3.05,-,,9490000.0,HIGH,49.51,-15.15,0.03,54.17,2.049,True,6.56,True,4.93,39.133,14.286,-36.3177,-65.32,0.229,9.0,34.5,,,3.08,70770460.0,,,,0.0012360939431396785,0.02595797280593325,0.0012360939431397266,0.014833127317676144,0.005562422744128554,0.857849196538937,0.9975278121137207,0.1511,0.4011,0.2199
AIAI,AIAI Holdings Corp,Industrials,Conglomerates,,,,,-0.55,79.47,3.67,-76.24,,,-81.86,,532780.0,0.01,3.55,-,,277840000.0,HIGH,-10.34,5.51,0.52,-5.68,0.3309,True,1.58,False,-21.26,13.305,11.538,-6.5028,-75.88,0.862,25.0,-19.65,,,3.64,1763926.0,,,,0.0519159456118665,0.014833127317676144,0.1866501854140915,0.3856613102595797,0.10506798516687268,0.10630407911001236,0.40482076637824477,0.1417,0.2494,0.1622
SION,Sionna Therapeutics Inc,Healthcare,Biotechnology,,,-61.68,,-22.54,9.47,15.23,-87.85,-85.56,0.93,-90.5,2.82,2130000.0,0.03,5.22,Aug 06/b,21.57,236070000.0,HIGH,-10.9,-12.83,0.91,-6.24,0.533,False,-21.45,False,-73.04,12.315,4.015,-7.471,-90.49,0.665,13.0,-28.36,36.0,-88.95,5.23,10074970.0,,,312.4,0.03337453646477132,0.004944375772558714,0.04573547589616811,0.13288009888751545,0.6069221260815822,0.0012360939431396785,0.3856613102595797,0.1375,0.3501,0.1936
CRBP,Corbus Pharmaceuticals Holdings Inc,Healthcare,Biotechnology,,,-25.120000000000005,,-1.21,4.23,15.89,-19.38,-16.88,2.59,-64.79,1.0,723360.0,0.03,7.24,Aug 06/b,34.02,140030000.0,HIGH,-34.56,-6.67,0.53,-29.9,0.7778,False,-19.68,False,-23.88,10.465,8.683,-5.489,-38.45,0.821,17.0,-36.7,36.0,-25.39,7.14,11147725.0,,,376.5,0.08776266996291718,0.16563658838071693,0.014833127317676165,0.3257107540173053,0.11310259579728059,0.07663782447466007,0.021013597033374538,0.1306,0.0468,0.1508
MPLT,MapLight Therapeutics Inc,Healthcare,Biotechnology,,,-83.91,,12.86,-1.44,28.72,-70.85,-46.09,,-75.27,1.31,883160.0,0.02,10.0,Aug 13/a,25.75,528480000.0,HIGH,-16.98,-4.04,0.55,-12.32,0.4018,False,-14.93,False,-31.03,7.525,4.589,-3.1307,-74.13,0.452,15.0,-20.4,30.0,-9.67,10.46,7010942.0,,,146.2,0.41409147095179233,0.016069221260815822,0.11495673671199014,0.03337453646477132,0.1334981458590853,0.03584672435105068,0.1915945611866502,0.1246,0.1512,0.1542
CNTB,Connect Biopharma Holdings Ltd,Healthcare,Biotechnology,,,-18.29,5666.67,2.93,5.92,16.35,-55.88000000000001,-69.57,-0.2,-72.51,1.0,1010000.0,0.2,1.05,Aug 12/a,6.52,66120000.00000001,HIGH,-51.57,-18.18,0.38,-46.91,1.2015,False,-36.15,False,-46.7,18.836,5.556,-11.9398,-63.14,1.043,17.0,-54.24,31.0,-53.65,1.08,3305771.0,,,503.7,0.009888751545117428,0.027194066749072928,0.0024721878862793423,0.646477132262052,0.04140914709517923,0.007416563658838072,0.004944375772558714,0.1225,0.0151,0.1763
BIAF,BioAffinity Technologies Inc,Healthcare,Diagnostics & Research,,,87.3,18.99,0.0,3.27,6.19,-34.88,-86.92,-1.22,-92.82,1.0,3100000.0,0.07,7.85,Aug 07/b,2700.0,9160000.0,HIGH,62.83,2.99,0.01,67.49,1.1976,False,-5.8,False,-1.99,28.791,3.657,-25.9347,-61.03,0.11,17.0,20.33,35.0,3.66,7.93,89883652.0,,,33947.9,0.003708281829419036,0.03584672435105068,0.003708281829419069,0.012360939431396786,0.002472187886279357,0.6761433868974042,1.0,0.1224,0.4019,0.1737
TENX,Tenax Therapeutics Inc,Healthcare,Biotechnology,,,-27.690000000000005,,353.58,16.03,16.25,-86.52,-87.79,0.93,-90.62,1.8,5440000.0,0.08,1.82,Jul 31/b,9.62,68110000.0,HIGH,-15.02,-3.72,0.4,-10.36,0.2011,False,-4.61,False,-69.67,6.902,6.63,-5.0645,-90.67,0.393,,,40.0,-86.79,1.81,9467185.0,,,431.5,0.11742892459826947,0.003708281829419036,0.49443757725587145,0.024721878862793572,0.04573547589616811,0.002472187886279357,0.2546353522867738,0.1148,0.2639,0.0476
NXTC,Nextcure Inc,Healthcare,Biotechnology,,,75.16,,73.79,-14.730000000000002,2.75,194.71,-48.48,1.33,-67.23,1.0,2120000.0,0.0,5.16,Aug 06/a,20.0,23600000.0,HIGH,-16.58,-6.96,0.64,-11.92,0.6609,False,-21.69,False,-17.06,17.171,10.571,-6.557,-48.69,0.573,14.0,-35.04,35.0,-9.12,5.08,702344.0,,,293.7,0.05067985166872682,0.0815822002472188,0.02224969097651419,0.06674907292954264,0.23856613102595797,0.16440049443757726,0.207663782447466,0.104,0.1613,0.1301
PMI,Picard Medical Inc,Healthcare,Medical Devices,,,40.21,38.62,0.0,9.84,16.44,-41.89,-90.16,-1.69,-99.34,,1850000.0,0.07,4.53,Aug 20/b,,10590000.0,HIGH,-47.5,9.74,0.08,-42.84,1.0365,False,-12.5,False,-6.76,16.248,5.195,-15.7792,-61.08,0.061,23.0,-9.94,26.0,52.48,4.62,2652652.0,,,,0.00865265760197775,0.034610630407911,0.006180469715698411,0.007416563658838072,0.011124845488257108,0.484548825710754,0.006180469715698393,0.0921,0.0077,0.1279
TCRT,Alaunos Therapeutics Inc,Healthcare,Biotechnology,,,35.2,,0.0,-5.33,0.29,-54.40999999999999,-63.739999999999995,-0.92,-76.46,2.33,784460.0,0.29,1.08,-,3.5,3160000.0,HIGH,-32.3,-13.49,0.03,-27.64,0.567,False,-24.83,False,-36.87,13.368,4.587,-8.92,-50.9,0.302,,,,,1.09,3283288.0,,,221.1,0.019777503090234856,0.07169344870210136,0.040791100123609425,0.016069221260815822,0.005562422744128554,0.021013597033374538,0.027194066749072928,0.0292,0.0248,0.0156
TNON,Tenon Medical Inc,Healthcare,Medical Devices,,,3.29,126.77000000000001,-4.74,5.13,59.92,-80.76,-87.73,1.37,-94.03,1.0,5460000.0,0.06,3.01,Aug 13/a,10.0,3100000.0,HIGH,-37.4,-16.09,0.12,-32.74,0.8985,False,-24.0,False,-43.15,40.08,7.668,-29.0564,-82.46,0.097,27.0,-42.57,30.0,-39.34,3.13,75283956.0,,,219.5,0.002472187886279357,0.011124845488257108,0.011124845488257096,0.009888751545117428,0.014215080346106305,0.009888751545117428,0.013597033374536464,0.0098,0.013,0.0091
FCUV,Focus Universal Inc,Technology,Scientific & Technical Instruments,,,66.36,1811.04,0.0,6.23,3.01,20.78,-70.12,-0.29,-97.82,,2009999.9999999998,0.01,4.58,-,4.5,4500000.0,HIGH,-56.7,-5.64,0.06,-52.04,2.3595,False,-42.06,False,-34.39,25.254,5.553,-19.0105,-80.35,0.02,18.0,-54.11,,,4.52,3337757.0,,,-0.4,0.004944375772558714,0.012360939431396786,0.0,0.002472187886279357,0.009270704573547589,0.024721878862793572,0.002472187886279357,0.009,0.0038,0.0104
AAP,Advance Auto Parts Inc,Consumer Cyclical,Auto Parts,30.26,10.62,263.7,-0.5,0.0,2.27,17.39,-32.35,-19.16,1.08,-36.06,3.04,1950000.0,0.04,41.69,Aug 20/b,54.53,2520000000.0,HIGH,-2.73,1.76,0.93,1.93,0.1016,False,-2.31,False,-15.26,4.142,2.42,-2.481,-33.79,0.937,38.0,-25.05,26.0,-1.56,41.73,73659302.0,shrinking revenue,,30.7,,,,,,,,,,
ABR,Arbor Realty Trust Inc,Real Estate,REIT - Mortgage,63.16,6.96,-257.57,-3.04,0.43,3.03,23.64,-24.06,-44.83,1.19,-67.75,3.4,4190000.0000000005,0.11,4.05,Jul 31/b,5.88,756490000.0,HIGH,-20.36,-7.14,0.99,-15.7,0.329,False,-13.84,False,-18.49,4.077,2.481,-2.2451,-26.46,1.2,35.0,-21.44,40.0,-15.87,4.03,20985826.0,shrinking revenue,,45.9,,,,,,,,,,
ABSI,Absci Corp,Healthcare,Biotechnology,,,11.98,-46.37,0.21,18.28,25.16,-15.329999999999998,245.67999999999998,2.3,-20.28,1.18,3730000.0,0.04,9.61,Aug 11/a,14.4,1650000000.0,HIGH,11.83,-0.81,0.83,16.49,0.344,True,8.0,True,11.02,7.799,8.419,-5.6338,-18.83,1.531,6.0,5.07,32.0,3.51,9.74,35678077.0,shrinking revenue,,47.8,,,,,,,,,,
ABUS,Arbutus Biopharma Corp,Healthcare,Biotechnology,6.26,,-298.47,-90.56,0.0,0.59,11.74,4.75,14.27,0.76,-10.05,1.0,3720000.0,0.0,4.9,Aug 12/b,5.5,971130000.0,HIGH,-4.34,-3.0,3.14,0.32,0.0775,False,-4.06,True,0.8,1.841,1.856,-0.9794,-11.01,2.505,25.0,1.68,32.0,5.66,4.85,26932579.0,shrinking revenue,,13.4,,,,,,,,,,
ACDC,ProFrac Holding Corp,Energy,Oil & Gas Equipment & Services,,,33.5,-0.76,1.31,3.45,18.26,-18.79,-28.96,1.5,-42.7,4.5,1530000.0,0.01,4.71,Aug 06/b,5.38,857800000.0,HIGH,-7.72,-7.16,0.51,-3.06,0.2019,False,-7.87,False,-3.59,6.76,7.383,-3.2797,-18.93,0.667,14.0,-10.58,36.0,3.14,4.61,5872450.0,shrinking revenue,,16.7,,,,,,,,,,
ACHC,Acadia Healthcare Company Inc,Healthcare,Medical Care Facilities,,15.14,-64.09,-0.39,0.0,-0.22999999999999998,24.71,0.9399999999999998,22.0,0.63,-21.99,1.93,2440000.0,0.01,27.95,Jul 28/a,33.79,2600000000.0,HIGH,-1.61,-0.99,0.77,3.05,0.0664,False,-0.39,False,-5.96,4.643,3.382,-2.5112,-21.6,0.943,48.0,-18.41,42.0,2.71,28.09,41958136.0,shrinking revenue,,20.3,,,,,,,,,,
ACRS,Aclaris Therapeutics Inc,Healthcare,Biotechnology,,,-19.7,-8.33,-0.8199999999999998,4.66,14.51,1.42,44.64,0.87,-22.86,1.15,2240000.0,0.0,5.09,Aug 06/b,10.58,749410000.0,HIGH,-14.31,-7.54,0.56,-9.65,0.2328,False,-9.08,False,-10.8,7.175,8.602,-3.7557,-21.97,0.958,23.0,-18.38,36.0,-15.44,5.15,14853910.0,shrinking revenue,,105.4,,,,,,,,,,
ADIG,ADI Global Distribution Inc,Technology,Computer Hardware,,,,,0.0,60.309999999999995,5.5,,,,-36.92,2.0,1010000.0,0.0,19.55,Aug 13/b,28.5,1480000000.0,HIGH,-11.58,-6.55,0.76,-6.92,0.1143,False,-6.21,,,5.331,6.752,-3.0698,,,,,31.0,-22.54,19.55,15830273.0,incomplete signals,,45.8,,,,,,,,,,
ADRX,ADARx Pharmaceuticals Inc,Healthcare,Biotechnology,,,,,,,,,,,-21.41,,4210000.0,0.01,18.24,-,,1380000000.0,LOW,,,,,,,,,,,,,,,,,,,,,low data confidence; incomplete signals,,,,,,,,,,,,
AEMD,Aethlon Medical Inc,Healthcare,Medical Devices,,,90.52,,0.0,2.46,4.74,45.56,-42.57,1.44,-85.07,3.0,2560000.0,0.02,6.17,Aug 13/a,13.25,9900000.0,HIGH,152.21,-0.63,0.02,156.87,2.7365,True,82.48,True,100.95,15.264,8.121,-84.448,-33.89,0.129,3.0,-4.41,30.0,121.91,6.28,38744977.0,>40% above 50-day SMA; >20% above 20-day SMA,,111.0,,,,,,,,,,
AHCO,AdaptHealth Corp,Healthcare,Medical Devices,,,-1103.98,-7.5,0.08,0.13,11.16,-44.71,-49.6,1.42,-57.97,1.14,2800000.0,0.0,5.65,Aug 04/b,9.0,769690000.0,HIGH,-2.59,-1.91,0.48,2.07,0.1809,False,-3.71,False,-19.81,4.81,2.571,-3.8345,-51.79,0.688,16.0,-6.62,38.0,-15.95,5.64,16492427.0,shrinking revenue,,59.6,,,,,,,,,,
AHRT,AH Realty Trust Inc,Real Estate,REIT - Diversified,,,-745.55,-48.1,0.16,-0.15,3.65,-17.71,14.719999999999999,1.11,-19.35,2.25,703040.0,0.06,5.91,Aug 03/a,7.5,566640000.0,HIGH,-9.63,-6.49,1.31,-4.97,0.12,False,-6.43,False,-11.14,2.816,3.215,-1.5762,-17.8,1.402,,,38.0,-14.84,5.91,4866010.0,shrinking revenue,,26.9,,,,,,,,,,
AI,C3.ai Inc,Technology,Software - Infrastructure,,,30.579999999999995,-25.46,-15.289999999999997,9.08,29.73,19.39,36.47,2.1,-47.63,3.73,5100000.0,0.05,10.59,Sep 02/a,8.3,1700000000.0,HIGH,1.14,-1.75,0.78,5.8,0.0801,False,-0.1,True,6.5,4.31,4.648,-2.746,-6.37,0.732,10.0,1.04,16.0,1.24,10.65,58425206.0,shrinking revenue,,-22.1,,,,,,,,,,
AIB,AIB Data Centers Inc,Technology,Software - Infrastructure,,,98.74,2317.48,0.0,180.99,1.07,-19.52,53.64,4.97,-73.09,1.0,1120000.0,0.6,1.69,Aug 14/b,5.88,128410000.0,HIGH,48.25,18.18,2.04,52.91,0.454,True,26.21,True,8.81,8.326,22.485,-7.9187,-22.12,0.964,1.0,19.01,30.0,-7.14,1.69,1514671.0,>20% above 20-day SMA; fresh >10% breakout,,247.9,,,,,,,,,,
AIFF,Firefly Neuroscience Inc,Technology,Software - Application,,,33.38,71.91,0.0,3.12,2.11,40.65,-20.64,0.54,-45.08,,2560000.0,5.28,1.73,-,,27150000.0,HIGH,86.11,63.41,18.11,90.77,0.7511,True,73.35,True,77.75,8.138,32.338,-17.7549,-5.63,8.905,1.0,68.91,,,2.01,15308025.0,>40% above 50-day SMA; >20% above 20-day SMA; fresh >10% breakout,,,,,,,,,,,,
AIRS,Airsculpt Technologies Inc,Healthcare,Medical Care Facilities,,,-58.59000000000001,-2.53,0.34,-2.61,29.33,-56.42,-31.36,2.27,-83.58,2.33,773410.0,0.0,1.97,Aug 10/b,4.5,142030000.0,HIGH,-24.62,-19.34,0.73,-19.96,0.375,False,-18.01,False,-40.46,10.066,8.418,-6.0736,-62.31,1.131,35.0,-58.91,34.0,-28.73,1.96,2262772.0,shrinking revenue,,129.6,,,,,,,,,,
AIV,Apartment Investment & Management Co,Real Estate,REIT - Residential,,,1182.77,-36.06,0.0,-0.02,1.15,-26.6,-22.11,1.18,-30.829999999999995,1.0,1300000.0,0.0,2.18,Mar 02/a,6.7,316620000.0,HIGH,-14.51,0.93,0.64,-9.85,0.2689,False,-7.71,False,-13.59,2.982,1.376,-1.4369,-27.57,2.051,,,,,2.18,4417749.0,shrinking revenue,,207.3,,,,,,,,,,
AIXC,AIxCrypto Holdings Inc,Technology,Software - Infrastructure,,,79.4,,0.0,2.36,11.64,54.21,43.48,0.51,-73.21,,1370000.0,0.36,1.65,May 11/a,250.0,34830000.0,HIGH,120.95,55.86,1.46,125.61,1.2807,True,71.11,True,89.3,11.87,17.919,-13.3769,-44.9,0.427,1.0,21.83,,,1.73,663775.0,>40% above 50-day SMA; >20% above 20-day SMA; fresh >10% breakout,,14350.9,,,,,,,,,,
AKR,Acadia Realty Trust,Real Estate,REIT - Retail,56.89,59.98,312.1,-5.14,-3.27,4.42,9.29,-12.07,0.4699999999999999,1.12,-16.46,1.29,1440000.0,0.0,19.24,Jul 28/a,24.71,2690000000.0,HIGH,-7.14,-0.57,0.7,-2.48,0.1052,False,-2.95,False,-7.73,1.853,1.403,-0.619,-16.46,0.63,48.0,-13.95,42.0,-13.1,19.24,27126567.0,shrinking revenue,,28.4,,,,,,,,,,
ALEC,Alector Inc,Healthcare,Biotechnology,,,32.03,-57.84,-0.78,7.9399999999999995,7.41,-6.4399999999999995,-2.7,0.6,-42.76,2.83,1190000.0,0.03,1.95,Aug 06/a,3.1,217280000.0,HIGH,-16.67,1.04,0.7,-12.01,0.4547,False,-10.28,False,-1.54,8.425,7.692,-5.3938,-29.35,0.896,17.0,-18.75,35.0,9.55,1.95,3171964.0,shrinking revenue,,59.0,,,,,,,,,,
ALIT,Alight Inc,Technology,Software - Application,,2.31,99.06,-3.2199999999999998,0.0,-17.12,4.51,0.25,1.5700000000000003,1.66,-83.72,2.8,681360.0,0.0,11.02,Aug 04/a,17.0,296870000.0,HIGH,-21.4,-7.47,0.93,-16.74,0.3712,False,-13.9,False,-26.3,7.835,7.26,-4.731,-53.46,0.91,54.0,-43.83,37.0,-23.63,11.02,5540399.0,shrinking revenue,,54.3,,,,,,,,,,
ALMS,Alumis Inc,Healthcare,Biotechnology,,,-243.88,-37.66,2.34,3.4799999999999995,6.6,-73.8,-71.33,-0.64,-77.32,1.3,2470000.0,0.0,7.11,Aug 13/a,31.12,949150000.0,HIGH,-68.28,-10.13,0.33,-63.62,1.6599,False,-30.7,False,-64.27,8.641,4.859,-13.2654,-77.35,0.929,,,30.0,-70.91,7.1,49077340.0,shrinking revenue,,338.3,,,,,,,,,,
ALMU,Aeluma Inc,Technology,Semiconductors,,,-297.97,-55.8,-5.17,5.15,24.68,-40.85,7.79,0.31,-58.63,1.0,560530.0,0.07,13.15,Sep 16/a,23.5,253340000.0,HIGH,1.14,-2.35,0.56,5.8,0.1529,True,1.73,False,-10.19,6.983,4.5,-5.2744,-37.43,1.085,30.0,-24.49,7.0,15.11,13.29,8447197.0,shrinking revenue,,76.8,,,,,,,,,,
ALT,Altimmune Inc,Healthcare,Biotechnology,,,54.71,-100.0,0.45999999999999996,36.32,28.17,4.42,1.66,0.05,-52.33,1.3,4430000.0,0.02,3.07,Aug 12/b,17.11,597170000.0,HIGH,-1.61,-6.42,0.74,3.05,0.1355,False,-5.47,False,-0.77,4.584,3.595,-3.1225,-13.8,0.858,15.0,-5.26,32.0,4.44,3.06,12493222.0,shrinking revenue,,459.2,,,,,,,,,,
AMCX,AMC Global Media Inc,Communication Services,Entertainment,,4.89,-155.88,-8.75,-0.08,3.07,22.95,20.63,81.76,1.39,-5.92,3.75,646410.0,0.0,12.16,Jul 30/b,9.8,501600000.0,HIGH,-3.95,1.59,0.78,0.71,0.1129,False,-0.14,True,3.9,3.983,2.22,-2.3428,-5.96,0.708,25.0,-0.25,41.0,25.23,12.16,7378437.0,shrinking revenue,,-19.4,,,,,,,,,,
AMPG,Amplitech Group Inc,Technology,Communication Equipment,,40.63,-39.38,-26.810000000000002,-2.9,2.25,15.88,-53.77000000000001,80.56,-0.27,-67.85,1.0,2100000.0,0.06,3.25,Aug 13/a,7.0,97650000.0,HIGH,-0.6,-1.47,0.67,4.06,0.0782,False,-1.48,False,-22.82,4.457,4.94,-3.2449,-56.33,0.347,,,30.0,-16.4,3.34,2762526.0,shrinking revenue,,109.6,,,,,,,,,,
AMPY,Amplify Energy Corp,Energy,Oil & Gas E&P,8.56,9.59,168.67,-22.93,0.24,-3.09,12.36,2.29,-37.16,0.06,-39.29,1.0,781810.0,0.04,4.12,Aug 10/a,7.75,170890000.0,HIGH,-10.08,-0.7,0.83,-5.42,0.2452,False,-8.91,False,-3.82,3.889,2.103,-2.4761,-15.75,0.689,19.0,-10.08,33.0,2.88,4.28,2624040.0,shrinking revenue,,81.1,,,,,,,,,,
AMTM,Amentum Holdings Inc,Industrials,Specialty Business Services,22.96,7.26,553.88,-1.9900000000000002,0.0,2.51,6.2,-5.25,-25.82,0.27,-49.7,2.42,2049999.9999999998,0.02,19.17,Aug 10/a,29.58,4690000000.0,HIGH,-5.51,-3.57,0.9,-0.85,0.064,False,-3.15,False,-9.04,3.057,1.866,-1.5777,-23.48,0.693,35.0,-19.51,33.0,-14.44,19.19,33138683.0,shrinking revenue,,54.1,,,,,,,,,,
ANGI,Angi Inc,Communication Services,Internet Content & Information,,12.34,-2595.05,-10.86,0.0,-1.86,14.24,-9.21,-22.01,1.74,-68.06,2.75,787420.0,0.0,5.42,Aug 04/a,8.0,219810000.0,HIGH,7.54,-1.09,0.89,12.2,0.2327,True,8.01,True,5.24,5.575,5.351,-4.3342,-17.0,1.034,5.0,2.26,37.0,13.15,5.42,4391784.0,shrinking revenue,,47.6,,,,,,,,,,
AOSL,Alpha & Omega Semiconductor Ltd,Technology,Semiconductors,,84.95,83.17,-3.46,-1.23,3.72,11.94,-40.81,21.36,2.66,-50.74999999999999,2.0,619170.0,0.04,26.76,Aug 12/a,46.4,809750000.0,HIGH,13.4,6.32,0.52,18.06,0.2056,True,9.4,False,-2.77,4.296,2.936,-3.4869,-36.7,0.833,4.0,6.32,31.0,-8.79,27.93,14754128.0,shrinking revenue,,66.1,,,,,,,,,,
APMD,Apnimed Inc,Healthcare,Biotechnology,,,,,12.97,24.35,2.27,,,,-40.21,1.0,557220.0,0.0,21.1,Sep 08/a,50.33,878410000.0,HIGH,-29.01,-19.57,0.52,-24.35,0.3539,False,-20.12,,,11.81,9.91,-5.1849,,,,,13.0,-24.89,21.09,15442421.0,incomplete signals,,138.6,,,,,,,,,,
APUS,Apimeds Pharmaceuticals US Inc,Healthcare,Drug Manufacturers - Specialty & Generic,,,-456.18,,0.0,,1.85,-33.32,-67.71,-0.49,-89.67,,2060000.0,0.8,6.17,-,,9310000.0,HIGH,87.34,334.13,5.79,92.0,2.0429,True,166.23,True,73.26,14.326,51.724,-29.738,-24.71,9.559,2.0,216.59,,,7.25,35278881.0,>40% above 50-day SMA; >20% above 20-day SMA; fresh >10% breakout,,,,,,,,,,,,
ARCT,Arcturus Therapeutics Holdings Inc,Healthcare,Biotechnology,,,-147.28,-96.41,0.0,3.2099999999999995,20.99,103.08,104.88,2.48,-42.7,1.31,936580.0,0.09,13.85,Aug 06/a,23.2,393660000.0,HIGH,-8.82,-5.72,0.63,-4.16,0.2568,False,-8.7,True,25.74,9.995,8.52,-5.5761,-22.88,1.039,7.0,-11.22,35.0,127.8,13.85,15152395.0,shrinking revenue,,67.5,,,,,,,,,,
AREC,American Resources Corp,Industrials,Waste Management,,6.36,56.13,-99.93,0.0,-2.02,15.97,-14.39,-16.64,1.14,-73.27,1.0,2430000.0,0.05,1.87,Aug 18,6.0,200210000.0,HIGH,-20.83,-3.8,0.86,-16.17,0.3935,False,-11.98,False,-14.84,5.617,5.263,-3.3678,-35.59,0.859,29.0,-34.03,,,1.9,3456443.0,shrinking revenue,,215.8,,,,,,,,,,
ARI,Apollo Commercial Real Estate Finance Inc,Real Estate,REIT - Mortgage,7.91,8.21,-12.45,-239.95,-0.4099999999999999,-5.9,3.7,-13.34,-12.2,1.45,-16.88,1.5,5000000.0,0.0,6.24,Aug 10/a,8.0,802120000.0,HIGH,-8.91,-2.95,0.8,-4.25,0.1386,False,-5.53,False,-7.1,1.66,1.442,-0.7639,-42.01,0.761,26.0,-9.57,33.0,-6.17,6.24,15355963.0,shrinking revenue,,28.2,,,,,,,,,,
ARRY,Array Technologies Inc,Technology,Solar,,4.51,-70.86,-5.57,0.0,0.29,23.24,-44.75,-45.43,1.8,-67.29,2.22,6700000.0,0.01,4.0,Aug 05/a,8.6,616030000.0,HIGH,-12.2,-0.98,0.88,-7.54,0.2441,False,-6.9,False,-17.41,5.638,3.226,-2.7723,-46.59,0.894,,,36.0,-23.24,4.03,27257214.0,shrinking revenue,,113.4,,,,,,,,,,
ARTW,Art's-way Manufacturing Co Inc,Industrials,Farm & Heavy Construction Machinery,,,-88.52,23.95,0.0,3.1,2.99,28.74,57.75,1.07,-19.42,1.0,545020.0,0.0,3.36,-,7.0,17480000.0,HIGH,13.54,1.55,0.89,18.2,0.1969,True,6.6,True,18.46,4.587,4.587,-3.7567,-21.58,0.01,15.0,7.92,,,3.27,50612.0,illiquid (<$500K/day),,114.1,,,,,,,,,,
ASPN,Aspen Aerogels Inc,Basic Materials,Specialty Chemicals,,,-154.63,-36.11,-47.63,5.52,11.09,-13.819999999999999,56.169999999999995,3.07,-44.87,2.2,1230000.0,0.0,5.15,Aug 06/b,7.94,427700000.0,HIGH,5.88,0.58,1.97,10.54,0.1929,True,3.91,True,0.5,4.862,5.556,-3.1467,-35.56,1.214,4.0,0.58,36.0,4.19,5.22,4503480.0,shrinking revenue,,52.1,,,,,,,,,,
ASST,Strive Inc,Financial,Asset Management,,53.11,-10.31,-19.2,0.14,15.560000000000002,27.65,149.08,193.69,13.33,-47.18,1.0,6340000.0,0.43,28.94,Aug 10/b,33.2,2820000000.0,HIGH,35.42,-2.93,0.42,40.08,0.3366,True,7.63,True,52.79,6.8,3.261,-4.4772,-7.86,1.249,6.0,4.1,34.0,136.66,29.44,282179310.0,>40% above 50-day SMA; shrinking revenue,,12.8,,,,,,,,,,
ATKR,Atkore Inc,Industrials,Electrical Equipment & Parts,,14.92,-98.25,8.13,-1.21,3.85,3.99,21.51,56.26,1.7,-0.08,3.33,828480.0,0.0,94.57,Aug 03/b,93.5,3190000000.0,HIGH,1.04,0.11,0.7,5.7,0.0161,True,0.46,True,5.68,0.272,0.116,-0.1583,-0.08,0.594,1.0,0.03,39.0,29.62,94.57,72245157.0,deal-pinned,,-1.1,,,,,,,,,,
AVAT,Avalanche Treasury Corp,Financial,Asset Management,,,-2268.12,,0.0,41.35,0.15,151.41,-82.71,1.42,-82.97,,1070000.0,0.53,1.82,Aug 26/a,,79580000.0,HIGH,182.21,-1.6,0.45,186.87,1.8466,True,60.88,True,163.64,17.671,16.848,-18.5597,-28.68,5.605,6.0,108.85,21.0,233.33,1.84,3756831.0,>40% above 50-day SMA; >20% above 20-day SMA,,,,,,,,,,,,
AZIO,Azio AI Holdings Inc,Technology,Software - Infrastructure,,,77.01,154.33,0.0,11.39,7.24,-15.54,-18.65,0.91,-72.99,1.0,568470.0,0.33,1.33,-,0.7,22820000.0,HIGH,-2.29,-3.76,0.17,2.37,0.2276,True,3.12,False,-8.39,5.915,3.906,-3.6188,-37.86,0.154,6.0,-0.39,,,1.28,317886.0,illiquid (<$500K/day),,-45.3,,,,,,,,,,
BANC,Banc of California Inc,Financial,Banks - Regional,,8.5,-1485.65,-60.17,-2.02,2.88,7.16,-13.79,3.4000000000000004,0.78,-18.19,1.58,2950000.0,0.0,17.94,Jul 29/b,22.0,2840000000.0,HIGH,-3.55,-1.91,0.77,1.11,0.0727,False,-2.45,False,-6.32,2.23,1.617,-1.4276,-18.19,0.73,48.0,-13.79,42.0,-3.5,17.94,49304717.0,shrinking revenue,,22.6,,,,,,,,,,
BATRK,Atlanta Braves Holdings Inc,Communication Services,Entertainment,,,-140.5,-2.34,-0.19,,7.88,4.43,28.7,0.84,-0.37,2.0,540590.0,0.0,54.26,Aug 05/b,67.0,3480000000.0,HIGH,7.34,3.91,1.15,12.0,0.1198,True,6.35,True,5.91,2.112,2.046,-1.3713,-0.37,1.027,3.0,2.7,37.0,9.07,54.26,23003875.0,shrinking revenue,,23.5,,,,,,,,,,
BBW,Build A Bear Workshop Inc,Consumer Cyclical,Specialty Retail,6.41,6.79,-25.129999999999995,-7.21,-1.48,0.07,24.82,-14.649999999999999,-30.61,1.03,-65.22,1.0,580650.0,0.01,25.87,Aug 27/b,43.0,318680000.0,HIGH,-13.67,4.12,0.46,-9.01,0.2917,False,-6.18,False,-20.78,4.695,4.307,-3.0935,-35.86,0.999,27.0,-31.17,21.0,-9.39,25.77,21779797.0,shrinking revenue,,66.9,,,,,,,,,,
BBWI,Bath & Body Works Inc,Consumer Cyclical,Specialty Retail,4.24,5.9,92.61,-2.26,0.0,-0.05,8.14,-30.55,-2.86,1.39,-40.44,2.48,6010000.0,0.01,16.32,Aug 26/b,22.07,3290000000.0,HIGH,-14.41,-2.72,0.89,-9.75,0.2237,False,-7.85,False,-13.27,4.833,3.647,-3.2744,-27.63,1.115,,,22.0,-6.43,16.45,114202209.0,shrinking revenue,,34.2,,,,,,,,,,
BEAM,Beam Therapeutics Inc,Healthcare,Biotechnology,,,-17.25,-94.21,-4.7,0.9399999999999998,27.55,-31.39,8.07,2.19,-37.32,1.25,2069999.9999999998,0.07,23.98,Aug 04/b,51.07,2480000000.0,HIGH,-17.22,-3.92,0.62,-12.56,0.3637,False,-6.85,False,-9.46,6.475,5.027,-3.6111,-36.57,0.984,23.0,-14.33,38.0,-6.33,24.27,50409213.0,shrinking revenue,,110.4,,,,,,,,,,
BENF,Beneficient,Financial,Asset Management,,,99.19,-71.72,0.25,2.5,13.72,-62.27,-54.52,-0.04,-88.3,,9400000.0,1.2,1.46,Aug 14/b,9.0,22570000.0,HIGH,-35.57,162.12,1.04,-30.91,2.0119,True,1.12,False,-35.77,49.525,51.37,-101.6535,-61.27,5.87,3.0,171.38,30.0,-39.17,1.46,56218646.0,fresh >10% breakout; shrinking revenue,,516.4,,,,,,,,,,
BGS,B&G Foods Inc,Consumer Defensive,Packaged Foods,,6.05,59.89,-9.7,0.13,-5.19,17.23,-24.09,-40.12,0.53,-51.1,3.4,2160000.0,0.03,3.12,Aug 11/a,4.2,253580000.0,HIGH,-11.93,5.8,0.76,-7.27,0.2393,False,-3.05,False,-8.91,3.525,4.194,-2.1421,-24.94,0.808,,,32.0,-9.09,3.1,6810695.0,shrinking revenue,,35.5,,,,,,,,,,
BHR,Braemar Hotels & Resorts Inc,Real Estate,REIT - Hotel & Motel,,,95.64,-4.5,0.0,-0.72,4.16,-13.780000000000001,-25.55,0.81,-47.02,3.0,514090.00000000006,0.0,1.69,Aug 05/a,2.5,116070000.0,HIGH,-16.75,-6.63,0.86,-12.09,0.1885,False,-8.53,False,-15.85,3.593,1.775,-1.9017,-30.74,1.267,43.0,-25.88,36.0,-17.56,1.69,910421.0,shrinking revenue,,47.9,,,,,,,,,,
BKD,Brookdale Senior Living Inc,Healthcare,Medical Care Facilities,,64.72,152.05,-11.61,0.0,6.07,20.93,-29.28,-19.08,0.52,-34.99,1.17,5000000.0,0.0,11.11,Aug 10/a,19.25,2650000000.0,HIGH,-5.2,-2.37,0.77,-0.54,0.1193,False,-5.12,False,-13.66,3.24,2.61,-1.2638,-31.21,0.684,,,33.0,-11.47,11.11,50378382.0,shrinking revenue,,73.3,,,,,,,,,,
BKKT,Bakkt Inc,Technology,Software - Infrastructure,,,189.82,-70.56,6.619999999999999,8.25,22.82,1.21,14.48,6.07,-83.17,1.0,1300000.0,0.26,8.38,Aug 10/a,12.5,377680000.0,HIGH,10.53,-7.0,0.76,15.19,0.329,True,3.74,True,8.21,8.341,9.059,-6.7577,-13.18,1.19,5.0,-1.28,33.0,15.33,8.5,10999549.0,shrinking revenue,,47.1,,,,,,,,,,
BKU,BankUnited Inc,Financial,Banks - Regional,11.99,9.79,6.67,-5.42,-1.18,-0.58,4.73,-9.85,-1.95,1.19,-16.25,2.55,924690.0,0.0,43.64,Oct 21/b,50.18,3110000000.0,HIGH,-5.93,-1.82,0.81,-1.27,0.0791,False,-2.68,False,-5.38,2.125,1.581,-0.9926,-12.25,0.847,,,,,43.64,44558317.0,shrinking revenue,,15.0,,,,,,,,,,
BMBL,Bumble Inc,Communication Services,Internet Content & Information,,2.83,65.75,-15.190000000000001,-54.02,1.6399999999999997,13.97,-12.5,-20.12,1.89,-59.01,2.92,2610000.0,0.0,2.66,Aug 05/a,3.49,351040000.0,HIGH,-2.56,-6.67,0.71,2.1,0.1707,False,-6.67,False,-6.5,4.78,3.759,-2.4674,-22.9,0.689,9.0,-10.44,36.0,-6.5,2.66,6156981.0,shrinking revenue,,31.2,,,,,,,,,,
BNC,CEA Industries Inc,Industrials,Farm & Heavy Construction Machinery,3.2,,96.82,-4.56,0.0,-1.35,7.57,97.97,106.34000000000002,0.58,-51.17,1.0,1880000.0,0.94,5.86,Sep 11/a,29.0,241280000.0,HIGH,102.99,-7.0,0.13,107.65,1.0747,True,27.66,True,72.54,11.803,4.746,-13.6836,-11.96,0.727,7.0,28.36,10.0,27.29,6.11,28798173.0,>40% above 50-day SMA; >20% above 20-day SMA; shrinking revenue,,374.6,,,,,,,,,,
BOXL,Boxlight Corp,Technology,Consumer Electronics,,,100.61,-15.990000000000002,-0.12,0.34,11.14,4.35,-33.88,0.9,-95.21,3.0,1280000.0,0.0,4.8,Aug 12/a,225.0,4050000.0,HIGH,-19.16,-0.62,0.16,-14.5,0.4921,False,-10.49,False,-1.1,9.421,5.281,-5.5091,-51.37,0.021,32.0,64.16,31.0,-29.26,4.81,317771.0,illiquid (<$500K/day); shrinking revenue,,4577.8,,,,,,,,,,
BRBS,Blue Ridge Bankshares Inc (VA),Financial,Banks - Regional,41.44,,-200.0,-19.56,0.0,-1.11,3.16,7.24,12.950000000000001,0.68,-8.22,,883410.0,0.0,3.85,Apr 23/a,,340240000.0,HIGH,-2.04,-2.78,0.99,2.62,0.081,False,-2.69,True,1.46,2.604,2.078,-1.1652,-8.22,0.758,13.0,-3.75,,,3.85,5462226.0,shrinking revenue,,,,,,,,,,,,
BRSP,BrightSpire Capital Inc,Real Estate,REIT - Mortgage,,6.25,19.53,-3.1,0.0,-6.52,3.7,-25.0,-25.41,1.38,-33.33,2.0,1660000.0,0.01,4.11,Jul 28/a,6.32,520010000.0,HIGH,-13.89,-2.15,1.49,-9.23,0.2189,False,-7.54,False,-14.71,3.161,3.178,-1.7144,-26.7,1.556,,,42.0,-18.2,4.09,7442270.0,shrinking revenue,,54.5,,,,,,,,,,
BRVE,Braveheart Bio Inc,Healthcare,Biotechnology,,,,,11.18,17.0,111.87,,,,-33.84,1.0,547620.0,0.01,21.17,Sep 08/a,45.25,1910000000.0,HIGH,-24.85,-17.59,0.84,-20.19,0.3597,False,-21.23,,,12.29,16.149,-6.3358,,,14.0,-22.89,13.0,-28.68,20.62,14749561.0,incomplete signals,,119.4,,,,,,,,,,
BTCS,BTCS Inc,Financial,Capital Markets,,,-604.82,-11.75,-6.0,-8.89,6.49,40.37,16.79,3.31,-75.12,1.0,1580000.0,0.37,1.53,Aug 20/b,5.0,80280000.0,HIGH,13.33,-6.42,0.82,17.99,0.3861,True,7.59,True,21.94,7.951,8.497,-8.0135,-10.0,1.151,6.0,10.07,26.0,21.43,1.53,3042612.0,shrinking revenue,,226.8,,,,,,,,,,
BURU,Nuburu Inc,Industrials,Specialty Industrial Machinery,,,96.04,,0.0,23.55,2.75,-81.47,-85.26,1.46,-99.39,,574000.0,8.79,1.03,-,,9540000.0,HIGH,2575.68,-3.88,0.27,2580.34,3.8517,True,77.55,True,273.05,22.908,6.061,-816.5954,-49.23,0.1,10.0,2650.0,,,0.99,1036798.0,>40% above 50-day SMA; >20% above 20-day SMA,,,,,,,,,,,,
BUSE,First Busey Corp,Financial,Banks - Regional,12.51,10.98,31.97,-6.94,-0.19,0.9199999999999999,5.65,1.9,22.22,0.74,-5.08,2.0,817260.0,0.0,30.09,Jul 28/a,33.29,2480000000.0,HIGH,-0.66,0.43,1.42,4.0,0.0388,False,-0.48,False,-1.11,1.602,1.03,-0.7808,-5.08,1.036,38.0,-3.77,42.0,-0.46,30.09,23577567.0,shrinking revenue,,10.6,,,,,,,,,,
BXMT,Blackstone Mortgage Trust Inc,Real Estate,REIT - Mortgage,144.84,8.78,-1286.91,-2.87,0.01,-0.13,6.92,-28.24,-33.69,0.95,-39.51,2.0,2240000.0,0.02,12.5,Jul 30/b,18.5,2109999999.9999998,HIGH,-8.96,-5.8,0.76,-4.3,0.1565,False,-6.99,False,-13.05,2.737,1.84,-1.5562,-28.98,1.029,,,41.0,-16.5,12.5,31622592.0,shrinking revenue,,48.0,,,,,,,,,,
BYND,Beyond Meat Inc,Consumer Defensive,Packaged Foods,,,83.86,-8.17,-19.08,-10.48,31.07,-60.260000000000005,-55.78999999999999,2.82,-96.34,5.0,1430000.0,0.85,8.45,Aug 05/a,12.5,154560000.0,HIGH,-39.75,-29.95,2.04,-35.09,0.4657,False,-24.93,False,-39.34,10.512,10.419,-5.4797,-64.32,1.432,,,36.0,-47.29,8.35,14366040.0,shrinking revenue,,49.7,,,,,,,,,,
BZFD,BuzzFeed Inc,Communication Services,Internet Content & Information,,,24.29,-21.78,0.15,-0.25,17.24,-30.260000000000005,80.58,3.89,-52.04,3.0,556430.0,0.25,1.06,Aug 04/a,1.0,90140000.0,HIGH,-16.13,-7.14,0.47,-11.47,0.185,False,-5.15,False,-8.22,4.464,3.846,-4.1433,-38.82,0.646,20.0,-6.31,37.0,-6.31,1.04,386811.0,illiquid (<$500K/day); shrinking revenue,,-3.8,,,,,,,,,,
BZH,Beazer Homes USA Inc,Consumer Cyclical,Residential Construction,,22.96,-1349.09,-5.33,0.0,-5.21,8.51,14.279999999999998,68.71,2.19,-3.39,3.0,666490.0,0.0,33.37,Aug 07/b,29.5,890300000.0,HIGH,0.45,0.03,0.72,5.11,0.0081,True,0.26,True,0.66,0.216,0.09,-0.1019,-3.39,0.791,1.0,0.03,35.0,0.57,33.37,22437601.0,deal-pinned; shrinking revenue,,-11.6,,,,,,,,,,
CALM,Cal-Maine Foods Inc,Consumer Defensive,Farm Products,10.28,25.92,-110.85000000000001,-49.93,0.0,1.76,11.7,-15.14,-12.7,0.21,-33.9,3.2,969020.0,0.02,67.32,Sep 30/b,84.4,3160000000.0,HIGH,-15.93,-7.03,1.14,-11.27,0.1739,False,-9.33,False,-16.65,2.92,3.218,-1.5114,-29.21,1.187,43.0,-24.0,,,67.43,72184312.0,shrinking revenue,,25.2,,,,,,,,,,
CALY,Callaway Golf Co,Consumer Cyclical,Leisure,,15.94,264.04,-44.87,-0.8199999999999998,0.4099999999999999,4.19,-25.61,5.85,0.96,-29.54,2.33,1990000.0,0.0,14.29,Aug 04/a,20.4,2550000000.0,HIGH,-7.97,-1.97,0.73,-3.31,0.1308,False,-4.83,False,-12.53,2.824,2.147,-1.2165,-28.8,1.058,52.0,-23.92,37.0,-24.44,14.44,31038005.0,shrinking revenue,,41.3,,,,,,,,,,
CAST,Freecast Inc,Communication Services,Broadcasting,,,-34.22,-35.43,0.0,19.68,7.84,-78.04,-69.1,,-96.27,1.0,4390000.0,0.04,1.23,Jun 03,6.0,58520000.0,HIGH,-9.85,-17.93,0.29,-5.19,0.1904,False,-11.36,False,-19.79,10.684,7.563,-4.6923,-77.59,0.104,,,,,1.19,1697114.0,shrinking revenue,,404.2,,,,,,,,,,
CATX,Perspective Therapeutics Inc,Healthcare,Medical Devices,,,23.29,-72.07,-2.34,6.88,24.65,-26.39,-35.79,1.84,-57.58,1.13,1760000.0,0.06,2.61,Aug 10/a,12.23,298310000.0,HIGH,-18.97,-15.15,0.83,-14.31,0.2888,False,-13.24,False,-16.1,7.851,3.175,-4.1614,-33.33,1.859,27.0,-21.5,33.0,-16.0,2.52,6261212.0,shrinking revenue,,385.3,,,,,,,,,,
CBRL,Cracker Barrel Old Country Store Inc,Consumer Cyclical,Restaurants,36.58,26.76,79.97,-2.15,0.0,5.15,25.95,-5.45,90.73,1.21,-15.370000000000001,3.2,983800.0,0.01,51.0,Sep 23/b,49.71,1140000000.0,HIGH,-6.92,15.47,1.02,-2.26,0.3385,True,3.55,False,-3.68,5.181,4.806,-3.9267,-14.02,1.928,29.0,-10.56,3.0,13.92,51.81,56326579.0,post-earnings jump; shrinking revenue,,-4.1,,,,,,,,,,
CBZ,Cbiz Inc,Industrials,Specialty Business Services,25.6,12.2,-52.62,-0.19,0.0,-9.42,4.21,73.26,103.42,0.92,-3.95,3.0,1320000.0,0.0,54.68,Jul 29/b,55.0,3000000000.0,HIGH,0.31,0.0,0.41,4.97,0.0086,True,0.1,True,3.69,0.226,0.11,-0.2348,-1.58,0.43,44.0,28.27,42.0,17.09,54.68,60490832.0,deal-pinned; shrinking revenue,,0.6,,,,,,,,,,
CC,Chemours Company,Basic Materials,Specialty Chemicals,,7.38,28.550000000000004,-1.49,2.03,2.87,10.56,-28.63,-33.06,1.39,-49.56,2.08,2430000.0,0.0,14.46,Aug 04/a,19.1,2180000000.0,HIGH,-7.43,-0.48,0.97,-2.77,0.1262,False,-3.18,False,-8.05,3.28,3.112,-2.0253,-29.74,0.718,,,37.0,-0.89,14.46,27123187.0,shrinking revenue,,32.1,,,,,,,,,,
CCOI,Cogent Communications Holdings Inc,Communication Services,Telecom Services,,,213.29,-4.34,-0.74,-3.9599999999999995,14.17,-41.78,-56.58,0.77,-83.25,2.43,1790000.0,0.07,7.65,Aug 06/b,17.36,391800000.0,HIGH,-18.88,-17.22,0.78,-14.22,0.3009,False,-16.04,False,-26.67,9.01,7.802,-5.293,-47.62,1.016,40.0,-41.92,36.0,-29.51,7.69,20570280.0,shrinking revenue,,125.7,,,,,,,,,,
CDNA,Caredx Inc,Healthcare,Diagnostics & Research,30.41,47.48,1412.42,52.23,-6.99,0.52,13.38,115.43999999999998,275.92,2.41,-3.2400000000000007,1.75,1190000.0,0.01,63.08,Jul 30/a,56.14,3260000000.0,HIGH,27.9,17.21,1.85,32.56,0.2986,True,20.53,True,33.91,4.282,7.349,-3.6557,-2.32,1.554,2.0,17.25,40.0,67.14,63.68,68596249.0,>20% above 20-day SMA; fresh >10% breakout,,-11.8,,,,,,,,,,
CDXS,Codexis Inc,Healthcare,Biotechnology,,,15.190000000000001,-2.69,-0.03,-2.23,3.96,-39.91,-11.39,2.54,-53.02,1.5,1150000.0,0.47,1.4,Aug 11/a,6.14,153310000.0,HIGH,-16.98,-4.35,0.53,-12.32,0.2566,False,-7.92,False,-15.23,5.79,6.061,-3.8502,-51.11,0.573,19.0,-16.98,32.0,-10.81,1.32,1262192.0,shrinking revenue,,365.2,,,,,,,,,,
CDZI,Cadiz Inc,Industrials,Pollution & Treatment Controls,,,-36.42,-76.27,0.38,1.76,17.13,-3.09,-23.89,1.73,-45.98,1.0,1020000.0,0.0,3.76,Aug 14,10.5,318380000.0,HIGH,-8.52,-3.44,0.94,-3.86,0.2596,False,-4.39,True,2.6,6.654,3.562,-3.7346,-25.51,0.727,15.0,-8.98,,,3.65,3286822.0,shrinking revenue,,187.7,,,,,,,,,,
CELU,Celularity Inc,Healthcare,Biotechnology,,,-42.54,-77.37,0.0,0.2,5.09,129.26,13.930000000000001,0.75,-45.49,2.0,3900000.0,0.02,1.39,-,6.0,40240000.0,HIGH,-12.66,11.29,0.14,-8.0,0.6532,False,-5.75,True,30.87,9.094,6.522,-8.8671,-45.88,0.043,23.0,78.06,,,1.38,1951279.0,shrinking revenue,,334.8,,,,,,,,,,
CERT,Certara Inc,Healthcare,Health Information Services,,23.25,642.62,-10.81,0.0,1.24,29.67,42.77,57.91,1.44,-34.58,2.23,3460000.0,0.07,9.08,Aug 04/b,8.34,1390000000.0,HIGH,9.1,6.92,1.21,13.76,0.2202,True,10.46,True,13.38,4.211,5.159,-3.0243,-1.03,0.796,2.0,5.44,38.0,16.79,9.11,19909854.0,shrinking revenue,,-8.5,,,,,,,,,,
CEVA,Ceva Inc,Technology,Semiconductors,,44.86,32.97,13.07,0.0,2.96,11.72,-16.34,97.59,1.97,-30.23,1.22,770650.0,0.08,36.0,Aug 10/b,46.67,1010000000.0,HIGH,33.48,12.25,1.21,38.14,0.4107,True,23.37,True,15.04,4.503,5.718,-3.2452,-25.42,0.83,6.0,21.35,34.0,13.41,36.2,18558099.0,>20% above 20-day SMA,,28.9,,,,,,,,,,
CGBD,Carlyle Secured Lending Inc,Financial,Asset Management,22.33,7.85,-100.44999999999999,-6.460000000000001,-4.47,,4.34,3.8699999999999997,2.83,0.71,-15.06,2.5,531540.0,0.07,11.28,Aug 07/b,12.5,776110000.0,HIGH,-4.5,-2.34,0.7,0.16,0.0672,False,-2.04,True,1.66,1.997,1.822,-1.392,-7.02,0.568,21.0,-0.71,35.0,5.53,11.25,4449314.0,shrinking revenue,,11.1,,,,,,,,,,
CJMB,Callan Jmb Inc,Industrials,Integrated Freight & Logistics,,,-1079.46,-23.13,0.31,2.24,4.27,165.58,64.12,-0.44,-62.55,,2150000.0,0.03,2.1,-,,12080000.0,HIGH,2.79,-1.78,0.69,7.45,0.148,True,0.39,True,7.21,8.028,6.787,-3.9862,-43.62,0.03,28.0,-17.54,,,2.21,245852.0,illiquid (<$500K/day); shrinking revenue,,,,,,,,,,,,
CLB,Core Laboratories Inc,Energy,Oil & Gas Equipment & Services,18.42,14.33,-43.46,-4.26,0.75,-3.6900000000000004,9.69,-5.72,-36.72,1.12,-48.97,2.75,792210.0,0.0,10.39,Jul 29/a,15.0,476740000.0,HIGH,-15.94,-5.03,1.52,-11.28,0.2712,False,-12.26,False,-11.55,4.386,3.272,-1.7669,-19.71,1.162,27.0,-17.01,41.0,5.27,10.39,6214289.0,shrinking revenue,,44.4,,,,,,,,,,
CLDX,Celldex Therapeutics Inc,Healthcare,Biotechnology,,,-10.77,-96.99,0.0,19.58,11.79,-16.62,3.03,0.88,-30.84,1.2,1260000.0,0.0,31.22,Aug 06/a,62.5,2450000000.0,HIGH,-20.5,-17.92,1.18,-15.84,0.3191,False,-16.86,False,-19.5,7.205,3.408,-3.5017,-31.1,3.536,37.0,-20.36,35.0,-25.17,31.1,60032142.0,shrinking revenue,,101.0,,,,,,,,,,
CLSK,Cleanspark Inc,Financial,Capital Markets,,,-215.53999999999996,-30.53,-0.26,12.72,32.03,-11.0,57.97,3.85,-42.06,1.07,20600000.0,0.08,13.68,Aug 06/a,23.77,3510000000.0,HIGH,19.64,-5.49,0.99,24.3,0.353,True,5.99,True,6.36,6.6,5.735,-5.169,-13.35,0.926,6.0,4.49,35.0,13.41,13.95,232089762.0,shrinking revenue,,70.4,,,,,,,,,,
CMTG,Claros Mortgage Trust Inc,Real Estate,REIT - Mortgage,,,-39.27,-99.41,0.68,0.4699999999999999,3.84,-44.73,-43.78,1.16,-63.91,3.8,757470.0,0.0,1.31,Jul 29/a,2.22,184820000.0,HIGH,-19.14,-11.49,0.42,-14.48,0.2671,False,-11.75,False,-24.45,6.107,3.817,-3.4096,-47.7,0.983,,,41.0,-28.02,1.31,1413009.0,shrinking revenue,,69.5,,,,,,,,,,
CNDT,Conduent Inc,Technology,Information Technology Services,,,-187.22,-29.580000000000002,0.0,2.55,3.83,28.300000000000004,29.31,1.45,-42.38,1.0,1050000.0,0.0,1.64,Aug 10/b,4.67,255410000.0,HIGH,-4.65,0.61,1.0,0.01,0.2665,False,-2.53,True,0.66,6.381,5.183,-4.4516,-18.41,0.962,15.0,-13.23,34.0,5.13,1.64,1829028.0,shrinking revenue,,184.8,,,,,,,,,,
CNTN,Canton Strategic Holdings Inc,Healthcare,Biotechnology,,,86.23,,-1.16,16.18,9.53,-3.2400000000000007,-15.14,1.49,-60.96,1.0,833280.0,0.62,2.69,-,5.0,214340000.0,HIGH,15.77,5.33,1.84,20.43,0.2515,True,15.03,True,21.35,6.851,13.619,-5.3641,-14.53,1.052,1.0,11.26,,,2.57,1864252.0,fresh >10% breakout,,94.6,,,,,,,,,,
CNX,CNX Resources Corp,Energy,Oil & Gas E&P,5.48,7.96,-47.83,-18.32,-0.5,-1.31,10.83,-2.79,-18.05,0.67,-24.83,3.2,1760000.0,0.0,32.79,Jul 30/b,38.83,4850000000.0,HIGH,-9.42,0.03,1.16,-4.76,0.2174,False,-6.99,False,-6.87,2.912,1.952,-1.5782,-14.09,1.23,18.0,-9.87,41.0,-5.26,32.79,67532201.0,shrinking revenue,,18.4,,,,,,,,,,
CODI,Compass Diversified Holdings,Industrials,Conglomerates,,17.47,190.99,-11.42,2.47,-0.78,7.19,8.07,70.2,1.29,-15.09,1.67,691280.0,0.0,11.25,Aug 10/a,17.0,846400000.0,HIGH,-1.75,0.36,0.7,2.91,0.0767,False,-0.38,True,1.09,2.768,2.311,-1.4352,-15.09,0.666,30.0,-8.39,33.0,1.53,11.25,6075023.0,shrinking revenue,,51.1,,,,,,,,,,
COHU,Cohu Inc,Technology,Semiconductor Equipment & Materials,,35.48,99.06,38.37,-10.35,7.670000000000001,18.91,-3.85,118.48,1.56,-12.2,1.12,1100000.0,0.03,65.5,Jul 30/a,70.88,3100000000.0,HIGH,39.58,10.52,1.03,44.24,0.5174,True,23.34,True,26.22,5.572,5.209,-5.6093,-2.53,0.92,1.0,5.18,40.0,44.24,67.0,54643980.0,>20% above 20-day SMA,,5.8,,,,,,,,,,
CRBU,Caribou Biosciences Inc,Healthcare,Biotechnology,,,58.660000000000004,-43.79,0.0,11.91,13.3,-29.15,-29.549999999999997,2.3,-64.53,1.0,1570000.0,0.03,1.25,Aug 13/a,12.0,134440000.0,HIGH,-23.46,-4.62,0.75,-18.8,0.4002,False,-11.14,False,-18.6,5.472,4.032,-3.185,-41.23,0.803,23.0,-24.39,30.0,-21.52,1.24,1656010.0,shrinking revenue,,867.7,,,,,,,,,,
CRCT,Cricut Inc,Technology,Computer Hardware,15.02,26.15,62.0,-9.2,-0.57,0.89,11.0,39.41,63.32,0.26,-5.5,5.0,724930.0,0.01,6.19,Aug 04/a,4.07,1300000000.0,HIGH,5.86,8.67,1.17,10.52,0.1277,True,7.43,True,12.84,2.886,4.316,-2.0632,-2.07,0.851,2.0,4.24,37.0,24.29,6.14,3958155.0,shrinking revenue,,-33.7,,,,,,,,,,
CRDF,Cardiff Oncology Inc,Healthcare,Biotechnology,,,35.57,-14.05,19.29,-7.829999999999999,16.86,-0.8,-25.75,1.44,-62.53999999999999,2.33,1200000.0,0.0,1.24,Aug 11/a,5.14,96470000.0,HIGH,31.91,-9.49,0.63,36.57,0.4711,True,3.51,True,20.44,7.661,5.645,-4.8592,-17.88,0.61,6.0,-4.62,32.0,25.25,1.24,1107713.0,shrinking revenue,,314.5,,,,,,,,,,
CRK,Comstock Resources Inc,Energy,Oil & Gas E&P,7.78,24.63,-92.98,-25.21,0.0,1.96,32.7,-5.57,-42.81,0.5,-52.31,2.79,2590000.0,0.01,13.4,Jul 29/a,16.91,3930000000.0,HIGH,-8.19,0.77,0.8,-3.53,0.2759,False,-7.84,False,-5.26,5.145,5.259,-3.9135,-18.61,1.101,18.0,-9.08,41.0,4.04,13.12,43957461.0,shrinking revenue,,28.9,,,,,,,,,,
CRMT,Americas Car Mart Inc,Consumer Cyclical,Auto & Truck Dealerships,,,-1092.6,-57.3,-1.33,-9.79,20.58,-53.90999999999999,-90.95,1.29,-96.19,2.0,547090.0,2.99,1.18,Sep 09/b,7.5,9840000.0,HIGH,-55.46,-35.76,1.55,-50.8,0.8255,False,-43.36,False,-59.55,29.784,32.075,-12.6503,-77.64,0.959,53.0,-64.9,13.0,-28.38,1.06,1033678.0,shrinking revenue,,607.5,,,,,,,,,,
CRSR,Corsair Gaming Inc,Technology,Computer Hardware,43.19,15.99,138.92,-1.8000000000000003,-0.01,0.8100000000000002,19.58,43.27,149.1,1.87,-11.52,2.44,1640000.0,0.02,13.25,Aug 06/a,13.22,1430000000.0,HIGH,13.83,1.04,0.88,18.49,0.2019,True,5.76,True,14.05,4.453,2.928,-2.9778,-8.8,0.645,1.0,0.81,35.0,28.75,13.66,14182605.0,shrinking revenue,,-3.2,,,,,,,,,,
CSQR,Csquare Inc,Technology,Information Technology Services,,,,,0.0,9.87,3.35,,,,-27.62,1.3,1670000.0,0.0,17.01,Sep 02,28.5,2830000000.0,HIGH,-11.68,-6.79,0.49,-7.02,0.1494,False,-5.68,False,-14.45,6.005,4.527,-3.0502,,0.717,,,,,17.01,30962390.0,incomplete signals,,67.5,,,,,,,,,,
CSWC,Capital Southwest Corp,Financial,Asset Management,12.76,9.63,-17.81,-21.1,0.08,,6.49,-1.41,8.38,0.74,-9.95,1.67,650230.0,0.02,23.13,Aug 03/a,25.3,1470000000.0,HIGH,-9.19,-1.32,0.76,-4.53,0.1231,False,-3.99,False,-4.87,1.779,1.254,-0.9617,-10.17,0.947,21.0,-8.36,38.0,-3.38,23.13,15938343.0,shrinking revenue,,9.4,,,,,,,,,,
CTMX,CytomX Therapeutics Inc,Healthcare,Biotechnology,,,-7766.670000000001,-92.4,-0.0,5.95,21.29,-26.090000000000003,-38.84,2.19,-66.33,1.12,3980000.0,0.0,2.76,Aug 06/a,12.25,602360000.0,HIGH,-15.89,-2.17,0.68,-11.23,0.5029,False,-14.75,False,-17.67,7.23,4.444,-5.2558,-32.84,1.261,18.0,-19.64,35.0,-19.88,2.7,13780309.0,shrinking revenue,,353.7,,,,,,,,,,
CWH,Camping World Holdings Inc,Consumer Cyclical,Auto & Truck Dealerships,,6.84,-13.170000000000002,-2.12,0.0,-6.92,18.93,-32.71,-22.0,2.15,-68.57,1.38,2089999.9999999998,0.01,5.39,Jul 29/a,10.4,556750000.0,HIGH,-17.46,-1.64,1.01,-12.8,0.3529,False,-10.75,False,-13.01,6.637,5.566,-3.6799,-29.54,1.087,15.0,-19.79,41.0,-10.91,5.39,11284784.0,shrinking revenue,,92.9,,,,,,,,,,
CYCU,Cycurion Inc,Technology,Information Technology Services,,,90.57,-3.37,0.0,,8.87,-37.81,-64.4,0.92,-97.58,1.0,2270000.0,0.05,2.99,Aug 14/b,56.0,9660000.0,HIGH,-27.01,-15.36,0.34,-22.35,0.3214,False,-15.5,False,-33.25,10.041,4.982,-6.485,-80.91,0.047,41.0,30.09,30.0,-48.72,2.81,908153.0,shrinking revenue,,1892.9,,,,,,,,,,
CYH,Community Health Systems Inc,Healthcare,Medical Care Facilities,1.6,,-75.47,-9.83,-0.13,6.660000000000001,12.35,-12.98,3.15,1.89,-33.41,3.2,1650000.0,0.03,2.95,Jul 22/a,3.16,415980000.0,HIGH,0.34,1.73,0.98,5.0,0.0625,True,0.5,True,0.16,4.179,4.762,-2.0196,-25.0,0.709,4.0,1.73,46.0,5.76,2.94,3596043.0,shrinking revenue,,7.5,,,,,,,,,,
CYPH,Cypherpunk Technologies Inc,Healthcare,Biotechnology,7.21,9.71,145.12,,-1.79,12.24,10.79,542.52,521.38,0.92,-2.63,1.0,8199999.999999999,1.17,4.08,Aug 12/b,4.15,439680000.0,HIGH,140.94,21.18,1.11,145.6,1.1818,True,52.56,True,157.66,13.294,8.981,-12.5908,-1.67,2.232,2.0,14.13,32.0,526.14,4.12,52168674.0,>40% above 50-day SMA; >20% above 20-day SMA; fresh >10% breakout,,0.7,,,,,,,,,,
DAIC,CID Holdco Inc,Technology,Information Technology Services,,,94.64,-90.22,0.0,27.310000000000002,14.62,97.02,-23.82,3.4,-95.95,,7790000.0,0.08,3.31,May 11/a,,6490000.0,HIGH,-31.03,-11.11,0.03,-26.37,0.9499,False,-1.02,True,55.59,27.301,5.312,-39.4588,-55.24,0.117,24.0,651.17,,,3.2,37568153.0,>40% above 50-day SMA; shrinking revenue,,,,,,,,,,,,
DBGI,Digital Brands Group Inc,Consumer Cyclical,Apparel Retail,,,58.040000000000006,-46.34,,5.54,19.6,-84.06,-93.25,0.02,-99.35,,753970.0,0.28,4.67,-,,4360000.0,HIGH,-29.72,4.88,0.11,-25.06,0.8082,False,-3.05,False,-55.64,25.288,9.514,-21.6643,-85.92,0.922,,,,,4.73,13138998.0,shrinking revenue,,,,,,,,,,,,
DBI,Designer Brands Inc,Consumer Cyclical,Footwear & Accessories,21.5,8.76,44.1,-1.23,-0.5,2.01,15.0,-1.76,8.5,1.26,-33.15,3.0,597150.0,0.0,6.13,Sep 10/b,6.75,313390000.0,HIGH,11.66,-1.45,0.79,16.32,0.3251,True,5.44,True,3.32,6.059,3.426,-4.7437,-9.85,1.112,10.0,4.25,12.0,17.43,6.13,4786244.0,shrinking revenue,,10.1,,,,,,,,,,
DBRG,DigitalBridge Group Inc,Financial,Asset Management,10.39,,1100.21,99.04,0.0,0.66,8.97,1.17,3.93,1.45,-0.09,3.0,4300000.0,0.01,15.98,Aug 04/a,16.0,3040000000.0,HIGH,0.31,0.38,0.75,4.97,0.0092,True,0.33,True,0.45,0.219,0.063,-0.1856,-0.13,2.176,3.0,0.0,37.0,0.69,15.98,93015027.0,deal-pinned,,0.1,,,,,,,,,,
DDD,3D Systems Corp,Technology,Computer Hardware,,,-115.10000000000001,-0.27,-3.2,21.93,27.38,22.73,80.0,2.79,-14.81,2.0,2860000.0,0.03,3.51,Aug 03/a,5.5,583170000.0,HIGH,8.84,2.59,0.99,13.5,0.1708,True,5.62,True,10.16,5.602,8.683,-3.992,-8.46,0.772,7.0,13.69,38.0,26.15,3.57,7834825.0,shrinking revenue,,54.1,,,,,,,,,,
DFDV,DeFi Development Corp,Financial,Asset Management,,,-224.98,66.87,0.71,-0.3,18.63,95.1,65.51,-3.66,-67.77,1.0,1480000.0,0.63,5.89,Aug 12/a,10.4,192210000.0,HIGH,21.29,-7.22,1.12,25.95,0.4031,True,9.6,True,47.08,9.603,11.589,-8.3817,-9.45,1.713,5.0,-0.33,31.0,110.45,6.04,14833826.0,>40% above 50-day SMA,,72.2,,,,,,,,,,
DFH,Dream Finders Homes Inc,Consumer Cyclical,Residential Construction,8.02,14.52,-48.96,-7.57,-0.77,0.48,26.51,-34.48,-14.859999999999998,1.88,-58.08,3.0,748590.0,0.05,11.4,Jul 30/b,18.0,1030000000.0,HIGH,-23.44,-0.88,1.1,-18.78,0.3392,False,-10.31,False,-18.6,6.516,5.133,-3.6773,-33.45,1.584,,,41.0,-15.29,11.3,12029967.0,shrinking revenue,,59.3,,,,,,,,,,
DGXX,Digi Power X Inc,Utilities,Utilities - Independent Power Producers,,223.5,-247.82999999999998,-28.54,-0.22,15.61,6.18,-17.07,116.99,6.2,-51.41,1.0,3290000.0,0.12,4.47,Aug 14/b,8.5,456210000.0,HIGH,23.06,5.28,1.56,27.72,0.3571,True,17.91,True,17.79,5.963,8.475,-4.5282,-11.9,0.975,2.0,8.77,30.0,15.62,4.59,9239420.0,shrinking revenue,,85.2,,,,,,,,,,
DH,Definitive Healthcare Corp,Healthcare,Health Information Services,,5.73,27.58,-9.14,0.0,-1.55,5.79,48.85,1.8000000000000003,1.4,-73.7,3.0,647570.0,0.03,1.07,Aug 10/a,1.9,154820000.0,HIGH,17.83,5.0,0.45,22.49,0.2699,False,-3.43,True,16.28,5.631,8.995,-6.8296,-22.54,2.077,15.0,-9.13,33.0,46.74,0.94,1264079.0,shrinking revenue,,102.1,,,,,,,,,,
DHC,Diversified Healthcare Trust,Real Estate,REIT - Healthcare Facilities,,,59.28,-4.53,0.0,3.17,6.17,-14.330000000000002,18.34,2.28,-15.839999999999998,1.8,1740000.0,0.0,8.13,Aug 03/a,10.15,1970000000.0,HIGH,6.27,0.12,0.91,10.93,0.1318,True,4.18,False,-2.2,2.838,2.583,-1.3988,-15.84,1.199,4.0,0.12,38.0,-7.61,8.13,15244075.0,shrinking revenue,,24.8,,,,,,,,,,
DNA,Ginkgo Bioworks Holdings Inc,Healthcare,Biotechnology,,,-4.34,-59.37,-3.3300000000000005,8.35,14.59,2.37,76.25,1.9,-40.55,4.33,1260000.0,0.27,10.45,Aug 05/a,7.0,703820000.0,HIGH,53.16,33.58,1.49,57.82,0.6241,True,39.79,True,39.23,6.883,10.6,-6.6925,-3.88,2.065,2.0,24.24,36.0,25.41,10.66,12672733.0,>20% above 20-day SMA; fresh >10% breakout; shrinking revenue,,-34.3,,,,,,,,,,
DNUT,Krispy Kreme Inc,Consumer Defensive,Grocery Stores,,36.01,95.38,-12.839999999999998,1.12,1.71,20.61,-15.35,-9.07,1.24,-42.52,3.17,2700000.0,0.05,2.94,Aug 06/b,4.18,509610000.0,HIGH,-16.71,-3.99,1.06,-12.05,0.2204,False,-9.48,False,-10.91,3.166,3.46,-1.8711,-22.73,0.801,27.0,-10.8,36.0,-6.77,2.89,6903486.0,shrinking revenue,,44.6,,,,,,,,,,
DRK,DarkHorse Technologies Inc,Technology,Software - Infrastructure,,,-545.15,-18.75,0.0,14.35,5.1,14.39,118.31,3.38,-75.4,1.0,611580.0,0.06,3.1,Aug 14/b,5.0,32770000.000000004,HIGH,39.55,3.02,0.17,44.21,0.4713,True,15.33,True,31.28,9.281,4.235,-6.473,-6.12,0.372,6.0,6.23,30.0,46.89,3.07,1335893.0,shrinking revenue,,62.9,,,,,,,,,,
DRMA,Dermata Therapeutics Inc,Healthcare,Biotechnology,,,55.49000000000001,,-0.0,2.2,4.69,-15.380000000000003,-6.78,0.66,-81.26,1.0,724720.0,0.0,1.1,Aug 11/a,4.0,4430000.0,HIGH,-14.93,-0.87,0.8,-10.27,0.2121,False,-4.92,False,-10.24,6.754,6.14,-2.7981,-33.72,0.038,24.0,-19.72,32.0,5.56,1.14,46387.0,illiquid (<$500K/day),,250.9,,,,,,,,,,
DRVN,Driven Brands Holdings Inc,Consumer Cyclical,Auto & Truck Dealerships,13.77,8.54,-22.25,-7.91,0.0,-3.9900000000000007,17.02,-12.509999999999998,-5.31,0.96,-28.84,2.29,976650.0,0.0,12.31,Aug 06/b,16.09,2029999999.9999998,HIGH,-1.28,1.65,0.9,3.38,0.1459,False,-1.75,False,-6.72,3.949,4.102,-2.4801,-22.53,0.901,16.0,-4.43,36.0,-5.02,12.31,15404707.0,shrinking revenue,,30.7,,,,,,,,,,
DV,DoubleVerify Holdings Inc,Communication Services,Advertising Agencies,36.46,23.12,55.81,2.52,0.0,0.38,4.77,20.29,41.09,1.0,-3.7699999999999996,3.06,3920000.0,0.0,13.14,Aug 06/a,13.64,2040000000.0,HIGH,0.22,-0.22,0.45,4.88,0.0168,True,0.03,True,5.27,0.455,0.298,-0.2699,-1.76,0.431,11.0,0.3,35.0,14.52,13.41,46999550.0,deal-pinned,,1.7,,,,,,,,,,
DXC,DXC Technology Co,Technology,Information Technology Services,15.09,3.6,748.32,-5.06,0.69,7.9399999999999995,15.47,20.75,-12.629999999999999,0.79,-32.08,3.27,3800000.0,0.0,10.65,Jul 30/a,11.21,1700000000.0,HIGH,-5.0,-2.2,1.01,-0.34,0.1484,False,-5.48,False,-2.01,4.433,2.535,-2.8025,-12.92,0.724,10.0,-6.5,40.0,-5.25,10.65,29286905.0,shrinking revenue,,5.3,,,,,,,,,,
EFOR,Everforth Inc,Technology,Information Technology Services,17.05,7.73,-48.0,-1.33,6.13,-1.24,9.23,68.89,-16.99,0.48,-39.72,2.71,900340.0,0.0,33.12,Jul 29/a,27.5,1360000000.0,HIGH,3.66,0.7,0.69,8.32,0.1367,True,3.0,True,11.29,5.15,3.955,-3.323,-3.78,0.645,10.0,5.24,41.0,41.48,33.12,24061736.0,shrinking revenue,,-17.0,,,,,,,,,,
EMBC,Embecta Corp,Healthcare,Medical Instruments & Supplies,3.98,3.35,-53.64,-8.05,2.38,-16.39,10.67,78.25,-31.16,0.84,-60.42999999999999,3.25,1540000.0,0.03,5.9,Aug 07/b,4.0,334290000.0,HIGH,16.83,11.32,0.62,21.49,0.2233,True,10.23,True,25.5,4.406,5.085,-3.7905,-0.51,0.567,1.0,4.98,35.0,68.57,5.9,6810381.0,shrinking revenue,,-32.2,,,,,,,,,,
ENPH,Enphase Energy Inc,Technology,Solar,31.81,14.54,-2.55,-19.63,0.03,-3.44,18.64,-33.6,-15.17,1.63,-56.47,2.5,4740000.0,0.1,32.1,Jul 28/a,44.8,4240000000.0,HIGH,-13.02,-6.79,0.91,-8.36,0.1787,False,-9.15,False,-14.07,5.95,2.685,-2.791,-31.93,1.144,,,42.0,-7.61,32.4,161796117.0,shrinking revenue,,38.3,,,,,,,,,,
EPC,Edgewell Personal Care Co,Consumer Defensive,Household & Personal Products,,13.76,-52.52,-9.1,0.0,1.68,9.99,-0.32,31.730000000000004,0.35,-7.55,2.14,659970.0,0.01,27.69,Aug 05/b,32.17,1280000000.0,HIGH,-4.23,2.73,0.69,0.43,0.1115,True,0.81,False,-0.55,3.358,4.062,-1.8546,-7.11,0.959,52.0,1.35,37.0,-2.49,27.82,16251104.0,shrinking revenue,,15.6,,,,,,,,,,
ERII,Energy Recovery Inc,Industrials,Pollution & Treatment Controls,23.93,41.67,-264.72,-57.24,-9.97,-1.48,6.92,-23.38,-31.61,0.9,-63.16,3.0,937020.0,0.01,6.75,Aug 05/a,8.0,344560000.0,HIGH,-12.36,-3.13,0.61,-7.7,0.1879,False,-6.62,False,-13.6,3.839,1.909,-2.2275,-27.09,0.812,38.0,-23.57,36.0,-21.99,6.81,8140935.0,shrinking revenue,,17.5,,,,,,,,,,
ETD,Ethan Allen Interiors Inc,Consumer Cyclical,"Furnishings, Fixtures & Appliances",13.52,16.53,-3.54,-8.48,-0.78,3.3099999999999996,13.24,9.67,9.43,1.03,-18.11,3.33,611120.0,0.01,21.08,Jul 29/a,22.0,531309999.99999994,HIGH,-9.29,1.53,0.55,-4.63,0.1912,False,-3.54,False,-6.35,2.557,2.302,-3.0692,-15.28,0.966,17.0,-11.11,41.0,-7.07,21.29,14800975.0,shrinking revenue,,3.3,,,,,,,,,,
ETRA,Electra Therapeutics Inc,Healthcare,Biotechnology,,,,,,,,,,,-25.480000000000004,,1360000.0,0.0,11.55,-,,724960000.0,LOW,,,,,,,,,,,,,,,,,,,,,low data confidence; incomplete signals,,,,,,,,,,,,
EVGO,EVgo Inc,Consumer Cyclical,Specialty Retail,,,-52.07000000000001,-15.689999999999998,0.0,2.14,30.08,-26.06,-19.19,2.86,-73.17,1.89,3780000.0,0.02,1.39,Aug 05/b,3.07,437180000.0,HIGH,0.0,-7.38,0.79,4.66,0.2153,False,-1.13,False,-7.83,6.341,6.522,-5.3989,-30.3,0.846,6.0,-6.12,37.0,-9.8,1.38,6377074.0,shrinking revenue,,122.5,,,,,,,,,,
EXFY,Expensify Inc,Technology,Software - Application,,22.1,57.67,-5.31,-0.53,-10.06,2.17,25.569999999999997,172.57,1.73,-21.35,2.33,1060000.0,0.0,2.21,Aug 06/a,2.83,201520000.0,HIGH,-14.34,-4.74,1.24,-9.68,0.1864,False,-5.68,False,-0.59,4.945,4.299,-2.5238,-21.35,0.536,24.0,-16.29,35.0,11.62,2.21,1258206.0,shrinking revenue,,28.1,,,,,,,,,,
EXYN,Exyn Technologies Inc,Technology,Software - Infrastructure,,,,,0.0,14.719999999999999,3.56,-55.43,,,-68.06,1.0,647790.0,0.05,2.3,Aug 19/a,10.0,18290000.0,HIGH,-34.56,-11.83,0.56,-29.9,0.3926,False,-14.57,False,-12.42,9.246,5.195,-3.6909,-66.52,0.069,23.0,0.43,26.0,46.2,2.31,313656.0,illiquid (<$500K/day),,332.9,,,,,,,,,,
EYPT,EyePoint Inc,Healthcare,Biotechnology,,,-28.449999999999996,-90.49,0.06,8.51,24.54,-74.15,-70.83,1.65,-80.92,1.92,3840000.0,0.03,3.65,Aug 06/b,25.55,314400000.0,HIGH,-19.2,-9.95,0.61,-14.54,0.3823,False,-12.94,False,-54.6,8.682,4.144,-5.821,-75.85,0.676,30.0,-73.15,36.0,-70.45,3.62,15125175.0,shrinking revenue,,605.8,,,,,,,,,,
EZRA,Reliance Global Group Inc,Financial,Insurance Brokers,,,90.38,-31.620000000000005,-5.8,2.82,1.62,-21.87,-59.07,0.28,-94.81,1.0,1830000.0,0.0,2.68,-,4760.0,4500000.0,HIGH,-1.11,1.13,0.26,3.55,0.1007,False,-1.6,True,6.44,6.367,8.209,-2.8498,-41.74,0.009,25.0,7.41,,,2.68,112140.0,illiquid (<$500K/day); shrinking revenue,,177511.9,,,,,,,,,,
FBIN,Fortune Brands Innovations Inc,Industrials,Building Products & Equipment,31.43,11.57,-122.7,-4.11,57.65,0.9899999999999999,6.5,-23.85,1.68,1.29,-40.14,2.33,2540000.0,0.0,38.81,Aug 04/a,56.36,4630000000.0,HIGH,-13.45,-0.56,0.9,-8.79,0.1908,False,-3.93,False,-13.79,3.399,4.292,-2.0976,-27.8,1.0,38.0,-24.52,37.0,-24.69,39.38,88504814.0,shrinking revenue,,43.1,,,,,,,,,,
FCEL,Fuelcell Energy Inc,Industrials,Electrical Equipment & Parts,,,83.0,-29.4,0.9899999999999999,33.4,32.72,-45.37,149.31,2.46,-57.02,2.27,9670000.0,0.07,16.28,Sep 02/b,20.78,1300000000.0,HIGH,-7.15,-8.18,0.55,-2.49,0.2944,True,0.05,False,-13.11,8.178,3.82,-7.3346,-48.47,0.588,,,17.0,14.51,16.49,113375455.0,shrinking revenue,,26.0,,,,,,,,,,
FEAM,5E Advanced Materials Inc,Basic Materials,Specialty Chemicals,,,54.38000000000001,,0.0,0.76,1.78,97.89,114.5,1.95,-62.529999999999994,1.0,716760.0,0.06,2.81,May 12/a,3.75,117030000.0,HIGH,71.78,12.9,0.52,76.44,1.1832,True,47.5,True,72.59,9.398,7.857,-12.1124,-6.67,0.927,4.0,12.9,,,2.8,1714150.0,>40% above 50-day SMA; >20% above 20-day SMA,,33.9,,,,,,,,,,
FEMY,Femasys Inc,Healthcare,Medical Instruments & Supplies,,,58.08,-18.92,17.06,33.61,7.57,-34.74,-75.11,-2.2,-88.83,1.0,709980.0,0.0,2.48,Aug 14/a,14.33,20770000.0,HIGH,-22.5,-1.98,0.37,-17.84,0.4224,False,-10.71,False,-12.6,7.788,4.839,-5.3648,-48.12,0.062,20.0,-11.11,29.0,14.81,2.48,287634.0,illiquid (<$500K/day); shrinking revenue,,477.8,,,,,,,,,,
FGI,FGI Industries Ltd,Consumer Cyclical,"Furnishings, Fixtures & Appliances",,18.8,200.53,2.86,0.0,0.15,9.81,75.29,96.86,2.3,-62.27,1.0,1720000.0,0.0,7.52,Aug 12/a,13.0,14520000.0,HIGH,3.93,-11.14,0.18,8.59,0.466,False,-5.93,True,11.93,11.472,5.744,-6.1355,-61.57,0.028,9.0,-14.41,31.0,61.95,7.66,438764.0,illiquid (<$500K/day),,69.7,,,,,,,,,,
FIBK,First Interstate BancSystem Inc,Financial,Banks - Regional,11.33,12.87,24.97,-7.8,-0.9199999999999999,-2.32,12.21,-4.85,11.92,0.7,-9.56,3.44,1160000.0,0.0,36.72,Jul 23/a,37.25,3500000000.0,HIGH,-0.35,0.22,1.35,4.31,0.0463,False,-0.18,False,-1.94,1.842,1.382,-1.151,-9.09,1.058,51.0,-6.2,45.0,-3.12,36.91,45274659.0,shrinking revenue,,0.9,,,,,,,,,,
FLO,Flowers Foods Inc,Consumer Defensive,Packaged Foods,22.45,7.91,-30.510000000000005,-4.02,-1.26,26.25,23.71,-28.07,-31.069999999999997,0.42,-56.39999999999999,3.12,7090000.0,0.01,5.79,Aug 20/a,8.58,1230000000.0,HIGH,-19.15,-3.69,0.98,-14.49,0.2423,False,-7.69,False,-17.58,3.771,4.355,-1.5801,-35.65,1.219,51.0,-30.42,25.0,-17.41,5.74,52320088.0,shrinking revenue,,49.5,,,,,,,,,,
FLYE,Fly-E Group Inc,Consumer Cyclical,Auto Manufacturers,,,59.77,-48.42,0.0,1.6,0.74,-36.2,-32.35,-0.68,-93.59,,1380000.0,0.01,1.41,-,,2300000.0,HIGH,-17.54,-4.08,0.01,-12.88,0.6735,False,-19.13,False,-18.43,17.796,13.475,-16.1335,-49.46,0.198,18.0,3.68,,,1.41,9574399.0,shrinking revenue,,,,,,,,,,,,
FMC,FMC Corp,Basic Materials,Agricultural Inputs,,5.76,-381.12,-17.46,-0.07,7.61,28.84,-17.55,-39.63,0.44,-72.02,2.65,3990000.0,0.03,9.52,Jul 29/a,13.55,1480000000.0,HIGH,-15.45,-6.81,1.03,-10.79,0.4179,False,-15.16,False,-12.98,6.285,3.132,-4.505,-28.83,1.084,20.0,-10.13,41.0,-4.3,9.58,42259938.0,shrinking revenue,,41.4,,,,,,,,,,
FOSL,Fossil Group Inc,Consumer Cyclical,Footwear & Accessories,,25.92,-320.56,-4.86,-0.93,17.74,13.03,42.98,54.120000000000005,1.6,-5.63,1.0,941000.0,0.0,6.13,Aug 12/a,9.0,362760000.0,HIGH,15.89,5.8,0.85,20.55,0.3973,True,16.29,True,19.18,6.256,5.806,-5.0347,-4.62,0.898,5.0,13.35,31.0,17.65,6.2,4007474.0,shrinking revenue,,45.2,,,,,,,,,,
FOXF,Fox Factory Holding Corp,Consumer Cyclical,Auto Parts,,10.36,46.88,-4.47,0.0,0.1,6.94,6.69,14.469999999999999,1.41,-25.81,2.57,545320.0,0.02,19.3,Aug 06/a,21.83,811190000.0,HIGH,-9.78,0.43,0.82,-5.12,0.1745,False,-5.43,False,-6.47,3.956,3.655,-2.2597,-16.03,0.903,25.0,-13.03,35.0,-1.64,18.55,8661307.0,shrinking revenue,,17.7,,,,,,,,,,
FPI,Farmland Partners Inc,Real Estate,REIT - Specialty,23.82,56.26,-49.47,-5.65,0.06,0.25,9.38,12.28,0.83,0.69,-17.05,3.0,512500.0,0.07,10.97,Jul 29/a,10.5,478630000.0,HIGH,5.95,-0.82,1.18,10.61,0.0744,True,1.53,True,6.8,2.028,2.21,-1.0203,-1.63,1.196,7.0,0.65,41.0,15.29,10.86,6634957.0,shrinking revenue,,-3.3,,,,,,,,,,
FSK,FS KKR Capital Corp,Financial,Asset Management,,7.41,83.73,-18.08,0.01,,5.4,5.94,13.419999999999998,0.91,-30.620000000000005,2.8,2150000.0,0.01,11.24,Aug 06/b,12.17,3110000000.0,HIGH,-8.24,-1.57,0.86,-3.58,0.1503,False,-4.99,False,-3.55,2.377,1.422,-1.5881,-11.49,0.659,31.0,-7.56,36.0,1.9,11.25,19287506.0,shrinking revenue,,8.2,,,,,,,,,,
FTFT,Future FinTech Group Inc,Technology,Software - Application,,,-112.99999999999999,-44.92,0.0,,17.45,-64.1,-77.86,1.77,-97.26,2.0,5190000.0,0.01,4.25,-,14.3,34340000.0,HIGH,99.09,-2.88,0.01,103.75,2.2124,True,18.96,True,18.2,42.433,7.078,-45.0216,-60.33,0.229,10.0,52.08,,,4.38,81701999.0,shrinking revenue,,226.5,,,,,,,,,,
FTRE,Fortrea Holdings Inc,Healthcare,Biotechnology,,18.52,96.64,-4.52,-20.56,0.33,13.33,12.44,117.19999999999999,1.94,-7.9,2.46,1430000.0,0.0,19.7,Jul 29/b,21.25,1870000000.0,HIGH,5.74,-0.65,0.49,10.4,0.2704,True,6.12,True,6.61,5.104,4.701,-3.9135,-7.01,0.754,4.0,-0.65,42.0,-2.5,19.89,27260168.0,shrinking revenue,,6.8,,,,,,,,,,
FUN,Six Flags Entertainment Corp,Consumer Cyclical,Leisure,,,-101.18,-7.04,10.14,-4.33,21.55,-38.28,-23.55,0.42,-53.64,1.94,2250000.0,0.01,12.69,Aug 06/b,21.07,1300000000.0,HIGH,-24.04,-0.4,0.52,-19.38,0.4086,False,-9.8,False,-21.28,5.334,2.922,-3.9687,-43.04,0.825,,,36.0,-21.78,12.32,28468020.0,shrinking revenue,,71.0,,,,,,,,,,
FWDI,Forward Industries Inc,Financial,Capital Markets,,38.25,-2.96,332.09,0.0,1.44,10.14,92.0,89.33,0.87,-73.46,1.0,1790000.0,0.39,8.16,Aug 12/a,11.83,602590000.0,HIGH,42.95,3.06,0.96,47.61,0.5277,True,21.46,True,53.48,7.601,5.463,-8.0716,-3.88,1.408,6.0,35.81,31.0,103.38,8.42,17039762.0,>40% above 50-day SMA; >20% above 20-day SMA,,40.5,,,,,,,,,,
GBDC,Golub Capital BDC Inc,Financial,Asset Management,19.18,9.74,-35.14,-19.23,-28.190000000000005,,5.37,-2.5,1.63,0.45,-13.5,1.29,1180000.0,0.01,12.46,Aug 03/a,13.62,3240000000.0,HIGH,-4.37,-0.72,1.05,0.29,0.0752,False,-1.94,False,-3.49,1.743,1.204,-1.1106,-7.43,0.987,31.0,-4.81,38.0,-4.74,12.46,16898813.0,shrinking revenue,,9.3,,,,,,,,,,
GCTS,GCT Semiconductor Holding Inc,Technology,Semiconductors,,,5.73,-17.85,0.0,12.3,13.8,-15.229999999999999,93.75,1.8,-44.78,1.0,2029999.9999999998,0.36,2.17,Aug 10/a,3.2,199570000.0,HIGH,19.89,1.83,0.62,24.55,0.3665,True,14.65,True,11.0,5.621,4.709,-2.9039,-25.17,0.763,2.0,3.24,33.0,9.31,2.23,2955159.0,shrinking revenue,,43.5,,,,,,,,,,
GDRX,GoodRx Holdings Inc,Healthcare,Health Information Services,70.7,9.4,-31.94,-1.31,-1.08,0.27,5.36,16.84,71.65,1.69,-42.68,2.73,1320000.0,0.01,3.33,Aug 05/a,3.95,1140000000.0,HIGH,-5.1,-1.18,0.52,-0.44,0.0855,False,-2.36,False,-1.46,3.316,3.284,-2.1951,-13.88,0.529,33.0,-8.47,36.0,2.45,3.35,3341111.0,shrinking revenue,,17.9,,,,,,,,,,
GEMI,Gemini Space Station Inc,Financial,Capital Markets,,,21.93,-47.66,-0.03,6.619999999999999,27.82,28.37,32.12,2.59,-79.7,2.78,2300000.0,0.06,5.43,Aug 13/a,5.19,704010000.0,HIGH,28.84,-7.51,0.86,33.5,0.5287,True,14.12,True,24.13,8.92,7.762,-9.0529,-10.65,1.243,6.0,25.06,30.0,41.33,5.54,15088995.0,shrinking revenue,,-6.3,,,,,,,,,,
GIII,G-III Apparel Group Ltd,Consumer Cyclical,Apparel Manufacturing,8.94,11.33,84.28,-9.65,0.56,3.11,21.96,-20.38,0.86,1.26,-27.750000000000004,1.67,619620.0,0.0,27.12,Sep 02/b,37.33,1160000000.0,HIGH,-18.95,-1.95,0.47,-14.29,0.2692,False,-4.57,False,-16.09,2.831,1.807,-3.041,-27.76,1.024,44.0,-22.4,17.0,-4.74,27.12,26608809.0,shrinking revenue,,37.6,,,,,,,,,,
GLAS,Glass House Brands Inc,Healthcare,Drug Manufacturers - Specialty & Generic,,31.75,-276.47,-21.46,-0.04,24.81,0.3,-44.25,-12.689999999999998,0.73,-50.61,1.0,544930.0,0.08,6.88,Aug 13/a,16.0,532720000.0,HIGH,-31.17,-14.36,2.04,-26.51,0.3128,False,-16.88,False,-26.47,6.349,7.206,-3.4634,-46.46,2.307,22.0,-32.87,30.0,-27.74,6.8,7163388.0,shrinking revenue,,135.3,,,,,,,,,,
GLND,Greenland Energy Co,Energy,Oil & Gas E&P,,,-601.95,,1.05,39.58,4.49,117.47000000000001,-37.75,-4.15,-77.78,1.0,10500000.0,4.42,5.11,-,6.0,223490000.0,HIGH,295.71,92.36,3.89,300.37,2.7714,True,189.22,True,196.99,11.475,33.574,-36.2555,-17.19,8.734,3.0,120.72,,,5.54,120124069.0,>40% above 50-day SMA; >20% above 20-day SMA; fresh >10% breakout,,8.3,,,,,,,,,,
GLOO,Gloo Holdings Inc,Technology,Software - Application,,,54.02,187.97,3.4300000000000006,4.03,1.15,5.54,-3.64,,-52.31,1.0,608880.0,0.44,4.76,Sep 09/a,11.17,435680000.0,HIGH,39.88,-1.24,1.05,44.54,0.8309,True,25.16,True,35.31,10.207,4.591,-7.7762,-14.52,2.717,8.0,45.43,12.0,58.74,4.77,5768684.0,>20% above 20-day SMA,,134.2,,,,,,,,,,
GLUE,Monte Rosa Therapeutics Inc,Healthcare,Biotechnology,,,-185.83,-61.33,-0.55,5.83,32.02,-50.0,-22.3,1.36,-53.63,1.0,1390000.0,0.0,11.95,Aug 06/b,28.5,1020000000.0,HIGH,-12.03,-4.0,0.69,-7.37,0.2962,False,-11.34,False,-26.62,5.557,2.336,-3.1383,-53.33,0.85,50.0,-49.18,36.0,-24.6,11.77,15472858.0,shrinking revenue,,142.1,,,,,,,,,,
GNL,Global Net Lease Inc,Real Estate,REIT - Diversified,,,87.22,-9.95,0.0,2.86,6.07,-4.7,-7.090000000000001,1.01,-15.1,1.89,2530000.0,0.06,8.52,Aug 05/a,10.25,1970000000.0,HIGH,-6.66,-2.17,1.51,-2.0,0.0915,False,-4.5,False,-4.66,1.395,2.222,-0.4887,-10.28,0.958,51.0,-4.04,36.0,-0.81,8.55,20365804.0,shrinking revenue,,19.9,,,,,,,,,,
GNTX,Gentex Corp,Consumer Cyclical,Auto Parts,11.89,10.12,25.53,-1.0,-3.5000000000000004,3.58,8.16,-10.86,3.1300000000000003,0.85,-22.79,2.27,2480000.0,0.0,22.4,Jul 24/b,25.36,4720000000.0,HIGH,-0.4,2.03,0.89,4.26,0.0529,True,0.32,False,-2.81,1.851,2.524,-1.288,-9.39,0.795,,,45.0,-1.4,22.58,50788628.0,shrinking revenue,,12.3,,,,,,,,,,
GOGO,Gogo Inc,Communication Services,Telecom Services,,6.57,-115.72,-1.43,0.0,-1.95,17.84,-25.569999999999997,-46.64,1.21,-76.84,2.0,1800000.0,0.01,2.3,Aug 06/b,10.0,311670000.0,HIGH,-15.44,-8.37,0.76,-10.78,0.2304,False,-9.75,False,-24.71,5.466,3.913,-3.6537,-51.22,0.764,41.0,-40.72,36.0,-36.81,2.3,4798519.0,shrinking revenue,,334.8,,,,,,,,,,
GPK,Graphic Packaging Holding Co,Consumer Cyclical,Packaging & Containers,14.38,8.55,-76.54,-0.73,0.69,2.8,8.02,-11.92,1.63,0.65,-52.410000000000004,3.0,5190000.0,0.0,9.38,Aug 04/b,12.4,2780000000.0,HIGH,-18.86,1.41,0.64,-14.2,0.2872,False,-5.82,False,-13.34,4.371,2.132,-2.5653,-23.43,1.289,35.0,-20.98,38.0,-17.36,9.38,64629410.0,shrinking revenue,,32.2,,,,,,,,,,
GPRE,Green Plains Inc,Basic Materials,Chemicals,9.98,8.9,175.96,-15.24,0.0,6.08,17.61,0.98,-8.88,1.16,-21.66,2.0,1480000.0,0.01,15.39,Aug 06/b,19.0,1080000000.0,HIGH,1.77,0.47,0.86,6.43,0.0881,False,-0.83,False,-5.09,3.71,3.217,-2.0594,-24.07,0.764,50.0,-13.31,36.0,-1.84,14.92,26053191.0,shrinking revenue,,27.3,,,,,,,,,,
GPRO,GoPro Inc,Technology,Consumer Electronics,,,-186.44,-31.259999999999998,-0.25,21.19,25.32,66.15,98.47,2.49,-53.47,5.0,33580000.0,0.08,1.27,Aug 10/a,0.5,237700000.0,HIGH,115.0,-0.77,0.1,119.66,0.7209,False,-1.36,True,39.59,9.203,4.806,-17.4091,-37.07,0.307,15.0,-7.19,33.0,108.06,1.29,129426592.0,shrinking revenue,,-61.2,,,,,,,,,,
GRML,Greenland Mines Ltd,Basic Materials,Other Precious Metals & Mining,,,75.84,,190.65,3.61,17.72,7.290000000000001,-5.69,2.37,-62.4,1.0,7260000.0,1.45,13.91,-,110.0,44230000.0,HIGH,200.41,55.63,1.01,205.07,2.7028,True,137.4,True,78.53,17.663,20.191,-53.8973,-19.49,9.45,2.0,31.01,,,14.66,254713701.0,>40% above 50-day SMA; >20% above 20-day SMA; fresh >10% breakout,,650.3,,,,,,,,,,
GRPN,Groupon Inc,Communication Services,Internet Content & Information,,24.42,-109.93000000000002,-0.8199999999999998,0.0,-2.75,39.89,-11.02,100.57000000000001,0.19,-29.76,2.75,1430000.0,0.0,21.0,Aug 06/a,30.67,853970000.0,HIGH,9.06,-3.4,0.58,13.72,0.225,True,9.62,False,-3.95,5.154,3.897,-4.4159,-28.76,1.071,5.0,11.64,35.0,-14.9,21.3,23131616.0,shrinking revenue,,44.0,,,,,,,,,,
GT,Goodyear Tire & Rubber Co,Consumer Cyclical,Auto Parts,,20.95,-180.59,-4.82,0.0,-0.4099999999999999,17.72,-22.59,-20.19,1.2,-51.6,2.25,10060000.0,0.01,5.14,Aug 05/a,7.8,1480000000.0,HIGH,-19.21,2.19,0.58,-14.55,0.3357,False,-8.12,False,-17.3,4.971,2.144,-3.5363,-32.14,1.11,47.0,-29.63,36.0,-24.11,5.13,53562373.0,shrinking revenue,,52.0,,,,,,,,,,
HBNC,Horizon Bancorp Inc (IN),Financial,Banks - Regional,,8.61,3.56,-1.9799999999999998,-0.59,0.6,4.03,-4.98,17.99,0.83,-8.37,1.4,622250.0,0.0,19.28,Jul 22/a,22.9,989920000.0,HIGH,-1.43,-0.46,1.33,3.23,0.0499,False,-1.24,False,-3.37,1.819,1.349,-0.8891,-8.37,0.953,39.0,-5.72,46.0,-3.84,19.28,10158121.0,shrinking revenue,,18.8,,,,,,,,,,
HCAT,Health Catalyst Inc,Healthcare,Health Information Services,,215.35,6.88,-12.68,0.36,-7.7,3.44,-8.42,58.18,1.55,-51.86999999999999,2.6,875730.0,0.0,1.74,Aug 06/a,1.77,130949999.99999999,HIGH,9.43,-3.87,0.26,14.09,0.152,True,0.43,False,-5.75,5.891,2.011,-3.5061,-27.5,0.499,4.0,-3.87,35.0,0.58,1.74,796410.0,shrinking revenue,,1.7,,,,,,,,,,
HLIT,Harmonic Inc,Technology,Communication Equipment,,13.39,-183.79,-3.3099999999999996,-1.77,0.79,5.89,-31.47,15.14,1.32,-38.91,2.29,1670000.0,0.0,10.8,Aug 12/a,16.14,1180000000.0,HIGH,-8.4,-2.74,0.68,-3.74,0.1334,False,-4.25,False,-6.91,4.21,1.998,-2.3519,-30.32,0.719,31.0,-8.25,31.0,-8.25,11.01,16598593.0,shrinking revenue,,46.6,,,,,,,,,,
HNST,Honest Company Inc,Consumer Defensive,Household & Personal Products,,46.66,178.76,-10.87,-2.98,3.01,11.75,42.75,80.91,2.31,-13.309999999999999,2.14,2180000.0,0.03,5.21,Aug 05/a,5.2,558970000.0,HIGH,-6.7,-0.75,0.67,-2.04,0.1582,False,-3.74,True,7.55,4.206,2.363,-2.2981,-11.98,0.695,16.0,-7.52,36.0,37.4,5.29,11198629.0,shrinking revenue,,-1.7,,,,,,,,,,
HOG,Harley-Davidson Inc,Consumer Cyclical,Recreational Vehicles,15.77,13.15,-16.48,-5.86,4.27,0.98,18.0,5.24,30.97,1.31,-12.73,2.7,2340000.0,0.0,25.5,Jul 23/b,28.3,2650000000.0,HIGH,-9.43,-2.9,1.34,-4.77,0.1298,False,-5.55,False,-4.96,3.57,2.161,-1.8527,-11.82,0.876,15.0,-8.02,46.0,-4.03,25.45,45809479.0,shrinking revenue,,11.2,,,,,,,,,,
HP,Helmerich & Payne Inc,Energy,Oil & Gas Drilling,,27.0,145.34,-0.58,-3.5699999999999994,-1.34,7.61,16.28,7.28,0.68,-19.49,2.71,1270000.0,0.0,38.78,Aug 05/a,44.8,3880000000.0,HIGH,-9.35,-4.27,0.85,-4.69,0.2255,False,-9.67,False,-4.06,3.845,3.863,-2.6484,-19.93,0.752,18.0,-11.5,36.0,15.9,38.57,53525673.0,shrinking revenue,,16.2,,,,,,,,,,
HTLD,Heartland Express Inc,Industrials,Trucking,,21.84,198.35,-12.48,-0.1,1.5,7.5,-26.91,10.57,1.34,-32.07,3.5,732940.0,0.0,11.3,Jul 30/b,13.2,873860000.0,HIGH,-7.22,-2.92,0.7,-2.56,0.1187,False,-6.18,False,-10.69,3.319,2.212,-1.8849,-27.1,1.022,,,41.0,-11.23,11.3,9259954.0,shrinking revenue,,16.8,,,,,,,,,,
HUBG,Hub Group Inc,Industrials,Integrated Freight & Logistics,17.44,17.22,22.21,-5.31,0.0,0.28,6.11,-31.11,-14.360000000000001,1.22,-43.11,3.17,1120000.0,0.0,30.3,Jul 30,34.2,1850000000.0,HIGH,-23.4,-4.23,1.06,-18.74,0.3275,False,-12.45,False,-25.37,5.205,2.373,-2.3042,-41.22,0.841,52.0,-35.83,,,30.34,46110232.0,shrinking revenue,,12.7,,,,,,,,,,
HUCK,Huckleberry.ai Inc,Technology,Software - Application,,62.27,62.94,-3.6799999999999997,-8.5,-10.19,18.61,17.54,8.06,1.81,-80.31,3.0,1840000.0,0.02,3.35,Sep 03/a,4.84,157570000.0,HIGH,-12.69,-9.41,0.81,-8.03,0.1643,False,-10.05,False,-10.13,4.729,6.172,-1.9985,-24.1,0.901,10.0,-12.01,15.0,-11.08,3.37,5337500.0,shrinking revenue,,43.6,,,,,,,,,,
HZO,Marinemax Inc,Consumer Cyclical,Specialty Retail,362.47,33.23,127.37,-6.98,0.0,-1.37,11.91,41.77,102.95,1.71,-0.42,2.56,662500.0,0.02,52.34,Jul 23/b,45.0,1160000000.0,HIGH,0.5,0.06,0.71,5.16,0.0107,True,0.3,True,12.35,0.264,0.114,-0.1939,-0.23,0.797,6.0,0.23,46.0,59.3,52.44,43160154.0,deal-pinned; shrinking revenue,,-14.2,,,,,,,,,,
IAUX,i-80 Gold Corp,Basic Materials,Gold,,,-22.74,-12.53,1.33,-4.17,11.55,15.97,16.78,1.23,-25.45,1.0,9950000.0,0.05,1.67,Aug 10/a,3.12,1450000000.0,HIGH,-5.95,0.0,0.51,-1.29,0.1222,False,-0.91,True,6.49,4.741,4.598,-3.6011,-10.31,0.862,26.0,0.58,33.0,4.82,1.74,14848175.0,shrinking revenue,,79.3,,,,,,,,,,
IBIO,iBio Inc,Healthcare,Biotechnology,,,39.47,-100.0,0.0,16.62,8.87,-32.83,-33.98,1.25,-69.58,1.11,808430.0,0.16,1.16,Aug 28/b,5.69,70720000.0,HIGH,-12.5,-5.56,0.94,-7.84,0.1639,False,-5.33,False,-12.19,5.462,7.563,-3.2894,-32.77,1.138,27.0,-17.93,20.0,-12.5,1.19,830122.0,shrinking revenue,,378.2,,,,,,,,,,
IE,Ivanhoe Electric Inc,Basic Materials,Copper,,,13.449999999999998,-32.21,0.0,1.72,9.3,7.99,-6.909999999999999,1.27,-53.05,1.14,2160000.0,0.17,10.12,Aug 07/b,21.11,1610000000.0,HIGH,-5.63,7.21,0.91,-0.97,0.2473,True,3.89,True,4.02,6.991,6.439,-5.2292,-15.59,1.004,23.0,-6.22,35.0,-1.31,10.56,22751090.0,shrinking revenue,,99.9,,,,,,,,,,
IMNM,Immunome Inc,Healthcare,Biotechnology,,,-29.43,-100.0,-6.54,-0.65,15.77,2.47,9.94,2.53,-28.28,1.07,1300000.0,0.01,21.56,Aug 11/a,36.0,2450000000.0,HIGH,-22.34,-14.6,1.89,-17.68,0.2829,False,-15.13,False,-15.58,5.82,7.006,-2.9708,-28.78,1.668,27.0,-22.31,32.0,-18.44,21.41,31387120.0,shrinking revenue,,68.1,,,,,,,,,,
IMXI,International Money Express Inc,Technology,Software - Infrastructure,18.11,8.22,-62.66,-16.69,0.0,9.22,7.21,-23.3,-28.74,0.76,-29.460000000000004,3.0,572930.0,0.05,11.25,Aug 05,16.0,339930000.0,HIGH,-22.25,-8.31,2.63,-17.59,0.3905,False,-15.75,False,-14.95,4.623,6.4,-2.9918,-24.8,1.466,30.0,-3.85,,,11.25,7097882.0,shrinking revenue,,42.2,,,,,,,,,,
INDP,Indaptus Therapeutics Inc,Healthcare,Biotechnology,,,99.83,,0.0,257.29,16.78,24.7,114.38,1.04,-55.47,1.0,782600.0,0.03,3.82,Aug 13/b,10.0,586050000.0,HIGH,237.72,24.6,0.37,242.38,1.7433,True,46.96,True,95.81,16.659,13.896,-15.7235,-8.77,0.76,2.0,2.12,31.0,277.45,3.85,3936546.0,>40% above 50-day SMA; >20% above 20-day SMA,,159.7,,,,,,,,,,
INSP,Inspire Medical Systems Inc,Healthcare,Medical Devices,14.99,46.86,108.87,-7.6,-0.3,-4.66,14.41,53.56999999999999,37.64,0.74,-53.06999999999999,2.78,869980.0,0.0,69.0,Aug 03/a,62.8,1990000000.0,HIGH,14.75,-6.89,0.73,19.41,0.3092,True,2.88,True,15.03,5.548,4.043,-3.3395,-10.53,1.087,6.0,-3.08,38.0,35.01,70.5,58575097.0,shrinking revenue,,-10.9,,,,,,,,,,
IOND,Ionic Digital Inc,Financial,Capital Markets,,,,,0.0,2.06,1.94,,,,-9.46,1.0,895230.0,0.01,80.91,Sep 19/a,85.0,3640000000.0,HIGH,14.96,-4.55,0.67,19.62,0.2649,True,2.42,,,6.117,6.453,-3.2983,,,5.0,-3.26,5.0,-3.26,81.98,65477957.0,incomplete signals,,3.7,,,,,,,,,,
IOVA,Iovance Biotherapeutics Inc,Healthcare,Biotechnology,,,68.51,65.65,0.0,4.53,22.15,157.24,208.55,0.85,-2.7,1.5,16680000.0,0.04,10.83,Aug 06/b,10.7,4910000000.0,HIGH,37.33,7.95,0.92,41.99,0.4219,True,18.27,True,48.38,5.5,4.0,-3.3853,-1.17,0.845,2.0,7.95,36.0,153.46,11.0,130112149.0,>40% above 50-day SMA,,-2.7,,,,,,,,,,
IPDN,Professional Diversity Network Inc,Industrials,Staffing & Employment Services,,,33.14,-28.04,0.0,,10.68,-78.37,-87.99,1.58,-96.99,1.0,1030000.0,0.36,4.25,-,4.5,2830000.0,HIGH,3361.54,33.93,0.12,3366.2,4.362,True,150.56,True,393.85,23.54,53.111,-597.8496,-41.56,0.701,4.0,33.93,,,4.5,14806948.0,>40% above 50-day SMA; >20% above 20-day SMA; shrinking revenue,,0.0,,,,,,,,,,
IPW,iPower Inc,Consumer Cyclical,Internet Retail,,,-976.0600000000001,-78.89,54.120000000000005,0.67,5.69,-93.78,-98.77,2.91,-99.94,1.0,941830.0,0.02,1.23,-,5940.0,1440000.0,HIGH,-35.9,-17.76,0.02,-31.24,0.7669,False,-27.47,False,-62.86,32.046,8.64,-12.7196,-95.29,0.172,,,,,1.25,5566851.0,shrinking revenue,,475100.0,,,,,,,,,,
IRD,Opus Genetics Inc,Healthcare,Biotechnology,,,-18.7,-73.8,-9.84,16.57,18.85,15.02,7.359999999999999,0.65,-33.95,1.0,2340000.0,0.01,4.67,Aug 06/b,13.0,388520000.0,HIGH,29.0,-8.81,0.24,33.66,0.6064,False,-4.36,True,14.28,12.44,4.832,-8.9367,-32.67,0.71,13.0,9.68,36.0,27.96,4.76,28630580.0,shrinking revenue,,173.1,,,,,,,,,,
ISPC,iSpecimen Inc,Healthcare,Diagnostics & Research,,,94.17,-78.69,,375.01,8.76,-56.63,-79.3,1.64,-97.76,1.0,662040.0,0.05,1.21,-,2400.0,3040000.0,HIGH,-18.18,-4.55,0.37,-13.52,0.3463,False,-11.27,False,-30.1,10.176,9.524,-3.1827,-57.43,1.346,28.0,-41.4,,,1.26,2182415.0,shrinking revenue,,190376.2,,,,,,,,,,
ITGR,Integer Holdings Corp,Healthcare,Medical Devices,34.44,18.41,-33.29,-2.74,-14.859999999999998,4.63,7.61,34.56,45.5,0.58,-0.36,3.09,970490.0,0.0,126.34,Aug 03/b,120.6,4300000000.0,HIGH,0.81,-0.03,0.75,5.47,0.013,True,0.27,True,5.28,0.219,0.111,-0.2165,-0.36,0.583,15.0,0.67,39.0,4.23,126.34,94946677.0,deal-pinned; shrinking revenue,,-4.5,,,,,,,,,,
ITRI,Itron Inc,Technology,Scientific & Technical Instruments,14.97,12.91,-18.95,-7.23,-4.87,1.66,14.19,6.959999999999999,4.61,1.31,-36.94,1.5,758190.0,0.0,89.55,Jul 28/b,129.6,3920000000.0,HIGH,-7.98,-2.9,0.89,-3.32,0.102,False,-4.17,False,-6.38,2.595,4.936,-1.2775,-17.05,0.803,43.0,5.86,43.0,5.86,89.75,51920130.0,shrinking revenue,,44.4,,,,,,,,,,
JACK,Jack In The Box Inc,Consumer Cyclical,Restaurants,3.2,4.28,-10.09,-22.62,-0.95,7.44,36.7,-2.57,25.509999999999998,1.42,-43.61,2.47,903430.0,0.0,13.45,Aug 12/a,19.92,258060000.0,HIGH,-16.86,0.9,0.78,-12.2,0.3231,False,-7.05,False,-14.52,5.079,4.532,-3.2624,-41.61,0.682,32.0,-24.64,31.0,-28.25,13.46,7971497.0,shrinking revenue,,48.0,,,,,,,,,,
JAGX,Jaguar Health Inc,Healthcare,Biotechnology,,,95.63,-58.879999999999995,0.0,,4.53,-84.35,-96.14,-0.16,-99.46,1.0,1150000.0,3.53,6.95,Aug 19/b,3937.5,3610000.0,HIGH,-36.63,188.39,8.19,-31.97,3.3934,False,-6.33,False,-36.22,78.816,68.831,-269.5069,-82.89,9.769,4.0,188.39,27.0,-44.44,7.7,65911763.0,shrinking revenue,,51036.4,,,,,,,,,,
JELD,JELD-WEN Holding Inc,Industrials,Building Products & Equipment,,,-39.48,-0.72,-0.64,-12.55,9.46,30.43,57.89,2.22,-65.25,3.0,1740000.0,0.0,1.8,Aug 03/a,1.93,156170000.0,HIGH,-27.27,7.6,0.43,-22.61,0.463,False,-10.07,False,-0.07,8.226,7.065,-6.0599,-28.12,1.023,20.0,-15.6,38.0,27.78,1.84,3405141.0,shrinking revenue,,4.9,,,,,,,,,,
JUNS,Jupiter Neurosciences Inc,Healthcare,Biotechnology,,,19.9,,0.0,16.36,5.96,-82.98,-89.79,1.81,-98.06,1.0,973580.0,0.02,2.68,-,1875.0,3530000.0,HIGH,-36.12,-6.97,0.75,-31.46,0.4179,False,-15.24,False,-51.96,11.584,11.086,-6.4764,-85.1,0.098,,,,,2.67,260547.0,illiquid (<$500K/day),,70124.7,,,,,,,,,,
KBH,KB Home,Consumer Cyclical,Residential Construction,13.49,12.7,-34.81,-19.96,-10.29,2.66,14.59,-23.36,-5.7,1.33,-28.95,3.12,1230000.0,0.0,48.01,Sep 22/a,55.58,2920000000.0,HIGH,-12.49,0.31,0.89,-7.83,0.1807,False,-3.65,False,-10.62,3.6,1.916,-1.9588,-21.88,2.068,37.0,-17.3,3.0,1.82,48.01,83728073.0,shrinking revenue,,15.8,,,,,,,,,,
KD,Kyndryl Holdings Inc,Technology,Information Technology Services,32.34,4.66,-206.45,-3.34,0.0,4.57,14.65,3.39,-6.15,1.71,-62.57,3.38,4050000.0,0.01,11.6,Aug 05/b,14.2,2530000000.0,HIGH,-12.12,-4.92,1.1,-7.46,0.1851,False,-9.15,False,-10.24,5.016,3.405,-2.5515,-21.14,0.858,10.0,-11.79,37.0,-16.55,11.6,46136860.0,shrinking revenue,,22.4,,,,,,,,,,
KEEL,Keel Infrastructure Corp,Technology,Information Technology Services,,,-984.8499999999999,-60.370000000000005,6.2,28.1,18.27,-35.64,90.77,4.02,-49.53,1.15,36010000.0,0.23,3.72,Aug 10/b,6.42,2300000000.0,HIGH,18.01,-6.63,0.56,22.67,0.3759,True,6.29,True,2.88,7.346,7.105,-5.197,-30.4,0.782,6.0,5.26,34.0,11.76,3.8,120893573.0,shrinking revenue,,68.9,,,,,,,,,,
KIDZ,KIDZ AI Inc,Consumer Defensive,Education & Training Services,,,96.72,-33.6,-98.71,1.4,6.57,-77.34,-99.34,-0.72,-99.98,,1200000.0,0.09,2.44,-,,2100000.0,HIGH,-46.64,-18.83,0.14,-41.98,0.7111,False,-26.37,False,-50.98,13.897,6.4,-4.9769,-90.08,1.63,,,,,2.5,1838924.0,shrinking revenue,,,,,,,,,,,,
KLC,KinderCare Learning Companies Inc,Consumer Defensive,Education & Training Services,,9.91,-122.63999999999999,-0.37,0.0,1.55,11.47,-49.76,-1.8500000000000003,3.82,-70.14,3.5,797790.0,0.0,2.12,Aug 13/a,4.06,251260000.0,HIGH,-18.46,-7.42,0.98,-13.8,0.2715,False,-12.14,False,-40.19,5.323,3.774,-3.1016,-62.28,0.71,38.0,-60.81,30.0,-18.46,2.12,1484521.0,shrinking revenue,,91.5,,,,,,,,,,
KLTR,Kaltura Inc,Technology,Software - Application,,25.79,25.540000000000003,5.47,-1.59,6.03,2.32,3.9699999999999998,4.8,1.19,-36.1,1.0,557240.0,0.0,1.31,Aug 05/b,3.5,199840000.0,HIGH,-17.81,-2.59,0.61,-13.15,0.2424,False,-8.52,False,-12.3,3.743,2.281,-1.5455,-35.85,0.35,37.0,-6.07,37.0,-6.07,1.32,321898.0,illiquid (<$500K/day),,165.2,,,,,,,,,,
KMPR,Kemper Corp,Financial,Insurance - Property & Casualty,,6.1,-802.6099999999999,-9.18,1.54,1.77,9.03,-5.56,-18.77,1.05,-51.54,3.0,1010000.0,0.0,25.32,Aug 05/a,36.33,1490000000.0,HIGH,-9.34,-4.63,0.72,-4.68,0.144,False,-6.65,False,-8.54,3.907,1.738,-1.8806,-18.85,0.933,43.0,-14.05,36.0,-13.5,25.32,24459863.0,shrinking revenue,,43.5,,,,,,,,,,
KPTI,Karyopharm Therapeutics Inc,Healthcare,Biotechnology,,,46.41,-11.86,-0.1,14.150000000000002,42.86,-82.65,-68.07,1.0,-84.08,1.33,1590000.0,0.0,1.75,Aug 13/b,8.8,39690000.0,HIGH,-13.37,-12.9,1.02,-8.71,0.2804,False,-7.59,False,-45.55,9.854,12.654,-5.1044,-85.08,0.609,,,31.0,-18.59,1.62,2507638.0,shrinking revenue,,443.2,,,,,,,,,,
KRC,Kilroy Realty Corp,Real Estate,REIT - Office,24.1,74.74,-70.55,-6.04,-4.74,-8.12,9.36,-10.02,18.4,1.18,-21.5,2.71,1300000.0,0.0,34.23,Oct 22/a,39.38,4019999999.9999995,HIGH,-5.47,-1.04,0.75,-0.81,0.1158,False,-2.84,False,-7.07,2.26,2.045,-1.1192,-16.21,0.906,53.0,-12.14,,,34.23,49537901.0,shrinking revenue,,15.0,,,,,,,,,,
KREF,KKR Real Estate Finance Trust Inc,Real Estate,REIT - Mortgage,,,-269.84,-23.18,0.65,7.75,12.99,-10.06,4.1,0.91,-32.66,2.33,963290.0,0.0,6.35,Jul 21/a,8.8,374720000.0,HIGH,-16.34,-6.07,2.49,-11.68,0.2743,False,-10.18,False,-12.78,3.785,3.78,-2.4273,-19.72,1.439,31.0,-17.1,47.0,-14.3,6.35,5551186.0,shrinking revenue,,38.6,,,,,,,,,,
KRG,Kite Realty Group Trust,Real Estate,REIT - Retail,15.84,64.14,2290.96,-8.1,-0.21,-3.05,7.05,-15.22,2.1,0.86,-17.18,2.64,2500000.0,0.0,24.78,Jul 30/b,30.75,4960000000.0,HIGH,-4.69,-1.67,1.02,-0.03,0.0788,False,-3.38,False,-7.51,1.582,1.816,-0.6606,-17.18,0.855,51.0,-13.2,41.0,-14.11,24.78,55410080.0,shrinking revenue,,24.1,,,,,,,,,,
KSS,Kohl's Corp,Consumer Cyclical,Department Stores,7.7,11.02,-4.65,-0.8699999999999999,-0.78,-2.03,30.83,-4.26,41.76,1.36,-29.960000000000004,3.29,4019999.9999999995,0.0,17.66,Aug 26/b,16.83,2000000000.0,HIGH,2.29,2.7,1.03,6.95,0.2139,True,1.59,False,-1.97,5.092,4.246,-3.9272,-12.9,1.014,39.0,-6.48,22.0,1.24,17.9,71266288.0,shrinking revenue,,-6.0,,,,,,,,,,
KTB,Kontoor Brands Inc,Consumer Cyclical,Apparel Manufacturing,13.66,9.93,-11.52,-11.56,-16.7,6.480000000000001,11.45,-20.27,-1.6,0.88,-26.52,1.91,778810.0,0.0,65.37,Aug 12/b,97.5,3570000000.0,HIGH,-15.09,-1.57,0.7,-10.43,0.2265,False,-5.39,False,-15.12,3.631,2.685,-2.2209,-26.52,0.837,,,32.0,-12.79,65.37,55099767.0,shrinking revenue,,49.2,,,,,,,,,,
KULR,KULR Technology Group Inc,Technology,Electronic Components,,,-319.07,-47.64,0.0,-0.07,15.35,-39.35,8.04,2.33,-59.660000000000004,1.0,1120000.0,0.02,2.42,Aug 13/a,7.0,111990000.0,HIGH,-5.43,0.83,0.74,-0.77,0.1384,True,0.29,False,-6.02,4.596,4.098,-2.7775,-42.45,0.743,32.0,-12.86,30.0,-7.58,2.44,1525943.0,shrinking revenue,,186.9,,,,,,,,,,
LCTX,Lineage Cell Therapeutics Inc,Healthcare,Biotechnology,,,77.21,-61.34,0.0,2.35,15.5,-23.7,-30.870000000000005,1.59,-50.72,1.43,1420000.0,0.04,1.03,Aug 06/a,5.5,260490000.0,HIGH,-7.21,1.98,1.83,-2.55,0.1758,False,-1.81,False,-4.45,6.241,9.709,-3.6763,-25.36,1.628,21.0,-8.04,35.0,-6.36,1.03,1400645.0,shrinking revenue,,434.0,,,,,,,,,,
LFMD,LifeMD Inc,Healthcare,Health Information Services,,,-156.23,-24.01,0.0,11.55,18.88,-28.809999999999995,-19.62,1.98,-59.150000000000006,1.0,915490.0,0.02,2.99,Aug 05/a,8.12,144120000.0,HIGH,-5.41,-8.05,0.9,-0.75,0.1783,False,-5.1,False,-12.67,6.229,3.704,-4.126,-41.76,0.788,,,36.0,-12.65,2.97,2685858.0,shrinking revenue,,173.4,,,,,,,,,,
LIMN,Liminatus Pharma Inc,Healthcare,Biotechnology,,,-698.35,,0.0,-7.200000000000001,7.54,-21.86,-55.2,0.75,-97.03,,674040.0,0.01,4.2,-,,5630000.0,HIGH,-0.83,15.25,0.62,3.83,0.3018,True,12.57,False,-13.43,6.172,5.936,-4.7977,-59.47,0.105,31.0,-23.03,,,4.2,108382.0,illiquid (<$500K/day),,,,,,,,,,,,
LODE,Comstock Inc,Basic Materials,Other Precious Metals & Mining,,,-25.85,-19.65,,13.419999999999998,10.22,-37.44,-12.869999999999997,1.45,-46.99,1.0,1350000.0,0.03,2.64,Jul 23/b,7.0,200620000.0,HIGH,-24.71,-2.29,0.83,-20.05,0.4207,False,-11.19,False,-19.29,7.338,5.469,-2.9535,-42.34,1.058,23.0,-27.48,46.0,-34.02,2.56,3535456.0,shrinking revenue,,173.4,,,,,,,,,,
LPX,Louisiana-Pacific Corp,Industrials,Building Products & Equipment,86.47,21.33,-51.849999999999994,-12.05,-0.11,2.34,11.92,-19.03,-7.960000000000001,1.61,-33.53,1.53,1150000.0,0.0,66.7,Aug 05/b,92.07,4660000000.0,HIGH,-6.4,2.54,0.56,-1.74,0.1029,False,-0.78,False,-6.2,3.201,2.639,-1.8245,-18.14,0.938,35.0,-12.13,37.0,-13.16,66.7,74255040.0,shrinking revenue,,38.0,,,,,,,,,,
LRN,Stride Inc,Consumer Defensive,Education & Training Services,10.82,9.83,70.14,-2.69,0.0,-1.97,19.96,-9.67,-8.89,0.13,-49.7,1.83,860440.0,0.0,78.0,Aug 04/a,118.2,3240000000.0,HIGH,-9.53,-1.18,0.67,-4.87,0.1413,False,-4.61,False,-6.03,2.898,3.679,-1.4691,-20.11,0.829,18.0,-9.38,37.0,-2.35,78.56,59595575.0,shrinking revenue,,50.5,,,,,,,,,,
LTRX,Lantronix Inc,Technology,Communication Equipment,,22.39,90.52,8.03,0.74,38.9,5.61,25.840000000000003,31.91,1.66,-18.74,1.0,1130000.0,0.03,7.11,Aug 26/a,10.79,333310000.0,HIGH,30.73,13.59,0.97,35.39,0.4177,True,25.28,True,23.02,5.149,7.55,-4.2318,-1.68,1.055,5.0,20.0,21.0,24.03,7.02,7432749.0,>20% above 20-day SMA,,53.7,,,,,,,,,,
LUNG,Pulmonx Corp,Healthcare,Medical Devices,,,36.74,-4.62,-3.6699999999999995,-12.64,2.21,52.800000000000004,54.03,0.32,-33.91,1.8,548220.0,0.0,1.91,Jul 29/a,3.4,82030000.0,HIGH,-19.75,-4.02,1.0,-15.09,0.3296,False,-7.39,False,-3.1,6.814,4.712,-3.7147,-26.25,0.432,23.0,-16.23,41.0,52.8,1.91,633634.0,shrinking revenue,,78.0,,,,,,,,,,
LXP,LXP Industrial Trust,Real Estate,REIT - Industrial,61.32,138.71,-105.98,0.45000000000000007,0.0,-4.9,2.75,9.99,31.81,1.04,-1.33,2.43,787370.0,0.0,60.79,Jul 29/b,61.0,3580000000.0,HIGH,0.31,0.03,1.28,4.97,0.0042,True,0.11,True,0.23,0.194,0.23,-0.1561,-1.18,0.944,26.0,0.08,42.0,0.35,60.88,52870254.0,deal-pinned,,0.2,,,,,,,,,,
LXRX,Lexicon Pharmaceuticals Inc,Healthcare,Biotechnology,,,-915.7299999999999,-97.6,0.0,5.16,13.15,-29.549999999999997,12.73,1.06,-30.599999999999998,1.8,3470000.0,0.04,1.86,Aug 06/b,3.86,827620000.0,HIGH,-21.4,-11.76,0.99,-16.74,0.2632,False,-14.1,False,-19.84,6.429,8.889,-3.4593,-28.57,1.26,38.0,-22.75,36.0,-23.73,1.8,6344745.0,shrinking revenue,,114.4,,,,,,,,,,
LZB,La-Z-Boy Inc,Consumer Cyclical,"Furnishings, Fixtures & Appliances",15.13,10.62,-113.04,-3.36,-7.68,-0.88,5.0,-27.029999999999998,-8.4,1.24,-33.45,2.33,653620.0,0.0,29.88,Aug 18/a,41.0,1200000000.0,HIGH,-8.26,0.61,0.78,-3.6,0.1261,False,-3.26,False,-16.26,2.787,2.242,-1.7385,-29.61,1.208,35.0,-26.48,27.0,-11.88,29.88,25608701.0,shrinking revenue,,37.2,,,,,,,,,,
MARA,MARA Holdings Inc,Financial,Capital Markets,,,-186.86,-26.669999999999998,-3.9800000000000004,8.1,27.68,-11.48,54.86,5.36,-47.04,2.06,48270000.0,0.08,12.42,Aug 06/a,18.31,4800000000.0,HIGH,17.62,-5.5,0.8,22.28,0.3457,True,6.09,True,11.17,6.921,6.932,-5.5598,-12.91,0.859,6.0,7.82,35.0,24.38,12.55,550165627.0,shrinking revenue,,45.9,,,,,,,,,,
MATW,Matthews International Corp,Industrials,Conglomerates,,24.19,-253.9,-29.580000000000002,0.52,-4.51,20.44,-30.459999999999997,-25.009999999999998,1.04,-38.73,1.67,724590.0,0.0,18.95,Aug 06/a,31.33,591490000.0,HIGH,-9.46,-4.2,1.0,-4.8,0.1146,False,-6.22,False,-18.06,3.294,1.794,-1.5993,-34.97,1.235,44.0,-31.56,35.0,-20.04,18.95,23445944.0,shrinking revenue,,65.3,,,,,,,,,,
MDXG,Mimedx Group Inc,Healthcare,Biotechnology,118.53,34.85,-255.9,-34.73,0.0,-0.8100000000000002,9.41,18.83,18.53,1.18,-41.41,1.0,1300000.0,0.0,4.67,Jul 29/a,7.4,680700000.0,HIGH,3.78,-2.91,1.25,8.44,0.1036,True,0.35,True,5.43,4.023,6.638,-1.6959,-6.41,0.852,6.0,-0.43,41.0,10.4,4.67,5455431.0,shrinking revenue,,58.5,,,,,,,,,,
MEDS,DataMEDS AI Inc,Healthcare,Medical Distribution,,,-34.99,-77.15,0.0,4.0,27.96,37.2,-20.4,-2.42,-94.49,,4680000.0,51.03,4.02,Aug 17/b,,12760000.0,HIGH,223.62,-25.6,0.03,228.28,3.0091,True,37.66,True,37.17,53.266,13.987,-65.3406,-74.74,0.195,9.0,259.54,29.0,110.14,3.11,68827709.0,>20% above 20-day SMA; shrinking revenue,,,,,,,,,,,,
METC,Ramaco Resources Inc,Basic Materials,Coking Coal,,,8.51,-5.33,-13.320000000000002,-7.13,31.94,-28.23,-41.52,1.63,-84.26,1.67,2029999.9999999998,0.09,9.1,Aug 04/a,19.89,527010000.0,HIGH,-32.18,-3.74,0.71,-27.52,0.6742,False,-19.73,False,-18.71,7.357,4.545,-5.016,-40.62,0.92,17.0,-35.62,37.0,-2.38,9.02,25647073.0,shrinking revenue,,120.5,,,,,,,,,,
MIDD,Middleby Corp,Industrials,Specialty Industrial Machinery,,13.71,-39.36,-10.46,0.0,-2.78,4.38,-23.47,2.94,1.32,-28.300000000000004,1.5,630590.0,0.0,106.51,Aug 11/b,155.89,4820000000.0,HIGH,-4.51,-3.23,0.67,0.15,0.0813,False,-2.49,False,-9.96,2.965,2.582,-1.4951,-27.53,0.884,,,33.0,-10.28,107.66,66349310.0,shrinking revenue,,44.8,,,,,,,,,,
MLKN,MillerKnoll Inc,Consumer Cyclical,"Furnishings, Fixtures & Appliances",14.22,8.83,30.11,-3.38,0.0,-0.55,5.74,0.5,33.47,1.34,-18.82,2.0,725280.0,0.0,20.06,Sep 22/b,33.0,1380000000.0,HIGH,-13.27,-1.28,0.99,-8.61,0.189,False,-6.01,False,-10.43,4.54,3.689,-1.7718,-18.82,1.668,35.0,-15.29,4.0,-1.13,20.06,16118052.0,shrinking revenue,,64.5,,,,,,,,,,
MMS,Maximus Inc,Industrials,Specialty Business Services,7.77,6.29,4.98,-5.15,0.0,-0.9199999999999999,6.44,-3.52,-20.32,0.58,-47.39,1.33,664290.0,0.0,52.61,Aug 06/b,92.5,2750000000.0,HIGH,-11.95,-6.0,0.76,-7.29,0.1373,False,-7.11,False,-8.99,3.104,3.193,-1.6964,-17.55,0.993,38.0,-15.43,36.0,-9.81,52.61,37431189.0,shrinking revenue,,75.8,,,,,,,,,,
MNRO,Monro Inc,Consumer Cyclical,Auto Parts,68.39,34.7,70.53,-4.62,0.0,-5.09,31.05,-18.99,-11.18,1.09,-42.53,2.2,1030000.0,0.0,13.74,Jul 29/b,22.0,429570000.0,HIGH,6.02,6.51,0.77,10.68,0.2026,True,6.76,True,3.21,4.668,3.421,-3.9274,-24.09,0.944,4.0,6.51,42.0,3.62,13.74,12634382.0,shrinking revenue,,60.1,,,,,,,,,,
MRTN,Marten Transport Ltd,Industrials,Trucking,83.03,19.8,-25.85,-2.77,0.0,6.04,6.18,-26.33,0.08,1.0,-30.36,2.67,680340.0,0.0,12.87,Jul 23/a,17.5,1050000000.0,HIGH,-10.38,-2.65,1.33,-5.72,0.1407,False,-6.5,False,-12.55,2.642,3.263,-1.4409,-28.58,1.099,51.0,-25.04,45.0,-21.04,12.87,10095348.0,shrinking revenue,,36.0,,,,,,,,,,
MSS,Maison Solutions Inc,Consumer Defensive,Grocery Stores,,1.31,-455.41999999999996,-13.48,-22.47,42.58,8.17,-48.55,-77.08,4.11,-99.15,1.0,4280000.0,0.23,1.68,Jul 01,162.5,1470000.0,HIGH,1.25,1.89,0.07,5.91,0.374,True,0.37,False,-2.32,15.895,10.494,-10.1067,-61.38,3.746,3.0,3.85,,,1.62,10533020.0,shrinking revenue,,9930.9,,,,,,,,,,
MTH,Meritage Homes Corp,Consumer Cyclical,Residential Construction,13.46,11.03,-32.91,-13.77,-0.06,1.23,7.28,-23.6,7.35,1.33,-24.56,2.25,835880.0,0.0,64.41,Jul 29/a,80.38,4200000000.0,HIGH,-8.56,0.98,0.73,-3.9,0.1356,False,-0.88,False,-6.82,3.319,1.893,-2.2697,-21.5,1.069,,,41.0,-8.23,64.98,56164820.0,shrinking revenue,,23.7,,,,,,,,,,
MTN,Vail Resorts Inc,Consumer Cyclical,Resorts & Casinos,30.78,22.38,-16.37,-6.98,0.0,3.18,17.68,0.22,7.12,0.77,-17.04,2.67,709510.0,0.0,135.5,Sep 28/a,144.77,4830000000.0,HIGH,-4.1,-3.08,1.54,0.56,0.0925,False,-0.83,False,-5.66,3.347,3.167,-2.1532,-15.19,1.51,43.0,-8.21,,,136.11,122690872.0,shrinking revenue,,6.4,,,,,,,,,,
MXCT,MaxCyte Inc,Healthcare,Medical Devices,,,28.42,-14.529999999999998,0.0,-4.52,1.24,-5.65,63.23,1.48,-37.27,1.33,957500.0,0.0,1.17,Aug 12/a,4.1,120750000.0,HIGH,-4.1,-4.1,1.01,0.56,0.133,False,-3.88,False,-3.38,4.261,3.419,-2.7202,-24.03,0.503,31.0,-7.87,31.0,-7.87,1.17,501885.0,shrinking revenue,,250.4,,,,,,,,,,
MYGN,Myriad Genetics Inc,Healthcare,Diagnostics & Research,,,87.25,-10.51,-0.11,-6.06,10.55,-27.35,-0.7,1.68,-50.519999999999996,3.3,2029999.9999999998,0.0,4.25,Jul 30/a,3.37,406510000.0,HIGH,31.96,3.99,0.77,36.62,0.4453,True,15.4,True,9.14,6.389,4.317,-3.5068,-35.15,0.883,1.0,0.72,40.0,45.8,4.17,7926380.0,shrinking revenue,,-19.2,,,,,,,,,,
NAGE,Niagen Bioscience Inc,Consumer Defensive,Packaged Foods,16.2,19.68,-72.01,-4.28,0.0,-8.56,7.69,-7.580000000000001,-27.390000000000004,2.01,-69.68,1.0,608290.0,0.0,3.05,Aug 04/a,12.08,241310000.0,HIGH,-7.29,0.33,1.57,-2.63,0.1008,False,-0.72,False,-3.38,2.436,2.623,-1.8201,-16.21,0.796,39.0,-10.29,37.0,3.04,3.05,1209825.0,shrinking revenue,,296.1,,,,,,,,,,
NATL,NCR Atleos Corp,Technology,Software - Application,17.87,8.6,42.73,-0.09,0.0,4.86,6.07,6.59,5.98,0.56,-4.99,3.0,689080.0,0.0,46.08,Aug 05/b,50.2,3410000000.0,HIGH,-0.39,0.0,0.78,4.27,0.0244,True,0.14,False,-0.95,1.168,1.172,-0.7656,-4.4,0.621,48.0,-2.39,37.0,-1.56,46.08,30815576.0,shrinking revenue,,8.9,,,,,,,,,,
NAVI,Navient Corp,Financial,Credit Services,,9.44,89.9,-11.91,0.0,3.1300000000000003,13.02,4.83,10.81,1.17,-32.44,3.38,1190000.0,0.0,9.12,Aug 06/a,9.69,855310000.0,HIGH,-3.59,-4.7,0.68,1.07,0.0993,False,-3.87,False,-0.35,3.838,3.673,-2.246,-10.15,1.082,10.0,-3.18,35.0,0.44,9.12,14565396.0,shrinking revenue,REVIEW,6.2,,,,,,,,,,
NBP,NovaBridge Biosciences ADR,Healthcare,Biotechnology,,,-112.22000000000001,-100.0,0.4099999999999999,-5.45,3.82,-29.799999999999997,-45.28,1.58,-79.53,1.0,514480.0,0.0,1.39,Aug 20/b,9.0,161240000.0,HIGH,-25.0,-14.29,10.9,-20.34,0.3073,False,-16.62,False,-20.82,5.476,9.058,-2.7613,-39.21,4.361,25.0,-27.75,26.0,-27.75,1.38,904806.0,shrinking revenue,,552.2,,,,,,,,,,
NCPL,Netcapital Inc,Financial,Capital Markets,,,79.42,-38.21,0.0,9.81,5.27,130.83,280.14,1.7,-51.62,1.0,19330000.0,0.11,1.33,Mar 19/a,2.25,10440000.0,HIGH,96.53,34.65,0.46,101.19,1.6024,True,86.72,True,163.5,18.114,29.412,-19.0052,-16.56,1.563,3.0,40.21,,,1.36,25169913.0,>40% above 50-day SMA; >20% above 20-day SMA; fresh >10% breakout; shrinking revenue,,65.4,,,,,,,,,,
NEOG,Neogen Corp,Healthcare,Medical Devices,,33.56,98.16,-0.07,0.02,2.23,5.17,51.21,58.160000000000004,1.81,-3.51,1.8,2370000.0,0.01,13.76,Oct 06/a,13.33,3000000000.0,HIGH,18.01,1.1,1.64,22.67,0.2751,True,10.67,True,18.41,3.66,3.488,-1.7381,-3.51,1.742,9.0,15.15,,,13.76,40417060.0,shrinking revenue,,-3.1,,,,,,,,,,
NEOV,NeoVolta Inc,Industrials,Electrical Equipment & Parts,,8.36,-403.93,-99.72,1.21,13.669999999999998,10.08,-6.81,-41.21,-0.38,-69.28,1.5,1840000.0,0.14,2.19,Sep 23/a,9.75,129240000.00000001,HIGH,-34.43,-35.59,1.2,-29.77,0.5581,False,-36.95,False,-28.88,13.894,13.242,-9.5675,-49.66,1.435,19.0,-34.43,2.0,-8.56,2.19,7055255.0,shrinking revenue,,345.2,,,,,,,,,,
NKTR,Nektar Therapeutics,Healthcare,Biotechnology,,,58.379999999999995,-9.34,-2.91,31.3,17.35,-12.8,-16.95,-0.83,-47.69,1.33,1000000.0,0.02,57.02,Aug 13/a,141.4,1950000000.0,HIGH,-21.32,-14.63,2.1,-16.66,0.3347,False,-16.58,False,-19.49,6.23,6.905,-3.1305,-26.62,2.563,37.0,-21.58,30.0,-21.86,57.06,81811250.0,shrinking revenue,,147.8,,,,,,,,,,
NMFC,New Mountain Finance Corp,Financial,Asset Management,,6.65,152.77,-82.98,-0.52,,4.07,-2.65,-6.93,0.65,-29.24,3.14,527620.0,0.0,6.98,Aug 03/a,8.29,659280000.0,HIGH,-7.43,-1.83,0.76,-2.77,0.113,False,-3.74,False,-4.53,2.098,1.719,-1.2416,-11.42,0.9,31.0,-9.47,38.0,-3.46,6.98,3406623.0,shrinking revenue,,18.8,,,,,,,,,,
NN,NextNav Inc,Technology,Software - Infrastructure,,,50.1,-4.33,-0.28,7.99,16.61,-20.58,-20.76,1.15,-42.01,1.0,2590000.0,0.01,14.16,Aug 11/a,31.25,2390000000.0,HIGH,-6.38,-8.17,1.05,-1.72,0.1276,False,-4.7,False,-5.88,6.367,3.268,-3.754,-27.81,0.737,33.0,-6.8,32.0,-19.35,14.38,36410155.0,shrinking revenue,,117.3,,,,,,,,,,
NRIX,Nurix Therapeutics Inc,Healthcare,Biotechnology,,,-55.54,-79.47,-2.86,-6.54,18.19,-7.090000000000001,50.13999999999999,1.81,-21.5,1.21,1350000.0,0.0,22.16,Jul 09/a,33.93,2300000000.0,HIGH,-12.21,-9.45,1.07,-7.55,0.1401,False,-9.17,False,-8.95,4.486,3.585,-2.248,-18.49,1.304,27.0,-14.56,55.0,-0.22,23.01,36523727.0,shrinking revenue,,47.5,,,,,,,,,,
NTLA,Intellia Therapeutics Inc,Healthcare,Biotechnology,,,18.15,-46.23,-0.61,29.770000000000003,34.85,-29.5,-5.34,1.8,-58.550000000000004,2.26,4019999.9999999995,0.16,11.71,Aug 06/b,23.81,1640000000.0,HIGH,-8.7,-3.85,0.75,-4.04,0.151,False,-4.22,False,-1.58,5.603,5.66,-2.6041,-36.42,1.114,23.0,-6.45,36.0,7.11,11.75,48519278.0,shrinking revenue,,102.6,,,,,,,,,,
NUAI,New Era Energy & Digital Inc,Technology,Software - Infrastructure,,,2.39,-82.55,0.0,131.46,30.78,12.73,67.18,1.24,-26.72,1.0,7710000.0,0.08,6.92,Aug 14/a,10.67,737540000.0,HIGH,51.5,-7.71,0.95,56.16,0.5854,True,18.88,True,30.2,10.329,6.799,-9.5434,-11.08,1.941,5.0,20.48,29.0,39.25,7.06,52161561.0,shrinking revenue,,51.1,,,,,,,,,,
NUS,Nu Skin Enterprises Inc,Consumer Defensive,Household & Personal Products,,4.0,-1304.66,-17.1,-1.18,-0.09,10.09,-11.95,-34.92,0.9,-63.14999999999999,3.0,616150.0,0.01,4.64,Aug 10/a,12.77,225860000.0,HIGH,-4.54,-1.07,0.67,0.12,0.0978,False,-2.09,False,-5.74,3.625,1.728,-2.7237,-15.82,0.813,12.0,-4.54,33.0,-4.93,4.63,2624864.0,shrinking revenue,,175.8,,,,,,,,,,
NVAX,Novavax Inc,Healthcare,Biotechnology,,,-153.98,-76.3,0.0,0.09,31.82,12.07,24.14,2.46,-12.36,2.29,4540000.0,0.1,10.49,Aug 06/b,14.71,1730000000.0,HIGH,14.79,2.11,0.67,19.45,0.2099,True,6.47,True,20.47,5.369,4.233,-3.2937,-4.15,1.191,5.0,5.14,36.0,38.05,10.63,58410706.0,shrinking revenue,,38.4,,,,,,,,,,
NVTS,Navitas Semiconductor Corp,Technology,Semiconductors,,,-284.43,-27.339999999999996,-10.14,13.83,17.85,-32.64,44.32,3.96,-65.03,2.86,13850000.0,0.42,11.95,Jul 27/a,14.37,3120000000.0,HIGH,6.18,0.33,0.88,10.84,0.1813,True,6.2,True,1.29,5.633,5.328,-4.4172,-26.51,0.764,30.0,-10.69,43.0,21.88,12.2,128025620.0,shrinking revenue,,17.8,,,,,,,,,,
OCSL,Oaktree Specialty Lending Corp,Financial,Asset Management,25.01,8.8,-19.34,-67.83,0.42,,3.64,0.24,10.22,0.56,-15.740000000000002,3.0,504650.0,0.03,11.99,Aug 05/b,12.5,1060000000.0,HIGH,-7.07,-2.89,0.98,-2.41,0.1163,False,-4.4,False,-3.5,1.942,0.992,-1.1545,-9.23,0.709,19.0,-7.07,37.0,0.33,12.1,5328851.0,shrinking revenue,,3.3,,,,,,,,,,
OGN,Organon & Co,Healthcare,Drug Manufacturers - General,17.57,3.78,-28.360000000000003,-2.26,0.7,0.1,6.72,1.21,134.83,1.54,-0.51,3.0,2720000.0,0.0,13.71,Aug 11,14.0,3600000000.0,HIGH,-0.22,0.37,0.5,4.44,0.0142,True,0.15,True,0.53,0.315,0.291,-0.1789,-0.4,0.65,15.0,-0.29,,,13.73,38281084.0,deal-pinned; shrinking revenue,,2.0,,,,,,,,,,
OGS,ONE Gas Inc,Utilities,Utilities - Regulated Gas,15.49,14.23,39.88,-2.86,0.0,1.8799999999999997,6.15,-9.84,-16.31,0.62,-20.91,1.7,566970.0,0.0,71.8,Aug 04/a,89.06,4510000000.0,HIGH,-9.65,-3.38,1.23,-4.99,0.1555,False,-6.77,False,-8.76,2.122,1.337,-0.8963,-12.84,1.252,28.0,-10.23,37.0,-7.15,71.8,44530756.0,shrinking revenue,,24.0,,,,,,,,,,
OI,O-I Glass Inc,Consumer Cyclical,Packaging & Containers,,3.9,-19384.0,-2.23,1.18,2.23,11.41,-38.89,-42.83,0.66,-65.35,2.3,3390000.0,0.01,5.86,Jul 28/a,9.59,900450000.0,HIGH,-20.7,-3.78,1.13,-16.04,0.2959,False,-10.34,False,-18.34,4.376,4.949,-1.9963,-42.15,1.005,,,42.0,-23.9,5.86,21786471.0,shrinking revenue,,63.7,,,,,,,,,,
OIG,Orion180 Insurance Group Inc,Financial,Insurance - Property & Casualty,,,,,0.0,,,,,,-20.32,,1430000.0,0.0,9.61,-,,951700000.0,LOW,,,,,,,,,,,,,,,,,,,,,low data confidence; incomplete signals,,,,,,,,,,,,
OIS,Oil States International Inc,Energy,Oil & Gas Equipment & Services,,11.3,112.45,-5.29,-0.8500000000000001,-0.72,4.45,2.48,-31.0,1.19,-42.9,1.75,607870.0,0.0,8.28,Jul 30/b,11.0,499470000.0,HIGH,-3.83,-0.36,1.15,0.83,0.1057,False,-3.3,False,-2.86,3.382,2.053,-1.4845,-10.29,0.886,30.0,-5.05,41.0,9.23,8.28,4339415.0,shrinking revenue,,32.9,,,,,,,,,,
OLED,Universal Display Corp,Technology,Electronic Components,18.41,16.16,-24.92,-11.43,0.28,5.7,11.01,-11.78,-17.18,1.52,-50.39,1.64,768920.0,0.0,76.09,Jul 30/a,114.0,3500000000.0,HIGH,-6.74,-0.76,0.81,-2.08,0.1524,False,-2.91,False,-6.66,4.052,5.427,-2.8553,-18.03,0.762,33.0,-14.52,40.0,-3.46,77.39,63893364.0,shrinking revenue,,47.3,,,,,,,,,,
OLN,Olin Corp,Basic Materials,Chemicals,,27.81,-933.63,-0.93,0.0,-2.49,11.38,-20.32,-42.81,1.22,-45.54,2.7,3010000.0,0.01,16.59,Jul 30/a,21.25,1890000000.0,HIGH,-4.37,-0.85,0.65,0.29,0.0947,False,-3.87,False,-12.51,3.415,2.195,-1.9687,-33.92,0.72,49.0,-25.42,40.0,-11.4,16.4,44410494.0,shrinking revenue,,29.6,,,,,,,,,,
ONCO,Onconetix Inc,Healthcare,Biotechnology,,,99.46,-83.92,39.97,0.29,3.1,22.6,-93.97,2.64,-99.44,,1830000.0,113.79,1.17,-,,5120000.0,HIGH,68.3,57.25,9.87,72.96,0.705,True,37.76,True,31.69,13.495,40.777,-13.1686,-27.46,8.171,1.0,13.06,,,1.03,4673640.0,>20% above 20-day SMA; fresh >10% breakout; shrinking revenue,,,,,,,,,,,,
ONT,Onterris Inc,Industrials,Waste Management,,70.34,-90.95,-20.42,1.19,13.16,13.69,-29.01,-31.39,1.81,-53.11,2.14,690500.0,0.04,14.49,Aug 05/a,20.33,508850000.0,HIGH,-17.84,-19.91,2.21,-13.18,0.2274,False,-19.41,False,-21.66,7.865,22.929,-4.5973,-39.97,1.184,12.0,-21.44,36.0,-7.22,14.0,9676508.0,shrinking revenue,,45.2,,,,,,,,,,
OPEN,Opendoor Technologies Inc,Real Estate,Real Estate Services,,,-321.36,-43.65,-0.0,10.23,26.24,-45.0,-47.29,3.72,-73.89,3.0,54500000.0,0.22,2.53,Aug 04/a,4.27,2460000000.0,HIGH,-21.88,-4.1,0.72,-17.22,0.3573,False,-9.55,False,-24.08,5.712,4.864,-3.0547,-53.23,0.675,,,37.0,-31.65,2.57,86651863.0,shrinking revenue,,66.1,,,,,,,,,,
OPTU,Optimum Communications Inc,Communication Services,Telecom Services,,,-225.51000000000002,-5.75,2.44,-24.21,10.47,-39.16,-26.280000000000005,1.18,-63.13999999999999,3.54,4920000.0,0.0,1.01,Aug 06/b,1.08,385250000.0,HIGH,-0.98,-6.48,1.01,3.68,0.1779,False,-0.83,True,10.11,8.31,7.525,-4.2673,-31.76,0.7,4.0,-6.48,36.0,28.83,1.01,2132389.0,shrinking revenue,,6.9,,,,,,,,,,
ORBS,Eightco Holdings Inc,Consumer Cyclical,Packaging & Containers,,,111.55999999999999,-72.71,0.77,10.91,6.68,60.02000000000001,10.89,2.63,-91.35,,13290000.0,0.79,1.12,-,,481350000.0,HIGH,41.79,8.57,1.04,46.45,0.5188,True,18.88,True,42.51,11.504,11.404,-10.1294,-9.52,1.112,4.0,8.57,,,1.14,13816152.0,>40% above 50-day SMA; shrinking revenue,,,,,,,,,,,,
ORGO,Organogenesis Holdings Inc,Healthcare,Drug Manufacturers - Specialty & Generic,,,-702.49,-56.68,0.0,4.88,19.83,-42.56,-39.3,1.25,-80.36,3.0,792360.0,0.47,1.39,Aug 06/a,2.0,178860000.0,HIGH,-18.97,0.71,0.9,-14.31,0.3181,False,-7.81,False,-25.52,5.294,5.674,-3.1844,-47.58,0.61,48.0,-46.39,35.0,-24.19,1.41,1023774.0,shrinking revenue,,41.8,,,,,,,,,,
OSS,One Stop Systems Inc,Technology,Computer Hardware,181.29,150.17,-216.2,-33.74,-0.44,6.11,23.24,-45.66,17.55,1.44,-56.85,1.0,973390.0,0.14,9.01,Aug 05/b,19.25,224750000.0,HIGH,-10.85,-0.43,0.66,-6.19,0.2323,False,-1.38,False,-17.64,5.015,2.748,-3.4227,-49.43,0.63,,,37.0,-29.27,9.28,6495054.0,shrinking revenue,,107.4,,,,,,,,,,
OUST,Ouster Inc,Technology,Electronic Components,,5688.0,27.46,55.86,-28.7,9.24,9.81,-21.1,141.56,3.25,-33.12,1.43,3300000.0,0.31,42.66,Aug 06/a,58.5,3080000000.0,HIGH,26.29,14.69,1.4,30.95,0.3191,True,20.31,True,13.36,5.259,7.29,-4.0079,-25.9,0.996,2.0,11.02,35.0,0.74,43.72,76270187.0,>20% above 20-day SMA; fresh >10% breakout,,33.8,,,,,,,,,,
OVID,Ovid Therapeutics Inc,Healthcare,Biotechnology,,,-15.329999999999998,-88.31,0.0,26.82,11.69,-11.76,4.35,0.22,-22.71,1.0,1990000.0,0.01,2.4,Aug 13/b,6.0,468710000.0,HIGH,-14.29,-11.44,0.77,-9.63,0.1489,False,-10.69,False,-8.79,5.211,4.583,-2.7544,-18.64,1.287,27.0,-15.49,31.0,-8.4,2.4,4736965.0,shrinking revenue,,150.0,,,,,,,,,,
OXSQ,Oxford Square Capital Corp,Financial,Asset Management,,5.82,-32.89,-41.87,4.35,0.39,4.25,-3.7599999999999993,-23.81,0.33,-37.56,3.0,1550000.0,0.25,1.28,Jul 31/b,1.75,137870000.0,HIGH,-7.3,0.79,0.44,-2.64,0.1199,False,-3.35,False,-8.88,2.531,1.575,-1.1506,-21.12,0.514,53.0,-13.61,40.0,-11.81,1.27,1741639.0,shrinking revenue,,37.8,,,,,,,,,,
PAAI,Paradium.AI Inc,Communication Services,Internet Content & Information,8.6,56.19,-100.16000000000001,-50.72,0.0,-2.19,3.8,90.47,-26.39,0.78,-74.34,3.0,2130000.0,0.48,1.69,Aug 10/a,2.0,80260000.0,HIGH,56.25,41.13,0.27,60.91,1.775,True,38.39,True,43.99,30.204,17.143,-63.1068,-49.57,2.402,7.0,94.44,33.0,9.37,1.75,12153673.0,>40% above 50-day SMA; >20% above 20-day SMA; shrinking revenue,,14.3,,,,,,,,,,
PACB,Pacific Biosciences of California Inc,Healthcare,Medical Devices,,,-3.08,-1.91,-0.45000000000000007,0.43,17.15,-8.68,25.39,2.29,-42.13,2.25,6690000.0,0.07,1.58,Aug 05/a,2.16,491090000.0,HIGH,15.71,19.12,1.95,20.37,0.2689,True,18.21,True,20.7,5.423,6.79,-4.8033,-11.96,1.215,2.0,14.89,36.0,38.46,1.62,8129678.0,fresh >10% breakout; shrinking revenue,,33.3,,,,,,,,,,
PAL,Proficient Auto Logistics Inc,Industrials,Integrated Freight & Logistics,,6.43,-147.34,-5.32,-0.05,-0.2,13.66,-48.22,-42.24,1.2,-66.72,1.75,623430.0,0.01,3.65,Aug 10/a,12.0,102400000.0,HIGH,-28.27,-8.23,0.91,-23.61,0.4671,False,-20.35,False,-34.77,8.83,5.435,-3.1996,-52.15,1.976,,,33.0,-27.84,3.68,3686484.0,shrinking revenue,,226.1,,,,,,,,,,
PATK,Patrick Industries Inc,Consumer Cyclical,Recreational Vehicles,16.17,12.9,33.27,-0.56,2.11,-0.61,16.2,-27.02,-36.68,1.13,-54.21,1.73,666030.0,0.05,68.0,Jul 30/b,107.55,2180000000.0,HIGH,-17.95,-0.9,1.08,-13.29,0.311,False,-8.54,False,-15.82,3.724,3.183,-1.8689,-24.41,1.138,35.0,-20.83,41.0,-18.46,68.49,42951891.0,shrinking revenue,,57.0,,,,,,,,,,
PAVS,Paranovus Entertainment Technology Ltd,Consumer Defensive,Packaged Foods,,,26.05,70797.99,0.0,0.0,4.63,-27.97,-98.2,-0.15,-100.0,1.0,1050000.0,0.02,4.43,-,210.0,3850000.0,HIGH,-7.71,9.14,1.35,-3.05,0.3136,False,-0.99,False,-12.04,5.713,9.932,-4.6621,-54.33,0.014,34.0,-27.97,,,4.43,79983.0,illiquid (<$500K/day),,4640.4,,,,,,,,,,
PAYO,Payoneer Global Inc,Technology,Software - Infrastructure,51.3,25.99,-114.06,5.24,-0.03,1.3,5.38,0.14,48.54,0.88,-1.25,3.0,3770000.0,0.0,7.1,Aug 06/b,7.4,2410000000.0,HIGH,0.84,0.84,1.19,5.5,0.0125,True,0.55,True,0.64,0.508,0.767,-0.3541,-0.28,0.743,16.0,0.7,36.0,0.84,7.17,20775396.0,deal-pinned,,3.2,,,,,,,,,,
PBI,Pitney Bowes Inc,Industrials,Integrated Freight & Logistics,13.24,8.92,116.73,-2.25,-68.64,-0.01,13.62,-9.31,49.5,1.65,-14.78,2.6,1870000.0,0.0,16.25,Jul 29/a,19.56,2230000000.0,HIGH,-4.82,-0.97,0.49,-0.16,0.0919,False,-3.73,False,-4.87,2.691,1.648,-1.2455,-14.11,0.784,51.0,-9.95,41.0,-7.25,16.38,28875173.0,shrinking revenue,,19.4,,,,,,,,,,
PEB,Pebblebrook Hotel Trust,Real Estate,REIT - Hotel & Motel,,,178.49,-0.1,-1.36,-2.03,16.62,3.4099999999999997,63.129999999999995,1.45,0.35,2.94,2190000.0,0.0,20.0,Jul 29/a,19.09,2260000000.0,HIGH,-0.38,1.04,1.79,4.28,0.0576,True,1.93,False,-0.16,2.687,2.66,-1.5899,-7.58,1.049,2.0,1.1,41.0,-1.55,18.42,41928395.0,shrinking revenue,,3.6,,,,,,,,,,
PETS,Petmed Express Inc,Healthcare,Pharmaceutical Retailers,,,82.78,-19.86,0.36,-8.11,3.89,-10.41,-26.88,0.82,-60.23,5.0,635900.0,0.0,1.63,Aug 13/a,1.4,35350000.0,HIGH,-18.62,-4.38,1.91,-13.96,0.2887,False,-9.68,False,-16.29,3.548,1.961,-1.6932,-28.84,1.555,46.0,-21.94,30.0,-16.39,1.53,195418.0,illiquid (<$500K/day); shrinking revenue,,-8.5,,,,,,,,,,
PHIO,Phio Pharmaceuticals Corp,Healthcare,Biotechnology,,,21.14,,4.82,-0.24,1.44,7.61,-15.869999999999997,0.84,-74.7,1.0,593000.0,0.16,1.06,Aug 07/b,14.0,12310000.0,HIGH,-10.62,0.0,1.67,-5.96,0.1675,False,-3.34,False,-5.44,4.717,6.238,-2.0068,-18.55,0.742,27.0,-3.81,35.0,-2.88,1.01,150532.0,illiquid (<$500K/day),,1286.1,,,,,,,,,,
PLAY,Dave & Buster's Entertainment Inc,Communication Services,Entertainment,,,-210.7,-2.39,0.31,2.74,29.59,-41.92,-32.93,1.89,-70.23,2.27,2040000.0,0.02,6.58,Sep 14/a,13.43,229190000.0,HIGH,-29.57,-2.5,0.55,-24.91,0.5251,False,-15.3,False,-28.6,7.75,3.958,-6.0567,-44.6,1.072,39.0,-38.93,9.0,-3.5,6.62,25523985.0,shrinking revenue,,102.9,,,,,,,,,,
POLA,Polar Power Inc,Industrials,Electrical Equipment & Parts,,,-355.98,-62.36999999999999,0.0,12.82,8.06,-26.11,-14.19,1.17,-76.87,1.0,1010000.0,0.0,1.33,-,35.0,5740000.0,HIGH,-7.75,4.8,0.59,-3.09,0.1732,False,-0.83,False,-13.05,5.562,5.344,-2.787,-44.49,0.062,39.0,-19.63,,,1.31,134583.0,illiquid (<$500K/day); shrinking revenue,,2571.8,,,,,,,,,,
POST,Post Holdings Inc,Consumer Defensive,Packaged Foods,13.41,10.14,-27.889999999999997,-1.83,-5.5,-3.51,15.81,-18.64,-23.72,0.38,-37.76,1.67,973890.0,0.0,73.0,Aug 06/a,105.17,3210000000.0,HIGH,-14.29,-2.8,0.73,-9.63,0.1928,False,-8.17,False,-11.98,2.886,1.873,-1.7719,-25.13,0.923,43.0,-19.89,35.0,-7.04,73.15,79165286.0,shrinking revenue,,43.8,,,,,,,,,,
PPLI,People Inc,Communication Services,Internet Content & Information,7.26,35.76,160.9,-25.590000000000003,-0.05,-11.91,16.97,-13.95,2.7,1.06,-17.43,1.67,1050000.0,0.08,39.9,Aug 03/a,56.73,2970000000.0,HIGH,2.2,8.81,2.51,6.86,0.1224,True,5.63,True,0.18,3.511,5.275,-3.0773,-17.22,1.872,1.0,11.33,38.0,-4.9,40.0,46676394.0,fresh >10% breakout; shrinking revenue,,41.8,,,,,,,,,,
PRGO,Perrigo Company plc,Healthcare,Drug Manufacturers - Specialty & Generic,,6.46,977.7999999999998,-3.17,0.0,1.96,16.39,54.230000000000004,62.63999999999999,0.69,-31.569999999999997,2.5,3260000.0,0.0,15.5,Aug 05/b,15.33,2150000000.0,HIGH,6.49,9.13,1.47,11.15,0.1544,True,8.76,True,19.16,4.229,9.533,-2.8367,-1.72,1.224,1.0,5.04,37.0,43.04,15.42,41356297.0,shrinking revenue,,-0.6,,,,,,,,,,
PRIM,Primoris Services Corp,Industrials,Engineering & Construction,28.33,13.74,-129.13,-10.71,-7.739999999999999,-1.76,10.22,-25.96,-49.83,1.45,-64.96,1.62,1380000.0,0.0,72.0,Aug 04/a,118.27,3880000000.0,HIGH,-0.64,-5.54,1.19,4.02,0.0936,False,-2.55,False,-8.39,4.066,4.102,-2.1,-23.12,0.839,38.0,-17.29,37.0,-12.89,72.65,93607381.0,shrinking revenue,,62.8,,,,,,,,,,
PRKS,United Parks & Resorts Inc,Consumer Cyclical,Leisure,12.89,9.0,-7.21,-1.41,-1.24,-9.6,13.01,-29.74,10.29,1.24,-41.14,2.23,674510.0,0.0,32.79,Aug 04/b,48.45,1490000000.0,HIGH,-21.75,-2.23,0.67,-17.09,0.335,False,-10.42,False,-20.43,4.586,3.639,-2.5966,-33.5,0.902,,,38.0,-26.94,33.25,26787517.0,shrinking revenue,,45.7,,,,,,,,,,
PROK,ProKidney Corp,Healthcare,Biotechnology,,,-20.38,-32.13,-0.54,3.06,19.13,-15.869999999999997,-0.62,1.78,-54.31,2.0,1480000.0,0.03,1.59,Aug 10/a,6.25,480700000.0,HIGH,-12.57,-9.86,1.28,-7.91,0.2273,False,-12.41,False,-4.13,7.902,7.812,-4.4722,-27.47,1.164,17.0,-13.51,33.0,-0.62,1.6,3091770.0,shrinking revenue,,290.6,,,,,,,,,,
PRTH,Priority Technology Holdings Inc,Technology,Software - Infrastructure,11.35,7.19,-13.65,9.36,-0.01,6.4,5.78,8.82,67.46,1.63,-1.77,2.5,950630.0,0.08,7.77,Aug 06/b,8.51,640810000.0,HIGH,44.61,-0.26,0.59,49.27,0.6385,True,25.92,True,28.38,3.913,0.257,-7.7255,-0.77,6.326,5.0,33.45,36.0,44.61,7.78,14910518.0,>20% above 20-day SMA,,9.4,,,,,,,,,,
PSN,Parsons Corp,Technology,Information Technology Services,28.34,12.09,-128.34,-0.53,3.9,4.97,5.07,-20.17,-21.97,0.7,-54.22,1.6,1380000.0,0.0,40.97,Jul 29/b,58.1,4380000000.0,HIGH,-12.1,-4.99,0.9,-7.44,0.1479,False,-6.23,False,-10.87,3.478,3.32,-2.0051,-30.87,0.624,21.0,-11.45,42.0,6.82,43.07,54350611.0,shrinking revenue,,34.9,,,,,,,,,,
PUMP,ProPetro Holding Corp,Energy,Oil & Gas Equipment & Services,,26.35,4.06,-6.24,-62.5,29.4,15.57,-34.46,-34.24,0.85,-47.78,1.82,3940000.0,0.0,9.66,Jul 29/b,16.38,1190000000.0,HIGH,-12.66,-5.61,0.86,-8.0,0.2919,False,-11.2,False,-14.88,6.03,7.091,-3.0339,-32.32,1.007,,,42.0,-6.07,9.59,40889622.0,shrinking revenue,,70.8,,,,,,,,,,
PVH,PVH Corp,Consumer Cyclical,Apparel Manufacturing,,6.08,-148.29,-3.2400000000000007,1.0,1.7399999999999998,9.97,3.6799999999999997,14.44,1.76,-24.57,2.12,965150.0,0.0,75.99,Sep 02/a,87.45,3510000000.0,HIGH,0.26,3.53,0.65,4.92,0.1183,True,4.0,False,-3.07,3.178,2.158,-2.1281,-16.61,0.883,39.0,-12.31,16.0,5.12,75.99,80309667.0,shrinking revenue,,15.1,,,,,,,,,,
PWCM,PowerCompute Inc,Financial,Capital Markets,,,-1174.28,9.76,394.45,0.97,6.58,-70.98,-85.41,2.34,-97.01,1.0,532770.0,0.03,1.07,Aug 14/b,4.0,2600000.0,HIGH,-5.26,4.85,0.26,-0.6,0.353,True,0.14,False,-25.35,9.934,2.5,-5.8613,-71.95,0.237,,,30.0,-14.29,1.08,180416.0,illiquid (<$500K/day),,270.4,,,,,,,,,,
PYXS,Pyxis Oncology Inc,Healthcare,Biotechnology,,,-33.64,-100.0,0.0,0.58,6.52,-1.4,115.27000000000001,1.35,-49.19,1.2,1320000.0,0.0,2.82,Aug 13/b,8.67,235210000.0,HIGH,-11.46,-10.34,0.66,-6.8,0.3143,False,-14.94,False,-8.98,9.56,4.72,-5.7598,-31.08,0.521,15.0,-19.78,31.0,-4.98,2.86,3180979.0,shrinking revenue,,203.1,,,,,,,,,,
PZZA,Papa John's International Inc,Consumer Cyclical,Restaurants,24.48,14.44,-12.98,-8.84,0.0,7.5,21.53,-45.58,-38.6,1.11,-65.02,2.53,1360000.0,0.0,19.5,Aug 06/b,31.3,641970000.0,HIGH,-17.58,-3.65,1.31,-12.92,0.2485,False,-8.52,False,-21.44,4.436,5.882,-2.6961,-46.79,0.901,,,36.0,-20.66,19.55,31904458.0,shrinking revenue,,60.1,,,,,,,,,,
QMCO,Quantum Corp,Technology,Computer Hardware,,37.18,-277.09,25.69,-0.05,13.23,8.28,163.54,567.31,3.12,-5.39,1.0,1600000.0,0.31,31.23,Aug 10/a,26.5,1230000000.0,HIGH,42.32,21.38,2.75,46.98,0.3636,True,27.56,True,61.04,7.58,12.595,-5.0279,-4.03,1.723,2.0,21.99,33.0,168.93,31.68,40685255.0,>40% above 50-day SMA; >20% above 20-day SMA; fresh >10% breakout,,-16.4,,,,,,,,,,
QUCY,Quantum Cyber NV,Healthcare,Diagnostics & Research,,,97.59,-100.0,0.0,-15.03,7.36,-16.53,203.55000000000004,2.37,-72.91,1.0,1850000.0,0.13,1.34,Apr 14,9.0,112280000.0,HIGH,-3.52,5.38,0.71,1.14,0.2813,False,-2.21,True,2.38,5.177,5.109,-4.9076,-16.97,0.482,17.0,-7.43,,,1.37,994587.0,shrinking revenue,,556.9,,,,,,,,,,
RAMP,LiveRamp Holdings Inc,Technology,Software - Infrastructure,15.49,9.52,143.93,9.84,0.0,0.45999999999999996,13.52,0.19,45.8,1.27,-1.91,3.0,1030000.0,0.0,37.5,Aug 05/a,38.5,2280000000.0,HIGH,-0.64,-0.29,1.03,4.02,0.0135,False,-0.49,False,-0.6,0.448,0.187,-0.2565,-1.91,1.211,8.0,-0.29,36.0,-0.79,37.5,48483534.0,deal-pinned,,2.7,,,,,,,,,,
RBBN,Ribbon Communications Inc,Technology,Software - Application,22.0,11.54,-141.4,-12.8,0.0,-0.91,3.55,-18.18,-15.89,1.36,-55.99000000000001,1.4,824530.0,0.0,1.8,Jul 28/a,3.3,321880000.0,HIGH,-11.33,-1.64,0.99,-6.67,0.2512,False,-4.61,False,-10.34,6.111,5.556,-3.6649,-26.23,1.16,,,42.0,-12.2,1.8,1750942.0,shrinking revenue,,83.3,,,,,,,,,,
RC,Ready Capital Corp,Real Estate,REIT - Mortgage,,,-79.69,-60.260000000000005,0.01,-2.07,12.66,-23.3,-11.18,1.55,-67.86,3.29,1270000.0,0.02,1.35,Aug 06/a,1.8,223000000.0,HIGH,-27.32,-20.36,1.45,-22.66,0.3058,False,-19.05,False,-19.53,6.606,8.271,-3.3486,-33.5,1.269,23.0,-29.63,35.0,-14.19,1.33,2036689.0,shrinking revenue,,35.3,,,,,,,,,,
RCUS,Arcus Biosciences Inc,Healthcare,Biotechnology,,,,-74.38,-0.27,3.3099999999999996,16.25,-22.66,18.53,0.93,-24.26,1.46,1370000.0,0.0,24.04,Aug 05/a,39.27,3060000000.0,HIGH,-14.52,-3.78,0.98,-9.86,0.3252,False,-7.38,False,-11.34,5.471,3.825,-3.1591,-20.93,1.127,23.0,-17.1,36.0,-9.86,24.97,45937962.0,shrinking revenue,,57.3,,,,,,,,,,
REF,Reformation Inc,Consumer Cyclical,Apparel Retail,,,,,-9.4,44.31,12.31,,,,-28.33,1.33,683490.0,0.0,12.37,Sep 10/a,19.25,730820000.0,HIGH,-17.53,-7.55,0.74,-12.87,0.2861,False,-11.58,,,8.194,3.234,-4.3822,,,,,11.0,-5.93,12.37,8364640.0,incomplete signals,,55.6,,,,,,,,,,
RHI,Robert Half Inc,Industrials,Staffing & Employment Services,32.2,18.77,-35.39,-2.44,0.0,-0.28,19.91,14.27,48.95,0.81,-20.77,3.31,2180000.0,0.0,37.0,Jul 23/a,34.78,3790000000.0,HIGH,-18.58,-0.19,1.52,-13.92,0.3111,False,-6.47,False,-9.45,4.207,4.066,-2.5813,-21.01,0.807,20.0,-17.97,45.0,4.53,36.89,73689377.0,shrinking revenue,,-5.7,,,,,,,,,,
RLAY,Relay Therapeutics Inc,Healthcare,Biotechnology,,,-0.44,-48.3,-12.18,23.4,25.93,-13.73,77.4,1.73,-19.93,1.07,3080000.0,0.05,17.03,Aug 06/a,27.08,3730000000.0,HIGH,-6.93,-3.96,0.83,-2.27,0.1064,False,-6.43,False,-9.0,5.023,3.377,-2.6957,-17.87,1.303,27.0,-15.24,35.0,-11.54,17.47,66982565.0,shrinking revenue,,55.0,,,,,,,,,,
RNST,Renasant Corp,Financial,Banks - Regional,12.01,10.2,8726.17,-0.63,-2.68,0.67,5.35,-6.12,13.87,1.02,-10.04,1.29,672130.0,0.0,40.07,Jul 28/a,48.14,3660000000.0,HIGH,-1.8,-0.42,0.93,2.86,0.0456,False,-0.58,False,-3.95,1.753,0.917,-1.0492,-9.41,1.389,38.0,-8.15,42.0,-7.94,40.35,28375485.0,shrinking revenue,,19.3,,,,,,,,,,
RPD,Rapid7 Inc,Technology,Software - Infrastructure,37.79,6.29,-30.64,-1.55,-0.03,10.53,12.01,47.05,118.19999999999999,1.02,-42.99,3.27,2440000.0,0.03,11.5,Aug 10/a,11.96,775040000.0,HIGH,-12.57,-6.82,0.87,-7.91,0.3404,False,-2.8,True,0.37,7.802,10.628,-7.0991,-21.46,0.687,31.0,-5.3,33.0,0.09,11.62,24828371.0,shrinking revenue,,2.9,,,,,,,,,,
RWAY,Runway Growth Finance Corp,Financial,Asset Management,63.06,5.08,42.77,-124.47,-6.529999999999999,-0.95,10.43,24.27,3.18,0.64,-34.23,2.38,545360.0,0.01,6.81,Aug 06/a,8.04,285410000.0,HIGH,2.88,1.35,0.81,7.54,0.0444,True,1.99,True,6.95,1.792,2.301,-1.0156,-3.0,0.572,1.0,0.74,35.0,13.38,6.78,2338717.0,shrinking revenue,,18.6,,,,,,,,,,
RXRX,Recursion Pharmaceuticals Inc,Healthcare,Biotechnology,,,40.28,-60.099999999999994,-0.8,3.46,37.13,0.27,25.85,1.06,-48.47,2.14,19990000.0,0.25,3.7,Aug 05/b,7.22,1980000000.0,HIGH,11.98,-5.79,0.54,16.64,0.3147,True,6.71,True,12.81,6.494,5.348,-5.1896,-10.1,1.495,6.0,5.65,37.0,17.98,3.74,70090537.0,shrinking revenue,,93.0,,,,,,,,,,
SDEV,Stablecoin Development Corp,Financial,Asset Management,,,60.22,,-0.15,31.739999999999995,67.72,61.9,13.33,0.12,-98.3,1.0,1410000.0,82.21,1.7,-,4.25,86050000.0,HIGH,60.22,49.0,8.84,64.88,0.7408,True,52.74,True,43.68,10.115,28.859,-10.1502,-18.58,4.292,2.0,33.04,,,1.49,1974166.0,>40% above 50-day SMA; >20% above 20-day SMA; fresh >10% breakout,,185.2,,,,,,,,,,
SDGR,Schrodinger Inc,Healthcare,Health Information Services,,,113.42000000000002,7.539999999999999,-1.03,-1.2,17.65,64.63,158.39,1.69,-9.38,1.57,1500000.0,0.21,28.63,Aug 05/a,21.43,2140000000.0000002,HIGH,46.45,-4.6,0.63,51.11,0.7865,True,21.62,True,45.79,7.08,7.106,-7.2938,-8.69,1.583,4.0,-4.6,36.0,75.91,28.85,57631559.0,>40% above 50-day SMA; >20% above 20-day SMA,,-25.7,,,,,,,,,,
SDOT,Sadot Group Inc,Consumer Defensive,Farm Products,,,435.47,-100.0,0.0,0.13,7.01,-69.37,-64.58,-1.58,-95.78,3.0,2810000.0,0.06,10.98,Aug 14/b,3000.0,15980000.0,HIGH,-24.12,-2.22,0.27,-19.46,0.3301,False,-11.32,False,-21.37,7.342,3.179,-4.0608,-89.61,0.029,24.0,-16.46,30.0,0.0,11.01,1629831.0,shrinking revenue,,27148.0,,,,,,,,,,
SECZ,Securitize Corp,Technology,Software - Application,,37.46,-5304.17,,0.0,6.07,2.27,20.99,44.7,0.56,-5.02,1.0,2530000.0,1.23,15.73,Aug 12/a,13.7,2570000000.0,HIGH,153.74,18.22,1.56,158.4,1.3913,True,67.9,True,102.17,8.678,8.709,-8.9635,-3.62,2.882,3.0,22.77,31.0,180.0,15.96,51595781.0,>40% above 50-day SMA; >20% above 20-day SMA; fresh >10% breakout,,-14.2,,,,,,,,,,
SEER,Seer Inc,Healthcare,Biotechnology,,,8.4,-23.43,-0.14,-0.03,0.24,15.06,13.019999999999998,1.5,-20.75,1.0,1080000.0,0.0,1.91,Aug 11/a,4.0,105760000.0,HIGH,-3.54,2.69,1.18,1.12,0.0971,False,-0.29,False,-5.52,2.951,4.712,-1.7591,-18.38,0.518,39.0,-13.96,32.0,-10.75,1.91,393821.0,illiquid (<$500K/day); shrinking revenue,,109.4,,,,,,,,,,
SFNC,Simmons First National Corp,Financial,Banks - Regional,,10.12,5.91,-0.69,0.0,-0.18,4.42,2.98,23.13,0.94,-4.0,2.14,1400000.0,0.0,23.35,Jul 16/a,25.93,3370000000.0,HIGH,2.38,2.56,1.05,7.04,0.0576,True,1.3,True,0.2,1.919,1.205,-1.3159,-4.48,1.042,40.0,-0.77,50.0,1.22,23.23,31562074.0,shrinking revenue,,11.6,,,,,,,,,,
SHOE,Shoe Station Group Inc,Consumer Cyclical,Apparel Retail,14.85,9.12,-67.28,-7.21,0.34,3.6900000000000004,48.82,-15.370000000000001,-18.23,1.36,-41.47,2.33,935290.0,0.0,13.1,Sep 10/b,15.0,356110000.0,HIGH,-5.04,-0.31,0.94,-0.38,0.1233,False,-1.48,False,-9.74,5.692,3.846,-3.1387,-19.8,0.99,34.0,-17.46,12.0,5.86,13.0,19786148.0,shrinking revenue,,15.4,,,,,,,,,,
SHPH,Shuttle Pharmaceuticals Holdings Inc,Healthcare,Drug Manufacturers - Specialty & Generic,,,94.37,,-73.26,-1.6,0.57,26.77,-37.89,1.19,-92.63,,1910000.0,0.13,4.12,-,,19630000.0,HIGH,13.28,15.56,0.61,17.94,0.2388,True,13.58,True,11.53,7.937,8.803,-6.004,-21.37,0.193,2.0,11.7,,,4.01,123518.0,illiquid (<$500K/day); fresh >10% breakout,,,,,,,,,,,,
SIGA,SIGA Technologies Inc,Healthcare,Drug Manufacturers - Specialty & Generic,,,-64.94,-49.45,0.0,0.71,9.07,-5.26,-27.05,1.05,-58.379999999999995,,759270.0,0.0,3.42,Aug 06/a,11.57,245720000.0,HIGH,12.75,9.18,1.64,17.41,0.1412,True,9.16,True,9.77,4.431,8.406,-3.0212,-12.66,0.975,1.0,6.15,35.0,13.11,3.45,2268455.0,shrinking revenue,,235.4,,,,,,,,,,
SITC,SITE Centers Corp,Real Estate,REIT - Retail,1.28,,-103.3,-67.47,0.0,-1.56,11.68,-3.55,-24.09,0.99,-42.17,3.0,1160000.0,0.0,3.06,Aug 03/a,3.5,160570000.0,HIGH,2.34,1.32,0.77,7.0,0.1036,True,4.56,False,-7.2,2.357,2.611,-1.6359,-33.48,1.023,,,38.0,-3.47,3.06,2991978.0,shrinking revenue,,14.4,,,,,,,,,,
SKYQ,Sky Quarry Inc,Energy,Oil & Gas Integrated,,,5.76,-100.0,0.0,-7.91,9.27,-18.39,17.36,2.18,-85.4,,6740000.0,0.61,2.84,-,,25090000.0,HIGH,1.52,0.0,0.37,6.18,0.3105,False,-4.78,False,-18.83,14.486,9.064,-6.8852,-61.86,1.413,9.0,-14.97,,,2.67,12598133.0,shrinking revenue,,,,,,,,,,,,
SLDP,Solid Power Inc,Consumer Cyclical,Auto Parts,,,24.98,-103.54999999999998,-0.13,-6.01,14.1,-8.87,-18.85,2.01,-73.26,1.0,3490000.0,0.44,2.37,Aug 04/a,6.88,540670000.0,HIGH,2.58,-3.63,0.95,7.24,0.1235,False,-2.05,True,2.43,5.039,3.975,-3.0128,-11.97,0.966,17.0,2.58,37.0,11.68,2.39,7124490.0,shrinking revenue,,187.9,,,,,,,,,,
SLM,SLM Corp,Financial,Credit Services,6.62,7.05,-8.56,-2.76,0.0,1.45,9.76,-7.03,14.63,0.96,-23.82,2.09,2470000.0,0.0,23.66,Jul 23/a,28.55,4450000000.0,HIGH,-10.41,-5.62,1.09,-5.75,0.1737,False,-7.18,False,-9.16,3.043,3.466,-1.9635,-16.31,0.92,30.0,-14.71,45.0,-2.15,23.66,50819712.0,shrinking revenue,REVIEW,20.7,,,,,,,,,,
SMG,Scotts Miracle-Gro Company,Basic Materials,Agricultural Inputs,44.53,10.55,-25.509999999999998,-1.34,-0.22999999999999998,6.63,10.63,-24.82,-16.09,1.84,-32.45,1.88,967110.0,0.0,50.89,Jul 29/b,76.6,2960000000.0,HIGH,-15.79,-1.03,1.39,-11.13,0.2301,False,-8.89,False,-16.87,3.36,2.712,-1.4951,-32.45,1.305,51.0,-25.15,42.0,-27.64,50.89,51202781.0,shrinking revenue,,50.5,,,,,,,,,,
SMPL,Simply Good Foods Co,Consumer Defensive,Packaged Foods,,5.67,-242.88,-6.29,1.07,-4.3,9.54,-26.49,-33.61,0.17,-62.59,2.2,2400000.0,0.0,9.6,Jul 09/b,14.38,849220000.0,HIGH,-12.17,-3.61,1.01,-7.51,0.2682,False,-7.67,False,-9.96,4.535,2.656,-3.1297,-36.37,0.829,16.0,-14.89,56.0,-25.23,9.6,24678353.0,shrinking revenue,,49.8,,,,,,,,,,
SMR,NuScale Power Corp,Industrials,Specialty Industrial Machinery,,,1.36,-99.07,-84.57,15.509999999999998,18.87,-18.62,-18.94,2.36,-85.46,2.61,33210000.0,0.15,8.35,Aug 05/a,11.97,3590000000.0,HIGH,-9.36,-4.21,0.79,-4.7,0.3609,False,-8.17,False,-7.12,8.725,4.869,-6.3419,-25.95,0.968,14.0,-13.2,36.0,-10.23,8.42,337254654.0,shrinking revenue,,42.2,,,,,,,,,,
SON,Sonoco Products Co,Consumer Cyclical,Packaging & Containers,7.69,7.9,178.77,-1.24,1.49,11.7,11.19,-10.5,-6.22,0.32,-17.78,2.14,1130000.0,0.0,49.88,Oct 21/a,62.89,4930000000.0,HIGH,-11.35,1.64,0.63,-6.69,0.2086,False,-1.15,False,-8.59,2.707,1.498,-1.7563,-17.49,0.926,45.0,-11.12,,,50.06,62478374.0,shrinking revenue,,25.6,,,,,,,,,,
SPIR,Spire Global Inc,Industrials,Specialty Business Services,,,-114.03000000000002,-5.91,-6.97,27.190000000000005,11.21,-33.09,-4.45,2.8,-54.449999999999996,1.5,737420.0,0.07,11.81,Aug 12/a,20.88,479750000.0,HIGH,-8.28,1.0,0.77,-3.62,0.1801,True,0.98,False,-3.52,5.574,5.05,-3.6927,-38.62,0.938,33.0,-13.9,31.0,-13.34,12.08,7865082.0,shrinking revenue,,72.8,,,,,,,,,,
SPRO,Spero Therapeutics Inc,Healthcare,Biotechnology,11.26,,-443.89000000000004,-100.0,-0.17,1.8000000000000003,2.27,-45.58,-47.21,1.5,-60.06,1.0,1210000.0,0.02,1.23,Aug 12/a,6.0,71630000.0,HIGH,2.5,7.89,0.7,7.16,0.211,True,3.58,True,0.95,5.889,6.504,-4.9749,-47.44,1.91,4.0,7.89,31.0,3.36,1.23,985852.0,shrinking revenue,,387.8,,,,,,,,,,
SR,Spire Inc,Utilities,Utilities - Regulated Gas,8.6,14.07,1126.29,-0.4,-0.06,1.46,5.04,-4.51,-15.24,0.53,-18.99,1.6,534690.0,0.0,77.21,Aug 05/b,92.56,4560000000.0,HIGH,-6.48,-3.2,0.85,-1.82,0.1025,False,-4.29,False,-5.17,2.245,1.969,-1.0596,-8.79,1.164,22.0,-7.21,37.0,-2.95,77.21,46409101.0,shrinking revenue,,19.9,,,,,,,,,,
SRFM,Surf Air Mobility Inc,Industrials,Airlines,,,78.65,7.580000000000001,-0.78,-0.33,14.57,30.130000000000003,10.02,2.73,-80.39,1.5,6780000.0,3.09,1.21,Aug 10/a,4.93,149640000.0,HIGH,54.6,65.67,2.44,59.26,0.9198,True,63.7,True,53.06,9.241,17.658,-10.1333,-11.9,2.879,4.0,65.67,33.0,38.75,1.11,5188512.0,>40% above 50-day SMA; >20% above 20-day SMA,,344.1,,,,,,,,,,
SRPT,Sarepta Therapeutics Inc,Healthcare,Biotechnology,,23.7,-102.46,-34.34,0.0,4.57,25.32,8.11,-7.86,0.36,-27.33,2.8,3380000.0,0.02,18.4,Aug 05/a,21.86,1940000000.0,HIGH,-10.5,-7.3,0.71,-5.84,0.2474,False,-10.02,False,-0.05,7.533,4.017,-4.4053,-20.96,0.811,17.0,-12.47,36.0,17.2,18.67,65114591.0,shrinking revenue,,17.1,,,,,,,,,,
SRXH,SRX Global Inc,Consumer Defensive,Packaged Foods,,,98.37,-52.62,0.0,5.06,8.66,-67.59,-75.07,0.94,-95.86,1.0,4260000.0,0.12,1.72,Aug 13/a,600.0,33860000.0,HIGH,-0.58,-1.16,1.49,4.08,0.1909,True,3.66,False,-0.08,7.555,6.765,-3.5293,-68.86,0.89,,,30.0,-7.1,1.7,1167505.0,shrinking revenue,,35194.1,,,,,,,,,,
SSP,E.W. Scripps Co,Communication Services,Broadcasting,,,-2057.38,-9.2,-0.67,2.15,8.41,-3.16,-26.009999999999998,0.7,-48.79,3.0,678290.0,0.0,2.76,Aug 06/a,4.93,255770000.0,HIGH,-15.34,-10.68,0.88,-10.68,0.1847,False,-12.06,False,-12.25,5.849,4.348,-2.2438,-28.31,0.767,27.0,-16.36,35.0,-6.44,2.76,2056323.0,shrinking revenue,,78.6,,,,,,,,,,
SST,System1 Inc,Industrials,Specialty Business Services,,,30.89,-61.34,0.34,-15.869999999999997,17.86,17.77,-14.16,1.63,-69.35,1.0,561680.0,0.13,2.85,Aug 05/a,6.5,29890000.0,HIGH,49.21,-27.32,0.13,53.87,0.824,False,-15.64,True,15.22,22.226,10.993,-13.6824,-48.26,0.53,18.0,25.89,36.0,69.88,2.82,4859907.0,shrinking revenue,,130.5,,,,,,,,,,
SSTK,Shutterstock Inc,Communication Services,Internet Content & Information,,,-618.96,-16.93,0.0,-9.78,9.13,-71.5,-74.95,1.15,-86.35,3.0,1170000.0,0.0,4.03,Aug 04/a,25.0,148810000.0,HIGH,-29.98,-7.73,0.92,-25.32,0.451,False,-17.23,False,-24.82,6.955,5.024,-4.4705,-60.23,0.685,,,37.0,-30.56,4.18,5044848.0,shrinking revenue,,498.1,,,,,,,,,,
SSYS,Stratasys Ltd,Technology,Computer Hardware,,43.2,3.44,-0.35,0.0,1.7500000000000002,4.65,-1.1,6.02,2.0,-36.77,1.5,637940.0,0.12,8.1,Aug 13/b,12.0,709460000.0,HIGH,6.72,4.42,0.92,11.38,0.1135,True,5.77,True,1.71,3.321,4.479,-2.3064,-11.37,0.866,1.0,2.99,31.0,-6.56,8.26,5110413.0,shrinking revenue,,45.3,,,,,,,,,,
STDN,Standard Nuclear Inc,Basic Materials,Specialty Chemicals,,,,,1.22,55.13,5.06,,,,-29.350000000000005,1.12,995230.0,0.03,12.25,Aug 27/b,17.5,1920000000.0,HIGH,-12.48,-8.59,0.28,-7.82,0.4053,False,-7.62,True,6.63,7.392,4.376,-5.6089,,0.391,19.0,-12.48,21.0,-9.93,12.34,11300799.0,incomplete signals,,41.8,,,,,,,,,,
STOK,Stoke Therapeutics Inc,Healthcare,Biotechnology,,,-131.96,-32.51,-0.43,9.61,20.85,-23.43,-24.51,1.25,-38.34,1.0,894420.0,0.0,24.8,Aug 03/a,46.46,1600000000.0,HIGH,-21.57,-11.59,1.49,-16.91,0.2546,False,-14.31,False,-17.9,5.207,2.903,-3.0507,-26.93,1.17,23.0,-23.27,38.0,-16.1,24.8,23448952.0,shrinking revenue,,87.3,,,,,,,,,,
STXS,Stereotaxis Inc,Healthcare,Medical Instruments & Supplies,,,-1.49,-12.82,0.0,0.42,7.25,-23.7,-27.47,1.35,-63.23,1.0,849660.0,0.04,1.32,Aug 11/a,3.0,132259999.99999999,HIGH,-10.34,-4.41,0.79,-5.68,0.1484,False,-3.31,False,-5.55,4.89,3.846,-2.7595,-32.99,0.524,21.0,-10.34,32.0,-7.14,1.3,687324.0,shrinking revenue,,130.8,,,,,,,,,,
SUIG,Sui Group Holdings Ltd,Financial,Credit Services,,,-309.22,-2086.6,0.0,-1.25,1.55,40.54,28.93,1.3,-66.88,1.0,596810.0,0.94,1.56,Aug 06/a,2.7,119820000.0,HIGH,67.72,8.9,1.48,72.38,0.8373,True,40.83,True,55.56,8.014,5.346,-8.0578,-3.64,2.563,1.0,6.71,35.0,86.84,1.59,1263071.0,>40% above 50-day SMA; >20% above 20-day SMA; shrinking revenue,REVIEW,69.8,,,,,,,,,,
SUNE,SUNation Energy Inc,Technology,Solar,,,83.37,-37.52,100.0,16.67,8.18,7.08,2.11,2.59,-74.39,3.0,4470000.0,0.02,2.42,Mar 18/a,15000.0,15760000.0,HIGH,11.11,2.56,0.01,15.77,0.8346,False,-11.23,False,-4.5,19.821,4.583,-21.9658,-50.72,0.045,13.0,1.27,,,2.4,32712897.0,shrinking revenue,,624900.0,,,,,,,,,,
SVC,Service Properties Trust,Real Estate,REIT - Hotel & Motel,,,-659.08,-16.32,459.07,66.7,4.07,-22.92,-26.369999999999997,1.71,-52.59,2.0,1770000.0,0.0,6.59,Aug 05/a,10.42,853470000.0,HIGH,-16.26,-1.05,0.74,-11.6,0.289,False,-6.12,False,-14.63,3.609,3.187,-1.8522,-26.94,0.748,55.0,-24.69,36.0,-16.37,6.59,11181352.0,shrinking revenue,,58.1,,,,,,,,,,
SVIA,Silvia Inc,Financial,Capital Markets,,,-80744.44,,-0.31,-14.38,2.83,162.42,89.81,1.3,-63.01,,1390000.0,0.0,3.91,-,,345530000.0,HIGH,76.58,-3.69,0.61,81.24,0.9236,True,24.05,True,63.58,10.195,5.357,-6.5673,-21.44,2.145,8.0,24.84,,,3.92,9477845.0,>40% above 50-day SMA; >20% above 20-day SMA,,,,,,,,,,,,
SWRD,Stewards Inc,Financial,Credit Services,,,-76.28,4.61,0.0,0.0,0.29,-9.82,-17.33,1.53,-66.93,,664070.0,0.02,2.48,-,,523570000.00000006,LOW,,,,,,,,,,,,,,,,,,,,,low data confidence; incomplete signals,REVIEW,,,,,,,,,,,
TBPH,Theravance Biopharma Inc,Healthcare,Biotechnology,16.87,9.73,-110.55999999999999,-20.86,-10.22,,3.46,-3.4000000000000004,12.11,0.19,-19.02,3.0,865030.0,0.0,17.03,Aug 10/b,17.0,884180000.0,LOW,,,,,,,,,,,,,,,,,,,,,low data confidence; incomplete signals; shrinking revenue,,,,,,,,,,,,
TDAY,USA TODAY Co Inc,Communication Services,Publishing,,22.56,-84.8,-8.3,-0.05,0.4099999999999999,23.12,-23.11,-3.6000000000000005,1.4,-30.29,2.0,2190000.0,0.0,6.42,Aug 06/b,8.7,942570000.0,HIGH,1.26,0.47,0.57,5.92,0.0705,True,0.56,False,-10.21,3.783,3.427,-1.9248,-30.29,0.675,39.0,-26.12,36.0,-19.75,6.42,13746462.0,shrinking revenue,,35.5,,,,,,,,,,
TDOC,Teladoc Health Inc,Healthcare,Health Information Services,,,-15.72,-3.95,-9.72,5.54,15.32,-30.380000000000003,17.7,2.14,-38.81,2.57,4470000.0,0.02,6.05,Jul 29/a,7.58,1100000000.0,HIGH,-6.31,-2.87,0.9,-1.65,0.0967,False,-3.33,False,-12.5,3.771,3.448,-2.2461,-38.4,0.68,52.0,-34.3,41.0,-7.45,6.09,21162514.0,shrinking revenue,,24.5,,,,,,,,,,
TDS,Telephone And Data Systems Inc,Communication Services,Telecom Services,12.97,163.31,5025.29,-73.92,-0.54,5.78,5.99,-6.76,-15.79,0.32,-28.110000000000003,2.25,1260000.0,0.02,35.31,Aug 07/b,47.5,3800000000.0,HIGH,6.54,-2.4,0.91,11.2,0.1565,False,-1.75,True,2.3,2.592,2.734,-2.2298,-6.66,1.172,16.0,-0.06,35.0,8.7,35.85,55791724.0,shrinking revenue,,32.5,,,,,,,,,,
THO,Thor Industries Inc,Consumer Cyclical,Recreational Vehicles,21.31,14.74,-66.74,-8.38,0.0,2.74,11.2,-8.37,-11.41,1.41,-41.26,2.56,683230.0,0.0,72.15,Sep 22/b,80.6,3720000000.0,HIGH,-6.32,3.16,1.02,-1.66,0.1461,False,-0.96,False,-4.99,3.748,2.841,-2.3465,-11.66,1.71,33.0,-9.26,4.0,3.16,72.15,59981860.0,shrinking revenue,,11.7,,,,,,,,,,
THRY,Thryv Holdings Inc,Technology,Software - Application,,,-219.47,-28.389999999999997,11.46,0.58,7.78,-57.18,-31.15,0.86,-85.76,2.5,768680.0,0.0,1.79,Aug 04/b,4.0,79550000.0,HIGH,-5.79,-10.5,0.58,-1.13,0.1799,False,-5.65,False,-28.12,7.973,3.073,-5.162,-59.64,0.689,,,38.0,-39.73,1.79,1405061.0,shrinking revenue,,123.5,,,,,,,,,,
TNGX,Tango Therapeutics Inc,Healthcare,Biotechnology,,,-5.04,-100.0,-0.4699999999999999,22.98,33.73,-21.68,32.4,1.18,-25.85,1.17,2840000.0,0.0,25.5,Aug 11/b,45.18,4300000000.0,HIGH,6.77,11.6,1.13,11.43,0.1733,True,6.3,False,-1.56,6.415,5.197,-4.737,-22.54,1.618,4.0,11.6,33.0,-5.39,24.92,67969846.0,shrinking revenue,,81.3,,,,,,,,,,
TRIP,TripAdvisor Inc,Consumer Cyclical,Travel Services,818.81,7.7,-31.259999999999998,-16.47,-0.58,-0.08,31.43,-41.05,-18.2,0.86,-53.59,3.0,3680000.0,0.0,8.27,Aug 06/b,12.95,969240000.0,HIGH,-14.79,-4.43,0.83,-10.13,0.1966,False,-6.62,False,-22.85,4.773,5.826,-2.632,-44.49,1.453,43.0,-41.11,36.0,-19.29,8.41,39932727.0,shrinking revenue,,54.0,,,,,,,,,,
TRLV,Trulieve Cannabis Corp,Healthcare,Drug Manufacturers - Specialty & Generic,,21.22,-2821.78,-10.31,-5.37,26.030000000000005,3.15,32.03,133.27,1.8,-8.13,1.0,1420000.0,0.01,12.2,Aug 07/b,18.18,2350000000.0,HIGH,3.3,6.17,0.43,7.96,0.1404,True,3.4,True,18.28,6.195,3.112,-3.539,-5.57,1.403,4.0,6.17,35.0,39.54,12.21,27732098.0,shrinking revenue,,48.9,,,,,,,,,,
TRN,Trinity Industries Inc,Industrials,Railroads,6.72,12.54,608.23,-4.17,-1.41,6.13,5.54,-22.71,-11.31,1.34,-27.140000000000004,3.0,707260.0,0.0,27.91,Jul 30/b,33.0,2220000000.0,HIGH,-4.65,0.07,1.07,0.01,0.0509,False,-1.01,False,-8.82,2.093,1.684,-1.0739,-27.15,0.939,43.0,-24.77,41.0,-18.68,27.91,17363012.0,shrinking revenue,,18.2,,,,,,,,,,
TSHA,Taysha Gene Therapies Inc,Healthcare,Biotechnology,,,-40.13,-100.0,-0.77,11.07,18.74,-30.91,14.249999999999998,1.16,-36.3,1.08,3240000.0,0.01,4.65,Aug 11/a,13.0,1520000000.0,HIGH,-19.06,-7.34,1.33,-14.4,0.2517,False,-10.93,False,-18.17,5.206,4.604,-1.9125,-31.37,1.408,33.0,-26.69,32.0,-27.09,4.67,17934746.0,shrinking revenue,,178.4,,,,,,,,,,
TSSI,TSS Inc,Technology,Information Technology Services,19.29,31.11,-15.83,-20.08,-17.09,18.08,18.72,-18.33,-16.24,2.0,-54.98,1.0,905780.0,0.09,9.8,Aug 13/a,15.5,276540000.0,HIGH,21.1,12.54,1.28,25.76,0.2985,True,14.43,True,4.98,5.63,7.801,-4.137,-23.13,1.443,2.0,6.36,30.0,1.96,9.87,8662009.0,shrinking revenue,,57.0,,,,,,,,,,
TVRD,Tvardi Therapeutics Inc,Healthcare,Biotechnology,,,31.47,,0.0,-12.42,2.55,-33.51,-59.93999999999999,0.35,-97.09,1.78,2340000.0,0.16,1.27,Aug 14/b,9.25,16940000.0,HIGH,-30.22,-21.12,3.29,-25.56,0.5544,False,-25.07,False,-34.73,12.21,16.535,-7.87,-77.68,1.265,15.0,-31.35,30.0,-28.25,1.27,306432.0,illiquid (<$500K/day),,628.3,,,,,,,,,,
UA,Under Armour Inc,Consumer Cyclical,Apparel Manufacturing,,22.79,121.31,-3.27,0.37,9.4,23.04,-27.26,-22.74,1.53,-44.98,3.08,2960000.0,0.0,4.35,Aug 07/b,5.96,1880000000.0,HIGH,-11.54,-6.62,1.35,-6.88,0.1751,False,-9.23,False,-21.09,4.088,3.661,-2.1664,-40.34,1.142,52.0,-32.46,35.0,-26.31,4.37,11799841.0,shrinking revenue,,36.4,,,,,,,,,,
UAA,Under Armour Inc,Consumer Cyclical,Apparel Manufacturing,,23.11,121.31,-3.27,0.5,9.54,28.42,-28.27,-22.65,1.61,-45.52,3.15,8940000.0,0.01,4.44,Aug 07/b,5.89,1890000000.0,HIGH,-12.8,-7.13,1.13,-8.14,0.1846,False,-10.03,False,-21.85,4.563,4.515,-2.1932,-40.93,1.255,52.0,-32.98,35.0,-27.5,4.43,43226560.0,shrinking revenue,,33.0,,,,,,,,,,
UAMY,United States Antimony Corp,Basic Materials,Other Industrial Metals & Mining,,61.12,-50.0,-24.7,0.54,8.34,24.71,-35.78,-48.91,0.36,-77.32,1.0,6280000.0,0.1,4.47,Aug 11/a,11.19,669020000.0,HIGH,-7.22,-8.35,0.49,-2.56,0.2318,False,-7.36,False,-14.87,5.508,3.778,-4.4822,-45.05,0.665,35.0,-27.54,32.0,-9.46,4.5,28516663.0,shrinking revenue,,148.7,,,,,,,,,,
UAVS,AgEagle Aerial Systems Inc,Technology,Computer Hardware,,,19.58,-36.01,0.13,3.06,5.85,16.01,13.69,2.89,-65.73,1.0,1430000.0,0.23,1.0,Aug 14/a,18.15,62910000.0,HIGH,-8.33,-2.94,0.45,-3.67,0.2163,False,-2.8,True,7.31,5.411,3.03,-3.4124,-14.66,0.446,22.0,-8.33,29.0,7.61,0.99,1128451.0,shrinking revenue,,1733.3,,,,,,,,,,
UCB,United Community Banks Inc,Financial,Banks - Regional,11.2,10.24,50.970000000000006,-0.48,-3.1,1.96,4.3,-3.88,9.19,0.89,-7.93,2.14,891950.0,0.0,34.23,Jul 21/b,40.17,4130000000.0,HIGH,-2.7,-1.04,1.26,1.96,0.0661,False,-1.66,False,-3.2,1.959,1.344,-1.1489,-7.93,0.894,51.0,-4.92,48.0,-3.17,34.23,28196026.0,shrinking revenue,,17.4,,,,,,,,,,
UIS,Unisys Corp,Technology,Information Technology Services,,2.23,-363.31,-2.03,-1.4,-0.54,9.28,-37.99,16.34,1.97,-52.81,1.5,745190.0,0.0,2.35,Jul 29/a,4.81,171360000.0,HIGH,-13.75,-4.92,1.06,-9.09,0.1746,False,-6.98,False,-17.15,4.403,4.31,-2.0528,-46.3,0.779,54.0,-42.86,41.0,-26.35,2.32,1395985.0,shrinking revenue,,107.3,,,,,,,,,,
UNFI,United Natural Foods Inc,Consumer Defensive,Food Distribution,34.36,11.3,138.76,-0.7,-0.65,-0.37,5.25,-0.63,-0.07,0.97,-19.5,2.27,596830.0,0.0,45.9,Sep 08/b,54.0,2770000000.0,HIGH,0.11,-0.82,0.91,4.77,0.0893,True,1.7,False,-2.59,4.167,1.832,-2.4329,-11.59,1.051,40.0,-7.8,14.0,4.37,45.85,33009708.0,shrinking revenue,,17.8,,,,,,,,,,
UPB,Upstream Bio Inc,Healthcare,Biotechnology,,,2.11,-17.5,-0.06,3.66,12.04,-21.36,-37.14,1.33,-83.82,1.5,582210.0,0.0,5.45,Aug 11/b,29.83,298500000.0,HIGH,-19.88,-0.09,0.7,-15.22,0.3476,False,-7.51,False,-16.48,5.244,5.97,-2.7689,-33.0,0.765,27.0,-21.75,33.0,-24.4,5.36,3589260.0,shrinking revenue,,456.5,,,,,,,,,,
UPWK,Upwork Inc,Communication Services,Internet Content & Information,10.62,5.95,-15.869999999999997,-1.68,-4.6,-7.739999999999999,15.09,-2.29,-25.3,1.05,-64.45,2.45,3310000.0,0.0,8.12,Aug 10/a,9.88,1010000000.0,HIGH,-9.65,-2.63,1.0,-4.99,0.1652,False,-5.12,False,-7.82,3.541,3.067,-2.1265,-17.76,0.751,34.0,-15.72,33.0,-2.51,8.15,24289601.0,shrinking revenue,,21.2,,,,,,,,,,
UPXI,Upexi Inc,Communication Services,Internet Content & Information,,,-72.32,-26.57,0.0,-3.17,24.76,43.48,19.09,-0.23,-84.63,1.0,2900000.0,0.21,1.19,Sep 17/a,2.0,97780000.0,HIGH,13.89,-2.38,1.22,18.55,0.3127,True,12.18,True,28.41,7.48,7.317,-5.7678,-8.07,1.881,6.0,16.59,6.0,16.59,1.23,5763464.0,shrinking revenue,,62.6,,,,,,,,,,
USDE,StableCoinX Inc,Financial,Capital Markets,,,-2093.88,,0.0,8.35,7.58,389.19,62.09,0.91,-6.909999999999999,,5500000.0,3.23,16.29,-,,391450000.0,HIGH,155.18,36.9,1.36,159.84,1.3546,True,86.39,True,215.83,10.708,18.319,-15.5683,-1.43,1.172,2.0,34.03,,,17.25,56896569.0,>40% above 50-day SMA; >20% above 20-day SMA; fresh >10% breakout,,,,,,,,,,,,
UTZ,Utz Brands Inc,Consumer Defensive,Packaged Foods,,16.9,-195.24,1.39,0.0,1.14,12.76,80.31,90.28,0.73,-1.6099999999999999,2.8,3490000.0,0.0,14.1,Aug 05/b,14.31,2029999999.9999998,HIGH,0.28,0.14,0.49,4.94,0.0068,True,0.07,True,2.46,0.278,0.14,-0.1538,-0.63,0.248,11.0,0.07,37.0,0.92,14.24,21282052.0,deal-pinned,,0.5,,,,,,,,,,
UWMC,UWM Holdings Corp,Financial,Mortgage Finance,,3.57,-310.77,-62.46000000000001,-31.5,3.0,25.43,-41.9,-64.33,1.85,-80.88,2.1,17810000.0,0.0,1.22,Aug 05/a,2.69,1960000000.0,HIGH,-18.12,-3.17,0.74,-13.46,0.2819,False,-8.51,False,-19.97,6.253,4.098,-2.7332,-46.49,0.724,,,36.0,1.67,1.22,15634291.0,shrinking revenue,,120.5,,,,,,,,,,
VBIO,Valion Bio Inc,Healthcare,Biotechnology,,,16.56,-100.0,,,4.32,-79.49,-87.87,1.79,-96.42,,609350.0,0.94,2.82,May 14/a,,2500000.0,HIGH,0.17,27.31,0.86,4.83,0.7136,True,15.51,False,-36.85,14.847,23.399,-10.5926,-90.68,3.67,,,,,3.03,2768670.0,shrinking revenue,,,,,,,,,,,,
VC,Visteon Corp,Consumer Cyclical,Auto Parts,16.49,8.64,-23.51,-0.93,-11.85,2.93,15.58,-12.24,2.98,1.29,-28.749999999999996,1.83,522289.99999999994,0.0,90.46,Jul 23/b,129.0,2410000000.0,HIGH,-11.33,-1.56,1.05,-6.67,0.1764,False,-7.6,False,-11.32,3.312,1.382,-1.5194,-17.42,1.032,31.0,-14.97,46.0,-9.64,90.46,46473385.0,shrinking revenue,,42.6,,,,,,,,,,
VEEE,Twin Vee PowerCats Co,Consumer Cyclical,Recreational Vehicles,,,84.25,-34.22,-35.11,-2.4,4.75,178.71,17.23,0.92,-89.13,1.0,2670000.0,0.01,13.88,May 07/b,74.0,8109999.999999999,HIGH,34.65,-19.08,0.04,39.31,0.9262,True,30.2,True,11.56,14.543,7.097,-23.7084,-74.86,6.438,5.0,62.59,,,13.95,26771859.0,>20% above 20-day SMA; shrinking revenue,,430.5,,,,,,,,,,
VERI,Veritone Inc,Technology,Software - Infrastructure,,,56.35,1.04,0.96,5.02,21.43,2.29,-27.169999999999998,2.39,-85.77,1.0,3430000.0,0.05,1.34,Aug 13/a,6.33,134610000.0,HIGH,64.16,11.97,0.93,68.82,0.7447,True,27.71,True,22.52,8.397,8.397,-5.8314,-16.83,0.783,5.0,19.09,30.0,13.91,1.31,2903302.0,>20% above 20-day SMA,,383.2,,,,,,,,,,
VISN,Vistance Networks Inc,Technology,Communication Equipment,6.68,8.79,1697.9200000000003,-76.98,-1.6500000000000001,10.93,13.84,-16.24,23.16,2.52,-18.4,2.5,12080000.0,0.0,6.15,Aug 06/b,14.67,1420000000.0,HIGH,2.64,-4.01,0.64,7.3,0.0877,False,-3.03,False,-34.68,3.192,3.055,-10.9429,-51.06,0.631,,,36.0,-38.42,6.22,61178704.0,shrinking revenue,,135.9,,,,,,,,,,
VITL,Vital Farms Inc,Consumer Defensive,Farm Products,,31.06,-299.2,-10.14,0.66,-19.15,29.74,-12.04,-24.35,1.06,-77.99,2.18,1640000.0,0.0,9.94,Aug 06/b,13.22,426740000.0,HIGH,-7.78,-18.64,0.78,-3.12,0.2889,False,-4.74,False,-12.84,6.394,3.99,-5.0241,-29.21,1.354,7.0,-0.8,36.0,-18.71,9.95,18172571.0,shrinking revenue,,32.9,,,,,,,,,,
VNDA,Vanda Pharmaceuticals Inc,Healthcare,Biotechnology,,,-125.07,-3.92,0.0,3.4099999999999997,14.85,-17.75,-26.919999999999998,0.68,-49.2,1.4,885130.0,0.08,5.05,Aug 05/a,11.75,305340000.0,HIGH,-4.54,-2.13,0.95,0.12,0.1289,False,-2.83,False,-3.42,3.253,2.772,-2.0825,-23.72,0.927,27.0,-7.17,36.0,-0.79,5.05,3954552.0,shrinking revenue,,132.7,,,,,,,,,,
VNT,Vontier Corp,Technology,Scientific & Technical Instruments,13.08,8.32,-68.39,-2.17,0.0,2.96,8.75,9.65,-10.34,1.13,-34.69,1.92,1480000.0,0.0,31.48,Aug 06/b,40.22,4260000000.0,HIGH,-3.91,0.77,0.76,0.75,0.0818,False,-1.47,False,-2.62,2.495,2.255,-1.5561,-13.94,0.763,36.0,-6.37,36.0,-6.37,31.48,41536437.0,shrinking revenue,,27.8,,,,,,,,,,
VREX,Varex Imaging Corp,Healthcare,Medical Devices,35.35,17.24,117.16,3.6900000000000004,-15.83,-2.85,3.37,84.87,71.95,0.97,-0.97,3.0,860320.0,0.04,18.45,Aug 10/b,18.95,783450000.0,HIGH,-0.27,-0.11,0.8,4.39,0.0051,False,-0.17,True,13.98,0.255,0.26,-0.1485,-0.97,0.535,7.0,-0.11,34.0,48.67,18.45,13163610.0,deal-pinned,,2.7,,,,,,,,,,
VSNT,Versant Media Group Inc,Communication Services,Entertainment,6.21,4.86,-28.54,-3.75,0.0,3.5699999999999994,3.98,-8.15,-6.75,,-44.0,2.38,1780000.0,0.0,33.04,Aug 06/b,45.33,4590000000.0,HIGH,-20.04,-5.48,0.77,-15.38,0.3027,False,-11.99,False,-12.37,3.49,3.659,-2.3185,-22.57,0.965,17.0,-18.63,36.0,-8.35,32.8,63403111.0,shrinking revenue,,38.2,,,,,,,,,,
VSTS,Vestis Corp,Industrials,Rental & Leasing Services,,17.43,1711.76,-1.8000000000000003,2.86,-2.93,7.42,-8.63,75.75,1.09,-19.82,3.25,1450000.0,0.0,13.55,Aug 11/b,13.0,1790000000.0,HIGH,9.38,-4.08,0.75,14.04,0.2032,True,2.82,False,-1.3,4.332,3.7,-2.5848,-19.23,0.978,5.0,-1.23,33.0,-1.59,13.65,22072520.0,shrinking revenue,,-4.8,,,,,,,,,,
VTIX,Virtuix Holdings Inc,Technology,Computer Hardware,,,-208.9,-25.66,-10.39,16.69,4.64,-57.879999999999995,-82.78,,-98.76,1.33,676680.0,0.0,1.15,Aug 19/a,8.07,39070000.0,HIGH,-12.69,-1.68,0.65,-8.03,0.3927,False,-0.01,False,-24.25,9.274,4.274,-5.3992,-65.99,0.292,,,26.0,-6.4,1.17,341264.0,illiquid (<$500K/day); shrinking revenue,,589.7,,,,,,,,,,
VUZI,Vuzix Corp,Technology,Consumer Electronics,,,8.67,-14.06,-0.33,-1.56,23.81,7.690000000000001,35.48,1.76,-47.69,1.0,972320.0,0.03,2.94,Aug 13/a,6.0,248180000.0,HIGH,13.51,-3.29,0.97,18.17,0.2956,True,11.81,True,12.76,5.977,9.184,-4.1925,-12.24,1.088,5.0,6.91,30.0,11.36,2.94,1899532.0,shrinking revenue,,104.1,,,,,,,,,,
VYGR,Voyager Therapeutics Inc,Healthcare,Biotechnology,,,28.96,-39.13,-0.11,0.96,7.09,-25.14,-32.32,1.26,-51.71,1.09,593580.0,0.15,2.68,Aug 06/a,14.89,165140000.0,HIGH,-24.29,-12.99,1.43,-19.63,0.3076,False,-16.13,False,-16.27,5.224,5.597,-3.0509,-31.46,1.236,20.0,-22.54,35.0,-14.38,2.68,1583344.0,shrinking revenue,,455.6,,,,,,,,,,
VYX,NCR Voyix Corp,Technology,Information Technology Services,17.57,6.98,74.83,-21.47,-0.83,4.08,21.67,-10.39,15.67,1.41,-45.01,1.29,2550000.0,0.0,7.16,Aug 05/b,12.96,988580000.0,HIGH,-19.48,-3.02,0.75,-14.82,0.4034,False,-11.07,False,-12.78,6.658,2.546,-4.34,-30.28,1.135,38.0,-18.17,37.0,-20.38,7.07,25086534.0,shrinking revenue,,83.3,,,,,,,,,,
WEAV,Weave Communications Inc,Healthcare,Health Information Services,,29.7,53.44,15.52,0.0,7.380000000000001,7.42,19.9,68.19,1.69,-4.55,3.0,2770000.0,0.0,7.35,Aug 06/a,7.4,588100000.0,HIGH,0.82,0.41,0.87,5.48,0.0106,True,0.42,True,7.51,0.394,0.408,-0.2382,-4.05,0.491,4.0,0.41,35.0,38.94,7.35,15914180.0,deal-pinned,,0.7,,,,,,,,,,
WGO,Winnebago Industries Inc,Consumer Cyclical,Recreational Vehicles,19.97,11.59,-18.07,-9.86,-1.31,0.88,9.4,-13.4,-17.35,1.17,-45.87,2.33,593730.0,0.0,27.15,Oct 21/b,34.4,767500000.0,HIGH,-11.27,-0.22,0.89,-6.61,0.2007,False,-4.65,False,-10.31,3.491,2.541,-2.4592,-18.2,1.057,27.0,-13.31,,,27.15,15936883.0,shrinking revenue,,26.7,,,,,,,,,,
WHLR,Wheeler Real Estate Investment Trust Inc,Real Estate,REIT - Retail,,,100.01,-13.61,,,,-98.05,-99.8,1.13,-100.0,3.0,2110000.0,1.27,4.53,-,5.0,2570000.0,HIGH,-46.0,151.21,1.69,-41.34,2.4057,True,42.3,False,-69.53,29.445,20.346,-183.448,-98.01,7.794,,,,,5.2,34181724.0,>20% above 20-day SMA; shrinking revenue,,-3.8,,,,,,,,,,
WHR,Whirlpool Corp,Consumer Cyclical,"Furnishings, Fixtures & Appliances",10.64,8.96,-0.72,-6.81,0.0,-2.64,24.94,-16.7,-39.04,1.15,-66.62,3.0,2490000.0,0.02,31.65,Aug 03/a,42.55,2060000000.0,HIGH,-22.94,-2.85,1.08,-18.28,0.35,False,-10.73,False,-17.03,4.516,5.393,-2.8376,-32.68,1.033,38.0,-19.13,38.0,-19.13,31.71,100944369.0,shrinking revenue,,34.2,,,,,,,,,,
WLY,John Wiley & Sons Inc,Communication Services,Publishing,12.58,8.97,-206.6,-2.63,0.0,0.1,11.92,-1.33,24.28,0.75,-17.23,1.0,543490.0,0.0,47.55,Sep 03/b,68.0,2410000000.0,HIGH,-11.47,0.55,0.81,-6.81,0.1596,False,-3.19,False,-6.47,3.475,3.449,-1.8919,-17.23,0.793,43.0,-6.78,16.0,-6.14,47.55,30908761.0,shrinking revenue,,43.0,,,,,,,,,,
WNC,Wabash National Corp,Industrials,Farm & Heavy Construction Machinery,,10.76,-143.54,-9.06,-0.45000000000000007,-3.9,10.86,-4.15,56.720000000000006,1.46,-8.91,1.0,1030000.0,0.01,13.18,Jul 29/b,22.5,536920000.0,HIGH,-2.25,10.52,1.63,2.41,0.2719,True,2.09,True,2.39,5.054,9.747,-4.5671,-9.95,0.852,17.0,2.04,42.0,5.08,13.03,9266515.0,shrinking revenue,,72.7,,,,,,,,,,
WOLF,Wolfspeed Inc,Technology,Semiconductors,,,34.73,-24.06,0.0,47.7,74.83,-39.47,73.45,1.98,-86.53,3.0,3750000.0,0.13,26.78,Aug 19/a,27.5,1420000000.0,HIGH,6.65,-0.51,0.64,11.31,0.2387,True,4.76,True,1.97,6.984,4.606,-4.791,-41.17,0.604,29.0,-13.27,26.0,4.63,27.57,62733703.0,shrinking revenue,,-0.3,,,,,,,,,,
WRBY,Warby Parker Inc,Healthcare,Medical Instruments & Supplies,438.22,44.25,358.04,9.81,-3.53,18.61,17.25,-11.66,30.84,1.91,-14.19,1.81,2780000.0,0.08,26.6,Aug 06/b,30.46,3290000000.0,HIGH,6.84,14.88,1.22,11.5,0.1752,True,9.81,True,4.98,5.778,5.279,-4.1435,-13.64,1.622,2.0,14.39,36.0,-0.93,26.71,77004223.0,fresh >10% breakout,,14.0,,,,,,,,,,
WU,Western Union Company,Financial,Credit Services,5.0,4.09,-33.96,-1.15,-0.54,-3.1,16.05,-18.74,-28.98,0.53,-40.1,3.81,9850000.0,0.02,6.2,Jul 30/a,6.8,1930000000.0,HIGH,-14.64,-0.32,0.89,-9.98,0.264,False,-8.31,False,-14.45,3.317,4.045,-2.0854,-30.95,0.92,52.0,-21.57,40.0,-2.83,6.18,61335964.0,shrinking revenue,REVIEW,10.0,,,,,,,,,,
WVE,Wave Life Sciences Inc,Healthcare,Biotechnology,,,-10.46,-73.88,38.04,6.03,10.67,-33.13,-40.33,-1.46,-82.52,1.17,3080000.0,0.01,3.8,Jul 30/b,19.94,748450000.0,HIGH,-25.0,-11.27,1.22,-20.34,0.3169,False,-16.9,False,-26.85,5.593,6.614,-2.7486,-41.67,1.04,,,41.0,-34.38,3.78,15141226.0,shrinking revenue,,427.5,,,,,,,,,,
XHLD,TEN Holdings Inc,Communication Services,Broadcasting,,,41.35,-34.5,0.0,0.57,8.1,683.54,1100.93,5.6,-16.7,1.0,4330000.0,0.05,12.85,Aug 10/b,120.0,153910000.0,HIGH,39.25,23.8,0.35,43.91,0.5222,True,25.57,True,98.88,13.862,6.95,-8.9614,-16.06,0.428,2.0,7.2,34.0,541.09,12.95,37331076.0,>40% above 50-day SMA; >20% above 20-day SMA; shrinking revenue,,826.6,,,,,,,,,,
XOS,Xos Inc,Industrials,Farm & Heavy Construction Machinery,,,39.55,-74.23,-5.32,11.91,12.86,-9.79,53.56999999999999,1.79,-68.8,2.0,2830000.0,0.0,2.58,Aug 13/a,4.0,36680000.0,HIGH,-22.02,3.15,0.73,-17.36,0.3761,False,-5.38,False,-2.9,5.556,8.015,-2.8926,-47.07,0.036,28.0,25.36,30.0,25.06,2.62,661448.0,shrinking revenue,,52.7,,,,,,,,,,
XPOF,Xponential Fitness Inc,Consumer Cyclical,Leisure,,7.92,-770.8,-13.44,2.1,-3.2199999999999998,30.43,-45.45,-32.17,1.19,-57.84,2.75,833260.0,0.01,3.9,Aug 06/a,5.6,192080000.0,HIGH,-27.81,1.03,0.51,-23.15,0.578,False,-8.86,False,-24.59,7.352,5.485,-4.8774,-44.63,0.793,,,35.0,-22.07,3.92,2965136.0,shrinking revenue,,42.9,,,,,,,,,,
XPON,Expion Energy Inc,Industrials,Electrical Equipment & Parts,,,72.72,-32.1,0.0,26.52,23.07,-14.81,-29.659999999999997,0.67,-78.15,,2490000.0,0.0,4.72,Mar 17/b,48.0,4780000.0,HIGH,-37.41,-3.92,0.06,-32.75,0.5961,False,-14.09,True,1.17,9.841,4.614,-6.0397,-60.47,0.034,22.0,-11.57,,,4.66,3869080.0,shrinking revenue,,930.0,,,,,,,,,,
XPRO,Expro Ltd,Energy,Oil & Gas Equipment & Services,95.77,19.2,-88.65,-6.99,-1.05,-5.77,7.05,20.86,-3.91,0.95,-10.5,2.29,988520.0,0.0,17.21,Jul 28/b,17.4,1930000000.0,HIGH,-7.27,-0.49,0.76,-2.61,0.1712,False,-5.44,False,-4.7,3.95,5.328,-2.3876,-15.08,0.685,27.0,-11.11,43.0,5.9,16.33,13884043.0,shrinking revenue,,6.6,,,,,,,,,,
XRAY,DENTSPLY Sirona Inc,Healthcare,Medical Instruments & Supplies,,6.24,181.71,-4.06,3.15,2.64,12.44,-12.85,-17.79,0.86,-36.09,2.68,5100000.0,0.0,9.43,Aug 06/a,13.71,1880000000.0,HIGH,-15.47,-0.42,1.08,-10.81,0.2791,False,-9.26,False,-18.86,4.331,3.617,-3.1646,-34.9,1.038,38.0,-33.47,35.0,-22.44,9.4,46041021.0,shrinking revenue,,45.9,,,,,,,,,,
XTND,Xtend AI Robotics Inc,Technology,Computer Hardware,,,-87.41,146.18,0.0,,0.83,-15.120000000000001,-45.24,3.48,-77.32,1.0,638320.0,0.13,3.98,Sep 02,9.5,991800000.0,MEDIUM,,-10.56,0.61,,,,,,,12.078,7.286,,,,,,,,3.98,,incomplete signals,,138.7,,,,,,,,,,
YEXT,Yext Inc,Technology,Software - Infrastructure,37.01,8.51,390.62,-1.76,-22.97,-9.27,7.3,45.72,51.88,1.14,-28.35,3.0,1090000.0,0.0,6.47,Sep 01/b,7.0,640390000.0,HIGH,-6.37,0.78,0.67,-1.71,0.1135,True,0.53,True,7.06,3.914,4.019,-2.2644,-17.89,0.93,21.0,-0.46,18.0,-0.92,6.47,8207031.0,shrinking revenue,,8.2,,,,,,,,,,
ZD,Ziff Davis Inc,Communication Services,Advertising Agencies,,9.8,-329.73,-18.59,-3.39,-3.58,16.78,8.62,36.17,1.12,-6.25,2.14,654490.0,0.02,56.7,Aug 06/a,63.67,1940000000.0,HIGH,1.24,-1.67,0.88,5.9,0.0913,False,-0.41,True,2.51,2.964,2.159,-1.532,-6.56,0.831,10.0,0.52,35.0,10.91,56.51,41238466.0,shrinking revenue,,12.7,,,,,,,,,,
ZNB,Zeta Network Group,Communication Services,Entertainment,,,-409.55,28.550000000000004,-99.67,-41.78,6.55,-74.21,-92.64,2.72,-99.97,,680770.0,0.02,1.35,-,,1310000.0,HIGH,-16.67,-4.93,0.7,-12.01,0.3311,False,-9.06,False,-33.77,8.783,8.148,-4.6608,-72.78,0.032,,,,,1.35,54353.0,illiquid (<$500K/day),,,,,,,,,,,,
ZSQR,Z Squared Inc,Technology,Software - Infrastructure,,,71.07,689.06,0.04,17.82,8.14,-67.61,-64.61,-0.24,-82.34,1.0,540710.0,0.03,3.78,-,80.0,200340000.0,HIGH,-2.07,43.18,1.3,2.59,0.5707,True,26.98,False,-1.29,10.729,14.021,-10.1757,-68.47,1.151,,,,,3.78,1285632.0,>20% above 20-day SMA,,2016.4,,,,,,,,,,
ZYME,Zymeworks BC Inc,Healthcare,Biotechnology,,23.55,-2162.88,-90.58,0.0,-2.51,7.17,11.12,10.75,1.16,-14.550000000000002,1.0,637770.0,0.03,26.78,Aug 06/a,41.23,1920000000.0,HIGH,-6.19,-1.08,1.54,-1.53,0.2084,False,-4.23,True,2.4,3.973,2.47,-2.8875,-15.38,1.11,19.0,-6.19,35.0,14.66,26.52,19559410.0,shrinking revenue,,55.5,,,,,,,,,,
