ticker,company,sector,industry,pe,fwd_pe,eps_qq,sales_qq,insider_trans,inst_trans,short_float,perf_quarter,perf_half,beta,pct_from_52w_high,recom,avg_volume,rel_volume,price,earnings,target_price,market_cap,data_confidence,momentum_20d,momentum_5d,volume_ratio,rs_vs_iwm,bb_width,above_sma20,pct_vs_sma20,above_sma50,pct_vs_sma50,atr_pct,last_range_pct,breakout_session,breakout_move_pct,earnings_sessions_ago,post_earnings_move_pct,latest_price,avg_dollar_volume,gate_fail,review_flag,target_upside,mom_rank,vol_rank,bb_rank,composite_score
GDYN,Grid Dynamics Holdings Inc,Technology,Information Technology Services,240.64,15.63,-43.61,6.99,-0.08,-8.67,7.57,30.219999999999995,30.020000000000003,0.96,-19.39,1.33,1940000.0,0.74,8.23,Jul 30/a,9.2,667670000.0,HIGH,9.73,4.31,1.28,15.04,0.0836,True,4.12,True,16.34,3.333,4.131,1.0,3.13,31.0,19.45,8.23,8508947.0,,,11.8,0.9041769041769042,0.7893120393120393,0.8722358722358723,0.8601
BV,BrightView Holdings Inc,Industrials,Specialty Business Services,,18.41,-119.75,1.31,0.2,0.22,5.67,-12.72,-4.74,1.18,-25.0,1.82,1020000.0,1.64,11.25,Aug 04/a,15.45,1040000000.0,HIGH,-0.88,0.63,1.96,4.43,0.0545,True,0.31,False,-9.85,2.678,2.756,42.0,-21.87,28.0,6.13,11.25,9571526.0,,,37.3,0.6965601965601965,0.9680589680589681,0.9680589680589681,0.8595
CLNE,Clean Energy Fuels Corp,Energy,Oil & Gas Refining & Marketing,,,26.58,3.34,-0.17,1.34,4.76,-6.81,-18.35,1.89,-42.77,1.57,1820000.0,1.97,1.78,Aug 06/a,4.36,392400000.0,HIGH,7.23,8.54,2.04,12.54,0.1214,True,9.37,False,-4.32,4.535,8.427,41.0,-24.26,26.0,12.66,1.78,2876884.0,,,144.9,0.8746928746928747,0.9772727272727273,0.7174447174447174,0.8583
CON,Concentra Group Holdings Parent Inc,Healthcare,Medical Care Facilities,23.54,19.47,45.65,10.03,-4.09,1.66,2.43,27.3,60.08,0.62,-0.25,1.0,925040.0,1.18,35.81,Aug 06/a,41.0,4570000000.0,HIGH,0.79,5.7,1.55,6.1,0.0634,True,3.42,True,8.26,2.197,4.273,1.0,2.46,26.0,17.26,35.81,24390922.0,,,14.5,0.7542997542997543,0.9066339066339066,0.9373464373464373,0.8549
BWIN,Baldwin Insurance Group Inc,Financial,Insurance Brokers,,12.9,-804.09,30.130000000000003,-5.81,0.13,12.17,76.5,51.95000000000001,1.01,-1.81,1.89,1430000.0,15.89,32.0,Jul 30/a,32.93,4460000000.0,HIGH,4.0,7.71,11.26,9.31,0.1172,True,4.55,True,10.57,3.787,1.438,1.0,7.93,31.0,19.9,32.0,63063847.0,,,2.9,0.8316953316953317,1.0,0.7358722358722358,0.8534
LTC,LTC Properties Inc,Real Estate,REIT - Healthcare Facilities,15.63,23.08,74.05,63.83,1.24,10.01,4.8,15.78,9.05,0.55,-1.2,2.11,565350.0,1.23,42.64,Aug 05/a,45.25,2300000000.0,HIGH,5.26,1.5,1.34,10.57,0.0849,True,3.6,True,5.07,1.854,1.524,1.0,0.88,27.0,10.12,42.64,21410526.0,,,6.1,0.855036855036855,0.8243243243243243,0.8697788697788698,0.8502
NRXP,NRX Pharmaceuticals Inc,Healthcare,Biotechnology,,,55.24,,0.0,13.449999999999998,24.3,-9.11,87.63,2.06,-30.959999999999997,1.0,924180.0,1.3,3.49,Aug 17/b,34.67,151110000.0,HIGH,1.75,0.58,1.77,7.06,0.0932,True,0.5,False,-3.91,4.431,7.307,14.0,1.16,20.0,6.73,3.49,2366470.0,,,893.4,0.7800982800982801,0.9447174447174447,0.8421375921375922,0.8481
REI,Ring Energy Inc,Energy,Oil & Gas E&P,,6.14,173.32,26.729999999999997,1.2,19.3,3.02,17.83,1.33,0.97,-24.0,1.67,4710000.0,1.14,1.52,Aug 05/a,2.08,396020000.0,HIGH,8.57,0.0,1.42,13.88,0.112,True,2.98,True,14.06,3.9,3.947,3.0,2.7,27.0,23.58,1.52,5583036.0,,,36.8,0.8906633906633906,0.8624078624078624,0.7585995085995085,0.8426
CTKB,Cytek BioSciences Inc,Healthcare,Medical Devices,,,-113.40999999999998,5.57,0.0,-5.73,4.15,21.97,20.45,1.2,-21.84,2.0,1270000.0,0.92,4.83,Aug 05/a,5.56,627820000.0,HIGH,1.9,4.55,1.43,7.21,0.0811,True,3.56,True,5.7,4.237,6.004,1.0,4.77,27.0,16.11,4.83,3808194.0,,,15.1,0.7837837837837838,0.8685503685503686,0.8820638820638821,0.8387
CVBF,CVB Financial Corp,Financial,Banks - Regional,15.74,11.47,-21.58,37.86,1.15,25.759999999999998,5.15,7.16,21.08,0.66,-2.82,1.83,1420000.0,1.2,22.75,Jul 22/a,26.17,4000000000.0,HIGH,-1.73,1.97,1.79,3.58,0.053,True,1.35,True,0.72,1.617,1.714,21.0,-1.77,37.0,2.29,22.75,21455463.0,,,15.0,0.6547911547911548,0.9484029484029484,0.9692874692874693,0.8372
EGY,VAALCO Energy Inc,Energy,Oil & Gas E&P,,17.21,395.23,39.5,0.0,7.88,8.04,14.84,16.33,0.21,-6.7,1.0,1330000.0,1.5,6.27,Aug 06/a,9.67,659550000.0,HIGH,7.18,3.13,1.62,12.49,0.1257,True,4.94,True,11.48,2.7,2.552,4.0,3.13,26.0,21.51,6.27,7395019.0,,,54.2,0.8734643734643734,0.9201474201474201,0.7051597051597052,0.837
NMAX,Newsmax Inc,Communication Services,Broadcasting,,53.02,103.81,16.53,-0.2,7.719999999999999,7.9,39.19,62.16,2.51,-16.18,1.0,1130000.0,1.41,11.4,Aug 13/a,18.5,1470000000.0,HIGH,10.04,6.44,1.34,15.35,0.1156,True,5.41,True,21.66,4.986,5.57,19.0,10.04,21.0,20.13,11.4,12906647.0,,,62.3,0.9090909090909091,0.8243243243243243,0.7450859950859952,0.8345
TARA,Protara Therapeutics Inc,Healthcare,Biotechnology,,,-0.37,,-3.35,4.36,8.49,0.26,-25.670000000000005,1.44,-50.0,1.0,503980.0,1.46,3.91,Aug 11/b,25.71,231060000.0,HIGH,-1.76,0.51,1.99,3.55,0.0632,True,0.15,False,-2.1,3.566,5.038,46.0,-6.9,24.0,0.0,3.91,1441061.0,,,557.5,0.6535626535626535,0.9717444717444718,0.9385749385749386,0.8345
PDM,Piedmont Realty Trust Inc,Real Estate,REIT - Office,,,34.22,2.73,0.0,5.48,5.93,1.1,38.76,1.4,-9.14,2.5,1070000.0,3.41,9.2,Jul 28/a,10.75,1150000000.0,HIGH,-1.71,-3.26,2.97,3.6,0.0728,False,-4.17,False,-4.21,2.826,6.957,33.0,-4.37,33.0,-4.37,9.2,11696321.0,,,16.8,0.6560196560196561,0.995085995085995,0.9090909090909091,0.8337
INVA,Innoviva Inc,Healthcare,Biotechnology,5.09,9.07,-247.03999999999996,18.61,0.0,-1.31,9.73,-8.09,-5.13,0.39,-16.88,2.0,756480.0,1.25,20.9,Aug 05/a,35.0,1510000000.0,HIGH,-0.29,-2.06,1.34,5.02,0.045,False,-0.87,False,-1.8,2.105,2.01,,,27.0,1.9,20.9,13912639.0,,,67.5,0.7235872235872236,0.8243243243243243,0.9815724815724816,0.8312
NSP,Insperity Inc,Industrials,Staffing & Employment Services,,18.89,177.96,1.69,26.039999999999996,3.1,8.75,39.23,152.53,0.56,-8.84,3.0,593680.0,0.81,50.96,Jul 29/a,51.75,1950000000.0,HIGH,0.99,2.68,1.52,6.3,0.0901,False,-1.12,True,0.9,4.801,4.18,34.0,1.41,32.0,-4.17,50.96,16297954.0,,,1.6,0.7628992628992629,0.898034398034398,0.8538083538083538,0.8307
TSLX,Sixth Street Specialty Lending Inc,Financial,Asset Management,19.39,9.97,-32.11,30.8,0.21,,5.67,7.99,2.47,0.67,-26.150000000000002,1.27,546580.0,1.39,18.25,Aug 04/a,19.77,1740000000.0,HIGH,-1.03,1.16,1.94,4.28,0.0811,False,-1.2,True,1.59,1.914,1.863,22.0,-2.93,28.0,1.33,18.25,7253745.0,,,8.3,0.6873464373464373,0.9637592137592138,0.8820638820638821,0.8287
FCF,First Commonwealth Financial Corp,Financial,Banks - Regional,13.09,10.87,36.59,0.6,-6.83,1.2,3.29,7.380000000000001,27.04,0.74,-4.31,1.83,778890.0,1.19,21.38,Jul 28/a,24.08,2160000000.0,HIGH,-0.6,1.33,1.34,4.71,0.0497,True,1.52,True,1.41,1.69,1.45,29.0,-1.66,33.0,0.05,21.38,14552806.0,,,12.6,0.7082309582309583,0.8243243243243243,0.9754299754299754,0.8232
PNNT,PennantPark Investment Corp,Financial,Asset Management,23.2,6.43,-45.19,26.55,0.0,,4.1,-3.36,-17.81,0.66,-46.7,3.0,673780.0,1.23,3.6,Aug 10/a,4.75,235070000.0,HIGH,-0.83,-1.64,1.64,4.48,0.0795,False,-2.54,True,1.43,2.49,2.083,27.0,3.45,24.0,-2.96,3.6,1860959.0,,,31.9,0.7002457002457002,0.9226044226044227,0.8869778869778869,0.823
ABM,ABM Industries Inc,Industrials,Specialty Business Services,17.92,11.39,25.920000000000005,4.19,-5.63,2.21,3.87,7.969999999999999,27.91,0.64,-3.3099999999999996,2.33,503630.0,1.29,49.59,Sep 08/b,55.93,2910000000.0,HIGH,3.92,-2.0,1.36,9.23,0.1058,True,3.99,True,4.48,2.904,2.803,5.0,5.4,5.0,5.4,49.59,22946071.0,,,12.8,0.8304668304668305,0.8341523341523341,0.7954545454545454,0.8211
GNW,Genworth Financial Inc,Financial,Insurance - Life,20.12,9.38,-0.4099999999999999,2.29,-3.2,-2.78,2.57,18.97,33.5,0.86,-0.84,1.0,3070000.0,1.3,10.6,Aug 05/a,12.0,4010000000.0,HIGH,5.05,1.73,1.27,10.36,0.102,True,4.6,True,6.67,1.988,1.604,1.0,1.05,27.0,9.39,10.6,32049219.0,,,13.2,0.8513513513513513,0.7813267813267813,0.8144963144963144,0.8193
TALO,Talos Energy Inc,Energy,Oil & Gas E&P,,20.02,183.96,56.53,-7.33,0.88,7.54,18.05,27.79,0.42,-4.23,1.69,1980000.0,1.06,17.66,Aug 04/a,20.18,2950000000.0,HIGH,7.62,2.91,1.22,12.93,0.1022,True,3.23,True,13.53,3.389,3.426,18.0,7.95,28.0,24.54,17.66,29516925.0,,,14.3,0.8796068796068796,0.7438574938574939,0.8132678132678133,0.819
SPSC,SPS Commerce Inc,Technology,Software - Application,40.07,15.59,-63.75999999999999,5.56,-0.24,1.15,9.46,50.31,37.13,0.62,-27.72,2.79,646730.0,1.11,83.03,Jul 30/a,75.45,2990000000.0,HIGH,8.92,5.1,1.39,14.23,0.1321,True,2.19,True,13.67,4.461,3.252,12.0,3.17,31.0,26.13,83.03,42056016.0,,,-9.1,0.8955773955773956,0.8544226044226044,0.6775184275184275,0.8178
MH,McGraw Hill Inc,Consumer Defensive,Education & Training Services,27.31,6.38,9980.0,2.65,0.01,-3.2099999999999995,9.58,12.590000000000002,-2.58,-0.76,-26.44,1.23,796540.0,1.1,13.24,Aug 13/b,17.92,2530000000.0,HIGH,3.68,3.84,1.55,8.99,0.1226,True,1.96,True,13.94,3.884,5.098,15.0,-0.45,22.0,14.14,13.24,7396424.0,,,35.3,0.8267813267813268,0.9066339066339066,0.714987714987715,0.8172
SLDE,Slide Insurance Holdings Inc,Financial,Insurance - Property & Casualty,6.39,7.08,90.44,47.86,-12.31,9.21,8.79,57.07,48.61,-0.0,4.54,1.5,1180000.0,2.14,26.23,Jul 28/a,26.0,3060000000.0,HIGH,21.44,7.24,2.08,26.75,0.1874,True,10.82,True,19.55,2.728,4.918,2.0,7.28,33.0,22.57,26.23,27461200.0,,,-0.9,0.9643734643734644,0.9803439803439803,0.45638820638820643,0.8168
GRNT,Granite Ridge Resources Inc,Energy,Oil & Gas E&P,,7.3,19.0,36.67,0.29,4.82,7.57,4.07,-1.16,0.18,-16.68,1.57,1050000.0,2.49,5.12,Aug 06/a,7.93,675330000.0,HIGH,-2.66,0.39,1.72,2.65,0.0521,True,0.3,True,4.85,2.609,2.148,20.0,0.2,26.0,9.87,5.12,7550876.0,,,54.9,0.6105651105651105,0.9355036855036855,0.9711302211302212,0.8162
STGW,Stagwell Inc,Communication Services,Advertising Agencies,149.15,7.15,-63.36999999999999,11.53,-1.5700000000000003,-0.05,8.57,32.73,42.39,1.3,-7.85,1.5,1370000.0,0.92,8.8,Jul 30/b,9.86,2150000000.0,HIGH,1.15,1.5,1.18,6.46,0.0552,True,1.02,True,5.04,2.955,2.386,24.0,-3.19,32.0,8.91,8.8,9340162.0,,,12.0,0.7714987714987716,0.714987714987715,0.9643734643734644,0.8124
AVPT,AvePoint Inc,Technology,Software - Infrastructure,43.07,27.44,957.63,22.03,-0.17,5.33,7.54,25.120000000000005,30.39,1.18,-15.479999999999999,1.57,2190000.0,1.0,13.6,Aug 06/a,16.72,2880000000.0,HIGH,2.64,3.23,1.43,7.95,0.118,True,1.83,True,4.05,3.571,6.324,12.0,2.95,26.0,6.33,13.6,20602782.0,,,22.9,0.8071253071253072,0.8685503685503686,0.7328009828009828,0.8033
KOS,Kosmos Energy Ltd,Energy,Oil & Gas E&P,,9.66,266.54,54.82,-1.87,-0.26,4.26,1.7399999999999998,25.319999999999997,0.86,-12.57,2.36,14560000.0,1.12,2.92,Aug 03/b,3.19,1740000000.0,HIGH,12.31,2.46,1.35,17.62,0.1469,True,2.31,True,12.52,5.333,8.904,18.0,6.57,30.0,15.42,2.92,34546807.0,,,9.2,0.9213759213759214,0.8298525798525799,0.6136363636363636,0.8016
SDGR,Schrodinger Inc,Healthcare,Health Information Services,,,113.42000000000002,7.539999999999999,-0.76,-0.52,17.52,43.6,65.87,1.7,-9.86,1.57,1150000.0,1.7,20.75,Aug 05/a,21.43,1550000000.0,HIGH,19.25,3.59,1.98,24.56,0.1954,True,5.77,True,17.66,5.161,12.337,9.0,6.41,27.0,26.52,20.75,19515257.0,,,3.3,0.957002457002457,0.9705159705159705,0.4213759213759214,0.8004
HIW,Highwoods Properties Inc,Real Estate,REIT - Office,20.51,44.73,401.14,7.93,0.0,11.63,10.71,2.75,42.94,1.07,-13.48,2.8,1570000.0,0.78,30.66,Jul 28/a,32.33,3380000000.0,HIGH,0.0,0.52,1.22,5.31,0.0607,False,-1.13,False,-3.75,2.076,1.598,33.0,-8.86,33.0,-8.86,30.66,31439986.0,,,5.4,0.7285012285012284,0.7438574938574939,0.9453316953316954,0.7982
TOWN,Townebank Portsmouth VA,Financial,Banks - Regional,10.47,10.67,304.51,86.68,,2.3,3.07,4.71,15.479999999999999,0.73,-4.29,2.25,632830.0,0.94,37.35,Jul 23/b,40.0,3440000000.0,HIGH,-0.64,0.76,1.19,4.67,0.0363,True,0.02,True,0.49,1.455,1.178,35.0,1.91,37.0,3.89,37.35,18793470.0,,,7.1,0.7051597051597052,0.7235872235872236,0.995085995085995,0.7977
PRDO,Perdoceo Education Corp,Consumer Defensive,Education & Training Services,12.01,10.63,22.43,1.8000000000000003,-13.33,2.02,7.29,-2.88,-7.6,0.71,-14.13,1.0,701350.0,0.8,33.06,Aug 06/a,44.0,2069999999.9999998,HIGH,3.18,-0.09,1.06,8.49,0.0476,True,0.03,True,0.51,2.943,4.537,47.0,-5.76,26.0,1.88,33.06,17676770.0,,,33.1,0.816953316953317,0.5884520884520884,0.9791154791154791,0.7971
WKC,World Kinect Corp,Energy,Oil & Gas Refining & Marketing,,13.68,115.48,50.47999999999999,-9.0,6.12,16.84,10.37,53.55,1.23,-15.02,3.67,1170000.0,0.97,35.01,Jul 23/a,37.67,1790000000.0,HIGH,-1.77,-1.05,1.29,3.54,0.0438,False,-1.61,False,-3.87,2.587,3.37,36.0,-3.47,36.0,-3.47,35.01,31519030.0,,,7.6,0.6523341523341524,0.7960687960687961,0.9852579852579852,0.7953
SBH,Sally Beauty Holdings Inc,Consumer Cyclical,Specialty Retail,8.32,7.15,24.72,0.22999999999999998,-3.2300000000000004,0.6,21.87,15.6,10.11,1.03,-10.66,2.4,1390000.0,1.03,16.01,Aug 03/b,17.0,1500000000.0,HIGH,-1.42,-0.93,1.32,3.89,0.064,False,-2.09,True,1.58,3.319,3.248,24.0,-4.42,30.0,6.95,16.01,17806927.0,,,6.2,0.6670761670761671,0.8126535626535627,0.9336609336609336,0.7907
RPAY,Repay Holdings Corp,Technology,Software - Infrastructure,,3.72,88.56,33.16,0.0,-2.6,6.11,9.79,38.58,1.89,-37.87,1.4,553880.0,1.12,3.7,Aug 10/a,6.85,326290000.0,HIGH,5.41,0.54,1.57,10.72,0.1543,False,-0.59,False,-3.82,4.218,4.73,54.0,3.35,24.0,0.0,3.7,1460961.0,,,85.1,0.8587223587223587,0.9115479115479116,0.5761670761670762,0.7898
WK,Workiva Inc,Technology,Software - Application,92.91,18.74,169.31,18.64,-0.15,-1.59,8.78,55.1,23.22,0.52,-21.84,1.38,871480.0,1.29,75.89,Aug 04/a,84.0,4130000000.0,HIGH,8.62,2.96,1.37,13.93,0.15,True,1.22,True,16.45,3.935,2.728,12.0,1.87,28.0,23.9,75.89,61808414.0,,,10.7,0.8918918918918919,0.8433660933660934,0.5982800982800982,0.7893
KRP,Kimbell Royalty Partners LP,Energy,Oil & Gas E&P,20.89,16.35,1882.2099999999998,37.76,-0.14,-0.61,3.89,-2.75,0.75,0.41,-6.08,1.57,801490.0,1.33,14.84,Aug 07/b,20.17,1910000000.0,HIGH,-0.87,-1.79,1.18,4.44,0.0463,False,-1.42,False,-0.67,1.779,1.584,16.0,-2.18,26.0,2.27,14.84,13661580.0,,,35.9,0.6984029484029484,0.714987714987715,0.9803439803439803,0.788
PRCT,Procept BioRobotics Corp,Healthcare,Medical Devices,,,-33.31,19.34,0.59,-3.6000000000000005,13.27,-18.23,-22.52,0.91,-47.58,2.53,1580000.0,1.07,21.02,Aug 04/a,21.64,1200000000.0,HIGH,-0.33,-1.55,1.6,4.98,0.1147,False,-0.81,True,4.01,5.238,4.377,25.0,2.99,28.0,14.99,21.02,22220900.0,,,2.9,0.7199017199017199,0.9170761670761671,0.7493857493857494,0.7879
GRAL,GRAIL Inc,Healthcare,Diagnostics & Research,,,19.7,25.72,-8.32,5.5,20.29,26.200000000000003,75.41,3.3,-36.44,2.1,626070.0,1.83,75.53,Aug 05/a,77.0,3370000000.0,HIGH,7.98,-4.51,1.75,13.29,0.1738,False,-3.17,True,2.91,5.454,4.104,14.0,-1.37,27.0,19.13,75.53,50908629.0,,,1.9,0.8857493857493858,0.9422604422604423,0.5024570024570025,0.7877
CFFN,Capitol Federal Financial,Financial,Banks - Regional,13.69,11.5,34.51,6.5,0.0,0.7,5.67,8.0,28.76,0.67,-3.7800000000000002,2.33,830510.0,1.01,8.91,Jul 29/b,9.5,1120000000.0,HIGH,2.18,1.25,1.08,7.49,0.0602,True,2.7,True,2.49,1.643,1.571,1.0,1.02,33.0,1.83,8.91,6695273.0,,,6.6,0.7936117936117936,0.6167076167076168,0.9484029484029484,0.787
ADMA,Adma Biologics Inc,Healthcare,Biotechnology,12.97,9.69,19.33,1.9799999999999998,0.11,-3.7699999999999996,11.12,11.33,-39.67,0.7,-55.32,1.33,2700000.0,1.14,9.14,Aug 05/a,18.67,2049999999.9999998,HIGH,-2.14,-4.19,1.61,3.17,0.0903,False,-4.01,False,-0.87,2.618,3.392,27.0,-1.3,27.0,-1.3,9.14,18133411.0,,,104.3,0.6363636363636364,0.918918918918919,0.8525798525798526,0.786
SABR,Sabre Corp,Technology,Software - Infrastructure,1.32,12.14,86.2,3.61,0.0,3.2,9.38,27.940000000000005,36.36,1.06,-5.23,2.71,4440000.0,1.37,2.17,Aug 06/b,2.14,877800000.0,HIGH,0.93,-3.76,1.5,6.24,0.1238,True,1.33,True,8.42,5.859,3.908,15.0,3.57,27.0,2.59,2.17,8763266.0,,,-1.4,0.7604422604422605,0.8931203931203932,0.7113022113022114,0.7855
MD,Pediatrix Medical Group Inc,Healthcare,Medical Care Facilities,12.93,11.03,6.619999999999999,4.04,-2.73,0.49,6.02,10.74,37.58,0.61,-3.6900000000000004,2.71,792190.0,0.95,26.91,Aug 04/b,26.33,2190000000.0,HIGH,2.16,-0.11,1.04,7.47,0.0421,True,0.83,True,1.85,2.784,4.757,4.0,-0.11,29.0,8.9,26.91,19230221.0,,,-2.2,0.7923832923832924,0.5651105651105651,0.9901719901719902,0.7835
NWBI,Northwest Bancshares Inc,Financial,Banks - Regional,14.91,10.73,38.52,18.31,0.14,1.7000000000000002,5.59,5.1,26.839999999999996,0.69,-3.7699999999999996,2.75,1090000.0,0.89,15.55,Jul 27/a,16.57,2280000000.0,HIGH,-0.89,0.32,1.15,4.42,0.0366,True,0.85,True,0.61,1.452,1.543,29.0,-2.08,34.0,0.91,15.55,12881641.0,,,6.6,0.6953316953316954,0.6855036855036855,0.9938574938574939,0.7819
TDC,Teradata Corp,Technology,Software - Infrastructure,6.18,10.09,409.80999999999995,0.49,-3.4300000000000006,17.98,17.42,-11.0,10.5,0.62,-29.7,2.73,3020000.0,0.67,29.37,Aug 04/a,34.0,2730000000.0,HIGH,6.68,5.8,1.06,11.99,0.0898,True,4.64,False,-0.45,3.179,4.631,1.0,5.5,28.0,11.97,29.37,53959337.0,,,15.8,0.871007371007371,0.5884520884520884,0.8562653562653563,0.7818
CE,Celanese Corp,Basic Materials,Chemicals,,7.13,-37.48,8.69,1.19,3.8900000000000006,5.94,-16.27,-22.45,0.75,-36.66,1.86,1760000.0,1.03,44.78,Aug 04/a,62.78,4910000000.0,HIGH,-0.47,0.56,1.23,4.84,0.0753,False,-1.12,False,-1.56,3.659,2.635,,,28.0,3.8,44.78,66671822.0,,,40.2,0.714987714987715,0.7512285012285013,0.9011056511056511,0.7817
CRC,California Resources Corp,Energy,Oil & Gas E&P,,13.57,199.18,33.01,-32.55,-2.2,4.62,-4.81,-9.24,1.0,-22.49,1.38,840910.0,1.23,55.79,Aug 10/b,75.79,4960000000.0,HIGH,4.22,0.4,1.2,9.53,0.1121,True,3.5,True,5.28,2.719,3.746,2.0,-0.82,25.0,7.12,55.79,46518934.0,,,35.8,0.8378378378378378,0.7303439803439803,0.7567567567567568,0.7813
XMAX,XMax Inc,Consumer Cyclical,"Furnishings, Fixtures & Appliances",20.36,,2619.43,7.06,,19.38,14.46,9.01,42.65,1.23,-6.06,,947390.0,0.87,8.83,-,,569750000.0,HIGH,-1.34,3.64,1.45,3.97,0.1003,True,0.34,True,0.7,2.346,4.077,25.0,-2.86,,,8.83,5017895.0,,,,0.6707616707616708,0.8796068796068796,0.8206388206388207,0.7784
WTI,W & T Offshore Inc,Energy,Oil & Gas E&P,,,156.44,32.89,-0.58,14.980000000000002,15.47,-1.48,18.69,0.34,-21.26,1.0,3990000.0,1.5,4.0,Aug 05/a,5.05,603780000.0,HIGH,6.67,1.01,1.84,11.98,0.182,True,3.9,True,9.81,4.893,7.0,4.0,1.01,27.0,23.08,4.0,12654865.0,,,26.2,0.8697788697788698,0.9539312039312039,0.4735872235872236,0.7762
EPR,EPR Properties,Real Estate,REIT - Specialty,18.87,19.09,-12.68,10.11,-3.1300000000000003,0.98,9.04,-1.7399999999999998,4.98,1.02,-9.48,2.23,722580.0,1.45,58.81,Jul 29/a,64.79,4510000000.0,HIGH,-2.79,-1.82,1.27,2.52,0.0436,False,-1.83,False,-3.31,1.765,2.721,34.0,-7.28,32.0,-8.01,58.81,46981189.0,,,10.2,0.6081081081081081,0.7813267813267813,0.9864864864864865,0.7736
RDN,Radian Group Inc,Financial,Insurance - Specialty,9.21,6.95,-17.01,80.8,2.95,-0.55,4.06,3.4300000000000006,8.67,0.7,-12.67,1.43,1170000.0,0.99,35.85,Aug 05/a,43.8,4740000000.0,HIGH,-3.24,-0.55,1.31,2.07,0.0447,False,-1.58,False,-4.23,1.787,1.757,33.0,-8.71,27.0,-1.13,35.85,32179834.0,,,22.2,0.5909090909090909,0.8065110565110565,0.9828009828009828,0.7732
HRMY,Harmony Biosciences Holdings Inc,Healthcare,Biotechnology,13.46,9.71,88.57,30.320000000000004,-0.42,-3.46,10.29,20.55,50.45,1.0,-4.48,1.82,824570.0,1.27,41.54,Aug 04/b,47.36,2420000000.0,HIGH,8.91,-1.26,1.31,14.22,0.1554,True,3.24,True,9.0,2.932,1.854,9.0,5.49,29.0,16.69,41.54,32437738.0,,,14.0,0.8943488943488943,0.8065110565110565,0.5737100737100738,0.7718
EXPO,Exponent Inc,Industrials,Engineering & Construction,31.06,26.3,16.39,20.89,-4.61,-2.8,6.3,21.22,2.7,0.7,-15.57,1.6,508770.0,0.98,69.19,Jul 30/a,84.0,3290000000.0,HIGH,4.53,1.94,1.06,9.84,0.0898,False,-0.15,True,4.37,2.567,3.064,12.0,-1.63,31.0,7.16,69.19,25853623.0,,,21.4,0.8439803439803439,0.5884520884520884,0.8562653562653563,0.771
HAE,Haemonetics Corp,Healthcare,Medical Devices,51.85,18.52,2.63,5.6,0.0,3.4799999999999995,6.41,35.95,77.42,0.61,-2.98,1.83,766820.0,1.16,106.31,Aug 06/b,108.4,4840000000.0,HIGH,17.77,3.37,1.2,23.08,0.158,True,2.1,True,17.46,2.363,4.355,16.0,-1.76,27.0,27.17,106.31,77668884.0,,,2.0,0.9533169533169533,0.7303439803439803,0.5657248157248157,0.7701
OLLI,Ollies Bargain Outlet Holdings Inc,Consumer Defensive,Discount Stores,17.21,15.59,42.99,9.09,-5.81,3.56,13.11,-7.48,-29.5,0.43,-44.67,1.44,1970000.0,1.09,77.02,Sep 02/b,99.93,4580000000.0,HIGH,2.79,0.18,1.17,8.1,0.1101,True,3.1,True,6.47,4.701,6.284,26.0,-1.22,8.0,6.47,77.02,136747233.0,,,29.7,0.812039312039312,0.7063882063882064,0.773955773955774,0.7689
SBGI,Sinclair Inc,Communication Services,Broadcasting,18.68,,-14.529999999999998,7.139999999999999,-0.34,4.01,8.95,2.42,2.13,1.1,-19.52,3.0,525170.0,0.86,14.39,Aug 05/a,18.17,1040000000.0,HIGH,0.98,4.28,1.16,6.29,0.0915,True,1.78,True,1.98,3.246,4.1,21.0,0.77,27.0,3.45,14.39,5509665.0,,,26.3,0.7616707616707616,0.6977886977886978,0.8488943488943489,0.7687
BXDC,Blackstone Digital Infrastructure Trust Inc,Real Estate,REIT - Specialty,,,,,103.27,94.79,2.42,-10.34,,,-14.760000000000002,2.17,952570.0,1.75,19.52,Aug 04/b,23.58,1960000000.0,HIGH,-3.98,-3.79,1.65,1.33,0.0782,False,-3.74,False,-4.3,2.847,2.818,13.0,-5.61,29.0,-3.37,19.52,20418709.0,,,20.8,0.558968058968059,0.9238329238329238,0.8894348894348895,0.7676
CCC,CCC Intelligent Solutions Holdings Inc,Technology,Software - Application,95.89,12.91,81.12,9.78,-0.02,0.91,9.42,46.96,12.29,0.46,-31.72,1.69,10040000.0,2.25,6.76,Jul 30/b,8.75,3980000000.0,HIGH,1.05,-4.52,2.14,6.36,0.1612,False,-6.44,True,2.28,4.481,5.621,12.0,-7.4,32.0,11.74,6.76,75917244.0,,,29.4,0.7671990171990172,0.9828009828009828,0.5509828009828011,0.767
VTS,Vitesse Energy Inc,Energy,Oil & Gas E&P,,71.88,30.25,11.31,-0.0,22.11,21.61,7.93,-4.35,0.57,-26.729999999999997,1.8,524260.0,1.12,18.51,Aug 03/a,20.2,779350000.0,HIGH,11.3,2.66,1.22,16.61,0.1519,True,5.88,True,12.64,2.307,2.971,6.0,6.32,29.0,19.27,18.51,8517175.0,,,9.1,0.9164619164619164,0.7438574938574939,0.5909090909090908,0.767
STLN,Starling Oncology Inc,Healthcare,Medical Care Facilities,,,46.7,34.62,0.97,3.88,10.72,22.79,129.58,0.42,-7.519999999999999,1.0,1680000.0,0.89,6.52,Aug 06/a,9.25,651880000.0,HIGH,3.33,3.16,1.36,8.64,0.1433,True,4.14,True,11.69,5.645,8.85,18.0,1.87,26.0,30.66,6.52,6940968.0,,,41.9,0.8206388206388207,0.8341523341523341,0.6271498771498771,0.7666
LADR,Ladder Capital Corp,Real Estate,REIT - Mortgage,23.17,8.6,-15.15,15.509999999999998,-0.22,3.8699999999999997,5.18,-5.03,-3.9,0.99,-18.05,1.29,1120000.0,1.01,9.62,Jul 23/b,12.0,1220000000.0,HIGH,-2.63,-1.64,1.25,2.68,0.0521,False,-2.19,False,-1.86,1.693,1.559,18.0,-2.93,37.0,0.84,9.62,8809942.0,,,24.7,0.6130221130221131,0.7622850122850123,0.9711302211302212,0.7652
WAY,Waystar Holding Corp,Healthcare,Health Information Services,35.45,13.26,18.57,18.11,-0.4099999999999999,4.76,10.49,32.8,3.06,0.22,-38.29,1.16,2670000.0,1.19,24.9,Jul 29/a,33.3,4770000000.0,HIGH,0.89,2.72,1.55,6.2,0.1426,True,0.15,True,4.68,4.574,5.301,11.0,-1.39,32.0,18.91,24.9,50868202.0,,,33.7,0.757985257985258,0.9066339066339066,0.6314496314496314,0.7646
CGEM,Cullinan Therapeutics Inc,Healthcare,Biotechnology,,,27.0,,-0.31,6.709999999999999,21.39,48.91,51.22,-0.07,-12.03,1.0,851880.0,1.66,20.4,Aug 06/b,34.25,1310000000.0,HIGH,-0.92,-5.95,1.84,4.39,0.1396,False,-6.07,True,5.03,5.052,11.863,14.0,-6.51,27.0,15.84,20.4,16611435.0,,,67.9,0.6941031941031941,0.9539312039312039,0.6486486486486487,0.7584
CXT,Crane NXT Co,Industrials,Business Equipment & Supplies,20.6,10.6,41.93,21.96,0.35,11.47,16.14,17.28,17.84,1.07,-27.810000000000002,1.43,786080.0,0.7,49.81,Aug 05/a,70.17,2870000000.0,HIGH,-1.03,0.42,1.15,4.28,0.0685,False,-0.13,False,-2.51,2.94,4.035,2.0,-1.11,27.0,-4.89,49.81,23899363.0,,,40.9,0.6873464373464373,0.6855036855036855,0.9250614250614251,0.7581
PRVA,Privia Health Group Inc,Healthcare,Health Information Services,96.89,50.05,228.23,21.39,-7.339999999999999,2.47,4.6,-10.88,-3.6900000000000004,0.8,-27.55,1.16,1220000.0,1.12,20.88,Aug 06/b,31.67,2670000000.0,HIGH,-2.88,0.48,1.3,2.43,0.0696,False,-0.05,False,-10.62,2.675,2.299,45.0,-24.05,27.0,-5.09,20.88,21902052.0,,,51.7,0.601965601965602,0.8003685503685504,0.921990171990172,0.7575
CRGY,Crescent Energy Co,Energy,Oil & Gas E&P,,6.86,117.15,55.34,-44.56,-0.9000000000000001,10.04,25.989999999999995,21.68,0.91,-0.55,1.61,5940000.0,1.02,14.59,Aug 03/a,17.24,4820000000.0,HIGH,14.97,2.82,1.13,20.28,0.1476,True,5.48,True,21.06,3.161,3.496,3.0,2.46,29.0,29.34,14.59,74771543.0,,,18.2,0.9361179361179361,0.6676904176904177,0.606879606879607,0.7568
FULT,Fulton Financial Corp,Financial,Banks - Regional,11.37,10.31,-1.58,7.580000000000001,-2.57,6.16,4.93,1.67,20.87,0.79,-5.87,2.5,1820000.0,0.92,23.75,Jul 22/a,25.69,4530000000.0,HIGH,-2.94,0.55,1.22,2.37,0.0486,True,0.11,False,-1.62,1.606,1.726,42.0,-2.74,37.0,-2.1,23.75,32665204.0,,,8.2,0.5982800982800983,0.7438574938574939,0.9778869778869779,0.7558
ARR,ARMOUR Residential REIT Inc,Real Estate,REIT - Mortgage,4.16,5.28,191.47,8.35,-9.85,7.99,9.98,-9.36,-9.25,1.38,-19.73,2.33,3820000.0,1.55,15.5,Jul 22/a,18.38,2190000000.0,HIGH,-5.83,-4.5,1.78,-0.52,0.0612,False,-4.38,False,-5.93,1.604,1.871,21.0,-7.3,37.0,-3.91,15.5,53327903.0,,,18.6,0.4711302211302211,0.9471744471744472,0.9428746928746928,0.7555
PGNY,Progyny Inc,Healthcare,Healthcare Plans,30.25,18.32,78.89,5.3,-2.35,-2.52,5.97,4.58,59.14,1.01,-15.770000000000001,1.33,1200000.0,0.89,27.85,Aug 06/a,34.42,2140000000.0000002,HIGH,9.95,2.58,1.02,15.26,0.1116,True,6.23,False,-3.11,2.763,2.011,2.0,2.84,26.0,-0.89,27.85,27341736.0,,,23.6,0.9078624078624079,0.5423832923832924,0.7616707616707616,0.7544
FBP,First Bancorp PR,Financial,Banks - Regional,11.87,11.05,25.64,4.7,-1.42,-2.83,4.44,10.39,36.98,0.83,-5.79,1.57,1420000.0,1.16,28.15,Jul 22/b,31.71,4300000000.0,HIGH,-4.71,0.25,1.45,0.6,0.0705,False,-0.3,False,-0.18,1.715,1.67,22.0,-3.63,38.0,1.85,28.15,32188776.0,,,12.6,0.5282555282555282,0.8796068796068796,0.9189189189189189,0.7509
OLMA,Olema Pharmaceuticals Inc,Healthcare,Biotechnology,,,-18.14,,-0.15,0.2,22.28,4.26,-30.049999999999997,1.99,-71.62,1.17,1260000.0,1.45,10.29,Aug 10/a,36.5,900350000.0,HIGH,-4.46,-6.33,2.03,0.85,0.1033,False,-3.57,False,-8.41,5.174,5.637,26.0,-12.8,24.0,-1.34,10.29,9562810.0,,,254.7,0.5393120393120393,0.9754299754299754,0.8058968058968059,0.7501
WT,WisdomTree Inc,Financial,Asset Management,43.74,17.17,67.69,57.31,-0.88,-0.22999999999999998,10.53,26.82,49.34,1.17,-12.04,1.71,2720000.0,1.36,22.79,Jul 31/b,24.33,3450000000.0,HIGH,-1.3,-6.67,1.53,4.01,0.1283,False,-4.71,True,4.75,4.773,5.704,16.0,0.62,31.0,21.22,22.79,58069512.0,,,6.8,0.6762899262899262,0.9011056511056511,0.6965601965601966,0.7498
FUBO,fuboTV Inc,Communication Services,Broadcasting,2.75,,10.99,289.96,-6.49,1.8799999999999997,22.91,20.75,-16.88,2.39,-79.04,1.4,1480000.0,1.15,11.87,Aug 05/b,17.0,1300000000.0,HIGH,15.58,5.7,1.41,20.89,0.2098,True,10.18,True,18.95,6.145,6.613,1.0,2.95,28.0,24.29,11.87,12995579.0,,,43.2,0.9398034398034398,0.8587223587223587,0.37714987714987713,0.7467
FA,First Advantage Corp,Industrials,Specialty Business Services,154.08,14.81,5322.22,14.88,-11.79,5.84,13.33,35.11,104.97000000000001,1.1,-11.41,1.9,2240000.0,0.59,22.28,Aug 06/b,26.25,3830000000.0,HIGH,9.75,8.0,0.94,15.06,0.0976,True,6.91,True,6.41,3.564,3.636,1.0,5.0,27.0,8.37,22.28,29169661.0,,,17.8,0.9066339066339066,0.44594594594594594,0.8329238329238329,0.7463
GRND,Grindr Inc,Technology,Software - Application,30.64,19.97,18.97,32.54,-0.13,-2.4,28.22,35.14,31.85,0.19,-14.97,1.33,1630000.0,0.76,15.73,Aug 06/a,20.8,2730000000.0,HIGH,-0.51,1.75,1.06,4.8,0.0595,True,1.18,False,-0.96,3.184,2.734,31.0,-7.2,26.0,-5.13,15.73,18069103.0,,,32.2,0.7113022113022113,0.5884520884520884,0.9508599508599509,0.7463
OPCH,Option Care Health Inc,Healthcare,Medical Care Facilities,18.15,11.51,14.13,1.86,3.51,-40.46,8.61,15.560000000000002,-18.09,0.58,-34.81,1.79,2300000.0,0.68,23.99,Jul 29/b,28.58,3590000000.0,HIGH,2.65,1.05,0.93,7.96,0.0496,True,1.09,True,4.19,2.09,2.001,25.0,0.84,33.0,6.72,23.99,39493374.0,,,19.1,0.8083538083538083,0.4318181818181818,0.9766584766584767,0.7459
IKT,Inhibikase Therapeutics Inc,Healthcare,Biotechnology,,,-1.81,,0.0,12.98,17.99,43.11,19.5,0.88,-8.43,1.0,749310.0,0.64,2.39,Aug 11/a,6.0,333490000.0,HIGH,0.0,-1.65,1.2,5.31,0.1073,False,-1.36,True,3.45,4.277,3.556,7.0,-4.4,23.0,-0.42,2.39,978468.0,,,151.0,0.7285012285012284,0.7303439803439803,0.7837837837837838,0.7456
UNIT,Uniti Group Inc,Real Estate,REIT - Specialty,3.64,,-809.52,202.5,0.0,-1.33,10.07,-23.76,25.91,1.41,-24.87,2.78,2290000.0,0.88,9.72,Jul 30/b,10.84,2360000000.0,HIGH,-1.32,-5.17,1.12,3.99,0.067,False,-2.9,False,-5.11,3.145,2.829,,,32.0,4.63,9.72,18032965.0,,,11.5,0.6732186732186732,0.6584766584766585,0.9275184275184275,0.7451
VIA,Via Transportation Inc,Technology,Software - Application,,62.28,9.93,26.669999999999998,0.18,-0.33,17.72,77.28,60.49,1.38,-52.459999999999994,1.1,924690.0,0.71,26.77,Aug 06/b,34.0,2180000000.0,HIGH,5.31,1.44,1.2,10.62,0.1473,False,-0.85,True,16.6,4.532,4.856,12.0,-3.04,27.0,25.33,26.77,14751290.0,,,27.0,0.8562653562653563,0.7303439803439803,0.6105651105651106,0.7448
AVO,Mission Produce Inc,Consumer Defensive,Food Distribution,373.47,16.42,-137.94,25.8,11.36,18.66,9.3,14.38,5.43,0.44,-17.51,1.0,1030000.0,0.69,12.81,Sep 08/a,16.5,1120000000.0,HIGH,-1.08,-0.47,1.14,4.23,0.0775,False,-1.11,False,-1.2,3.439,2.576,4.0,-0.47,4.0,-0.47,12.81,8095679.0,,,28.8,0.6842751842751843,0.6756756756756757,0.8931203931203932,0.7443
HPK,HighPeak Energy Inc,Energy,Oil & Gas E&P,,,215.25,35.94,0.0,25.290000000000003,40.86,6.75,39.43,0.36,-8.2,5.0,507200.0,0.69,8.38,Aug 10/a,6.0,1060000000.0,HIGH,6.35,2.82,1.0,11.66,0.1038,True,2.85,True,10.4,4.851,6.325,3.0,2.07,24.0,5.81,8.38,2847207.0,,,-28.4,0.8660933660933661,0.5202702702702703,0.8034398034398035,0.7436
OFRM,Once Upon a Farm PBC,Consumer Defensive,Packaged Foods,,36.22,47.51,42.28,-0.01,5.48,25.24,-15.35,-10.02,,-37.11,1.89,500010.0,1.28,16.98,Aug 06/a,25.25,713000000.0,HIGH,-2.64,-1.22,1.84,2.67,0.1261,False,-0.99,False,-1.15,4.838,5.065,52.0,-17.09,26.0,-2.58,16.98,5939073.0,,,48.7,0.6117936117936118,0.9539312039312039,0.703931203931204,0.7421
BFRI,Biofrontera Inc,Healthcare,Drug Manufacturers - Specialty & Generic,,6.8,91.8,32.92,0.0,2.02,1.99,57.21000000000001,56.38999999999999,0.84,-18.07,1.0,502990.0,4.71,1.36,Aug 13/b,6.0,20200000.0,HIGH,0.74,-12.82,2.87,6.05,0.1814,False,-9.11,True,5.24,8.687,15.809,6.0,-9.93,22.0,8.8,1.36,1219974.0,,,341.2,0.7530712530712531,0.9938574938574939,0.47542997542997545,0.742
SBCF,Seacoast Banking Corp Of Florida,Financial,Banks - Regional,21.86,12.4,9.83,30.010000000000005,-2.83,2.33,4.97,7.109999999999999,15.259999999999998,0.91,-5.27,2.5,1010000.0,1.01,34.36,Jul 28/a,37.04,3330000000.0,HIGH,-4.02,-0.46,1.32,1.29,0.0707,False,-0.11,True,0.58,1.994,1.775,23.0,-2.86,33.0,2.11,34.36,26327919.0,,,7.8,0.5565110565110565,0.8126535626535627,0.9176904176904177,0.7417
COLD,Americold Realty Trust Inc,Real Estate,REIT - Industrial,,128.9,-22229.63,1.87,-0.2,-6.94,9.3,3.53,34.5,0.93,-11.32,2.59,3910000.0,1.06,14.97,Aug 06/b,16.38,4269999999.9999995,HIGH,3.24,7.08,1.17,8.55,0.1332,True,1.63,True,0.4,3.189,3.641,14.0,-0.93,27.0,6.7,14.97,52157423.0,,,9.4,0.8181818181818182,0.7063882063882064,0.6707616707616708,0.7404
LXU,LSB Industries Inc,Basic Materials,Chemicals,21.8,15.04,-304.8,11.1,-22.12,1.43,6.26,-9.42,-25.869999999999997,0.42,-35.75,2.0,805260.0,1.29,11.06,Jul 29/a,13.5,796290000.0,HIGH,5.33,-2.56,1.41,10.64,0.1835,True,1.28,True,1.83,4.689,8.499,4.0,-2.56,32.0,0.18,11.06,8047978.0,,,22.1,0.8574938574938575,0.8587223587223587,0.46560196560196565,0.7403
BBT,Beacon Financial Corp,Financial,Banks - Regional,22.72,9.44,16.29,83.94,0.0,-0.58,4.85,2.99,9.42,0.58,-4.48,2.14,833710.0,1.46,31.36,Jul 29/a,34.83,2630000000.0,HIGH,-3.83,-0.25,1.25,1.48,0.0612,False,-0.53,True,0.85,2.159,1.18,20.0,-2.21,32.0,5.09,31.36,24482543.0,,,11.1,0.5712530712530712,0.7622850122850123,0.9428746928746928,0.74
GTM,ZoomInfo Technologies Inc,Technology,Software - Application,,3.7,-3081.86,1.21,-0.11,-10.95,15.68,49.11,-28.13,0.87,-66.51,3.36,8450000.0,0.69,4.19,Aug 05/a,4.63,1220000000.0,HIGH,11.44,7.44,1.19,16.75,0.1699,True,5.81,True,16.18,5.414,8.592,22.0,8.55,27.0,14.48,4.19,19387007.0,,,10.5,0.9176904176904177,0.7235872235872236,0.5147420147420148,0.7386
BCO,Brink's Co,Industrials,Security & Protection Services,25.28,10.56,3.8,7.06,0.0,11.98,11.87,7.200000000000001,2.06,0.95,-19.87,1.0,504080.0,0.88,109.28,Aug 05/b,150.5,4500000000.0,HIGH,-1.8,3.61,1.15,3.51,0.0734,False,-0.46,False,-2.88,3.037,4.594,39.0,-8.62,28.0,-5.62,109.28,42338551.0,,REVIEW,37.7,0.6511056511056511,0.6855036855036855,0.9054054054054054,0.7377
GCT,GigaCloud Technology Inc,Technology,Software - Infrastructure,12.49,11.09,27.76,27.6,-3.4799999999999995,12.14,13.56,54.66,28.79,1.64,-6.27,1.0,647520.0,0.84,52.74,Aug 06/b,65.5,1880000000.0,HIGH,4.89,1.03,1.06,10.2,0.117,True,3.43,True,16.11,4.808,4.323,27.0,14.06,27.0,14.06,52.74,26159258.0,,,24.2,0.8488943488943489,0.5884520884520884,0.7371007371007371,0.7372
WING,Wingstop Inc,Consumer Cyclical,Restaurants,27.24,21.46,20.11,6.4399999999999995,-0.13,0.49,16.17,-29.32,-43.61,1.8,-62.12,1.47,1200000.0,1.15,114.71,Jul 29/b,202.58,3120000000.0,HIGH,-0.87,4.81,1.25,4.44,0.1115,True,1.5,False,-9.7,5.347,7.288,53.0,-30.68,33.0,-14.95,114.71,124112290.0,,,76.6,0.6984029484029484,0.7622850122850123,0.7635135135135135,0.7371
PRGS,Progress Software Corp,Technology,Software - Infrastructure,20.83,6.88,29.14,6.79,-3.4799999999999995,5.65,11.4,37.05,25.739999999999995,0.88,-8.95,1.0,663320.0,0.95,43.13,Jun 30/a,58.5,1770000000.0,HIGH,0.63,2.25,1.37,5.94,0.1469,False,-0.6,True,3.75,4.478,7.164,10.0,-3.64,52.0,28.44,43.13,20106700.0,,,35.6,0.7493857493857494,0.8433660933660934,0.6136363636363636,0.7369
NP,Neptune Insurance Holdings Inc,Financial,Insurance Brokers,136.57,46.62,28.27,32.82,-13.350000000000001,36.03,5.37,14.34,43.26,,-10.87,1.93,707850.0,0.73,31.33,Jul 21/a,34.54,4300000000.0,HIGH,-0.48,-2.25,1.3,4.83,0.1281,False,-4.3,False,-2.46,3.895,4.724,33.0,-1.73,38.0,4.43,31.33,13018003.0,,,10.2,0.7137592137592138,0.8003685503685504,0.6977886977886978,0.735
ASTH,Astrana Health Inc,Healthcare,Medical Care Facilities,48.32,20.36,108.13999999999999,48.52,0.0,5.43,8.36,2.54,63.23,1.03,-23.26,1.4,560530.0,0.57,39.6,Aug 06/a,51.5,1960000000.0,HIGH,-0.38,3.94,1.03,4.93,0.0653,True,2.8,False,-0.99,3.768,4.394,55.0,-8.97,26.0,16.03,39.6,12065183.0,,,30.1,0.7186732186732187,0.5540540540540541,0.9324324324324325,0.7334
PLX,Protalix BioTherapeutics Inc,Healthcare,Biotechnology,12.2,55.4,2190.0,27.07,0.0,-3.36,4.09,32.54,-2.12,-0.08,-13.170000000000002,1.0,698430.0,1.36,2.77,Aug 12/b,11.0,223180000.0,HIGH,20.96,4.53,1.35,26.27,0.2265,True,9.31,True,13.61,3.533,6.137,1.0,4.92,23.0,13.99,2.77,1794341.0,,,297.1,0.9631449631449631,0.8298525798525799,0.32678132678132676,0.7322
FFIN,First Financial Bankshares Inc,Financial,Banks - Regional,17.75,15.42,7.61,8.43,-0.17,3.66,6.15,-1.16,12.520000000000001,0.83,-8.93,2.71,824090.0,1.0,33.26,Jul 16/a,36.57,4770000000.0,HIGH,-4.59,0.45,1.31,0.72,0.0726,False,-0.85,False,-3.23,1.757,1.774,42.0,-5.57,41.0,-5.83,33.26,21144431.0,,,10.0,0.5337837837837838,0.8065110565110565,0.9109336609336609,0.7287
IPSC,Century Therapeutics Inc,Healthcare,Biotechnology,,,55.50000000000001,,-0.04,11.39,24.03,-11.11,-14.529999999999998,1.66,-34.21,1.33,1070000.0,0.47,2.0,Aug 12/b,5.12,362150000.0,HIGH,2.56,-3.38,1.26,7.87,0.1536,False,-2.83,False,-4.58,5.321,6.5,12.0,-6.54,23.0,2.04,2.0,831820.0,,,156.0,0.8034398034398035,0.7733415233415234,0.5816953316953317,0.7279
BLKB,Blackbaud Inc,Technology,Software - Application,14.25,7.65,46.3,3.3000000000000003,-0.45000000000000007,9.45,10.63,63.690000000000005,3.72,1.03,-35.41,2.33,704500.0,0.61,45.67,Jul 29/b,50.5,2069999999.9999998,HIGH,5.25,0.91,1.11,10.56,0.1412,False,-1.91,True,11.6,3.821,5.102,12.0,-3.02,33.0,27.11,45.67,17214682.0,,,10.6,0.8538083538083538,0.6486486486486487,0.6388206388206388,0.7278
SKYX,SKYX Platforms Corp,Industrials,Electrical Equipment & Parts,,,25.8,9.58,0.0,-15.73,3.1,39.62,-14.940000000000001,2.31,-55.02,1.0,1280000.0,1.49,1.48,Aug 12/a,4.0,200440000.0,HIGH,29.82,9.63,1.86,35.13,0.3211,True,17.25,True,22.67,7.119,12.162,1.0,9.63,22.0,34.55,1.48,1310953.0,,,170.3,0.9778869778869779,0.9582309582309583,0.1609336609336609,0.7269
DX,Dynex Capital Inc,Real Estate,REIT - Mortgage,4.74,7.73,653.65,170.93,0.12,6.97,5.28,-4.02,-4.98,0.95,-16.88,1.67,5390000.0,1.21,12.41,Jul 20/b,14.75,3080000000.0,HIGH,-5.05,-3.72,1.34,0.26,0.072,False,-3.77,False,-4.11,1.387,1.853,19.0,-5.05,40.0,-5.41,12.41,62876349.0,,,18.9,0.5128992628992629,0.8243243243243243,0.914004914004914,0.7267
DRH,Diamondrock Hospitality Co,Real Estate,REIT - Hotel & Motel,17.08,18.93,137.81,4.11,-1.46,2.13,6.9,3.36,33.05,1.03,-10.66,2.07,2540000.0,1.08,12.32,Jul 30/a,13.88,2530000000.0,HIGH,-0.32,2.92,1.09,4.99,0.0983,False,-0.75,False,-1.28,2.406,3.409,31.0,-4.57,31.0,-4.57,12.32,31295738.0,,,12.7,0.7211302211302212,0.6302211302211302,0.8292383292383292,0.7263
HRZN,Horizon Technology Finance Corp,Financial,Asset Management,14.93,6.64,-13.79,24.28,68.94,,4.19,14.57,21.84,0.98,-28.33,2.33,703590.0,1.37,4.9,Aug 04/a,5.08,328470000.0,HIGH,-2.0,0.82,1.26,3.31,0.1065,True,1.26,True,4.31,2.886,2.041,25.0,5.6,28.0,11.87,4.9,3683842.0,,,3.7,0.6412776412776413,0.7733415233415234,0.7886977886977887,0.7251
MQ,Marqeta Inc,Technology,Software - Infrastructure,169.01,32.88,1364.29,17.02,-0.61,-2.9,5.78,8.22,4.41,1.21,-30.570000000000004,2.8,1050000.0,0.59,16.58,Aug 04/a,20.11,1730000000.0,HIGH,6.83,1.97,0.92,12.14,0.0984,True,2.22,False,-0.0,2.876,2.925,8.0,2.54,28.0,-0.48,16.58,10984212.0,,,21.3,0.8722358722358723,0.4189189189189189,0.828009828009828,0.723
COLM,Columbia Sportswear Co,Consumer Cyclical,Apparel Manufacturing,14.95,13.76,378.34,1.5,-0.05,1.14,19.67,-13.91,4.38,0.93,-16.49,2.55,628590.0,1.05,57.67,Jul 30/a,69.83,2950000000.0,HIGH,1.02,-0.07,1.0,6.33,0.0882,False,-0.44,False,-3.6,2.561,3.139,34.0,-9.12,31.0,-2.88,57.67,38293811.0,,,21.1,0.7653562653562653,0.5202702702702703,0.8611793611793612,0.7206
AIOT,PowerFleet Inc,Technology,Software - Application,,17.33,18.1,6.41,0.0,-2.31,12.1,-27.73,-2.56,1.39,-48.13,1.29,1810000.0,0.67,3.05,Aug 10/b,8.4,409390000.0,HIGH,5.9,3.04,0.84,11.21,0.0607,True,1.82,False,-14.69,2.998,3.607,26.0,-26.15,25.0,-0.33,3.05,4362736.0,,,175.4,0.8611793611793612,0.30773955773955775,0.9453316953316954,0.7204
CHRS,Coherus Oncology Inc,Healthcare,Biotechnology,,,63.16,39.53,0.0,-1.41,20.72,2.14,-12.27,0.98,-45.33,1.33,978060.0,1.3,1.43,Aug 05/a,7.75,220940000.0,HIGH,24.35,4.38,1.15,29.66,0.1968,True,4.65,True,2.52,5.445,6.294,49.0,-8.33,27.0,13.04,1.43,1500009.0,,,442.0,0.9692874692874693,0.6855036855036855,0.41891891891891897,0.719
DK,Delek US Holdings Inc,Energy,Oil & Gas Refining & Marketing,20.94,8.94,254.25999999999996,47.83,-30.81,-2.37,9.85,57.71000000000001,78.5,0.6,-5.05,2.0,1450000.0,1.64,74.47,Aug 05/b,75.0,4560000000.0,HIGH,10.8,-1.59,1.22,16.11,0.1934,True,4.44,True,13.14,5.823,7.748,2.0,-0.56,28.0,24.64,74.47,138268454.0,,,0.7,0.914004914004914,0.7438574938574939,0.42874692874692877,0.7174
PMT,Pennymac Mortgage Investment Trust,Real Estate,REIT - Mortgage,6.34,6.54,756.3,17.26,-0.45999999999999996,5.45,10.68,-10.57,-22.25,1.16,-34.47,2.75,1500000.0,1.13,9.05,Jul 29/a,10.67,789190000.0,HIGH,-5.93,-5.83,1.39,-0.62,0.0726,False,-3.5,False,-5.97,1.878,2.099,55.0,-13.89,32.0,-2.79,9.05,11433266.0,,,17.9,0.4680589680589681,0.8544226044226044,0.9109336609336609,0.7168
SKWD,Skyward Specialty Insurance Group Inc,Financial,Insurance - Property & Casualty,13.58,10.56,15.7,52.93,-0.12,3.55,5.29,16.58,29.18,0.33,-11.17,1.64,551830.0,0.65,58.35,Aug 04/a,70.92,2590000000.0,HIGH,1.35,3.22,0.9,6.66,0.0554,True,1.89,False,-1.51,2.653,2.067,28.0,-5.23,28.0,-5.23,58.35,23072985.0,,,21.5,0.7751842751842751,0.39127764127764125,0.9631449631449631,0.7164
WSBC,Wesbanco Inc,Financial,Banks - Regional,11.72,10.44,59.650000000000006,1.24,-1.45,11.43,7.43,9.82,21.15,0.7,-6.14,2.0,1310000.0,0.84,40.38,Jul 21/a,44.5,3870000000.0,HIGH,-4.94,-0.35,1.26,0.37,0.0704,False,-0.8,False,-1.12,1.847,1.189,23.0,-4.29,38.0,0.0,40.38,35616454.0,,,10.2,0.5202702702702703,0.7733415233415234,0.9201474201474201,0.7162
WGS,GeneDx Holdings Corp,Healthcare,Diagnostics & Research,,76.78,-264.35,11.44,,-8.28,21.8,49.77,15.380000000000003,1.95,-47.48,1.0,745920.0,0.69,89.74,Aug 03/a,90.44,2680000000.0,HIGH,15.96,4.51,1.09,21.27,0.1743,True,5.42,True,20.06,4.829,7.015,14.0,5.34,29.0,32.24,89.74,40519383.0,,,0.8,0.9422604422604423,0.6302211302211302,0.5006142506142506,0.7162
NRDS,Nerdwallet Inc,Communication Services,Internet Content & Information,10.68,9.67,-38.88,5.56,-10.45,-3.71,12.67,11.76,-4.33,1.24,-41.5,2.0,683110.0,1.01,9.5,Aug 06/a,11.8,607270000.0,HIGH,-1.04,-0.63,1.12,4.27,0.1031,False,-2.97,False,-0.46,2.963,2.747,15.0,-3.85,26.0,7.47,9.5,6035689.0,,,24.2,0.6855036855036855,0.6584766584766585,0.8077395577395577,0.7141
HOPE,Hope Bancorp Inc,Financial,Banks - Regional,14.13,9.34,218.18,17.81,-1.12,-0.1,5.17,6.52,30.09,0.85,-3.73,2.0,1040000.0,0.74,14.05,Jul 27/b,15.5,1790000000.0,HIGH,-2.16,0.5,1.02,3.15,0.0439,True,0.59,True,1.17,1.729,1.495,22.0,-1.75,35.0,4.46,14.05,10512159.0,,,10.3,0.6351351351351351,0.5423832923832924,0.984029484029484,0.712
BSIN,Big Sky Industrial Inc,Energy,Oil & Gas E&P,,20.62,76.54,5.23,0.09,6.909999999999999,2.6,60.19,55.66,0.89,0.0,1.0,1610000.0,0.66,1.65,Aug 11/b,2.75,86610000.0,HIGH,16.2,8.55,1.21,21.51,0.2097,True,9.38,True,22.57,5.108,4.242,1.0,5.1,24.0,36.36,1.65,1334597.0,,,66.7,0.9434889434889435,0.7364864864864865,0.3783783783783784,0.7119
DCTH,Delcath Systems Inc,Healthcare,Medical Devices,2695.08,,0.15,20.6,0.0,5.3,6.98,40.27,73.97,0.6,-5.63,1.0,516600.0,0.97,16.44,Aug 06/b,24.5,570450000.0,HIGH,-3.58,2.24,1.25,1.73,0.0948,False,-0.47,True,11.36,2.462,3.406,22.0,-3.92,27.0,30.17,16.44,6697076.0,,,49.0,0.5773955773955773,0.7622850122850123,0.8390663390663391,0.7114
ALHC,Alignment Healthcare Inc,Healthcare,Healthcare Plans,69.31,29.96,127.27,31.55,-24.56,11.06,11.56,-34.48,-23.84,1.1,-48.49,1.43,5080000.0,1.12,12.94,Jul 30/a,24.08,2680000000.0,HIGH,-3.86,-3.86,1.33,1.45,0.1064,False,-2.75,False,-19.91,4.319,5.255,50.0,-45.63,31.0,-12.86,12.94,56446916.0,,,86.1,0.5675675675675675,0.8175675675675675,0.78992628992629,0.7093
DNOW,Dnow Inc,Industrials,Industrial Distribution,,18.88,-148.81,108.11999999999999,-12.65,0.96,5.49,11.48,37.31,0.89,-9.39,1.4,2650000.0,0.86,15.64,Aug 06/b,18.6,2830000000.0,HIGH,-3.16,-3.16,1.09,2.15,0.0622,False,-1.33,True,4.68,2.953,2.877,27.0,9.99,27.0,9.99,15.64,32885912.0,,,18.9,0.5927518427518428,0.6302211302211302,0.941031941031941,0.7085
ATRC,Atricure Inc,Healthcare,Medical Instruments & Supplies,257.69,133.26,241.25,12.83,-3.9,4.45,8.48,93.78,86.93,1.26,0.13,1.4,943210.0,1.22,55.79,Jul 23/a,51.67,2840000000.0,HIGH,24.61,3.83,1.24,29.92,0.2396,True,11.31,True,31.27,3.732,2.169,2.0,5.34,36.0,69.06,55.79,47255098.0,,,-7.4,0.9717444717444718,0.754914004914005,0.3083538083538083,0.7077
SFBS,ServisFirst Bancshares Inc,Financial,Banks - Regional,14.43,11.71,39.58,6.34,-0.4699999999999999,,5.09,2.68,15.68,0.9,-8.12,1.0,601670.0,1.29,42.3,Jul 20/a,48.33,4620000000.0,HIGH,-6.55,-0.94,1.55,-1.24,0.0877,False,-1.85,False,-3.1,2.183,1.537,22.0,-6.47,39.0,-1.15,42.3,21440274.0,,,14.3,0.44103194103194104,0.9066339066339066,0.8624078624078624,0.7071
IRDM,Iridium Communications Inc,Communication Services,Telecom Services,52.62,34.26,-56.08,3.84,-2.75,-2.62,2.78,-2.41,85.76,0.85,-19.24,2.83,1850000.0,0.81,46.18,Jul 22/b,48.0,4890000000.0,HIGH,-7.73,-3.39,1.8,-2.42,0.0825,False,-2.91,False,-3.91,1.918,2.122,21.0,-7.23,38.0,-1.45,46.18,39644539.0,,,3.9,0.3931203931203931,0.9496314496314496,0.8753071253071253,0.7047
ASH,Ashland Inc,Basic Materials,Specialty Chemicals,61.63,16.18,102.16000000000001,7.339999999999999,0.0,3.09,10.66,7.22,39.42,0.39,-10.96,1.69,800960.0,0.96,69.67,Jul 28/a,80.18,3190000000.0,HIGH,-6.07,-4.06,1.37,-0.76,0.0781,False,-4.62,False,-1.98,2.834,1.852,26.0,-3.85,33.0,2.44,69.67,40910605.0,,,15.1,0.4606879606879607,0.8433660933660934,0.8906633906633906,0.7045
OSTX,OS Therapies Inc,Healthcare,Biotechnology,,,-8.86,,0.0,0.01,6.36,0.0,9.68,-0.67,-26.789999999999996,1.0,591030.0,1.68,1.7,Aug 14/b,8.5,79000000.0,HIGH,15.65,-7.1,1.66,20.96,0.312,True,1.92,True,5.41,7.181,10.0,8.0,2.41,21.0,6.25,1.7,1014133.0,,,400.0,0.941031941031941,0.9256756756756757,0.16707616707616713,0.7042
BILL,BILL Holdings Inc,Technology,Software - Application,,11.29,-175.47,13.780000000000001,-3.08,-7.07,15.41,49.7,24.83,1.13,-13.18,1.8,2370000.0,0.84,49.67,Aug 19/a,57.48,4240000000.0,HIGH,2.41,4.35,0.91,7.72,0.083,True,2.47,True,6.92,3.738,4.228,22.0,1.99,17.0,4.79,49.67,105194574.0,,,15.7,0.7972972972972973,0.40724815724815727,0.8734643734643734,0.7031
VOR,Vor Biopharma Inc,Healthcare,Biotechnology,,,99.54,,-10.1,20.34,23.64,60.72,70.84,1.76,-53.790000000000006,1.33,1140000.0,0.78,23.08,Aug 12/a,39.0,1370000000.0,HIGH,0.3,-8.05,1.21,5.61,0.146,False,-1.39,True,6.49,5.481,5.589,6.0,-4.79,22.0,3.31,23.08,17189021.0,,,69.0,0.7383292383292384,0.7364864864864865,0.6167076167076166,0.7013
ALXO,Alx Oncology Holdings Inc,Healthcare,Biotechnology,,,72.71,,-0.04,14.63,7.23,21.84,-2.78,0.44,-27.63,1.29,1280000.0,0.69,1.92,Aug 06/b,4.6,266190000.0,HIGH,-2.28,-3.75,1.27,3.03,0.1229,False,-3.25,False,-4.56,5.121,3.377,49.0,-12.1,27.0,0.26,1.92,1374070.0,,,139.6,0.6302211302211302,0.7813267813267813,0.7125307125307125,0.7002
PTEN,Patterson-UTI Energy Inc,Energy,Oil & Gas Drilling,,45.04,59.53000000000001,0.71,-17.26,1.33,10.3,8.09,20.7,0.76,-7.24,2.12,9070000.0,0.95,12.42,Jul 29/a,14.07,4740000000.0,HIGH,1.64,-1.9,1.09,6.95,0.136,True,0.14,True,13.2,4.71,5.717,11.0,1.31,32.0,33.12,12.42,98835610.0,,,13.3,0.7788697788697788,0.6302211302211302,0.6652334152334152,0.7002
ZBIO,Zenas Biopharma Inc,Healthcare,Biotechnology,,,-41.57,,1.27,22.06,35.34,61.15999999999999,32.74,-0.96,-28.449999999999996,1.25,847180.0,0.75,31.91,Aug 13/b,47.0,2080000000.0,HIGH,4.62,-3.45,0.91,9.93,0.1059,False,-0.69,True,2.49,4.876,4.199,14.0,0.82,22.0,9.28,31.91,22269024.0,,,47.3,0.8476658476658476,0.40724815724815727,0.7936117936117937,0.6993
MRP,Millrose Properties Inc,Real Estate,REIT - Residential,10.27,9.05,11.59,32.11,2.03,1.7000000000000002,4.74,1.13,4.1,0.36,-16.9,1.0,1350000.0,0.81,29.46,Aug 04/b,37.17,4540000000.0,HIGH,-2.32,-4.29,1.08,2.99,0.0811,False,-3.48,False,-0.08,2.221,1.765,7.0,-4.54,29.0,2.83,29.46,30966870.0,,,26.2,0.6240786240786241,0.6167076167076168,0.8820638820638821,0.6993
AMN,AMN Healthcare Services Inc,Healthcare,Medical Care Facilities,12.76,36.5,117.60999999999999,2.29,-0.96,8.76,8.92,11.01,80.9,0.41,-8.14,2.44,786370.0,0.67,34.19,Aug 06/a,36.14,1320000000.0,HIGH,-1.01,1.36,0.98,4.3,0.0721,True,0.1,True,1.01,3.969,2.457,26.0,11.01,26.0,11.01,34.19,18171898.0,,,5.7,0.6898034398034398,0.49385749385749383,0.9127764127764127,0.6979
KSCP,Knightscope Inc,Industrials,Building Products & Equipment,,,13.13,228.26,0.0,0.8500000000000001,11.78,-32.66,-64.92,1.29,-82.41,1.0,1250000.0,0.92,1.34,Aug 12/a,12.0,31650000.0,HIGH,-6.29,-6.29,1.74,-0.98,0.1093,False,-4.51,False,-12.31,5.864,8.209,,,22.0,-9.46,1.34,933802.0,,,795.5,0.4514742014742015,0.9404176904176904,0.7788697788697789,0.6964
MGNX,Macrogenics Inc,Healthcare,Biotechnology,,,153.45,47.62,-1.36,11.71,11.59,6.06,40.0,1.2,-17.32,2.17,844910.0,0.51,4.2,Aug 13/a,8.0,267540000.00000003,HIGH,3.45,-2.78,0.97,8.76,0.1159,True,1.78,True,1.46,5.213,5.357,6.0,-1.18,21.0,2.94,4.2,1830499.0,,,90.5,0.8255528255528255,0.4785012285012285,0.742014742014742,0.6964
DEC,Diversified Energy Co,Energy,Oil & Gas Integrated,,3.49,,,0.0,4.37,9.01,7.44,1.8500000000000003,0.33,-21.27,1.15,1010000.0,0.71,14.88,Aug 05/a,24.57,1180000000.0,HIGH,3.41,-3.56,0.9,8.72,0.0979,False,-0.34,True,5.61,3.006,2.184,7.0,-2.43,27.0,13.67,14.88,11888846.0,,,65.1,0.8237100737100738,0.39127764127764125,0.8310810810810811,0.6962
TRIN,Trinity Capital Inc,Financial,Asset Management,10.16,8.43,-21.87,41.41,0.9000000000000001,,5.73,5.09,23.09,0.67,-6.06,1.67,1030000.0,0.83,17.75,Aug 05/b,18.5,1680000000.0,HIGH,-0.95,-1.83,0.96,4.36,0.0668,False,-2.93,False,-1.14,1.63,1.239,15.0,-3.27,28.0,2.96,17.75,16105343.0,,,4.2,0.6928746928746928,0.4643734643734644,0.9299754299754299,0.6955
SITE,SiteOne Landscape Supply Inc,Industrials,Industrial Distribution,24.45,17.67,9.75,4.73,1.73,-4.51,7.14,-16.11,-31.180000000000003,1.38,-47.0,1.79,845220.0,1.61,89.34,Jul 29/b,127.5,3900000000.0,HIGH,-6.6,-10.23,1.68,-1.29,0.1034,False,-7.24,False,-10.42,3.282,5.088,55.0,-22.31,33.0,-4.74,89.34,77712355.0,,,42.7,0.43857493857493857,0.9281326781326781,0.8046683046683046,0.6953
FIRY,Firy Inc,Communication Services,Electronic Gaming & Multimedia,,,-31.61,22.92,0.0,16.69,17.31,19.35,216.92000000000002,4.66,-48.5,2.0,509280.0,0.24,10.3,Aug 13/a,2.5,171210000.0,HIGH,3.41,5.86,0.93,8.72,0.107,True,4.5,True,9.04,4.689,7.107,1.0,3.52,21.0,8.42,10.3,1265488.0,,,-75.7,0.8237100737100738,0.4318181818181818,0.7862407862407863,0.6949
BTU,Peabody Energy Corp,Energy,Thermal Coal,,10.53,-227.43,12.710000000000003,-0.7,-1.9299999999999997,10.0,-0.18,-21.05,0.3,-33.52,1.57,2480000.0,1.01,27.35,Jul 29/b,31.64,3330000000.0,HIGH,5.56,-7.13,1.16,10.87,0.1823,False,-2.59,True,8.81,4.682,2.486,10.0,-5.43,33.0,31.36,27.35,60692122.0,,,15.7,0.85995085995086,0.6977886977886978,0.4699017199017199,0.6943
WBI,WaterBridge Infrastructure LLC,Energy,Oil & Gas Equipment & Services,426.1,47.47,-36.37,128.0,-31.44,15.479999999999999,14.18,-1.8799999999999997,25.56,0.12,-13.720000000000002,1.44,1140000.0,0.38,31.83,Aug 05/a,36.5,3930000000.0,HIGH,0.16,-2.81,0.89,5.47,0.0589,False,-0.9,False,-3.65,3.375,2.859,5.0,-1.18,27.0,-2.72,31.83,15894944.0,,,14.7,0.7352579852579852,0.3783783783783784,0.9539312039312039,0.6938
NTCT,Netscout Systems Inc,Technology,Software - Infrastructure,22.79,12.9,670.57,12.68,-1.15,2.5,5.49,-9.78,24.65,0.7,-17.47,2.0,623840.0,1.12,37.37,Aug 06/b,47.67,2720000000.0,HIGH,-4.52,1.05,1.16,0.79,0.0759,False,-1.92,False,-6.11,2.406,2.034,47.0,-13.09,27.0,-6.88,37.37,22982930.0,,,27.6,0.5356265356265356,0.6977886977886978,0.8992628992628993,0.6934
INMB,INmune Bio Inc,Healthcare,Biotechnology,,,95.47,,0.0,-5.88,8.82,87.9,77.86,0.88,-10.38,1.0,716380.0,0.52,2.33,Aug 06/a,7.0,64660000.0,HIGH,9.39,-7.17,1.15,14.7,0.194,True,0.55,True,13.05,6.006,7.296,5.0,-4.51,26.0,21.99,2.33,746722.0,,,200.4,0.8992628992628993,0.6855036855036855,0.42628992628992624,0.6932
ANGX,Angel Studios Inc,Communication Services,Entertainment,,,51.96999999999999,,1.63,11.88,5.73,88.97,48.11,-0.31,-71.01,1.0,1420000.0,1.65,5.48,Aug 04/a,8.33,1020000000.0,HIGH,16.35,12.76,1.49,21.66,0.3243,True,17.26,True,26.52,5.051,5.201,5.0,19.65,28.0,29.25,5.48,7595307.0,,,52.0,0.9447174447174447,0.8894348894348895,0.1547911547911548,0.6912
SONO,Sonos Inc,Technology,Consumer Electronics,35.01,59.92,978.29,8.85,8.97,-0.03,9.7,1.43,18.48,1.9,-21.39,1.5,1980000.0,0.8,15.58,Jul 29/a,19.67,1840000000.0,HIGH,0.84,7.52,1.08,6.15,0.132,True,1.02,True,2.06,4.099,3.338,35.0,6.06,32.0,7.97,15.58,22673669.0,,,26.3,0.7555282555282555,0.6167076167076168,0.6793611793611793,0.691
BFH,Bread Financial Holdings Inc,Financial,Credit Services,8.54,8.03,20.14,3.66,-2.26,-9.32,8.3,7.39,52.71,1.14,-4.63,2.06,593450.0,0.79,109.23,Jul 23/b,117.69,4200000000.0,HIGH,-1.82,0.95,1.06,3.49,0.0917,True,1.85,True,3.34,3.306,2.252,21.0,-2.15,37.0,7.22,109.23,47260726.0,,REVIEW,7.7,0.6498771498771498,0.5884520884520884,0.8476658476658476,0.6908
ECVT,Ecovyst Inc,Basic Materials,Specialty Chemicals,,11.38,38.13,24.9,0.65,0.61,4.8,-23.83,-13.15,1.06,-33.91,1.5,1490000.0,0.86,9.97,Aug 05/b,15.17,1090000000.0,HIGH,-4.04,-1.48,1.07,1.27,0.0578,False,-2.24,False,-10.53,2.586,2.959,38.0,-21.12,28.0,-12.93,9.97,12169628.0,,,52.2,0.5552825552825553,0.6031941031941032,0.957002457002457,0.6902
NEXT,NextDecade Corp,Energy,Oil & Gas Equipment & Services,,,-5.79,,0.05,-1.5700000000000003,16.99,-11.79,28.42,1.52,-19.81,2.17,2750000.0,0.85,7.41,Jul 30/b,9.08,1970000000.0,HIGH,6.62,-0.8,0.99,11.93,0.1426,True,0.97,True,2.05,4.261,6.14,3.0,-1.72,32.0,16.88,7.41,17252186.0,,,22.5,0.8685503685503686,0.5073710073710074,0.6314496314496314,0.6891
CVI,CVR Energy Inc,Energy,Oil & Gas Refining & Marketing,70.83,17.8,97.37,55.48,0.0,1.94,18.25,58.56,70.21,0.9,-7.19,4.14,1040000.0,1.6,48.63,Jul 29/a,33.4,4890000000.0,HIGH,33.53,5.44,1.55,38.84,0.4264,True,15.92,True,32.25,4.995,7.485,11.0,22.31,32.0,40.47,48.63,46338299.0,,,-31.3,0.9815724815724816,0.9066339066339066,0.07985257985257987,0.6886
PLNT,Planet Fitness Inc,Consumer Cyclical,Leisure,17.36,13.99,25.989999999999995,7.139999999999999,4.87,-4.86,9.87,0.29,-30.510000000000005,1.02,-55.22,1.7,1890000.0,0.88,51.16,Aug 06/b,66.31,3860000000.0,HIGH,1.05,2.57,0.99,6.36,0.112,False,-1.4,False,-2.39,3.272,3.323,28.0,-8.59,27.0,-0.1,51.16,86958436.0,,,29.6,0.7671990171990172,0.5073710073710074,0.7585995085995085,0.6867
ABX,Abacus Global Management Inc,Financial,Insurance - Life,33.23,8.1,-62.74000000000001,29.87,-0.68,1.21,14.34,-1.04,-3.16,0.05,-23.71,1.38,602730.0,0.6,9.49,Aug 06/a,14.31,928040000.0,HIGH,4.06,-2.47,0.9,9.37,0.1088,False,-0.4,False,-5.71,3.428,3.267,52.0,-11.39,26.0,-0.32,9.49,3869610.0,,,50.8,0.8341523341523341,0.39127764127764125,0.7819410319410319,0.6856
PK,Park Hotels & Resorts Inc,Real Estate,REIT - Hotel & Motel,,26.97,1036.25,1.19,0.0,10.15,17.86,5.66,50.34,1.38,-5.43,2.56,4490000.0,0.72,15.32,Aug 06/a,15.68,3080000000.0,HIGH,2.13,1.39,0.88,7.44,0.0867,False,-1.17,True,1.97,2.697,2.089,15.0,-2.92,26.0,6.76,15.32,57019460.0,,,2.3,0.7911547911547911,0.36363636363636365,0.8660933660933661,0.6854
AGIO,Agios Pharmaceuticals Inc,Healthcare,Biotechnology,,,12.45,259.25,-4.54,3.66,12.94,12.76,19.28,0.63,-27.779999999999998,1.6,1110000.0,0.71,33.22,Jul 30/b,45.75,1980000000.0,HIGH,-1.22,-0.98,0.95,4.09,0.0711,False,-1.55,False,-5.8,4.09,4.425,49.0,-11.15,32.0,1.44,33.22,28382327.0,,,37.7,0.6805896805896806,0.45454545454545453,0.9164619164619164,0.6835
TDW,Tidewater Inc,Energy,Oil & Gas Equipment & Services,17.91,14.43,-70.37,0.25,-1.59,11.28,13.02,15.17,15.4,0.59,-12.79,2.27,712340.0,1.18,88.58,Aug 03/a,93.9,4410000000.0,HIGH,-5.74,-3.72,1.43,-0.43,0.1105,False,-5.34,True,4.97,4.599,5.678,8.0,-7.83,29.0,23.92,88.58,55264888.0,,,6.0,0.476044226044226,0.8685503685503686,0.7727272727272727,0.6828
WRBY,Warby Parker Inc,Healthcare,Medical Instruments & Supplies,423.56,42.77,358.04,9.81,-3.52,18.63,15.95,-2.83,6.860000000000001,1.91,-17.06,1.81,2900000.0,1.17,25.71,Aug 06/b,30.46,3180000000.0,HIGH,0.43,3.84,1.49,5.74,0.2048,True,1.43,False,-1.78,4.526,6.009,29.0,-9.09,27.0,-4.64,25.71,57612593.0,,,18.5,0.7432432432432432,0.8894348894348895,0.3943488943488943,0.6824
ORC,Orchid Island Capital Inc,Real Estate,REIT - Mortgage,4.18,6.02,251.29999999999998,95.82,0.0,2.47,10.28,-4.45,-13.71,1.56,-25.83,3.0,4810000.0,1.18,6.23,Jul 23/a,7.5,1240000000.0,HIGH,-6.6,-4.74,1.37,-1.29,0.092,False,-5.44,False,-6.0,1.823,2.408,18.0,-6.6,36.0,-4.74,6.23,27204319.0,,,20.4,0.43857493857493857,0.8433660933660934,0.8464373464373465,0.6824
PD,Pagerduty Inc,Technology,Software - Application,7.43,10.11,-42.49,0.83,-9.91,0.4,11.34,65.62,109.89999999999999,0.98,-12.24,2.67,1670000.0,1.24,14.84,Aug 27/a,12.64,1170000000.0,HIGH,26.84,11.41,1.27,32.15,0.2888,True,12.97,True,27.74,4.402,4.515,1.0,5.32,11.0,17.5,14.84,21824359.0,,,-14.8,0.9742014742014742,0.7813267813267813,0.19287469287469283,0.6819
FIVN,Five9 Inc,Technology,Software - Infrastructure,46.34,8.27,203.08,10.3,-4.71,9.7,11.95,49.55,101.46,1.55,-9.75,1.78,2560000.0,0.75,31.75,Aug 06/a,35.0,2370000000.0,HIGH,-0.31,1.67,1.25,5.0,0.1633,False,-2.54,True,7.86,5.005,4.913,12.0,-0.78,26.0,11.91,31.75,50137703.0,,,10.2,0.7223587223587223,0.7622850122850123,0.546068796068796,0.6814
TENB,Tenable Holdings Inc,Technology,Software - Infrastructure,606.92,16.14,127.47,8.58,0.37,0.9000000000000001,14.0,30.9,72.89,1.03,-19.67,2.56,3910000.0,3.05,35.08,Jul 29/a,36.0,3860000000.0,HIGH,-0.6,4.09,2.26,4.71,0.2213,True,1.35,False,-2.28,6.807,12.058,22.0,-5.19,32.0,11.44,35.08,182786009.0,,,2.6,0.7082309582309583,0.9877149877149877,0.3390663390663391,0.6813
KFY,Korn Ferry,Industrials,Staffing & Employment Services,14.77,12.33,5.26,6.860000000000001,-1.6,-0.01,4.14,7.049999999999999,29.17,1.26,-10.43,1.6,522100.0,1.31,78.38,Sep 09/b,90.25,4280000000.0000005,HIGH,-5.62,-4.46,1.58,-0.31,0.124,False,-5.96,False,-3.19,3.143,2.258,11.0,-7.41,4.0,-3.39,78.38,35870324.0,,,15.1,0.4834152334152334,0.9133906633906634,0.71007371007371,0.6804
TCPC,BlackRock TCP Capital Corp,Financial,Asset Management,,9.94,111.11999999999999,270.36,2.96,,5.4,6.860000000000001,11.88,1.05,-44.05,3.5,801320.0,0.68,4.05,Aug 06/b,4.33,339800000.0,HIGH,-0.74,-0.49,0.86,4.57,0.0433,False,-0.77,True,9.67,2.205,1.481,22.0,1.25,27.0,15.71,4.05,2571988.0,,,6.9,0.7039312039312039,0.3396805896805897,0.9877149877149877,0.6798
AVBP,ArriVent BioPharma Inc,Healthcare,Biotechnology,,,-16.83,,0.0,8.02,25.09,-6.45,19.54,1.37,-20.26,1.0,529400.0,1.02,28.57,Aug 12/a,44.91,1410000000.0,HIGH,-1.52,-5.65,1.14,3.79,0.1249,False,-4.49,False,-7.28,4.801,5.023,55.0,-15.54,22.0,-4.77,28.57,14067982.0,,,57.2,0.6609336609336609,0.6756756756756757,0.7076167076167077,0.6794
CLBK,Columbia Financial Inc,Financial,Banks - Regional,43.88,32.57,17.88,5.15,0.0,4.2,7.25,21.16,43.48,0.26,-5.0,1.0,5080000.0,0.6,11.4,Jul 30/a,14.17,3070000000.0,HIGH,-2.4,-1.98,0.94,2.91,0.0391,False,-2.08,True,3.26,2.043,2.325,19.0,-2.4,31.0,5.46,11.4,37464894.0,,,24.3,0.6191646191646192,0.44594594594594594,0.9926289926289926,0.6792
PFLT,PennantPark Floating Rate Capital Ltd,Financial,Asset Management,14.06,6.72,-60.72,112.49,0.66,,3.89,-10.66,-12.2,0.79,-30.31,1.57,1080000.0,0.67,7.12,Aug 10/a,9.75,706430000.0,HIGH,-1.93,-2.06,0.97,3.38,0.0675,False,-2.88,False,-1.7,1.816,1.124,22.0,-4.81,24.0,-3.78,7.12,5489117.0,,,36.9,0.6437346437346437,0.4785012285012285,0.9262899262899262,0.6789
NWL,Newell Brands Inc,Consumer Defensive,Household & Personal Products,,8.42,125.42999999999999,3.05,-6.03,8.28,10.89,17.28,42.82,0.86,-19.07,2.8,10560000.0,0.75,5.77,Jul 31/b,6.66,2460000000.0,HIGH,-4.47,-8.99,1.19,0.84,0.0999,False,-3.99,True,0.81,5.274,3.12,5.0,-5.56,31.0,12.26,5.77,40143231.0,,,15.4,0.538083538083538,0.7235872235872236,0.8218673218673218,0.6789
TASK,TaskUs Inc,Technology,Information Technology Services,7.13,5.56,9.7,5.02,-0.05,1.32,11.37,50.36000000000001,23.96,1.83,-30.09,2.88,712700.0,0.58,8.24,Aug 05/a,8.5,755500000.0,HIGH,14.6,7.71,0.94,19.91,0.1566,True,4.4,True,20.41,4.295,4.005,12.0,6.32,27.0,30.38,8.24,3480273.0,,,3.2,0.9324324324324325,0.44594594594594594,0.5712530712530712,0.6781
ASAN,Asana Inc,Technology,Software - Application,,21.24,17.05,9.9,-0.16,3.5900000000000003,28.52,30.72,37.8,1.18,-37.6,2.59,5470000.0,1.27,9.66,Sep 03/a,10.08,2210000000.0,HIGH,9.4,9.9,1.26,14.71,0.2496,True,2.52,True,12.44,6.352,7.091,12.0,2.33,6.0,9.65,9.66,51621918.0,,,4.3,0.9011056511056511,0.7733415233415234,0.28378378378378377,0.6776
CIM,Chimera Investment Corp,Real Estate,REIT - Mortgage,,5.4,-128.21,28.32,0.0,0.71,2.94,-17.07,-15.36,1.77,-23.06,2.5,802370.0,1.2,11.08,Aug 05/b,13.5,927520000.0,HIGH,-5.62,-4.4,1.15,-0.31,0.0669,False,-3.64,False,-8.64,1.683,2.347,55.0,-17.74,28.0,-6.5,11.08,9638450.0,,,21.8,0.4834152334152334,0.6855036855036855,0.9287469287469288,0.6776
LPG,Dorian LPG Ltd,Energy,Oil & Gas Midstream,7.35,12.7,1263.72,123.11000000000001,-2.7,4.39,5.11,25.31,99.14,0.67,-0.2,1.5,665280.0,0.99,55.38,Aug 05/b,54.12,2370000000.0,HIGH,14.37,3.53,1.04,19.68,0.1884,True,7.48,True,18.79,3.303,3.115,1.0,0.36,28.0,28.64,55.38,28462913.0,,,-2.3,0.9312039312039312,0.5651105651105651,0.44963144963144963,0.6769
ADPT,Adaptive Biotechnologies Corp,Healthcare,Diagnostics & Research,,,-47.8,21.53,-38.32,2.82,7.56,40.8,88.15,2.12,-7.780000000000001,1.25,2770000.0,0.62,24.78,Jul 29/a,25.07,3950000000.0,HIGH,0.04,1.81,1.02,5.35,0.1175,False,-0.99,True,4.32,4.109,3.684,12.0,-5.28,32.0,9.84,24.78,42325193.0,,,1.2,0.730958230958231,0.5423832923832924,0.7346437346437347,0.6755
NABL,N-able Inc,Technology,Information Technology Services,,9.65,143.66,5.31,0.0,1.8799999999999997,6.34,29.909999999999997,-13.489999999999998,0.47,-52.26,2.57,2310000.0,1.27,4.17,Aug 10/b,4.68,787740000.0,HIGH,27.52,8.31,1.17,32.83,0.2699,True,9.88,True,1.01,6.218,7.434,30.0,-10.9,25.0,29.91,4.17,9503572.0,,,12.2,0.9754299754299754,0.7063882063882064,0.2371007371007371,0.6732
APLE,Apple Hospitality REIT Inc,Real Estate,REIT - Hotel & Motel,20.89,21.29,6.05,4.73,0.03,-0.15,9.13,-4.56,32.42,0.93,-10.42,2.55,2840000.0,0.93,15.48,Aug 05/a,17.17,3650000000.0,HIGH,-2.7,1.44,1.18,2.61,0.1222,False,-3.31,False,-4.95,2.058,1.744,39.0,-8.4,27.0,-3.19,15.48,35492854.0,,,10.9,0.6093366093366094,0.714987714987715,0.7162162162162162,0.6731
TIC,TIC Solutions Inc,Industrials,Specialty Business Services,,,-3105.26,86.14,0.0,0.79,14.68,11.47,30.070000000000004,2.74,-36.9,1.57,1950000.0,0.71,9.43,Aug 06/b,12.25,2060000000.0,HIGH,-1.87,-1.36,1.0,3.44,0.0894,False,-0.07,True,10.15,3.902,2.333,27.0,15.28,27.0,15.28,9.43,13061000.0,,,29.9,0.6474201474201474,0.5202702702702703,0.8587223587223587,0.6727
PLBY,Playboy Inc,Consumer Cyclical,Apparel Manufacturing,479.17,23.0,102.09000000000002,10.91,-16.47,2.83,4.98,-20.14,-31.55,1.96,-58.18,2.0,830650.0,0.58,1.15,Aug 10/a,2.75,137780000.0,HIGH,-2.54,-2.54,1.08,2.77,0.1047,False,-3.34,False,-3.76,3.404,4.348,24.0,-2.54,24.0,-2.54,1.15,532921.0,,,139.1,0.6167076167076168,0.6167076167076168,0.800982800982801,0.672
OMER,Omeros Corp,Healthcare,Biotechnology,12.14,17.46,134.01,,-3.2199999999999998,8.42,18.41,99.89,56.03,2.58,-11.14,2.0,2049999.9999999998,0.83,17.46,Aug 12/a,44.0,1260000000.0,HIGH,0.58,-8.68,1.07,5.89,0.1422,False,-6.34,True,21.04,4.717,5.04,4.0,-8.68,22.0,27.35,17.46,29233366.0,,,152.0,0.7481572481572482,0.6031941031941032,0.6357493857493858,0.6709
PGY,Pagaya Technologies Ltd,Technology,Software - Infrastructure,16.62,9.22,147.94,15.079999999999998,-0.68,-7.3,16.06,39.36,96.08,5.5,-52.23,1.0,3050000.0,0.79,21.49,Jul 30/b,29.25,1790000000.0,HIGH,2.68,-2.67,1.14,7.99,0.1806,False,-0.36,True,8.01,5.829,9.493,14.0,-1.51,32.0,32.74,21.49,45318808.0,,,36.1,0.8108108108108109,0.6756756756756757,0.47911547911547914,0.6708
EWTX,Edgewise Therapeutics Inc,Healthcare,Biotechnology,,,-54.67999999999999,,-1.34,-0.68,11.41,28.110000000000003,50.79,0.34,-7.8100000000000005,1.31,1300000.0,0.85,44.62,Aug 06/b,51.69,4850000000.0,HIGH,1.32,1.83,0.91,6.63,0.1058,True,2.28,True,4.77,4.221,3.922,18.0,1.16,27.0,0.45,44.62,48229989.0,,,15.8,0.773955773955774,0.40724815724815727,0.7954545454545454,0.6704
GLIBK,Liberty Capital Corp,Communication Services,Telecom Services,,,-54.27000000000001,0.0,7.85,,9.2,14.029999999999998,-29.4,-1.05,-37.24,,593470.0,0.37,25.84,Aug 06/b,,1030000000.0,HIGH,1.06,-0.31,0.76,6.37,0.0431,False,-0.3,True,6.34,2.875,3.328,23.0,3.65,27.0,10.0,25.84,7515725.0,,,,0.769041769041769,0.2199017199017199,0.9889434889434889,0.6703
FOUR,Shift4 Payments Inc,Technology,Software - Infrastructure,72.91,7.17,-72.95,34.03,1.69,-2.74,24.64,10.05,4.59,1.36,-48.8,2.12,1730000.0,1.47,45.32,Aug 06/b,54.76,3580000000.0,HIGH,2.19,7.16,1.26,7.5,0.2017,True,0.86,False,-4.84,6.454,5.45,34.0,-9.31,27.0,4.52,45.32,90714026.0,,,20.8,0.7948402948402948,0.7733415233415234,0.40049140049140053,0.6701
SIBN,SI-BONE Inc,Healthcare,Medical Devices,,,36.09,15.18,-8.89,6.74,13.22,21.27,43.3,0.67,-14.57,1.0,568510.0,0.97,18.7,Aug 03/a,25.0,838110000.0,HIGH,0.05,0.43,0.95,5.36,0.1048,False,-1.75,True,2.3,3.503,2.674,16.0,-4.0,29.0,1.41,18.7,11030118.0,,,33.7,0.7321867321867321,0.45454545454545453,0.7997542997542998,0.6692
DOCS,Doximity Inc,Healthcare,Health Information Services,31.29,16.98,-52.019999999999996,7.339999999999999,-0.06,1.05,11.45,31.69,8.29,1.23,-65.51,2.48,4620000.0,0.52,26.39,Aug 06/a,30.68,4700000000.0,HIGH,7.63,8.07,0.9,12.94,0.1369,True,3.15,True,11.39,3.851,3.448,26.0,27.73,26.0,27.73,26.39,68463026.0,,,16.3,0.8808353808353808,0.39127764127764125,0.6621621621621622,0.6684
WRAP,Wrap Technologies Inc,Technology,Scientific & Technical Instruments,,,43.56,102.77000000000001,-0.3,-0.17,19.61,25.95,6.45,1.25,-48.92,3.0,1870000.0,0.47,1.65,Aug 11/a,2.5,101930000.0,HIGH,1.85,0.61,1.13,7.16,0.1692,True,2.33,False,-7.6,6.926,6.364,47.0,3.77,23.0,-4.62,1.65,1271622.0,,,51.5,0.7813267813267813,0.6676904176904177,0.5184275184275184,0.6684
LZ,LegalZoom.com Inc,Industrials,Specialty Business Services,66.95,7.6,2113.33,6.64,-0.83,-1.47,11.12,6.260000000000001,1.78,1.2,-49.35,2.5,2840000.0,0.83,6.28,Aug 05/a,7.6,1080000000.0,HIGH,15.44,4.32,0.93,20.75,0.1654,True,4.54,False,-6.31,4.55,5.414,34.0,-16.93,27.0,10.86,6.28,15292369.0,,,21.0,0.9385749385749386,0.4318181818181818,0.538083538083538,0.6664
APPN,Appian Corp,Technology,Software - Infrastructure,,27.02,-3759.52,19.11,-0.5,-1.53,9.94,59.56,49.71,0.92,-16.82,3.11,870430.0,1.39,38.31,Aug 06/b,34.0,2740000000.0,HIGH,9.74,10.79,1.32,15.05,0.2861,True,0.3,True,19.64,6.009,8.322,12.0,-0.36,27.0,27.87,38.31,34690140.0,,,-11.3,0.9054054054054054,0.8126535626535627,0.19901719901719905,0.6657
VERX,Vertex Inc,Technology,Software - Application,608.84,12.88,1033.33,10.52,-0.01,-6.61,6.75,6.6000000000000005,-1.58,0.83,-50.68,2.12,2009999.9999999998,0.76,13.09,Aug 03/a,17.15,2120000000.0,HIGH,4.97,1.32,1.11,10.28,0.1922,False,-1.98,True,1.82,4.631,4.698,12.0,-3.47,29.0,5.65,13.09,18356644.0,,,31.0,0.8501228501228502,0.6486486486486487,0.4312039312039312,0.664
MDU,MDU Resources Group Inc,Utilities,Utilities - Regulated Gas,19.69,17.72,49.4,6.87,0.0,-0.37,7.85,-11.32,-11.28,0.72,-18.54,1.75,1540000.0,1.55,18.72,Aug 06/b,23.71,3940000000.0,HIGH,-8.99,-5.65,1.51,-3.68,0.0932,False,-5.82,False,-8.05,2.057,2.885,55.0,-13.73,27.0,-6.49,18.72,30554644.0,,,26.7,0.3525798525798526,0.894963144963145,0.8421375921375922,0.6622
SNDA,Sonida Senior Living Inc,Healthcare,Medical Care Facilities,,,-218.14,122.02,-24.73,20.46,7.14,13.639999999999999,13.570000000000002,0.73,-10.26,1.5,606200.0,0.72,39.83,Aug 10/b,49.5,1910000000.0,HIGH,2.05,1.97,0.9,7.36,0.1113,True,1.91,False,-0.14,3.99,3.515,35.0,-4.46,25.0,-1.17,39.83,18928947.0,,,24.3,0.7868550368550369,0.39127764127764125,0.7665847665847666,0.6621
NEO,Neogenomics Inc,Healthcare,Diagnostics & Research,,54.44,104.85,11.21,-1.23,9.57,12.51,65.11,133.63,1.79,-6.83,1.67,2800000.0,0.54,18.41,Jul 28/a,19.72,2370000000.0,HIGH,13.92,4.84,0.93,19.23,0.1657,True,6.52,True,15.58,4.939,6.138,13.0,9.65,33.0,37.39,18.41,28211019.0,,,7.1,0.9287469287469288,0.4318181818181818,0.5343980343980343,0.6614
GTN,Gray Media Inc,Communication Services,Broadcasting,,,129.52,8.68,-0.33,-4.69,5.9,25.509999999999998,6.260000000000001,1.02,-23.54,2.2,1250000.0,0.65,4.92,Aug 07/b,6.5,516299999.99999994,HIGH,-1.2,3.14,0.88,4.11,0.066,True,0.58,True,9.46,3.702,2.439,26.0,14.95,26.0,14.95,4.92,4486242.0,,,32.1,0.6818181818181818,0.36363636363636365,0.9312039312039312,0.6612
WERN,Werner Enterprises Inc,Industrials,Trucking,,16.64,-85.41,24.0,-0.08,6.49,9.12,-14.510000000000002,36.06,1.28,-20.87,2.62,1090000.0,0.76,37.58,Jul 28/a,43.2,2250000000.0,HIGH,-3.91,-5.63,1.03,1.4,0.0772,False,-2.29,False,-6.2,3.923,2.874,6.0,-2.39,33.0,2.54,37.58,31029977.0,,,15.0,0.5644963144963145,0.5540540540540541,0.8955773955773956,0.6607
ALKT,Alkami Technology Inc,Technology,Software - Application,,18.28,36.61,15.869999999999997,24.54,-7.629999999999999,10.53,30.879999999999995,10.44,0.56,-26.07,1.44,1630000.0,0.85,19.88,Jul 29/a,22.14,2130000000.0,HIGH,-1.63,2.58,0.98,3.68,0.0979,False,-0.35,True,4.64,4.359,5.332,24.0,1.33,32.0,11.62,19.88,28198478.0,,,11.4,0.6572481572481572,0.49385749385749383,0.8310810810810811,0.6604
INVX,Innovex International Inc,Energy,Oil & Gas Equipment & Services,32.86,15.69,62.24000000000001,9.21,-34.57,0.64,4.81,-1.26,20.17,0.91,-13.73,1.4,625690.0,1.43,29.08,Aug 03/a,34.5,2029999999.9999998,HIGH,-5.55,-2.42,1.22,-0.24,0.1045,False,-2.39,True,2.84,4.267,4.023,31.0,9.49,29.0,2.76,29.08,21845950.0,,,18.6,0.4877149877149877,0.7438574938574939,0.8022113022113022,0.6589
NOG,Northern Oil and Gas Inc,Energy,Oil & Gas E&P,,6.83,118.5,16.79,0.77,-4.34,21.05,26.789999999999996,-4.18,0.91,-15.43,2.36,2930000.0,0.53,26.36,Aug 06/a,30.5,2810000000.0,HIGH,3.25,2.65,0.74,8.56,0.0761,True,0.66,True,14.26,3.132,3.49,18.0,3.82,26.0,29.98,26.36,54358646.0,,,15.7,0.8194103194103194,0.19963144963144963,0.898034398034398,0.6571
SVRA,Savara Inc,Healthcare,Biotechnology,,,-12.950000000000001,,-0.38,1.53,40.2,1.52,1.71,0.2,-23.77,1.0,1740000.0,0.75,5.34,Aug 11/a,10.94,1100000000.0,HIGH,-0.56,-3.44,0.88,4.75,0.0812,False,-1.81,False,-4.29,3.658,2.809,48.0,-14.01,23.0,-4.13,5.34,8107424.0,,,104.9,0.7100737100737101,0.36363636363636365,0.8796068796068797,0.657
HCSG,Healthcare Services Group Inc,Healthcare,Medical Care Facilities,12.84,17.91,173.4,2.69,-1.69,-1.33,4.22,-1.5,12.79,0.81,-14.41,1.86,728130.0,0.66,22.04,Jul 22/b,27.0,1510000000.0,HIGH,2.08,1.19,0.83,7.39,0.0928,False,-0.95,False,-3.62,2.554,1.588,41.0,-11.8,38.0,-6.45,22.04,12876069.0,,,22.5,0.7899262899262899,0.29115479115479115,0.8452088452088452,0.6569
FFBC,First Financial Bancorp,Financial,Banks - Regional,11.57,9.69,-0.34,12.98,-5.75,1.07,5.3,1.36,21.62,0.94,-9.67,2.29,951830.0,0.69,32.74,Jul 21/a,37.57,3440000000.0,HIGH,-4.18,0.4,0.98,1.13,0.0574,False,-0.26,False,-2.86,1.56,1.374,43.0,-4.35,38.0,-3.59,32.74,21914555.0,,,14.8,0.5503685503685504,0.49385749385749383,0.9582309582309583,0.6558
RYAM,Rayonier Advanced Materials Inc,Basic Materials,Chemicals,,9.56,90.91,10.61,-0.03,-2.37,8.07,-2.8,-26.369999999999997,1.83,-29.79,1.0,957920.0,0.62,8.32,Aug 04/a,14.0,562800000.0,HIGH,0.0,-2.58,0.8,5.31,0.0591,False,-2.01,False,-0.56,3.58,3.245,28.0,-5.02,28.0,-5.02,8.32,6293107.0,,,68.3,0.7285012285012284,0.2585995085995086,0.952088452088452,0.6546
EFC,Ellington Financial Inc,Real Estate,REIT - Mortgage,7.8,6.48,-2.15,31.72,0.0,1.32,5.76,-6.36,8.56,0.95,-9.28,1.57,1220000.0,0.9,12.81,Aug 06/a,14.86,1650000000.0,HIGH,-5.74,-4.26,1.1,-0.43,0.0753,False,-4.45,False,-4.76,1.517,1.874,18.0,-5.88,26.0,-2.51,12.81,13235511.0,,,16.0,0.476044226044226,0.6394348894348895,0.9011056511056511,0.6526
EVLV,Evolv Technologies Holdings Inc,Industrials,Security & Protection Services,,,78.96,34.44,-3.5900000000000003,1.07,5.73,-15.27,0.98,1.73,-41.43,1.0,2060000.0,1.59,5.16,Aug 11/a,9.85,934610000.0,HIGH,-5.67,1.78,1.73,-0.36,0.1516,False,-0.77,False,-7.01,3.311,5.911,26.0,-13.2,23.0,-9.79,5.16,9822830.0,,REVIEW,90.9,0.48034398034398035,0.937960687960688,0.5921375921375922,0.6512
DC,Dakota Gold Corp,Basic Materials,Gold,,,-8.15,,-0.56,3.05,6.64,18.26,5.81,1.25,-19.59,1.0,1500000.0,0.94,5.83,Sep 02,12.09,782230000.0,HIGH,-4.89,-2.51,1.16,0.42,0.1099,False,-3.66,True,8.73,5.088,6.775,14.0,-5.66,,,5.83,7367799.0,,,107.4,0.5221130221130221,0.6977886977886978,0.7751842751842752,0.6507
ALDX,Aldeyra Therapeutics Inc,Healthcare,Biotechnology,,,44.44,,17.04,-3.8900000000000006,5.37,-17.05,-64.61,1.19,-75.38,1.4,1240000.0,0.94,1.46,Jul 31,6.6,88080000.0,HIGH,-6.41,-5.19,1.68,-1.1,0.14,False,-2.94,False,-10.74,4.755,9.726,53.0,-28.78,,,1.46,1035025.0,,,352.1,0.4453316953316953,0.9281326781326781,0.644963144963145,0.6501
PARR,Par Pacific Holdings Inc,Energy,Oil & Gas Refining & Marketing,4.77,6.41,699.13,56.8,-18.69,-3.37,9.6,46.36,51.800000000000004,0.75,-6.12,1.43,965650.0,1.0,81.7,Aug 04/a,86.57,4090000000.0,HIGH,-0.45,-0.46,1.16,4.86,0.1716,True,2.8,True,6.3,5.114,7.834,4.0,-0.46,28.0,16.85,81.7,65956362.0,,,6.0,0.7168304668304668,0.6977886977886978,0.5098280098280099,0.649
FCPT,Four Corners Property Trust Inc,Real Estate,REIT - Retail,21.65,20.79,-1.12,7.6499999999999995,0.1,-0.02,3.83,-5.5,-6.860000000000001,0.8,-11.09,2.2,787460.0,0.93,23.88,Jul 29/a,28.3,2620000000.0,HIGH,-4.75,-3.79,1.03,0.56,0.0747,False,-4.08,False,-5.37,1.487,2.052,40.0,-9.3,32.0,-6.5,23.88,17803300.0,,,18.5,0.5257985257985258,0.5540540540540541,0.902948402948403,0.6474
PFS,Provident Financial Services Inc,Financial,Banks - Regional,9.74,8.98,8.65,4.33,-1.07,1.6500000000000001,4.41,-0.77,14.64,0.82,-8.43,1.67,968510.0,0.75,23.34,Jul 29/a,27.58,3040000000.0,HIGH,-5.01,-0.38,1.01,0.3,0.0638,False,-0.96,False,-2.53,1.625,1.285,30.0,-5.43,32.0,-3.03,23.34,17081749.0,,,18.2,0.515970515970516,0.5313267813267813,0.9361179361179361,0.6466
TFSL,TFS Financial Corp,Financial,Banks - Regional,47.46,43.87,44.18,5.9,-3.0,0.05,2.79,1.12,26.649999999999995,0.73,-12.21,3.0,880520.0,0.77,17.11,Jul 30/a,19.0,4800000000.0,HIGH,-2.28,-1.61,0.88,3.03,0.0599,False,-2.04,False,-3.65,1.987,1.227,29.0,-7.21,31.0,-5.21,17.11,13438446.0,,,11.0,0.6302211302211302,0.36363636363636365,0.9496314496314496,0.6461
HTGC,Hercules Capital Inc,Financial,Asset Management,8.83,9.01,49.93,96.41,1.19,,4.73,13.88,26.280000000000005,0.77,-8.86,1.22,1520000.0,0.66,17.58,Jul 30/a,19.5,3290000000.0,HIGH,6.29,-0.79,0.65,11.6,0.0825,True,1.02,True,5.03,1.568,1.308,9.0,-0.34,31.0,10.29,17.58,26828559.0,,,10.9,0.8648648648648649,0.12285012285012285,0.8753071253071253,0.6454
CURB,Curbline Properties Corp,Real Estate,REIT - Retail,106.99,82.56,-35.79,52.98,-16.25,17.99,13.03,-6.07,9.65,0.58,-9.55,1.6,1440000.0,0.9,29.08,Jul 28/b,33.83,3350000000.0,HIGH,-3.03,-2.02,0.88,2.28,0.0416,False,-1.95,False,-3.72,2.132,2.098,39.0,-7.03,34.0,-7.8,29.08,43953528.0,,,16.3,0.597051597051597,0.36363636363636365,0.9914004914004914,0.6453
CLMT,Calumet Inc,Basic Materials,Specialty Chemicals,,25.61,35.75,40.77,-3.29,-0.0,5.31,64.29,97.8,0.77,-3.17,2.33,1140000.0,1.15,56.55,Aug 07/b,53.4,4970000000.0,HIGH,16.96,4.9,1.14,22.27,0.2786,True,10.7,True,23.68,4.168,5.57,5.0,6.44,26.0,43.24,56.55,59560215.0,,,-5.6,0.9471744471744472,0.6756756756756757,0.21253071253071254,0.6453
LILAK,Liberty Latin America Ltd,Communication Services,Telecom Services,,38.16,93.94,1.46,6.34,,5.42,58.03,66.78,0.61,-0.45000000000000007,2.67,1650000.0,0.54,8.8,Aug 05/a,9.14,1720000000.0,HIGH,4.27,1.5,0.69,9.58,0.0798,True,3.45,True,8.65,2.808,1.989,2.0,1.38,27.0,6.54,8.8,11102786.0,,,3.9,0.8402948402948403,0.14434889434889434,0.8845208845208845,0.6448
ACCO,Acco Brands Corp,Industrials,Business Equipment & Supplies,6.83,4.4,-52.96999999999999,5.14,-2.19,0.42,7.03,4.95,25.44,1.18,-6.98,1.0,767390.0,0.66,4.24,Jul 30/a,8.0,391380000.0,HIGH,0.24,-2.3,0.74,5.55,0.055,False,-0.64,True,0.99,2.746,2.358,6.0,-2.3,31.0,0.47,4.24,2921312.0,,,88.7,0.7371007371007371,0.19963144963144963,0.9662162162162162,0.6446
WTTR,Select Water Solutions Inc,Energy,Oil & Gas Equipment & Services,75.01,27.42,61.95,8.67,-37.58,3.4799999999999995,4.33,6.03,43.11,1.0,-11.09,1.17,1740000.0,1.01,20.05,Aug 04/a,24.43,2590000000.0,HIGH,-5.96,-3.61,1.36,-0.65,0.1293,True,0.08,True,0.85,3.711,4.04,28.0,8.38,28.0,8.38,20.05,25798167.0,,,21.8,0.4668304668304668,0.8341523341523341,0.6916461916461916,0.6445
TMDX,Transmedics Group Inc,Healthcare,Medical Devices,22.34,37.33,-55.84,20.7,-0.62,-4.99,24.23,17.76,-30.47,1.93,-44.96,1.75,915120.0,1.03,85.86,Aug 04/a,97.3,2980000000.0,HIGH,-2.82,-2.73,1.38,2.49,0.1771,False,-3.22,True,4.82,5.302,9.207,16.0,-5.49,28.0,12.25,85.86,60295645.0,,,13.3,0.6056511056511057,0.8513513513513513,0.48771498771498767,0.644
SHO,Sunstone Hotel Investors Inc,Real Estate,REIT - Hotel & Motel,48.98,48.38,304.06,6.67,-3.1300000000000003,0.28,7.37,-6.23,23.07,1.02,-8.95,2.5,2680000.0,0.56,10.99,Aug 06/b,11.88,2040000000.0,HIGH,0.92,1.2,0.72,6.23,0.0564,False,-1.04,False,-2.65,1.794,1.365,55.0,-5.26,27.0,-2.66,10.99,23113212.0,,,8.1,0.7592137592137592,0.16891891891891891,0.9606879606879607,0.6426
CYRX,CryoPort Inc,Industrials,Integrated Freight & Logistics,,,24.23,7.739999999999999,-12.46,2.05,5.6,9.17,104.08999999999999,1.97,-7.21,1.22,624840.0,0.76,15.96,Aug 06/a,19.33,808360000.0,HIGH,4.18,3.17,0.91,9.49,0.1465,False,-0.01,True,1.76,3.827,3.697,17.0,-2.15,26.0,8.5,15.96,8324688.0,,,21.1,0.8366093366093366,0.40724815724815727,0.6154791154791155,0.6415
RLJ,RLJ Lodging Trust,Real Estate,REIT - Hotel & Motel,1850.85,167.02,10.4,5.48,0.0,8.98,8.55,-0.91,46.97,1.14,-15.28,3.09,1860000.0,0.8,10.92,Aug 06/a,11.65,1670000000.0,HIGH,-1.36,2.15,0.92,3.95,0.0987,False,-2.16,False,-5.23,2.479,2.381,36.0,-9.45,26.0,-1.89,10.92,18065039.0,,,6.7,0.6695331695331695,0.4189189189189189,0.8261670761670762,0.6413
IVT,InvenTrust Properties Corp,Real Estate,REIT - Retail,163.39,,-98.58,12.520000000000001,0.0,12.37,7.66,-9.34,1.5700000000000003,0.86,-14.75,1.75,904040.0,0.59,31.73,Aug 03/a,37.29,2470000000.0,HIGH,-5.06,-2.7,0.98,0.25,0.0564,False,-2.78,False,-6.94,1.821,2.269,42.0,-10.19,29.0,-6.9,31.73,17845313.0,,,17.5,0.5110565110565111,0.49385749385749383,0.9606879606879607,0.6408
NRGV,Energy Vault Holdings Inc,Utilities,Utilities - Renewable,,,17.79,104.05,-0.21,19.6,23.85,-4.65,24.24,1.24,-38.3,1.8,5180000.0,0.89,4.1,Aug 11/a,6.21,745540000.0,HIGH,7.33,-5.09,1.29,12.64,0.3103,True,7.18,True,17.07,7.524,5.0,5.0,6.77,23.0,14.53,4.1,13685586.0,,,51.5,0.8771498771498771,0.7960687960687961,0.16830466830466828,0.6402
SOC,Sable Offshore Corp,Energy,Oil & Gas Drilling,,5.76,70.2,,-5.08,17.67,26.79,-55.7,-71.36,-0.18,-80.69,1.29,11360000.0,0.82,4.82,Aug 10/a,9.4,924820000.0,HIGH,19.9,-0.62,1.05,25.21,0.2522,True,1.68,True,6.07,6.639,11.618,2.0,-2.03,24.0,3.66,4.82,41999188.0,,,95.0,0.9606879606879607,0.5749385749385749,0.273955773955774,0.6389
CCO,Clear Channel Outdoor Holdings Inc,Communication Services,Advertising Agencies,,192.56,-129.36,8.75,-17.07,6.15,7.52,-1.24,0.0,2.02,-2.46,3.25,8050000.000000001,0.43,2.38,Aug 05/b,2.43,1210000000.0,HIGH,2.59,0.0,0.49,7.9,0.03,True,0.29,False,-0.53,0.9,0.42,29.0,-1.65,28.0,-1.65,2.38,16660501.0,,,2.1,0.8046683046683046,0.05835380835380835,0.9975429975429976,0.6386
PBH,Prestige Consumer Healthcare Inc,Healthcare,Drug Manufacturers - Specialty & Generic,13.33,9.28,-35.65,6.480000000000001,-0.32,2.38,9.82,-0.42,-22.51,0.34,-33.0,1.71,569270.0,1.02,47.62,Aug 06/b,67.25,2260000000.0,HIGH,-4.84,-4.36,1.31,0.47,0.1451,False,-6.25,False,-6.08,3.189,2.625,28.0,-8.42,27.0,-10.12,47.62,22459405.0,,,41.2,0.5245700245700246,0.8065110565110565,0.6203931203931203,0.6379
CION,CION Invt Corp,Financial,Asset Management,118.7,6.21,20.19,60.19,0.0,-2.36,3.95,1.86,8.55,1.11,-31.629999999999995,3.0,545430.0,0.55,7.11,Aug 06/b,8.75,349840000.0,HIGH,-1.39,-2.34,0.82,3.92,0.0584,False,-2.99,True,4.18,2.31,1.477,22.0,-4.31,27.0,14.13,7.11,2651297.0,,,23.1,0.6683046683046683,0.27825552825552824,0.9557739557739557,0.6375
FHI,Federated Hermes Inc,Financial,Asset Management,10.97,9.92,19.61,18.21,-3.85,1.35,6.14,1.27,3.51,0.64,-12.22,2.89,575860.0,1.45,58.99,Jul 30/a,61.57,4400000000.0,HIGH,-8.04,-4.0,1.46,-2.73,0.119,False,-6.11,False,-3.85,2.428,3.001,14.0,-8.85,31.0,-0.81,58.99,34322146.0,,,4.4,0.3845208845208845,0.8820638820638821,0.7285012285012284,0.637
VGZ,Vista Gold Corp,Basic Materials,Gold,,,-7.41,,0.0,4.79,5.43,-7.26,4.83,1.33,-30.67,1.0,1850000.0,1.36,2.17,Jul 29/a,4.5,316760000.0,HIGH,-5.24,-3.56,2.42,0.07,0.1865,False,-5.12,True,7.56,4.97,5.53,16.0,-10.33,32.0,26.9,2.17,2402774.0,,,107.4,0.5024570024570024,0.9914004914004914,0.4582309582309583,0.6359
AVAH,Aveanna Healthcare Holdings Inc,Healthcare,Medical Care Facilities,11.69,15.85,39.56,13.73,-43.8,7.1,4.73,102.82,106.61,1.93,-1.11,1.64,2800000.0,0.92,14.38,Aug 13/b,14.6,3140000000.0,HIGH,13.32,5.27,0.74,18.63,0.131,True,6.52,True,28.3,3.694,3.442,2.0,3.75,22.0,58.9,14.38,46920483.0,,,1.5,0.9262899262899262,0.19963144963144963,0.683046683046683,0.6353
RES,RPC Inc,Energy,Oil & Gas Equipment & Services,60.88,24.02,13.63,9.52,0.0,-0.36,9.19,-15.160000000000002,-6.4399999999999995,0.84,-25.25,3.5,1570000.0,1.09,6.1,Jul 30/b,6.4,1350000000.0,HIGH,-7.15,-6.44,1.19,-1.84,0.0956,False,-4.66,True,1.05,3.525,6.066,4.0,-6.44,32.0,19.14,6.1,9176959.0,,,4.9,0.41707616707616707,0.7235872235872236,0.8378378378378378,0.6353
MWA,Mueller Water Products Inc,Industrials,Specialty Industrial Machinery,16.34,14.35,28.24,4.1,-4.45,1.06,3.69,-10.61,-16.8,0.99,-25.55,2.57,1140000.0,1.28,23.08,Aug 05/a,31.0,3600000000.0,HIGH,-8.34,-2.86,1.4,-3.03,0.1115,False,-5.36,False,-7.79,2.33,3.726,27.0,-12.61,27.0,-12.61,23.08,25451528.0,,,34.3,0.37223587223587223,0.8562653562653563,0.7635135135135135,0.6348
CRMD,CorMedix Inc,Healthcare,Biotechnology,3.75,131.5,1.92,156.52,0.0,3.06,22.4,-9.73,22.33,1.4,-40.68,1.0,1260000.0,0.73,7.89,Aug 13/b,15.4,614980000.0,HIGH,2.87,-3.55,0.84,8.18,0.1208,False,-4.23,False,-1.89,3.295,2.535,8.0,-5.85,22.0,11.13,7.89,8977016.0,,,95.2,0.8144963144963145,0.30773955773955775,0.7223587223587223,0.6348
MFA,MFA Financial Inc,Real Estate,REIT - Mortgage,8.46,6.05,60.08,47.94,0.0,-0.1,4.66,-10.19,-13.849999999999998,1.51,-18.89,2.0,1580000.0,1.02,8.46,Aug 05/b,10.38,855200000.0,HIGH,-7.14,-4.51,1.12,-1.83,0.0764,False,-4.22,False,-6.88,1.714,2.009,55.0,-12.15,28.0,-6.62,8.46,12416988.0,,,22.7,0.41953316953316955,0.6584766584766585,0.8968058968058968,0.6344
BOX,Box Inc,Technology,Software - Infrastructure,50.31,20.07,75.37,9.23,-4.0,-1.26,12.86,37.3,40.06,0.72,-4.07,2.64,2780000.0,0.84,34.86,Aug 25/a,38.71,4780000000.0,HIGH,7.96,1.63,0.78,13.27,0.1288,True,2.31,True,8.56,3.567,2.496,7.0,0.78,13.0,5.64,34.86,102202793.0,,,11.0,0.8845208845208845,0.23832923832923833,0.6953316953316953,0.6339
HNI,HNI Corp,Consumer Cyclical,"Furnishings, Fixtures & Appliances",424.16,9.66,-30.75,120.72,-6.890000000000001,5.29,6.13,41.09,15.310000000000002,0.92,-11.54,1.0,648240.0,0.76,46.7,Jul 30/b,69.75,3370000000.0,HIGH,-3.35,-3.17,0.97,1.96,0.0914,False,-3.39,True,2.28,2.709,1.478,12.0,-6.45,32.0,9.16,46.7,24695090.0,,,49.4,0.5878378378378378,0.4785012285012285,0.8501228501228502,0.6337
NHI,National Health Investors Inc,Real Estate,REIT - Healthcare Facilities,20.37,22.52,45.25,33.67,0.2,6.52,4.7,-2.4,-17.38,0.51,-22.99,1.67,561280.0,0.53,70.37,Aug 10/a,81.56,3460000000.0,HIGH,-4.14,-1.47,0.96,1.17,0.073,False,-2.44,False,-5.81,1.7,1.833,39.0,-11.22,24.0,0.6,70.37,22370288.0,,,15.9,0.5540540540540541,0.4643734643734644,0.9078624078624079,0.6333
LILA,Liberty Latin America Ltd,Communication Services,Telecom Services,,72.18,93.94,1.46,2.65,-17.53,3.51,60.07,72.32,0.64,-0.34,2.6,719840.0,0.34,8.87,Aug 05/a,9.17,1720000000.0,HIGH,4.23,2.07,0.64,9.54,0.0842,True,3.49,True,8.5,2.432,1.747,2.0,1.95,27.0,5.85,8.87,3216097.0,,,3.4,0.8390663390663391,0.1167076167076167,0.871007371007371,0.6319
GTY,Getty Realty Corp,Real Estate,REIT - Retail,19.58,22.15,50.23,10.88,0.0,4.08,10.14,-4.04,-3.44,0.73,-13.01,2.11,537950.0,1.08,32.04,Jul 22/a,36.5,1980000000.0,HIGH,-3.11,-1.75,0.86,2.2,0.0503,False,-2.35,False,-5.01,1.694,2.06,39.0,-11.27,37.0,-7.69,32.04,19272982.0,,,13.9,0.5945945945945946,0.3396805896805897,0.9735872235872236,0.6318
ELME,Elme Communities,Real Estate,REIT - Residential,,,-3942.6500000000005,1.72,0.0,-5.39,2.77,-17.73,-18.93,0.84,-47.48,3.0,1290000.0,0.2,1.67,-,,148390000.0,HIGH,3.73,-0.6,0.5,9.04,0.0639,True,0.42,True,3.86,1.411,2.994,16.0,3.09,,,1.67,881222.0,,,,0.8292383292383292,0.06203931203931204,0.9348894348894349,0.6308
AMPL,Amplitude Inc,Technology,Software - Application,,79.09,-42.49,21.16,-1.27,-3.08,8.91,98.11,85.71,1.51,-7.519999999999999,1.58,2170000.0,0.75,13.65,Aug 05/a,13.77,1710000000.0,HIGH,8.25,9.03,0.95,13.56,0.184,True,3.62,True,21.88,4.838,6.63,12.0,5.32,27.0,36.36,13.65,22586831.0,,,0.9,0.8869778869778869,0.45454545454545453,0.4643734643734644,0.6305
ARLO,Arlo Technologies Inc,Industrials,Building Products & Equipment,49.69,13.42,-5.54,20.5,-6.309999999999999,1.0,11.1,6.5,1.18,1.59,-30.990000000000002,1.14,1300000.0,0.85,13.76,Aug 06/a,21.0,1480000000.0,HIGH,0.36,-2.48,0.88,5.67,0.1151,True,3.6,True,0.79,4.371,5.959,31.0,-4.91,26.0,-9.65,13.76,16735931.0,,,52.6,0.742014742014742,0.36363636363636365,0.7469287469287469,0.63
PBLS,Parabilis Medicines Inc,Healthcare,Biotechnology,,,,,84.02,113.62,7.12,32.65,,,-12.85,1.0,544040.0,0.89,36.16,Aug 13/b,41.75,4470000000.0,HIGH,-2.85,-9.08,1.12,2.46,0.1424,False,-7.26,True,3.19,5.284,5.476,19.0,-2.85,22.0,1.37,36.16,16694986.0,,,15.5,0.6044226044226044,0.6584766584766585,0.6339066339066339,0.6295
KRNY,Kearny Financial Corp,Financial,Banks - Regional,17.03,9.83,4.82,2.23,0.56,4.64,4.7,11.26,34.9,0.62,-4.45,2.0,644950.0,0.79,9.78,Jul 23/b,10.67,635010000.0,HIGH,0.1,-2.2,0.7,5.41,0.055,False,-0.69,True,1.49,2.447,1.84,8.0,0.1,37.0,7.24,9.78,7151482.0,,,9.1,0.7334152334152334,0.15356265356265356,0.9662162162162162,0.6293
ZVRA,Zevra Therapeutics Inc,Healthcare,Biotechnology,13.0,12.88,-89.97,53.25,-10.8,4.23,9.84,-4.74,20.74,0.97,-19.85,1.0,1280000.0,0.49,12.05,Aug 05/a,25.0,715580000.0,HIGH,4.51,-4.93,0.73,9.82,0.1063,True,0.54,True,1.56,3.509,1.826,5.0,-2.82,27.0,14.43,12.05,10147678.0,,,107.5,0.8427518427518428,0.18120393120393122,0.7911547911547911,0.6288
IRTC,iRhythm Holdings Inc,Healthcare,Medical Devices,,96.33,97.39,20.08,-9.0,-2.56,8.64,0.9399999999999998,1.52,1.46,-45.89,1.06,606880.0,1.0,114.72,Aug 06/a,176.14,3780000000.0,HIGH,-1.88,-6.15,1.13,3.43,0.158,False,-4.74,False,-4.0,4.461,2.641,16.0,-10.36,26.0,-10.26,114.72,64191491.0,,,53.5,0.6461916461916462,0.6676904176904177,0.5657248157248157,0.6285
IRT,Independence Realty Trust Inc,Real Estate,REIT - Residential,83.83,83.77,-58.14,3.12,-0.16,0.67,5.61,-9.07,-2.97,0.96,-13.77,1.62,2950000.0,1.58,15.34,Aug 03/a,19.35,3710000000.0,HIGH,-7.98,-3.58,1.54,-2.67,0.1323,False,-5.21,False,-7.25,2.286,2.347,26.0,-9.66,29.0,-8.47,15.34,47345825.0,,,26.1,0.386977886977887,0.902948402948403,0.6756756756756757,0.6284
TLS,Telos Corp,Technology,Software - Infrastructure,,19.21,106.52999999999999,32.74,-3.2199999999999998,3.74,5.31,-6.13,0.22999999999999998,0.96,-48.68,2.0,603840.0,1.44,4.29,Aug 10/b,6.33,320620000.0,HIGH,-2.28,-7.94,1.41,3.03,0.2051,False,-5.78,False,-6.62,6.499,9.79,7.0,-8.92,25.0,6.45,4.29,2797420.0,,,47.6,0.6302211302211302,0.8587223587223587,0.39312039312039315,0.6276
SKT,Tanger Inc,Real Estate,REIT - Retail,33.32,31.93,8.9,11.15,-0.52,1.24,5.93,-10.11,3.47,1.09,-14.469999999999999,2.55,970820.0,0.76,36.37,Aug 04/a,41.3,4179999999.9999995,HIGH,-5.31,-2.47,1.02,0.0,0.0814,False,-3.5,False,-7.37,1.76,2.172,34.0,-12.99,28.0,-10.31,36.37,27464230.0,,,13.6,0.5,0.5423832923832924,0.8771498771498771,0.6259
SGRY,Surgery Partners Inc,Healthcare,Medical Care Facilities,,26.04,-490.86,2.75,-0.06,-0.45999999999999996,16.61,-8.3,13.41,1.9,-40.1,1.5,1900000.0,1.14,14.04,Aug 10/b,18.82,1840000000.0,HIGH,-2.23,0.57,0.85,3.08,0.0715,False,-0.37,False,-7.16,4.356,5.093,51.0,-15.42,25.0,-9.59,14.04,35803389.0,,,34.0,0.6326781326781327,0.32555282555282555,0.9152334152334153,0.6253
TBLA,Taboola.com Ltd,Communication Services,Internet Content & Information,9.66,11.61,206.47000000000003,2.44,-14.57,13.96,5.4,-17.51,26.13,1.49,-31.52,1.89,3040000.0,0.52,3.91,Aug 05/b,5.8,1060000000.0,HIGH,0.51,2.36,0.74,5.82,0.0793,True,3.44,False,-12.36,3.051,3.581,47.0,-27.99,28.0,1.96,3.91,8155333.0,,,48.3,0.7469287469287469,0.19963144963144963,0.8882063882063882,0.6251
XRX,Xerox Holdings Corp,Industrials,Business Equipment & Supplies,,7.62,108.81999999999998,21.95,0.0,5.39,36.78,-4.61,99.4,2.47,-22.48,3.0,3290000.0,0.71,3.31,Jul 30/b,3.82,434650000.0,HIGH,12.2,3.44,1.02,17.51,0.232,True,7.19,True,11.22,5.762,5.438,2.0,4.42,32.0,25.38,3.31,7128976.0,,,15.4,0.9201474201474201,0.5423832923832924,0.3132678132678133,0.6248
DAN,Dana Inc,Consumer Cyclical,Auto Parts,,7.71,-100.0,3.88,0.0,0.45000000000000007,4.52,-1.66,-3.44,2.02,-23.41,1.89,1650000.0,0.73,30.3,Aug 06/b,37.43,3260000000.0,HIGH,-3.35,-3.16,0.93,1.96,0.087,False,-1.24,True,5.12,2.904,1.848,6.0,-3.87,27.0,10.91,30.3,40298340.0,,,23.5,0.5878378378378378,0.4318181818181818,0.8648648648648649,0.6241
OSG,Octave Specialty Group Inc,Financial,Insurance - Specialty,,8.81,23.37,51.019999999999996,0.0,-5.81,4.07,-10.71,-2.34,0.84,-51.83,1.5,502030.0,0.91,5.0,Aug 06/a,11.67,225260000.0,HIGH,8.46,1.01,0.91,13.77,0.1773,True,7.01,False,-4.94,4.529,5.6,4.0,1.01,26.0,1.42,5.0,2339416.0,,,133.4,0.8894348894348895,0.40724815724815727,0.48525798525798525,0.6235
MLYS,Mineralys Therapeutics Inc,Healthcare,Biotechnology,,,-330.32,,-0.17,12.12,15.39,22.57,10.54,0.65,-39.24,1.22,1130000.0,1.06,28.95,Aug 11/a,48.5,2560000000.0,HIGH,11.13,-6.97,1.07,16.44,0.2644,True,6.25,True,6.22,5.505,5.941,5.0,2.62,23.0,7.02,28.95,31035843.0,,,67.5,0.9152334152334153,0.6031941031941032,0.25429975429975427,0.6233
PAR,Par Technology Corp,Technology,Software - Application,,12.67,21.17,18.69,146.64,-5.25,22.59,21.41,22.48,1.32,-60.46,1.44,978760.0,0.87,18.09,Aug 06/a,25.31,748250000.0,HIGH,-2.48,-1.63,1.06,2.83,0.1375,False,-4.07,True,1.69,5.058,5.03,6.0,-4.29,26.0,5.67,18.09,15048651.0,,,39.9,0.6179361179361179,0.5884520884520884,0.6590909090909092,0.6214
CHEF,Chefs' Warehouse Inc,Consumer Defensive,Food Distribution,53.65,36.7,55.46,12.920000000000002,-6.52,-1.25,13.64,24.34,74.67,1.44,-4.09,1.44,659930.0,0.69,112.84,Jul 29/b,120.33,4600000000.0,HIGH,2.05,3.66,0.7,7.36,0.085,True,1.18,True,6.28,3.323,3.713,9.0,0.33,33.0,12.64,112.84,72768460.0,,,6.6,0.7868550368550369,0.15356265356265356,0.8685503685503686,0.6214
CARG,CarGurus Inc,Communication Services,Internet Content & Information,18.96,11.55,142.2,7.24,-0.51,-3.58,8.97,28.559999999999995,13.19,1.21,-15.259999999999998,1.88,1110000.0,0.86,34.93,Aug 06/a,42.0,3110000000.0,HIGH,-2.35,6.59,1.18,2.96,0.1667,False,-1.12,False,-1.72,3.346,3.496,26.0,-3.99,26.0,-3.99,34.93,28231818.0,,,20.2,0.6216216216216216,0.714987714987715,0.5276412776412777,0.6214
PCRX,Pacira BioSciences Inc,Healthcare,Drug Manufacturers - Specialty & Generic,71.12,7.18,208.35,6.24,-2.79,0.96,19.19,7.35,6.1,0.25,-10.77,2.25,574420.0,0.73,24.68,Aug 04/a,29.75,983790000.0,HIGH,6.2,-4.6,0.85,11.51,0.1522,False,-2.61,False,-3.0,2.758,5.429,8.0,-6.76,28.0,-0.76,24.68,12543729.0,,,20.5,0.8636363636363636,0.32555282555282555,0.5890663390663391,0.6198
NVST,Envista Holdings Corp,Healthcare,Medical Instruments & Supplies,44.81,15.45,110.55,7.1,-0.21,6.14,7.26,4.84,4.79,0.88,-15.22,2.12,2670000.0,0.93,25.79,Aug 05/a,30.79,4139999999.9999995,HIGH,-6.69,-3.8,1.13,-1.38,0.0993,False,-4.63,False,-4.92,2.99,2.656,23.0,-9.57,27.0,-5.81,25.79,59072259.0,,,19.4,0.42997542997543,0.6676904176904177,0.8230958230958231,0.6192
DSGN,Design Therapeutics Inc,Healthcare,Biotechnology,,,3.8699999999999997,,0.0,26.8,16.03,23.25,33.6,1.67,-21.62,1.0,691150.0,1.82,13.52,Aug 03/b,21.0,846100000.0,HIGH,-10.46,-11.23,1.9,-5.15,0.1294,False,-10.71,False,-4.02,4.954,9.837,21.0,-6.05,30.0,11.0,13.52,9962651.0,,,55.3,0.3058968058968059,0.961916461916462,0.6904176904176904,0.6181
FRSH,Freshworks Inc,Technology,Software - Application,19.36,15.24,301.69,15.98,-0.12,1.58,12.02,33.83,55.47,0.91,-9.65,2.05,14460000.0,0.33,12.64,Aug 04/a,14.64,3300000000.0,HIGH,2.51,4.46,1.04,7.82,0.1942,False,-1.91,True,6.99,3.849,4.241,12.0,-2.09,28.0,9.72,12.64,58334167.0,,,15.8,0.8022113022113022,0.5651105651105651,0.4244471744471745,0.6178
ARVN,Arvinas Inc,Healthcare,Biotechnology,52.37,,407.54,1014.7299999999999,-0.88,1.14,8.04,10.82,-31.03,1.8,-42.11,2.31,761360.0,1.93,8.4,Aug 04/b,13.93,549240000.0,HIGH,-8.7,-7.49,2.27,-3.39,0.1526,False,-8.39,False,-3.64,4.073,3.69,20.0,-6.35,29.0,4.22,8.4,5898093.0,,,65.8,0.35995085995085996,0.9889434889434889,0.5872235872235873,0.6168
BIPC,Brookfield Infrastructure Corp,Utilities,Utilities - Regulated Gas,,17.56,83.1,8.55,0.0,3.61,7.82,-11.36,-23.49,1.3,-30.740000000000002,5.0,1050000.0,1.77,35.82,Jul 30/b,50.0,4870000000.0,HIGH,-9.32,-4.48,1.71,-4.01,0.136,False,-6.36,False,-9.49,2.645,5.221,34.0,-12.4,32.0,-15.9,35.82,41210132.0,,,39.6,0.34336609336609336,0.933046683046683,0.6652334152334152,0.6168
SMA,Smartstop Self Storage REIT Inc,Real Estate,REIT - Industrial,63.46,56.52,229.69,18.65,-0.02,2.26,8.25,-0.09,1.45,0.48,-19.01,1.82,704140.0,1.07,32.21,Aug 05/a,37.25,1910000000.0,HIGH,-5.54,-1.2,1.08,-0.23,0.1071,False,-2.93,False,-4.09,2.218,1.894,35.0,-7.28,27.0,-4.84,32.21,23049017.0,,,15.6,0.48955773955773957,0.6167076167076168,0.785012285012285,0.6163
CARS,Cars.com,Communication Services,Internet Content & Information,20.31,4.52,129.33,0.67,-2.14,-4.52,14.58,23.52,54.49,1.63,-15.42,2.43,664440.0,0.69,11.71,Aug 06/b,13.08,626860000.0,HIGH,-1.26,4.09,0.92,4.05,0.1186,False,-1.2,False,-1.01,3.468,3.757,34.0,-0.76,27.0,-0.26,11.71,5884356.0,,,11.7,0.6781326781326781,0.4189189189189189,0.7297297297297297,0.6158
LMND,Lemonade Inc,Financial,Insurance - Property & Casualty,,,5.69,104.93999999999998,-1.26,2.44,14.66,-12.98,-9.28,1.86,-49.92,2.83,1340000.0,0.67,50.03,Jul 29/b,59.22,3870000000.0,HIGH,0.16,-1.03,0.95,5.47,0.1455,False,-3.62,False,-12.55,4.307,3.438,7.0,-5.85,33.0,5.59,50.03,48502406.0,,,18.4,0.7352579852579852,0.45454545454545453,0.6179361179361179,0.6158
CUZ,Cousins Properties Inc,Real Estate,REIT - Office,714.83,60.3,84.5,11.83,-0.27,-1.33,7.24,-3.65,22.7,1.17,-15.17,1.36,1540000.0,0.8,27.95,Jul 30/a,33.73,4600000000.0,HIGH,-4.22,-1.62,0.97,1.09,0.0943,False,-3.73,False,-7.3,2.182,1.717,33.0,-11.86,31.0,-11.41,27.95,36692082.0,,,20.7,0.547911547911548,0.4785012285012285,0.8402948402948403,0.6148
XXI,Twenty One Capital Inc,Consumer Defensive,Education & Training Services,17.04,,-1640.0199999999998,,0.0,-14.150000000000002,1.83,0.35,-15.1,-1.12,-77.41,,1530000.0,1.22,5.79,-,,3770000000.0,HIGH,16.97,-1.19,1.09,22.28,0.3244,False,-1.7,True,9.83,6.395,6.563,14.0,-8.24,,,5.79,10103290.0,,,,0.9484029484029484,0.6302211302211302,0.15356265356265353,0.6145
ACAD,Acadia Pharmaceuticals Inc,Healthcare,Biotechnology,12.39,30.28,15.24,16.4,-3.38,1.41,5.73,30.490000000000002,33.53,0.85,-11.11,1.62,1660000.0,0.98,27.52,Aug 04/a,34.0,4740000000.0,HIGH,-5.14,-0.22,1.16,0.17,0.1339,False,-4.7,True,0.02,2.917,2.616,14.0,-7.18,28.0,1.36,27.52,40720682.0,,,23.5,0.5098280098280098,0.6977886977886978,0.6695331695331695,0.6141
NMIH,NMI Holdings Inc,Financial,Insurance - Specialty,8.68,8.09,13.750000000000002,8.12,-13.55,0.44,2.47,19.08,18.25,0.54,-5.61,1.57,523150.0,0.71,44.12,Jul 30/a,49.17,3320000000.0,HIGH,-3.16,-0.59,0.82,2.15,0.0503,False,-1.66,True,0.73,1.78,1.405,22.0,-1.69,31.0,1.57,44.12,20390708.0,,,11.4,0.5927518427518428,0.27825552825552824,0.9735872235872236,0.6127
AESI,Atlas Energy Solutions Inc,Energy,Oil & Gas Equipment & Services,,,-347.44,1.56,0.0,23.63,30.58,-22.57,-3.38,1.1,-34.72,2.62,3150000.0,1.05,13.14,Aug 03/a,17.42,1640000000.0,HIGH,2.5,-6.08,1.07,7.81,0.2142,True,0.65,True,2.77,5.825,6.317,7.0,0.84,29.0,20.22,13.14,40277320.0,,,32.6,0.800982800982801,0.6031941031941032,0.36977886977886976,0.6123
WWW,Wolverine World Wide Inc,Consumer Cyclical,Footwear & Accessories,15.15,10.56,16.06,6.79,-3.42,0.26,7.22,8.38,22.22,1.69,-37.92,2.0,845930.0,0.78,19.53,Aug 13/b,24.3,1600000000.0,HIGH,-1.51,-2.59,0.89,3.8,0.1097,False,-2.51,True,1.24,3.731,3.021,21.0,-1.76,22.0,8.14,19.53,14881069.0,,,24.4,0.6627764127764127,0.3783783783783784,0.7764127764127764,0.6115
VERA,Vera Therapeutics Inc,Healthcare,Biotechnology,,,-27.01,,-0.91,8.51,33.96,-0.61,-14.790000000000001,1.04,-39.25,1.14,2180000.0,0.78,34.05,Aug 10/a,77.36,2450000000.0,HIGH,7.65,-3.49,0.88,12.96,0.1755,True,0.01,False,-2.92,4.868,6.799,14.0,0.98,24.0,12.41,34.05,65922555.0,,,127.2,0.8820638820638821,0.36363636363636365,0.49508599508599505,0.6104
TRTX,TPG RE Finance Trust Inc,Real Estate,REIT - Mortgage,13.39,6.57,-43.04,2.64,0.0,1.17,6.85,-14.550000000000002,-8.14,1.5,-22.82,1.5,789030.0,1.05,7.34,Jul 28/a,9.88,563490000.0,HIGH,-7.56,-4.92,1.09,-2.25,0.086,False,-5.21,False,-9.22,1.831,1.771,42.0,-14.35,33.0,-10.6,7.34,5892343.0,,,34.6,0.4011056511056511,0.6302211302211302,0.8673218673218673,0.6097
ATAI,AtaiBeckley Inc,Healthcare,Biotechnology,,,36.07,137.0,-0.21,11.11,6.35,87.5,99.19,1.54,-1.34,2.8,14360000.0,0.0,7.35,Aug 12,8.0,2730000000.0,MEDIUM,1.24,-0.54,0.0,6.55,0.0287,True,0.12,True,6.55,1.045,0.0,13.0,-0.41,,,7.35,99429148.0,,,8.8,0.7727272727272727,0.0018427518427518428,0.9987714987714987,0.6093
PENN,PENN Entertainment Inc,Consumer Cyclical,Resorts & Casinos,,12.29,308.56,5.24,0.0,-1.69,11.06,-16.97,25.790000000000003,1.37,-19.5,1.87,3050000.0,0.97,18.0,Aug 06/b,24.75,2410000000.0,HIGH,-3.49,6.19,1.15,1.82,0.1578,True,2.14,False,-6.5,3.46,2.944,55.0,-14.65,27.0,-8.26,18.0,44960767.0,,,37.5,0.5823095823095823,0.6855036855036855,0.5675675675675675,0.6088
ATEN,A10 Networks Inc,Technology,Software - Infrastructure,43.78,21.6,-18.53,15.5,-1.25,5.51,12.89,-19.36,22.13,1.13,-33.46,2.0,1300000.0,1.13,25.61,Aug 05/a,36.67,1860000000.0,HIGH,-6.36,4.45,1.23,-1.05,0.1318,True,0.67,False,-14.06,3.506,5.974,47.0,-30.95,27.0,-7.21,25.61,30628464.0,,,43.2,0.4477886977886978,0.7512285012285013,0.6805896805896806,0.6087
EEFT,Euronet Worldwide Inc,Technology,Software - Infrastructure,11.19,5.94,-24.69,3.17,0.13,-2.94,13.52,6.9,0.18,0.83,-22.19,2.3,683470.0,0.61,71.26,Jul 30/b,83.43,2670000000.0,HIGH,1.01,-0.86,0.7,6.32,0.0898,True,0.89,False,-4.05,3.472,4.912,34.0,-10.0,32.0,-7.06,71.26,41917993.0,,,17.1,0.7641277641277642,0.15356265356265356,0.8562653562653563,0.6086
BATL,Battalion Oil Corp,Energy,Oil & Gas E&P,,,262.62,12.689999999999998,-50.59,2.25,6.33,-7.139999999999999,-93.05,0.43,-95.62,3.0,10910000.0,0.57,1.3,Aug 12/a,18.6,74470000.0,HIGH,-8.45,-1.52,1.28,-3.14,0.1148,False,-3.24,False,-9.77,5.582,7.385,45.0,-17.72,22.0,-2.99,1.3,6551712.0,,,1330.8,0.36732186732186733,0.7893120393120393,0.7481572481572482,0.6082
AVA,Avista Corp,Utilities,Utilities - Diversified,13.25,13.1,142.99,0.49,-0.76,4.55,5.24,-13.62,-8.08,0.21,-15.75,3.0,697990.0,0.9,36.65,Aug 03/b,40.25,3070000000.0,HIGH,-6.1,-2.55,0.96,-0.79,0.0604,False,-2.74,False,-7.11,1.61,1.583,42.0,-11.6,30.0,-7.33,36.65,24459420.0,,,9.8,0.4594594594594595,0.4643734643734644,0.9471744471744472,0.6072
WAFD,WaFd Inc,Financial,Banks - Regional,10.59,9.71,15.65,1.91,-1.8500000000000003,1.86,5.26,-9.33,8.28,0.86,-14.88,3.0,662080.0,2.26,33.61,Jul 16/a,38.25,2490000000.0,HIGH,-10.99,-1.95,1.95,-5.68,0.134,False,-5.99,False,-8.62,2.429,2.023,42.0,-12.45,41.0,-11.83,33.61,26838651.0,,,13.8,0.2917690417690418,0.9656019656019657,0.6683046683046683,0.6069
LAZ,Lazard Inc,Financial,Capital Markets,19.48,10.33,-93.64,0.29,-18.2,9.43,9.68,-9.1,-1.95,1.44,-32.36,2.6,1990000.0,0.78,39.74,Jul 23/b,47.38,3870000000.0,HIGH,-9.17,-9.78,1.36,-3.86,0.1203,False,-8.08,False,-7.8,4.591,5.41,22.0,-8.73,37.0,-7.69,39.74,49676163.0,,,19.2,0.3476658476658477,0.8341523341523341,0.7248157248157248,0.6068
UMH,UMH Properties Inc,Real Estate,REIT - Residential,124.92,101.56,72.58,7.5,0.05,-2.73,4.86,2.36,6.76,0.98,-6.74,1.44,638090.0,1.01,15.64,Aug 05/a,18.88,1340000000.0,HIGH,-3.1,-1.39,0.9,2.21,0.0968,False,-3.33,False,-1.16,1.777,1.343,13.0,-5.56,27.0,2.89,15.64,10972408.0,,,20.7,0.5958230958230958,0.39127764127764125,0.8353808353808354,0.6063
PRAA,PRA Group Inc,Financial,Credit Services,,5.34,40.54,12.94,0.0,-4.94,2.64,23.58,15.9,1.14,-14.01,2.33,546210.0,0.63,19.39,Aug 06/a,26.0,730000000.0,HIGH,-4.15,1.47,0.96,1.16,0.1011,True,0.85,True,4.54,3.511,3.971,22.0,-0.97,26.0,6.83,19.39,6525914.0,,REVIEW,34.1,0.5528255528255528,0.4643734643734644,0.8157248157248157,0.6052
BHF,Brighthouse Financial Inc,Financial,Insurance - Life,3.99,2.33,1490.47,86.22,0.0,-1.36,11.37,-20.67,-16.98,0.83,-25.15,3.4,761190.0,1.98,50.0,Aug 05/a,64.0,2880000000.0,HIGH,-10.3,-4.29,1.31,-4.99,0.1066,False,-5.02,False,-15.19,2.917,1.77,52.0,-21.01,27.0,-19.17,50.0,57554115.0,,,28.0,0.31203931203931207,0.8065110565110565,0.7874692874692875,0.603
ADNT,Adient plc,Consumer Cyclical,Auto Parts,31.37,6.28,-26.6,5.03,-1.81,-2.39,8.45,-17.28,-5.06,1.59,-31.33,1.79,981480.0,0.91,18.76,Aug 05/b,26.64,1450000000.0,HIGH,-6.67,-0.11,1.12,-1.36,0.111,False,-2.08,False,-4.67,4.151,3.412,32.0,-13.07,28.0,-8.58,18.76,15314244.0,,,42.0,0.43243243243243246,0.6584766584766585,0.7696560196560196,0.6014
FIGS,Figs Inc,Consumer Cyclical,Apparel Manufacturing,43.25,36.91,253.77,28.809999999999995,-0.83,2.96,11.32,16.89,-5.86,1.07,-20.02,2.12,3120000.0,1.03,13.98,Aug 06/a,18.14,2320000000.0,HIGH,-2.37,2.19,1.28,2.94,0.2068,False,-3.63,True,12.23,4.745,7.654,11.0,-7.42,26.0,24.38,13.98,35752813.0,,,29.8,0.6203931203931204,0.7893120393120393,0.3875921375921376,0.6012
ABAT,American Battery Technology Company,Industrials,Waste Management,,,-89.93,697.08,-2.19,2.39,16.46,-30.18,-28.92,1.29,-79.46,1.0,3500000.0,1.44,2.36,Sep 14/b,6.0,321930000.0,HIGH,-2.88,-16.01,1.51,2.43,0.2401,False,-8.13,False,-4.95,6.214,4.661,5.0,-15.11,1.0,0.0,2.36,8539617.0,,,154.2,0.601965601965602,0.894963144963145,0.3058968058968059,0.601
AVNT,Avient Corp,Basic Materials,Specialty Chemicals,22.27,11.65,22.25,5.83,0.0,2.46,4.28,9.0,20.07,1.29,-11.75,1.56,884320.0,1.01,41.16,Aug 06/b,50.75,3780000000.0,HIGH,-9.32,-3.4,1.28,-4.01,0.1137,False,-5.34,True,1.16,2.905,2.478,22.0,-9.2,27.0,8.54,41.16,30316210.0,,,23.3,0.34336609336609336,0.7893120393120393,0.7518427518427518,0.5997
OPLN,Openlane Inc,Consumer Cyclical,Auto & Truck Dealerships,,20.5,108.57999999999998,15.130000000000003,-45.65,6.4,2.68,-6.21,28.18,1.27,-17.3,1.67,1210000.0,0.54,35.48,Aug 04/b,46.22,4360000000.0,HIGH,1.11,1.46,0.5,6.42,0.0737,True,2.02,False,-5.16,2.41,1.635,55.0,-10.49,29.0,-11.41,35.48,44920003.0,,,30.3,0.7702702702702703,0.06203931203931204,0.9041769041769042,0.598
CNR,Core Natural Resources Inc,Energy,Thermal Coal,48.61,15.29,459.06,3.51,-4.57,-0.1,3.75,4.48,-2.62,0.23,-16.11,1.4,580820.0,0.7,96.3,Aug 06/b,111.6,4780000000.0,HIGH,0.45,-3.86,0.83,5.76,0.1251,False,-1.69,True,6.78,3.473,2.004,8.0,-4.88,27.0,15.08,96.3,47668202.0,,,15.9,0.7444717444717445,0.29115479115479115,0.7063882063882063,0.5971
GEVO,Gevo Inc,Basic Materials,Specialty Chemicals,,106.0,-8302.2,7.109999999999999,-8.63,1.94,11.0,13.570000000000002,-33.19,1.12,-46.46,1.5,3210000.0,0.62,1.59,Aug 06/a,6.36,393100000.0,HIGH,-0.62,-3.64,0.95,4.69,0.1514,False,-1.21,True,0.61,5.571,3.145,8.0,-3.05,26.0,10.42,1.59,3386036.0,,,300.0,0.7063882063882064,0.45454545454545453,0.5933660933660934,0.5969
TYRA,Tyra Biosciences Inc,Healthcare,Biotechnology,,,-46.33,,-0.08,7.44,21.59,-7.109999999999999,-30.78,0.75,-38.33,1.2,857950.0,2.41,25.07,Aug 04/a,48.91,1500000000.0,HIGH,-4.39,-6.21,2.0,0.92,0.2453,False,-1.54,False,-11.46,9.327,12.605,6.0,0.84,28.0,-2.49,25.07,25153430.0,,,95.1,0.5417690417690417,0.9735872235872236,0.29361179361179357,0.5969
NHP,National Healthcare Properties Inc,Real Estate,REIT - Healthcare Facilities,,496.62,66.35,2.58,0.0,52.1,7.98,13.819999999999999,,,-7.5600000000000005,2.0,758740.0,0.53,16.14,Aug 05/a,18.94,318520000.0,HIGH,-2.6,-2.12,0.84,2.71,0.0889,False,-1.45,True,0.82,3.377,4.151,17.0,-4.38,27.0,0.69,16.14,7931058.0,,,17.3,0.6154791154791155,0.30773955773955775,0.85995085995086,0.5965
BLND,Blend Labs Inc,Technology,Software - Application,,31.07,37.18,7.339999999999999,12.11,-8.33,7.51,-14.2,-7.049999999999999,1.05,-67.71,1.33,2400000.0,0.73,1.45,Aug 06/a,2.96,342940000.0,HIGH,-2.03,-2.68,0.9,3.28,0.1162,False,-2.68,False,-11.62,4.926,4.138,30.0,-18.54,26.0,-11.04,1.45,2881656.0,,,104.1,0.6388206388206388,0.39127764127764125,0.7407862407862408,0.5951
OCFC,OceanFirst Financial Corp,Financial,Banks - Regional,21.96,8.18,-115.36,32.13,-0.8500000000000001,28.65,5.58,0.38,4.83,0.98,-9.41,2.14,1000000.0,0.8,18.67,Jul 30/a,22.08,1840000000.0,HIGH,-4.94,-1.43,0.87,0.37,0.063,False,-1.76,False,-3.21,1.84,1.5,42.0,-4.4,31.0,-3.31,18.67,17642480.0,,,18.3,0.5202702702702703,0.3495085995085995,0.9398034398034398,0.5949
PSEC,Prospect Capital Corp,Financial,Asset Management,125.71,6.29,85.04,208.67,4.65,,4.42,-4.76,-14.06,0.8,-29.600000000000005,5.0,4650000.0,0.59,2.2,Aug 20/a,2.0,1150000000.0,HIGH,-0.45,0.46,0.73,4.86,0.093,False,-2.09,False,-1.55,2.468,1.818,22.0,-3.93,16.0,-3.51,2.2,8513803.0,,,-9.1,0.7168304668304668,0.18120393120393122,0.8439803439803439,0.5943
CDNA,Caredx Inc,Healthcare,Diagnostics & Research,25.24,39.44,1412.42,52.23,-6.98,1.06,12.39,127.99000000000001,207.87999999999997,2.42,-2.42,1.75,1150000.0,0.69,52.37,Jul 30/a,54.14,2710000000.0,HIGH,12.92,4.09,0.7,18.23,0.1502,True,5.96,True,22.16,4.758,4.774,1.0,4.2,31.0,37.45,52.37,56183353.0,,,3.4,0.9226044226044227,0.15356265356265356,0.597051597051597,0.5942
SG,Sweetgreen Inc,Consumer Cyclical,Restaurants,72.5,,-12.42,3.81,3.2,2.26,24.11,-20.07,36.28,2.2,-31.8,2.47,5590000.0,0.75,7.25,Aug 06/a,7.0,863050000.0,HIGH,23.3,4.32,0.85,28.61,0.216,True,7.67,True,9.26,5.457,5.103,2.0,7.25,26.0,34.26,7.25,32825142.0,,,-3.4,0.9680589680589681,0.32555282555282555,0.36363636363636365,0.594
GSBD,Goldman Sachs BDC Inc,Financial,Asset Management,18.68,8.16,-37.23,977.6299999999999,37.32,,5.68,4.53,5.91,0.67,-13.750000000000002,3.6,928640.0,0.65,9.63,Aug 06/a,9.19,1080000000.0,HIGH,-1.53,-0.52,0.75,3.78,0.0796,False,-2.69,True,2.81,2.286,1.765,10.0,-4.94,26.0,5.94,9.63,7944531.0,,,-4.6,0.6597051597051597,0.21314496314496315,0.8857493857493858,0.5936
IART,Integra Lifesciences Holdings Corp,Healthcare,Medical Devices,,6.02,100.90999999999998,0.76,0.0,-1.76,10.31,-11.59,70.02,1.22,-23.33,2.75,857910.0,1.33,15.71,Jul 29/b,19.56,1220000000.0,HIGH,-11.04,-3.38,1.7,-5.73,0.138,False,-5.55,False,-10.58,3.715,2.801,42.0,-16.35,33.0,-4.73,15.71,11093672.0,,,24.5,0.28992628992628994,0.9312039312039312,0.6535626535626535,0.5914
SEZL,Sezzle Inc,Financial,Credit Services,26.44,18.21,51.019999999999996,51.65,-0.91,9.57,25.81,-8.39,83.34,6.69,-37.88,1.86,675680.0,0.48,121.57,Aug 06/a,168.0,4090000000.0,HIGH,-0.5,2.72,0.73,4.81,0.0974,True,1.11,False,-15.9,4.45,3.249,43.0,-33.35,26.0,3.01,121.57,53266180.0,,REVIEW,38.2,0.7125307125307125,0.18120393120393122,0.8341523341523341,0.5896
BLLN,Billiontoone Inc,Healthcare,Diagnostics & Research,163.64,96.83,2789.09,64.4,-1.36,4.71,9.81,-0.3,45.88,,-32.98,1.44,720270.0,0.58,100.82,Aug 05/a,119.75,4760000000.0,HIGH,7.36,1.78,0.73,12.67,0.147,True,5.04,False,-9.71,4.833,3.963,1.0,2.08,27.0,10.01,100.82,55313649.0,,,18.8,0.8783783783783784,0.18120393120393122,0.6117936117936118,0.5893
CWT,California Water Service Group,Utilities,Utilities - Regulated Water,21.72,17.59,32.11,16.47,-2.78,6.92,3.96,5.84,6.7,0.47,-10.39,1.25,524140.0,0.73,48.23,Jul 30/b,55.75,2980000000.0,HIGH,-2.88,-3.29,0.74,2.43,0.0564,False,-3.18,False,-3.78,1.927,2.011,34.0,-5.04,32.0,-4.5,48.23,25856862.0,,,15.6,0.601965601965602,0.19963144963144963,0.9606879606879607,0.5889
SGMT,Sagimet Biosciences Inc,Healthcare,Biotechnology,,,18.57,,-9.01,125.29,17.61,67.9,108.83,3.45,-4.97,1.08,1260000.0,0.41,10.88,Aug 11/b,29.33,670110000.0,HIGH,4.31,1.59,0.49,9.62,0.1088,True,2.31,True,20.87,4.723,2.528,3.0,0.18,24.0,14.29,10.88,11148765.0,,,169.6,0.8415233415233415,0.05835380835380835,0.7819410319410319,0.5887
IVR,Invesco Mortgage Capital Inc,Real Estate,REIT - Mortgage,4.52,3.82,183.35,37.92,0.53,8.51,8.25,-15.990000000000002,-17.45,1.63,-29.79,2.83,2730000.0,1.76,6.67,Jul 30/a,8.17,717960000.0,HIGH,-11.3,-7.1,1.77,-5.99,0.1419,False,-8.19,False,-11.19,2.099,2.849,,,31.0,-9.99,6.67,19567964.0,,,22.5,0.28501228501228504,0.9447174447174447,0.6375921375921376,0.5887
AMTX,Aemetis Inc,Basic Materials,Specialty Chemicals,,,67.43,20.02,-0.2,9.26,13.07,-0.51,-14.85,1.8,-48.68,1.0,1040000.0,0.58,1.95,Aug 06/b,16.67,140730000.0,HIGH,8.33,10.8,0.77,13.64,0.1653,True,3.31,True,12.45,5.575,4.615,17.0,4.84,27.0,25.81,1.95,1486158.0,,,754.9,0.8882063882063882,0.2278869778869779,0.5393120393120393,0.5854
GALT,Galectin Therapeutics Inc,Healthcare,Biotechnology,,,-16.57,,-0.2,7.12,19.09,43.82,24.27,0.38,-46.14,1.0,658020.0,0.51,3.84,Aug 14/b,11.0,387260000.0,HIGH,9.4,-7.25,1.05,14.71,0.304,False,-3.43,True,0.16,8.445,7.031,6.0,-11.72,21.0,11.63,3.84,1289239.0,,,186.5,0.9011056511056511,0.5749385749385749,0.17321867321867324,0.5849
RCKT,Rocket Pharmaceuticals Inc,Healthcare,Biotechnology,,,273.32,,-2.12,2.91,14.2,24.73,-27.48,0.47,-37.06,2.47,1970000.0,0.66,3.43,Aug 10/a,8.84,376520000.0,HIGH,0.88,-7.55,0.98,6.19,0.1889,False,-5.24,False,-3.63,6.341,5.394,11.0,-5.25,24.0,-2.0,3.43,4813521.0,,,157.7,0.7567567567567568,0.49385749385749383,0.44594594594594594,0.5846
FULC,Fulcrum Therapeutics Inc,Healthcare,Biotechnology,,,-24.16,,18.4,-8.6,9.52,9.86,-50.46000000000001,2.62,-75.92,3.0,2089999.9999999998,0.34,3.79,Aug 05,4.0,289170000.0,HIGH,-1.3,-0.79,0.41,4.01,0.0303,False,-1.44,True,1.09,1.789,1.187,18.0,-2.07,,,3.79,6675805.0,,,5.5,0.6762899262899262,0.0472972972972973,0.9963144963144963,0.5836
CELC,Celcuity Inc,Healthcare,Biotechnology,,,-38.76,,-26.200000000000003,21.65,26.53,-5.67,-26.87,0.1,-44.69,1.0,1220000.0,1.35,83.53,Aug 13/a,161.09,4090000000.0,HIGH,-9.64,-10.2,2.05,-4.33,0.1676,False,-8.62,False,-9.93,4.623,2.891,8.0,-9.19,21.0,-3.55,83.53,72977856.0,,,92.9,0.3316953316953317,0.9791154791154791,0.5227272727272727,0.5832
PALI,Palisade Bio Inc,Healthcare,Biotechnology,,,91.38,,-0.73,7.26,18.81,19.88,5.67,1.58,-28.199999999999996,1.0,2850000.0,0.64,2.05,Aug 10/a,10.4,357260000.0,HIGH,-4.65,-6.82,1.02,0.66,0.1289,False,-0.58,True,1.04,4.948,4.39,5.0,-1.91,24.0,-2.38,2.05,3676884.0,,,407.3,0.5307125307125307,0.5423832923832924,0.6941031941031941,0.5832
PEPG,PepGen Inc,Healthcare,Biotechnology,,,63.49,,-0.02,-5.15,5.98,102.03999999999999,-44.23,1.97,-61.919999999999995,1.38,950950.0,0.76,2.97,Aug 06/b,10.19,205700000.0,HIGH,-2.3,-7.48,0.99,3.01,0.1493,False,-4.3,True,14.69,7.576,6.397,16.0,-2.14,27.0,50.0,2.97,2260420.0,,,243.1,0.6259213759213759,0.5073710073710074,0.6007371007371007,0.5828
IQMX,IQM Quantum Computers Oyj ADR,Technology,Computer Hardware,,,,,,7.2700000000000005,7.78,-8.14,-7.01,0.56,-34.97,1.67,569460.0,0.71,9.82,Aug 04/b,13.48,1860000000.0,HIGH,-1.01,-6.39,0.96,4.3,0.1604,False,-5.97,False,-7.81,5.55,4.633,16.0,1.45,29.0,1.71,9.82,4485231.0,,,37.3,0.6898034398034398,0.4643734643734644,0.5565110565110565,0.5822
SENS,Senseonics Holdings Inc,Healthcare,Medical Devices,,,-77.96,117.82,1.15,28.52,11.19,23.12,56.74,1.05,-23.64,2.14,732370.0,0.77,8.84,Aug 06/a,13.4,467400000.0,HIGH,10.09,-5.25,0.86,15.4,0.2069,False,-3.81,True,25.21,5.669,3.054,8.0,-5.76,26.0,71.65,8.84,6071570.0,,,51.6,0.9115479115479116,0.3396805896805897,0.3857493857493858,0.5822
YETI,YETI Holdings Inc,Consumer Cyclical,Leisure,17.77,12.11,53.55,8.52,0.0,-4.48,10.96,-19.02,11.96,1.68,-24.37,1.89,1450000.0,1.15,40.83,Aug 13/b,54.53,2980000000.0,HIGH,-5.05,0.22,1.05,0.26,0.1312,False,-2.28,False,-12.56,2.916,2.351,25.0,-21.78,22.0,-10.2,40.83,66601129.0,,,33.6,0.5128992628992629,0.5749385749385749,0.6818181818181819,0.5822
JANX,Janux Therapeutics Inc,Healthcare,Biotechnology,,,36.18,,-0.18,1.92,10.49,27.65,27.47,2.39,-51.019999999999996,1.5,1020000.0,0.86,17.31,Aug 06/a,31.53,1060000000.0,HIGH,6.46,-13.62,0.98,11.77,0.2478,False,-5.59,True,2.51,4.518,2.542,8.0,-8.36,26.0,9.21,17.31,16495316.0,,,82.1,0.8673218673218673,0.49385749385749383,0.2893120393120393,0.5819
ASO,Academy Sports and Outdoors Inc,Consumer Cyclical,Specialty Retail,9.04,7.67,17.1,2.97,-0.55,1.46,15.57,6.35,-3.71,0.96,-13.119999999999997,2.19,1690000.0,1.39,54.25,Sep 09/b,59.32,3340000000.0,HIGH,17.68,21.34,1.02,22.99,0.3492,True,16.79,True,14.71,4.014,3.613,4.0,21.34,4.0,21.34,54.25,109323875.0,,,9.3,0.9508599508599509,0.5423832923832924,0.12899262899262898,0.5818
MATV,Mativ Holdings Inc,Basic Materials,Specialty Chemicals,7.45,9.45,134.78,1.22,0.0,1.41,2.53,45.26,33.6,0.9,-23.71,1.0,566240.0,0.75,11.81,Aug 05/a,21.0,651800000.0,HIGH,-3.43,-5.97,0.81,1.88,0.0779,False,-3.53,True,13.46,3.75,3.472,30.0,35.28,27.0,23.41,11.81,6450529.0,,,77.8,0.5835380835380836,0.2678132678132678,0.8918918918918919,0.5813
AUUD,Auddia Inc,Technology,Software - Application,,,96.86,,0.0,15.14,8.77,-22.73,-85.13,0.46,-94.81,1.0,3050000.0,0.14,1.02,-,3272.5,5920000.0,HIGH,5.15,2.0,0.2,10.46,0.111,True,1.73,False,-7.0,5.525,8.529,,,,,1.02,2073153.0,,,320733.3,0.8525798525798526,0.029484029484029485,0.7696560196560196,0.5808
MIAX,Miami International Holdings Inc,Financial,Capital Markets,53.8,21.76,34.81,18.26,-11.84,30.97,7.82,-3.51,8.58,1.59,-26.899999999999995,2.14,1790000.0,0.55,41.77,Aug 05/a,51.4,4139999999.9999995,HIGH,-1.51,-3.89,0.77,3.8,0.0991,False,-1.77,False,-3.26,3.989,3.268,31.0,-9.2,27.0,-8.12,41.77,54097430.0,,,23.1,0.6627764127764127,0.2278869778869779,0.8243243243243243,0.5808
BDN,Brandywine Realty Trust,Real Estate,REIT - Office,,,64.61,6.92,0.0,1.87,6.93,-9.26,1.38,1.28,-36.43,3.8,1960000.0,0.73,2.94,Jul 22/a,3.0,514770000.0,HIGH,-2.33,-3.92,0.87,2.98,0.1136,False,-3.81,False,-4.97,3.061,2.721,14.0,-7.55,37.0,-4.23,2.94,5029049.0,,,2.0,0.6228501228501229,0.3495085995085995,0.7530712530712531,0.5799
VRDN,Viridian Therapeutics Inc,Healthcare,Biotechnology,,,4.56,278.67,20.14,11.36,18.35,35.78,-22.59,1.1,-35.26,1.0,1890000.0,0.69,22.2,Aug 06/b,36.07,2520000000.0,HIGH,-3.85,-4.19,1.06,1.46,0.1531,False,-4.83,True,3.49,3.94,4.64,19.0,-3.85,27.0,5.36,22.2,28596383.0,,,62.5,0.5694103194103194,0.5884520884520884,0.5847665847665848,0.5797
EVER,EverQuote Inc,Communication Services,Internet Content & Information,7.82,10.54,37.21,24.55,-0.95,4.23,25.5,20.27,45.72,0.65,-16.36,1.62,672490.0,0.66,24.03,Aug 03/a,29.5,846810000.0,HIGH,1.61,-3.65,0.84,6.92,0.1529,False,-3.72,False,-4.55,4.863,3.995,40.0,-8.14,29.0,0.71,24.03,13315460.0,,,22.8,0.7776412776412777,0.30773955773955775,0.585995085995086,0.5792
MAT,Mattel Inc,Consumer Cyclical,Leisure,10.33,8.86,-138.44,10.48,-1.3,0.16,9.22,-4.23,-12.64,0.69,-37.59,2.05,4270000.0,0.72,14.03,Aug 04/a,17.83,4010000000.0,HIGH,-3.77,-0.78,0.94,1.54,0.1212,False,-3.56,False,-2.9,2.912,1.711,35.0,-2.16,28.0,-2.97,14.03,47719762.0,,,27.1,0.5737100737100738,0.44594594594594594,0.7199017199017199,0.5792
BBNX,Beta Bionics Inc,Healthcare,Medical Devices,,,-35.38,37.76,-1.82,-5.03,25.14,15.14,61.02000000000001,3.45,-48.85,1.67,1140000.0,1.58,16.73,Jul 29/a,22.13,752680000.0,HIGH,-4.73,-13.45,1.73,0.58,0.2485,False,-11.29,False,-2.96,6.7,12.493,19.0,-4.73,32.0,17.24,16.73,19713658.0,,,32.3,0.527027027027027,0.937960687960688,0.2862407862407862,0.5781
PGEN,Precigen Inc,Healthcare,Biotechnology,,10.02,153.95,6322.66,-3.05,2.62,25.7,53.93,95.16,0.95,-11.21,1.67,4950000.0,0.57,6.85,Aug 04/a,14.5,2450000000.0,HIGH,4.58,-0.29,0.68,9.89,0.1375,False,-2.28,True,8.41,4.223,4.088,17.0,-4.33,28.0,4.9,6.85,29259275.0,,,111.7,0.8452088452088452,0.14004914004914004,0.6590909090909092,0.5778
HTFL,Heartflow Inc,Healthcare,Health Information Services,,,-65.19,47.57,-10.01,33.62,9.38,49.04,141.78,2.73,-4.32,1.5,1900000.0,0.85,49.54,Aug 13/a,44.78,4310000000.0,HIGH,18.12,3.75,0.74,23.43,0.188,True,2.89,True,39.41,4.867,4.562,10.0,3.68,21.0,59.75,49.54,103705065.0,,,-9.6,0.9545454545454546,0.19963144963144963,0.45208845208845205,0.5773
STAA,Staar Surgical Co,Healthcare,Medical Instruments & Supplies,346.92,42.69,146.1,111.04,0.0,-0.93,14.06,-18.68,22.45,1.18,-35.68,2.82,883640.0,0.9,23.07,Aug 12/a,28.44,1160000000.0,HIGH,-4.23,-4.51,0.95,1.08,0.1167,False,-1.11,False,-6.04,4.164,4.075,,,22.0,-8.92,23.07,19775959.0,,,23.3,0.5466830466830467,0.45454545454545453,0.7383292383292384,0.5765
RUM,RUM Group Inc,Communication Services,Internet Content & Information,,,-140.14,60.919999999999995,0.0,4.86,16.43,11.73,50.09,1.26,-24.49,2.0,3520000.0,7.36,8.0,Aug 10/a,22.0,3970000000.0,HIGH,-2.91,-4.65,4.95,2.4,0.352,False,-6.92,True,11.34,9.486,13.15,18.0,-1.23,24.0,28.82,8.0,44823807.0,,,175.0,0.5995085995085995,0.9963144963144963,0.1253071253071253,0.5763
INN,Summit Hotel Properties Inc,Real Estate,REIT - Hotel & Motel,,,319.38,3.16,0.0,-5.2,1.83,-7.739999999999999,39.51,1.27,-20.22,2.8,1240000.0,0.64,5.72,Aug 05/a,6.58,690710000.0,HIGH,-3.87,0.0,0.99,1.44,0.1378,False,-2.99,False,-9.74,3.447,2.797,33.0,-16.62,27.0,-14.37,5.72,4704550.0,,,15.0,0.5663390663390664,0.5073710073710074,0.6554054054054055,0.5754
KBR,KBR Inc,Industrials,Engineering & Construction,11.1,9.16,2.65,1.6399999999999997,1.55,5.87,7.05,2.68,0.4099999999999999,0.47,-29.54,2.12,1570000.0,0.48,36.8,Jul 30/b,47.0,4640000000.0,HIGH,-2.0,-0.65,0.67,3.31,0.069,False,-1.56,False,-0.23,2.405,1.495,16.0,-2.9,32.0,7.07,36.8,41385126.0,,,27.7,0.6412776412776413,0.13513513513513514,0.9238329238329238,0.5742
AMC,AMC Entertainment Holdings Inc,Communication Services,Entertainment,,,-46.3,14.219999999999999,4.9,27.32,4.23,6.84,129.36,2.02,-21.38,2.33,39640000.0,0.41,2.5,Jul 20/b,2.97,2230000000.0,HIGH,2.46,-2.34,0.81,7.77,0.1538,False,-1.9,True,3.43,6.571,4.8,35.0,10.13,40.0,28.87,2.5,52167572.0,,,18.8,0.7985257985257985,0.2678132678132678,0.5792383292383292,0.5735
NMRK,Newmark Group Inc,Real Estate,Real Estate Services,17.66,6.44,-5.36,18.91,0.0,1.8900000000000001,3.76,-6.460000000000001,0.07,1.74,-28.410000000000004,1.5,1390000.0,1.4,14.2,Jul 29/b,19.75,2570000000.0,HIGH,-6.15,-4.25,1.33,-0.84,0.1801,False,-6.98,False,-7.09,3.649,2.958,18.0,-6.46,33.0,-4.63,14.2,22353015.0,,,39.1,0.457002457002457,0.8175675675675675,0.4828009828009828,0.5729
ESRT,Empire State Realty Trust Inc,Real Estate,REIT - Diversified,238.33,,-494.26,2.95,0.0,-2.22,6.7,-21.14,-17.18,1.41,-46.64,2.67,2230000.0,1.93,4.29,Jul 29/a,5.9,742740000.0,HIGH,-7.94,-2.5,1.56,-2.63,0.1802,False,-5.7,False,-14.02,3.03,2.797,33.0,-24.2,32.0,-14.2,4.29,12386688.0,,,37.5,0.3882063882063882,0.9103194103194103,0.48157248157248156,0.5729
PHAT,Phathom Pharmaceuticals Inc,Healthcare,Biotechnology,,11.13,79.93,88.02,0.0,4.99,21.04,-16.3,-16.3,0.49,-52.59,1.45,1280000.0,1.03,8.68,Jul 30/b,20.45,702220000.0,HIGH,-6.47,-7.95,1.28,-1.16,0.1665,False,-3.53,False,-11.77,5.71,5.53,51.0,-17.61,32.0,-3.88,8.68,9261130.0,,,135.6,0.44226044226044225,0.7893120393120393,0.5294840294840295,0.5725
LMRI,Lumexa Imaging Holdings Inc,Healthcare,Medical Devices,,13.71,110.79,6.5,0.09,-0.4699999999999999,10.2,18.15,-6.559999999999999,,-41.44,1.12,518580.00000000006,0.62,11.39,Aug 12/a,17.57,1090000000.0,HIGH,-3.56,-1.3,0.85,1.75,0.1031,False,-3.02,False,-1.04,4.325,4.214,16.0,-2.48,22.0,-2.9,11.39,4453183.0,,,54.3,0.5786240786240786,0.32555282555282555,0.8077395577395577,0.5714
MAN,ManpowerGroup,Industrials,Staffing & Employment Services,26.16,11.9,178.22,7.539999999999999,0.0,7.180000000000001,10.42,70.65,124.71,0.67,-9.17,2.54,1250000.0,0.52,58.02,Jul 16/b,57.33,2700000000.0,HIGH,2.2,1.42,0.78,7.51,0.1486,False,-3.4,True,7.27,4.175,3.154,12.0,-6.36,42.0,48.69,58.02,49875844.0,,,-1.2,0.7960687960687961,0.23832923832923833,0.6044226044226044,0.5713
MAX,MediaAlpha Inc,Communication Services,Internet Content & Information,7.23,9.82,290.35,25.929999999999996,-5.26,-1.34,11.22,22.75,16.94,1.12,-21.09,1.67,830260.0,1.36,11.6,Jul 29/a,15.62,710670000.0,HIGH,-8.59,-1.44,1.85,-3.28,0.1848,False,-6.93,False,-11.03,4.501,5.603,40.0,-17.85,32.0,-14.33,11.6,7519044.0,,,34.7,0.363022113022113,0.957002457002457,0.46253071253071254,0.5711
NESR,National Energy Services Reunited Corp,Energy,Oil & Gas Equipment & Services,35.96,11.26,173.86,59.07,-37.0,9.42,5.19,23.55,71.06,0.45,-11.37,1.14,2200000.0,0.82,32.74,Aug 10/b,43.29,3300000000.0,HIGH,-8.5,-4.21,1.07,-3.19,0.1025,False,-4.15,True,5.19,4.124,4.319,21.0,-8.8,25.0,12.82,32.74,57170714.0,,,32.2,0.36609336609336607,0.6031941031941032,0.812039312039312,0.571
DAKT,Daktronics Inc,Technology,Electronic Components,18.2,12.13,19.96,7.12,-0.18,0.48,5.64,-11.77,-11.01,1.67,-36.64,1.0,598820.0,1.46,17.91,Sep 02/b,32.0,861340000.0,HIGH,-10.18,-8.95,1.15,-4.87,0.1062,False,-6.75,False,-9.6,4.216,5.081,30.0,-9.41,8.0,-6.38,17.91,14536643.0,,,78.7,0.3187960687960688,0.6855036855036855,0.7923832923832924,0.5709
ORIC,ORIC Pharmaceuticals Inc,Healthcare,Biotechnology,,,17.45,,-0.25,6.41,25.31,52.959999999999994,6.3,0.99,-15.27,1.14,1510000.0,1.07,12.65,Aug 03/a,20.67,1310000000.0,HIGH,-5.46,0.24,1.44,-0.15,0.2146,False,-4.42,True,2.38,4.746,6.561,19.0,-5.46,29.0,19.34,12.65,14860075.0,,,63.4,0.4926289926289926,0.8753071253071253,0.3685503685503686,0.5702
CNXC,Concentrix Corp,Technology,Information Technology Services,,2.53,36.61,1.87,-30.39,2.89,19.81,11.72,-7.580000000000001,0.49,-49.43,1.83,1710000.0,0.75,29.27,Sep 29/a,33.75,1790000000.0,HIGH,25.46,3.54,0.99,30.77,0.4054,True,4.31,True,13.35,7.255,5.535,14.0,12.45,,,29.27,36610760.0,,,15.3,0.972972972972973,0.5073710073710074,0.08968058968058967,0.5683
BNL,Broadstone Net Lease Inc,Real Estate,REIT - Diversified,27.11,25.94,95.71,8.14,0.45999999999999996,6.12,10.25,-3.56,5.23,0.93,-12.03,1.73,2069999.9999999998,0.65,20.32,Jul 29/a,23.7,3900000000.0,HIGH,-4.24,-3.05,0.75,1.07,0.0589,False,-3.03,False,-5.17,1.689,2.116,39.0,-10.56,32.0,-5.49,20.32,37635101.0,,,16.6,0.5454545454545454,0.21314496314496315,0.9539312039312039,0.5683
RPC,Ridgepost Capital Inc,Financial,Asset Management,33.4,6.92,115.43999999999998,11.29,0.06,-2.72,9.74,-2.78,11.81,0.75,-35.08,1.75,527670.0,0.96,8.05,Aug 05/b,12.75,887440000.0,HIGH,-5.63,-2.66,1.04,-0.32,0.1302,False,-5.16,False,-5.14,3.394,2.05,30.0,-6.61,28.0,-9.45,8.05,4154521.0,,,58.4,0.48157248157248156,0.5651105651105651,0.6867321867321867,0.5682
FLYW,Flywire Corp,Technology,Software - Infrastructure,68.66,25.64,32.39,27.18,-13.99,9.26,10.93,23.05,45.62,1.35,-8.26,2.0,2049999.9999999998,0.51,18.1,Aug 04/a,21.21,2200000000.0,HIGH,-1.09,0.72,0.77,4.22,0.113,False,-2.49,True,1.02,3.511,2.873,16.0,-3.47,28.0,4.87,18.1,25361755.0,,,17.2,0.683046683046683,0.2278869778869779,0.754914004914005,0.5681
QTWO,Q2 Holdings Inc,Technology,Software - Application,44.43,17.89,156.57,12.61,-5.33,5.64,8.88,41.15,28.26,1.33,-27.229999999999997,1.53,794120.0,0.64,61.95,Jul 29/a,76.5,3860000000.0,HIGH,-3.82,2.6,0.88,1.49,0.1113,False,-2.09,True,3.21,3.319,2.292,22.0,-0.96,32.0,4.88,61.95,36614904.0,,,23.5,0.5724815724815725,0.36363636363636365,0.7665847665847666,0.5681
MGNI,Magnite Inc,Communication Services,Advertising Agencies,21.83,17.73,75.23,11.24,-25.77,7.77,7.84,46.71,100.66999999999999,2.33,-8.97,1.33,2860000.0,0.49,23.84,Aug 05/a,28.16,3420000000.0,HIGH,-1.45,0.59,0.66,3.86,0.0813,True,0.21,True,8.23,3.979,3.02,8.0,4.15,27.0,15.34,23.84,50811814.0,,,18.1,0.6646191646191646,0.128992628992629,0.8783783783783784,0.5681
UPXI,Upexi Inc,Communication Services,Internet Content & Information,,55.0,41.78,44.19,0.0,-3.5900000000000003,25.12,20.85,-0.9000000000000001,-0.22,-85.81,1.0,2340000.0,1.74,1.1,Sep 02,2.0,86570000.0,HIGH,37.67,5.77,0.97,42.98,0.3879,True,8.18,True,22.42,7.5,8.182,12.0,3.77,,,1.1,4369681.0,,,81.8,0.9852579852579852,0.4785012285012285,0.09705159705159705,0.5668
EBC,Eastern Bankshares Inc,Financial,Banks - Regional,12.38,10.25,-4.73,26.36,-0.6,11.27,7.43,5.25,16.23,0.7,-8.14,1.5,3130000.0,0.65,21.84,Jul 23/a,25.13,4990000000.0,HIGH,-7.65,0.46,1.06,-2.34,0.1106,False,-2.1,False,-3.62,2.142,1.511,21.0,-7.14,36.0,-3.45,21.84,42785299.0,,,15.1,0.3968058968058968,0.5884520884520884,0.7714987714987716,0.5667
PRCH,Porch Group Inc,Financial,Insurance - Property & Casualty,,76.08,136.73,18.1,-9.88,1.52,18.78,60.699999999999996,117.94,3.16,-15.0,1.29,1790000.0,0.49,16.52,Jul 29/a,20.5,1880000000.0,HIGH,-1.43,-1.26,0.81,3.88,0.1181,False,-3.31,True,6.72,4.246,4.57,8.0,-4.81,32.0,33.66,16.52,18605636.0,,,24.1,0.6658476658476659,0.2678132678132678,0.730958230958231,0.566
NUVB,Nuvation Bio Inc,Healthcare,Biotechnology,,,-4.04,555.64,-0.59,5.66,21.54,20.73,33.78,1.61,-39.08,1.17,6700000.0,1.5,5.94,Aug 06/b,13.1,2089999999.9999998,HIGH,-8.33,-10.14,1.96,-3.02,0.1974,False,-11.45,False,-7.4,5.35,6.145,19.0,-8.33,27.0,-2.78,5.94,34266651.0,,,120.5,0.37346437346437344,0.9680589680589681,0.4176904176904177,0.5651
BLFS,Biolife Solutions Inc,Healthcare,Medical Instruments & Supplies,36.64,113.56,376.1,11.98,-45.2,-6.15,8.27,35.75,92.97,1.84,-7.01,3.0,1140000.0,0.46,35.43,Aug 06/a,31.12,1730000000.0,HIGH,-0.06,0.14,0.6,5.25,0.1006,False,-1.69,True,7.13,2.562,2.399,18.0,1.4,26.0,4.42,35.43,30775658.0,,,-12.2,0.726044226044226,0.09398034398034398,0.8194103194103194,0.5644
XHR,Xenia Hotels & Resorts Inc,Real Estate,REIT - Hotel & Motel,,27.8,-137.67,2.75,-17.71,-2.09,4.35,-9.25,24.65,1.2,-19.99,2.17,787350.0,1.16,17.65,Jul 30/b,21.12,1630000000.0,HIGH,-7.45,-0.28,1.32,-2.14,0.1686,False,-5.56,False,-10.35,2.315,1.218,36.0,-16.07,32.0,-12.1,17.65,12945680.0,,,19.7,0.40663390663390664,0.8126535626535627,0.5208845208845209,0.5627
ALK,Alaska Air Group Inc,Industrials,Airlines,,8.26,-148.08,9.75,2.51,-0.79,10.18,-13.970000000000002,7.13,1.32,-38.21,1.39,2820000.0,0.85,40.71,Jul 21/a,59.78,4540000000.0,HIGH,-7.56,-0.07,1.02,-2.25,0.1049,False,-2.0,False,-10.23,3.235,2.653,29.0,-18.92,38.0,-8.23,40.71,97125648.0,,,46.8,0.4011056511056511,0.5423832923832924,0.797911547911548,0.5625
GPGI,GPGI Inc,Industrials,Metal Fabrication,,10.32,167.96,,0.12,6.909999999999999,15.88,1.41,-21.38,0.88,-51.53,3.0,1640000.0,0.92,12.98,Aug 06/b,15.0,3760000000.0,HIGH,-1.59,-6.62,0.84,3.72,0.1297,False,-2.28,False,-7.21,5.2,4.237,55.0,-10.36,27.0,-13.35,12.98,23995377.0,,,15.6,0.6584766584766585,0.30773955773955775,0.6891891891891893,0.5625
IDYA,Ideaya Biosciences Inc,Healthcare,Biotechnology,,,-39.46,,-0.16,6.61,11.22,31.230000000000004,14.93,-0.04,-10.9,1.13,955400.0,0.55,38.03,Aug 04/b,52.38,3670000000.0,HIGH,4.08,-2.09,0.73,9.39,0.1541,False,-3.53,True,0.88,3.529,4.181,19.0,4.08,29.0,7.43,38.03,28520554.0,,,37.7,0.8353808353808354,0.18120393120393122,0.5773955773955775,0.5617
RILY,BRC Group Holdings Inc,Financial,Financial Conglomerates,0.49,,-80.66,5.22,-2.99,39.15,16.8,-28.439999999999998,-9.04,1.2,-44.48,,680640.0,1.09,6.24,Aug 06/a,,250850000.0,HIGH,-12.24,-11.36,1.53,-6.93,0.1434,False,-10.27,False,-11.88,4.19,7.372,29.0,-16.69,26.0,-13.09,6.24,3363611.0,,,,0.25675675675675674,0.9011056511056511,0.6253071253071253,0.5606
CNMD,Conmed Corp,Healthcare,Medical Devices,25.08,9.7,11.05,0.21,0.0,-0.9000000000000001,7.59,33.39,24.41,0.94,-13.91,3.25,564060.0,0.57,46.38,Jul 29/a,45.5,1390000000.0,HIGH,-5.83,-0.45,1.09,-0.52,0.1474,False,-5.84,True,0.25,3.236,2.48,30.0,0.17,32.0,7.34,46.38,14620658.0,,,-1.9,0.4711302211302211,0.6302211302211302,0.6087223587223587,0.5601
BDTX,Black Diamond Therapeutics Inc,Healthcare,Biotechnology,,,7.1,,0.0,-5.74,13.25,16.0,-4.25,3.32,-58.91,1.38,1120000.0,0.46,2.03,Aug 05/a,10.0,116630000.0,HIGH,-0.98,-3.33,0.93,4.33,0.1708,False,-4.46,True,3.09,4.916,3.448,14.0,-5.8,27.0,13.41,2.03,1170740.0,,,392.6,0.6916461916461917,0.4318181818181818,0.5122850122850122,0.5599
ARQT,Arcutis Biotherapeutics Inc,Healthcare,Biotechnology,117.19,18.85,188.25,59.32999999999999,-0.75,-1.05,15.12,-0.45000000000000007,6.68,1.59,-23.61,1.25,1730000.0,1.17,24.27,Aug 05/a,36.88,3050000000.0,HIGH,-5.23,-0.49,1.06,0.08,0.1491,False,-1.21,False,-7.13,3.39,3.955,49.0,-6.9,27.0,-8.17,24.27,46923471.0,,,52.0,0.5055282555282555,0.5884520884520884,0.6031941031941033,0.5597
STIM,Neuronetics Inc,Healthcare,Medical Devices,,,69.26,9.08,8.08,-9.64,23.09,118.41999999999999,124.32,1.17,-15.55,1.0,2110000.0,3.42,2.9,Aug 11/b,5.75,221360000.0,HIGH,-11.16,-0.85,5.46,-5.85,0.179,False,-2.16,True,19.56,6.587,13.081,21.0,-4.13,24.0,33.87,2.9,3923083.0,,,98.3,0.28746928746928746,0.9975429975429976,0.484029484029484,0.5595
XIFR,XPLR Infrastructure LP,Utilities,Utilities - Renewable,16.75,17.59,-52.05,5.57,0.0,1.18,5.29,-3.95,8.53,0.89,-15.47,3.0,888980.0,0.65,11.2,Jul 28/b,12.75,2160000000.0,HIGH,-3.53,-8.57,0.83,1.78,0.1049,False,-3.9,False,-5.66,3.215,1.786,7.0,-5.88,34.0,-5.25,11.2,8110727.0,,,13.8,0.5798525798525799,0.29115479115479115,0.797911547911548,0.5587
VCYT,Veracyte Inc,Healthcare,Diagnostics & Research,29.24,21.08,2584.8,15.49,-13.38,0.8500000000000001,10.24,-12.93,28.26,1.96,-32.34,1.46,1330000.0,0.78,41.21,Jul 30/a,58.42,3310000000.0,HIGH,-2.07,-2.92,0.84,3.24,0.1267,False,-3.78,False,-15.88,4.442,2.191,55.0,-29.62,31.0,-11.03,41.21,52921892.0,,,41.8,0.6375921375921376,0.30773955773955775,0.7027027027027026,0.5582
NCNO,Ncino Inc,Technology,Software - Application,73.52,14.13,136.4,8.19,-3.1400000000000006,-0.56,19.42,44.78,47.18,0.79,-28.98,1.75,2910000.0,0.77,22.18,Aug 25/a,24.08,2350000000.0,HIGH,9.64,0.18,0.8,14.95,0.2033,True,1.97,True,12.89,4.672,4.238,7.0,-3.4,13.0,6.58,22.18,60595583.0,,,8.6,0.902948402948403,0.2585995085995086,0.398034398034398,0.5582
VVV,Valvoline Inc,Consumer Cyclical,Auto & Truck Dealerships,38.49,15.27,13.98,24.05,2.27,-1.69,10.36,-19.25,-9.61,1.04,-26.52,1.61,2080000.0,1.35,30.37,Aug 05/b,43.69,3870000000.0,HIGH,-10.15,-0.72,1.48,-4.84,0.1633,False,-5.67,False,-14.6,2.504,2.667,42.0,-22.88,28.0,-17.87,30.37,61154058.0,,,43.9,0.32125307125307123,0.8851351351351351,0.546068796068796,0.5579
VKTX,Viking Therapeutics Inc,Healthcare,Biotechnology,,,-88.32,,-4.81,2.14,19.65,9.67,-11.51,0.65,-26.93,1.2,2210000.0,0.84,31.53,Jul 29/a,93.11,3680000000.0,HIGH,-6.24,-6.38,1.03,-0.93,0.1276,False,-5.86,False,-9.49,4.379,3.298,49.0,-18.55,32.0,-4.77,31.53,59630110.0,,,195.3,0.4533169533169533,0.5540540540540541,0.6990171990171989,0.5572
VFF,Village Farms International Inc,Consumer Defensive,Farm Products,15.27,10.72,-75.62,6.81,-0.39,0.12,4.86,39.9,-1.05,1.35,-43.09,1.25,968450.0,0.66,2.84,Aug 10/b,5.83,347290000.0,HIGH,10.08,-6.27,0.78,15.39,0.1999,True,0.99,True,20.07,4.437,4.754,6.0,-1.9,25.0,36.54,2.84,2293590.0,,,105.3,0.9103194103194103,0.23832923832923833,0.4041769041769042,0.5569
NPKI,NPK International Inc,Industrials,Building Products & Equipment,28.68,20.59,37.5,19.57,-5.77,2.81,4.01,-13.419999999999998,-2.92,1.45,-21.39,1.0,955740.0,0.87,12.97,Jul 29/a,20.0,1100000000.0,HIGH,-9.43,-3.93,1.08,-4.12,0.109,False,-3.43,False,-5.34,3.365,2.853,53.0,-18.27,32.0,7.63,12.97,10354543.0,,,54.2,0.3402948402948403,0.6167076167076168,0.7800982800982801,0.5552
SLDB,Solid Biosciences Inc,Healthcare,Biotechnology,,,9.06,,0.0,13.03,18.73,22.41,19.56,2.45,-23.67,1.0,1540000.0,0.66,8.74,Aug 06/a,18.67,937150000.0,HIGH,-3.96,-11.98,1.21,1.35,0.2155,False,-8.67,False,-5.29,5.789,4.565,8.0,-11.54,26.0,4.17,8.74,8066006.0,,,113.6,0.5614250614250614,0.7364864864864865,0.3654791154791155,0.5552
INTA,Intapp Inc,Technology,Software - Application,,19.42,-1009.23,12.950000000000001,-3.6900000000000004,-1.6399999999999997,4.79,58.91,48.07,0.33,-20.76,2.5,769950.0,0.77,37.98,Aug 04/a,39.43,2910000000.0,HIGH,-1.33,-4.72,1.0,3.98,0.1916,False,-6.53,True,7.61,4.87,3.133,12.0,-5.99,28.0,15.86,37.98,24280751.0,,,3.8,0.671990171990172,0.5202702702702703,0.4336609336609336,0.555
VIR,Vir Biotechnology Inc,Healthcare,Biotechnology,,,159.17,19582.54,-0.36,5.09,15.92,25.03,16.25,1.6,-9.84,1.1,1940000.0,0.95,10.77,Aug 05/a,20.78,1820000000.0,HIGH,14.64,-3.71,0.91,19.95,0.2866,True,1.39,True,9.7,5.86,2.787,9.0,-1.6,27.0,22.82,10.77,21596341.0,,,92.9,0.9336609336609336,0.40724815724815727,0.1977886977886978,0.555
ALGT,Allegiant Travel,Industrials,Airlines,55.8,7.01,94.13,36.86,0.0,45.53,8.32,-14.29,4.61,1.54,-36.5,1.5,559730.0,1.14,78.5,Aug 04/a,130.0,2150000000.0,HIGH,-6.88,3.21,1.18,-1.57,0.1585,False,-0.05,False,-14.39,4.086,4.497,53.0,-31.26,28.0,-24.51,78.5,42327708.0,,,65.6,0.4275184275184275,0.714987714987715,0.5620393120393121,0.5541
SBET,Sharplink Inc,Financial,Capital Markets,,62.38,56.02,1553.26,-0.29,17.48,17.28,66.06,21.51,10.6,-53.16,1.14,9460000.0,0.98,9.15,Aug 10/b,16.86,1990000000.0,HIGH,40.55,3.74,0.93,45.86,0.3829,True,11.75,True,32.68,6.487,5.464,1.0,3.04,25.0,48.06,9.15,80628166.0,,,84.3,0.9864864864864865,0.4318181818181818,0.09828009828009832,0.5536
URG,Ur-Energy Inc,Energy,Uranium,,,26.83,37.74,-1.45,5.14,15.46,-20.38,-21.88,1.14,-46.81,1.0,8780000.0,1.04,1.25,Aug 10/a,2.18,497330000.0,HIGH,-8.09,-10.07,1.66,-2.78,0.1995,False,-10.04,False,-6.3,5.371,4.0,15.0,-11.97,24.0,-10.07,1.25,7678769.0,,,74.4,0.38267813267813267,0.9256756756756757,0.4054054054054054,0.5524
COUR,Coursera Inc,Consumer Defensive,Education & Training Services,,6.59,-617.71,59.589999999999996,-5.73,34.68,8.89,1.5,-10.26,1.24,-56.00999999999999,1.67,6300000.0,0.87,5.42,Jul 29/a,8.17,1430000000.0,HIGH,-2.17,-2.69,1.25,3.14,0.2708,False,-7.68,False,-5.69,4.808,2.583,12.0,-10.56,32.0,2.85,5.42,25908389.0,,,50.7,0.6339066339066339,0.7622850122850123,0.2334152334152334,0.5523
DCH,Dauch Corp,Consumer Cyclical,Auto Parts,,5.18,-98.8,92.4,0.37,-6.34,9.03,-1.5700000000000003,20.66,1.67,-32.43,2.0,3260000.0,0.9,6.25,Aug 07/b,9.4,1490000000.0,HIGH,-8.09,-10.71,1.23,-2.78,0.1538,False,-4.32,True,3.27,4.766,2.72,6.0,-6.3,26.0,10.23,6.25,15522628.0,,,50.4,0.38267813267813267,0.7512285012285013,0.5792383292383292,0.5522
YELP,Yelp Inc,Communication Services,Internet Content & Information,10.45,8.63,-15.380000000000003,1.38,-4.06,-2.6,17.7,-5.5,-8.39,0.44,-36.71,2.92,1170000.0,1.12,21.83,Aug 06/a,25.29,1180000000.0,HIGH,-5.37,4.15,1.18,-0.06,0.1857,False,-2.92,False,-10.78,4.152,3.207,34.0,-17.34,26.0,-12.82,21.83,24608248.0,,,15.8,0.4975429975429975,0.714987714987715,0.45945945945945943,0.5514
GO,Grocery Outlet Holding Corp,Consumer Defensive,Grocery Stores,,17.43,11.9,1.1,9.38,-2.69,25.85,21.71,82.19,0.66,-34.97,3.19,2630000.0,0.73,11.66,Aug 12/a,10.68,1160000000.0,HIGH,1.48,-0.77,0.74,6.79,0.1492,False,-0.59,True,10.64,4.585,4.889,7.0,-2.91,22.0,14.65,11.66,30752429.0,,,-8.4,0.7764127764127764,0.19963144963144963,0.6019656019656019,0.551
CABA,Cabaletta Bio Inc,Healthcare,Biotechnology,,,53.72,,0.0,63.36999999999999,31.13,-3.32,-4.9,3.44,-31.209999999999997,1.4,4990000.0,1.26,2.91,Aug 13/b,13.25,493380000.0,HIGH,0.69,-11.01,1.12,6.0,0.3044,False,-7.3,False,-0.77,8.689,11.34,8.0,-11.82,22.0,7.38,2.91,17550001.0,,,355.3,0.7518427518427518,0.6584766584766585,0.17199017199017197,0.5499
JBI,Janus International Group Inc,Industrials,Building Products & Equipment,19.02,6.95,-47.02,2.37,0.0,-2.58,4.68,-14.77,-11.8,1.42,-57.78,1.8,1680000.0,1.69,4.56,Aug 11/b,7.62,622150000.0,HIGH,-10.76,-7.88,1.52,-5.45,0.1662,False,-7.49,False,-11.34,4.397,3.289,29.0,-15.87,24.0,-9.88,4.56,8990609.0,,,67.1,0.29975429975429974,0.898034398034398,0.5319410319410319,0.5489
UPBD,Upbound Group Inc,Technology,Software - Application,11.87,3.96,39.24,0.51,-0.21,3.54,13.71,-3.64,-0.27,1.77,-34.88,1.71,996240.0,0.68,18.25,Jul 30/b,28.25,1060000000.0,HIGH,-6.02,-1.08,0.9,-0.71,0.101,False,-3.03,False,-8.2,3.166,1.644,43.0,-13.43,32.0,-9.29,18.25,14260674.0,,,54.8,0.46375921375921375,0.39127764127764125,0.816953316953317,0.548
EYE,National Vision Holdings Inc,Consumer Cyclical,Specialty Retail,28.3,14.49,41.28,2.55,2.23,3.32,18.31,-5.91,-33.37,0.98,-41.67,1.58,2130000.0,1.09,17.51,Aug 12/b,28.18,1380000000.0,HIGH,-5.2,3.0,1.11,0.11,0.1743,False,-0.95,False,-10.46,4.34,3.341,30.0,-20.55,23.0,-10.25,17.51,36926357.0,,,60.9,0.5073710073710074,0.6486486486486487,0.5006142506142506,0.5477
AGNT,AGNT Inc,Real Estate,Real Estate Services,,72.53,-10.2,10.75,-11.5,4.79,13.74,-11.23,-28.15,2.05,-66.38,2.33,1470000.0,1.27,4.11,Aug 04/a,5.38,686850000.0,HIGH,-3.29,3.27,1.33,2.02,0.2754,False,-2.23,False,-4.21,4.943,5.596,18.0,-6.38,28.0,1.48,4.11,5777420.0,,,30.9,0.5896805896805897,0.8175675675675675,0.22113022113022118,0.5475
BFAM,Bright Horizons Family Solutions Inc,Consumer Cyclical,Personal Services,21.15,11.36,-17.28,6.509999999999999,-1.54,-2.29,5.39,3.11,-12.28,1.17,-41.51,2.27,849710.0,1.01,66.87,Jul 30/a,89.44,3250000000.0,HIGH,-4.87,0.39,1.17,0.44,0.196,False,-6.03,False,-9.03,3.371,3.006,35.0,-11.75,31.0,-10.29,66.87,51469280.0,,,33.8,0.5233415233415234,0.7063882063882064,0.4201474201474201,0.5473
MNKD,Mannkind Corp,Healthcare,Biotechnology,,,-3033.33,42.92,-1.14,-3.37,8.65,2.46,35.38,1.09,-42.4,1.25,4510000.0,0.69,3.75,Aug 05/a,7.97,1210000000.0,HIGH,-3.85,-9.86,0.99,1.46,0.1611,False,-6.89,False,-6.38,4.419,2.933,18.0,-7.86,27.0,-3.6,3.75,12849459.0,,,112.5,0.5694103194103194,0.5073710073710074,0.5528255528255528,0.5458
CNTN,Canton Strategic Holdings Inc,Healthcare,Biotechnology,,,86.23,,-1.16,16.24,10.66,-32.04,-48.4,1.5,-69.52,1.0,887530.0,0.54,2.1,-,5.0,167330000.0,HIGH,3.7,-5.83,0.75,9.01,0.1745,False,-3.99,False,-1.64,7.418,4.762,12.0,-5.83,,,2.1,1391595.0,,,138.1,0.828009828009828,0.21314496314496315,0.4975429975429976,0.5444
HLF,Herbalife Ltd,Consumer Defensive,Packaged Foods,7.78,3.91,-152.75,5.38,-5.94,-12.72,8.57,-0.33,-21.7,0.79,-40.93,1.75,1680000.0,0.71,12.05,Aug 05/a,17.0,1260000000.0,HIGH,0.5,-3.06,0.7,5.81,0.1367,False,-1.58,False,-2.09,5.596,2.407,14.0,-4.21,27.0,4.69,12.05,20736616.0,,,41.1,0.7457002457002457,0.15356265356265356,0.6633906633906634,0.5434
OTF,Blue Owl Technology Finance Corp,Financial,Asset Management,13.16,7.73,-22.19,4.65,0.03,,1.34,-4.21,-8.58,-0.46,-31.739999999999995,1.89,2620000.0,0.76,10.63,Aug 05/a,13.61,4870000000.0,HIGH,-4.49,-3.36,0.82,0.82,0.1029,False,-4.67,False,-1.12,2.683,2.446,24.0,-6.67,27.0,2.02,10.63,27126384.0,,,28.0,0.5368550368550369,0.27825552825552824,0.8108108108108107,0.5415
MBOT,Microbot Medical Inc,Healthcare,Medical Devices,,,12.619999999999997,,0.0,-19.49,11.85,-18.54,-46.1,1.03,-65.39,1.0,693140.0,0.59,1.45,Aug 18,6.67,97390000.0,HIGH,-3.97,-3.33,0.71,1.34,0.0773,False,-2.09,False,-12.99,3.596,5.517,25.0,-23.28,,,1.45,850050.0,,,360.0,0.5601965601965602,0.16277641277641278,0.8943488943488943,0.5412
NKTX,Nkarta Inc,Healthcare,Biotechnology,,,-74.47,,-0.01,2.52,5.97,2.1,29.2,0.92,-21.51,1.25,672140.0,0.73,2.92,Aug 10/a,10.83,209150000.0,HIGH,20.16,-9.6,0.85,25.47,0.2875,True,6.93,True,11.84,6.676,7.363,8.0,8.15,24.0,25.32,2.92,1604064.0,,,270.9,0.961916461916462,0.32555282555282555,0.19533169533169537,0.541
TH,Target Hospitality Corp,Industrials,Specialty Business Services,,20.65,39.95,38.71,0.0,27.12,8.58,0.8199999999999998,99.25,1.5,-11.03,1.0,1440000.0,1.08,18.55,Aug 10/b,26.33,1850000000.0,HIGH,2.66,-8.4,0.83,7.97,0.1917,True,1.1,True,7.65,5.981,4.717,6.0,0.05,25.0,15.43,18.55,34884083.0,,,41.9,0.8095823095823096,0.29115479115479115,0.43243243243243246,0.5409
FHB,First Hawaiian INC,Financial,Banks - Regional,11.19,10.28,3.04,0.71,0.0,4.19,10.23,-10.14,7.64,0.75,-15.7,3.45,2150000.0,0.71,25.78,Jul 24/b,30.78,3140000000.0,HIGH,-6.32,-0.12,0.86,-1.01,0.0871,False,-1.06,False,-6.38,1.734,1.532,50.0,-13.98,36.0,-8.29,25.78,45964690.0,,,19.4,0.44963144963144963,0.3396805896805897,0.8636363636363636,0.5408
ABTC,American Bitcoin Corp,Financial,Capital Markets,,,84.59,4766.74,1.55,3.6799999999999997,18.69,-32.74,-44.55,3.97,-93.01,1.0,1640000.0,1.0,8.65,Aug 03/b,27.5,629890000.0,HIGH,21.49,2.85,0.85,26.8,0.2935,True,5.88,True,24.13,10.434,6.59,7.0,9.91,30.0,56.7,8.65,15815785.0,,,217.9,0.9656019656019657,0.32555282555282555,0.187960687960688,0.5403
TDUP,ThredUp Inc,Consumer Cyclical,Internet Retail,,,-6.280000000000001,16.88,-2.0,4.98,17.97,-46.34,-20.76,2.09,-75.54,1.29,2380000.0,0.89,2.71,Aug 05/a,7.24,355910000.0,HIGH,-5.24,1.5,0.97,0.07,0.1394,False,-0.51,False,-38.68,4.876,4.613,51.0,-60.78,27.0,-12.86,2.71,5972654.0,,,167.2,0.5024570024570024,0.4785012285012285,0.6498771498771498,0.5395
IRWD,Ironwood Pharmaceuticals Inc,Healthcare,Drug Manufacturers - Specialty & Generic,5.44,3.17,123.29,32.62,-52.88,0.14,11.1,14.249999999999998,23.74,0.22,-27.85,2.0,2170000.0,0.58,4.17,Aug 06/b,6.1,689050000.0,HIGH,-4.36,0.0,0.84,0.95,0.1113,False,-1.4,True,0.17,4.111,2.638,8.0,-2.34,27.0,0.48,4.17,6291808.0,,,46.3,0.542997542997543,0.30773955773955775,0.7665847665847666,0.5395
ABEO,Abeona Therapeutics Inc,Healthcare,Biotechnology,,,-120.75,2745.0,-5.21,0.8199999999999998,29.92,-1.81,14.08,1.3,-29.020000000000003,1.0,1430000.0,0.99,5.43,Aug 13/b,18.86,310510000.0,HIGH,-8.59,-7.18,1.2,-3.28,0.1536,False,-8.12,False,-14.96,4.052,2.947,23.0,-26.62,22.0,-14.49,5.43,6915855.0,,,247.3,0.363022113022113,0.7303439803439803,0.5816953316953317,0.5388
SHOO,Steven Madden Ltd,Consumer Cyclical,Footwear & Accessories,21.23,15.24,168.98,19.12,-2.81,-3.05,5.45,-8.26,34.97,1.18,-14.81,1.58,1070000.0,1.16,42.34,Jul 30/b,52.4,3100000000.0,HIGH,-9.14,-1.9,1.3,-3.83,0.167,False,-4.2,False,-4.7,3.259,3.0,29.0,-11.2,32.0,-2.44,42.34,42027024.0,,,23.8,0.35135135135135137,0.8003685503685504,0.5245700245700246,0.538
SFIX,Stitch Fix Inc,Consumer Cyclical,Apparel Retail,,,80.11,4.7,-3.6900000000000004,-1.05,12.16,-19.64,-5.94,2.33,-47.98,2.67,1760000.0,1.13,3.09,Sep 23/a,4.6,412290000.0,HIGH,-7.21,4.04,1.34,-1.9,0.1975,False,-1.35,False,-13.31,3.974,5.016,29.0,-25.36,,,3.09,4610092.0,,,48.9,0.414004914004914,0.8243243243243243,0.41584766584766586,0.5377
JBGS,JBG SMITH Properties,Real Estate,REIT - Diversified,,,-255.72,2.29,-5.09,4.19,20.83,-23.57,-21.49,1.07,-53.7,4.33,745140.0,0.9,11.25,Aug 10/b,12.5,839460000.0,HIGH,-1.23,-1.49,0.85,4.08,0.1597,False,-5.16,False,-13.35,3.156,2.933,52.0,-23.31,25.0,0.36,11.25,9350652.0,,,11.1,0.6793611793611793,0.32555282555282555,0.558968058968059,0.5371
BL,BlackLine Inc,Technology,Software - Application,54.08,10.89,104.71,9.18,-0.65,-8.75,12.59,5.43,-17.87,0.73,-49.15,2.69,1080000.0,0.7,30.29,Aug 04/a,38.8,1760000000.0,HIGH,3.38,0.5,0.83,8.69,0.2006,False,-3.36,False,-0.71,5.188,3.797,12.0,-3.29,28.0,-0.59,30.29,28680476.0,,,28.1,0.8218673218673219,0.29115479115479115,0.40294840294840295,0.537
EXTR,Extreme Networks Inc,Technology,Communication Equipment,68.89,14.23,329.59,10.28,-16.1,0.96,6.42,-30.47,49.28,1.75,-35.87,1.25,1830000.0,0.9,21.63,Aug 05/b,33.5,2820000000.0,HIGH,-10.91,-0.09,1.23,-5.6,0.1404,False,-3.4,False,-18.05,3.266,4.901,47.0,-30.49,28.0,-17.41,21.63,30175561.0,,,54.9,0.29484029484029484,0.7512285012285013,0.6437346437346437,0.5364
OCUL,Ocular Therapeutix Inc,Healthcare,Biotechnology,,,10.89,0.12,-0.39,-0.2,13.98,19.91,22.37,0.96,-34.79,1.08,2650000.0,0.61,10.72,Aug 03/b,27.17,2350000000.0,HIGH,0.66,-5.72,0.6,5.97,0.1298,False,-1.23,True,8.51,4.807,3.349,20.0,6.77,30.0,31.21,10.72,29616467.0,,,153.5,0.7506142506142506,0.09398034398034398,0.6879606879606879,0.5348
EMAT,Evolution Metals & Technologies Corp,Basic Materials,Other Industrial Metals & Mining,,,87.76,,0.0,94.82,1.57,-51.1,-57.31,0.13,-86.17,1.0,540410.0,2.27,3.33,Aug 17/b,15.0,2080000000.0,HIGH,19.35,4.55,0.93,24.66,0.453,False,-0.6,False,-15.29,13.644,19.219,,,20.0,19.35,3.33,4505956.0,,,350.5,0.9582309582309583,0.4318181818181818,0.07002457002457008,0.5338
IOND,Ionic Digital Inc,Financial,Capital Markets,,,,,0.0,2.06,0.69,,,,-6.05,1.0,839540.0,0.55,79.86,Aug 19/a,85.0,3590000000.0,HIGH,19.8,-2.56,0.83,25.11,0.2831,True,9.42,,,5.795,5.935,2.0,-0.03,17.0,18.66,79.86,40643149.0,,,6.4,0.9594594594594594,0.29115479115479115,0.20515970515970516,0.5327
UE,Urban Edge Properties,Real Estate,REIT - Retail,38.51,42.39,-69.32,7.62,-60.089999999999996,-1.9799999999999998,2.85,-13.96,0.19,1.0,-14.64,2.33,925180.0,0.66,20.58,Aug 06/a,24.17,2740000000.0,HIGH,-5.81,-1.81,0.78,-0.5,0.0731,False,-3.23,False,-6.95,1.498,2.138,42.0,-9.54,26.0,-4.46,20.58,16574887.0,,,17.4,0.47297297297297297,0.23832923832923833,0.9066339066339066,0.5327
FRNM,Freenome Inc,Healthcare,Diagnostics & Research,,,-116.28,,0.0,3.2199999999999998,2.01,31.230000000000004,34.77,0.5,-12.9,1.0,598770.0,1.26,14.96,Sep 02,18.0,1610000000.0,HIGH,15.08,-6.44,0.86,20.39,0.2959,True,2.1,True,17.76,5.551,5.013,9.0,1.15,,,14.96,12868391.0,,,20.3,0.9373464373464373,0.3396805896805897,0.18304668304668303,0.5318
OPK,Opko Health Inc,Healthcare,Diagnostics & Research,,,94.11,4.32,0.0,0.55,9.49,9.86,31.09,1.51,-9.83,1.67,3600000.0,0.6,1.56,Jul 27/a,4.38,1160000000.0,HIGH,14.71,-1.89,0.71,20.02,0.2168,True,3.11,True,11.52,4.945,3.846,9.0,6.12,34.0,25.81,1.56,4658504.0,,,180.8,0.9348894348894349,0.16277641277641278,0.3611793611793612,0.5311
MANE,Veradermics Inc,Healthcare,Biotechnology,,,-44.05,,-7.690000000000001,22.84,13.31,5.86,92.61,,-22.51,1.0,728700.0,0.85,101.7,Aug 11/b,163.5,4250000000.0,HIGH,-6.02,-2.05,1.1,-0.71,0.171,False,-0.06,False,-5.57,4.626,5.634,52.0,-17.28,24.0,-6.65,101.7,57394121.0,,,60.8,0.46375921375921375,0.6394348894348895,0.5110565110565111,0.5307
SXC,SunCoke Energy Inc,Basic Materials,Coking Coal,,26.14,587.84,9.49,0.0,9.63,4.89,-0.52,58.47,0.99,-10.67,2.0,1430000.0,0.54,9.54,Jul 30/b,9.5,809710000.0,HIGH,0.32,-6.74,0.75,5.63,0.1577,False,-3.91,True,3.26,3.833,4.822,8.0,-6.56,32.0,12.9,9.54,10132515.0,,,-0.4,0.7401719901719902,0.21314496314496315,0.5687960687960688,0.5307
COTY,Coty Inc,Consumer Defensive,Household & Personal Products,,10.51,-98.19,1.34,0.0,4.29,12.24,31.4,22.52,0.89,-40.35,3.18,11190000.0,0.41,2.72,Aug 19/a,2.65,2400000000.0,HIGH,1.87,-1.45,0.65,7.18,0.1497,False,-2.32,True,1.61,4.386,2.941,18.0,-0.73,17.0,-1.09,2.72,19582044.0,,,-2.6,0.7825552825552825,0.12285012285012285,0.5995085995085996,0.5297
HAPN,Happen Inc,Financial,Banks - Regional,10.07,7.06,50.24000000000001,31.95,-11.4,0.95,5.13,-7.42,21.09,1.87,-22.89,1.0,1700000.0,1.21,16.71,Jul 27/a,24.78,1930000000.0,HIGH,-12.92,-4.46,1.58,-7.61,0.1668,False,-5.99,False,-10.98,3.082,1.376,30.0,-12.7,34.0,-10.88,16.71,19021811.0,,,48.3,0.24447174447174447,0.9133906633906634,0.5257985257985258,0.5295
EVH,Evolent Health Inc,Healthcare,Health Information Services,,11.74,42.84,46.86,-0.61,-2.89,15.11,-14.580000000000002,37.12,1.0,-57.42,1.4,3030000.0,1.15,4.1,Aug 06/b,5.77,463540000.0,HIGH,-7.03,-2.84,1.45,-1.72,0.2306,False,-8.02,False,-10.36,6.254,4.634,14.0,-13.14,27.0,33.12,4.1,10754677.0,,,40.7,0.4213759213759214,0.8796068796068796,0.31818181818181823,0.5279
ALTO,Alto Ingredients Inc,Basic Materials,Specialty Chemicals,5.95,12.0,197.43,12.48,0.93,6.49,9.24,-30.53,-15.02,0.14,-35.14,1.0,2220000.0,0.57,3.96,Aug 05/a,9.0,307170000.0,HIGH,-6.16,-3.65,0.91,-0.85,0.1157,False,-3.11,False,-14.2,4.582,4.293,52.0,-30.53,27.0,-12.39,3.96,5680618.0,,,127.3,0.4557739557739558,0.40724815724815727,0.7432432432432432,0.5275
GENB,Generate Biomedicines Inc,Healthcare,Biotechnology,,,,,0.0,6.79,13.5,29.24,22.32,,-29.42,1.0,1020000.0,1.51,16.0,Aug 06/b,27.0,2049999999.9999998,HIGH,1.98,0.63,0.98,7.29,0.2779,False,-1.47,True,5.71,9.826,6.625,15.0,-0.74,27.0,15.19,16.0,26221322.0,,,68.8,0.785012285012285,0.49385749385749383,0.21498771498771496,0.5267
TARS,Tarsus Pharmaceuticals Inc,Healthcare,Biotechnology,,48.37,10.97,69.41,-6.68,4.16,14.54,29.059999999999995,17.64,0.45,-12.65,1.0,999330.0,0.69,79.95,Aug 06/b,96.75,3510000000.0,HIGH,13.22,-8.34,0.88,18.53,0.3221,True,4.29,True,17.75,4.749,2.295,8.0,7.97,27.0,30.45,79.95,61692793.0,,,21.0,0.9250614250614251,0.36363636363636365,0.15724815724815722,0.5263
LAND,Gladstone Land Corp,Real Estate,REIT - Specialty,,,17.86,3.2199999999999998,0.0,2.89,7.71,5.02,-17.17,1.1,-27.62,2.6,743250.0,0.82,9.41,Aug 11/a,9.33,405910000.0,HIGH,14.2,-2.28,0.72,19.51,0.2205,True,3.24,True,7.92,2.719,2.444,11.0,6.09,23.0,14.9,9.41,7680846.0,,,-0.9,0.9299754299754299,0.16891891891891891,0.3421375921375921,0.5253
MPT,Medical Properties Trust Inc,Real Estate,REIT - Healthcare Facilities,,37.51,96.95,7.870000000000001,0.0,4.23,30.63,-27.82,-25.259999999999998,1.49,-44.67,2.67,7280000.0,1.57,3.58,Aug 10/b,4.94,2140000000.0000002,HIGH,-11.6,-10.28,1.37,-6.29,0.166,False,-10.22,False,-17.67,3.352,2.235,39.0,-24.63,25.0,-13.73,3.58,32967768.0,,,38.0,0.2788697788697789,0.8433660933660934,0.5331695331695332,0.5245
PUBM,PubMatic Inc,Technology,Software - Application,,111.78,76.36,10.55,-10.62,4.17,6.15,46.17,106.59999999999998,1.58,-10.03,1.54,625940.0,0.67,16.59,Aug 06/a,20.27,755680000.0,HIGH,-3.94,1.84,0.69,1.37,0.091,False,-0.08,True,10.14,3.952,2.634,26.0,23.07,26.0,23.07,16.59,10110821.0,,,22.2,0.5626535626535627,0.14434889434889434,0.8513513513513513,0.5238
EVC,Entravision Communications Corp,Communication Services,Advertising Agencies,381.65,,597.14,126.24,-13.059999999999999,19.88,10.45,-13.87,178.26,1.72,-39.45,1.0,1710000.0,0.63,8.32,Aug 10/a,3.5,767840000.0,HIGH,-6.41,0.12,0.93,-1.1,0.1212,True,0.37,False,-16.08,4.37,5.168,26.0,-27.08,24.0,-9.86,8.32,9622684.0,,,-57.9,0.4453316953316953,0.4318181818181818,0.7199017199017199,0.5236
PWP,Perella Weinberg Partners,Financial,Capital Markets,54.87,9.83,52.23,0.8100000000000002,-4.88,5.23,12.6,-8.24,-10.69,1.64,-44.57,2.0,1180000.0,1.78,14.37,Jul 31/b,22.25,1400000000.0,HIGH,-14.36,-13.33,2.12,-9.05,0.1762,False,-11.76,False,-11.68,5.184,6.402,22.0,-16.7,31.0,-3.62,14.37,15859948.0,,,54.8,0.20515970515970516,0.9815724815724816,0.48894348894348894,0.5232
MCHB,Mechanics Bancorp,Financial,Banks - Regional,12.39,12.94,211.23,167.34,-0.0,-1.51,13.65,0.32,8.86,1.43,-10.91,2.0,560940.0,0.71,15.48,Jul 29/b,17.83,3580000000.0,HIGH,-7.58,-0.45,0.94,-2.27,0.1117,False,-2.95,False,-4.5,1.726,1.615,24.0,-7.36,33.0,-2.27,15.48,6756528.0,,,15.2,0.39926289926289926,0.44594594594594594,0.7604422604422605,0.5216
VCEL,Vericel Corp,Healthcare,Biotechnology,85.68,45.77,483.64000000000004,22.48,-17.46,0.4099999999999999,9.41,5.71,21.72,1.03,-19.71,1.25,555060.0,1.13,39.6,Jul 30/b,60.57,2029999999.9999998,HIGH,-9.15,1.33,1.28,-3.84,0.1806,False,-3.66,False,-10.04,3.117,3.788,48.0,-15.65,32.0,-15.06,39.6,20268593.0,,,53.0,0.3495085995085995,0.7893120393120393,0.47911547911547914,0.5203
BAND,Bandwidth Inc,Technology,Software - Infrastructure,,25.27,56.67,22.16,-10.15,26.76,14.97,-25.05,221.54,3.02,-38.08,1.4,1230000.0,1.16,48.97,Jul 29/b,70.75,1580000000.0,HIGH,-7.24,12.27,1.71,-1.93,0.2663,False,-0.26,False,-10.53,8.894,18.419,2.0,-5.13,33.0,32.53,48.97,41348077.0,,,44.5,0.41277641277641275,0.933046683046683,0.24815724815724816,0.5195
ZVIA,Zevia PBC,Consumer Defensive,Beverages - Non-Alcoholic,,,-272.38,1.07,-24.55,-5.16,1.32,-12.839999999999998,0.78,0.92,-54.09,1.33,764440.0,0.44,1.29,Aug 05/a,3.96,99780000.0,HIGH,-0.77,-3.73,0.83,4.54,0.1736,False,-4.2,False,-13.87,4.64,6.202,54.0,-17.31,27.0,-12.24,1.29,539964.0,,,207.0,0.7027027027027027,0.29115479115479115,0.5036855036855037,0.5195
DJT,Trump Media & Technology Group Corp,Communication Services,Internet Content & Information,,,-933.0899999999999,89.03,0.0,2.39,8.86,13.459999999999999,-9.69,4.1,-50.74999999999999,,4600000.0,0.59,8.85,Aug 10/a,,2460000000.0,HIGH,9.26,-4.12,0.75,14.57,0.2288,False,-1.92,False,-3.5,5.706,5.04,32.0,-10.15,24.0,-0.67,8.85,32692762.0,,,,0.898034398034398,0.21314496314496315,0.3200245700245701,0.5192
LEGN,Legend Biotech Corp ADR,Healthcare,Biotechnology,,31.08,125.11000000000001,51.64,-0.17,3.75,8.92,-48.34,-1.17,0.58,-50.59,1.82,2400000.0,1.87,18.53,Aug 11/b,46.89,3590000000.0,HIGH,-10.27,-9.57,1.72,-4.96,0.2118,False,-10.78,False,-14.58,4.621,3.184,,,24.0,-10.31,18.53,39051623.0,,,153.0,0.3157248157248157,0.9355036855036855,0.3722358722358723,0.5186
MITK,Mitek Systems Inc,Technology,Software - Application,38.39,15.17,236.20000000000002,18.17,-7.04,4.83,9.39,8.81,29.059999999999995,0.94,-14.96,1.0,827310.0,0.63,17.9,Aug 06/a,23.62,807690000.0,HIGH,-3.4,0.39,0.8,1.91,0.1305,False,-1.47,False,-1.52,4.553,4.804,21.0,-5.34,26.0,6.48,17.9,11873271.0,,,32.0,0.5847665847665847,0.2585995085995086,0.6855036855036856,0.5171
CVRX,CVRx Inc,Healthcare,Medical Devices,,,6.3,15.57,0.2,3.3000000000000003,13.21,-40.36,-60.15999999999999,0.72,-73.45,2.14,779350.0,0.7,3.0,Aug 06/a,4.3,79930000.0,HIGH,9.09,2.39,0.73,14.4,0.2198,True,0.99,False,-25.47,6.807,7.0,28.0,-45.36,26.0,25.52,3.0,2234862.0,,,43.3,0.8968058968058968,0.18120393120393122,0.3452088452088452,0.5166
SPT,Sprout Social Inc,Technology,Software - Application,,7.41,75.02,10.8,-2.11,5.3,7.9,59.53000000000001,98.46,0.99,-21.95,2.64,1290000.0,0.66,11.63,Aug 06/a,10.67,705150000.0,HIGH,21.78,11.29,0.66,27.09,0.241,True,8.58,True,22.62,4.872,4.953,1.0,7.69,26.0,42.0,11.63,13715646.0,,,-8.3,0.9668304668304668,0.128992628992629,0.3022113022113022,0.5161
TNL,Travel+Leisure Co,Consumer Cyclical,Travel Services,18.02,7.46,5.86,4.42,-9.1,3.83,12.47,-10.71,-3.4099999999999997,1.2,-18.28,1.15,719500.0,1.29,66.19,Jul 22/b,90.69,4050000000.0,HIGH,-10.18,2.13,1.43,-4.87,0.1942,False,-4.58,False,-9.11,2.601,2.191,34.0,-13.26,38.0,-9.76,66.19,45015564.0,,,37.0,0.3187960687960688,0.8685503685503686,0.4244471744471745,0.5154
FG,F&G Annuities & Life Inc,Financial,Insurance - Life,8.13,4.77,-338.55,2.02,0.0,1.77,2.7,-20.03,10.41,1.24,-34.56,2.67,639640.0,1.24,23.12,Aug 05/a,27.0,3030000000.0,HIGH,-12.75,-4.34,1.37,-7.44,0.1651,False,-3.09,False,-14.71,3.248,2.638,43.0,-23.6,27.0,-20.77,23.12,13787591.0,,,16.8,0.2493857493857494,0.8433660933660934,0.5405405405405406,0.5149
AQST,Aquestive Therapeutics Inc,Healthcare,Drug Manufacturers - Specialty & Generic,,,-34.09,38.15,-1.7500000000000002,0.1,21.43,17.03,21.39,1.48,-35.36,1.0,2750000.0,0.91,4.88,Aug 11/a,9.33,612500000.0,HIGH,13.75,-6.33,0.81,19.06,0.2794,False,-1.65,True,11.4,5.536,4.939,16.0,8.57,23.0,15.37,4.88,14966629.0,,,91.2,0.9275184275184275,0.2678132678132678,0.2106879606879607,0.5146
INO,Inovio Pharmaceuticals Inc,Healthcare,Biotechnology,,,87.83,,0.0,1.44,18.69,7.2700000000000005,-28.92,1.61,-56.61999999999999,1.67,3540000.0,0.93,1.18,Aug 12/a,3.17,122010000.0,HIGH,2.61,-16.9,0.85,7.92,0.238,False,-7.92,True,8.1,7.809,8.475,6.0,-13.24,22.0,53.25,1.18,4889864.0,,,168.6,0.8058968058968059,0.32555282555282555,0.3095823095823096,0.5129
ADAM,Adamas Trust Inc,Real Estate,REIT - Mortgage,5.37,8.72,1318.13,34.52,0.0,0.98,3.72,-3.11,14.610000000000001,1.24,-12.93,2.33,897210.0,0.93,9.02,Jul 29/a,9.75,810720000.0,HIGH,-10.87,-7.11,1.09,-5.56,0.1307,False,-7.15,False,-4.35,2.13,2.661,24.0,-7.87,32.0,4.28,9.02,7401675.0,,,8.1,0.29606879606879605,0.6302211302211302,0.6842751842751843,0.5128
FBRT,Franklin BSP Realty Trust Inc,Real Estate,REIT - Mortgage,17.58,6.63,-37.77,15.5,2.08,-2.04,8.92,-7.429999999999999,-13.15,1.06,-32.96,1.4,1500000.0,1.02,7.73,Jul 29/a,12.75,641940000.0,HIGH,-3.74,-7.09,0.82,1.57,0.1377,False,-6.12,False,-3.58,2.928,1.423,8.0,-7.31,32.0,2.66,7.73,15365013.0,,,64.9,0.5749385749385749,0.27825552825552824,0.6572481572481572,0.5106
NPWR,NET Power Inc,Industrials,Specialty Industrial Machinery,,,-150.75,,-4.59,0.6,7.0,5.88,5.26,1.14,-65.38,1.5,827450.0,0.87,1.8,Aug 13/a,2.83,404750000.0,HIGH,4.05,-5.26,0.78,9.36,0.2183,False,-0.58,True,9.09,6.627,8.111,15.0,5.88,21.0,11.11,1.8,1719377.0,,,57.2,0.8329238329238329,0.23832923832923833,0.35012285012285016,0.5097
AMSC,American Superconductor Corp,Industrials,Specialty Industrial Machinery,9.01,21.18,19.03,30.010000000000005,-8.95,4.59,7.82,-31.83,-12.06,3.33,-61.3,1.0,767860.0,1.16,27.28,Aug 05/a,61.4,1320000000.0,HIGH,-15.09,-10.38,1.37,-9.78,0.1503,False,-7.57,False,-13.38,4.477,3.592,,,27.0,-17.08,27.28,19097111.0,,,125.1,0.1891891891891892,0.8433660933660934,0.5958230958230959,0.5074
HUN,Huntsman Corp,Basic Materials,Chemicals,,101.93,96.24,14.06,0.96,-9.13,7.82,-40.91,-22.69,0.79,-42.18,2.71,4770000.0,0.44,9.3,Jul 30/a,12.07,1630000000.0,HIGH,-9.8,-5.1,1.0,-4.49,0.118,False,-4.12,False,-12.38,3.556,3.118,39.0,-22.44,31.0,-4.71,9.3,20216746.0,,,29.8,0.32800982800982803,0.5202702702702703,0.7328009828009828,0.5071
NTST,Netstreit Corp,Real Estate,REIT - Retail,138.73,45.45,52.629999999999995,26.8,-0.11,13.51,14.2,-4.17,-3.65,0.79,-13.13,1.61,2009999.9999999998,0.36,19.52,Jul 22/a,23.21,1990000000.0,HIGH,-4.45,-3.46,0.4,0.86,0.0696,False,-3.96,False,-6.95,1.727,2.28,42.0,-8.14,37.0,-9.59,19.52,36094670.0,,,18.9,0.5405405405405406,0.045454545454545456,0.921990171990172,0.5064
RLMD,Relmada Therapeutics Inc,Healthcare,Biotechnology,,,61.35,,3.06,16.92,14.6,-33.23,-24.87,0.49,-44.5,1.0,1770000.0,0.72,4.44,Aug 06/a,12.4,473620000.0,HIGH,-6.92,4.47,1.13,-1.61,0.1883,False,-1.14,False,-12.31,4.775,3.153,,,26.0,-10.12,4.44,4974123.0,,,179.3,0.4262899262899263,0.6676904176904177,0.4508599508599509,0.5061
OII,Oceaneering International Inc,Energy,Oil & Gas Equipment & Services,13.41,19.72,20.2,10.03,-6.08,3.38,6.61,18.2,39.9,1.23,-14.180000000000001,3.0,1080000.0,1.01,46.56,Jul 22/a,46.0,4630000000.0,HIGH,-13.95,-8.13,1.19,-8.64,0.1326,False,-8.93,False,-3.65,4.357,9.128,20.0,-10.8,37.0,3.47,46.56,47111799.0,,,-1.2,0.214987714987715,0.7235872235872236,0.6744471744471745,0.5054
TREX,TREX Co Inc,Industrials,Building Products & Equipment,25.8,21.64,-14.57,7.79,-0.27,-6.09,10.4,-4.32,16.46,1.48,-29.54,2.23,1920000.0,0.79,43.66,Aug 04/b,54.67,4450000000.0,HIGH,-10.44,-4.63,1.1,-5.13,0.1426,False,-4.78,False,-4.9,3.544,3.459,22.0,-11.85,29.0,-2.61,43.66,62955100.0,,,25.2,0.3095823095823096,0.6394348894348895,0.6314496314496314,0.5051
NXDR,Nextdoor Holdings Inc,Communication Services,Internet Content & Information,,,86.03,14.529999999999998,-0.25,4.55,2.83,13.33,51.59,1.42,-36.02,2.2,2400000.0,0.74,2.38,Aug 04/a,3.35,920700000.0,HIGH,-5.56,7.21,1.0,-0.25,0.1704,True,2.74,True,0.63,3.727,6.597,27.0,-2.86,28.0,3.03,2.38,4107130.0,,,40.8,0.4864864864864865,0.5202702702702703,0.5135135135135135,0.5047
BLBD,Blue Bird Corp,Industrials,Farm & Heavy Construction Machinery,7.59,13.2,371.03,29.94,0.14,-3.32,12.7,-12.76,16.92,1.35,-25.16,1.14,518590.00000000006,0.63,62.41,Aug 05/a,90.14,1980000000.0,HIGH,-2.3,-2.41,0.61,3.01,0.1156,True,1.57,False,-9.92,3.4,4.382,40.0,-20.33,27.0,-5.45,62.41,32945642.0,,,44.4,0.6259213759213759,0.10135135135135136,0.7450859950859952,0.5043
PTRN,Pattern Group Inc,Consumer Cyclical,Internet Retail,,26.18,62.529999999999994,46.58,-6.329999999999999,20.38,15.34,-4.72,75.95,1.08,-32.99,1.33,2040000.0,0.49,19.97,Aug 05/a,28.12,3540000000.0,HIGH,-3.39,1.58,0.73,1.92,0.1228,False,-2.85,False,-14.19,4.146,3.63,47.0,-27.67,27.0,-9.6,19.97,28078218.0,,,40.8,0.585995085995086,0.18120393120393122,0.7137592137592137,0.5029
PAYS,PaySign Inc,Technology,Software - Infrastructure,50.1,30.55,354.17,48.08,-4.5,14.180000000000001,3.98,83.55,272.97,0.84,-11.09,1.0,681040.0,0.81,12.83,Aug 05/a,13.1,724410000.0,HIGH,-1.31,-0.39,0.74,4.0,0.1544,False,-2.87,True,15.08,5.768,4.287,14.0,-6.01,27.0,33.79,12.83,9852706.0,,,2.1,0.6744471744471745,0.19963144963144963,0.5749385749385749,0.5021
PFSI,PennyMac Financial Services Inc,Financial,Mortgage Finance,9.48,6.32,-83.96,0.45000000000000007,-0.16,-0.7,8.52,-15.54,-18.03,1.43,-56.99000000000001,2.0,568560.0,0.78,68.97,Jul 29/a,90.57,3580000000.0,HIGH,-9.62,-4.26,0.99,-4.31,0.1212,False,-5.73,False,-11.4,2.674,2.711,54.0,-19.88,32.0,-9.09,68.97,32827173.0,,,31.3,0.3347665847665848,0.5073710073710074,0.7199017199017199,0.5021
LRMR,Larimar Therapeutics Inc,Healthcare,Biotechnology,,,23.18,,0.09,6.04,28.55,8.93,-17.74,0.66,-41.12,1.09,1760000.0,0.66,3.78,Aug 04/b,14.4,392680000.0,HIGH,-12.5,-7.24,1.27,-7.19,0.161,False,-5.73,False,-4.61,5.11,6.349,24.0,-5.74,29.0,-5.03,3.78,3708196.0,,,281.0,0.25307125307125306,0.7813267813267813,0.5540540540540541,0.5018
INFQ,Infleqtion Inc,Technology,Software - Infrastructure,,,-396.57,,-43.78,15.42,12.86,-6.11,25.0,4.28,-54.17999999999999,1.0,11450000.0,0.72,12.6,Aug 12/a,21.33,2840000000.0,HIGH,-6.04,-7.76,0.99,-0.73,0.1618,False,-4.01,True,8.14,6.956,6.508,12.0,-6.87,22.0,3.45,12.6,110712367.0,,,69.3,0.4619164619164619,0.5073710073710074,0.5491400491400491,0.5017
HAYW,Hayward Holdings Inc,Industrials,Electrical Equipment & Parts,17.7,13.27,2.28,6.27,-6.660000000000001,-1.03,4.38,-11.91,-9.68,1.17,-27.41,2.3,2620000.0,1.16,12.87,Jul 29/b,17.92,2730000000.0,HIGH,-12.8,-4.24,1.52,-7.49,0.1895,False,-8.12,False,-12.97,2.666,2.176,28.0,-20.01,33.0,-14.82,12.87,27870678.0,,,39.2,0.24815724815724816,0.898034398034398,0.4434889434889435,0.5017
SOUN,SoundHound AI Inc,Technology,Software - Application,,,45.04,45.02,-1.29,-1.15,38.66,-6.23,-11.37,2.86,-70.82,1.5,30030000.0,0.95,6.47,Aug 05/a,12.83,2910000000.0,HIGH,-8.1,-1.52,1.15,-2.79,0.1812,False,-5.69,False,-3.96,4.588,6.337,27.0,0.62,27.0,0.62,6.47,170968096.0,,,98.3,0.3808353808353808,0.6855036855036855,0.4766584766584766,0.501
KVYO,Klaviyo Inc,Technology,Software - Application,820.75,16.45,65.02,26.43,-3.27,-9.93,26.2,22.45,-9.0,0.65,-51.96999999999999,1.25,5970000.0,0.96,17.4,Aug 05/a,26.57,4950000000.0,HIGH,-0.8,-2.74,1.02,4.51,0.2932,False,-4.99,False,-2.95,6.287,5.086,12.0,-2.19,27.0,4.0,17.4,104241959.0,,,52.7,0.7014742014742015,0.5423832923832924,0.18918918918918914,0.5001
PLUG,Plug Power Inc,Industrials,Electrical Equipment & Parts,,,32.89,2.49,-0.08,3.71,21.82,-25.36,-4.19,2.28,-55.02,2.55,54880000.0,0.96,2.06,Aug 10/a,3.49,2880000000.0,HIGH,-9.65,-8.85,1.01,-4.34,0.1292,False,-5.4,False,-5.95,4.958,4.369,23.0,-7.21,24.0,-2.37,2.06,114822446.0,,,69.4,0.33046683046683045,0.5313267813267813,0.6928746928746929,0.4994
CRNC,Cerence Inc,Technology,Software - Application,,10.93,151.03,11.81,-0.65,2.95,14.81,-21.37,18.95,3.04,-39.22,2.6,757560.0,0.54,8.35,Aug 06/a,10.75,377670000.0,HIGH,-2.0,1.09,0.6,3.31,0.1243,True,0.86,False,-5.48,4.473,4.455,,,26.0,-7.43,8.35,5634869.0,,,28.7,0.6412776412776413,0.09398034398034398,0.7088452088452089,0.4974
ORN,Orion Group Holdings Inc,Industrials,Engineering & Construction,98.58,20.28,-585.31,8.08,-0.33,2.98,6.9,-37.9,-12.27,1.42,-48.22,1.0,528500.0,0.58,9.01,Jul 28/a,14.99,364870000.0,HIGH,-8.15,-2.38,0.85,-2.84,0.0987,False,-3.06,False,-16.79,3.813,2.442,55.0,-43.76,33.0,-0.77,9.01,3325877.0,,,66.4,0.3796068796068796,0.32555282555282555,0.8261670761670762,0.4974
REZI,Resideo Technologies Inc,Industrials,Industrial Distribution,8.6,10.33,109.18,1.96,0.2,-0.12,5.81,-11.77,-16.76,1.53,-38.32,1.4,2440000.0,0.86,19.43,Aug 12/a,30.83,2950000000.0,HIGH,-5.86,-1.07,0.89,-0.55,0.1393,False,-1.74,False,-13.37,3.364,3.448,29.0,-22.93,22.0,-5.03,19.43,46543137.0,,,58.7,0.4692874692874693,0.3783783783783784,0.6511056511056511,0.4966
CRVS,Corvus Pharmaceuticals Inc,Healthcare,Biotechnology,,,-89.11,,0.15,1.12,29.35,9.89,-14.429999999999998,1.42,-51.35000000000001,1.12,1020000.0,1.07,13.11,Aug 06/a,33.14,1100000000.0,HIGH,-12.07,-5.89,1.42,-6.76,0.1902,False,-7.66,False,-8.2,4.823,3.051,18.0,-11.6,26.0,-5.41,13.11,10790830.0,,,152.8,0.2635135135135135,0.8624078624078624,0.43918918918918914,0.4959
BTGO,BitGo Holdings Inc,Financial,Capital Markets,,67.4,-138.34,2201.89,-0.08,5.39,3.23,58.22999999999999,-25.379999999999995,,-67.84,1.31,1420000.0,0.96,7.88,Aug 12/a,10.63,926260000.0,HIGH,41.98,1.81,0.76,47.29,0.3737,True,12.81,True,34.7,6.184,5.711,1.0,3.01,22.0,57.92,7.88,12492095.0,,,34.9,0.9901719901719902,0.2199017199017199,0.10442260442260443,0.4934
LAUR,Laureate Education Inc,Consumer Defensive,Education & Training Services,16.08,14.62,51.23,17.5,-2.63,-2.91,3.07,-2.53,4.58,0.42,-12.45,1.88,1120000.0,0.61,35.83,Jul 30/b,41.21,4940000000.0,HIGH,-4.99,-1.51,0.75,0.32,0.1164,False,-3.85,False,-4.84,3.034,3.489,13.0,-6.6,32.0,-6.72,35.83,33588680.0,,,15.0,0.5184275184275184,0.21314496314496315,0.7395577395577395,0.4932
LIFE,Ethos Technologies Inc,Financial,Insurance Brokers,,41.03,4.25,113.35,-3.07,-2.93,9.69,152.15,224.22,,-7.5,1.22,1030000.0,0.96,39.36,Aug 03/a,34.88,2510000000.0,HIGH,11.91,-6.33,0.74,17.22,0.2768,True,5.23,True,36.65,6.382,6.098,6.0,4.38,29.0,72.4,39.36,49909565.0,,,-11.4,0.918918918918919,0.19963144963144963,0.21867321867321865,0.4931
ARDX,Ardelyx Inc,Healthcare,Biotechnology,,13.55,15.22,23.77,-4.91,-1.17,9.49,-38.14,-39.1,0.67,-58.099999999999994,1.0,4320000.0,1.01,3.52,Aug 06/a,12.9,877140000.0,HIGH,-13.3,-6.63,1.14,-7.99,0.1386,False,-7.25,False,-21.02,3.622,2.557,,,26.0,-12.0,3.52,14476253.0,,,266.5,0.23464373464373464,0.6756756756756757,0.6523341523341524,0.4923
ELVN,Enliven Therapeutics Inc,Healthcare,Biotechnology,,,-0.97,,-10.03,37.44,14.18,17.99,96.0,0.23,-12.659999999999998,1.15,1350000.0,0.64,54.43,Aug 05/a,73.45,3990000000.0,HIGH,-8.57,-8.32,0.97,-3.26,0.1331,False,-7.33,False,-3.32,3.712,3.353,15.0,-9.01,27.0,-8.83,54.43,51671674.0,,,34.9,0.36486486486486486,0.4785012285012285,0.6726044226044225,0.4913
DEI,Douglas Emmett Inc,Real Estate,REIT - Office,,,49.59,1.63,0.0,5.81,18.39,-13.930000000000001,8.52,1.2,-37.34,2.92,1850000.0,0.79,10.57,Aug 04/a,13.2,1770000000.0,HIGH,-8.88,-5.63,1.08,-3.57,0.1644,False,-7.81,False,-10.46,2.71,3.027,42.0,-15.3,28.0,-10.42,10.57,15469083.0,,,24.9,0.35503685503685506,0.6167076167076168,0.5417690417690417,0.4896
BULL,Webull Corp,Technology,Software - Application,110.38,29.96,103.73000000000002,51.21,-0.11,5.63,10.39,38.23,71.54,0.59,-43.64,1.4,12520000.0,0.91,9.04,Aug 19/a,13.3,4790000000.0,HIGH,10.78,-5.54,0.6,16.09,0.2288,False,-0.36,True,11.43,5.734,5.476,7.0,0.44,17.0,4.63,9.04,172222204.0,,,47.1,0.9127764127764127,0.09398034398034398,0.3200245700245701,0.4893
ESTA,Establishment Labs Holdings Inc,Healthcare,Medical Devices,,,32.04,31.66,-16.71,5.19,16.1,-12.44,13.530000000000001,1.05,-26.3,1.0,579420.0,0.5,71.92,Aug 06/b,102.44,2140000000.0000002,HIGH,-6.13,-4.48,0.8,-0.82,0.113,False,-1.14,False,-12.2,4.055,2.392,42.0,-20.64,27.0,-9.02,71.92,26489214.0,,,42.4,0.4582309582309582,0.2585995085995086,0.754914004914005,0.4873
HYPD,Hyperion DeFi Inc,Healthcare,Biotechnology,,1.5,136.97,,0.11,14.330000000000002,15.97,33.82,1.96,2.52,-75.73,1.0,510340.0,1.0,3.64,Aug 12/a,10.22,56560000.0,HIGH,28.17,1.68,0.72,33.48,0.3261,True,10.34,True,22.39,8.075,6.181,4.0,1.68,22.0,35.32,3.64,2358723.0,,,180.8,0.9766584766584766,0.16891891891891891,0.15233415233415237,0.487
TPC,Tutor Perini Corp,Industrials,Engineering & Construction,36.56,16.6,227.43,19.17,-32.47,7.919999999999999,4.43,12.8,24.72,2.05,-17.39,1.0,705760.0,0.62,84.51,Aug 05/a,117.0,4440000000.0,HIGH,-13.07,-5.6,1.05,-7.76,0.1202,False,-5.13,False,-2.34,3.75,3.656,27.0,-0.05,27.0,-0.05,84.51,37173979.0,,,38.4,0.23955773955773957,0.5749385749385749,0.726044226044226,0.4861
CMCO,Columbus Mckinnon Corp,Industrials,Farm & Heavy Construction Machinery,,6.22,-2991.84,125.27,1.15,-8.86,8.21,18.94,12.29,1.42,-32.58,1.5,617450.0,0.68,16.45,Jul 30/b,26.0,474820000.0,HIGH,-13.78,-11.51,1.11,-8.47,0.1341,False,-7.79,False,-4.09,4.863,6.505,29.0,-18.24,32.0,12.52,16.45,6739790.0,,,58.1,0.22297297297297297,0.6486486486486487,0.6670761670761671,0.4839
SNDX,Syndax Pharmaceuticals Inc,Healthcare,Biotechnology,,,33.35,91.76,-1.28,10.79,26.72,0.55,-21.91,0.43,-28.29,1.08,1670000.0,0.71,18.35,Aug 04/a,37.55,1640000000.0,HIGH,-7.14,-7.97,0.93,-1.83,0.1444,False,-7.24,False,-11.33,4.052,2.425,8.0,-8.71,28.0,-3.83,18.35,25374752.0,,,104.6,0.41953316953316955,0.4318181818181818,0.6216216216216216,0.4838
LFTO,Liftoff Mobile Inc,Communication Services,Advertising Agencies,73.96,,82.51,35.43,1.92,25.239999999999995,5.42,-23.9,,,-38.1,1.65,771800.0,0.47,18.63,Aug 12/a,34.43,3150000000.0,HIGH,-4.61,-0.11,0.58,0.7,0.1008,False,-0.65,False,-13.23,4.551,4.563,26.0,-20.15,22.0,-7.13,18.63,11721994.0,,,84.8,0.5319410319410319,0.08353808353808354,0.8181818181818181,0.4833
VSTM,Verastem Inc,Healthcare,Biotechnology,,,44.57,1775.43,-0.31,14.26,22.38,83.17,34.11,0.4,-30.599999999999998,1.0,2490000.0,0.61,7.51,Aug 06/a,15.0,680130000.0,HIGH,4.6,-7.05,0.69,9.91,0.2232,True,0.77,True,14.84,5.65,4.927,6.0,-5.89,26.0,27.07,7.51,16582686.0,,,99.7,0.8464373464373465,0.14434889434889434,0.33415233415233414,0.4821
IRON,Disc Medicine Inc,Healthcare,Biotechnology,,,2.44,,-2.13,1.6399999999999997,26.13,1.37,14.790000000000001,0.92,-30.73,1.0,537960.0,1.29,68.92,Jul 30/b,102.58,2650000000.0,HIGH,-13.9,-10.31,1.43,-8.59,0.1886,False,-12.22,False,-11.17,4.549,4.804,14.0,-14.85,32.0,-6.45,68.92,37795392.0,,,48.8,0.21744471744471744,0.8685503685503686,0.4477886977886978,0.4819
CAL,Caleres Inc,Consumer Cyclical,Apparel Retail,8.32,5.72,767.27,5.61,-0.6,-1.05,11.94,-14.34,34.98,0.73,-20.98,2.0,546250.0,1.06,12.54,Sep 09/b,17.0,432700000.0,HIGH,-5.57,4.24,1.0,-0.26,0.1902,False,-0.89,False,-1.37,6.049,6.3,30.0,-2.34,4.0,4.24,12.54,7244569.0,,,35.6,0.48525798525798525,0.5202702702702703,0.43918918918918914,0.4819
GERN,Geron Corp,Healthcare,Biotechnology,,18.51,-1.22,17.22,0.0,-0.15,13.44,19.13,-13.29,0.6,-31.840000000000003,1.4,11230000.0,1.33,1.37,Aug 05/b,4.25,880190000.0,HIGH,-10.46,-9.27,1.25,-5.15,0.1911,False,-8.67,False,-7.11,5.892,4.38,28.0,2.24,28.0,2.24,1.37,14560144.0,,,210.2,0.3058968058968059,0.7622850122850123,0.43550368550368546,0.4817
XMTR,Xometry Inc,Industrials,Industrial Distribution,,66.04,81.2,41.05,-1.41,9.15,7.53,-2.25,130.31,1.25,-19.84,1.58,700000.0,0.67,85.03,Aug 04/b,111.18,4870000000.0,HIGH,-5.24,-8.03,0.96,0.07,0.1834,False,-4.11,False,-6.38,5.328,4.316,40.0,-13.71,29.0,-2.28,85.03,43656035.0,,,30.8,0.5024570024570024,0.4643734643734644,0.4668304668304668,0.4803
PSNL,Personalis Inc,Healthcare,Diagnostics & Research,,,-32.61,29.960000000000004,-1.51,2.62,11.65,69.86,142.41,2.32,-13.76,2.8,4059999.9999999995,0.42,16.29,Aug 04/a,16.25,1740000000.0,HIGH,17.28,-1.87,0.45,22.59,0.2514,False,-1.44,True,9.93,3.768,2.149,18.0,17.11,28.0,20.49,16.29,62885138.0,,,-0.2,0.9496314496314496,0.05036855036855037,0.2764127764127764,0.4779
GMRS,GMR Solutions Inc,Healthcare,Medical Care Facilities,,,,,0.0,464.45,9.82,7.37,,,-17.02,1.38,712770.0,0.77,13.26,Aug 12/a,18.88,716330000.0,HIGH,-4.19,-3.91,0.91,1.12,0.1886,True,0.42,False,-0.29,5.414,4.148,19.0,-4.19,22.0,3.11,13.26,8118433.0,,,42.4,0.5491400491400491,0.40724815724815727,0.4477886977886978,0.4762
IMMX,Immix Biopharma Inc,Healthcare,Biotechnology,,,17.97,,0.0,77.77,16.34,44.5,22.1,0.23,-19.14,1.0,1840000.0,0.59,12.21,Sep 02,22.29,873500000.0,HIGH,7.67,-7.85,0.73,12.98,0.2736,False,-8.16,True,8.47,6.932,4.996,14.0,-10.29,,,12.21,19901091.0,,,82.6,0.8832923832923832,0.18120393120393122,0.22542997542997545,0.4753
SLGN,Silgan Holdings Inc,Consumer Cyclical,Packaging & Containers,15.34,9.53,-13.65,6.76,0.0,3.71,10.26,-4.62,-6.25,0.66,-21.25,1.31,1190000.0,0.72,39.02,Jul 29/b,55.31,4120000000.0,HIGH,-6.36,-0.74,0.86,-1.05,0.1405,False,-4.88,False,-8.8,2.673,1.768,13.0,-8.53,33.0,-8.51,39.02,40315862.0,,,41.7,0.4477886977886978,0.3396805896805897,0.6425061425061425,0.4738
BBDC,Barings BDC Inc,Financial,Asset Management,10.56,8.68,-10.39,43.22,1.56,,2.07,4.53,8.41,0.71,-8.02,1.83,717410.0,0.87,8.77,Aug 05/a,9.96,918280000.0,HIGH,-6.6,-1.02,0.81,-1.29,0.1206,False,-4.49,False,-0.86,1.963,1.14,15.0,-6.1,27.0,4.16,8.77,7168424.0,,,13.6,0.43857493857493857,0.2678132678132678,0.7235872235872236,0.4729
BCAX,Bicara Therapeutics Inc,Healthcare,Biotechnology,,,-62.5,,-1.08,3.72,24.92,6.959999999999999,20.9,-0.8,-25.14,1.29,718680.0,0.59,23.2,Aug 11/b,33.92,1540000000.0,HIGH,-6.98,-2.15,0.87,-1.67,0.1371,False,-2.98,False,-10.39,5.104,4.776,49.0,-20.6,24.0,-2.36,23.2,11712764.0,,,46.2,0.4238329238329238,0.3495085995085995,0.6609336609336609,0.4727
DIOD,Diodes Inc,Technology,Semiconductors,48.64,15.66,1.23,21.66,-6.11,0.98,4.98,-16.96,41.37,1.91,-28.32,2.2,616680.0,1.51,90.31,Aug 05/a,162.5,4160000000.0,HIGH,-16.04,-0.67,1.6,-10.73,0.1933,False,-2.13,False,-2.12,4.411,4.307,20.0,-12.73,27.0,5.51,90.31,54267190.0,,,79.9,0.16953316953316952,0.9170761670761671,0.4299754299754299,0.4719
ANRO,Alto Neuroscience Inc,Healthcare,Biotechnology,,,1.28,,0.0,6.41,10.77,47.55,42.32,1.24,-15.47,1.27,550790.0,0.82,31.68,Aug 12/a,38.38,1240000000.0,HIGH,-5.71,-11.53,0.96,-0.4,0.1828,False,-8.98,True,3.55,6.214,5.761,8.0,-10.0,22.0,8.57,31.68,16304324.0,,,21.1,0.47911547911547914,0.4643734643734644,0.4680589680589681,0.4714
ARKO,ARKO Corp,Consumer Cyclical,Specialty Retail,60.21,35.15,-75.02,17.36,0.01,7.200000000000001,8.68,-47.05,-13.119999999999997,0.92,-47.8,2.0,969670.0,0.79,4.57,Aug 07/b,9.0,512690000.00000006,HIGH,-5.97,-2.87,0.79,-0.66,0.1272,False,-1.44,False,-26.27,4.548,3.282,38.0,-42.37,26.0,-19.26,4.57,4497866.0,,,96.9,0.4656019656019656,0.2493857493857494,0.7002457002457003,0.4711
CHH,Choice Hotels International Inc,Consumer Cyclical,Lodging,13.63,12.87,-19.15,3.36,-0.17,-4.38,25.09,-11.88,1.13,0.72,-22.03,3.17,568820.0,0.95,96.54,Aug 05/b,113.73,4350000000.0,HIGH,-8.0,-3.47,1.11,-2.69,0.2015,False,-7.26,False,-9.81,3.306,2.113,35.0,-12.65,28.0,-11.11,96.54,50569144.0,,,17.8,0.3857493857493858,0.6486486486486487,0.4017199017199017,0.4694
AXGN,Axogen Inc,Healthcare,Medical Devices,,63.39,-334.71,23.06,-9.71,5.7,7.26,1.81,35.37,1.16,-17.26,1.27,1280000.0,1.3,43.78,Jul 29/b,53.9,2350000000.0,HIGH,-10.93,-6.23,1.44,-5.62,0.242,False,-9.28,False,-2.95,5.529,5.596,13.0,-12.32,33.0,6.39,43.78,54148508.0,,,23.1,0.2936117936117936,0.8753071253071253,0.29791154791154795,0.4694
HNRG,Hallador Energy Co,Utilities,Utilities - Independent Power Producers,699.52,25.97,-268.68,2.03,0.36,5.46,9.87,-11.92,-15.32,0.43,-41.38,1.0,768240.0,0.79,14.48,Aug 10/a,27.75,682640000.0,HIGH,-10.56,-14.32,1.01,-5.25,0.1433,False,-9.94,False,-8.42,4.516,5.111,5.0,-12.77,24.0,-7.42,14.48,9666361.0,,,91.6,0.3034398034398034,0.5313267813267813,0.6271498771498771,0.4689
MAMA,Mama's Creations Inc,Consumer Defensive,Packaged Foods,86.56,43.45,76.32,55.05,-2.03,25.77,7.36,-0.2,-6.83,0.54,-29.14,1.0,659060.0,1.2,14.88,Sep 03/a,22.29,701550000.0,HIGH,-13.84,-4.0,1.25,-8.53,0.1733,False,-6.55,False,-13.25,4.768,3.159,55.0,-23.77,6.0,-1.85,14.88,9983797.0,,,49.8,0.2199017199017199,0.7622850122850123,0.5049140049140048,0.4681
TWI,Titan International Inc,Industrials,Farm & Heavy Construction Machinery,,24.48,225.39,5.19,0.0,-4.84,4.25,-8.03,-2.74,1.43,-39.32,1.0,565340.0,0.7,7.1,Jul 30/b,11.75,458250000.0,HIGH,7.25,-9.9,0.66,12.56,0.26,False,-1.39,False,-3.44,4.93,3.662,8.0,-4.18,32.0,-3.53,7.1,4407685.0,,,65.5,0.8759213759213759,0.128992628992629,0.2628992628992629,0.4679
UNCY,Unicycive Therapeutics Inc,Healthcare,Biotechnology,,2.84,87.79,,0.0,4.97,14.69,-28.970000000000002,-24.6,1.8,-41.08,1.0,1500000.0,0.45,5.15,Aug 12/b,29.6,143450000.0,HIGH,-7.54,2.39,0.9,-2.23,0.143,False,-3.44,False,-2.35,4.105,4.272,,,23.0,3.0,5.15,3984618.0,,,474.8,0.4035626535626536,0.39127764127764125,0.628992628992629,0.4675
SECZ,Securitize Corp,Technology,Software - Application,,23.95,-5304.17,,0.0,2.18,2.17,-31.180000000000003,-25.5,1.05,-41.57,1.0,1610000.0,0.85,8.21,Aug 12/a,11.4,1340000000.0,HIGH,52.32,-0.48,0.73,57.63,0.53,True,19.31,True,14.26,7.117,8.77,5.0,10.65,22.0,44.04,8.21,12609231.0,,,38.9,0.9938574938574939,0.18120393120393122,0.05036855036855037,0.467
RXT,Rackspace Technology Inc,Technology,Software - Infrastructure,,25.69,-17.86,0.57,-0.76,13.320000000000002,27.02,-35.85,82.25,3.13,-59.42000000000001,3.0,13480000.0,0.89,3.49,Aug 10/a,4.77,889510000.0,HIGH,-11.65,8.05,1.63,-6.34,0.259,True,6.01,False,-14.67,7.726,16.905,,,24.0,-19.77,3.49,24217907.0,,,36.7,0.27764127764127766,0.9213759213759214,0.2641277641277642,0.4667
APPS,Digital Turbine Inc,Technology,Software - Application,,12.34,29.020000000000003,26.780000000000005,0.0,1.67,9.53,20.13,229.35,3.02,-23.54,1.0,3960000.0,0.63,11.73,Aug 04/a,17.17,1420000000.0,HIGH,-4.17,3.81,0.98,1.14,0.2287,True,5.7,True,10.38,5.974,4.604,28.0,23.34,28.0,23.34,11.73,28297747.0,,,46.4,0.5515970515970516,0.49385749385749383,0.3218673218673219,0.4654
PDYN,Palladyne AI Corp,Technology,Software - Infrastructure,,,-35.08,469.75,-0.39,7.629999999999999,22.05,-11.08,-17.75,3.64,-46.87,1.5,1360000.0,0.65,5.7,Aug 06/b,10.75,281230000.0,HIGH,-11.9,-1.38,1.21,-6.59,0.1876,False,-2.81,True,0.8,4.91,5.263,21.0,-9.38,27.0,-3.23,5.7,4311807.0,,,88.6,0.2702702702702703,0.7364864864864865,0.4545454545454546,0.4654
CECO,Ceco Environmental Corp,Industrials,Pollution & Treatment Controls,,22.64,-408.65,53.71,-1.06,55.81,3.36,-26.950000000000003,29.67,1.49,-30.2,1.0,835140.0,1.43,70.67,Aug 10/b,109.14,4139999999.9999995,HIGH,-16.02,-10.69,1.74,-10.71,0.2077,False,-4.32,False,-5.63,5.575,7.316,20.0,-11.21,25.0,0.41,70.67,50854950.0,,,54.4,0.17137592137592136,0.9404176904176904,0.3820638820638821,0.4653
BDC,Belden Inc,Technology,Communication Equipment,18.43,11.38,14.400000000000002,11.63,-0.33,2.62,8.8,-1.42,-0.98,1.11,-29.109999999999996,1.33,504610.0,1.46,113.41,Jul 30/b,156.2,4430000000.0,HIGH,-17.57,-7.08,1.89,-12.26,0.2071,False,-5.6,False,-2.96,4.21,4.347,23.0,-15.77,32.0,11.15,113.41,46420550.0,,,37.7,0.14987714987714987,0.9606879606879607,0.3845208845208845,0.4635
MPLT,MapLight Therapeutics Inc,Healthcare,Biotechnology,,,-83.91,,12.9,-1.72,29.9,-52.61,-31.04,,-67.47,1.31,874960.0,0.37,13.15,Aug 13/a,25.75,694960000.0,HIGH,16.94,-5.73,0.55,22.25,0.2843,True,3.79,False,-34.09,7.554,6.008,6.0,0.08,21.0,13.56,13.15,7533123.0,,,95.8,0.9459459459459459,0.07800982800982802,0.2039312039312039,0.463
WEST,Westrock Coffee Company,Consumer Defensive,Packaged Foods,,336.05,38.7,8.83,0.27,-3.47,9.22,-17.47,84.04,0.89,-23.06,1.0,530480.0,0.46,7.84,Aug 06/a,10.0,765400000.0,HIGH,-5.54,-0.13,0.79,-0.23,0.1408,False,-2.02,False,-0.47,4.226,2.296,18.0,-4.85,26.0,-3.09,7.84,2463453.0,,,27.6,0.48955773955773957,0.2493857493857494,0.6412776412776413,0.463
XERS,Xeris Biopharma Holdings Inc,Healthcare,Drug Manufacturers - Specialty & Generic,,21.15,-1387.6,28.74,-3.65,1.42,4.65,11.49,38.64,0.71,-24.9,1.43,1870000.0,1.08,7.57,Aug 06/b,12.29,1380000000.0,HIGH,-11.15,-10.73,1.25,-5.84,0.2054,False,-9.96,False,-9.68,4.539,2.246,19.0,-11.15,27.0,2.85,7.57,13340738.0,,,62.4,0.28869778869778867,0.7622850122850123,0.3918918918918919,0.4617
GTX,Garrett Motion Inc,Consumer Cyclical,Auto Parts,14.34,11.65,25.009999999999998,6.9,-2.47,-0.22,2.72,-21.92,48.98,0.83,-27.71,1.5,2640000.0,0.85,26.2,Jul 29/b,37.17,4890000000.0,HIGH,-8.31,-6.38,0.77,-3.0,0.103,False,-3.35,False,-10.99,3.152,3.454,53.0,-25.3,33.0,-8.95,26.2,79110410.0,,,41.9,0.3759213759213759,0.2278869778869779,0.8095823095823096,0.4616
QTRX,Quanterix Corp,Healthcare,Medical Devices,,,-34.44,34.44,1.9,-16.47,11.53,-19.35,-47.03,1.07,-71.49,3.0,813620.0,7.49,2.5,Aug 10/b,3.0,118230000.0,HIGH,-14.38,-8.42,7.3,-9.07,0.2539,False,-7.78,False,-23.58,6.674,12.6,55.0,-33.51,25.0,3.31,2.5,2214670.0,,,20.0,0.20393120393120392,0.9987714987714987,0.26781326781326786,0.4615
INDV,Indivior Pharmaceuticals Inc,Healthcare,Drug Manufacturers - Specialty & Generic,12.24,7.46,588.52,13.58,-1.81,-11.62,9.36,-10.42,10.8,1.18,-19.48,1.25,2020000.0,2.11,34.47,Aug 03/b,49.0,4070000000.0000005,HIGH,-11.8,0.44,1.18,-6.49,0.1874,False,-3.88,False,-9.7,2.477,2.495,55.0,-16.52,30.0,-7.76,34.47,68424443.0,,,42.2,0.273955773955774,0.714987714987715,0.45638820638820643,0.461
SRTA,Strata Critical Medical Inc,Healthcare,Medical Care Facilities,,1609.61,-165.22,2.41,-0.64,-2.13,6.8,-1.29,17.54,2.43,-17.54,1.0,1120000.0,1.03,5.36,Aug 04/b,9.56,474190000.0,HIGH,-9.15,0.94,1.34,-3.84,0.2678,False,-5.5,False,-2.36,4.118,5.784,16.0,-10.07,29.0,-3.42,5.36,4852445.0,,,78.4,0.3495085995085995,0.8243243243243243,0.24201474201474205,0.4597
KMT,Kennametal Inc,Industrials,Tools & Accessories,6.68,11.94,936.69,42.63,-6.93,2.89,8.06,-15.89,-22.96,1.33,-32.85,3.78,1330000.0,0.81,29.42,Aug 05/b,33.0,2240000000.0,HIGH,-7.51,-3.45,0.7,-2.2,0.0959,False,-1.56,False,-8.53,3.426,3.365,29.0,-15.7,28.0,-13.88,29.42,45528682.0,,,12.2,0.40540540540540543,0.15356265356265356,0.8366093366093366,0.4592
KDK,Kodiak AI Inc,Technology,Software - Infrastructure,,,-9469.81,,0.0,15.76,7.3,-39.09,-55.78999999999999,0.42,-67.25,1.4,1180000.0,0.94,3.74,Aug 06/a,10.5,750310000.0,HIGH,-9.88,-3.86,1.01,-4.57,0.1585,False,-2.61,False,-11.03,5.684,5.08,24.0,-14.81,26.0,-14.22,3.74,4184626.0,,,180.7,0.32678132678132676,0.5313267813267813,0.5620393120393121,0.4587
MFIC,MidCap Financial Investment Corp,Financial,Asset Management,,7.29,-209.22,6.860000000000001,0.0,,3.49,-10.62,-12.0,0.67,-28.02,2.5,551710.0,0.67,9.09,Aug 06/b,10.41,748770000.0,HIGH,-6.29,-1.73,0.72,-0.98,0.1144,False,-4.82,False,-5.83,1.917,1.65,,,27.0,-4.11,9.09,4888954.0,,,14.5,0.4514742014742015,0.16891891891891891,0.7506142506142506,0.4564
KODK,Eastman Kodak Co,Industrials,Specialty Business Services,,,135.29,18.25,0.01,4.33,9.22,-5.28,31.129999999999995,1.58,-38.53,,899790.0,0.87,9.14,Aug 04/a,,894810000.0,HIGH,-8.32,-1.51,0.89,-3.01,0.141,False,-2.47,True,2.35,3.353,1.532,24.0,-8.51,28.0,2.35,9.14,8000340.0,,,,0.3746928746928747,0.3783783783783784,0.64004914004914,0.4554
LIF,Life360 Inc,Technology,Software - Application,25.85,24.64,-28.71,37.77,-14.279999999999998,-4.64,11.41,-2.14,7.42,2.23,-60.650000000000006,1.5,772730.0,0.95,44.28,Aug 10/a,61.65,3610000000.0,HIGH,-11.76,2.76,1.11,-6.45,0.1744,True,0.61,False,-12.45,3.58,6.99,25.0,-29.93,24.0,-8.91,44.28,29382102.0,,,39.2,0.2751842751842752,0.6486486486486487,0.49877149877149873,0.4543
KURA,Kura Oncology Inc,Healthcare,Biotechnology,,,-1.87,36.54,2.59,3.09,15.53,27.73,33.64,0.46,-16.83,1.2,1790000.0,0.81,11.56,Aug 12/a,32.0,1030000000.0,HIGH,2.48,-7.67,0.63,7.79,0.2228,False,-7.08,True,3.26,5.192,3.72,14.0,-6.77,22.0,16.3,11.56,29182242.0,,,176.8,0.7997542997542998,0.11179361179361179,0.3353808353808354,0.4541
ACHV,Achieve Life Sciences Inc,Healthcare,Biotechnology,,,-118.04999999999998,,-0.06,51.62,23.56,30.98,73.38,2.33,-16.32,1.0,1860000.0,0.77,7.23,Aug 11/b,14.27,743980000.0,HIGH,-3.6,-7.78,0.91,1.71,0.222,False,-8.85,True,2.84,5.345,3.734,18.0,-3.86,24.0,8.4,7.23,12461226.0,,,97.4,0.5761670761670762,0.40724815724815727,0.33783783783783783,0.454
HTZ,Hertz Global Holdings Inc,Industrials,Rental & Leasing Services,,,105.78,9.66,-0.27,6.22,33.56,-61.6,-49.36,2.46,-75.92,3.7,32509999.999999996,0.55,1.97,Aug 06/b,2.22,702210000.0,HIGH,-8.8,-9.84,1.05,-3.49,0.1848,False,-8.66,False,-2.95,7.016,7.614,24.0,-7.08,27.0,26.28,1.97,37090863.0,,,12.7,0.3568796068796069,0.5749385749385749,0.46253071253071254,0.454
ADIG,ADI Global Distribution Inc,Technology,Computer Hardware,,,,,0.0,39.71,4.83,,,,-34.33,2.0,1100000.0,0.58,20.35,Aug 13/b,28.5,1550000000.0,HIGH,-5.04,-2.58,0.7,0.27,0.1331,False,-4.31,,,6.251,4.668,,,22.0,-19.37,20.35,19219794.0,,,40.0,0.5147420147420148,0.15356265356265356,0.6726044226044225,0.4537
EGHT,8X8 Inc,Technology,Software - Application,55.41,4.94,73.75,4.86,-2.23,-5.86,2.16,3.65,-11.72,1.88,-35.94,2.33,1720000.0,0.81,1.85,Aug 04/a,2.58,266480000.00000003,HIGH,-9.31,0.54,1.08,-4.0,0.1911,False,-4.02,False,-6.5,5.56,5.405,29.0,-10.19,28.0,-17.41,1.85,2476767.0,,,39.5,0.3452088452088452,0.6167076167076168,0.43550368550368546,0.4537
SVV,Savers Value Village Inc,Consumer Cyclical,Specialty Retail,65.25,16.15,16.74,7.429999999999999,-33.23,-0.6,11.84,-1.3,25.129999999999995,1.23,-29.01,1.64,1280000.0,0.94,9.86,Aug 06/a,14.55,1520000000.0,HIGH,-6.63,-3.62,0.89,-1.32,0.1612,False,-5.17,False,-4.17,3.749,3.854,30.0,-3.9,26.0,-9.62,9.86,14285528.0,,,47.6,0.4348894348894349,0.3783783783783784,0.5509828009828011,0.4528
XNCR,Xencor Inc,Healthcare,Biotechnology,,,30.990000000000002,17.46,-0.77,-0.91,21.31,98.95,104.42,0.9,-19.86,1.5,1170000.0,0.73,24.53,Aug 05/a,30.75,1820000000.0,HIGH,6.1,-3.16,0.62,11.41,0.2654,False,-7.66,True,11.55,6.081,1.998,16.0,-9.15,27.0,23.64,24.53,37130317.0,,,25.4,0.8624078624078624,0.10687960687960688,0.2506142506142506,0.4522
GCMG,GCM Grosvenor Inc,Financial,Asset Management,24.48,11.71,136.14,12.950000000000001,-9.02,-0.43,2.72,11.37,22.13,0.89,-14.97,1.4,509490.0,0.57,12.64,Aug 10/b,15.5,2560000000.0,HIGH,-7.74,-4.1,0.74,-2.43,0.1095,False,-5.53,False,-4.71,2.69,2.215,22.0,-9.2,25.0,-6.92,12.64,5308022.0,,,22.6,0.3918918918918919,0.19963144963144963,0.7776412776412777,0.4499
BMEA,Biomea Fusion Inc,Healthcare,Biotechnology,,,77.45,,0.0,1.47,17.68,52.14,30.879999999999995,-0.33,-40.47,1.5,1210000.0,1.28,1.78,Aug 05/a,6.71,129020000.00000001,HIGH,31.85,-7.77,0.67,37.16,0.5102,True,5.92,True,23.66,9.001,7.303,6.0,-6.81,27.0,42.4,1.78,3953646.0,,,277.0,0.9791154791154791,0.13513513513513514,0.055282555282555323,0.4488
LXEO,Lexeo Therapeutics Inc,Healthcare,Biotechnology,,,49.57,,-0.96,6.69,29.66,-3.66,-36.79,1.54,-61.69,1.11,930910.0,1.36,4.21,Aug 12/b,20.67,345420000.0,HIGH,-15.46,-11.55,1.82,-10.15,0.2432,False,-12.44,False,-10.64,5.609,4.276,18.0,-14.6,23.0,-11.92,4.21,3325566.0,,,391.0,0.18058968058968058,0.9508599508599509,0.2960687960687961,0.4463
SLS,SELLAS Life Sciences Group Inc,Healthcare,Biotechnology,,,24.18,,0.0,11.08,29.01,49.74,118.34,2.58,-26.150000000000002,1.0,8330000.0,1.27,11.73,Aug 11/a,32.5,2370000000.0,HIGH,-9.77,-15.97,1.33,-4.46,0.2718,False,-13.86,False,-7.43,10.017,12.788,16.0,-12.46,23.0,6.15,11.73,107442204.0,,,177.1,0.32923832923832924,0.8175675675675675,0.22972972972972971,0.4459
BVS,Bioventus Inc,Healthcare,Medical Devices,16.97,14.3,333.92,3.7599999999999993,0.0,4.86,5.46,54.64,52.67000000000001,0.65,-17.19,1.0,705060.0,0.52,13.16,Aug 05/b,17.6,1110000000.0,HIGH,-5.19,-4.84,0.66,0.12,0.1321,False,-5.34,False,-0.49,3.496,2.713,28.0,-1.94,28.0,-1.94,13.16,7669673.0,,,33.7,0.5085995085995086,0.128992628992629,0.6775184275184275,0.4454
EBS,Emergent Biosolutions Inc,Healthcare,Drug Manufacturers - Specialty & Generic,,6.1,-1477.33,66.29,-2.19,2.76,22.49,-23.32,-20.94,2.29,-54.620000000000005,2.33,1120000.0,0.61,6.38,Aug 05/a,11.0,327120000.0,HIGH,41.78,6.33,0.59,47.09,0.432,True,11.96,False,-1.21,5.732,5.016,,,27.0,20.15,6.38,6657050.0,,,72.4,0.9889434889434889,0.08722358722358722,0.07616707616707619,0.4446
BOBS,Bob's Discount Furniture Inc,Consumer Cyclical,Specialty Retail,15.77,15.27,63.74999999999999,8.79,0.02,1.7399999999999998,15.96,17.63,4.87,,-31.25,1.38,953860.0,0.73,16.15,Aug 06/b,22.92,2109999999.9999998,HIGH,-11.94,-7.71,1.22,-6.63,0.2078,False,-5.65,False,-4.42,5.436,5.325,22.0,-11.99,27.0,-10.58,16.15,9728250.0,,,41.9,0.2678132678132678,0.7438574938574939,0.3808353808353808,0.4445
ATMU,Atmus Filtration Technologies Inc,Consumer Cyclical,Auto Parts,16.97,13.53,7.980000000000001,16.41,-4.84,4.14,4.71,-10.9,-21.57,1.18,-33.28,1.57,724560.0,0.8,44.37,Aug 07/b,65.2,3620000000.0,HIGH,-13.22,-6.45,1.03,-7.91,0.1474,False,-7.48,False,-11.7,3.626,4.057,29.0,-17.65,26.0,-13.29,44.37,26466788.0,,,46.9,0.2371007371007371,0.5540540540540541,0.6087223587223587,0.4437
MIR,Mirion Technologies Inc,Industrials,Specialty Industrial Machinery,174.38,23.23,-18.13,19.69,0.08,2.99,15.31,-7.13,-17.71,1.08,-49.2,1.27,4059999.9999999995,0.66,15.38,Jul 28/a,24.27,3830000000.0,HIGH,-2.29,-9.1,0.77,3.02,0.1988,False,-1.04,False,-2.64,4.328,3.186,7.0,-1.22,33.0,5.56,15.38,54443892.0,,,57.8,0.6277641277641277,0.2278869778869779,0.4078624078624079,0.4418
PUSA,Aureus Greenway Holdings Inc,Consumer Cyclical,Leisure,,,96.15,17.64,0.0,24.5,9.77,-26.33,-28.01,5.27,-57.940000000000005,1.0,575750.0,0.93,3.47,Sep 02,7.5,95930000.0,HIGH,-5.32,-5.45,0.88,-0.01,0.1899,False,-5.7,False,-1.15,6.373,5.62,10.0,-8.2,,,3.47,2200526.0,,,116.1,0.4987714987714988,0.36363636363636365,0.441031941031941,0.4409
PRG,PROG Holdings Inc,Industrials,Rental & Leasing Services,10.36,6.63,-4.19,19.03,-0.27,3.17,7.15,-2.96,32.93,1.76,-21.68,1.62,570150.0,0.94,37.38,Jul 29/b,53.43,1490000000.0,HIGH,-11.34,-1.84,0.98,-6.03,0.1507,False,-3.99,False,-11.12,3.258,1.712,42.0,-19.63,33.0,-12.62,37.38,19625976.0,,,42.9,0.2831695331695332,0.49385749385749383,0.5945945945945945,0.4398
EOLS,Evolus Inc,Healthcare,Drug Manufacturers - Specialty & Generic,,31.9,54.03,21.18,-3.17,9.28,9.28,17.83,58.28,1.34,-14.82,1.29,921850.0,0.56,7.93,Aug 05/a,15.0,523780000.0,HIGH,2.06,-10.7,0.53,7.37,0.2205,False,-7.95,True,7.27,4.943,4.792,6.0,-12.38,27.0,28.32,7.93,8365224.0,,,89.2,0.7886977886977887,0.07063882063882064,0.3421375921375921,0.4393
AMLX,Amylyx Pharmaceuticals Inc,Healthcare,Drug Manufacturers - Specialty & Generic,,,16.0,,-0.6,0.2,12.0,130.57,140.46,-0.1,-18.23,1.25,2470000.0,0.78,33.64,Aug 06/b,42.36,4219999999.9999995,HIGH,56.98,-0.71,0.51,62.29,0.4509,False,-2.75,True,30.97,5.328,7.09,19.0,56.98,27.0,53.96,33.64,135733317.0,,,25.9,0.995085995085995,0.06511056511056511,0.07125307125307123,0.4389
CNK,Cinemark Holdings Inc,Communication Services,Entertainment,19.37,13.33,87.86,15.509999999999998,-1.2,2.16,8.16,3.05,35.1,1.03,-10.65,1.77,2410000.0,0.62,34.83,Jul 30/b,40.38,4040000000.0,HIGH,-7.17,-3.7,0.73,-1.86,0.1198,False,-3.61,True,0.54,3.103,2.326,15.0,-4.84,32.0,-0.17,34.83,73290002.0,,,15.9,0.4152334152334152,0.18120393120393122,0.7272727272727273,0.4386
ZNTL,Zentalis Pharmaceuticals Inc,Healthcare,Biotechnology,,,-58.82999999999999,,18.66,4.69,7.44,-6.67,29.15,1.91,-49.64,1.91,1210000.0,0.62,3.5,Aug 06/a,7.3,331350000.0,HIGH,-5.53,-13.15,0.8,-0.22,0.1643,False,-7.71,False,-18.36,5.59,3.714,41.0,-23.41,26.0,-17.06,3.5,3539415.0,,,108.6,0.4914004914004914,0.2585995085995086,0.542997542997543,0.437
TYGO,Tigo Energy Inc,Technology,Solar,7.84,,137.97,5.62,-1.41,7.75,6.91,-64.11,-69.97,1.27,-80.66,1.5,1410000.0,0.45,1.03,Aug 04/a,2.83,79080000.0,HIGH,-11.97,-2.83,0.99,-6.66,0.1535,False,-4.14,False,-28.0,4.958,7.767,,,28.0,-20.16,1.03,688354.0,,,174.8,0.26535626535626533,0.5073710073710074,0.5835380835380836,0.4334
AGEN,Agenus Inc,Healthcare,Biotechnology,2.69,,98.53,34.36,0.0,17.93,16.81,116.06,130.0,1.37,-19.44,1.0,4230000.0,0.18,7.13,Aug 06/b,19.5,320990000.0,HIGH,-0.28,-4.04,0.74,5.03,0.2604,False,-7.22,True,7.03,7.153,5.049,14.0,-7.04,27.0,-4.81,7.13,7829032.0,,,173.5,0.7248157248157249,0.19963144963144963,0.2598280098280098,0.4278
ESAB,ESAB Corp,Industrials,Metal Fabrication,24.32,10.46,-54.09,12.86,-0.02,11.21,8.94,-26.26,-31.05,1.13,-50.86999999999999,1.25,765400.0,1.62,67.52,Aug 06/b,131.11,4200000000.0,HIGH,-17.79,-9.66,1.48,-12.48,0.2204,False,-11.48,False,-19.11,3.851,2.695,29.0,-25.83,27.0,-26.98,67.52,63754588.0,,,94.2,0.14742014742014742,0.8851351351351351,0.34398034398034394,0.4277
BEEM,Beam Global,Technology,Solar,,,49.02,21.02,0.0,2.44,8.38,23.48,-2.74,1.47,-64.85,1.67,2069999.9999999998,0.21,1.42,Aug 19/a,2.5,32140000.0,HIGH,24.56,0.0,0.17,29.87,0.3754,True,1.28,True,15.96,7.384,3.521,13.0,4.41,17.0,17.36,1.42,3453763.0,,,76.1,0.9705159705159705,0.02702702702702703,0.101965601965602,0.4269
PURR,Hyperliquid Strategies Inc,Financial,Capital Markets,18.24,35.91,43889.58,,0.0,65.98,16.49,36.21,122.74000000000001,,-16.2,1.0,16300000.0,1.0,11.85,Aug 27/b,22.3,2340000000.0,HIGH,65.73,-0.67,0.47,71.04,0.5692,True,7.14,True,38.29,11.546,8.523,12.0,2.51,12.0,2.51,11.85,318680716.0,,,88.2,0.9963144963144963,0.05466830466830467,0.03808353808353804,0.4264
BJRI,BJ's Restaurant Inc,Consumer Cyclical,Restaurants,33.17,22.71,-11.28,6.370000000000001,-7.07,-1.05,9.38,18.09,85.94,1.33,-16.7,2.2,521980.0,0.7,62.14,Jul 30/a,74.5,1320000000.0,HIGH,-6.23,1.74,0.83,-0.92,0.1676,False,-1.77,False,-4.42,3.889,2.317,35.0,-7.06,31.0,-8.09,62.14,27590183.0,,,19.9,0.45454545454545453,0.29115479115479115,0.5227272727272727,0.426
LTBR,Lightbridge Corp,Industrials,Electrical Equipment & Parts,,,-14.029999999999998,,-0.64,0.63,12.98,-29.15,-41.48,2.09,-78.75,,818830.0,1.04,6.66,Aug 05/a,10.5,249470000.0,HIGH,-18.28,-15.59,1.44,-12.97,0.2181,False,-13.51,False,-17.39,6.188,4.054,29.0,-22.74,27.0,-25.67,6.66,4544512.0,,,57.7,0.14004914004914004,0.8753071253071253,0.3513513513513513,0.424
HLMN,Hillman Solutions Corp,Industrials,Tools & Accessories,34.78,10.44,33.96,9.79,0.12,-2.45,2.51,-6.61,-10.43,1.42,-33.55,1.62,1440000.0,2.32,7.21,Aug 03/a,12.12,1400000000.0,HIGH,-18.25,-4.5,2.23,-12.94,0.2694,False,-7.85,False,-11.07,3.948,3.19,29.0,-13.24,29.0,-13.24,7.21,11588005.0,,,68.1,0.14127764127764128,0.9852579852579852,0.23832923832923836,0.4236
DXYZ,Destiny Tech100 Inc,Financial,Asset Management,3.06,,1407.36,106.52999999999999,8.65,,0.88,8.97,24.54,5.59,-56.68,,1730000.0,0.49,31.57,-,,961940000.0,HIGH,-7.15,-7.8,0.77,-1.84,0.1452,False,-5.1,True,9.79,6.08,4.498,12.0,-8.63,,,31.57,37083077.0,,,,0.41707616707616707,0.2278869778869779,0.6191646191646192,0.4209
PPTA,Perpetua Resources Corp,Basic Materials,Other Precious Metals & Mining,,,-889.5900000000001,,-0.14,-0.77,9.46,-6.39,-24.23,0.15,-39.66,1.0,1290000.0,0.74,22.55,Aug 15/a,37.98,2820000000.0,HIGH,-7.54,-8.93,0.87,-2.23,0.1726,False,-9.29,True,2.24,5.304,2.838,15.0,-12.26,20.0,-7.54,22.55,27126870.0,,,68.4,0.4035626535626536,0.3495085995085995,0.5073710073710074,0.4185
MNTN,MNTN Inc,Technology,Software - Application,15.92,10.38,123.63,20.56,-0.8699999999999999,16.99,11.74,37.79,24.97,1.01,-42.67,1.3,1220000.0,0.44,11.96,Aug 04/a,18.1,894640000.0,HIGH,-4.01,-6.64,0.62,1.3,0.1638,False,-5.67,True,6.85,5.686,3.119,7.0,-8.91,28.0,19.0,11.96,10769730.0,,,51.3,0.5577395577395577,0.10687960687960688,0.5442260442260443,0.4184
SUJA,Suja Life Inc,Consumer Defensive,Beverages - Non-Alcoholic,,20.23,,,13.25,38.02,12.85,-14.760000000000002,,,-51.57000000000001,1.8,592090.0,0.32,8.95,Aug 04/a,18.0,345690000.0,HIGH,34.59,-9.5,0.27,39.9,0.5316,False,-0.37,False,-0.73,8.093,3.799,6.0,-12.17,28.0,45.77,8.95,6315872.0,,,101.1,0.9828009828009828,0.032555282555282554,0.0491400491400491,0.4176
SLE,Super League Enterprise Inc,Communication Services,Internet Content & Information,,,95.03,0.27,0.0,-6.570000000000001,6.49,43.26,14.249999999999998,1.47,-96.67,1.0,1290000.0,0.12,4.57,Aug 14/b,10.67,11300000.0,HIGH,51.32,-2.14,0.04,56.63,0.528,True,10.19,True,35.55,9.2,8.753,19.0,51.32,21.0,101.32,4.57,18777543.0,,,133.5,0.9926289926289926,0.013513513513513514,0.051597051597051635,0.4166
SUPN,Supernus Pharmaceuticals Inc,Healthcare,Drug Manufacturers - Specialty & Generic,,9.3,-353.07,32.4,-3.83,1.8000000000000003,8.58,-6.58,-16.87,0.56,-30.48,1.5,851840.0,0.8,41.49,Aug 03/b,61.75,2410000000.0,HIGH,-14.05,-2.22,1.18,-8.74,0.2068,False,-6.89,False,-10.08,2.934,3.157,19.0,-14.05,30.0,-7.04,41.49,25562813.0,,,48.8,0.2113022113022113,0.714987714987715,0.3875921375921376,0.4153
LENZ,LENZ Therapeutics Inc,Healthcare,Biotechnology,,,-91.55,9.72,0.98,-1.52,40.02,-33.97,-63.21,0.69,-91.13,1.57,869600.0,0.86,4.47,Aug 11/a,25.0,140450000.0,HIGH,-6.68,-16.14,1.15,-1.37,0.3561,False,-10.38,False,-13.76,7.578,4.027,8.0,-14.53,23.0,-11.31,4.47,3243652.0,,,459.3,0.4312039312039312,0.6855036855036855,0.1216216216216216,0.4146
RNXT,RenovoRx Inc,Healthcare,Biotechnology,,,22.22,115.40000000000002,1.6099999999999999,-0.17,0.99,100.27999999999999,102.37,0.96,-34.75,1.0,665590.0,0.87,1.69,Aug 12/a,7.12,76270000.0,HIGH,40.83,-23.18,0.39,46.14,0.9989,False,-1.66,True,32.23,16.915,11.243,11.0,14.19,22.0,50.89,1.69,2961364.0,,,321.3,0.9877149877149877,0.042997542997543,0.012285012285012331,0.4117
BIVI,BioVie Inc,Healthcare,Biotechnology,,,58.93000000000001,,5.78,8.84,11.02,25.77,45.39,0.71,-45.91,1.0,4630000.0,0.14,2.05,-,5.51,17320000.0,HIGH,75.21,-0.97,0.08,80.52,0.7335,True,6.54,True,18.57,9.868,11.707,10.0,-5.09,,,2.05,11081867.0,,,168.8,0.9975429975429976,0.019656019656019656,0.020884520884520863,0.4112
ALLO,Allogene Therapeutics Inc,Healthcare,Biotechnology,,,44.26,,-0.09,53.839999999999996,24.72,-6.32,-25.83,0.55,-60.089999999999996,1.27,7270000.0,1.07,1.78,Aug 12/a,8.75,614970000.0,HIGH,-14.42,-4.3,1.49,-9.11,0.2783,False,-10.35,False,-8.75,5.859,3.933,18.0,-12.32,22.0,-10.1,1.78,10264965.0,,,391.6,0.20024570024570024,0.8894348894348895,0.2137592137592138,0.4111
MRVI,Maravai LifeSciences Holdings Inc,Healthcare,Biotechnology,,,69.44,8.53,-0.08,8.87,9.86,34.24,117.04999999999998,0.56,-29.03,1.89,3480000.0,0.65,6.68,Aug 06/a,7.42,1740000000.0,HIGH,17.69,-7.02,0.39,23.0,0.507,False,-10.3,False,-2.34,6.12,4.188,14.0,-20.7,26.0,7.3,6.68,37906887.0,,,11.1,0.952088452088452,0.042997542997543,0.05651105651105648,0.4107
TILE,Interface Inc,Consumer Cyclical,"Furnishings, Fixtures & Appliances",13.92,14.23,59.98,5.37,-9.02,2.96,8.06,8.03,24.57,2.0,-14.99,1.0,512570.00000000006,0.93,34.43,Aug 07/b,45.25,1990000000.0,HIGH,-9.49,-2.82,0.98,-4.18,0.1948,False,-7.45,False,-3.22,3.278,1.597,18.0,-10.62,26.0,-1.91,34.43,18160704.0,,,31.4,0.33906633906633904,0.49385749385749383,0.42260442260442266,0.4106
SEI,Solaris Energy Infrastructure Inc,Energy,Oil & Gas Equipment & Services,77.64,26.69,-13.900000000000002,46.92,-22.58,12.49,27.89,-17.43,17.52,1.3,-29.100000000000005,1.12,2980000.0,1.13,61.11,Aug 05/a,97.05,4680000000.0,HIGH,-7.37,-4.46,1.22,-2.06,0.4321,True,7.13,True,3.9,6.739,6.055,4.0,-4.46,27.0,9.97,61.11,160562306.0,,,58.8,0.4090909090909091,0.7438574938574939,0.07493857493857492,0.4093
ULCC,Frontier Group Holdings Inc,Industrials,Airlines,,17.19,-27.42,37.67,-8.45,9.51,25.15,-9.92,67.06,2.65,-33.02,3.58,3630000.0,0.59,5.63,Jul 29/b,6.56,1300000000.0,HIGH,-11.34,-1.75,0.88,-6.03,0.1443,False,-3.32,False,-12.14,4.121,3.748,29.0,-26.79,33.0,-9.63,5.63,14240447.0,,,16.5,0.2831695331695332,0.36363636363636365,0.6228501228501229,0.4092
CAPR,Capricor Therapeutics Inc,Healthcare,Biotechnology,,,-24.04,,-4.73,16.07,42.13,-65.85,-71.11,0.62,-78.18,2.2,6410000.0,0.45,8.81,Aug 13/a,33.56,512200000.00000006,HIGH,18.26,-2.76,0.37,23.57,0.5494,True,2.79,False,-20.17,11.318,6.016,14.0,29.56,21.0,109.26,8.81,64147293.0,,,280.9,0.9557739557739557,0.04054054054054054,0.04668304668304668,0.4085
PMI,Picard Medical Inc,Healthcare,Medical Devices,,,40.21,38.62,0.0,9.84,25.42,-30.06,-89.82,-1.54,-99.08,,1860000.0,0.32,6.26,Aug 20/b,,14630000.0,HIGH,77.84,45.24,0.13,83.15,1.7007,True,14.52,True,15.06,30.383,14.217,14.0,22.03,17.0,106.6,6.26,32320587.0,,,,0.9987714987714987,0.025798525798525797,0.0036855036855036882,0.4084
LHAI,Linkhome Holdings Inc,Real Estate,Real Estate Services,,,-977.78,12.76,-29.330000000000002,31.85,4.28,44.0,-22.3,-0.1,-93.1,,9650000.0,0.02,1.08,-,,17850000.0,HIGH,45.95,-6.9,0.04,51.26,0.7018,True,14.07,True,11.18,13.181,8.333,8.0,31.55,,,1.08,5845073.0,,,,0.9914004914004914,0.013513513513513514,0.025798525798525818,0.4084
MAZE,Maze Therapeutics Inc,Healthcare,Biotechnology,,,1.29,,-1.76,11.92,17.17,2.58,-50.86999999999999,2.21,-54.02,1.0,554730.0,1.06,24.67,Aug 11/a,62.55,1370000000.0,HIGH,-11.74,-6.45,1.28,-6.43,0.2844,False,-9.93,False,-12.42,5.686,5.634,14.0,-16.66,23.0,-9.67,24.67,12375528.0,,,153.5,0.2764127764127764,0.7893120393120393,0.20270270270270274,0.4082
PII,Polaris Inc,Consumer Cyclical,Recreational Vehicles,,17.08,231.17999999999998,9.18,0.0,-6.97,9.41,-16.93,16.84,1.32,-24.44,2.8,832800.0,0.94,58.92,Jul 28/b,72.69,3350000000.0,HIGH,-13.77,-4.01,1.06,-8.46,0.1822,False,-6.27,False,-12.27,3.814,3.564,35.0,-19.33,34.0,-17.7,58.92,46683341.0,,,23.4,0.22481572481572482,0.5884520884520884,0.47174447174447176,0.408
UUUU,Energy Fuels Inc,Energy,Uranium,,81.59,-34.98,496.11,0.9199999999999999,4.53,20.77,-17.95,-33.9,1.76,-55.77000000000001,1.0,7580000.0,1.17,12.34,Aug 05/a,25.69,3270000000.0,HIGH,-16.57,-15.6,1.37,-11.26,0.2411,False,-14.87,False,-8.35,6.547,3.16,14.0,-17.07,27.0,-0.8,12.34,93075420.0,,,108.2,0.16093366093366093,0.8433660933660934,0.30098280098280095,0.4077
IMSR,Terrestrial Energy Inc,Utilities,Utilities - Regulated Electric,,,-524.4,,0.0,19.0,10.01,-38.11,-30.829999999999995,2.42,-85.79,1.0,1740000.0,1.25,4.47,Aug 11/b,13.5,474080000.0,HIGH,-23.11,-21.08,1.88,-17.8,0.2495,False,-15.19,False,-16.53,7.454,7.598,22.0,-22.98,24.0,-17.89,4.47,6046320.0,,,202.0,0.08476658476658476,0.9594594594594594,0.28501228501228504,0.4072
PRME,Prime Medicine Inc,Healthcare,Biotechnology,,,41.64,3.5000000000000004,0.0,6.660000000000001,38.55,14.59,-12.879999999999999,2.37,-54.17999999999999,1.43,3260000.0,0.5,3.18,Aug 06/b,7.11,576780000.0,HIGH,0.32,-10.67,0.59,5.63,0.2505,False,-7.97,False,-5.11,7.772,5.66,14.0,-2.15,27.0,7.8,3.18,9519320.0,,,123.6,0.7401719901719902,0.08722358722358722,0.2825552825552825,0.407
TPET,Trio Petroleum Corp,Energy,Oil & Gas E&P,,,75.07,81.18,-14.550000000000002,,7.89,-34.02,-85.82,-4.77,-91.38,,638930.0,3.2,1.94,-,,10330000.0,HIGH,-13.78,7.18,1.43,-8.47,0.2965,True,2.19,False,-16.37,10.147,17.526,,,,,1.94,2835725.0,,,,0.22297297297297297,0.8685503685503686,0.1812039312039312,0.4041
COCO,Vita Coco Company Inc,Consumer Defensive,Beverages - Non-Alcoholic,30.37,25.04,112.29,28.08,-9.06,-1.52,12.02,-31.980000000000004,-5.69,0.76,-35.88,1.67,1150000.0,2.21,55.03,Jul 23/b,83.22,3160000000.0,HIGH,-15.98,3.3,2.25,-10.67,0.3494,False,-7.18,False,-15.05,4.234,9.395,,,37.0,-20.67,55.03,64606865.0,,,51.2,0.17444717444717445,0.9864864864864865,0.1277641277641277,0.4041
HE,Hawaiian Electric Industries Inc,Utilities,Utilities - Regulated Electric,8.01,10.24,370.68,25.900000000000002,0.0,2.48,10.26,-22.57,-29.43,0.49,-40.37,4.0,2020000.0,1.2,10.36,Aug 07/a,10.25,1790000000.0,HIGH,-12.28,-4.95,0.97,-6.97,0.1667,False,-7.16,False,-15.51,2.654,1.255,42.0,-23.26,25.0,-11.3,10.36,27267234.0,,,-1.1,0.2542997542997543,0.4785012285012285,0.5276412776412777,0.4036
AVR,Anteris Technologies Global Corp,Healthcare,Medical Devices,,,48.26,63.27,-15.629999999999999,-2.2,8.58,-4.7,40.87,1.82,-21.12,1.5,1040000.0,0.53,8.72,Aug 10/a,13.8,849840000.0,HIGH,-7.43,1.16,0.85,-2.12,0.182,False,-1.66,False,-0.8,4.066,5.447,21.0,-2.35,24.0,-2.68,8.72,5790777.0,,,58.3,0.40786240786240785,0.32555282555282555,0.4735872235872236,0.4029
DAIC,CID Holdco Inc,Technology,Information Technology Services,,,58.440000000000005,,0.0,28.78,33.91,18.75,-61.45,3.51,-97.69,,5830000.0,0.07,2.28,May 11/a,,4480000.0,HIGH,308.6,-22.97,0.02,313.91,2.3767,False,-14.93,True,29.64,49.931,29.386,15.0,435.21,,,2.28,59957148.0,,,,1.0,0.006756756756756757,0.0012285012285012664,0.4024
TENX,Tenax Therapeutics Inc,Healthcare,Biotechnology,,,-27.690000000000005,,78.77,25.77,29.63,-83.8,-86.56,0.92,-90.41,1.8,5230000.0,0.38,1.86,Jul 31/b,9.62,69610000.0,HIGH,8.77,-6.06,0.28,14.08,0.3588,False,-3.23,False,-78.41,11.59,3.226,51.0,-86.0,31.0,-86.42,1.86,13839027.0,,,417.2,0.8931203931203932,0.0343980343980344,0.11547911547911549,0.4022
QNRX,Quoin Pharmaceuticals Ltd ADR,Healthcare,Biotechnology,,,98.79,,,-3.95,,63.81,-14.64,1.52,-83.54,1.0,758240.0,0.01,6.88,Aug 14/b,22.2,13830000.0,HIGH,32.56,-3.78,0.01,37.87,0.6298,True,13.09,True,32.57,11.77,4.215,11.0,33.46,21.0,35.17,6.88,10268172.0,,,222.7,0.9803439803439803,0.0036855036855036856,0.029484029484029506,0.4021
BIAF,BioAffinity Technologies Inc,Healthcare,Diagnostics & Research,,,87.3,18.99,0.0,,7.45,-64.28,-75.06,-1.34,-96.08,1.0,2540000.0,0.14,7.93,Aug 07/b,2700.0,4770000.0,HIGH,34.86,-11.2,0.05,40.17,1.5092,True,5.18,False,-9.25,35.093,9.206,8.0,20.33,26.0,3.66,7.93,77106808.0,,,33947.9,0.984029484029484,0.016584766584766583,0.0073710073710073765,0.4008
DMRA,Damora Therapeutics Inc,Healthcare,Biotechnology,,,80.38,,-0.0,17.51,8.58,36.62,7.82,1.4,-25.920000000000005,1.0,574820.0,0.65,28.39,Aug 10/a,44.67,1750000000.0,HIGH,-8.68,-2.67,1.0,-3.37,0.224,False,-3.55,False,-4.62,6.308,4.156,18.0,-10.72,24.0,-3.89,28.39,10837178.0,,,57.3,0.36117936117936117,0.5202702702702703,0.33108108108108103,0.3999
NXH,Neighborhood Intelligence Inc,Consumer Cyclical,Internet Retail,,,-58.22999999999999,27.96,0.9199999999999999,6.21,14.9,-38.52,-26.22,2.99,-71.42,2.14,2520000.0,1.07,3.62,Aug 04/a,10.12,345220000.0,HIGH,-15.42,-5.97,1.25,-10.11,0.225,False,-7.97,False,-20.94,5.821,6.077,,,28.0,-21.65,3.62,8339280.0,,,179.6,0.18181818181818182,0.7622850122850123,0.32800982800982803,0.3998
SHLS,Shoals Technologies Group Inc,Technology,Solar,37.52,12.77,-13.66,47.39,-1.94,-7.1,8.48,-32.41,15.010000000000002,1.86,-46.51,1.68,5450000.0,1.03,7.05,Aug 04/b,11.58,1190000000.0,HIGH,-14.34,-4.99,1.16,-9.03,0.217,False,-2.31,False,-17.55,5.913,7.234,43.0,-34.48,29.0,-23.54,7.05,34716368.0,,,64.3,0.20638820638820637,0.6977886977886978,0.35749385749385754,0.3991
CENX,Century Aluminum Co,Basic Materials,Aluminum,7.19,3.68,4938.74,19.74,-0.54,3.46,14.91,-32.11,-24.1,2.06,-41.02,1.0,2140000.0,0.76,41.54,Aug 06/a,69.4,4110000000.0000005,HIGH,-11.84,-13.37,0.91,-6.53,0.1595,False,-8.47,False,-8.99,5.217,4.285,26.0,-9.6,26.0,-9.6,41.54,80555669.0,,,67.1,0.2714987714987715,0.40724815724815727,0.5601965601965602,0.3988
BCRX,Biocryst Pharmaceuticals Inc,Healthcare,Drug Manufacturers - Specialty & Generic,,14.22,1180.09,33.61,-0.76,4.81,15.5,-5.4,0.12,0.55,-26.649999999999995,1.36,4440000.0,1.15,8.23,Aug 05/b,20.64,2100000000.0,HIGH,-17.2,-9.26,1.49,-11.89,0.2717,False,-13.51,False,-14.44,4.661,3.402,24.0,-16.36,28.0,-8.76,8.23,31721933.0,,,150.8,0.1541769041769042,0.8894348894348895,0.23095823095823098,0.3978
PAY,Paymentus Holdings Inc,Technology,Software - Infrastructure,56.3,34.44,75.44,28.800000000000004,-0.27,-18.2,4.97,75.57,52.03,1.32,-18.16,2.29,1260000.0,0.83,37.08,Aug 03/a,40.0,4670000000.0,HIGH,-8.8,4.01,0.93,-3.49,0.1981,False,-0.84,True,5.72,4.311,3.331,29.0,7.42,29.0,7.42,37.08,42110619.0,,,7.9,0.3568796068796069,0.4318181818181818,0.414004914004914,0.3965
UPST,Upstart Holdings Inc,Financial,Credit Services,47.52,14.1,185.5,41.75,0.52,0.69,31.09,-14.429999999999998,-0.9899999999999999,2.42,-63.44,2.17,4310000.0,1.14,26.1,Aug 04/a,39.24,2540000000.0,HIGH,-12.27,-3.26,1.16,-6.96,0.2507,False,-8.35,False,-11.16,5.052,5.211,54.0,-22.46,28.0,-13.58,26.1,119553457.0,,REVIEW,50.3,0.25552825552825553,0.6977886977886978,0.28071253071253066,0.3958
CTOS,Custom Truck One Source Inc,Industrials,Rental & Leasing Services,93.82,29.7,136.15,10.16,0.0,1.92,7.38,-17.35,50.6,1.43,-27.96,1.33,1070000.0,0.93,8.81,Aug 03/a,13.33,2000000000.0,HIGH,-16.02,-6.67,1.09,-10.71,0.1853,False,-6.53,False,-12.21,3.753,1.759,29.0,-17.12,29.0,-17.12,8.81,8445349.0,,,51.3,0.17137592137592136,0.6302211302211302,0.4606879606879607,0.3958
PTON,Peloton Interactive Inc,Consumer Cyclical,Leisure,44.91,15.02,122.18,0.13,-1.66,8.51,14.7,-10.99,33.15,2.55,-46.3,2.29,8710000.0,0.6,4.94,Aug 06/b,7.9,2170000000.0,HIGH,-6.62,-1.98,0.66,-1.31,0.1481,False,-6.24,False,-14.1,3.687,1.822,29.0,-23.41,27.0,-10.26,4.94,41284007.0,,,59.9,0.43611793611793614,0.128992628992629,0.6056511056511056,0.3948
KN,Knowles Corp,Technology,Electronic Components,44.65,21.4,137.75,14.32,-19.19,0.91,5.04,-13.0,39.84,1.59,-19.38,1.8,982090.0,0.67,34.61,Jul 23/a,45.0,2960000000.0,HIGH,-11.23,-2.84,0.88,-5.92,0.1576,False,-0.94,False,-4.54,3.178,3.352,29.0,-7.66,36.0,-7.9,34.61,26158525.0,,,30.0,0.28624078624078625,0.36363636363636365,0.5700245700245701,0.3946
ETON,Eton Pharmaceuticals Inc,Healthcare,Drug Manufacturers - Specialty & Generic,152.35,27.44,467.42999999999995,98.59,-29.99,9.33,4.96,82.4,204.38,0.89,-13.18,1.0,551290.0,0.64,57.62,Aug 13/a,71.0,1650000000.0,HIGH,-6.66,-2.91,0.61,-1.35,0.1422,False,-5.11,True,15.47,4.713,2.864,16.0,-3.82,21.0,41.23,57.62,35067488.0,,,23.2,0.43366093366093367,0.10135135135135136,0.6357493857493858,0.3946
OMCL,Omnicell Inc,Healthcare,Health Information Services,39.62,16.03,337.17,7.449999999999999,-1.81,6.550000000000001,7.48,-11.42,-2.59,0.99,-35.36,1.25,753300.0,0.53,33.51,Jul 30/b,57.86,1530000000.0,HIGH,-6.99,-1.09,0.6,-1.68,0.1378,False,-2.44,False,-12.87,3.651,2.149,43.0,-27.06,32.0,-9.7,33.51,22659527.0,,,72.7,0.4226044226044226,0.09398034398034398,0.6554054054054055,0.3939
FDMT,4D Molecular Therapeutics Inc,Healthcare,Biotechnology,,,-6.2,25106.67,-5.45,16.39,23.96,55.83,65.19,2.75,-18.72,1.27,939920.0,1.04,13.76,Aug 13/a,28.0,760160000.0,HIGH,-5.4,-5.95,0.86,-0.09,0.2402,False,-7.19,True,9.04,6.438,5.487,21.0,18.11,21.0,18.11,13.76,16943708.0,,,103.5,0.4963144963144963,0.3396805896805897,0.30405405405405406,0.3916
SABS,SAB Biotherapeutics Inc,Healthcare,Biotechnology,,,74.09,,0.0,0.8699999999999999,5.06,3.9,-16.63,0.58,-32.82,1.08,661260.0,0.36,3.46,Aug 06/b,11.75,314810000.0,HIGH,-8.22,-4.68,0.78,-2.91,0.1598,False,-6.3,False,-6.31,3.889,3.324,12.0,-10.82,27.0,-8.22,3.46,1113257.0,,,239.6,0.3783783783783784,0.23832923832923833,0.5577395577395577,0.3902
ENHA,Enhanced Group Inc,Consumer Defensive,Packaged Foods,,,-67000.0,,1.1,11.01,3.48,-59.38,-84.43,-1.79,-88.71,1.0,946680.0,0.62,1.58,Aug 13/a,4.0,624700000.0,HIGH,-7.6,1.28,0.52,-2.29,0.127,False,-1.89,False,-29.98,7.505,5.063,,,21.0,-19.39,1.58,1865109.0,,,153.2,0.39803439803439805,0.06695331695331695,0.7014742014742015,0.3897
SLG,SL Green Realty Corp,Real Estate,REIT - Office,,,-130.2,5.63,-0.7,-2.6,15.28,1.6200000000000003,39.69,1.66,-21.59,2.41,978220.0,0.62,51.98,Jul 22/a,58.47,3970000000.0,HIGH,-7.36,-1.55,0.8,-2.05,0.1758,False,-6.91,False,-3.74,3.184,2.693,15.0,-9.52,37.0,3.71,51.98,42310159.0,,,12.5,0.4103194103194103,0.2585995085995086,0.49140049140049136,0.3891
MLKN,MillerKnoll Inc,Consumer Cyclical,"Furnishings, Fixtures & Appliances",16.07,9.03,140.38,4.41,0.0,-0.62,5.91,30.91,12.13,1.35,-13.96,2.0,754950.0,0.53,21.26,Sep 22/b,35.0,1460000000.0,HIGH,-8.91,-4.28,0.74,-3.6,0.1435,False,-5.78,False,-5.14,3.813,2.07,26.0,-10.22,,,21.26,12122424.0,,,64.6,0.3538083538083538,0.19963144963144963,0.624078624078624,0.3886
CURI,CuriosityStream Inc,Communication Services,Broadcasting,,11.27,977.94,22.26,0.73,-0.22999999999999998,6.57,9.84,-15.58,1.77,-49.36,1.0,1020000.0,0.78,2.79,Aug 12/a,5.38,165550000.0,HIGH,-5.42,5.28,0.68,-0.11,0.1755,True,0.85,True,2.79,5.307,6.452,22.0,-0.36,22.0,-0.36,2.79,3240623.0,,,92.8,0.49385749385749383,0.14004914004914004,0.49508599508599505,0.3881
BBAI,BigBear.ai Holdings Inc,Technology,Information Technology Services,,,92.47,13.170000000000002,-1.79,-0.07,30.7,-28.360000000000003,-26.899999999999995,3.25,-69.33,2.33,23570000.0,0.6,2.88,Jul 30/a,4.33,1380000000.0,HIGH,-10.28,-1.37,0.87,-4.97,0.1691,False,-4.78,False,-5.44,4.563,5.208,22.0,-11.66,31.0,3.23,2.88,49782596.0,,,50.3,0.31388206388206386,0.3495085995085995,0.5196560196560196,0.3863
HPP,Hudson Pacific Properties Inc,Real Estate,REIT - Office,,,43.53,0.31,2.88,8.06,12.02,-23.22,80.62,1.99,-44.28,2.42,758200.0,1.12,11.74,Aug 05/b,16.91,651310000.0,HIGH,-14.93,-3.45,1.43,-9.62,0.3236,False,-11.68,False,-17.08,5.67,5.622,52.0,-22.71,28.0,-16.02,11.74,7763752.0,,,44.0,0.1928746928746929,0.8685503685503686,0.15601965601965606,0.3845
NG,Novagold Resources Inc,Basic Materials,Gold,,,62.519999999999996,,0.0,0.38,7.37,-2.82,-30.55,0.93,-49.78,1.0,5210000.0,1.06,7.23,Jun 24/b,14.27,3170000000.0,HIGH,-6.71,-8.48,1.04,-1.4,0.3348,False,-13.33,True,1.48,6.55,5.118,18.0,-2.43,57.0,16.61,7.23,44910840.0,,,97.4,0.42874692874692877,0.5651105651105651,0.14373464373464373,0.3842
SWIM,Latham Group Inc,Industrials,Building Products & Equipment,154.96,22.92,-20.25,14.39,0.11,2.59,6.71,14.29,6.309999999999999,1.66,-28.62,2.43,867420.0,0.75,6.4,Aug 04/a,8.61,752930000.0,HIGH,-10.24,-5.19,0.84,-4.93,0.1622,False,-7.19,False,-1.63,5.162,4.062,24.0,-12.45,28.0,12.28,6.4,5298486.0,,,34.5,0.31695331695331697,0.30773955773955775,0.547911547911548,0.3835
TNON,Tenon Medical Inc,Healthcare,Medical Devices,,,3.29,126.77000000000001,-4.74,3.1300000000000003,14.45,-74.25,-80.22,1.29,-88.97,1.0,5320000.0,0.94,5.56,Aug 13/a,10.0,5740000.0,HIGH,13.01,65.48,0.3,18.32,1.3729,True,4.47,False,-11.08,21.688,19.245,18.0,2.02,21.0,7.75,5.56,103390304.0,,,79.9,0.9238329238329238,0.03624078624078624,0.008599508599508643,0.383
FWRG,First Watch Restaurant Group Inc,Consumer Cyclical,Restaurants,40.21,43.21,11.9,15.2,-2.76,-3.6900000000000004,11.27,-8.31,-1.47,1.04,-39.65,1.0,1110000.0,0.74,11.36,Aug 04/b,19.27,701060000.0,HIGH,-7.72,-7.57,0.86,-2.41,0.1985,False,-7.07,False,-8.42,4.965,3.961,52.0,-11.87,29.0,-9.12,11.36,11617552.0,,,69.6,0.39434889434889436,0.3396805896805897,0.4103194103194103,0.3827
MBC,MasterBrand Inc,Consumer Cyclical,"Furnishings, Fixtures & Appliances",,29.58,-229.8,11.53,-0.15,45.14,8.6,-20.05,-12.990000000000002,1.46,-50.07,3.0,2150000.0,1.71,7.1,Aug 04/a,10.36,1440000000.0,HIGH,-21.02,-12.99,2.0,-15.71,0.3154,False,-15.95,False,-18.43,5.916,5.423,29.0,-20.4,28.0,-22.32,7.1,15247132.0,,,45.9,0.10073710073710074,0.9735872235872236,0.1646191646191646,0.3818
FSLY,Fastly Inc,Technology,Software - Application,,42.58,61.59,23.27,-7.84,9.21,13.6,34.02,1.14,0.33,-28.6,2.38,5580000.0,1.32,24.86,Aug 05/a,27.0,3960000000.0,HIGH,-14.39,15.68,1.44,-9.08,0.3586,True,7.04,True,9.55,6.603,9.453,22.0,-12.86,27.0,9.61,24.86,120029357.0,,,8.6,0.20270270270270271,0.8753071253071253,0.11670761670761676,0.3787
APAM,Artisan Partners Asset Management Inc,Financial,Asset Management,9.31,9.44,18.68,8.05,-0.39,2.39,4.88,4.49,5.9,1.68,-19.29,3.0,846550.0,0.72,37.49,Jul 28/a,39.5,3040000000.0,HIGH,-9.62,-8.69,0.82,-4.31,0.1655,False,-9.84,False,-7.43,3.094,2.987,14.0,-12.77,33.0,-7.06,37.49,30560040.0,,,5.4,0.3347665847665848,0.27825552825552824,0.5368550368550369,0.3784
HIVE,HIVE Digital Technologies Ltd,Financial,Capital Markets,,,-395.54,73.47,-20.99,13.4,19.97,-19.84,40.38,3.77,-61.86000000000001,1.25,22540000.0,0.47,2.99,Aug 14/a,7.12,820100000.0,HIGH,-2.61,-5.08,0.48,2.7,0.2076,True,1.39,True,0.95,6.426,6.02,5.0,-3.86,20.0,11.15,2.99,65391545.0,,,138.1,0.6142506142506142,0.056511056511056514,0.38329238329238324,0.3776
CSQR,Csquare Inc,Technology,Information Technology Services,,,,,0.0,5.67,2.28,,,,-26.340000000000003,1.3,1480000.0,1.35,17.31,Sep 02,28.5,2880000000.0,HIGH,-23.24,-6.08,2.04,-17.93,0.3099,False,-10.11,,,6.004,4.564,,,,,17.31,18506685.0,,,64.6,0.08230958230958231,0.9772727272727273,0.16953316953316955,0.377
VECO,Veeco Instruments Inc,Technology,Semiconductor Equipment & Materials,112.3,12.91,-9.8,16.48,-37.19,4.25,9.52,-47.21,32.15,1.38,-52.790000000000006,2.4,1060000.0,0.88,40.9,Aug 05/a,67.25,2500000000.0,HIGH,-24.82,-10.29,1.69,-19.51,0.2705,False,-10.71,False,-17.99,5.409,5.037,,,27.0,-20.75,40.9,25132219.0,,,64.4,0.06756756756756757,0.9299754299754299,0.23587223587223582,0.3768
IHRT,iHeartMedia Inc,Communication Services,Broadcasting,,52.0,3.46,4.67,0.0,6.6000000000000005,5.31,-31.58,2.25,2.26,-58.379999999999995,4.0,716980.0,0.55,2.73,Aug 10/a,3.62,450300000.0,HIGH,-7.77,2.63,0.83,-2.46,0.189,False,-1.71,False,-18.07,4.694,2.93,54.0,-36.81,24.0,-6.98,2.73,1324601.0,,,32.6,0.3894348894348894,0.29115479115479115,0.4447174447174447,0.3765
AORT,Artivion Inc,Healthcare,Medical Devices,,86.48,-1039.19,11.32,-4.95,4.22,6.34,24.23,-31.379999999999995,1.21,-48.25,1.0,716290.0,0.84,24.97,Aug 06/a,42.15,1220000000.0,HIGH,-11.83,-0.64,0.97,-6.52,0.1982,False,-6.25,False,-4.83,4.005,3.644,21.0,-12.11,26.0,-6.02,24.97,16541050.0,,,68.8,0.2727272727272727,0.4785012285012285,0.41216216216216217,0.3763
NCMI,National Cinemedia Inc,Communication Services,Advertising Agencies,,60.75,7.200000000000001,12.740000000000002,-1.41,4.41,11.15,-33.06,-26.14,1.62,-51.64,1.4,815820.0,0.9,2.43,Aug 11/a,4.7,228590000.0,HIGH,-10.99,-0.41,0.83,-5.68,0.1563,False,-4.27,False,-26.22,4.644,3.704,30.0,-39.4,23.0,9.46,2.43,2250766.0,,,93.4,0.2917690417690418,0.29115479115479115,0.5724815724815725,0.3758
HGV,Hilton Grand Vacations Inc,Consumer Cyclical,Resorts & Casinos,21.86,6.97,-45.32,7.2700000000000005,-1.71,3.2199999999999998,11.8,-23.85,-5.41,1.6,-30.2,2.33,1130000.0,0.85,38.67,Jul 30/b,55.45,3010000000.0,HIGH,-13.91,-4.64,1.06,-8.6,0.21,False,-9.48,False,-15.98,3.155,2.858,55.0,-28.36,32.0,-16.52,38.67,38981215.0,,,43.4,0.21621621621621623,0.5884520884520884,0.3753071253071253,0.3756
AZTA,Azenta Inc,Healthcare,Medical Instruments & Supplies,,54.31,104.69999999999999,11.97,2.11,-7.090000000000001,12.4,41.83,49.58,1.54,-23.22,2.0,716270.0,0.96,32.04,Aug 04/a,34.8,1400000000.0,HIGH,-4.59,3.96,0.78,0.72,0.242,False,-2.14,True,5.96,3.765,6.273,18.0,-2.85,28.0,6.34,32.04,26772535.0,,,8.6,0.5337837837837838,0.23832923832923833,0.29791154791154795,0.3744
RWT,Redwood Trust Inc,Real Estate,REIT - Mortgage,,3.75,95.49,37.59,0.0,-13.54,5.15,-27.05,-34.31,1.52,-45.05,1.5,3710000.0,2.74,3.83,Jul 28/b,5.84,481090000.0,HIGH,-20.21,-13.15,1.94,-14.9,0.3399,False,-14.37,False,-18.29,5.278,8.094,,,34.0,-17.99,3.83,19963040.0,,,52.5,0.11056511056511056,0.9637592137592138,0.13636363636363635,0.3743
XFOR,X4 Pharmaceuticals Inc,Healthcare,Biotechnology,,,96.32,346.33,-0.48,9.78,9.12,-9.5,-1.9,0.44,-25.05,1.0,853420.0,1.19,3.62,Aug 06/a,11.6,358910000.0,HIGH,-15.81,3.28,1.28,-10.5,0.2756,False,-8.64,False,-9.77,6.788,6.657,26.0,-13.19,26.0,-13.19,3.62,3023699.0,,,220.4,0.1762899262899263,0.7893120393120393,0.21990171990171992,0.3733
HROW,Harrow Inc,Healthcare,Drug Manufacturers - Specialty & Generic,,15.35,-459.56,10.85,0.07,2.05,21.32,-9.48,-0.09,0.17,-37.89,1.0,614090.0,0.85,34.07,Aug 10/a,65.0,1280000000.0,HIGH,-13.7,-9.99,1.07,-8.39,0.2241,False,-11.53,False,-15.29,4.719,4.256,17.0,-18.18,24.0,-13.57,34.07,18791465.0,,,90.8,0.22604422604422605,0.6031941031941032,0.3292383292383292,0.3701
QDEL,QuidelOrtho Corp,Healthcare,Medical Devices,,7.71,63.94,2.45,0.0,-4.73,20.79,-21.3,-34.97,0.77,-68.74,3.25,1460000.0,1.93,11.12,Aug 06/a,14.67,762560000.0,HIGH,-23.73,-16.89,2.21,-18.42,0.3321,False,-19.71,False,-28.11,6.68,8.453,46.0,-36.24,26.0,-9.52,11.12,17473098.0,,,31.9,0.0773955773955774,0.984029484029484,0.14619164619164615,0.37
VRRM,Verra Mobility Corp,Technology,Information Technology Services,13.72,3.83,-232.79000000000002,11.68,0.0,-2.32,8.45,-22.27,-75.72,0.41,-85.74,3.0,5160000.0,1.68,3.63,Aug 05/a,7.0,551700000.0,HIGH,-21.09,-7.16,1.84,-15.78,0.3382,False,-14.16,False,-18.19,5.067,4.959,33.0,-13.16,27.0,-29.1,3.63,15886105.0,,,92.8,0.09950859950859951,0.9539312039312039,0.14004914004914004,0.368
SKY,Champion Homes Inc,Consumer Cyclical,Residential Construction,24.51,19.64,-20.87,1.27,-1.9900000000000002,2.08,4.96,6.5,8.09,1.02,-15.53,1.71,695230.0,0.64,83.76,Aug 04/a,103.5,4550000000.0,HIGH,-10.14,-0.97,0.78,-4.83,0.1609,False,-4.98,False,-2.9,3.367,2.782,22.0,-10.78,28.0,1.7,83.76,50124617.0,,,23.6,0.3230958230958231,0.23832923832923833,0.5552825552825553,0.3673
HASI,HA Sustainable Infrastructure Capital Inc,Financial,Asset Management,71.76,11.06,21.14,40.97,0.0,3.2799999999999994,11.0,-3.7900000000000005,4.04,1.42,-16.52,1.44,989480.0,0.85,36.84,Aug 06/a,49.33,4730000000.0,HIGH,-12.56,-6.43,0.78,-7.25,0.1398,False,-6.92,False,-5.84,2.842,2.036,24.0,-9.19,26.0,-3.66,36.84,42680536.0,,,33.9,0.25184275184275184,0.23832923832923833,0.6461916461916462,0.3661
QMCO,Quantum Corp,Technology,Computer Hardware,,27.17,-277.09,25.69,-0.05,13.23,7.43,66.12,330.66,3.14,-17.9,1.0,1470000.0,0.65,22.83,Aug 10/a,26.5,899540000.0,HIGH,-8.39,-6.66,0.85,-3.08,0.2037,False,-1.68,True,36.07,7.806,10.206,24.0,93.8,24.0,93.8,22.83,26320005.0,,,16.1,0.371007371007371,0.32555282555282555,0.39680589680589684,0.3651
HRI,Herc Holdings Inc,Industrials,Rental & Leasing Services,95.65,12.79,148.62,20.16,0.43,0.56,6.66,-2.9,28.93,2.04,-25.45,1.67,530120.0,1.24,140.42,Jul 28/b,197.3,4690000000.0,HIGH,-18.89,-4.0,1.37,-13.58,0.2873,False,-7.42,False,-8.73,5.628,5.241,21.0,-16.77,34.0,-5.28,140.42,71556204.0,,,40.5,0.1296068796068796,0.8433660933660934,0.19656019656019652,0.3638
ENR,Energizer Holdings Inc,Industrials,Electrical Equipment & Parts,17.25,6.0,-72.92,1.21,12.619999999999997,1.26,12.01,0.1,19.17,0.78,-33.08,3.0,1040000.0,0.57,20.27,Aug 04/b,21.2,1390000000.0,HIGH,-9.35,-3.48,0.62,-4.04,0.1397,False,-4.85,False,-4.57,3.885,3.256,23.0,-9.43,29.0,-4.02,20.27,20449610.0,,,4.6,0.3415233415233415,0.10687960687960688,0.6474201474201474,0.3629
VENU,Venu Holding Corp,Consumer Cyclical,Restaurants,,,-6.38,6.87,0.84,8.0,11.7,-48.83,-48.38,3.18,-87.46,1.0,636700.0,0.43,1.75,Aug 13/b,6.85,98910000.0,HIGH,-5.41,-8.85,0.62,-0.1,0.1898,False,-7.11,False,-18.08,7.698,4.571,,,22.0,-10.71,1.75,817835.0,,,291.4,0.4950859950859951,0.10687960687960688,0.44226044226044225,0.3628
RUN,Sunrun Inc,Technology,Solar,5.6,19.3,-60.68,52.81,-9.36,1.9799999999999998,29.48,-35.38,-31.379999999999995,2.42,-62.88,1.92,9770000.0,0.7,8.33,Aug 05/a,15.71,2009999999.9999998,HIGH,-15.26,-9.65,0.97,-9.95,0.1806,False,-7.32,False,-17.96,4.963,2.521,,,27.0,-11.19,8.33,63909419.0,,,88.6,0.18673218673218672,0.4785012285012285,0.47911547911547914,0.362
EOSE,Eos Energy Enterprises Inc,Industrials,Electrical Equipment & Parts,,,-14.26,351.4,-6.94,5.82,31.18,-36.96,-33.1,2.85,-80.77,2.27,26370000.0,0.8,3.82,Aug 05/b,6.72,1390000000.0,HIGH,-2.8,-11.16,0.82,2.51,0.3585,True,4.53,False,-1.94,7.825,5.759,5.0,-1.55,28.0,0.0,3.82,95916147.0,,,75.9,0.6068796068796068,0.27825552825552824,0.11793611793611791,0.3616
NEOV,NeoVolta Inc,Industrials,Electrical Equipment & Parts,,,-74.94,0.48,1.21,14.85,9.28,100.56,-1.11,-0.37,-49.93,1.5,2740000.0,0.44,3.57,Sep 23/a,9.75,210140000.0,HIGH,-1.92,-8.93,0.7,3.39,0.2924,False,-1.06,True,21.27,9.834,6.443,10.0,6.89,,,3.57,6495637.0,,,173.1,0.644963144963145,0.15356265356265356,0.19164619164619168,0.3615
FNKO,Funko Inc,Consumer Cyclical,Leisure,,22.43,135.94,7.37,-1.53,-1.52,13.06,1.12,31.72,0.95,-25.989999999999995,1.5,997760.0,1.25,5.44,Aug 06/a,7.94,305110000.0,HIGH,-10.67,-4.23,1.13,-5.36,0.3485,False,-11.15,False,-8.17,6.731,2.39,11.0,-19.29,26.0,3.03,5.44,6794212.0,,,46.0,0.3022113022113022,0.6676904176904177,0.13022113022113024,0.3603
RXST,RxSight Inc,Healthcare,Medical Devices,,,-0.8,0.31,-0.57,6.419999999999999,10.04,29.62,-16.71,1.12,-53.82,3.1,1100000.0,0.57,6.11,Aug 05/a,7.79,253930000.0,HIGH,-5.79,-5.35,0.79,-0.48,0.2318,False,-5.48,True,0.22,6.524,4.177,10.0,-13.4,27.0,0.41,6.11,5172363.0,,,27.5,0.4742014742014742,0.2493857493857494,0.3157248157248157,0.3592
LEU,Centrus Energy Corp,Energy,Uranium,66.73,50.73,-51.88,13.98,-0.04,13.48,28.39,-10.04,-30.240000000000002,1.53,-68.5,1.88,753860.0,1.2,146.25,Aug 05/a,242.93,2920000000.0,HIGH,-20.57,-21.17,1.36,-15.26,0.2771,False,-16.94,False,-16.14,8.694,3.35,12.0,-22.05,27.0,-17.85,146.25,115654237.0,,,66.1,0.10687960687960688,0.8341523341523341,0.2174447174447175,0.3582
KLIC,Kulicke & Soffa Industries Inc,Technology,Semiconductor Equipment & Materials,36.48,13.46,1822.12,122.63,-5.22,1.7500000000000002,4.08,-29.770000000000003,23.43,1.57,-41.49,2.25,1030000.0,0.97,79.45,Aug 05/a,106.67,4160000000.0,HIGH,-21.93,-4.36,1.29,-16.62,0.2527,False,-5.56,False,-14.68,4.037,4.179,53.0,-38.47,27.0,-12.36,79.45,59173086.0,,,34.3,0.09275184275184276,0.7960687960687961,0.2727272727272727,0.3577
GSIT,GSI Technology Inc,Technology,Semiconductors,,,-56.08,0.45999999999999996,-9.51,16.4,12.85,-36.88,-41.48,2.11,-72.56,1.0,776910.0,1.04,4.98,Jul 30/a,9.0,191390000.0,HIGH,-26.55,-11.55,1.77,-21.24,0.3014,False,-12.39,False,-17.07,5.608,5.422,21.0,-26.33,31.0,-11.23,4.98,2567316.0,,,80.7,0.05405405405405406,0.9447174447174447,0.1744471744471745,0.3574
REPL,Replimune Group Inc,Healthcare,Biotechnology,,,23.97,,-2.75,18.65,26.54,47.64,83.61,0.94,-19.72,1.0,4560000.0,0.52,13.11,Aug 14/b,19.43,1240000000.0,HIGH,-10.39,-11.24,0.97,-5.08,0.2478,False,-11.75,True,5.01,6.206,6.522,8.0,-16.34,21.0,-12.42,13.11,35759577.0,,,48.2,0.3108108108108108,0.4785012285012285,0.2893120393120393,0.3547
FIP,FTAI Infrastructure Inc,Industrials,Conglomerates,,,-92.91,56.60000000000001,0.1,-0.65,17.74,-37.76,-42.75,1.9,-55.16,1.0,1180000.0,2.43,3.0,Aug 05/a,9.94,354540000.0,HIGH,-29.41,-12.79,2.66,-24.1,0.3441,False,-16.34,False,-24.17,5.726,10.333,23.0,-31.35,27.0,-12.02,3.0,3802436.0,,,231.3,0.04054054054054054,0.9926289926289926,0.13390663390663393,0.3542
MGTX,MeiraGTx Holdings plc,Healthcare,Biotechnology,18.25,,455.90000000000003,8608.59,-1.55,11.98,5.06,34.31,74.29,1.33,-16.09,1.0,842270.0,0.58,12.88,Aug 13/b,29.43,1240000000.0,HIGH,-6.46,-4.8,0.67,-1.15,0.1879,False,-7.67,False,-2.31,4.616,3.571,21.0,1.66,22.0,1.66,12.88,10262201.0,,,128.5,0.44348894348894347,0.13513513513513514,0.4533169533169533,0.3539
CTRI,Centuri Holdings Inc,Utilities,Utilities - Regulated Gas,63.56,19.94,-33.74,32.86,0.0,-2.41,4.55,-35.52,-33.21,1.01,-54.47,2.71,1730000.0,0.83,19.57,Aug 04/b,29.67,1980000000.0,HIGH,-18.15,-5.46,1.05,-12.84,0.1982,False,-6.77,False,-18.02,3.243,2.81,,,29.0,-10.56,19.57,28754592.0,,,51.6,0.14373464373464373,0.5749385749385749,0.41216216216216217,0.3536
FLOC,Flowco Holdings Inc,Energy,Oil & Gas Equipment & Services,23.35,11.67,371.19,22.07,-40.02,8.9,9.03,-16.43,-13.019999999999998,0.95,-29.82,1.2,656770.0,0.77,19.71,Aug 11/b,30.56,1780000000.0,HIGH,-15.81,-7.2,0.95,-10.5,0.1772,False,-8.45,False,-6.34,4.737,7.458,21.0,-13.4,24.0,-11.73,19.71,11396029.0,,,55.0,0.1762899262899263,0.45454545454545453,0.4864864864864865,0.3528
TRON,Tron Inc,Consumer Cyclical,Leisure,,,-7.580000000000001,16.81,0.0,38.78,17.51,-12.22,2.32,8.66,-66.77,,991770.0,0.59,1.54,-,,732920000.0,HIGH,3.0,-3.44,0.36,8.31,0.5661,False,-11.55,False,-3.06,10.236,3.56,17.0,-4.63,,,1.54,2965351.0,,,,0.8157248157248157,0.03931203931203931,0.041769041769041726,0.3506
RVLV,Revolve Group Inc,Consumer Cyclical,Internet Retail,20.34,18.45,82.45,12.44,-1.32,-2.97,11.98,-0.68,-10.6,1.7,-35.32,1.86,855140.0,0.98,20.49,Aug 04/a,30.85,1460000000.0,HIGH,-11.45,1.79,0.99,-6.14,0.2509,False,-7.94,False,-13.54,4.253,5.515,34.0,-20.4,28.0,-19.01,20.49,18757321.0,,,50.6,0.28132678132678135,0.5073710073710074,0.27764127764127766,0.348
QUBT,Quantum Computing Inc,Technology,Computer Hardware,,,79.73,9000.0,0.0,3.62,32.25,-19.74,9.18,3.75,-69.16,1.57,9960000.0,0.56,7.97,Aug 10/a,18.67,1800000000.0,HIGH,-11.93,-3.04,0.81,-6.62,0.1664,False,-3.32,False,-4.5,4.494,6.775,29.0,-8.81,24.0,-10.75,7.97,56076888.0,,,134.3,0.269041769041769,0.2678132678132678,0.5307125307125307,0.3472
SERV,Serve Robotics Inc,Industrials,Integrated Freight & Logistics,,,-120.28000000000002,404.36000000000007,-2.82,9.48,38.35,-36.44,-51.43,2.51,-76.23,1.5,4170000.0,0.59,4.43,Aug 06/a,10.76,384110000.0,HIGH,-9.59,-9.59,0.64,-4.28,0.1522,False,-7.01,False,-13.09,5.589,3.273,,,26.0,-12.88,4.43,18297311.0,,,142.9,0.33783783783783783,0.1167076167076167,0.5890663390663391,0.3469
ONDS,Ondas Inc,Technology,Communication Equipment,80.87,,-138.72,1235.35,-5.28,17.86,42.88,-22.51,-28.84,2.92,-52.68000000000001,1.0,80880000.0,1.04,7.23,Aug 13/b,19.42,4130000000.0,HIGH,-19.67,-5.12,1.37,-14.36,0.3289,False,-9.38,False,-9.32,5.775,6.639,26.0,-17.28,22.0,-18.86,7.23,493853603.0,,,168.6,0.11547911547911548,0.8433660933660934,0.14987714987714984,0.3442
OPTX,Syntec Optics Holdings Inc,Technology,Electronic Components,,,169.89,26.14,0.03,76.85,20.67,-48.83,1.95,-0.73,-54.559999999999995,,510040.0,0.62,6.78,May 18/a,,273100000.0,HIGH,-24.75,-12.63,1.49,-19.44,0.3122,False,-15.15,False,-14.66,9.435,6.49,20.0,-23.04,,,6.78,1699464.0,,,,0.0687960687960688,0.8894348894348895,0.16584766584766586,0.3441
MFP,Midera Food Processing Inc,Industrials,Specialty Industrial Machinery,,16.07,,,1.66,118.26,3.59,,,,-21.05,2.0,915570.0,0.53,41.51,Aug 13/a,46.67,1880000000.0,HIGH,-7.76,-3.26,0.89,-2.45,0.2688,False,-9.07,False,-7.64,6.355,6.167,14.0,-14.85,21.0,-3.64,41.51,24822949.0,,,12.4,0.3906633906633907,0.3783783783783784,0.24078624078624078,0.342
UTI,Universal Technical Institute Inc,Consumer Defensive,Education & Training Services,33.05,27.37,-78.77,7.15,-66.01,11.25,10.26,-48.06,-43.53,1.18,-60.4,1.0,1360000.0,1.61,20.33,Aug 05/a,41.86,1120000000.0,HIGH,-22.26,-5.84,1.31,-16.95,0.2797,False,-7.83,False,-36.55,6.187,6.542,52.0,-52.47,27.0,-27.05,20.33,36950356.0,,,105.9,0.09090909090909091,0.8065110565110565,0.20884520884520885,0.341
BTBT,Bit Digital Inc,Financial,Capital Markets,,,-530.2,25.15,0.0,8.15,22.37,-12.64,-5.88,3.85,-66.59,1.0,28810000.0,0.88,1.52,Aug 13/b,4.2,548170000.0,HIGH,-5.0,-10.59,0.73,0.31,0.2588,False,-0.99,True,1.2,8.102,6.579,7.0,9.35,22.0,4.11,1.52,53192248.0,,,176.3,0.5171990171990172,0.18120393120393122,0.26535626535626533,0.3408
BRBR,Bellring Brands Inc,Consumer Defensive,Packaged Foods,6.47,6.96,78.73,4.18,0.27,6.39,10.17,4.43,-45.34,0.41,-76.27,1.94,4710000.0,0.53,9.2,Aug 04/b,14.71,1070000000.0000001,HIGH,-9.63,-6.03,0.87,-4.32,0.2206,False,-10.13,False,-20.34,5.585,3.804,49.0,-31.6,29.0,-27.84,9.2,29340712.0,,,59.9,0.33292383292383293,0.3495085995085995,0.34029484029484025,0.3401
EDIT,Editas Medicine Inc,Healthcare,Biotechnology,,,75.77,232.31,-0.19,24.22,21.82,9.6,12.3,1.99,-39.61,2.27,2380000.0,0.71,2.74,Aug 05/a,4.88,420810000.0,HIGH,-3.52,-9.57,0.61,1.79,0.2628,False,-9.2,False,-7.7,7.716,5.657,12.0,-13.84,27.0,-0.36,2.74,8422961.0,,,78.1,0.581081081081081,0.10135135135135136,0.2567567567567568,0.3399
HLLY,Holley Inc,Consumer Cyclical,Auto Parts,32.23,6.99,-122.27,3.2099999999999995,0.0,1.6099999999999999,4.48,6.67,-9.63,1.38,-39.29,1.78,973300.0,0.91,2.72,Aug 05/b,4.58,326780000.0,HIGH,-10.82,-8.72,0.84,-5.51,0.1939,False,-7.45,False,-3.64,5.213,4.044,26.0,-9.63,28.0,-3.89,2.72,2999781.0,,,68.4,0.2972972972972973,0.30773955773955775,0.4275184275184275,0.3395
EXYN,Exyn Technologies Inc,Technology,Software - Infrastructure,,,,,0.0,14.679999999999998,7.05,-57.43000000000001,,,-65.0,1.0,663600.0,0.19,2.52,Aug 19/a,10.0,20050000.0,HIGH,2.86,-5.62,0.1,8.17,0.8043,False,-7.81,False,-21.33,17.489,10.317,14.0,9.57,17.0,59.49,2.52,3335203.0,,,296.8,0.8132678132678133,0.02334152334152334,0.019656019656019708,0.3382
INOD,Innodata Inc,Technology,Information Technology Services,41.88,33.8,102.69,57.8,-49.63,11.36,14.66,-45.25,29.98,3.01,-55.86,1.33,1250000.0,0.79,55.24,Aug 06/a,123.67,1900000000.0,HIGH,-14.09,-1.57,1.04,-8.78,0.2538,False,-3.93,False,-9.81,4.177,6.535,29.0,-12.68,26.0,-11.37,55.24,55124438.0,,,123.9,0.21007371007371006,0.5651105651105651,0.2696560196560197,0.3345
SHAK,Shake Shack Inc,Consumer Cyclical,Restaurants,66.94,45.64,-8.66,17.16,2.61,-13.33,9.38,9.09,-26.93,1.67,-40.9,2.0,1700000.0,0.64,63.51,Aug 05/b,82.04,2720000000.0,HIGH,-14.4,-5.77,1.03,-9.09,0.2464,False,-8.84,False,-3.14,4.383,2.669,16.0,-14.0,28.0,-4.09,63.51,72753092.0,,,29.2,0.20147420147420148,0.5540540540540541,0.2923832923832924,0.3345
SMRT,SmartRent Inc,Technology,Software - Application,,,49.04,4.01,3.44,1.24,4.62,1.7500000000000002,-30.54,1.64,-47.27,3.0,1840000.0,0.54,1.16,Aug 05/b,1.45,222270000.0,HIGH,-21.62,-10.08,1.26,-16.31,0.2794,False,-12.65,False,-3.09,4.649,2.586,21.0,-19.44,28.0,10.48,1.16,1046406.0,,,25.0,0.09828009828009827,0.7733415233415234,0.2106879606879607,0.3345
GSHD,Goosehead Insurance Inc,Financial,Insurance Brokers,43.65,22.33,122.15,20.59,-11.48,-3.1400000000000006,8.57,62.71,35.64,1.44,-28.98,2.4,507060.0,0.53,59.91,Jul 22/a,68.29,2130000000.0,HIGH,-6.97,-3.87,0.9,-1.66,0.3293,False,-9.88,False,-4.37,5.353,3.814,16.0,-15.26,37.0,16.56,59.91,19526716.0,,,14.0,0.4250614250614251,0.39127764127764125,0.14864864864864868,0.332
CNTB,Connect Biopharma Holdings Ltd,Healthcare,Biotechnology,,,-18.29,5666.67,2.93,5.94,11.71,-18.63,-35.87,-0.21,-54.84,1.0,659250.0,4.08,1.73,Aug 12/a,7.27,108620000.0,HIGH,-30.72,-9.69,2.39,-25.41,0.4628,False,-22.38,False,-22.91,16.77,13.913,8.0,-26.91,22.0,-25.97,1.73,2407134.0,,,320.2,0.038083538083538086,0.9901719901719902,0.0626535626535627,0.3311
PDFS,PDF Solutions Inc,Technology,Software - Application,169.61,25.97,250.0,18.95,-0.11,21.03,8.14,-33.26,34.75,1.67,-40.28,1.43,630210.0,1.07,42.81,Aug 06/a,61.71,1810000000.0,HIGH,-18.92,-10.51,1.06,-13.61,0.2196,False,-5.99,False,-11.78,5.836,7.428,53.0,-35.06,26.0,-6.73,42.81,28943266.0,,,44.1,0.1246928746928747,0.5884520884520884,0.34643734643734647,0.3303
CALX,Calix Inc,Technology,Software - Infrastructure,46.24,15.09,8525.81,21.27,-1.6399999999999997,0.36,8.18,-9.48,-31.28,1.31,-51.21,1.22,1150000.0,0.75,34.75,Jul 20/a,62.33,2190000000.0,HIGH,-12.07,-1.67,0.89,-6.76,0.2155,False,-7.83,False,-8.39,3.061,2.475,18.0,-11.26,39.0,-7.26,34.75,32978624.0,,,79.4,0.2635135135135135,0.3783783783783784,0.3654791154791155,0.3286
TNDM,Tandem Diabetes Care Inc,Healthcare,Medical Devices,,118.43,60.75000000000001,5.59,-0.02,-0.3,17.1,1.27,-22.14,1.66,-43.31,1.96,1870000.0,1.17,16.81,Aug 06/a,29.16,1170000000.0,HIGH,-24.47,-15.44,1.47,-19.16,0.3647,False,-19.52,False,-13.37,6.204,6.068,19.0,-24.47,26.0,-10.54,16.81,31149334.0,,,73.5,0.07248157248157248,0.8832923832923832,0.11302211302211307,0.3279
ALM,Almonty Industries Inc,Basic Materials,Other Industrial Metals & Mining,59.95,10.17,235.56,497.88999999999993,0.0,16.16,11.24,-16.86,-25.290000000000003,1.38,-39.78,1.0,6550000.0,1.0,14.7,Aug 11/a,26.68,4240000000.0,HIGH,-10.15,-23.12,0.96,-4.84,0.285,False,-15.87,False,-4.04,8.662,6.959,5.0,-16.33,23.0,10.61,14.7,118299316.0,,,81.5,0.32125307125307123,0.4643734643734644,0.2002457002457002,0.3279
CERS,Cerus Corp,Healthcare,Medical Devices,,,50.67,9.53,-10.4,-0.33,9.29,-0.39,50.89,1.82,-26.51,1.0,2470000.0,0.55,2.55,Jul 30/a,5.12,513890000.0,HIGH,-14.14,0.39,0.91,-8.83,0.199,False,-4.24,False,-8.1,3.389,4.706,52.0,-12.67,31.0,18.6,2.55,3993498.0,,,100.8,0.20884520884520885,0.40724815724815727,0.40663390663390664,0.3277
ADTN,ADTRAN Holdings Inc,Technology,Communication Equipment,,12.09,46.59,6.07,-2.2,5.03,17.28,-53.87,-29.18,1.48,-64.76,1.44,2069999.9999999998,0.79,7.04,Aug 04/b,14.7,573630000.0,HIGH,-18.71,-7.12,1.01,-13.4,0.21,False,-8.02,False,-23.01,4.931,5.256,,,29.0,-19.63,7.04,12540876.0,,,108.8,0.1339066339066339,0.5313267813267813,0.3753071253071253,0.3256
ENOV,Enovis Corp,Healthcare,Medical Devices,,4.93,96.78,3.2300000000000004,2.03,3.11,16.17,-16.42,-20.75,1.14,-46.85,1.23,1320000.0,2.34,18.22,Aug 06/b,38.33,1050000000.0,HIGH,-26.35,-8.81,1.96,-21.04,0.5652,False,-19.57,False,-27.78,7.28,9.276,30.0,-37.5,27.0,-30.75,18.22,32783629.0,,,110.4,0.05528255528255528,0.9680589680589681,0.04299754299754299,0.3254
LBRT,Liberty Energy Inc,Energy,Oil & Gas Equipment & Services,26.53,117.75,-40.52,14.01,-1.49,5.24,9.45,-32.35,-35.37,0.71,-43.36,1.77,4340000.0,0.79,19.53,Jul 22/a,28.81,3190000000.0,HIGH,-12.19,-8.74,0.91,-6.88,0.2274,False,-2.72,False,-6.95,4.921,6.068,,,37.0,-0.46,19.53,66290778.0,,,47.5,0.26044226044226043,0.40724815724815727,0.32432432432432434,0.3236
MBX,MBX Biosciences Inc,Healthcare,Biotechnology,,,-33.99,,-0.3,1.55,13.62,67.53,112.46000000000001,0.1,-18.1,1.08,687100.0,0.47,59.49,Aug 06/b,88.36,2870000000.0,HIGH,-12.84,-5.56,0.85,-7.53,0.1975,False,-6.97,False,-6.46,4.774,2.269,29.0,-7.64,27.0,-11.35,59.49,24337871.0,,,48.5,0.24692874692874692,0.32555282555282555,0.41584766584766586,0.3212
BKV,BKV Corp,Energy,Oil & Gas E&P,8.57,13.01,-45.16,45.28,-0.24,6.480000000000001,19.05,-4.95,-17.15,1.05,-27.399999999999995,1.08,1310000.0,0.97,23.82,Aug 06/b,33.67,2610000000.0,HIGH,-9.6,-10.99,0.57,-4.29,0.1656,False,-5.02,False,-5.67,4.742,3.401,5.0,-8.6,27.0,3.57,23.82,55785395.0,,,41.4,0.3366093366093366,0.08046683046683047,0.5356265356265356,0.3195
GANX,Gain Therapeutics Inc,Healthcare,Biotechnology,,,43.08,,0.0,1.2,6.6,3.5699999999999994,-28.4,0.19,-59.91,1.0,771300.0,0.47,1.74,Aug 11/b,7.2,75940000.0,HIGH,-14.71,-4.92,1.01,-9.4,0.2538,False,-6.43,False,-4.87,4.869,4.023,24.0,-1.69,24.0,-1.69,1.74,657351.0,,,313.8,0.19656019656019655,0.5313267813267813,0.2696560196560197,0.3189
TE,T1 Energy Inc,Industrials,Electrical Equipment & Parts,,,24.39,88.4,-33.58,13.44,27.83,-48.59,-42.65,2.34,-65.01,1.5,33070000.0,0.48,4.37,Aug 12/b,9.25,1290000000.0,HIGH,-10.45,-13.64,0.79,-5.14,0.2024,False,-4.75,False,-17.08,8.516,4.233,,,23.0,-10.82,4.37,91756244.0,,,111.7,0.3083538083538084,0.2493857493857494,0.39926289926289926,0.3179
AURA,Aura Biosciences Inc,Healthcare,Biotechnology,,,-3.3099999999999996,,-10.38,41.92,14.2,9.36,18.01,0.4,-26.479999999999997,1.0,670840.0,0.7,7.01,Aug 11/b,16.6,726980000.0,HIGH,-8.72,-4.76,0.58,-3.41,0.1755,False,-6.75,False,-4.45,4.478,3.138,19.0,-8.72,24.0,-8.96,7.01,6139169.0,,,136.8,0.35872235872235875,0.08353808353808354,0.49508599508599505,0.3171
SPRY,ARS Pharmaceuticals Inc,Healthcare,Biotechnology,,,-37.56,114.14999999999999,-0.08,-4.62,35.57,-53.89000000000001,-46.36,0.83,-65.78,1.0,2009999.9999999998,1.08,4.5,Aug 13/a,23.5,447510000.0,HIGH,-27.88,-16.51,1.42,-22.57,0.3513,False,-20.19,False,-26.69,6.929,9.889,18.0,-28.57,21.0,-20.35,4.5,8559712.0,,,422.2,0.05036855036855037,0.8624078624078624,0.12653562653562656,0.3168
PTLO,Portillos Inc,Consumer Cyclical,Restaurants,21.18,17.2,-23.84,5.57,1.9799999999999998,-8.65,14.92,-8.56,-23.83,1.57,-40.56,2.33,1260000.0,1.0,4.06,Aug 05/a,6.22,308330000.0,HIGH,-18.31,-8.14,1.1,-13.0,0.2723,False,-10.96,False,-11.62,4.66,2.586,22.0,-14.71,27.0,-7.31,4.06,5210280.0,,,53.2,0.13882063882063883,0.6394348894348895,0.22850122850122845,0.3159
AMRC,Ameresco Inc,Industrials,Engineering & Construction,43.56,13.56,-25.72,9.14,0.26,3.16,15.6,-19.17,-8.22,2.6,-49.52,1.67,653100.0,1.42,22.68,Aug 03/a,42.7,1200000000.0,HIGH,-20.42,-5.22,1.2,-15.11,0.2974,False,-1.7,False,-4.49,5.455,4.233,20.0,-18.71,29.0,-0.22,22.68,17595436.0,,,88.3,0.10810810810810811,0.7303439803439803,0.17690417690417692,0.3154
OMDA,Omada Health Inc,Healthcare,Health Information Services,311.55,45.94,189.42,43.12,-1.04,13.23,19.07,19.6,41.09,2.07,-23.83,1.42,1300000.0,0.77,20.5,Aug 06/a,28.42,1250000000.0,HIGH,-13.68,-7.57,0.93,-8.37,0.2367,False,-10.99,False,-9.23,6.016,5.634,25.0,-13.39,26.0,4.91,20.5,24536726.0,,,38.6,0.22727272727272727,0.4318181818181818,0.31081081081081086,0.3137
BOOT,Boot Barn Holdings Inc,Consumer Cyclical,Apparel Retail,18.07,14.17,31.920000000000005,17.75,-0.1,1.73,10.27,-16.28,-12.960000000000003,1.74,-32.06,1.29,666890.0,0.73,142.84,Jul 29/a,221.5,4330000000.0,HIGH,-12.97,-6.4,0.87,-7.66,0.213,False,-7.31,False,-8.44,3.61,2.709,18.0,-9.65,32.0,-5.34,142.84,87095598.0,,,55.1,0.24324324324324326,0.3495085995085995,0.371007371007371,0.3135
LVWR,LiveWire Group Inc,Consumer Cyclical,Recreational Vehicles,,,4.0,55.2,-0.18,0.15,28.76,-7.5600000000000005,-37.14,1.66,-82.92,3.0,4260000.0,0.06,1.1,Jul 23/b,7.25,225950000.0,HIGH,-4.35,-10.57,0.6,0.96,0.2736,False,-8.98,False,-8.16,11.519,9.091,33.0,-43.59,37.0,42.86,1.1,546078.0,,,559.1,0.5442260442260443,0.09398034398034398,0.22542997542997545,0.3135
BC,Brunswick Corp,Consumer Cyclical,Recreational Vehicles,,12.98,86.57,7.66,-2.91,0.9399999999999998,7.47,-15.039999999999997,1.78,1.36,-22.28,2.14,708290.0,0.96,70.14,Jul 30/b,90.94,4540000000.0,HIGH,-14.78,-2.52,0.96,-9.47,0.2311,False,-8.12,False,-10.74,3.601,1.825,29.0,-11.65,32.0,-12.05,70.14,53884104.0,,,29.7,0.19533169533169534,0.4643734643734644,0.31695331695331697,0.3125
DNLI,Denali Therapeutics Inc,Healthcare,Biotechnology,,,5.93,,-0.18,2.29,11.12,-2.03,3.16,1.02,-22.27,1.15,1600000.0,0.67,21.22,Aug 06/a,36.06,3390000000.0,HIGH,-12.85,-3.89,0.92,-7.54,0.2451,False,-9.49,False,-11.58,3.419,2.922,18.0,-12.71,26.0,-14.19,21.22,27127905.0,,,69.9,0.2457002457002457,0.4189189189189189,0.29484029484029484,0.3124
FATE,Fate Therapeutics Inc,Healthcare,Biotechnology,,,12.839999999999998,9.18,-2.39,-1.8900000000000001,7.98,13.59,100.0,2.53,-27.55,1.91,2800000.0,0.23,2.34,Aug 13/b,6.19,280380000.0,HIGH,-10.69,-6.4,0.53,-5.38,0.1583,False,-4.94,False,-10.26,5.159,5.128,47.0,-20.14,22.0,-7.14,2.34,3040103.0,,,164.5,0.300982800982801,0.07063882063882064,0.5638820638820639,0.3107
LIDR,AEye Inc,Technology,Software - Infrastructure,,,54.96,818.18,-0.38,-8.69,4.25,-23.12,-22.64,2.7,-69.25,1.0,3120000.0,0.22,1.23,Aug 06/a,4.39,57180000.0,HIGH,-3.91,-7.52,0.09,1.4,0.2604,False,-3.53,False,-2.07,8.014,4.065,9.0,6.96,26.0,0.82,1.23,11044149.0,,,256.9,0.5644963144963145,0.022113022113022112,0.2598280098280098,0.3104
FBIO,Fortress Biotech Inc,Healthcare,Biotechnology,0.95,,-117.40000000000002,14.04,0.0,3.06,23.62,-8.66,-18.39,1.23,-44.15,1.0,579290.0,0.39,2.53,Aug 13/a,5.0,84370000.0,HIGH,-10.28,-6.64,0.6,-4.97,0.1697,False,-7.83,False,-15.27,3.868,3.162,44.0,-23.33,21.0,-13.65,2.53,1045317.0,,,97.6,0.31388206388206386,0.09398034398034398,0.5165847665847666,0.3087
FWRD,Forward Air Corp,Industrials,Integrated Freight & Logistics,,70.72,-1443.46,8.76,0.0,-0.53,7.48,25.21,5.63,1.4,-46.46,2.2,838320.0,0.52,16.69,Aug 05/a,28.0,563810000.0,HIGH,-13.61,-3.36,0.88,-8.3,0.2169,False,-3.85,True,3.75,4.776,4.494,23.0,-10.27,27.0,8.31,16.69,8528705.0,,,67.8,0.2285012285012285,0.36363636363636365,0.35995085995085996,0.3085
AMBQ,Ambiq Micro Inc,Technology,Semiconductors,,,29.770000000000003,89.68,-9.31,35.04,9.03,-29.64,135.06,5.42,-34.93,1.67,575500.0,0.62,59.61,Aug 11/b,85.67,1440000000.0,HIGH,-12.16,-0.02,0.81,-6.85,0.1986,False,-0.05,False,-10.75,5.464,4.513,,,24.0,-6.74,59.61,26401634.0,,,43.7,0.2616707616707617,0.2678132678132678,0.40909090909090906,0.3077
VSH,Vishay Intertechnology Inc,Technology,Semiconductors,160.92,17.22,1193.88,16.57,0.0,14.24,11.09,-48.13,78.76,1.79,-55.66,1.89,5710000.0,0.48,30.8,Aug 05/b,39.6,4720000000.0,HIGH,-13.43,-2.13,0.74,-8.12,0.1697,False,-2.32,False,-12.31,4.821,6.721,,,28.0,-7.17,30.8,117517098.0,,,28.6,0.2321867321867322,0.19963144963144963,0.5165847665847666,0.3077
BIOA,BioAge Labs Inc,Healthcare,Drug Manufacturers - Specialty & Generic,,,3.2400000000000007,1.6200000000000003,-0.4699999999999999,9.71,8.8,-52.99,-54.7,1.0,-67.33,1.44,871910.0,0.65,8.48,Aug 05/a,35.62,389200000.0,HIGH,-18.46,-9.74,1.04,-13.15,0.2528,False,-11.6,False,-43.11,5.804,2.889,51.0,-65.05,27.0,-22.77,8.48,5208367.0,,,320.0,0.1375921375921376,0.5651105651105651,0.27149877149877155,0.306
QNST,QuinStreet Inc,Communication Services,Advertising Agencies,13.19,9.88,499.82,42.67,-16.29,-0.22,9.32,49.76,48.55,0.71,-17.09,1.0,858360.0,0.66,18.48,Aug 06/a,22.4,1050000000.0,HIGH,-8.42,2.21,0.67,-3.11,0.2061,False,-4.54,True,2.39,4.368,4.167,26.0,21.42,26.0,21.42,18.48,16442091.0,,,21.2,0.36855036855036855,0.13513513513513514,0.38943488943488946,0.3048
HOS,Hornbeck Offshore Services Inc,Industrials,Marine Shipping,53.4,15.06,354.29,0.57,0.0,20.24,5.52,-12.83,-3.74,1.22,-23.72,2.0,1730000.0,1.68,8.49,Aug 06/b,11.67,1600000000.0,HIGH,-19.45,-6.5,1.07,-14.14,0.2669,False,-13.62,False,-11.96,5.578,6.125,9.0,-17.57,27.0,-8.91,8.49,20352358.0,,,37.5,0.11793611793611794,0.6031941031941032,0.2469287469287469,0.3022
ASPI,ASP Isotopes Inc,Basic Materials,Specialty Chemicals,,,73.38,327.51,-5.21,-0.48,18.62,-51.300000000000004,-39.58,3.65,-77.98,1.0,3940000.0,0.98,3.19,Jun 03,13.0,489050000.0,HIGH,-20.65,-24.41,1.08,-15.34,0.2661,False,-17.82,False,-22.93,7.562,4.075,,,,,3.19,13734308.0,,,307.5,0.10503685503685503,0.6167076167076168,0.24938574938574942,0.3018
TTI,Tetra Technologies Inc,Energy,Oil & Gas Equipment & Services,158.19,19.03,-14.05,6.78,-0.19,17.74,6.94,-37.79,-21.29,1.25,-48.41,1.4,1830000.0,1.2,6.47,Aug 03/a,11.7,958040000.0,HIGH,-23.16,-9.26,1.11,-17.85,0.2676,False,-7.98,False,-19.22,4.261,5.1,54.0,-40.48,29.0,-17.05,6.47,13883501.0,,,80.8,0.08353808353808354,0.6486486486486487,0.2432432432432432,0.301
QTTB,Q32 Bio Inc,Healthcare,Biotechnology,3.64,,43.46,,74.08,5.47,16.93,-13.69,59.97,0.3,-53.71,1.0,1160000.0,0.75,10.91,Aug 05/b,41.0,324780000.0,HIGH,-31.6,-6.67,1.59,-26.29,0.6037,False,-22.66,False,-26.46,7.424,5.958,45.0,-2.68,28.0,-32.47,10.91,7251744.0,,,275.8,0.036855036855036855,0.9152334152334153,0.03439803439803435,0.2996
AMPX,Amprius Technologies Inc,Industrials,Electrical Equipment & Parts,,195.11,32.31,125.87000000000002,-17.89,9.07,17.0,-43.78,-48.91,2.35,-62.14999999999999,1.0,6110000.0,0.73,9.17,Aug 04/a,23.7,1340000000.0,HIGH,-20.81,-11.74,1.0,-15.5,0.2221,False,-8.72,False,-13.08,5.035,5.125,21.0,-23.2,28.0,-15.17,9.17,44942136.0,,,158.5,0.10196560196560196,0.5202702702702703,0.33660933660933656,0.2979
RELY,Remitly Global Inc,Technology,Software - Infrastructure,16.01,20.89,3025.84,20.23,-7.829999999999999,3.83,8.76,16.61,45.9,0.39,-19.03,1.08,3620000.0,0.96,22.25,Aug 05/a,32.15,4710000000.0,HIGH,-15.4,-10.39,0.97,-10.09,0.2543,False,-12.18,False,-9.16,5.134,3.64,8.0,-13.46,27.0,-7.56,22.25,89763263.0,,,44.5,0.18304668304668303,0.4785012285012285,0.2665847665847666,0.2967
LABT,Lakewood-Amedex Biotherapeutics Inc,Healthcare,Biotechnology,,,-769.45,,0.0,62.45,3.89,-72.37,,,-97.84,,1860000.0,0.03,2.12,Sep 02,12.0,5020000.0,HIGH,-1.85,-2.75,0.04,3.46,0.3689,False,-5.34,False,-8.02,15.398,10.377,10.0,-7.83,,,2.12,3133199.0,,,466.0,0.6486486486486487,0.013513513513513514,0.10933660933660938,0.2963
FUL,H.B. Fuller Company,Basic Materials,Specialty Chemicals,15.14,9.57,61.75999999999999,5.81,-2.16,-2.85,5.67,-19.9,-6.06,0.98,-25.730000000000004,1.67,749810.0,0.83,50.97,Sep 23/a,73.29,2740000000.0,HIGH,-19.83,-3.9,1.03,-14.52,0.2507,False,-8.81,False,-10.43,2.944,1.413,21.0,-15.26,,,50.97,33049507.0,,,43.8,0.11425061425061425,0.5540540540540541,0.28071253071253066,0.2961
NNE,Nano Nuclear Energy Inc,Industrials,Specialty Industrial Machinery,,,0.9199999999999999,,-15.61,0.62,33.36,-31.45,-30.37,5.46,-73.9,1.29,2170000.0,0.69,15.89,Aug 12/a,40.57,853270000.0,HIGH,-18.89,-17.88,0.93,-13.58,0.2117,False,-12.5,False,-11.39,6.963,3.417,22.0,-16.41,22.0,-16.41,15.89,29091116.0,,,155.3,0.1296068796068796,0.4318181818181818,0.37346437346437344,0.2934
RH,RH,Consumer Cyclical,Specialty Retail,23.86,14.86,16.76,2.56,-4.08,4.51,31.5,-12.33,4.52,1.9,-46.0,2.57,835780.0,1.16,134.17,Sep 10/a,160.69,2540000000.0,HIGH,-23.72,-5.81,1.17,-18.41,0.3184,False,-9.77,False,-19.19,5.415,7.774,26.0,-28.62,2.0,0.11,134.17,119404564.0,,,19.8,0.07862407862407862,0.7063882063882064,0.16277641277641275,0.2922
RR,Richtech Robotics Inc,Industrials,Specialty Industrial Machinery,,,-34.04,16.65,0.0,4.25,25.24,-23.47,-29.439999999999998,-0.5,-78.06,3.0,6930000.0,0.42,1.63,Sep 02,2.0,366920000.0,HIGH,-5.23,-6.32,0.47,0.08,0.2673,False,-6.31,False,-2.99,8.37,5.521,14.0,0.62,,,1.63,10993195.0,,,22.7,0.5055282555282555,0.05466830466830467,0.24447174447174447,0.292
LINC,Lincoln Educational Services Corp,Consumer Defensive,Education & Training Services,34.35,24.16,24.55,22.4,-10.32,7.090000000000001,7.22,-45.89,-33.61,0.82,-55.67999999999999,1.0,824890.0,0.8,24.97,Aug 10/b,50.67,792080000.0,HIGH,-13.06,0.64,0.69,-7.75,0.173,False,-2.08,False,-30.49,4.88,5.767,50.0,-52.28,25.0,-18.85,24.97,24475450.0,,,102.9,0.24078624078624078,0.14434889434889434,0.5061425061425062,0.2915
ZURA,Zura Bio Ltd,Healthcare,Biotechnology,,,-22.29,,0.0,8.77,22.04,40.81,-15.560000000000002,-0.01,-29.969999999999995,1.0,1320000.0,0.79,5.21,Aug 11/b,18.83,499270000.0,HIGH,-8.27,-15.01,0.62,-2.96,0.217,False,-9.92,False,-6.73,7.074,4.031,15.0,-10.94,24.0,-6.29,5.21,9906184.0,,,261.4,0.37714987714987713,0.10687960687960688,0.35749385749385754,0.2902
BETR,Better Home & Finance Holding Co,Financial,Mortgage Finance,,,31.33,17.19,2.24,13.61,48.77,-51.849999999999994,-62.95,1.73,-86.43,1.5,530270.0,0.62,12.77,Aug 06/a,25.71,242670000.0,HIGH,-5.72,-6.14,0.54,-0.41,0.2648,False,-2.11,False,-29.69,9.934,5.797,52.0,-53.58,26.0,-17.43,12.77,7900181.0,,,101.3,0.47788697788697787,0.07493857493857493,0.25184275184275184,0.2892
ADEA,Adeia Inc,Technology,Software - Application,22.79,15.41,1.81,12.11,-3.16,5.35,7.11,-22.74,8.21,2.18,-28.190000000000005,1.25,1270000.0,0.82,24.66,Aug 03/a,43.0,2720000000.0,HIGH,-10.46,0.79,0.71,-5.15,0.2055,True,0.18,False,-1.83,3.607,1.872,28.0,-3.89,28.0,-3.89,26.71,21444080.0,,,61.0,0.3058968058968059,0.16277641277641278,0.3906633906633906,0.2884
AVTX,Avalo Therapeutics Inc,Healthcare,Biotechnology,,,56.50999999999999,,-6.84,118.01000000000002,25.77,9.62,2.41,0.69,-33.33,1.0,1230000.0,0.74,16.18,Aug 06/b,44.91,867740000.0,HIGH,-18.9,-17.91,1.02,-13.59,0.267,False,-15.4,False,-14.89,6.29,2.534,18.0,-17.91,27.0,-13.48,16.18,16802322.0,,,177.6,0.12714987714987716,0.5423832923832924,0.24570024570024573,0.2873
FRPT,Freshpet Inc,Consumer Defensive,Packaged Foods,16.81,34.32,19.15,15.45,-30.630000000000003,4.88,17.19,21.1,-16.75,1.77,-25.85,1.68,1340000.0,0.65,63.77,Aug 05/b,83.2,3060000000.0,HIGH,-12.22,-5.22,0.79,-6.91,0.2166,False,-9.98,False,-1.7,4.033,3.669,15.0,-13.78,28.0,2.23,63.77,78141736.0,,,30.5,0.257985257985258,0.2493857493857494,0.3624078624078624,0.2867
STUB,Stubhub Holdings Inc,Communication Services,Internet Content & Information,,10.73,99.95,33.18,-1.23,8.93,9.39,-46.86,-19.02,3.55,-78.16,2.13,7160000.0,0.76,6.09,Aug 12/a,11.29,2330000000.0,HIGH,-14.47,-0.33,0.88,-9.16,0.2269,False,-6.24,False,-26.58,4.743,3.941,50.0,-52.64,22.0,-20.7,6.09,40392911.0,,,85.4,0.19901719901719903,0.36363636363636365,0.3255528255528255,0.2864
LCID,Lucid Group Inc,Consumer Cyclical,Auto Manufacturers,,,-17.83,56.24,-0.0,9.44,48.43,-20.0,-57.98,0.99,-83.51,2.92,16530000.000000002,0.96,4.16,Aug 04/a,7.0,1640000000.0,HIGH,-33.12,-10.15,1.38,-27.81,0.4844,False,-16.21,False,-30.57,7.89,5.048,34.0,-36.0,28.0,-37.91,4.16,56700703.0,,,68.3,0.030712530712530713,0.8513513513513513,0.05896805896805901,0.2854
STTK,Shattuck Labs Inc,Healthcare,Biotechnology,,,52.190000000000005,,-0.15,32.9,6.46,25.509999999999998,3.51,1.11,-25.569999999999997,1.0,1250000.0,0.66,6.2,Aug 11/b,15.25,622250000.0,HIGH,-16.1,-4.62,1.06,-10.79,0.3406,False,-12.52,False,-12.65,5.053,2.903,14.0,-21.52,24.0,-13.17,6.2,5497673.0,,,146.0,0.16707616707616707,0.5884520884520884,0.1351351351351351,0.2839
EROC,ERock Inc,Industrials,Specialty Industrial Machinery,,,,,0.0,32.61,27.94,-33.57,,,-45.6,1.12,2350000.0,1.51,11.26,Aug 11/a,22.5,2470000000.0,HIGH,-35.29,-18.05,1.38,-29.98,0.46,False,-13.19,False,-8.77,10.105,7.282,23.0,0.09,23.0,0.09,11.26,34343947.0,,,99.8,0.022113022113022112,0.8513513513513513,0.06511056511056512,0.2838
TROX,Tronox Holdings plc,Basic Materials,Chemicals,,,-101.93,18.74,0.0,7.449999999999999,16.85,-46.13,-38.11,0.89,-59.209999999999994,3.2,2660000.0,0.98,4.32,Aug 05/a,7.05,689900000.0,HIGH,-25.26,-10.0,1.18,-19.95,0.3484,False,-16.44,False,-24.89,5.737,2.778,27.0,-26.15,27.0,-26.15,4.32,11373622.0,,,63.2,0.06511056511056511,0.714987714987715,0.1314496314496314,0.28
PHR,Phreesia Inc,Healthcare,Health Information Services,61.69,16.19,189.62,10.41,116.12,-0.5,5.15,15.010000000000002,-5.01,0.84,-58.8,1.95,871250.0,0.71,10.42,Sep 02/a,13.94,646780000.0,HIGH,-10.02,1.96,0.76,-4.71,0.2508,False,-8.32,False,-7.13,4.369,3.407,22.0,-15.01,7.0,-6.13,10.42,9317330.0,,,33.8,0.32432432432432434,0.2199017199017199,0.2788697788697788,0.2794
RXO,RXO Inc,Industrials,Trucking,,31.63,0.75,25.019999999999996,0.0,-1.28,8.97,-31.36,60.56,2.0,-34.92,2.67,1810000.0,0.73,19.46,Aug 06/b,24.53,3210000000.0,HIGH,-17.01,-2.31,0.91,-11.7,0.236,False,-7.77,False,-16.39,5.376,4.573,39.0,-32.59,27.0,-3.85,19.46,30339443.0,,,26.1,0.15724815724815724,0.40724815724815727,0.312039312039312,0.2787
GLND,Greenland Energy Co,Energy,Oil & Gas E&P,,,-601.95,,1.04,56.269999999999996,6.28,-55.64,-87.08,-2.56,-94.7,1.0,1160000.0,0.21,1.22,-,6.0,53350000.0,HIGH,-4.69,-6.15,0.33,0.62,0.2953,False,-9.8,False,-31.44,8.255,3.279,,,,,1.22,965708.0,,,391.8,0.5294840294840295,0.038083538083538086,0.1842751842751843,0.2785
BRUN,Boost Run Inc,Technology,Software - Infrastructure,,19.34,-2453.81,,-0.42,252.3,11.9,-52.88,34.29,3.87,-65.31,1.0,1940000.0,1.45,14.57,Aug 14/b,45.0,1220000000.0,HIGH,-35.62,-22.58,1.3,-30.31,0.3965,False,-19.6,False,-30.68,11.147,9.732,,,21.0,-35.39,14.57,39317905.0,,,208.9,0.019656019656019656,0.8003685503685504,0.0921375921375921,0.2756
CDNL,Cardinal Infrastructure Group Inc,Industrials,Engineering & Construction,27.53,15.02,-52.32,113.87,5.96,18.99,13.62,-51.2,13.889999999999999,,-65.21,1.0,761730.0,0.76,33.54,Aug 11/b,59.0,1590000000.0,HIGH,-14.5,-12.24,1.03,-9.19,0.376,False,-13.44,False,-37.1,7.447,6.5,55.0,-63.53,24.0,-12.36,33.54,22166141.0,,,75.9,0.1977886977886978,0.5540540540540541,0.10073710073710074,0.2756
WSC,WillScot Holdings Corp,Industrials,Rental & Leasing Services,,14.27,-1.11,3.92,-3.3000000000000003,-2.89,7.49,-34.31,2.72,1.39,-37.92,2.56,2460000.0,1.18,18.48,Aug 06/a,29.56,3350000000.0,HIGH,-21.63,-7.0,1.07,-16.32,0.2951,False,-10.87,False,-21.68,4.063,4.113,,,26.0,-24.17,18.48,56494411.0,,,60.0,0.09705159705159705,0.6031941031941032,0.18550368550368546,0.2754
JBIO,Jade Biosciences Inc,Healthcare,Biotechnology,,,33.03,,0.0,47.27,18.34,18.51,30.599999999999998,1.47,-35.07,1.0,1010000.0,0.82,18.18,Aug 10/b,49.89,1160000000.0,HIGH,-22.47,-6.53,1.08,-17.16,0.2972,False,-12.6,False,-13.61,6.183,5.226,24.0,-16.34,25.0,-16.34,18.18,15777683.0,,,174.4,0.08968058968058969,0.6167076167076168,0.17813267813267808,0.2743
BW,Babcock & Wilcox Enterprises Inc,Industrials,Specialty Industrial Machinery,,16.48,128.82,121.94,0.38,22.52,14.92,-56.279999999999994,-33.11,1.14,-68.09,1.0,4540000.0,1.28,7.03,Aug 10/a,22.0,1050000000.0,HIGH,-29.13,-9.17,1.26,-23.82,0.4218,False,-9.71,False,-23.16,7.986,5.903,,,24.0,-20.83,7.03,35953023.0,,,212.9,0.042997542997543,0.7733415233415234,0.0823095823095823,0.2739
MRAM,Everspin Technologies Inc,Technology,Semiconductors,,113.31,-404.36000000000007,41.93,-13.99,-2.31,19.13,-39.66,67.01,1.91,-71.4,1.0,1400000.0,0.77,14.73,Aug 05/a,25.67,358680000.0,HIGH,-25.79,-11.53,1.05,-20.48,0.264,False,-12.24,False,-10.45,7.29,4.413,21.0,-12.48,27.0,-5.88,14.73,17650752.0,,,74.3,0.06142506142506143,0.5749385749385749,0.25552825552825553,0.2737
KNF,Knife River Corp,Basic Materials,Building Materials,23.01,16.49,-13.23,12.57,0.0,-0.18,7.43,-26.590000000000003,-28.04,0.55,-41.35,2.12,725380.0,0.98,56.47,Aug 04/b,87.29,3210000000.0,HIGH,-15.27,-8.07,0.84,-9.96,0.2177,False,-10.18,False,-19.97,3.654,2.415,55.0,-39.21,29.0,-18.76,56.47,53359777.0,,,54.6,0.1855036855036855,0.30773955773955775,0.3544226044226044,0.2729
MVIS,Microvision Inc,Technology,Scientific & Technical Instruments,,,-97.72,850.3199999999999,0.0,-7.39,20.13,-70.01,-79.58,1.11,-92.94,1.0,1240000.0,1.44,1.63,Aug 06/a,30.0,49860000.0,HIGH,-23.83,-2.4,1.08,-18.52,0.295,False,-6.4,False,-50.33,7.406,9.202,,,26.0,-50.0,1.63,2898430.0,,,1740.5,0.07616707616707617,0.6167076167076168,0.18673218673218672,0.2715
CRI,Carters Inc,Consumer Cyclical,Apparel Retail,5.71,8.26,46921.31,5.16,0.0,-2.85,13.16,-28.720000000000002,-12.03,0.84,-31.370000000000005,2.44,1120000.0,1.28,30.5,Jul 31/b,42.29,1120000000.0,HIGH,-19.35,-5.51,0.99,-14.04,0.2732,False,-9.36,False,-17.25,4.15,4.131,25.0,-23.67,31.0,-19.29,30.5,47913465.0,,,38.7,0.11916461916461916,0.5073710073710074,0.2272727272727273,0.2681
CLPT,ClearPoint Neuro Inc,Healthcare,Medical Devices,,,-81.9,18.07,-3.06,1.19,15.48,0.15,24.75,1.28,-55.279999999999994,1.0,737190.0,0.65,13.46,Aug 03/a,23.5,410590000.0,HIGH,-13.16,-4.2,0.85,-7.85,0.2692,False,-9.71,False,-10.98,6.044,3.64,14.0,-11.27,29.0,4.5,13.46,8365838.0,,,74.6,0.23832923832923833,0.32555282555282555,0.2395577395577395,0.2649
CEVA,Ceva Inc,Technology,Semiconductors,,34.62,32.97,13.07,0.0,2.97,10.46,-39.65,52.300000000000004,1.96,-46.16,1.22,802530.0,0.77,27.78,Aug 10/b,46.67,782120000.0,HIGH,-15.07,-1.63,0.81,-9.76,0.2177,False,-0.67,False,-17.25,4.25,2.844,,,25.0,-12.97,27.78,21554704.0,,,68.0,0.1904176904176904,0.2678132678132678,0.3544226044226044,0.2628
LWLG,Lightwave Logic Inc,Basic Materials,Specialty Chemicals,,,-8.84,27.91,-8.51,11.9,15.88,-50.05,-37.06,2.4,-74.4,,3550000.0,0.88,4.79,Aug 11/b,2.71,738460000.0,HIGH,-35.44,-14.46,1.26,-30.13,0.4423,False,-15.71,False,-24.93,6.487,4.802,26.0,-36.89,24.0,-36.64,4.79,14097213.0,,,-43.4,0.020884520884520884,0.7733415233415234,0.07371007371007376,0.2625
QS,QuantumScape Corp,Consumer Cyclical,Auto Parts,,,22.04,,-0.8500000000000001,-4.45,19.53,-26.66,-22.73,2.82,-72.73,3.5,21670000.0,0.48,5.2,Jul 22/a,6.43,3220000000.0,HIGH,-15.03,-6.98,0.73,-9.72,0.1909,False,-7.26,False,-10.4,4.316,2.5,,,37.0,1.66,5.2,81584157.0,,,23.7,0.19164619164619165,0.18120393120393122,0.4373464373464373,0.2622
HDSN,Hudson Technologies Inc,Basic Materials,Specialty Chemicals,26.95,16.03,-47.91,7.539999999999999,21.47,-5.3,8.74,-7.79,-7.470000000000001,0.82,-49.33,2.0,578570.0,0.63,5.33,Aug 05/a,7.31,224330000.0,HIGH,-13.33,-0.37,0.53,-8.02,0.1761,False,-2.2,False,-8.43,3.203,3.189,46.0,-16.85,27.0,-5.83,5.33,3859004.0,,,37.1,0.2334152334152334,0.07063882063882064,0.4901719901719902,0.2616
ACMR,ACM Research Inc,Technology,Semiconductor Equipment & Materials,31.76,20.7,180.57,36.01,-2.77,7.26,6.83,-28.83,44.16,2.1,-47.43,1.25,1230000.0,0.71,66.86,Aug 07/b,123.86,4660000000.0,HIGH,-21.93,-13.07,0.98,-16.62,0.2646,False,-11.75,False,-18.24,6.531,4.831,54.0,-36.02,26.0,-15.35,66.86,68633332.0,,,85.3,0.09275184275184276,0.49385749385749383,0.2530712530712531,0.2612
BRZE,Braze Inc,Technology,Software - Application,,26.21,35.11,26.16,-1.26,9.46,11.21,18.19,36.39,0.91,-31.42,1.09,2610000.0,1.09,25.6,Sep 08/a,37.3,2910000000.0,HIGH,-8.41,-15.54,0.84,-3.1,0.4532,False,-15.23,False,-6.8,7.657,6.367,12.0,-16.91,4.0,7.9,25.6,98316626.0,,,45.7,0.36977886977886976,0.30773955773955775,0.06879606879606881,0.2609
SYNA,Synaptics Inc,Technology,Semiconductors,,14.45,-9367.08,8.91,-3.7699999999999996,-1.82,6.41,-31.33,28.689999999999998,1.96,-36.25,2.46,927550.0,0.41,95.06,Aug 06/a,131.25,3720000000.0,HIGH,-14.04,0.36,0.54,-8.73,0.1717,False,-2.59,False,-11.29,3.764,2.398,,,26.0,-6.9,95.06,69712756.0,,,38.1,0.21253071253071254,0.07493857493857493,0.5085995085995085,0.2601
WOOF,Petco Health and Wellness Co Inc,Consumer Cyclical,Specialty Retail,23.62,9.53,172.19,0.05,-0.4,0.91,13.12,-11.64,-32.87,1.58,-38.64,3.08,1990000.0,0.88,2.43,Sep 02/a,3.43,696000000.0,HIGH,-10.0,-6.54,0.64,-4.69,0.2319,False,-8.97,False,-9.69,6.725,3.086,30.0,-12.9,7.0,-3.57,2.43,7135267.0,,,41.2,0.32555282555282555,0.1167076167076167,0.31449631449631454,0.2596
CMPX,Compass Therapeutics Inc,Healthcare,Biotechnology,,,6.329999999999999,,0.0,-0.39,29.87,-3.45,-62.24000000000001,0.86,-71.51,1.13,2980000.0,0.76,1.96,Aug 06/b,8.92,352980000.0,HIGH,-15.15,-11.31,0.91,-9.84,0.281,False,-15.7,False,-11.14,6.192,4.082,14.0,-18.33,27.0,3.7,1.96,5771717.0,,,355.1,0.18796068796068796,0.40724815724815727,0.20761670761670759,0.2596
EQPT,Equipmentshare.Com Inc,Industrials,Rental & Leasing Services,231.1,24.74,29.24,26.33,-1.35,6.59,13.15,-10.09,-29.600000000000005,,-49.55,1.75,2880000.0,0.65,17.91,Aug 12/a,33.2,4550000000.0,HIGH,-16.43,-7.68,0.83,-11.12,0.2187,False,-3.29,False,-3.8,5.568,6.505,20.0,-13.18,22.0,-13.39,17.91,41737298.0,,,85.4,0.16339066339066338,0.29115479115479115,0.3488943488943489,0.2574
ICHR,Ichor Holdings Ltd,Technology,Semiconductor Equipment & Materials,,15.72,109.98999999999998,22.68,-10.8,3.5699999999999994,6.73,-40.81,24.02,1.8,-54.76,1.38,993700.0,0.72,51.38,Aug 03/a,98.88,1920000000.0,HIGH,-28.51,-11.67,1.11,-23.2,0.3366,False,-10.81,False,-28.08,6.044,5.138,54.0,-45.34,29.0,-27.91,51.38,37147086.0,,,92.4,0.04791154791154791,0.6486486486486487,0.1412776412776413,0.2561
TRVI,Trevi Therapeutics Inc,Healthcare,Biotechnology,,,-20.34,,0.0,11.25,12.47,11.82,44.32,0.97,-21.41,1.0,2190000.0,0.48,15.89,Aug 06/a,29.5,2260000000.0,HIGH,-14.02,-5.53,0.76,-8.71,0.2192,False,-8.35,False,-10.59,4.414,2.196,19.0,-14.02,26.0,-14.11,15.89,24276908.0,,,85.7,0.21375921375921375,0.2199017199017199,0.3476658476658476,0.2558
ANNX,Annexon Inc,Healthcare,Biotechnology,,,19.92,,2.63,15.509999999999998,19.45,-16.14,-30.210000000000004,1.33,-44.99,1.36,3580000.0,0.81,3.95,Aug 12/b,15.5,748840000.0,HIGH,-23.0,-15.42,1.08,-17.69,0.3582,False,-18.66,False,-24.67,6.266,3.924,43.0,-28.83,23.0,-25.89,3.95,12854958.0,,,292.4,0.085995085995086,0.6167076167076168,0.11916461916461918,0.2552
HYLN,Hyliion Holdings Corp,Industrials,Electrical Equipment & Parts,,,-1.96,226.33999999999997,0.09,10.44,14.29,-48.78,88.56,3.58,-55.36,1.0,3430000.0,0.37,3.79,Aug 11/a,8.0,676880000.0,HIGH,-7.33,-5.25,0.63,-2.02,0.2965,True,5.1,True,0.39,5.974,5.541,,,23.0,-2.57,3.79,7208312.0,,,111.1,0.41154791154791154,0.11179361179361179,0.1812039312039312,0.2525
OUST,Ouster Inc,Technology,Electronic Components,,4461.33,27.46,55.86,-28.09,9.27,9.99,-15.93,55.85,3.25,-47.55,1.43,3670000.0,0.69,33.46,Aug 06/a,58.5,2410000000.0,HIGH,-30.48,-10.75,1.15,-25.17,0.3746,False,-9.46,False,-15.16,5.438,7.194,21.0,-25.86,26.0,-22.9,33.46,82396176.0,,,74.8,0.03931203931203931,0.6855036855036855,0.10319410319410316,0.2523
PACK,Ranpak Holdings Corp,Consumer Cyclical,Packaging & Containers,,,-3.6000000000000005,13.98,0.0,-2.74,3.9,-46.85,13.119999999999997,3.14,-50.32,1.67,523000.0,0.9,3.88,Jul 30/b,7.08,332750000.0,HIGH,-25.95,-9.56,1.13,-20.64,0.3952,False,-16.94,False,-30.11,5.293,5.155,,,32.0,-24.95,3.88,1933170.0,,,82.5,0.05896805896805897,0.6676904176904177,0.09336609336609336,0.2519
ATOM,Atomera Inc,Technology,Semiconductor Equipment & Materials,,,-0.37,,-8.27,14.81,17.67,-56.330000000000005,-14.57,2.05,-68.22,1.0,671700.0,0.75,3.93,Aug 04/a,10.0,153360000.0,HIGH,-27.49,-5.07,1.12,-22.18,0.3704,False,-10.05,False,-24.14,5.631,4.326,,,28.0,-25.0,3.93,1940224.0,,,154.5,0.051597051597051594,0.6584766584766585,0.10810810810810811,0.2506
AMBA,Ambarella Inc,Technology,Semiconductor Equipment & Materials,,60.61,67.66,13.209999999999999,-6.7299999999999995,-2.15,10.37,-5.61,22.36,2.38,-33.83,2.0,1800000.0,0.85,63.98,Sep 03/a,90.2,2820000000.0,HIGH,-18.54,0.79,0.87,-13.23,0.2402,False,-7.87,False,-12.37,6.234,3.407,26.0,-23.64,6.0,1.73,63.98,119250669.0,,,41.0,0.13513513513513514,0.3495085995085995,0.30405405405405406,0.2501
AIP,Arteris Inc,Technology,Semiconductors,,167.11,-36.28,46.25,-20.4,11.64,6.15,-49.73,40.87,1.91,-58.989999999999995,1.0,819570.0,0.9,20.61,Aug 06/a,41.0,1010000000.0,HIGH,-25.94,-9.29,1.06,-20.63,0.3184,False,-9.84,False,-25.88,5.881,5.919,54.0,-52.39,26.0,-30.79,20.61,15819479.0,,,98.9,0.060196560196560195,0.5884520884520884,0.16277641277641275,0.2494
COHU,Cohu Inc,Technology,Semiconductor Equipment & Materials,,27.07,99.06,38.37,-6.43,7.629999999999999,19.07,-18.52,83.41,1.54,-33.02,1.12,1150000.0,0.85,49.97,Jul 30/a,70.88,2370000000.0,HIGH,-20.2,-6.02,1.04,-14.89,0.3685,False,-4.14,False,-4.2,6.831,8.385,22.0,-10.99,31.0,7.58,49.97,49867550.0,,,41.8,0.11179361179361179,0.5651105651105651,0.11056511056511054,0.2474
ENVX,Enovix Corp,Industrials,Electrical Equipment & Parts,,,9.34,20.84,0.0,1.54,28.28,-54.65,-38.87,2.47,-78.75,1.91,6680000.0,0.84,3.02,Aug 12/a,10.94,662730000.0,HIGH,-15.99,-12.97,0.65,-10.68,0.1823,False,-9.06,False,-26.23,5.71,3.974,,,22.0,-31.83,3.02,28690343.0,,,262.3,0.1732186732186732,0.12285012285012285,0.4699017199017199,0.2471
ALH,Alliance Laundry Holdings Inc,Consumer Cyclical,"Furnishings, Fixtures & Appliances",23.94,14.31,286.93,22.38,-17.14,0.01,4.97,-16.33,7.7,,-24.65,1.38,1080000.0,0.82,21.27,Aug 13/b,32.25,4230000000.0000005,HIGH,-14.2,-4.32,0.42,-8.89,0.1757,False,-7.22,False,-14.23,3.288,1.222,29.0,-19.98,22.0,-17.43,21.27,49409514.0,,,51.6,0.2076167076167076,0.04914004914004914,0.4926289926289926,0.2456
GPCR,Structure Therapeutics Inc ADR,Healthcare,Biotechnology,,,-36.11,,0.0,1.46,8.43,-10.46,-28.48,-1.43,-59.489999999999995,1.12,774010.0,2.29,38.44,Aug 06/a,106.73,2740000000.0,HIGH,-28.5,-4.8,1.13,-23.19,0.4174,False,-18.18,False,-22.26,6.485,3.694,23.0,-26.26,26.0,-26.95,38.44,43308950.0,,,177.7,0.04914004914004914,0.6676904176904177,0.08353808353808356,0.245
PCT,PureCycle Technologies Inc,Industrials,Pollution & Treatment Controls,,,0.52,173.45,0.2,79.02,28.76,-34.12,1.56,2.6,-62.23,2.0,4400000.0,0.61,5.85,Aug 06/a,11.5,1180000000.0,HIGH,-18.92,-10.14,0.85,-13.61,0.2284,False,-10.2,False,-12.04,5.858,2.735,25.0,-18.86,26.0,-14.85,5.85,20762147.0,,,96.6,0.1246928746928747,0.32555282555282555,0.3230958230958231,0.2445
URGN,UroGen Pharma Ltd,Healthcare,Biotechnology,,16.96,72.78,199.22,-1.32,-1.34,15.05,43.47,131.24,1.58,-16.08,1.25,823080.0,0.63,42.64,Aug 05/b,58.25,2080000000.0,HIGH,-13.23,-2.68,0.61,-7.92,0.2039,False,-5.82,False,-1.52,4.865,4.843,18.0,-12.84,28.0,6.81,42.64,38343562.0,,,36.6,0.23587223587223588,0.10135135135135136,0.3955773955773956,0.2434
REYN,Reynolds Consumer Products Inc,Consumer Cyclical,Packaging & Containers,13.36,13.0,21.0,0.64,0.0,5.31,11.53,-7.22,1.68,0.54,-20.1,2.62,1350000.0,1.05,21.83,Jul 29/b,27.14,4600000000.0,HIGH,-15.75,-0.18,0.89,-10.44,0.288,False,-7.51,False,-12.83,2.688,1.626,28.0,-17.03,33.0,-15.06,21.83,37084787.0,,,24.3,0.17813267813267813,0.3783783783783784,0.1941031941031941,0.243
WEN,Wendy's Co,Consumer Cyclical,Restaurants,11.56,14.32,-40.35,1.72,0.0,-7.53,27.69,12.37,6.419999999999999,0.39,-24.6,3.08,16270000.0,0.31,7.63,Aug 07/b,7.8,1450000000.0,HIGH,-11.48,0.26,0.74,-6.17,0.2707,False,-7.78,False,-3.46,5.074,1.573,14.0,-13.69,26.0,3.25,7.63,56904060.0,,,2.2,0.2800982800982801,0.19963144963144963,0.23464373464373467,0.2423
RZLT,Rezolute Inc,Healthcare,Biotechnology,,,42.47,,0.06,0.93,21.15,6.25,63.78,0.54,-62.9,1.4,1650000.0,0.5,4.25,May 12/a,7.67,409240000.0,HIGH,-9.19,-3.41,0.59,-3.88,0.2619,False,-8.05,False,-10.19,5.985,4.471,16.0,-8.8,,,4.25,6549068.0,,,80.5,0.3464373464373464,0.08722358722358722,0.25798525798525795,0.2421
KOD,Kodiak Sciences Inc,Healthcare,Biotechnology,,,-1.8500000000000003,,-1.26,4.69,18.54,-2.7,42.91,2.24,-30.73,1.0,674610.0,0.81,33.14,Aug 13/a,69.6,2080000000.0,HIGH,-19.13,-5.5,0.93,-13.82,0.2818,False,-10.93,False,-16.88,5.388,2.806,28.0,-22.73,21.0,-17.11,33.14,21800523.0,,,110.0,0.12162162162162163,0.4318181818181818,0.20638820638820643,0.2401
COLL,Collegium Pharmaceutical Inc,Healthcare,Drug Manufacturers - Specialty & Generic,18.48,3.45,-234.56,6.32,-4.23,1.9299999999999997,19.04,-34.15,-33.88,0.73,-55.09,1.43,636510.0,1.3,22.81,Aug 06/b,48.86,742590000.0,HIGH,-18.74,-2.4,0.97,-13.43,0.3365,False,-10.45,False,-25.26,4.266,3.025,51.0,-36.41,27.0,-21.64,22.81,21393340.0,,,114.2,0.13144963144963145,0.4785012285012285,0.14250614250614246,0.2389
BLMN,Bloomin Brands Inc,Consumer Cyclical,Restaurants,26.55,8.34,30.329999999999995,1.34,0.0,6.74,10.11,7.48,61.71,1.25,-29.45,2.73,2080000.0,0.8,8.91,Aug 05/b,11.76,762890000.0,HIGH,-16.65,-6.99,0.94,-11.34,0.347,False,-12.26,False,-6.58,5.724,4.489,28.0,-0.11,28.0,-0.11,8.91,18166922.0,,,32.0,0.1597051597051597,0.44594594594594594,0.13267813267813267,0.2375
PENG,Penguin Solutions Inc,Technology,Information Technology Services,29.56,13.88,9752.86,47.64,-4.17,8.91,13.2,-27.35,159.12,2.87,-48.15,1.5,3010000.0,0.49,46.59,Jul 07/a,74.29,2390000000.0,HIGH,-26.14,-9.18,1.0,-20.83,0.2929,False,-9.22,False,-18.47,6.077,5.108,21.0,-23.5,48.0,-25.71,46.59,75652788.0,,,59.5,0.05773955773955774,0.5202702702702703,0.1904176904176904,0.2363
RARE,Ultragenyx Pharmaceutical Inc,Healthcare,Biotechnology,,,22.67,28.53,-0.4099999999999999,1.2,19.07,-44.11,-36.22,0.35,-65.88,2.05,3180000.0,1.87,13.61,Aug 04/a,25.74,1340000000.0,HIGH,-47.91,-8.53,1.24,-42.6,1.0214,False,-37.95,False,-47.51,13.082,6.201,51.0,-57.97,28.0,-45.41,13.61,88450793.0,,,89.1,0.006142506142506142,0.754914004914005,0.011056511056511065,0.2322
SLNH,Soluna Holdings Inc,Financial,Capital Markets,,,73.72,144.56,0.15,34.96,13.68,-22.3,46.98,5.11,-77.63,1.0,13110000.0,0.45,1.15,Aug 13/a,4.0,283710000.0,HIGH,-13.53,-9.45,0.67,-8.22,0.224,False,-2.25,False,-4.97,8.012,6.957,,,21.0,-11.54,1.15,10483718.0,,,247.8,0.23095823095823095,0.13513513513513514,0.33108108108108103,0.2322
STDN,Standard Nuclear Inc,Basic Materials,Specialty Chemicals,,,,,1.22,-16.14,4.49,,,,-29.12,1.12,1110000.0,0.53,12.29,Aug 27/b,17.5,1920000000.0,HIGH,-7.66,-6.96,0.7,-2.35,0.3997,False,-9.16,,,11.734,6.265,10.0,-12.84,12.0,-10.29,12.29,11837268.0,,,42.4,0.3955773955773956,0.15356265356265356,0.09090909090909094,0.2316
JBLU,Jetblue Airways Corp,Industrials,Airlines,,,-220.85,14.469999999999999,-0.33,11.6,28.56,-12.97,5.83,1.76,-34.14,3.76,29200000.0,0.56,4.36,Jul 28/b,5.17,1650000000.0,HIGH,-16.79,-3.54,0.77,-11.48,0.2235,False,-7.74,False,-18.21,4.128,5.046,30.0,-27.69,34.0,-19.71,4.36,100384399.0,,,18.6,0.15847665847665848,0.2278869778869779,0.3329238329238329,0.2316
ELTX,Elicio Therapeutics Inc,Healthcare,Biotechnology,,,35.07,,0.0,6.529999999999999,8.36,-86.53,-83.61,1.31,-87.5,1.4,1740000.0,0.22,2.0,Aug 13/a,18.9,52570000.0,HIGH,-33.77,-14.89,1.16,-28.46,0.5817,False,-25.37,False,-31.88,6.911,7.0,,,21.0,-35.28,2.0,889158.0,,,845.0,0.02702702702702703,0.6977886977886978,0.035626535626535616,0.2308
OCGN,Ocugen Inc,Healthcare,Biotechnology,,,-45.35,8.38,-8.1,11.72,29.49,-12.4,-57.26,2.27,-61.1,1.0,6900000.0,0.97,1.06,Aug 06/b,12.08,359450000.0,HIGH,-22.91,-20.3,1.04,-17.6,0.4248,False,-18.54,False,-19.91,6.974,6.604,18.0,-20.9,27.0,-14.52,1.06,7601793.0,,,1039.6,0.08722358722358722,0.5651105651105651,0.08108108108108103,0.2287
PZG,Paramount Gold Nevada Corp,Basic Materials,Gold,,,-52.849999999999994,,0.0,-4.82,0.44,8.2,-36.84,1.27,-51.29,1.0,510450.0,0.48,1.32,May 13,4.0,113240000.0,HIGH,-10.81,-6.38,0.46,-5.5,0.24,False,-8.49,True,0.2,5.844,5.303,18.0,-8.33,,,1.32,782348.0,,,203.0,0.2985257985257985,0.05221130221130221,0.30712530712530717,0.2272
KLRA,Kailera Therapeutics Inc,Healthcare,Biotechnology,,,,,38.89,77.48,9.98,-27.21,,,-51.29,1.0,793210.0,1.1,13.75,Aug 12/a,42.75,1780000000.0,HIGH,-25.72,-16.31,1.03,-20.41,0.3589,False,-16.73,False,-22.94,9.262,4.073,50.0,-37.47,22.0,-23.48,13.75,14115028.0,,,210.9,0.06265356265356266,0.5540540540540541,0.11425061425061422,0.2256
DYN,Dyne Therapeutics Inc,Healthcare,Biotechnology,,,-10.86,,-16.85,1.25,13.56,1.81,3.35,1.11,-32.17,1.29,2600000.0,1.23,18.52,Jul 29/a,36.93,3460000000.0,HIGH,-29.18,-8.81,1.1,-23.87,0.5156,False,-22.9,False,-24.31,7.5,4.752,18.0,-28.77,32.0,-26.22,18.52,63966700.0,,,99.4,0.04176904176904177,0.6394348894348895,0.05405405405405406,0.2248
FLNC,Fluence Energy Inc,Utilities,Utilities - Renewable,,87.09,-798.82,7.85,-35.52,6.72,23.44,-60.309999999999995,-42.55,2.74,-71.92,2.83,7830000.0,0.74,9.41,Aug 05/a,14.99,1740000000.0,HIGH,-25.49,-14.76,0.97,-20.18,0.2966,False,-13.35,False,-27.37,6.499,4.357,,,27.0,-28.77,9.41,64956950.0,,,59.3,0.06388206388206388,0.4785012285012285,0.17936117936117935,0.2229
VPG,Vishay Precision Group Inc,Technology,Scientific & Technical Instruments,205.19,33.77,-794.62,11.67,0.0,-6.09,11.44,-56.64,47.5,1.41,-60.150000000000006,1.0,568270.0,0.66,60.49,Aug 05/b,93.33,805760000.0,HIGH,-20.65,-6.48,0.79,-15.34,0.218,False,-5.81,False,-26.59,5.604,4.232,53.0,-57.43,28.0,-17.77,60.49,31057139.0,,,54.3,0.10503685503685503,0.2493857493857494,0.3525798525798526,0.2226
FRMI,Fermi Inc,Real Estate,REIT - Specialty,,78.03,-8000.0,,-4.47,40.87,18.22,-29.270000000000003,-36.56,,-86.35,1.44,19350000.0,0.74,5.05,Aug 13/b,14.67,3230000000.0,HIGH,-17.75,-11.56,0.9,-12.44,0.328,False,-7.13,False,-17.55,7.676,6.931,23.0,-29.07,22.0,-23.48,5.05,85642999.0,,,190.5,0.14864864864864866,0.39127764127764125,0.1511056511056511,0.2222
ARHS,Arhaus Inc,Consumer Cyclical,Specialty Retail,16.64,14.29,12.560000000000002,7.380000000000001,-0.0,2.02,12.39,13.25,20.0,2.31,-29.469999999999995,2.27,1310000.0,0.67,8.12,Aug 06/b,10.5,1150000000.0,HIGH,-14.8,-4.13,0.79,-9.49,0.2712,False,-8.24,False,-4.18,4.442,4.926,19.0,-14.8,27.0,-1.34,8.12,9894457.0,,,29.3,0.1941031941031941,0.2493857493857494,0.23218673218673214,0.2221
EQ,Equillium Inc,Healthcare,Biotechnology,,,73.86,,-3.91,-3.4099999999999997,10.64,-25.44,-15.18,1.89,-40.82,1.0,633760.0,0.41,2.1,Aug 13/a,8.6,132840000.0,HIGH,-15.32,-12.86,0.65,-10.01,0.215,False,-8.85,False,-12.91,8.571,4.286,4.0,-12.86,21.0,4.48,2.1,942172.0,,,309.5,0.18427518427518427,0.12285012285012285,0.36732186732186733,0.2208
SHAZ,SharonAI Holdings Inc,Technology,Information Technology Services,,,-1144.5,,0.0,42.29,7.59,-16.7,127.18,,-70.84,1.0,1970000.0,0.93,51.91,Aug 06/b,124.66,1860000000.0,HIGH,-32.5,-9.93,1.07,-27.19,0.4061,False,-11.76,False,-15.49,9.201,7.282,22.0,-24.17,27.0,-0.46,51.91,102781813.0,,,140.1,0.03194103194103194,0.6031941031941032,0.0884520884520884,0.2203
CADL,Candel Therapeutics Inc,Healthcare,Biotechnology,,,-463.69,,-1.95,11.59,20.04,24.71,128.59,-0.31,-23.75,1.22,1530000.0,0.62,10.68,Aug 13/b,21.0,816840000.0,HIGH,-12.21,-15.28,0.73,-6.9,0.2846,False,-15.26,False,-3.94,7.198,6.089,12.0,-19.62,22.0,-0.05,10.68,16023102.0,,,96.6,0.2592137592137592,0.18120393120393122,0.20147420147420148,0.2185
TRAX,First Tracks Biotherapeutics Inc,Healthcare,Biotechnology,,,,,-0.73,306.44,13.27,112.98000000000002,,,-24.73,1.11,768720.0,0.58,37.57,Aug 12/a,69.44,1340000000.0,HIGH,-13.83,-10.12,0.68,-8.52,0.2484,False,-10.74,False,-6.59,8.202,6.202,25.0,-17.12,22.0,-14.67,37.57,24899894.0,,,84.8,0.22113022113022113,0.14004914004914004,0.28746928746928746,0.2167
AVXL,Anavex Life Sciences Corp,Healthcare,Biotechnology,,,154.29,,0.0,-3.32,15.25,4.0,-44.09,1.15,-74.95,1.0,1080000.0,0.61,2.6,Aug 25/b,20.0,241020000.0,HIGH,-19.0,-8.77,0.93,-13.69,0.3527,False,-13.26,False,-9.32,7.06,3.462,14.0,-16.4,14.0,-16.4,2.6,2170417.0,,,669.2,0.12285012285012285,0.4318181818181818,0.12346437346437344,0.2157
BKSY,BlackSky Technology Inc,Industrials,Specialty Business Services,,,57.31,50.080000000000005,-3.2400000000000007,24.11,19.24,-35.84,-11.98,2.7,-60.67,1.29,1280000.0,0.74,20.8,Aug 06/b,38.71,851240000.0,HIGH,-32.4,-5.8,1.08,-27.09,0.5274,False,-13.21,False,-15.74,6.268,6.538,24.0,-27.3,27.0,-17.39,20.8,20857251.0,,,86.1,0.033169533169533166,0.6167076167076168,0.05282555282555279,0.2141
IMRX,Immuneering Corp,Healthcare,Biotechnology,,,33.46,,0.09,11.37,26.67,3.34,-14.26,0.45,-57.04,1.0,965070.0,0.51,4.33,Aug 06/b,17.17,280140000.0,HIGH,-17.05,-9.41,0.77,-11.74,0.2519,False,-12.68,False,-9.75,5.125,4.042,18.0,-13.92,27.0,-1.37,4.33,3148611.0,,,296.5,0.15601965601965603,0.2278869778869779,0.27518427518427513,0.2133
AXTI,AXT Inc,Technology,Semiconductor Equipment & Materials,3067.74,25.75,208.25,164.77,-13.16,26.91,14.63,-41.28,16.78,1.89,-60.14000000000001,1.33,10330000.0,0.99,57.06,Jul 30/a,95.03,3740000000.0,HIGH,-40.54,-17.97,1.11,-35.23,0.5776,False,-14.56,False,-9.0,10.176,10.077,20.0,-30.11,31.0,21.56,57.06,632951780.0,,,66.5,0.013513513513513514,0.6486486486486487,0.03685503685503688,0.2111
HYMC,Hycroft Mining Holding Corp,Basic Materials,Gold,,,46.7,,0.43,19.92,28.05,-20.23,-45.82,2.77,-65.01,2.0,1980000.0,0.96,20.55,Jul 29,25.0,1910000000.0,HIGH,-21.92,-10.5,0.94,-16.61,0.3527,False,-14.7,False,-10.38,8.006,5.572,18.0,-15.05,,,20.55,48889991.0,,,21.7,0.0945945945945946,0.44594594594594594,0.12346437346437344,0.2087
NNBR,NN Inc,Industrials,Conglomerates,,21.25,49.34,19.29,-21.4,5.78,4.99,15.67,175.4,2.66,-22.54,1.0,3710000.0,0.2,3.47,Aug 05/a,6.67,286560000.0,HIGH,-15.57,-7.22,0.53,-10.26,0.2081,False,-3.92,False,-2.39,5.167,4.035,20.0,-11.03,27.0,-10.34,3.47,5125039.0,,,92.2,0.17936117936117937,0.07063882063882064,0.37960687960687955,0.2068
SANA,Sana Biotechnology Inc,Healthcare,Biotechnology,,,45.3,,0.0,0.77,22.25,19.4,-4.76,2.18,-51.15,1.2,3040000.0,0.78,3.2,Aug 10/a,9.38,957960000.0,HIGH,-13.04,-7.25,0.79,-7.73,0.3673,False,-14.12,False,-10.51,6.975,4.688,13.0,-21.95,24.0,-11.36,3.2,10979940.0,,,193.1,0.24201474201474202,0.2493857493857494,0.1117936117936118,0.2052
NXTC,Nextcure Inc,Healthcare,Biotechnology,,,75.16,,73.78,-14.730000000000002,1.2,220.00000000000003,-47.63,1.31,-57.81,1.0,2150000.0,0.04,6.64,Aug 06/a,20.0,30390000.0,HIGH,-13.88,-21.14,0.85,-8.57,0.4669,False,-3.12,True,15.53,12.473,12.048,5.0,-15.09,26.0,18.78,6.64,731111.0,,,201.2,0.21867321867321868,0.32555282555282555,0.061425061425061434,0.2036
AEHR,Aehr Test Systems,Technology,Semiconductor Equipment & Materials,,,143.11,33.69,-29.25,2.84,13.95,-23.14,133.73,3.49,-43.44,1.0,2690000.0,1.16,83.37,Jul 14/a,130.29,2720000000.0,HIGH,-42.74,-8.17,1.1,-37.43,0.706,False,-12.05,False,-8.63,9.507,7.005,21.0,-32.38,43.0,15.78,83.37,266195477.0,,,56.3,0.011056511056511056,0.6394348894348895,0.02457002457002455,0.2036
KYTX,Kyverna Therapeutics Inc,Healthcare,Biotechnology,,,35.37,,0.0,5.45,21.71,-8.13,-17.32,2.04,-45.87,1.0,994730.0,0.54,7.4,Aug 11/a,30.4,457640000.0,HIGH,-17.32,-8.3,0.72,-12.01,0.2417,False,-10.48,False,-8.35,5.674,3.784,24.0,-6.21,23.0,-7.73,7.4,6090576.0,,,310.8,0.15233415233415235,0.16891891891891891,0.2997542997542998,0.2015
REAL,Therealreal Inc,Consumer Cyclical,Luxury Goods,,34.04,-69.05,16.58,-3.4099999999999997,-6.480000000000001,14.72,-5.11,2.04,2.8,-43.91,1.44,3160000.0,0.48,9.76,Aug 06/a,18.0,1190000000.0,HIGH,-11.96,-0.26,0.58,-6.65,0.2742,False,-7.37,False,-12.41,4.519,3.69,27.0,-22.89,26.0,-20.69,9.76,27856153.0,,,84.4,0.2665847665847666,0.08353808353808354,0.2235872235872236,0.1988
KOPN,Kopin Corp,Technology,Electronic Components,90.62,870.0,113.83000000000001,50.62,-5.91,5.35,15.0,-11.94,109.13,3.59,-34.19,1.0,4700000.0,0.55,4.35,Aug 10/a,9.1,808550000.0,HIGH,-18.23,-4.61,0.79,-12.92,0.2774,False,-5.87,True,2.2,6.24,3.678,21.0,-9.94,24.0,3.33,4.35,15288683.0,,,109.2,0.14250614250614252,0.2493857493857494,0.21621621621621623,0.1967
PLAB,Photronics Inc,Technology,Semiconductor Equipment & Materials,9.6,13.25,24.94,2.69,-13.48,-1.47,8.18,-14.540000000000001,-19.05,1.33,-51.5,1.0,1310000.0,0.82,27.16,Aug 26/b,41.33,1600000000.0,HIGH,-19.17,-7.49,0.65,-13.86,0.217,False,-7.61,False,-9.65,6.714,2.614,20.0,-18.49,13.0,-7.37,27.16,48720876.0,,,52.2,0.12039312039312039,0.12285012285012285,0.35749385749385754,0.1923
NB,NioCorp Developments Ltd,Basic Materials,Other Industrial Metals & Mining,,,105.59,,0.0,-2.62,6.57,-32.78,-23.26,0.14,-71.14,1.33,3230000.0,0.72,3.63,Sep 09,11.12,528480000.0,HIGH,-24.53,-11.89,0.83,-19.22,0.2753,False,-13.82,False,-18.78,5.76,3.306,26.0,-28.26,,,3.63,11884864.0,,,206.3,0.07125307125307126,0.29115479115479115,0.22235872235872234,0.1826
ALOY,REalloys Inc,Basic Materials,Other Industrial Metals & Mining,,,-69.62,54.98,-1.42,86.93,14.01,-44.02,-28.910000000000004,1.38,-68.33,1.0,2820000.0,0.73,8.52,Aug 13/a,26.5,591450000.0,HIGH,-38.51,-15.56,1.01,-33.2,0.5688,False,-21.15,False,-19.65,8.037,6.221,21.0,-34.21,21.0,-34.21,8.52,22373225.0,,,211.0,0.014742014742014743,0.5313267813267813,0.039312039312039304,0.1771
ANVS,Annovis Bio Inc,Healthcare,Biotechnology,,,-23.75,,20.01,15.32,13.18,-35.96,-54.76,1.24,-79.27,1.0,897180.0,1.34,1.14,Aug 14/b,10.5,48570000.0,HIGH,-34.48,-12.31,1.01,-29.17,0.6681,False,-28.14,False,-33.54,9.336,6.14,26.0,-38.71,21.0,-36.31,1.14,1699550.0,,,821.1,0.02334152334152334,0.5313267813267813,0.027027027027026973,0.1768
MEC,Mayville Engineering Company Inc,Industrials,Metal Fabrication,,17.79,-71.96,23.16,-1.56,38.2,9.52,-49.01,8.52,1.41,-53.33,1.0,563570.0,0.73,18.09,Aug 04/a,37.0,461300000.0,HIGH,-26.16,-8.91,0.88,-20.85,0.3295,False,-11.59,False,-28.81,5.438,9.01,55.0,-48.74,28.0,-29.06,18.09,9652833.0,,,104.5,0.056511056511056514,0.36363636363636365,0.14742014742014742,0.1759
UCTT,Ultra Clean Hldgs Inc,Technology,Semiconductor Equipment & Materials,,10.14,105.25999999999999,24.31,-2.91,2.4,8.86,-39.04,20.77,1.87,-53.97,1.0,1320000.0,0.56,66.39,Aug 03/a,137.0,3010000000.0,HIGH,-24.45,-12.21,0.84,-19.14,0.3,False,-8.92,False,-21.15,6.559,5.603,54.0,-44.13,29.0,-21.47,66.39,64286325.0,,,106.4,0.07371007371007371,0.30773955773955775,0.17567567567567566,0.1745
LASR,nLIGHT Inc,Technology,Semiconductors,,61.03,67.54,33.78,-22.16,5.77,6.68,-44.8,-38.58,2.36,-55.779999999999994,1.33,1350000.0,0.86,38.45,Aug 06/a,88.86,2220000000.0,HIGH,-28.8,-7.42,0.89,-23.49,0.3722,False,-11.57,False,-32.22,5.369,3.719,29.0,-45.16,26.0,-31.53,38.45,55485189.0,,,131.1,0.044226044226044224,0.3783783783783784,0.10565110565110569,0.1629
POWI,Power Integrations Inc,Technology,Semiconductors,108.57,26.08,613.58,2.66,-26.69,-1.82,10.33,-38.11,2.23,1.53,-46.8,1.4,812640.0,0.68,48.51,Aug 05/a,81.67,2710000000.0,HIGH,-21.88,-3.86,0.7,-16.57,0.2602,False,-8.4,False,-20.15,4.866,3.772,,,27.0,-17.75,48.51,41847915.0,,,68.4,0.09582309582309582,0.15356265356265356,0.26167076167076164,0.1629
ZIP,ZipRecruiter Inc,Communication Services,Internet Content & Information,11.45,1484.96,600.29,5.19,-1.87,1.42,4.46,9.42,39.58,1.55,-29.59,2.6,877010.0,1.05,3.95,Aug 05/a,4.75,324800000.0,HIGH,-18.72,-2.47,0.81,-13.41,0.3902,False,-8.46,False,-7.37,7.58,6.709,17.0,-20.84,27.0,-7.06,3.95,4908756.0,,,20.3,0.13267813267813267,0.2678132678132678,0.09582309582309578,0.1622
AZIO,Azio AI Holdings Inc,Technology,Software - Infrastructure,,,77.01,154.33,0.0,7.73,7.34,-29.01,-10.85,0.92,-77.32,1.0,654750.0,0.18,1.15,-,0.7,18940000.0,HIGH,-16.06,-7.26,0.11,-10.75,0.2472,False,-5.83,False,-23.71,8.466,6.087,50.0,-31.14,,,1.15,1317783.0,,,-39.1,0.1683046683046683,0.02457002457002457,0.29115479115479115,0.162
CLYM,Climb Bio Inc,Healthcare,Biotechnology,,,-38.22,,-0.54,73.24,14.12,27.27,107.11,-0.06,-20.57,1.06,1410000.0,0.78,14.56,Aug 06/b,27.47,836280000.0,HIGH,-16.51,-8.43,0.7,-11.2,0.3217,False,-7.51,True,2.41,9.105,4.533,14.0,-11.22,27.0,16.76,14.56,24448252.0,,,88.7,0.16216216216216217,0.15356265356265356,0.15847665847665848,0.1585
ZSQR,Z Squared Inc,Technology,Software - Infrastructure,,,71.07,689.06,0.04,17.97,8.23,-74.78,-77.12,-0.24,-87.13,1.0,561790.0,0.58,2.76,-,80.0,146020000.0,HIGH,-28.63,-10.84,0.93,-23.32,0.6058,False,-20.85,False,-40.82,16.139,19.056,,,,,2.76,1195703.0,,,2798.6,0.045454545454545456,0.4318181818181818,0.033169533169533194,0.1577
BHVN,Biohaven Ltd,Healthcare,Biotechnology,,,52.910000000000004,,0.0,-5.82,14.78,12.06,31.94,3.22,-31.920000000000005,1.71,3050000.0,0.54,12.64,Aug 10/a,23.08,1910000000.0,HIGH,-12.59,-14.13,0.46,-7.28,0.3384,False,-13.48,False,-13.8,11.599,2.769,13.0,-12.1,24.0,-12.77,12.64,53869809.0,,,82.6,0.25061425061425063,0.05221130221130221,0.13882063882063878,0.1576
CCCC,C4 Therapeutics Inc,Healthcare,Biotechnology,,,50.66,2.75,0.0,28.190000000000005,33.07,-12.05,26.1,3.08,-33.66,1.14,2960000.0,0.5,3.43,Aug 11/b,13.33,421980000.0,HIGH,-19.58,-3.38,0.72,-14.27,0.3051,False,-11.34,False,-10.22,5.675,3.79,24.0,-5.25,24.0,-5.25,3.43,8105122.0,,,288.6,0.1167076167076167,0.16891891891891891,0.17076167076167081,0.1486
BFLY,Butterfly Network Inc,Healthcare,Medical Devices,,,11.49,39.47,-19.48,20.56,15.76,33.75,95.0,2.07,-26.27,1.0,8130000.000000001,0.38,7.41,Jul 30/b,10.5,2009999999.9999998,HIGH,-17.85,-1.46,0.74,-12.54,0.3907,False,-10.1,False,-7.26,6.737,3.779,26.0,-10.72,32.0,4.37,7.41,34648371.0,,,41.7,0.14619164619164618,0.19963144963144963,0.09459459459459463,0.1467
CXM,Sprinklr Inc,Technology,Software - Application,61.53,10.83,-37.58,0.8,-0.52,-12.42,9.88,8.43,-0.86,0.76,-30.03,2.56,3660000.0,0.74,5.79,Sep 02/b,8.44,1340000000.0,HIGH,-13.58,4.32,0.64,-8.27,0.5586,False,-15.04,False,-9.56,6.881,4.49,12.0,-22.49,8.0,-16.69,5.79,28877264.0,,,45.8,0.22972972972972974,0.1167076167076167,0.045454545454545414,0.1405
LPTH,Lightpath Technologies Inc,Technology,Electronic Components,,85.4,61.18,73.32,-60.309999999999995,30.210000000000004,15.98,-36.12,-13.320000000000002,1.4,-51.9,1.0,3180000.0,1.03,9.11,Sep 10/a,15.8,604550000.0,HIGH,-38.45,-15.26,0.92,-33.14,0.7152,False,-21.53,False,-22.67,10.75,7.135,21.0,-30.56,2.0,-0.98,9.11,39914030.0,,,73.4,0.01597051597051597,0.4189189189189189,0.023341523341523396,0.1391
AIRJ,AirJoule Technologies Corp,Industrials,Building Products & Equipment,,,-392.82,,-0.02,3.6900000000000004,17.81,-0.95,27.690000000000005,0.87,-38.52,1.33,1500000.0,0.61,4.15,Aug 13/a,9.55,304390000.0,HIGH,-28.57,-8.99,0.82,-23.26,0.3562,False,-12.16,False,-12.87,5.1,4.169,24.0,-30.02,21.0,-31.29,4.15,5354864.0,,,130.1,0.04668304668304668,0.27825552825552824,0.12039312039312045,0.1383
LTRX,Lantronix Inc,Technology,Communication Equipment,,15.91,90.52,8.03,0.75,39.1,6.4,-24.74,-20.09,1.67,-42.29,1.0,1090000.0,0.82,5.05,Aug 26/a,10.5,235870000.0,HIGH,-24.06,-4.17,0.76,-18.75,0.3388,False,-9.4,False,-9.72,7.157,3.168,21.0,-17.08,12.0,-10.78,5.05,6555429.0,,,107.9,0.07493857493857493,0.2199017199017199,0.13759213759213762,0.1372
FRVO,Fervo Energy Co,Utilities,Utilities - Renewable,,,,,0.0,83.93,7.39,-57.489999999999995,,,-64.92,1.38,4390000.0,0.99,14.96,Aug 12/b,40.75,4410000000.0,HIGH,-17.35,-20.85,0.6,-12.04,0.3333,False,-11.15,False,-28.87,11.134,6.818,,,23.0,-25.79,14.96,127498724.0,,,172.4,0.1511056511056511,0.09398034398034398,0.144963144963145,0.1321
CJMB,Callan Jmb Inc,Industrials,Integrated Freight & Logistics,,,,,0.63,2.35,5.34,172.77,23.76,-0.47,-60.07,,2270000.0,0.05,2.24,-,,12880000.0,HIGH,-16.42,-2.18,0.3,-11.11,0.3214,False,-1.86,True,24.14,7.35,4.911,19.0,-16.42,,,2.24,897421.0,,,,0.16461916461916462,0.03624078624078624,0.15970515970515975,0.1246
INDI,Indie Semiconductor Inc,Technology,Semiconductors,,166.67,12.46,23.97,-13.849999999999998,6.909999999999999,29.34,-23.66,26.21,2.97,-48.26,1.5,6170000.0,0.82,3.13,Aug 06/a,5.72,725560000.0,HIGH,-33.55,-10.57,0.83,-28.24,0.4173,False,-16.84,False,-17.79,6.435,4.153,22.0,-21.95,26.0,-8.75,3.13,23684459.0,,,82.7,0.028255528255528257,0.29115479115479115,0.08476658476658472,0.1241
FFAI,Faraday Future Intelligent Electric Inc,Consumer Cyclical,Auto Manufacturers,,,90.36,1448.15,-22.78,0.78,19.83,-96.27,-96.83,5.76,-99.38,1.5,861410.0,1.03,1.68,Aug 13/a,48.0,6480000.0,HIGH,-54.84,-8.7,0.9,-49.53,1.1057,False,-30.32,False,-81.45,13.333,13.095,,,21.0,-57.14,1.68,2342556.0,,,2757.1,0.0036855036855036856,0.39127764127764125,0.009828009828009798,0.1218
VELO,Velo3D Inc,Technology,Computer Hardware,,,60.11,52.25,0.0,20.75,35.75,-60.81999999999999,-29.15,2.59,-68.54,1.0,2290000.0,0.35,9.99,Aug 11/a,23.25,321170000.0,HIGH,-35.94,-16.47,0.84,-30.63,0.4626,False,-18.43,False,-18.14,7.038,4.304,23.0,-27.03,23.0,-27.03,9.99,11873333.0,,,132.7,0.018427518427518427,0.30773955773955775,0.06388206388206386,0.1189
REAX,Real REMAX Group Inc,Real Estate,Real Estate Services,,38.39,-637.65,29.56,0.0,,11.91,22.28,-15.7,0.78,-62.27,1.0,639520.0,1.17,19.81,Aug 06/b,47.0,434270000.0,HIGH,-18.14,-4.28,0.71,-12.83,0.6642,False,-11.65,False,-5.35,11.899,5.401,14.0,-17.46,27.0,14.51,19.81,23648696.0,,,137.3,0.14496314496314497,0.16277641277641278,0.02825552825552824,0.1153
MYO,Myomo Inc,Healthcare,Medical Devices,,,15.439999999999998,21.26,7.68,-1.34,3.32,13.04,86.59,1.6,-31.03,1.0,721930.0,0.4,1.3,Aug 05/a,4.64,51490000.0,HIGH,-17.2,-2.99,0.52,-11.89,0.4447,False,-13.28,True,1.04,8.484,6.077,18.0,-22.62,27.0,22.64,1.3,871242.0,,,256.9,0.1541769041769042,0.06695331695331695,0.0724815724815725,0.1035
AEVA,Aeva Technologies Inc,Technology,Software - Infrastructure,,,64.76,11.34,-6.509999999999999,3.3300000000000005,12.14,-41.06,-3.2300000000000004,2.4,-53.13,2.0,1850000.0,0.66,14.67,Aug 05/a,30.0,1020000000.0,HIGH,-38.23,-9.72,0.82,-32.92,0.5668,False,-12.61,False,-20.73,6.136,5.324,27.0,-25.19,27.0,-25.19,14.67,25022183.0,,,104.5,0.0171990171990172,0.27825552825552824,0.04054054054054057,0.1025
MEI,Methode Electronics Inc,Technology,Electronic Components,,88.83,-9.75,10.35,0.0,3.54,8.38,13.309999999999999,165.5,1.56,-33.17,2.0,793030.0,0.76,13.62,Sep 02/a,22.0,485490000.0,HIGH,-24.67,-3.13,0.73,-19.36,0.4555,False,-13.73,False,-13.44,10.132,5.433,11.0,-23.4,7.0,-11.1,13.62,13036822.0,,,61.5,0.07002457002457002,0.18120393120393122,0.06633906633906639,0.1023
LIND,Lindblad Expeditions Holdings Inc,Consumer Cyclical,Travel Services,,65.85,87.95,18.64,-1.09,9.98,10.82,10.87,60.89,2.27,-25.71,1.86,899860.0,0.54,26.0,Aug 03/b,34.71,1710000000.0,HIGH,-20.66,-2.07,0.63,-15.35,0.4115,False,-9.11,False,-10.82,5.077,4.577,23.0,-20.83,30.0,-12.1,26.0,21919966.0,,,33.5,0.10319410319410319,0.11179361179361179,0.08722358722358725,0.101
GCTK,GlucoTrack Inc,Healthcare,Medical Devices,,,92.08,,0.0,,3.47,-57.72999999999999,-86.5,0.7,-98.84,,757440.0,0.2,2.45,-,,1960000.0,HIGH,-52.24,-16.38,0.84,-46.93,0.9746,False,-39.77,False,-54.51,17.131,14.694,32.0,-42.69,,,2.45,752347.0,,,,0.004914004914004914,0.30773955773955775,0.014742014742014753,0.0987
PRLD,Prelude Therapeutics Inc,Healthcare,Biotechnology,,,65.57,,19.12,18.49,8.03,2.23,39.09,0.95,-32.8,1.0,503960.0,0.55,4.59,Aug 11/b,8.0,366300000.0,HIGH,-18.47,-13.4,0.5,-13.16,0.4732,False,-18.9,False,-8.98,8.866,3.922,19.0,-18.47,24.0,-4.97,4.59,3179911.0,,,74.3,0.13636363636363635,0.06203931203931204,0.06019656019656017,0.0912
AIB,AIB Data Centers Inc,Technology,Software - Infrastructure,,,98.74,2317.48,0.0,180.99,0.98,-16.87,90.14,4.95,-78.82,1.0,1190000.0,0.39,1.33,Aug 14/b,5.88,101050000.0,HIGH,-18.9,-6.99,0.41,-13.59,0.4289,True,2.58,False,-18.0,10.204,7.519,29.0,-32.14,21.0,-26.92,1.33,1464435.0,,,342.1,0.12714987714987716,0.0472972972972973,0.07739557739557734,0.0883
ELDN,Eledon Pharmaceuticals Inc,Healthcare,Biotechnology,,,-91.47,,0.0,6.68,9.63,-22.41,2.97,0.84,-39.78,1.0,1280000.0,0.41,2.77,Aug 13/a,9.5,225100000.0,HIGH,-22.63,-5.46,0.54,-17.32,0.3811,False,-12.73,False,-20.98,5.513,4.693,48.0,-29.52,21.0,-21.75,2.77,3024446.0,,,243.0,0.08845208845208845,0.07493857493857493,0.09950859950859947,0.0877
RGNX,Regenxbio Inc,Healthcare,Biotechnology,,,131.11,405.7300000000001,0.58,-0.45000000000000007,12.28,30.48,1.4,1.12,-46.32,1.55,1940000.0,0.44,8.69,Aug 06/b,22.09,573650000.0,HIGH,-23.3,-0.8,0.64,-17.99,0.4553,False,-9.2,False,-18.05,5.914,2.739,18.0,-21.5,27.0,-17.24,8.69,12252664.0,,,154.2,0.08108108108108109,0.1167076167076167,0.06756756756756754,0.0877
BLZE,Backblaze Inc,Technology,Software - Infrastructure,,59.13,34.4,17.67,-0.45000000000000007,11.72,7.19,62.12,252.75,1.58,-46.48,1.29,3580000.0,0.54,12.84,Aug 03/a,22.83,794800000.0,HIGH,-33.78,-7.56,0.74,-28.47,0.5448,False,-13.0,False,-16.31,6.001,5.374,22.0,-33.61,29.0,-17.64,12.84,39765725.0,,,77.8,0.025798525798525797,0.19963144963144963,0.04791154791154795,0.0846
DUOT,Duos Technologies Group Inc,Technology,Software - Application,8.39,7.61,553.3,7.66,0.0,14.71,18.19,-29.45,4.7,1.37,-46.07,1.0,976380.0,0.56,8.24,Aug 17/a,25.0,259329999.99999997,HIGH,-19.84,-8.95,0.39,-14.53,0.4155,False,-13.22,False,-8.94,6.256,4.066,20.0,-9.55,19.0,-19.84,8.24,14149310.0,,,203.4,0.11302211302211303,0.042997542997543,0.08599508599508598,0.0839
UMAC,Unusual Machines Inc,Technology,Computer Hardware,,,49.95,687.32,-9.53,16.62,19.25,-7.249999999999999,11.08,14.78,-35.12,1.0,4240000.0,0.45,22.66,Aug 06/b,39.0,1130000000.0,HIGH,-24.84,-12.78,0.5,-19.53,0.3719,False,-9.92,False,-2.09,7.608,4.899,22.0,-16.17,27.0,-6.48,22.66,97239812.0,,,72.1,0.06633906633906633,0.06203931203931204,0.10687960687960685,0.0772
FCUV,Focus Universal Inc,Technology,Scientific & Technical Instruments,,,66.36,1811.04,0.0,9.18,2.53,63.85999999999999,-66.57,-0.26,-97.41,,3730000.0,0.02,5.44,-,4.5,3830000.0,HIGH,-16.18,-7.95,0.18,-10.87,1.6337,False,-43.06,False,-16.62,51.209,7.022,9.0,-44.77,,,5.44,4056433.0,,,-17.3,0.16584766584766586,0.028255528255528257,0.00614250614250611,0.0767
PWCM,PowerCompute Inc,Financial,Capital Markets,,,-1174.28,9.76,108.09,0.97,11.5,-80.44,-87.67,2.34,-97.15,1.0,563830.0,0.33,1.02,Aug 14/b,4.0,1830000.0,HIGH,-20.31,-12.82,0.24,-15.0,0.4853,False,-15.67,False,-44.68,12.381,7.843,,,21.0,-19.05,1.02,1041231.0,,,292.2,0.10933660933660934,0.030712530712530713,0.057739557739557745,0.0703
EVMN,Evommune Inc,Healthcare,Biotechnology,,,-97.87,,-0.58,-1.3,20.87,-47.4,-52.57000000000001,,-68.58,1.42,854880.0,0.41,10.43,Aug 06/a,24.0,378530000.0,HIGH,-26.81,-20.26,0.57,-21.5,0.4288,False,-18.73,False,-17.65,7.837,3.03,18.0,-26.65,26.0,-22.05,10.43,7464424.0,,,130.1,0.052825552825552825,0.08046683046683047,0.07862407862407861,0.0689
GDC,GD Culture Group Limited,Communication Services,Electronic Gaming & Multimedia,,,-118.40000000000002,,0.0,2.98,15.16,-94.42,-99.86,1.98,-99.94,,1390000.0,0.11,1.38,-,,5740000.0,HIGH,-23.33,-4.83,0.08,-18.02,0.7196,False,-13.88,False,-16.31,8.494,6.522,18.0,-26.2,,,1.38,3467792.0,,,,0.07985257985257985,0.019656019656019656,0.02211302211302213,0.0445
WYFI,Whitefiber Inc,Technology,Information Technology Services,,56.79,-72.22,59.489999999999995,-0.02,5.17,55.65,-28.79,11.68,6.23,-62.470000000000006,1.18,2800000.0,0.59,17.59,Aug 12/b,40.82,683340000.0,HIGH,-42.04,-14.49,0.55,-36.73,0.6245,False,-13.39,False,-29.6,8.24,4.832,21.0,-37.67,23.0,-27.37,17.59,62338991.0,,,132.1,0.012285012285012284,0.07800982800982802,0.03194103194103193,0.0379
AIAI,AIAI Holdings Corp,Industrials,Conglomerates,,,,,-0.86,80.29,2.72,-76.94,,,-82.58,,542050.0,0.54,3.41,-,,266870000.0,HIGH,-31.94,-13.67,0.27,-26.63,0.8491,False,-20.31,False,-42.31,17.386,7.038,16.0,-24.72,,,3.41,6056321.0,,,,0.03562653562653563,0.032555282555282554,0.017199017199017175,0.0292
ZNB,Zeta Network Group,Communication Services,Entertainment,,,-409.55,28.550000000000004,-99.67,-37.33,7.0,-80.95,-96.96,2.71,-99.97,,728150.0,0.04,1.41,-,,1370000.0,HIGH,-33.49,-12.42,0.02,-28.18,0.5612,False,-18.61,False,-42.37,9.169,7.801,,,,,1.41,3035953.0,,,,0.029484029484029485,0.006756756756756757,0.04422604422604426,0.0271
AMIX,Autonomix Medical Inc,Healthcare,Medical Devices,,,77.77,,0.0,9.89,3.49,-46.53,-51.47999999999999,-1.0,-86.7,1.0,4510000.0,0.01,4.33,Sep 02,58.8,7920000.0,HIGH,-32.34,-5.46,0.02,-27.03,0.6293,False,-17.12,False,-26.84,16.775,4.388,29.0,18.63,,,4.33,15573703.0,,,1258.0,0.0343980343980344,0.006756756756756757,0.03071253071253066,0.025
JUNS,Jupiter Neurosciences Inc,Healthcare,Biotechnology,,,19.9,,0.0,16.15,5.58,-80.99,-89.25,1.77,-97.53,1.0,983060.0,0.07,3.41,-,1875.0,4490000.0,HIGH,-34.17,10.71,0.03,-28.86,0.983,False,-18.77,False,-55.3,14.556,14.575,,,,,3.41,16744644.0,,,54885.3,0.02457002457002457,0.010442260442260442,0.013513513513513487,0.017
GYGY,Game Your Game Inc,Technology,Software - Infrastructure,,,,,0.0,38.18,,,,,-96.91,,3020000.0,0.08,1.01,-,,14530000.0,HIGH,-47.67,-15.13,0.05,-42.36,0.8132,False,-25.3,,,22.136,4.95,,,,,1.01,7057993.0,,,,0.007371007371007371,0.016584766584766583,0.01842751842751844,0.0135
AEMD,Aethlon Medical Inc,Healthcare,Medical Devices,,,90.52,,0.0,2.32,29.22,-84.75,-84.21,1.52,-96.28,3.0,1060000.0,0.05,1.54,Aug 13/a,13.25,2470000.0,HIGH,-47.62,-14.92,0.02,-42.31,0.8852,False,-29.39,False,-44.69,19.295,7.792,,,21.0,-45.58,1.54,7721088.0,,,760.4,0.0085995085995086,0.006756756756756757,0.01597051597051602,0.0103
SGLY,Singularity Future Technology Ltd,Industrials,Integrated Freight & Logistics,,,280.13,11.19,0.0,0.34,0.34,-72.3,-74.79,1.38,-93.3,1.0,1300000.0,0.22,1.36,-,1.75,7350000.0,HIGH,-69.71,-13.92,0.08,-64.4,1.6437,False,-36.08,False,-63.54,20.903,14.706,34.0,-66.08,,,1.36,11879163.0,,,28.7,0.0012285012285012285,0.019656019656019656,0.004914004914004955,0.0079
PFSA,Profusa Inc,Healthcare,Medical Devices,,,98.72,,-7.9399999999999995,,7.62,-88.45,-97.18,5.07,-99.92,,1130000.0,0.1,2.59,-,,1570000.0,HIGH,-42.83,-10.07,0.03,-37.52,4.3775,False,-51.3,False,-55.79,21.266,11.197,19.0,-42.83,,,2.59,77012928.0,,,,0.009828009828009828,0.010442260442260442,0.0,0.0071
IPST,IP Strategy Holdings Inc,Financial,Capital Markets,,,28.410000000000004,56.8,0.0,-0.83,7.47,-9.78,-67.32,5.32,-99.38,1.0,2400000.0,0.01,3.32,-,164.0,2400000.0,HIGH,-55.07,-17.21,0.0,-49.76,2.1098,False,-45.39,False,-12.94,22.313,11.747,20.0,50.91,,,3.32,69708926.0,,,4839.8,0.002457002457002457,0.0018427518427518428,0.002457002457002422,0.0023
AAP,Advance Auto Parts Inc,Consumer Cyclical,Auto Parts,32.67,11.48,263.7,-0.5,0.0,3.2,16.55,-25.97,-12.990000000000002,1.07,-30.98,3.04,1920000.0,1.0,45.01,Aug 20/b,50.21,2720000000.0,HIGH,-20.65,5.76,0.73,-15.34,0.4353,False,-0.67,False,-12.79,3.414,2.444,29.0,-19.16,17.0,6.18,45.01,117311396.0,shrinking revenue,,11.6,,,,
ABR,Arbor Realty Trust Inc,Real Estate,REIT - Mortgage,72.43,7.98,-257.57,-3.04,0.45000000000000007,3.2199999999999998,24.58,-10.75,-39.37,1.19,-63.019999999999996,3.4,3890000.0,0.98,4.65,Jul 31/b,5.88,867490000.0,HIGH,-7.0,-7.19,1.04,-1.69,0.1351,False,-7.61,False,-8.23,3.303,3.011,26.0,-9.36,31.0,-2.92,4.65,18361121.0,shrinking revenue,,26.5,,,,
ABSI,Absci Corp,Healthcare,Biotechnology,,,11.98,-46.37,0.64,18.52,24.84,18.97,238.49,2.32,-32.89,1.18,4540000.0,0.66,8.09,Aug 11/a,14.4,1390000000.0,HIGH,-12.45,-9.2,1.07,-7.14,0.2158,False,-9.67,False,-9.68,6.832,2.843,18.0,-8.59,23.0,-14.03,8.09,25294279.0,shrinking revenue,,78.0,,,,
ABUS,Arbutus Biopharma Corp,Healthcare,Biotechnology,6.55,,-298.47,-90.56,0.0,0.57,12.0,20.42,20.42,0.75,-5.87,1.0,3060000.0,1.24,5.13,Aug 12/b,5.5,1020000000.0,HIGH,8.92,-0.97,0.75,14.23,0.1139,True,0.98,True,7.01,1.699,1.17,16.0,7.55,23.0,11.76,5.13,26261254.0,shrinking revenue,,7.2,,,,
ACDC,ProFrac Holding Corp,Energy,Oil & Gas Equipment & Services,,,33.5,-0.76,1.31,3.4000000000000004,17.4,-35.36,-23.15,1.49,-40.63,4.5,1570000.0,0.98,4.88,Aug 06/b,5.38,888760000.0,HIGH,-7.58,-9.96,1.15,-2.27,0.218,False,-2.68,True,1.63,7.289,8.094,5.0,-5.24,27.0,9.29,4.88,6657616.0,shrinking revenue,,10.2,,,,
ACH,Accendra Health Inc,Healthcare,Medical Distribution,,6.14,89.72,-10.07,0.0,-0.22,12.68,-66.37,-52.94,1.51,-80.32,3.4,1170000.0,0.75,1.12,Aug 10/b,1.56,86140000.0,HIGH,4.67,1.82,0.62,9.98,0.2483,False,-4.27,False,-49.71,7.908,10.714,42.0,-69.15,25.0,-20.0,1.12,1671163.0,shrinking revenue,,39.3,,,,
ACHC,Acadia Healthcare Company Inc,Healthcare,Medical Care Facilities,,15.37,-64.09,-0.39,0.0,-0.14,25.94,13.819999999999999,19.05,0.62,-21.85,1.93,2600000.0,0.42,28.0,Jul 28/a,33.57,2610000000.0,HIGH,-6.67,1.82,0.71,-1.36,0.1427,False,-1.44,False,-8.09,5.14,5.071,39.0,-18.68,33.0,2.38,28.0,43178058.0,shrinking revenue,,19.9,,,,
ACRS,Aclaris Therapeutics Inc,Healthcare,Biotechnology,,,-19.7,-8.33,-0.89,4.63,13.35,30.56,59.31999999999999,0.88,-14.540000000000001,1.15,2020000.0,2.89,5.64,Aug 06/b,10.58,830200000.0,HIGH,-4.73,-6.93,2.67,0.58,0.2175,False,-6.83,False,-2.64,6.136,7.535,14.0,-10.62,27.0,-7.39,5.64,13093898.0,shrinking revenue,,87.6,,,,
ACVA,ACV Auctions Inc,Consumer Cyclical,Auto & Truck Dealerships,,30.27,-12.38,10.45,0.0,0.9399999999999998,9.85,73.21,115.08,1.76,-1.7500000000000002,2.6,5690000.0,3.29,10.41,Aug 10/a,10.83,1770000000.0,HIGH,36.61,48.08,1.8,41.92,0.5405,True,37.93,True,37.75,5.386,0.288,2.0,44.18,24.0,43.39,10.41,96402836.0,>20% above 20-day SMA; fresh >10% breakout,,4.0,,,,
AEO,American Eagle Outfitters Inc,Consumer Cyclical,Apparel Retail,7.9,8.04,74.24,7.53,-0.15,-0.37,11.6,-17.88,-12.23,1.28,-45.78,2.93,5420000.0,1.4,15.43,Sep 09/a,18.36,2590000000.0,HIGH,-5.63,-10.39,1.04,-0.32,0.1844,False,-6.39,False,-8.72,5.574,6.87,25.0,-14.13,3.0,6.19,15.43,118212827.0,post-earnings jump,,19.0,,,,
AHCO,AdaptHealth Corp,Healthcare,Medical Devices,,,-1103.98,-7.5,0.9899999999999999,0.08,12.01,-42.13,-44.5,1.41,-56.220000000000006,1.14,2650000.0,1.4,5.88,Aug 04/b,9.14,801710000.0,HIGH,1.2,-5.01,1.35,6.51,0.202,True,1.02,False,-25.15,5.644,6.548,7.0,-2.65,29.0,-12.37,5.88,16055416.0,shrinking revenue,,55.4,,,,
AHRT,AH Realty Trust Inc,Real Estate,REIT - Diversified,,,-745.55,-48.1,0.16,-0.21,4.17,-9.3,14.08,1.11,-19.07,2.25,692360.0,0.65,6.24,Aug 03/a,7.5,598480000.0,HIGH,-6.31,-4.0,0.82,-1.0,0.0947,False,-4.77,False,-8.39,2.06,2.404,55.0,-10.09,29.0,-10.09,6.24,3526943.0,shrinking revenue,,20.2,,,,
AI,C3.ai Inc,Technology,Software - Infrastructure,,,30.579999999999995,-25.46,-15.47,9.04,32.73,2.48,25.36,2.1,-44.76,3.77,5410000.0,1.05,11.17,Sep 02/a,8.3,1800000000.0,HIGH,15.15,6.28,1.05,20.46,0.1482,True,7.85,True,15.19,4.793,7.654,1.0,5.98,7.0,6.18,11.17,56359593.0,shrinking revenue,,-25.7,,,,
AIRS,Airsculpt Technologies Inc,Healthcare,Medical Care Facilities,,,-58.59000000000001,-2.53,0.93,-2.62,28.72,-55.50999999999999,28.65,2.27,-80.17,2.33,725190.0,0.79,2.38,Aug 10/b,4.5,171590000.0,HIGH,-22.85,-12.01,0.64,-17.54,0.2597,False,-9.32,False,-34.94,7.674,2.437,26.0,-50.1,25.0,-13.45,2.38,2363153.0,shrinking revenue,,89.1,,,,
AIV,Apartment Investment & Management Co,Real Estate,REIT - Residential,,,1182.77,-36.06,0.0,-0.03,1.67,-17.71,-19.15,1.18,-24.8,1.0,1240000.0,2.09,2.37,Mar 02/a,6.7,344210000.0,HIGH,-9.54,-4.44,1.93,-4.23,0.1192,False,-6.58,False,-10.06,2.502,4.219,,,,,2.37,3361380.0,shrinking revenue,,182.7,,,,
AIXC,AIxCrypto Holdings Inc,Technology,Software - Infrastructure,,,79.4,,0.0,2.69,5.36,-14.39,4.39,0.52,-86.49,,1290000.0,2.49,1.19,May 11/a,250.0,25120000.0,HIGH,67.61,72.46,0.77,72.92,1.0445,True,30.18,True,37.6,10.024,29.412,19.0,67.61,,,1.19,5238957.0,>20% above 20-day SMA,,20908.4,,,,
AKR,Acadia Realty Trust,Real Estate,REIT - Retail,58.6,61.83,312.1,-5.14,-3.27,4.42,8.76,-10.28,-1.6399999999999997,1.12,-13.94,1.29,1540000.0,1.25,19.82,Jul 28/a,24.71,2770000000.0,HIGH,-4.8,-2.7,1.31,0.51,0.0956,False,-3.85,False,-6.64,1.816,2.472,39.0,-11.36,33.0,-10.48,19.82,30383787.0,shrinking revenue,,24.7,,,,
ALEC,Alector Inc,Healthcare,Biotechnology,,,32.03,-57.84,-0.78,2.74,7.49,44.44,0.45000000000000007,0.6,-35.0,2.86,1150000.0,2.15,2.21,Aug 06/a,3.1,246770000.0,HIGH,7.8,-10.53,1.51,13.11,0.2637,False,-5.43,True,14.76,9.57,5.882,8.0,-7.92,26.0,24.16,2.21,3774896.0,shrinking revenue,,40.3,,,,
ALIT,Alight Inc,Technology,Software - Application,,2.57,99.06,-3.2199999999999998,0.73,-16.95,3.99,-19.03,-32.41,1.66,-83.59,2.8,875170.0,0.5,12.37,Aug 04/a,20.33,333230000.0,HIGH,-7.96,-8.03,1.02,-2.65,0.2714,False,-10.08,False,-24.59,6.567,4.026,45.0,-36.95,28.0,-14.28,12.37,5951787.0,shrinking revenue,,64.3,,,,
ALMS,Alumis Inc,Healthcare,Biotechnology,,,-243.88,-37.66,2.4,3.4799999999999995,5.86,-61.82,-62.84,-0.43,-70.59,1.3,2160000.0,1.86,9.22,Aug 13/a,31.12,1230000000.0,HIGH,-63.84,-12.85,1.02,-58.53,1.585,False,-47.37,False,-60.94,20.033,3.644,49.0,-66.19,21.0,-62.23,9.22,45355194.0,shrinking revenue,,237.5,,,,
ALMU,Aeluma Inc,Technology,Semiconductors,,,-190.14,-2.63,-3.17,5.52,25.25,-50.24000000000001,-15.329999999999998,0.31,-60.54999999999999,1.0,529650.0,1.12,12.54,Sep 16/a,30.5,241590000.0,HIGH,-29.47,-5.79,1.33,-24.16,0.3842,False,-9.69,False,-19.26,5.766,4.984,21.0,-28.75,,,12.54,6217098.0,shrinking revenue,,143.2,,,,
ALT,Altimmune Inc,Healthcare,Biotechnology,,,54.71,-100.0,0.45999999999999996,36.33,27.06,26.44,-5.71,0.04,-48.76,1.33,4470000.0,0.55,3.3,Aug 12/b,17.12,641910000.0,HIGH,10.0,-1.79,0.63,15.31,0.166,True,3.68,True,8.27,4.229,2.727,6.0,2.17,23.0,12.63,3.3,12410022.0,shrinking revenue,,418.8,,,,
AMCX,AMC Global Media Inc,Communication Services,Entertainment,,5.12,-155.88,-8.75,0.0,2.89,24.26,21.73,70.18,1.39,-5.07,3.75,621480.0,1.01,12.27,Jul 30/b,9.8,506130000.0,HIGH,1.49,1.57,1.21,6.8,0.1043,False,-0.54,True,7.9,4.156,3.912,16.0,0.66,32.0,26.36,12.27,6412065.0,shrinking revenue,,-20.1,,,,
AMPG,Amplitech Group Inc,Technology,Communication Equipment,,,-39.38,-26.810000000000002,-2.9,2.23,16.05,-60.19,32.03,-0.27,-66.57,1.0,2750000.0,0.24,3.38,Aug 13/a,7.0,101550000.0,HIGH,-8.65,-5.19,0.42,-3.34,0.1443,False,-2.64,False,-30.84,5.759,2.071,,,21.0,-15.39,3.38,5525860.0,shrinking revenue,,107.1,,,,
AMPY,Amplify Energy Corp,Energy,Oil & Gas E&P,9.99,11.19,168.67,-22.93,-8.54,-3.09,12.49,10.83,-26.450000000000003,0.06,-29.160000000000004,1.0,830120.0,0.94,4.81,Aug 10/a,7.75,199410000.0,HIGH,-0.21,-2.63,1.23,5.1,0.0913,False,-0.75,True,9.98,3.312,5.613,10.0,1.05,24.0,15.63,4.81,3053119.0,shrinking revenue,,61.1,,,,
AMTM,Amentum Holdings Inc,Industrials,Specialty Business Services,23.65,7.55,553.88,-1.9900000000000002,0.0,2.14,6.13,-13.65,-29.25,0.27,-48.2,2.36,2089999.9999999998,0.79,19.74,Aug 10/a,29.55,4830000000.0,HIGH,-3.38,-1.99,0.77,1.93,0.1069,False,-2.38,False,-7.43,2.539,1.722,26.0,-17.2,24.0,-11.99,19.74,43173121.0,shrinking revenue,,49.7,,,,
ANAB,AnaptysBio Inc,Healthcare,Biotechnology,,18.92,-43.62,-7.980000000000001,-1.9,5.66,19.59,-3.5000000000000004,25.25,0.91,-25.22,1.2,592750.0,0.74,54.11,Sep 11,84.5,1600000000.0,HIGH,-9.35,-4.4,0.98,-4.04,0.1144,False,-4.95,False,-5.36,4.436,3.142,21.0,-3.41,,,54.11,25292056.0,shrinking revenue,,56.2,,,,
ANGI,Angi Inc,Communication Services,Internet Content & Information,,11.29,-2595.05,-10.86,0.0,-1.87,12.15,-11.27,-32.88,1.74,-73.01,2.75,825510.0,0.88,4.96,Aug 04/a,8.0,201160000.0,HIGH,11.21,5.53,0.92,16.52,0.1318,True,3.78,False,-6.88,5.89,6.048,49.0,-20.51,28.0,3.55,4.96,3769078.0,shrinking revenue,,61.3,,,,
ANY,Sphere 3D Corp,Financial,Capital Markets,,,-545.15,-18.75,0.0,21.29,4.28,3.53,80.86,3.36,-76.75,1.0,665630.0,0.53,2.93,Aug 14/b,30.0,25500000.0,HIGH,39.52,19.59,0.59,44.83,0.4212,True,23.65,True,33.82,8.501,11.945,2.0,15.35,21.0,40.19,2.93,1467884.0,>20% above 20-day SMA; fresh >10% breakout; shrinking revenue,,923.9,,,,
AOSL,Alpha & Omega Semiconductor Ltd,Technology,Semiconductors,,76.89,83.17,-3.46,-1.27,3.7000000000000006,10.71,-46.43,12.6,2.65,-55.43,2.0,655350.0,0.93,24.22,Aug 12/a,46.4,732880000.0,HIGH,-22.05,-5.06,1.09,-16.74,0.2565,False,-6.34,False,-20.34,4.94,3.179,23.0,-30.48,22.0,-20.9,24.22,14506589.0,shrinking revenue,,91.6,,,,
ARCT,Arcturus Therapeutics Holdings Inc,Healthcare,Biotechnology,,,-147.28,-96.41,0.0,4.76,23.4,119.37,128.89,2.47,-36.74,1.46,851580.0,0.7,15.29,Aug 06/a,22.3,434590000.0,HIGH,87.84,-2.18,0.39,93.15,0.7342,True,8.62,True,59.93,9.885,7.26,9.0,3.59,26.0,151.48,15.29,21088609.0,>40% above 50-day SMA; shrinking revenue,,45.8,,,,
AREC,American Resources Corp,Industrials,Waste Management,,6.92,56.13,-99.93,0.0,-2.03,14.55,-3.19,-33.39,1.15,-70.86,1.0,2590000.0,0.55,2.04,Aug 18,6.0,218220000.0,HIGH,-30.85,-16.73,0.85,-25.54,0.354,False,-17.53,False,-7.46,7.16,3.922,20.0,-29.17,,,2.04,4196728.0,shrinking revenue,,194.1,,,,
ARI,Apollo Commercial Real Estate Finance Inc,Real Estate,REIT - Mortgage,8.33,11.66,-12.45,-239.95,-0.4099999999999999,-6.35,4.31,-8.41,-4.22,1.45,-12.49,1.5,5320000.0,0.3,6.57,Aug 10/a,8.0,844540000.0,HIGH,-3.81,-3.24,0.66,1.5,0.058,False,-3.74,False,-10.77,1.479,1.37,17.0,-4.78,24.0,-1.2,6.57,16417802.0,shrinking revenue,,21.8,,,,
ARRY,Array Technologies Inc,Technology,Solar,,4.95,-70.86,-5.57,0.0,0.18,23.37,-43.24,-36.36,1.79,-63.94,2.13,6600000.0,0.61,4.41,Aug 05/a,8.92,679180000.0,HIGH,-11.45,-6.17,0.69,-6.14,0.1369,False,-4.59,False,-16.81,4.901,2.834,,,27.0,-16.0,4.41,27183148.0,shrinking revenue,,102.3,,,,
ARTW,Art's-way Manufacturing Co Inc,Industrials,Farm & Heavy Construction Machinery,,,-88.52,23.95,0.0,3.1,1.49,15.15,35.71,1.06,-27.1,1.0,555190.0,0.01,3.04,-,7.0,15810000.0,HIGH,-5.59,-2.25,0.1,-0.28,0.1773,True,1.15,True,15.12,5.804,3.289,6.0,0.33,,,3.04,96699.0,illiquid (<$500K/day),,130.3,,,,
ASPN,Aspen Aerogels Inc,Basic Materials,Specialty Chemicals,,,-154.63,-36.11,0.0,5.57,12.09,-17.74,33.42,3.07,-47.9,2.2,1300000.0,0.44,4.87,Aug 06/b,7.94,404150000.0,HIGH,-16.32,-0.81,0.79,-11.01,0.2225,False,-3.95,False,-6.29,4.318,3.285,27.0,-2.79,27.0,-2.79,4.87,3685032.0,shrinking revenue,,63.0,,,,
ASST,Strive Inc,Financial,Asset Management,,53.02,-10.31,-19.2,0.14,15.960000000000003,24.01,91.62,204.62000000000003,13.28,-84.75,1.0,5650000.0,1.74,29.03,Aug 10/b,29.4,2710000000.0,HIGH,119.92,6.89,0.94,125.23,0.9065,True,30.05,True,78.39,7.887,6.889,2.0,7.92,25.0,133.36,29.03,238728939.0,>40% above 50-day SMA; >20% above 20-day SMA; shrinking revenue,,1.3,,,,
ATEC,Alphatec Holdings Inc,Healthcare,Medical Devices,,17.82,40.0,15.07,-0.29,-1.17,11.56,31.16,-11.56,0.78,-53.37,1.0,2520000.0,1.66,10.86,Aug 04/a,15.79,1680000000.0,HIGH,14.92,18.17,2.09,20.23,0.1996,True,14.61,True,16.37,4.67,5.893,2.0,22.85,28.0,13.48,10.86,19326547.0,fresh >10% breakout,,45.4,,,,
ATKR,Atkore Inc,Industrials,Electrical Equipment & Parts,,14.84,-98.25,8.13,-0.95,4.07,3.41,18.67,67.59,1.69,-0.34,3.33,773260.0,1.1,94.07,Aug 03/b,93.5,3180000000.0,HIGH,0.38,0.21,1.27,5.69,0.0104,True,0.37,True,10.22,0.291,0.404,4.0,0.21,30.0,28.93,94.07,62360338.0,deal-pinned,,-0.6,,,,
AVAT,Avalanche Treasury Corp,Financial,Asset Management,,,-2268.12,,0.0,45.82,1.2,-22.22,-90.03,1.57,-90.18,,705370.0,0.9,1.05,Aug 26/a,,45910000.0,HIGH,172.02,22.81,0.8,177.33,1.2426,True,55.98,True,102.23,9.673,10.857,2.0,10.41,12.0,90.22,1.05,561403.0,>40% above 50-day SMA; >20% above 20-day SMA; fresh >10% breakout,,,,,,
BAER,Bridger Aerospace Group Holdings Inc,Industrials,Security & Protection Services,,,-14.82,-0.84,-31.620000000000005,-18.49,3.72,-46.32,-49.0,0.32,-70.35,1.0,927580.0,0.79,1.02,Aug 06/a,3.67,60000000.0,HIGH,-14.29,-7.27,0.75,-8.98,0.2069,False,-8.97,False,-32.49,5.14,4.608,32.0,-46.03,26.0,-19.05,1.02,1117814.0,shrinking revenue,REVIEW,259.8,,,,
BANC,Banc of California Inc,Financial,Banks - Regional,,8.78,-1485.65,-60.17,-2.05,3.42,6.5,-8.48,10.01,0.77,-15.82,1.58,2970000.0,0.76,18.46,Jul 29/b,22.08,2920000000.0,HIGH,-6.25,-0.86,1.05,-0.94,0.0707,False,-1.38,False,-5.78,2.039,2.329,39.0,-11.29,33.0,-0.7,18.46,40034655.0,shrinking revenue,,19.6,,,,
BATRK,Atlanta Braves Holdings Inc,Communication Services,Entertainment,,,-140.5,-2.34,-0.19,,7.17,-1.6,15.83,0.84,-8.35,2.0,572810.0,0.68,49.91,Aug 05/b,67.0,3210000000.0,HIGH,-5.33,-1.09,0.83,-0.02,0.1075,False,-2.39,False,-2.53,2.489,2.525,23.0,-2.06,28.0,0.32,49.91,24031892.0,shrinking revenue,,34.2,,,,
BBW,Build A Bear Workshop Inc,Consumer Cyclical,Specialty Retail,6.73,7.12,-25.129999999999995,-7.21,-1.48,0.07,23.31,-15.47,-33.61,1.03,-64.19,1.0,542100.0,0.9,27.16,Aug 27/b,43.0,334600000.0,HIGH,-28.88,-6.79,0.51,-23.57,0.6026,False,-17.33,False,-19.6,8.132,3.903,18.0,-27.46,12.0,-4.5,27.16,29911359.0,shrinking revenue,,58.3,,,,
BBWI,Bath & Body Works Inc,Consumer Cyclical,Specialty Retail,4.65,6.48,92.61,-2.26,0.0,-0.45000000000000007,8.7,-7.68,-8.15,1.38,-35.62,2.48,5860000.0,1.0,17.91,Aug 26/b,22.07,3610000000.0,HIGH,-4.78,-5.24,0.84,0.53,0.1538,False,-4.87,False,-8.66,6.014,3.294,55.0,-17.92,13.0,1.88,17.91,131352076.0,shrinking revenue,,23.2,,,,
BCDA,BioCardia Inc,Healthcare,Biotechnology,,,67.06,,1.81,10.26,17.46,35.23,-5.56,0.61,-47.58,1.0,511080.0,1.17,1.19,Aug 12/a,15.5,18020000.0,HIGH,26.6,7.21,3.13,31.91,0.269,True,9.73,True,22.25,5.942,10.924,16.0,22.68,22.0,35.23,1.19,208035.0,illiquid (<$500K/day),,1202.5,,,,
BEAM,Beam Therapeutics Inc,Healthcare,Biotechnology,,,-17.25,-94.21,-4.68,1.31,27.46,-16.91,-4.13,2.2,-36.96,1.25,2150000.0,0.68,24.12,Aug 04/b,51.07,2490000000.0,HIGH,-11.0,-10.1,0.77,-5.69,0.3141,False,-14.1,False,-15.05,6.896,3.897,14.0,-14.86,29.0,-6.91,24.12,52500473.0,shrinking revenue,,111.7,,,,
BGS,B&G Foods Inc,Consumer Defensive,Packaged Foods,,6.12,59.89,-9.7,-0.4699999999999999,-5.08,17.42,-21.59,-39.69,0.54,-50.470000000000006,3.4,2110000.0,0.94,3.16,Aug 11/a,4.2,256829999.99999997,HIGH,-8.41,-4.24,1.02,-3.1,0.1501,False,-6.94,False,-11.12,3.21,2.848,,,23.0,-7.33,3.16,6596688.0,shrinking revenue,,32.9,,,,
BHR,Braemar Hotels & Resorts Inc,Real Estate,REIT - Hotel & Motel,,,95.64,-4.5,0.0,-0.73,3.41,-12.9,-24.4,0.81,-40.75,3.0,608400.0,0.42,1.89,Aug 05/a,2.5,129800000.00000001,HIGH,-8.7,2.72,0.71,-3.39,0.1851,False,-4.13,False,-8.42,3.326,3.175,34.0,-17.11,27.0,-7.8,1.89,703846.0,shrinking revenue,,32.3,,,,
BIRD,Smartbird Inc,Technology,Software - Infrastructure,,,27.229999999999997,-93.05,-2.52,1.03,19.09,-21.58,-7.109999999999999,2.63,-88.19,3.0,1880000.0,0.1,2.51,Aug 12,8.0,29640000.0,HIGH,1.21,0.4,0.28,6.52,0.1433,True,1.95,False,-3.76,7.04,4.382,12.0,5.46,,,2.51,1713301.0,shrinking revenue,,218.7,,,,
BKD,Brookdale Senior Living Inc,Healthcare,Medical Care Facilities,,69.38,152.05,-11.61,0.0,5.83,18.82,-11.32,-14.56,0.52,-30.31,1.17,5110000.0,0.49,11.91,Aug 10/a,19.25,2840000000.0,HIGH,-2.62,-1.49,0.59,2.69,0.0582,False,-0.88,False,-11.72,3.383,3.946,55.0,-22.71,24.0,-5.1,11.91,51258894.0,shrinking revenue,,61.6,,,,
BKKT,Bakkt Inc,Technology,Software - Infrastructure,,,189.82,-70.56,6.64,9.02,22.35,-1.9,-12.49,6.06,-83.39,1.0,1290000.0,0.62,8.27,Aug 10/a,12.5,372730000.0,HIGH,16.15,0.12,0.53,21.46,0.2521,True,4.03,True,5.76,6.966,3.748,14.0,1.1,24.0,12.21,8.27,11941347.0,shrinking revenue,,51.1,,,,
BKU,BankUnited Inc,Financial,Banks - Regional,12.21,9.96,6.67,-5.42,-1.18,-0.62,4.06,-9.17,3.93,1.19,-14.66,2.55,912320.0,1.73,44.47,Jul 22/b,50.18,3170000000.0,HIGH,-7.08,-2.37,2.23,-1.77,0.0795,False,-3.35,False,-5.18,2.202,1.956,,,38.0,-3.2,44.47,32462866.0,shrinking revenue,,12.8,,,,
BMBL,Bumble Inc,Communication Services,Internet Content & Information,,3.16,65.75,-15.190000000000001,-70.1,1.5,16.15,9.19,-21.22,1.87,-59.43000000000001,2.92,3100000.0,1.27,2.97,Aug 05/a,3.49,391950000.0,HIGH,14.23,2.06,1.73,19.54,0.1522,True,5.34,True,2.89,3.901,6.229,7.0,4.95,27.0,4.39,2.97,6396962.0,shrinking revenue,,17.5,,,,
BNC,CEA Industries Inc,Industrials,Farm & Heavy Construction Machinery,2.88,,96.82,-4.56,0.0,-1.7500000000000002,2.71,157.07,61.65999999999999,0.54,-70.53,1.0,1630000.0,3.42,5.27,Sep 11/a,29.0,216980000.0,HIGH,107.48,0.38,1.2,112.79,1.0819,True,52.8,True,75.67,10.079,10.816,1.0,9.79,1.0,9.79,5.27,23359611.0,>40% above 50-day SMA; >20% above 20-day SMA; post-earnings jump; shrinking revenue,,450.3,,,,
BOLD,Boundless Bio Inc,Healthcare,Biotechnology,,,-50.51,,5.53,-2.92,4.65,101.42,155.86,0.42,-10.23,3.0,1280000.0,0.02,2.84,Aug 17,4.0,64610000.0,HIGH,0.35,-0.7,0.28,5.66,0.067,False,-1.23,True,5.24,3.013,1.761,17.0,-0.7,,,2.84,281955.0,illiquid (<$500K/day),,40.8,,,,
BOXL,Boxlight Corp,Technology,Consumer Electronics,,,100.61,-15.990000000000002,-0.14,0.37,8.38,23.11,-30.380000000000003,0.89,-98.51,3.0,1740000.0,0.22,5.43,Aug 12/a,225.0,3630000.0,HIGH,-24.79,-7.65,3.11,-19.48,0.3696,False,-10.08,True,12.89,9.333,4.401,23.0,85.32,22.0,-20.15,5.43,693860.0,shrinking revenue,,4043.6,,,,
BRBS,Blue Ridge Bankshares Inc (VA),Financial,Banks - Regional,43.92,,-200.0,-19.56,0.0,-1.16,2.95,23.64,23.1,0.67,-2.74,,749850.0,1.44,4.08,Apr 23/a,,360570000.0,HIGH,2.0,2.0,0.65,7.31,0.0671,True,2.89,True,9.82,1.847,2.328,4.0,2.0,,,4.08,6593175.0,shrinking revenue,,,,,,
BRR,ProCap Financial Inc,Financial,Capital Markets,,,-80744.44,,-0.31,-13.63,2.83,98.77,18.82,1.13,-69.54,,909800.0,2.36,3.22,-,,284550000.0,HIGH,76.92,17.95,1.66,82.23,0.6763,True,34.39,True,59.28,6.389,6.522,8.0,54.81,,,3.22,3277495.0,>40% above 50-day SMA; >20% above 20-day SMA,,,,,,
BRSP,BrightSpire Capital Inc,Real Estate,REIT - Mortgage,,6.74,19.53,-3.1,0.0,-6.529999999999999,3.19,-21.17,-20.04,1.38,-28.139999999999997,2.0,1600000.0,1.23,4.43,Jul 28/a,6.32,560500000.0,HIGH,-8.85,-4.32,1.79,-3.54,0.1308,False,-6.21,False,-11.52,2.094,1.58,,,33.0,-11.4,4.43,5135349.0,shrinking revenue,,42.7,,,,
BTCS,BTCS Inc,Financial,Capital Markets,,,-604.82,-11.75,-6.0,-9.2,4.79,20.35,-21.84,3.32,-77.89,1.0,1510000.0,1.28,1.36,Aug 20/b,5.0,71360000.0,HIGH,21.43,-3.55,0.65,26.74,0.3682,True,0.59,True,15.91,9.491,9.191,12.0,-6.21,17.0,7.94,1.36,4052906.0,shrinking revenue,,267.6,,,,
BUSE,First Busey Corp,Financial,Banks - Regional,12.69,11.2,31.97,-6.94,-0.16,0.88,4.84,6.06,23.7,0.74,-3.6900000000000004,2.0,793230.0,0.69,30.53,Jul 28/a,33.29,2520000000.0,HIGH,-1.77,0.36,0.92,3.54,0.0387,True,0.52,True,0.79,1.42,1.048,29.0,-2.37,33.0,0.99,30.53,18055167.0,shrinking revenue,,9.0,,,,
BWEN,Broadwind Inc,Industrials,Specialty Industrial Machinery,16.01,146.98,59.21999999999999,-38.06,0.0,5.48,3.9,-6.22,79.0,1.77,-31.230000000000004,1.0,536710.0,0.53,3.92,Aug 11/b,6.83,92740000.0,HIGH,-25.62,-5.77,0.91,-20.31,0.3061,False,-9.69,False,-13.43,5.266,4.082,24.0,-12.11,24.0,-12.11,3.92,1370475.0,shrinking revenue,,74.2,,,,
BXMT,Blackstone Mortgage Trust Inc,Real Estate,REIT - Mortgage,152.61,9.2,-1286.91,-2.87,0.02,-0.15,6.83,-28.27,-29.04,0.95,-36.27,2.0,2069999.9999999998,0.9,13.17,Jul 30/b,18.5,2220000000.0,HIGH,-7.51,-5.05,1.02,-2.2,0.0953,False,-5.57,False,-12.84,2.099,2.658,,,32.0,-12.02,13.17,25150624.0,shrinking revenue,,40.5,,,,
BYND,Beyond Meat Inc,Consumer Defensive,Packaged Foods,,,83.86,-8.17,-43.73,,28.11,-49.56,-54.79999999999999,2.83,-95.53,5.0,1300000.0,0.9,10.31,Aug 05/a,12.5,177270000.0,HIGH,-11.35,-8.03,0.85,-6.04,0.5,False,-18.05,False,-33.14,6.649,5.383,,,27.0,-34.91,10.31,17365705.0,shrinking revenue,,21.2,,,,
BZFD,BuzzFeed Inc,Communication Services,Internet Content & Information,,,24.29,-21.78,0.15,-0.22999999999999998,13.74,-16.54,58.57,3.9,-49.77,3.0,672220.0,0.36,1.11,Aug 04/a,1.0,92500000.0,HIGH,0.0,2.78,0.63,5.31,0.1457,False,-0.16,False,-7.58,5.161,3.604,11.0,0.0,28.0,0.0,1.11,438173.0,illiquid (<$500K/day); shrinking revenue,,-9.9,,,,
BZH,Beazer Homes USA Inc,Consumer Cyclical,Residential Construction,,22.86,-1349.09,-5.33,0.0,-5.26,9.17,21.41,59.53000000000001,2.19,-3.7900000000000005,3.0,621590.0,1.55,33.23,Aug 07/b,29.5,886570000.0,HIGH,0.18,-0.06,1.54,5.49,0.0059,True,0.11,True,1.5,0.269,0.301,6.0,0.09,26.0,0.15,33.23,20699219.0,deal-pinned; shrinking revenue,,-11.2,,,,
CALM,Cal-Maine Foods Inc,Consumer Defensive,Farm Products,11.45,21.57,-110.85000000000001,-49.93,0.0,1.76,11.25,-3.94,-14.6,0.22,-32.79,3.2,925630.0,0.8,75.02,Sep 30/b,90.4,3520000000.0,HIGH,-6.74,0.25,0.79,-1.43,0.1873,False,-4.88,False,-9.95,3.025,3.332,34.0,-15.44,,,75.02,74075560.0,shrinking revenue,,20.5,,,,
CALY,Callaway Golf Co,Consumer Cyclical,Leisure,,17.03,264.04,-44.87,-0.8199999999999998,0.4,3.38,-12.2,14.05,0.95,-24.75,2.33,1980000.0,0.75,15.26,Aug 04/a,20.4,2720000000.0,HIGH,-8.13,-1.99,0.97,-2.82,0.0824,False,-2.88,False,-11.4,2.752,1.376,43.0,-19.6,28.0,-20.15,15.26,24098288.0,shrinking revenue,,33.7,,,,
CAR,Avis Budget Group Inc,Industrials,Rental & Leasing Services,,18.46,767.61,-1.35,-88.58,-11.05,13.83,-36.56,17.86,2.11,-86.0,3.5,501170.0,0.81,118.7,Jul 28/a,128.57,4190000000.0000005,HIGH,-15.99,-11.31,1.23,-10.68,0.2311,False,-14.03,False,-18.81,4.851,4.12,10.0,-14.06,33.0,-23.35,118.7,45491226.0,shrinking revenue,,8.3,,,,
CAST,Freecast Inc,Communication Services,Broadcasting,,,-34.22,-35.43,0.0,19.38,14.48,-13.55,-71.91,,-95.94,1.0,12750000.0,0.03,1.34,Jun 03,6.0,63760000.0,HIGH,55.81,2.29,0.03,61.12,0.6947,False,-7.17,False,-25.88,10.768,7.463,,,,,1.34,23057140.0,shrinking revenue,,347.8,,,,
CATX,Perspective Therapeutics Inc,Healthcare,Medical Devices,,,23.29,-72.07,-2.34,6.87,25.24,-1.02,-41.6,1.85,-52.6,1.14,1610000.0,1.26,2.92,Aug 10/a,12.23,333330000.0,HIGH,-9.32,-6.41,1.76,-4.01,0.2082,False,-6.66,False,-5.39,5.186,5.822,18.0,-9.03,24.0,-2.67,2.92,3555845.0,shrinking revenue,,318.8,,,,
CBRL,Cracker Barrel Old Country Store Inc,Consumer Cyclical,Restaurants,43.76,45.98,239.83000000000004,-2.9,0.0,5.14,23.6,8.22,80.53,1.21,-16.15,3.18,940650.0,0.72,50.53,Sep 23/b,45.0,1130000000.0,HIGH,-14.41,-4.23,0.89,-9.1,0.2181,False,-7.96,False,-7.38,4.266,2.85,20.0,-12.77,,,50.53,41733842.0,shrinking revenue,,-10.9,,,,
CBZ,Cbiz Inc,Industrials,Specialty Business Services,25.56,12.18,-52.62,-0.19,0.22999999999999998,-9.21,4.09,54.85,109.04,0.92,-5.83,1.67,1320000.0,1.22,54.6,Jul 29/b,55.0,2960000000.0,HIGH,-0.13,-0.09,1.53,5.18,0.0114,False,-0.12,True,9.49,0.446,0.33,35.0,28.08,33.0,16.92,54.6,57483873.0,deal-pinned; shrinking revenue,,0.7,,,,
CC,Chemours Company,Basic Materials,Specialty Chemicals,,7.44,28.550000000000004,-1.49,2.03,2.93,9.96,-33.73,-17.02,1.39,-49.15,2.09,2520000.0,0.66,14.58,Aug 04/a,19.3,2190000000.0,HIGH,-7.25,-5.63,1.01,-1.94,0.0936,False,-5.77,False,-10.96,3.682,2.572,,,28.0,-0.07,14.58,25512786.0,shrinking revenue,,32.4,,,,
CCOI,Cogent Communications Holdings Inc,Communication Services,Telecom Services,,,213.29,-4.34,-0.65,-3.95,14.8,-41.24,-50.43,0.77,-79.6,2.5,1600000.0,0.91,9.32,Aug 06/b,17.36,477330000.0,HIGH,-13.3,-3.32,0.82,-7.99,0.1914,False,-4.17,False,-16.34,7.61,5.258,31.0,-29.61,27.0,-14.57,9.32,17272176.0,shrinking revenue,,86.3,,,,
CDXS,Codexis Inc,Healthcare,Biotechnology,,,15.190000000000001,-2.69,-0.03,-2.23,3.78,-38.33,-8.07,2.55,-50.34,1.57,1140000.0,0.42,1.48,Aug 11/a,6.33,162070000.0,HIGH,-6.92,3.5,0.52,-1.61,0.2517,False,-4.52,False,-15.14,5.792,4.73,10.0,-6.92,23.0,0.0,1.48,1446811.0,shrinking revenue,,327.7,,,,
CDZI,Cadiz Inc,Industrials,Pollution & Treatment Controls,,,-36.42,-76.27,0.38,1.76,16.32,-9.77,-29.82,1.73,-48.28,1.0,1010000.0,0.68,3.6,Aug 14,10.5,304840000.0,HIGH,12.5,-16.47,0.72,17.81,0.3237,False,-6.07,False,-0.53,7.302,3.611,6.0,-10.22,,,3.6,3705608.0,shrinking revenue,,191.7,,,,
CELU,Celularity Inc,Healthcare,Biotechnology,,,-42.54,-77.37,0.0,0.2,11.77,96.38,14.75,0.77,-45.1,2.0,3950000.0,0.05,1.4,-,6.0,40520000.0,HIGH,101.15,-9.09,0.02,106.46,1.4673,True,6.71,True,45.39,26.189,8.571,14.0,80.65,,,1.4,25120568.0,>40% above 50-day SMA; shrinking revenue,,328.6,,,,
CERT,Certara Inc,Healthcare,Health Information Services,,20.48,642.62,-10.81,0.0,1.23,29.83,53.849999999999994,20.3,1.45,-42.36,2.23,3680000.0,0.46,8.0,Aug 04/b,8.34,1220000000.0,HIGH,0.0,3.36,0.81,5.31,0.1606,False,-1.05,True,3.51,3.663,6.375,18.0,-0.12,29.0,2.56,8.0,16872649.0,shrinking revenue,,4.2,,,,
CGBD,Carlyle Secured Lending Inc,Financial,Asset Management,22.51,7.91,-100.44999999999999,-6.460000000000001,-4.43,,4.45,3.55,5.77,0.71,-17.85,2.5,569050.0,0.57,11.37,Aug 08/a,12.5,782310000.0,HIGH,0.98,-1.04,0.67,6.29,0.0661,False,-0.92,True,4.27,2.224,1.363,12.0,0.35,25.0,3.18,11.37,5587420.0,shrinking revenue,,9.9,,,,
CGTX,Cognition Therapeutics Inc,Healthcare,Biotechnology,,,58.93999999999999,,0.38,1.39,9.0,-16.53,-3.81,1.8,-57.47,1.0,1160000.0,0.2,1.01,Aug 06/a,3.33,96050000.0,HIGH,-0.98,0.0,0.65,4.33,0.1151,False,-0.11,True,0.64,4.618,5.941,27.0,-4.72,26.0,-6.48,1.01,358337.0,illiquid (<$500K/day),,229.7,,,,
CHPT,ChargePoint Holdings Inc,Consumer Cyclical,Specialty Retail,,,52.56000000000001,17.74,0.28,14.41,22.18,23.81,65.54,1.73,-29.9,3.0,1630000.0,0.71,8.84,Sep 02/a,7.3,237350000.0,HIGH,50.34,-5.66,0.3,55.65,0.9865,True,27.61,True,41.37,8.752,5.317,7.0,70.33,7.0,70.33,8.84,34079879.0,>40% above 50-day SMA; >20% above 20-day SMA,,-17.4,,,,
CLB,Core Laboratories Inc,Energy,Oil & Gas Equipment & Services,21.67,16.62,-43.46,-4.26,0.75,-3.6900000000000004,9.06,-7.139999999999999,-22.51,1.11,-39.98,2.75,817060.0,0.59,12.22,Jul 29/a,15.17,560710000.0,HIGH,-3.17,-2.0,1.13,2.14,0.0632,False,-1.48,True,3.8,3.718,4.501,18.0,-2.4,32.0,23.81,12.22,5255899.0,shrinking revenue,,24.1,,,,
CLDX,Celldex Therapeutics Inc,Healthcare,Biotechnology,,,-10.77,-96.99,0.0,19.58,11.38,25.3,32.77,0.88,-13.200000000000001,1.2,1010000.0,0.99,39.18,Aug 06/a,59.07,3080000000.0,HIGH,-6.54,0.15,1.41,-1.23,0.1267,False,-1.7,True,0.08,3.553,5.487,28.0,0.33,26.0,-5.73,39.18,28300826.0,shrinking revenue,,50.8,,,,
CLOV,Clover Health Investments Corp,Healthcare,Healthcare Plans,,50.8,346.63,55.60000000000001,-0.8500000000000001,7.109999999999999,5.78,7.82,157.58,2.45,-8.77,2.0,5170000.0,1.06,5.1,Aug 05/a,5.38,2710000000.0,HIGH,19.44,18.88,1.46,24.75,0.2373,True,18.0,True,14.71,3.793,7.157,3.0,17.51,27.0,23.19,5.1,16186172.0,fresh >10% breakout,,5.5,,,,
CLRO,ClearOne Inc,Technology,Communication Equipment,,,87.05,-100.0,0.0,-1.38,3.51,23.12,3.9,0.22,-72.24,1.0,4500000.0,0.01,4.58,-,4.0,12250000.0,HIGH,-7.29,-8.58,1.31,-1.98,0.3305,False,-13.16,False,-25.66,6.769,11.572,27.0,24.46,,,4.58,191651.0,illiquid (<$500K/day); shrinking revenue,,-12.7,,,,
CLSK,Cleanspark Inc,Financial,Capital Markets,,,-215.53999999999996,-30.53,-0.29,12.9,31.74,-19.48,35.96,3.84,-43.8,1.07,20890000.0,0.89,13.27,Aug 06/a,23.68,3410000000.0,HIGH,7.02,-1.56,1.01,12.33,0.241,True,7.18,True,2.55,6.928,8.026,2.0,3.67,26.0,7.89,13.27,227581846.0,shrinking revenue,,78.4,,,,
CMRC,Commerce.com Inc,Technology,Software - Application,,5.8,112.72,0.09,-0.1,2.86,8.62,34.81,32.85,1.04,-34.36,2.88,1030000.0,1.31,3.64,Aug 06/b,4.0,301610000.0,HIGH,76.7,42.19,0.94,82.01,0.6855,True,45.15,True,33.55,6.615,7.418,4.0,42.19,27.0,56.9,3.64,3783023.0,>20% above 20-day SMA,,9.9,,,,
CMTG,Claros Mortgage Trust Inc,Real Estate,REIT - Mortgage,,,-39.27,-99.41,0.68,0.45000000000000007,4.15,-41.34,-35.22,1.16,-62.66,3.8,752710.0,1.42,1.49,Jul 29/a,2.22,210220000.0,HIGH,-14.86,-3.25,1.45,-9.55,0.2384,False,-8.42,False,-21.18,5.484,4.698,,,32.0,-18.13,1.49,1178534.0,shrinking revenue,,49.0,,,,
CMTL,Comtech Telecommunications Corp,Technology,Communication Equipment,,,3.51,-16.39,-0.03,-8.3,1.38,-68.94,-67.88,1.57,-75.85,1.0,621330.0,0.43,1.5,Jun 15/b,4.25,44940000.0,HIGH,-10.18,-4.46,0.82,-4.87,0.2757,False,-8.62,False,-12.34,4.857,5.333,,,63.0,-45.65,1.5,535947.0,shrinking revenue,,183.3,,,,
CNDT,Conduent Inc,Technology,Information Technology Services,,,-187.22,-29.580000000000002,0.0,2.54,3.27,12.86,22.48,1.45,-46.98,1.0,1070000.0,0.85,1.58,Aug 10/b,4.67,245730000.0,HIGH,8.22,-4.24,0.94,13.53,0.3481,False,-4.53,False,-1.94,6.912,5.696,6.0,-16.4,25.0,1.28,1.58,1606909.0,shrinking revenue,,195.6,,,,
CODI,Compass Diversified Holdings,Industrials,Conglomerates,,17.56,190.99,-11.42,2.47,-0.57,7.65,10.02,86.94,1.3,-14.64,1.67,735380.0,2.15,11.31,Aug 10/a,17.0,850920000.0,HIGH,-6.53,-1.91,1.87,-1.22,0.0918,False,-1.55,True,3.5,3.063,3.89,21.0,-7.9,24.0,2.08,11.31,7092280.0,shrinking revenue,,50.3,,,,
CRBU,Caribou Biosciences Inc,Healthcare,Biotechnology,,,58.660000000000004,-43.79,0.0,11.89,12.81,-19.12,-31.379999999999995,2.31,-63.51,1.0,1680000.0,1.0,1.29,Aug 13/a,11.86,138290000.0,HIGH,-17.83,-16.23,1.48,-12.52,0.3215,False,-17.07,False,-20.48,6.578,6.202,14.0,-21.34,21.0,-18.35,1.29,1735880.0,shrinking revenue,,819.4,,,,
CRCT,Cricut Inc,Technology,Computer Hardware,13.71,23.87,62.0,-9.2,-0.45999999999999996,0.89,10.03,25.840000000000003,38.82,0.26,-18.47,5.0,699620.0,0.79,5.65,Aug 04/a,4.07,1180000000.0,HIGH,2.54,3.67,0.73,7.85,0.1206,True,0.24,True,8.53,3.976,2.566,29.0,17.95,28.0,14.37,5.65,4286598.0,shrinking revenue,,-28.0,,,,
CRDF,Cardiff Oncology Inc,Healthcare,Biotechnology,,,35.57,-14.05,19.3,-7.84,16.01,-14.940000000000001,-29.57,1.42,-60.42000000000001,2.6,1200000.0,1.75,1.31,Aug 11/a,4.17,101910000.0,HIGH,45.56,19.09,2.94,50.87,0.456,True,27.56,True,29.55,5.998,9.16,1.0,8.26,23.0,32.32,1.31,754349.0,>20% above 20-day SMA; shrinking revenue,,218.3,,,,
CRK,Comstock Resources Inc,Energy,Oil & Gas E&P,8.31,25.3,-92.98,-25.21,0.0,1.97,32.18,5.77,-31.28,0.49,-49.11,2.88,2540000.0,0.99,14.3,Jul 29/a,17.17,4200000000.0,HIGH,5.54,-5.67,0.92,10.85,0.1847,False,-1.78,True,3.06,5.16,5.734,9.0,-0.9,32.0,13.4,14.3,40737549.0,shrinking revenue,,20.1,,,,
CRMT,Americas Car Mart Inc,Consumer Cyclical,Auto & Truck Dealerships,,,-1092.6,-57.3,-1.34,-9.59,18.69,-15.79,-86.99,1.29,-95.03,2.0,1650000.0,0.37,1.76,Sep 09/b,7.5,14670000.0,HIGH,-43.95,-29.32,1.09,-38.64,0.7788,False,-24.43,False,-40.77,17.735,15.909,44.0,-41.72,4.0,18.92,1.76,1075364.0,shrinking revenue,,326.1,,,,
CRSR,Corsair Gaming Inc,Technology,Computer Hardware,42.47,15.72,138.92,-1.8000000000000003,-0.01,0.8100000000000002,21.89,54.56999999999999,144.92,1.86,-13.01,2.44,1810000.0,0.75,13.03,Aug 06/a,13.22,1410000000.0,HIGH,6.45,6.28,1.02,11.76,0.2313,True,8.12,True,16.0,4.61,3.991,2.0,3.66,26.0,22.81,13.03,15953461.0,shrinking revenue,,1.5,,,,
CRVO,CervoMed Inc,Healthcare,Biotechnology,,,8.25,-100.0,21.4,-0.48,13.71,3.27,-40.47,-0.74,-74.7,1.0,5630000.0,0.02,2.53,Aug 10/b,15.0,38260000.0,HIGH,-3.07,0.0,0.54,2.24,0.0884,False,-2.39,False,-9.86,4.066,3.557,,,25.0,-11.54,2.53,611512.0,shrinking revenue,,492.9,,,,
CSWC,Capital Southwest Corp,Financial,Asset Management,13.33,10.05,-17.81,-21.1,0.08,,6.61,2.85,13.03,0.74,-6.21,1.67,658830.0,1.01,24.15,Aug 03/a,25.3,1540000000.0,HIGH,-1.99,-0.82,1.12,3.32,0.0755,False,-2.5,False,-0.92,1.665,1.325,12.0,-4.32,29.0,0.88,24.15,14717968.0,shrinking revenue,,4.8,,,,
CTMX,CytomX Therapeutics Inc,Healthcare,Biotechnology,,,-7766.670000000001,-92.4,-0.53,5.96,18.47,6.309999999999999,-31.620000000000005,2.18,-61.02000000000001,1.12,3900000.0,1.58,3.2,Aug 06/a,12.25,697280000.0,HIGH,-7.25,-12.33,1.86,-1.94,0.2021,False,-6.92,False,-7.46,6.297,6.719,9.0,-4.76,26.0,-5.04,3.2,11452902.0,shrinking revenue,,282.8,,,,
CWH,Camping World Holdings Inc,Consumer Cyclical,Auto & Truck Dealerships,,7.86,-13.170000000000002,-2.12,0.0,-6.959999999999999,19.35,-23.06,-4.95,2.15,-66.3,1.42,2080000.0,0.96,6.14,Jul 29/a,10.63,634230000.0,HIGH,-1.29,-6.4,1.26,4.02,0.1522,False,-4.92,False,-3.48,5.197,6.156,6.0,-8.63,32.0,1.49,6.14,10176634.0,shrinking revenue,,73.1,,,,
CYCU,Cycurion Inc,Technology,Information Technology Services,,,90.57,-3.37,0.0,,11.13,-34.07,-74.55,0.92,-97.35,1.0,2290000.0,0.03,3.36,Aug 14/b,56.0,10860000.0,HIGH,-42.62,-4.27,0.15,-37.31,0.9541,False,-19.82,False,-22.73,15.589,4.911,32.0,55.56,21.0,-38.69,3.36,1986054.0,shrinking revenue,,1566.7,,,,
CYH,Community Health Systems Inc,Healthcare,Medical Care Facilities,1.6,,-75.47,-9.83,-0.13,6.660000000000001,12.0,-5.45,-7.8100000000000005,1.89,-33.41,3.22,1630000.0,0.66,2.95,Jul 22/a,3.18,415980000.0,HIGH,0.0,3.87,1.02,5.31,0.0569,True,0.51,False,-2.89,2.76,2.373,16.0,-1.01,37.0,6.12,2.95,3103659.0,shrinking revenue,,7.8,,,,
CYPH,Cypherpunk Technologies Inc,Healthcare,Biotechnology,4.56,6.14,145.12,,-0.48,12.27,7.52,296.8,344.83,0.93,-30.269999999999996,1.0,5580000.0,1.92,2.58,Aug 12/b,4.15,278040000.0,HIGH,265.96,-1.9,0.79,271.27,1.2616,True,44.25,True,130.33,14.466,14.729,7.0,53.57,23.0,292.1,2.58,26363099.0,>40% above 50-day SMA; >20% above 20-day SMA,,60.9,,,,
DBGI,Digital Brands Group Inc,Consumer Cyclical,Apparel Retail,,,58.040000000000006,-46.34,,5.56,15.27,-86.32,-95.73,0.01,-99.28,,663720.0,1.49,5.17,-,,4830000.0,HIGH,-62.45,40.11,0.52,-57.14,1.6234,False,-26.69,False,-65.86,23.341,29.091,,,,,5.17,12228784.0,shrinking revenue,,,,,,
DBI,Designer Brands Inc,Consumer Cyclical,Footwear & Accessories,22.9,9.33,44.1,-1.23,-0.22,2.08,14.47,-5.09,17.87,1.25,-28.79,3.0,595260.0,2.79,6.53,Sep 10/b,6.75,333840000.0,HIGH,12.39,25.58,2.46,17.7,0.2633,True,16.0,True,12.31,5.546,12.404,1.0,11.05,3.0,25.1,6.53,3855852.0,fresh >10% breakout; post-earnings jump; shrinking revenue,,3.4,,,,
DBRG,DigitalBridge Group Inc,Financial,Asset Management,10.34,,1100.21,99.04,0.0,0.86,6.8,1.27,3.51,1.45,-0.44,3.0,3480000.0,1.28,15.91,Aug 04/a,16.0,3030000000.0,HIGH,0.0,-0.06,1.07,5.31,0.0063,False,-0.13,True,0.22,0.198,0.251,15.0,-0.13,28.0,0.25,15.91,66138627.0,deal-pinned,,0.6,,,,
DDD,3D Systems Corp,Technology,Computer Hardware,,,-115.10000000000001,-0.27,-1.9299999999999997,21.98,27.28,6.64,32.64,2.79,-22.09,2.0,3120000.0,0.57,3.21,Aug 03/a,5.5,533330000.00000006,HIGH,-11.81,-5.03,0.89,-6.5,0.1457,False,-3.43,True,1.84,5.407,4.05,24.0,-12.77,29.0,13.43,3.21,6686542.0,shrinking revenue,,71.3,,,,
DFDV,DeFi Development Corp,Financial,Asset Management,,,-224.98,66.87,0.44,-0.27,19.55,68.39,22.25,-3.52,-72.51,1.0,1150000.0,1.87,5.22,Aug 12/a,10.4,170280000.0,HIGH,65.19,-12.85,1.02,70.5,0.7667,True,9.42,True,43.3,11.492,7.471,7.0,0.0,22.0,81.88,5.22,10298766.0,>40% above 50-day SMA,,99.2,,,,
DFH,Dream Finders Homes Inc,Consumer Cyclical,Residential Construction,8.94,10.72,-48.96,-7.57,-0.78,0.4699999999999999,24.54,-15.61,-17.91,1.89,-58.15,3.0,664080.0,1.37,12.7,Jul 30/b,18.0,1150000000.0,HIGH,-15.78,-4.37,1.52,-10.47,0.2763,False,-9.19,False,-13.35,5.422,6.063,55.0,-24.36,32.0,-4.8,12.7,8231098.0,shrinking revenue,,41.7,,,,
DGXX,Digi Power X Inc,Utilities,Utilities - Independent Power Producers,,5.18,-247.82999999999998,-28.54,-0.22,15.6,6.36,-40.22,68.02,6.21,-59.46,1.0,3920000.0,0.38,3.73,Aug 14/b,9.0,380680000.0,HIGH,-3.87,-4.6,0.67,1.44,0.2046,False,-1.34,False,-5.1,6.367,5.63,,,21.0,-6.05,3.73,8356276.0,shrinking revenue,,141.3,,,,
DH,Definitive Healthcare Corp,Healthcare,Health Information Services,,5.47,27.58,-9.14,0.0,-1.55,6.32,21.5,-9.73,1.38,-76.55,3.0,530460.0,0.89,1.02,Aug 10/a,1.9,147730000.0,HIGH,59.62,0.0,0.56,64.93,0.6975,True,16.76,True,29.14,7.619,2.941,6.0,-1.92,24.0,58.39,1.02,830461.0,shrinking revenue,,86.3,,,,
DHC,Diversified Healthcare Trust,Real Estate,REIT - Healthcare Facilities,,,59.28,-4.53,0.0,3.16,5.94,-14.95,6.22,2.28,-20.5,1.8,1670000.0,0.96,7.68,Aug 03/a,10.15,1860000000.0,HIGH,-7.36,1.05,1.2,-2.05,0.1282,False,-1.5,False,-9.43,2.958,3.125,39.0,-15.6,29.0,-12.73,7.68,10402547.0,shrinking revenue,,32.2,,,,
DNA,Ginkgo Bioworks Holdings Inc,Healthcare,Biotechnology,,,-4.34,-59.37,-3.29,8.23,13.99,-11.15,3.09,1.91,-60.13,4.33,1100000.0,0.94,7.01,Aug 05/a,7.0,472060000.0,HIGH,1.3,1.01,0.9,6.61,0.1634,False,-0.02,False,-9.88,5.389,6.847,52.0,-29.26,27.0,-17.53,7.01,8111720.0,shrinking revenue,,-0.1,,,,
DNUT,Krispy Kreme Inc,Consumer Defensive,Grocery Stores,,39.23,95.38,-12.839999999999998,1.11,1.71,19.7,-25.75,-2.14,1.24,-37.38,3.17,2800000.0,0.59,3.2,Aug 06/b,4.38,555200000.0,HIGH,0.0,-3.32,0.68,5.31,0.1662,False,-5.44,False,-3.36,3.92,3.125,18.0,-1.23,27.0,3.23,3.2,8222606.0,shrinking revenue,,36.9,,,,
DOMO,Domo Inc,Technology,Software - Application,,41.72,62.94,-3.6799999999999997,-8.5,-10.38,18.35,29.799999999999997,-16.77,1.8,-78.8,3.0,2340000.0,1.0,3.92,Sep 03/a,3.93,184380000.0,HIGH,2.89,2.35,1.88,8.2,0.0687,True,3.35,True,5.69,4.134,3.571,1.0,2.35,6.0,3.43,3.92,4754271.0,shrinking revenue,,0.3,,,,
DRMA,Dermata Therapeutics Inc,Healthcare,Biotechnology,,,55.49000000000001,,0.07,2.22,6.53,-2.54,-3.36,0.65,-81.53,1.0,740540.0,0.02,1.15,Aug 11/a,4.0,4630000.0,HIGH,-21.23,-8.0,0.18,-15.92,0.4737,False,-15.53,False,-11.88,9.652,10.435,15.0,-19.01,23.0,6.48,1.15,139292.0,illiquid (<$500K/day),,247.8,,,,
DRVN,Driven Brands Holdings Inc,Consumer Cyclical,Auto & Truck Dealerships,13.95,8.59,-22.25,-7.91,0.0,-3.9900000000000007,15.47,-7.15,20.6,0.96,-32.74,2.23,924410.0,1.1,12.47,Aug 06/b,16.28,2060000000.0,HIGH,-2.23,-5.67,0.94,3.08,0.1241,False,-3.07,False,-9.2,3.963,3.849,7.0,-3.18,27.0,-3.78,12.47,14002197.0,shrinking revenue,,30.6,,,,
DV,DoubleVerify Holdings Inc,Communication Services,Advertising Agencies,37.52,23.8,55.81,2.52,0.0,0.5,5.94,32.55,32.42,1.0,-1.96,3.06,3590000.0,6.52,13.52,Aug 06/a,13.64,2100000000.0,HIGH,1.65,1.27,6.82,6.96,0.0166,True,1.3,True,8.89,0.417,1.035,2.0,1.12,26.0,15.46,13.52,45906005.0,deal-pinned,,0.9,,,,
DXC,DXC Technology Co,Technology,Information Technology Services,17.17,4.1,748.32,-5.06,0.76,7.290000000000001,17.3,32.17,2.45,0.79,-22.7,3.27,4120000.0,0.67,12.12,Jul 30/a,11.21,1940000000.0,HIGH,16.65,8.12,1.22,21.96,0.1632,True,9.36,True,14.49,3.937,5.611,1.0,6.41,31.0,7.83,12.12,25111585.0,shrinking revenue,,-7.5,,,,
EDBL,Edible Garden AG Inc,Consumer Defensive,Farm Products,,,99.37,12.839999999999998,,-0.07,3.8,-87.48,-98.67,1.71,-99.88,1.0,1540000.0,0.03,1.45,Aug 14/b,4.0,2830000.0,HIGH,-7.05,2.11,0.3,-1.74,0.143,False,-1.39,False,-39.14,5.512,3.448,,,21.0,-13.17,1.45,260106.0,illiquid (<$500K/day),,175.9,,,,
EFOR,Everforth Inc,Technology,Information Technology Services,17.53,7.95,-48.0,-1.33,6.13,-1.06,10.2,61.99,-6.480000000000001,0.48,-38.02,2.71,931410.0,1.12,34.05,Jul 29/a,27.5,1400000000.0,HIGH,10.34,10.12,1.64,15.65,0.1182,True,7.59,True,25.82,4.926,8.429,1.0,8.2,32.0,45.45,34.05,20172781.0,shrinking revenue,,-19.2,,,,
EMBC,Embecta Corp,Healthcare,Medical Instruments & Supplies,3.53,2.97,-53.64,-8.05,2.36,-16.31,12.06,69.03,-40.39,0.85,-66.3,3.25,1820000.0,0.5,5.24,Aug 07/b,4.0,296900000.0,HIGH,2.14,-5.59,0.68,7.45,0.212,True,0.13,True,21.57,5.35,6.107,6.0,-7.91,26.0,49.71,5.24,7022693.0,shrinking revenue,,-23.7,,,,
ENPH,Enphase Energy Inc,Technology,Solar,36.33,16.1,-2.55,-19.63,-3.27,-3.45,18.24,-32.84,-16.81,1.62,-50.28,2.56,5080000.0,0.73,36.66,Jul 28/a,45.76,4840000000.0,HIGH,-5.15,-5.59,0.9,0.16,0.1277,False,-1.93,False,-6.88,5.385,6.192,,,33.0,4.53,36.66,153079726.0,shrinking revenue,,24.8,,,,
EPC,Edgewell Personal Care Co,Consumer Defensive,Household & Personal Products,,13.27,-52.52,-9.1,0.0,1.66,9.62,16.43,35.17,0.35,-10.82,2.14,770970.0,0.69,26.71,Aug 05/b,32.17,1230000000.0,HIGH,-4.81,-3.61,1.06,0.5,0.1059,False,-5.08,False,-4.4,3.771,3.744,43.0,-2.7,28.0,-6.38,26.71,14128569.0,shrinking revenue,,20.4,,,,
ERII,Energy Recovery Inc,Industrials,Pollution & Treatment Controls,25.13,43.77,-264.72,-57.24,-9.97,-1.49,6.78,-14.89,-29.45,0.9,-61.3,3.0,1000000.0,2.01,7.09,Aug 05/a,8.0,361910000.0,HIGH,-12.9,-7.92,1.95,-7.59,0.1278,False,-8.0,False,-13.55,3.566,4.795,29.0,-20.43,27.0,-18.79,7.09,7928080.0,shrinking revenue,,12.8,,,,
ETD,Ethan Allen Interiors Inc,Consumer Cyclical,"Furnishings, Fixtures & Appliances",14.24,17.76,-3.54,-8.48,-0.78,2.88,13.35,18.34,15.289999999999997,1.03,-15.190000000000001,3.33,715700.0,0.49,22.2,Jul 29/a,22.0,559490000.0,HIGH,-2.5,2.26,0.52,2.81,0.1506,False,-2.99,False,-2.82,3.806,2.973,8.0,-7.31,32.0,-3.1,22.2,15629202.0,shrinking revenue,,-0.9,,,,
EVGO,EVgo Inc,Consumer Cyclical,Specialty Retail,,,-52.07000000000001,-15.689999999999998,0.0,2.15,30.93,-27.500000000000004,-30.29,2.86,-72.01,1.89,3660000.0,0.84,1.45,Aug 05/b,3.21,456050000.0,HIGH,-6.45,2.84,0.82,-1.14,0.2406,True,1.72,False,-7.34,5.966,9.655,,,28.0,-5.23,1.45,5315936.0,shrinking revenue,,121.4,,,,
EXFY,Expensify Inc,Technology,Software - Application,,22.8,57.67,-5.31,5.97,-10.05,2.15,80.95,182.32,1.74,-18.86,2.33,1420000.0,0.57,2.28,Aug 06/a,2.83,207900000.0,HIGH,0.44,-3.8,1.23,5.75,0.2471,False,-6.6,True,6.6,5.605,10.965,15.0,-13.64,26.0,15.15,2.28,1595090.0,shrinking revenue,,24.1,,,,
EYPT,EyePoint Inc,Healthcare,Biotechnology,,,-28.449999999999996,-90.49,0.09,8.46,22.44,-67.38,-67.8,1.66,-77.76,1.92,3420000.0,0.74,4.25,Aug 06/b,25.55,366400000.0,HIGH,-12.73,-6.8,0.35,-7.42,0.4271,False,-11.45,False,-56.77,7.092,4.235,21.0,-68.47,27.0,-65.31,4.25,36241535.0,shrinking revenue,,501.2,,,,
EZRA,Reliance Global Group Inc,Financial,Insurance Brokers,,,90.38,-31.620000000000005,57.22999999999999,1.25,3.97,-22.03,-64.34,0.28,-96.35,1.0,1870000.0,0.01,2.76,-,4760.0,4640000.0,HIGH,24.89,1.85,0.2,30.2,0.3145,True,1.46,True,9.27,7.751,5.072,16.0,10.62,,,2.76,255506.0,illiquid (<$500K/day); shrinking revenue,,172363.8,,,,
FBIN,Fortune Brands Innovations Inc,Industrials,Building Products & Equipment,32.99,12.11,-122.7,-4.11,57.18,0.9899999999999999,5.25,-5.74,-5.61,1.3,-37.17,2.33,2530000.0,0.75,40.74,Aug 04/a,57.14,4860000000.0,HIGH,-12.48,-3.44,0.84,-7.17,0.1965,False,-6.88,False,-14.64,3.426,3.436,29.0,-21.91,28.0,-22.09,40.74,98596942.0,shrinking revenue,,40.3,,,,
FCEL,Fuelcell Energy Inc,Industrials,Electrical Equipment & Parts,,,83.0,-29.4,0.56,33.39,26.4,-9.8,130.47,2.46,-59.660000000000004,2.5,10720000.0,0.42,15.28,Sep 02/b,20.5,1220000000.0,HIGH,-31.66,-13.96,0.57,-26.35,0.5141,False,-14.13,False,-23.35,9.532,5.563,54.0,-36.33,8.0,6.11,15.28,140936563.0,shrinking revenue,,34.2,,,,
FEAM,5E Advanced Materials Inc,Basic Materials,Specialty Chemicals,,,64.34,,0.0,0.76,1.3,-21.76,-26.11,1.98,-82.27,1.0,522010.0,0.39,1.33,May 12/a,3.75,55210000.0,HIGH,-20.36,-13.64,0.86,-15.05,0.2621,False,-16.22,False,-7.08,7.143,5.639,25.0,-11.33,,,1.33,376729.0,illiquid (<$500K/day),,182.0,,,,
FEMY,Femasys Inc,Healthcare,Medical Instruments & Supplies,,,58.08,-18.92,16.24,33.58,7.33,-36.12,-76.5,-2.18,-87.97,1.0,720340.0,0.04,2.67,Aug 14/a,14.33,22360000.0,HIGH,23.61,-0.37,0.01,28.92,0.4317,False,-6.37,False,-12.46,10.407,9.663,11.0,-4.3,20.0,23.61,2.67,5573362.0,shrinking revenue,,436.7,,,,
FGI,FGI Industries Ltd,Consumer Cyclical,"Furnishings, Fixtures & Appliances",,22.37,200.53,2.86,0.0,0.05,8.63,47.2,127.73999999999998,2.28,-55.09,1.0,1740000.0,0.04,8.95,Aug 12/a,13.0,17290000.0,HIGH,-1.43,18.54,0.61,3.88,0.4062,True,13.78,True,47.48,6.955,9.05,22.0,89.22,22.0,89.22,8.95,887051.0,>40% above 50-day SMA,,45.3,,,,
FIBK,First Interstate BancSystem Inc,Financial,Banks - Regional,11.51,13.07,24.97,-7.8,-0.9199999999999999,-2.29,11.76,0.51,12.590000000000002,0.7,-8.13,3.5,1080000.0,0.87,37.3,Jul 23/a,37.5,3550000000.0,HIGH,-4.09,0.21,1.06,1.22,0.0634,False,-0.14,False,-1.96,1.794,1.475,42.0,-5.21,36.0,-2.1,37.3,33211988.0,shrinking revenue,,0.5,,,,
FLO,Flowers Foods Inc,Consumer Defensive,Packaged Foods,23.26,8.2,-30.510000000000005,-4.02,-1.26,26.27,22.97,-22.98,-31.739999999999995,0.42,-57.75,3.14,6760000.0,1.15,6.0,Aug 20/a,8.58,1270000000.0,HIGH,-17.92,-5.06,1.0,-12.61,0.2828,False,-11.49,False,-18.96,4.107,5.333,42.0,-27.27,16.0,-13.67,6.0,52178562.0,shrinking revenue,,43.0,,,,
FLYE,Fly-E Group Inc,Consumer Cyclical,Auto Manufacturers,,,59.77,-48.42,0.0,1.24,0.16,-13.269999999999998,-5.67,-0.89,-91.68,,1390000.0,0.01,1.83,-,,2980000.0,HIGH,5.17,-4.19,0.0,10.48,0.5173,True,0.67,True,0.61,19.141,10.601,9.0,34.56,,,1.83,9442302.0,shrinking revenue,,,,,,
FMC,FMC Corp,Basic Materials,Agricultural Inputs,,6.65,-381.12,-17.46,-0.09,9.79,23.87,-7.339999999999999,-21.79,0.43,-71.61,2.65,3960000.0,0.75,10.98,Jul 29/a,13.55,1370000000.0,HIGH,7.86,-14.29,1.01,13.17,0.3238,False,-4.84,False,-1.58,6.076,4.918,11.0,3.0,32.0,9.69,10.98,34101824.0,shrinking revenue,,23.4,,,,
FOSL,Fossil Group Inc,Consumer Cyclical,Footwear & Accessories,,21.0,-320.56,-4.86,-0.93,11.73,12.3,13.209999999999999,4.19,1.61,-20.52,1.0,942780.0,0.5,4.97,Aug 12/a,9.0,293910000.0,HIGH,-13.41,-2.74,0.66,-8.1,0.2667,False,-5.0,True,1.39,5.749,8.853,32.0,12.95,22.0,-5.69,4.97,3702359.0,shrinking revenue,,81.1,,,,
FOXF,Fox Factory Holding Corp,Consumer Cyclical,Auto Parts,,10.66,46.88,-4.47,0.0,0.1,7.08,8.29,26.39,1.4,-31.879999999999995,2.57,559440.0,0.7,19.59,Aug 06/a,21.83,823380000.0,HIGH,-4.67,-3.31,1.0,0.64,0.1411,False,-5.33,True,0.16,3.827,3.165,16.0,-8.16,26.0,3.87,19.59,8045667.0,shrinking revenue,,11.4,,,,
FSK,FS KKR Capital Corp,Financial,Asset Management,,7.93,83.73,-18.08,0.01,,4.95,8.77,19.58,0.92,-31.980000000000004,2.8,2350000.0,0.91,12.03,Aug 06/b,12.17,3320000000.0,HIGH,0.17,-1.23,1.41,5.48,0.0585,False,-0.67,True,4.31,1.915,1.746,22.0,-1.15,27.0,8.97,12.03,18272569.0,shrinking revenue,,1.2,,,,
FTFT,Future FinTech Group Inc,Technology,Software - Application,,,-112.99999999999999,-44.92,0.0,,3.59,-40.36,-63.82,1.74,-96.76,2.0,2670000.0,47.44,8.04,-,14.3,64930000.00000001,HIGH,136.47,513.74,8.58,141.78,2.115,True,202.65,True,92.93,12.642,77.488,1.0,179.17,,,8.04,70006116.0,>40% above 50-day SMA; >20% above 20-day SMA; fresh >10% breakout; shrinking revenue,,77.9,,,,
FTRE,Fortrea Holdings Inc,Healthcare,Biotechnology,,16.37,96.64,-4.52,-20.63,0.27,12.68,5.64,94.96,1.97,-18.61,2.46,1410000.0,1.48,17.41,Jul 29/b,21.25,1660000000.0,HIGH,-3.81,2.05,1.45,1.5,0.1382,False,-3.13,False,-4.61,4.586,3.963,34.0,-9.32,33.0,-14.66,17.41,19360858.0,shrinking revenue,,22.1,,,,
FUN,Six Flags Entertainment Corp,Consumer Cyclical,Leisure,,,-101.18,-7.04,10.14,-4.33,19.73,-43.77,-17.57,0.43,-51.849999999999994,1.94,2260000.0,0.71,13.18,Aug 06/b,21.07,1350000000.0,HIGH,-15.51,-16.26,0.86,-10.2,0.3109,False,-14.66,False,-21.77,6.102,5.387,,,27.0,-16.32,13.18,28412750.0,shrinking revenue,,59.9,,,,
FWDI,Forward Industries Inc,Financial,Capital Markets,,32.58,-2.96,332.09,0.0,1.46,9.73,62.38,47.56,0.87,-84.89,1.0,1580000.0,1.09,6.95,Aug 12/a,11.17,513240000.0,HIGH,62.38,1.31,0.79,67.69,0.5252,True,16.46,True,41.54,8.469,9.496,1.0,6.11,22.0,67.87,6.95,13182168.0,>40% above 50-day SMA,,60.7,,,,
GBDC,Golub Capital BDC Inc,Financial,Asset Management,19.19,9.75,-35.14,-19.23,-28.190000000000005,,4.74,-6.17,4.18,0.45,-16.03,1.29,1170000.0,0.92,12.47,Aug 03/a,13.62,3240000000.0,HIGH,-4.95,-2.43,0.94,0.36,0.0613,False,-4.03,False,-4.0,1.724,1.203,22.0,-4.74,29.0,-4.66,12.47,14722430.0,shrinking revenue,,9.2,,,,
GBTG,Global Business Travel Group Inc,Consumer Cyclical,Travel Services,58.9,19.71,5.11,37.88,-1.22,-0.31,2.09,1.07,70.14,0.96,-1.05,2.75,1890000.0,0.42,9.46,Aug 04/b,9.5,4940000000.0,HIGH,0.21,-0.21,0.46,5.52,0.0059,False,-0.07,True,0.23,0.272,0.211,7.0,-0.21,29.0,0.32,9.46,16447579.0,deal-pinned,,0.4,,,,
GCTS,GCT Semiconductor Holding Inc,Technology,Semiconductors,,,5.73,-17.85,0.0,11.82,12.91,-25.790000000000003,66.96,1.79,-52.42,1.0,2390000.0,0.55,1.87,Aug 10/a,3.2,171980000.0,HIGH,-10.53,3.31,0.79,-5.22,0.2101,False,-0.11,False,-9.24,5.539,5.615,26.0,-21.1,24.0,-8.33,1.87,3093659.0,shrinking revenue,,71.1,,,,
GDRX,GoodRx Holdings Inc,Healthcare,Health Information Services,75.58,10.0,-31.94,-1.31,-1.08,0.18,4.93,34.34,58.93000000000001,1.69,-38.73,2.62,1370000.0,0.74,3.56,Aug 05/a,4.03,1210000000.0,HIGH,-4.3,1.14,0.69,1.01,0.1097,True,1.58,True,6.81,3.598,5.562,24.0,-2.73,27.0,8.87,3.56,5211365.0,shrinking revenue,,13.2,,,,
GEMI,Gemini Space Station Inc,Financial,Capital Markets,,,21.93,-47.66,-0.03,6.63,24.65,2.34,-37.98,2.55,-89.52,2.78,1930000.0,1.1,4.81,Aug 13/a,5.19,623630000.0,HIGH,33.24,2.78,0.71,38.55,0.3311,True,10.37,True,11.96,8.548,10.291,7.0,12.12,21.0,22.7,4.81,12902651.0,shrinking revenue,,7.9,,,,
GIII,G-III Apparel Group Ltd,Consumer Cyclical,Apparel Manufacturing,9.17,11.63,84.28,-9.65,0.0,3.08,21.46,-21.12,5.5,1.28,-25.86,1.67,598410.0,1.37,27.83,Sep 02/b,37.33,1190000000.0,HIGH,-17.59,0.76,1.08,-12.28,0.3695,False,-10.62,False,-17.07,4.155,2.659,35.0,-20.37,8.0,-2.25,27.83,22718348.0,shrinking revenue,,34.1,,,,
GLUE,Monte Rosa Therapeutics Inc,Healthcare,Biotechnology,,,-185.83,-61.33,-0.55,5.89,30.04,-23.77,-13.23,1.35,-46.06,1.0,1430000.0,1.25,13.9,Aug 06/b,28.5,1190000000.0,HIGH,-9.62,-2.59,1.6,-4.31,0.1537,False,-3.2,False,-23.0,5.545,7.194,41.0,-39.98,27.0,-10.95,13.9,16001859.0,shrinking revenue,,105.0,,,,
GNL,Global Net Lease Inc,Real Estate,REIT - Diversified,,,87.22,-9.95,0.0,2.87,5.94,-4.45,-3.94,1.01,-10.12,1.89,2570000.0,0.8,9.02,Aug 05/a,10.25,2089999999.9999998,HIGH,2.38,-0.88,1.16,7.69,0.0479,False,-0.74,True,0.11,1.408,1.386,42.0,1.23,27.0,4.64,9.02,15901992.0,shrinking revenue,,13.6,,,,
GNTX,Gentex Corp,Consumer Cyclical,Auto Parts,11.98,10.2,25.53,-1.0,-3.5000000000000004,3.5699999999999994,8.06,-12.68,7.68,0.84,-23.14,2.2,2580000.0,0.66,22.58,Jul 24/b,25.36,4760000000.0,HIGH,-5.17,-0.96,0.71,0.14,0.0924,False,-2.26,False,-4.13,2.335,1.993,,,36.0,-1.4,22.58,55203219.0,shrinking revenue,,12.3,,,,
GOGO,Gogo Inc,Communication Services,Telecom Services,,7.63,-115.72,-1.43,0.0,-2.37,16.41,-27.05,-38.05,1.2,-74.28,2.0,2060000.0,0.61,2.67,Aug 06/b,10.0,361810000.0,HIGH,-1.11,-2.91,0.62,4.2,0.1389,True,0.39,False,-18.14,6.447,4.869,32.0,-31.19,27.0,-26.65,2.67,5451560.0,shrinking revenue,,274.5,,,,
GPK,Graphic Packaging Holding Co,Consumer Cyclical,Packaging & Containers,14.6,8.54,-76.54,-0.73,0.69,2.83,7.85,-11.03,-2.16,0.67,-55.17999999999999,3.15,5030000.0,1.21,9.52,Aug 04/b,12.49,2820000000.0,HIGH,-13.45,-3.74,1.21,-8.14,0.3026,False,-11.91,False,-13.39,3.977,2.836,26.0,-19.8,29.0,-16.12,9.52,53499909.0,shrinking revenue,,31.2,,,,
GPRE,Green Plains Inc,Basic Materials,Chemicals,9.48,8.38,175.96,-15.24,0.0,6.87,19.69,-2.6,-7.59,1.15,-25.629999999999995,2.0,1480000.0,1.13,14.61,Aug 06/b,19.0,1020000000.0,HIGH,-9.48,-7.41,1.05,-4.17,0.1727,False,-4.17,False,-8.8,5.388,5.065,41.0,-15.11,27.0,-3.88,14.61,24118609.0,shrinking revenue,,30.0,,,,
GPRO,GoPro Inc,Technology,Consumer Electronics,,,-186.44,-31.259999999999998,-0.25,20.69,23.99,76.1,86.41,2.43,-55.74,5.0,32310000.000000004,0.64,1.35,Aug 10/a,0.5,252650000.0,HIGH,119.87,-7.22,0.23,125.18,1.7229,True,35.12,True,64.55,20.381,8.889,6.0,-2.88,24.0,117.74,1.35,121776100.0,>40% above 50-day SMA; >20% above 20-day SMA; shrinking revenue,,-63.0,,,,
GRPN,Groupon Inc,Communication Services,Internet Content & Information,,22.22,-109.93000000000002,-0.8199999999999998,0.0,-2.74,35.91,12.35,98.24,0.2,-36.09,2.75,1450000.0,0.55,19.11,Aug 06/a,30.67,777110000.0,HIGH,-5.86,0.84,0.78,-0.55,0.1283,False,-0.7,False,-17.81,4.235,3.506,42.0,-26.44,26.0,-23.65,19.11,19519273.0,shrinking revenue,,60.5,,,,
GT,Goodyear Tire & Rubber Co,Consumer Cyclical,Auto Parts,,19.11,-180.59,-4.82,0.0,-0.33,14.14,-16.87,-21.53,1.21,-49.91,2.25,9870000.0,0.94,5.32,Aug 05/a,7.8,1530000000.0,HIGH,-12.07,-9.06,1.16,-6.76,0.1954,False,-10.89,False,-18.04,5.236,3.383,38.0,-27.02,27.0,-21.3,5.32,47558219.0,shrinking revenue,,46.6,,,,
HBNC,Horizon Bancorp Inc (IN),Financial,Banks - Regional,,8.87,3.56,-1.9799999999999998,-0.59,0.6,3.65,0.15,24.48,0.82,-5.99,1.4,657900.0,0.89,19.78,Jul 22/a,22.9,1020000000.0,HIGH,-2.85,0.25,1.31,2.46,0.0522,True,0.43,False,-1.2,1.679,1.466,30.0,-3.28,37.0,-1.35,19.78,8846582.0,shrinking revenue,,15.8,,,,
HCAT,Health Catalyst Inc,Healthcare,Health Information Services,,219.01,6.88,-12.68,0.0,-7.68,3.16,-1.6200000000000003,37.88,1.54,-49.65,2.67,1010000.0,0.82,1.82,Aug 06/a,1.82,136970000.0,HIGH,7.06,7.06,1.63,12.37,0.1688,True,9.24,False,-6.04,4.961,7.418,28.0,-20.18,26.0,5.2,1.82,850571.0,shrinking revenue,,0.0,,,,
HLIT,Harmonic Inc,Technology,Communication Equipment,,13.99,-183.79,-3.3099999999999996,-1.79,0.78,5.45,-24.65,20.84,1.32,-36.37,2.29,1750000.0,0.82,11.25,Aug 12/a,16.14,1230000000.0,HIGH,-16.23,-5.94,1.13,-10.92,0.1598,False,-7.08,False,-8.21,3.644,4.0,22.0,-6.25,22.0,-6.25,11.25,15357833.0,shrinking revenue,,43.5,,,,
HNST,Honest Company Inc,Consumer Defensive,Household & Personal Products,,49.7,178.76,-10.87,-2.83,2.99,11.82,53.31,102.55000000000001,2.31,-7.6499999999999995,2.14,2120000.0,0.78,5.55,Aug 05/a,5.2,595430000.0,HIGH,18.09,-3.31,0.73,23.4,0.2734,True,2.16,True,18.81,5.201,4.685,7.0,-2.97,27.0,44.16,5.55,12351003.0,shrinking revenue,,-6.3,,,,
HOG,Harley-Davidson Inc,Consumer Cyclical,Recreational Vehicles,17.06,14.23,-16.48,-5.86,3.88,0.97,17.19,7.61,56.49000000000001,1.3,-11.71,2.7,2420000.0,0.87,27.59,Jul 23/b,28.3,2870000000.0,HIGH,2.07,1.51,1.26,7.38,0.0661,False,-0.06,True,3.52,3.425,2.428,6.0,-0.29,37.0,4.03,27.59,46143786.0,shrinking revenue,,2.6,,,,
HP,Helmerich & Payne Inc,Energy,Oil & Gas Drilling,,29.68,145.34,-0.58,-4.88,-1.36,7.62,8.61,19.58,0.67,-11.5,2.71,1290000.0,0.93,42.63,Aug 05/a,44.8,4260000000.0,HIGH,-4.67,-2.47,0.97,0.64,0.1316,False,-2.81,True,9.84,4.412,5.489,9.0,-2.18,27.0,28.09,42.63,54526714.0,shrinking revenue,,5.1,,,,
HSCS,HeartSciences Inc,Healthcare,Medical Devices,,,54.120000000000005,-100.0,0.0,-7.829999999999999,3.68,96.67,37.85,1.83,-18.62,1.0,2310000.0,0.04,3.54,Jul 22,12.0,13800000.0,HIGH,60.18,-13.24,0.51,65.49,0.6958,True,14.0,True,32.67,10.732,7.627,7.0,17.61,,,3.54,497304.0,illiquid (<$500K/day); shrinking revenue,,239.0,,,,
HTLD,Heartland Express Inc,Industrials,Trucking,,24.06,198.35,-12.48,-0.1,1.48,7.23,-22.72,30.64,1.34,-25.16,3.5,691640.0,0.79,12.45,Jul 30/b,13.2,962790000.0,HIGH,-2.89,1.06,0.83,2.42,0.0764,True,0.42,False,-5.79,3.253,3.293,,,32.0,-2.2,12.45,8110819.0,shrinking revenue,,6.0,,,,
HUBG,Hub Group Inc,Industrials,Integrated Freight & Logistics,20.29,16.79,22.21,-5.31,0.0,0.26,6.0,-23.98,2.8,1.22,-33.8,3.33,1010000.0,2.79,35.26,Jul 30,35.6,2160000000.0,HIGH,-10.67,-2.22,2.28,-5.36,0.2093,False,-7.73,False,-18.73,5.145,15.372,43.0,-25.42,,,35.26,44792460.0,shrinking revenue,,1.0,,,,
HZO,Marinemax Inc,Consumer Cyclical,Specialty Retail,361.57,33.15,127.37,-6.98,0.0,-1.4,11.46,53.56000000000001,105.39,1.7,-0.48,2.56,596860.0,1.15,52.21,Jul 23/b,45.0,1150000000.0,HIGH,-0.08,0.08,0.96,5.23,0.0031,True,0.06,True,19.98,0.194,0.096,25.0,46.33,37.0,58.6,52.21,37151324.0,deal-pinned; shrinking revenue,,-13.8,,,,
IAUX,i-80 Gold Corp,Basic Materials,Gold,,,-22.74,-12.53,2.62,-4.21,11.88,14.19,1.81,1.23,-24.55,1.0,10170000.0,0.57,1.69,Aug 10/a,3.11,1460000000.0,HIGH,2.42,-3.98,0.63,7.73,0.2031,False,-5.0,True,7.84,4.666,2.367,17.0,-2.31,24.0,1.81,1.69,16823970.0,shrinking revenue,,84.0,,,,
IBIO,iBio Inc,Healthcare,Biotechnology,,,39.47,-100.0,0.9899999999999999,16.62,9.35,-28.99,-51.019999999999996,1.26,-68.59,1.12,820510.0,0.4,1.2,Aug 28/b,5.53,73030000.0,HIGH,-17.24,-7.69,0.45,-11.93,0.2849,False,-11.18,False,-14.35,5.06,2.5,18.0,-17.24,11.0,-11.76,1.2,999824.0,shrinking revenue,,360.8,,,,
IE,Ivanhoe Electric Inc,Basic Materials,Copper,,,13.449999999999998,-32.21,0.0,1.7000000000000002,8.99,-12.42,-21.72,1.28,-55.169999999999995,1.14,2210000.0,1.48,9.66,Aug 07/b,21.08,1540000000.0,HIGH,-8.78,-12.5,1.62,-3.47,0.2569,False,-9.81,False,-3.29,8.063,6.108,14.0,-14.21,26.0,-9.72,9.66,21623091.0,shrinking revenue,,118.2,,,,
IHT,Innsuites Hospitality Trust,Real Estate,REIT - Hotel & Motel,,,85.71,-0.56,-0.9000000000000001,33.27,1.65,-7.59,26.009999999999998,0.33,-68.4,,504880.0,0.01,1.34,-,,16129999.999999998,HIGH,-16.25,-2.9,0.08,-10.94,0.3254,False,-5.1,False,-15.22,6.983,6.716,54.0,-22.09,,,1.34,99322.0,illiquid (<$500K/day); shrinking revenue,,,,,,
IMMR,Immersion Corp,Technology,Software - Application,54.5,,150.68,-4.04,-7.44,13.88,8.29,10.24,16.67,1.0,-10.43,2.0,571550.0,0.6,7.21,Sep 14/b,13.5,239320000.0,HIGH,-3.99,-5.5,0.96,1.32,0.0745,False,-4.52,False,-0.84,2.764,3.883,12.0,-6.24,1.0,0.0,7.21,2667218.0,shrinking revenue,,87.2,,,,
IMNM,Immunome Inc,Healthcare,Biotechnology,,,-29.43,-100.0,-6.959999999999999,-0.68,15.18,33.57,20.58,2.54,-18.33,1.07,1300000.0,0.57,24.55,Aug 11/a,36.31,2790000000.0,HIGH,-10.4,-8.43,0.73,-5.09,0.2121,False,-10.21,False,-2.91,4.491,3.503,18.0,-10.92,23.0,-6.48,24.55,28336000.0,shrinking revenue,,47.9,,,,
IMXI,International Money Express Inc,Technology,Software - Infrastructure,22.81,10.35,-62.66,-16.69,0.0,3.4000000000000004,7.18,-5.47,-10.32,0.75,-11.16,3.0,524520.0,0.47,14.17,Aug 05,16.0,428090000.0,HIGH,-4.84,-1.67,0.51,0.47,0.0592,False,-1.13,True,4.27,1.573,1.129,21.0,21.11,,,14.17,6573037.0,shrinking revenue,,12.9,,,,
INDP,Indaptus Therapeutics Inc,Healthcare,Biotechnology,,,99.83,,0.0,368.46,4.48,-12.29,77.4,0.93,-63.35999999999999,1.0,676040.0,2.05,3.14,Aug 13/b,10.0,418380000.0,HIGH,214.0,69.73,0.74,219.31,1.7652,True,113.13,True,76.42,8.308,15.605,5.0,157.38,22.0,207.84,3.14,3341342.0,>40% above 50-day SMA; >20% above 20-day SMA,,218.5,,,,
INSP,Inspire Medical Systems Inc,Healthcare,Medical Devices,16.14,50.56,108.87,-7.6,-0.3,-4.58,13.41,74.05,26.780000000000005,0.73,-49.45,2.78,856890.0,1.37,74.32,Aug 03/a,60.73,2150000000.0,HIGH,29.88,19.6,1.88,35.19,0.2735,True,17.65,True,29.62,4.281,4.635,4.0,19.6,29.0,42.32,74.32,40502827.0,shrinking revenue,,-18.3,,,,
IOVA,Iovance Biotherapeutics Inc,Healthcare,Biotechnology,,,68.51,65.65,0.0,4.52,22.4,126.95999999999998,133.84,0.85,-1.07,1.56,16200000.0,1.3,9.26,Aug 06/b,10.0,4190000000.0000005,HIGH,30.42,6.44,1.43,35.73,0.261,True,11.61,True,45.99,4.775,9.395,1.0,7.67,27.0,113.36,9.26,122998275.0,>40% above 50-day SMA,,8.0,,,,
IQST,iQSTEL Inc,Communication Services,Telecom Services,,,52.16,51.1,0.0,-2.47,7.05,-5.45,-43.78,1.55,-85.61,1.0,4810000.0,0.08,1.04,Aug 19/b,18.0,11350000.0,HIGH,-7.14,14.66,0.96,-1.83,0.3225,True,6.85,True,0.49,5.92,11.731,19.0,-7.14,18.0,2.97,1.04,408183.0,illiquid (<$500K/day),,1630.8,,,,
IRD,Opus Genetics Inc,Healthcare,Biotechnology,,,-18.7,-73.8,-10.19,16.46,16.27,47.77,18.69,0.58,-15.560000000000002,1.0,2130000.0,1.2,5.97,Aug 06/b,13.0,496680000.0,HIGH,63.56,37.56,0.55,68.87,0.7636,True,35.1,True,52.28,10.122,7.035,4.0,37.56,27.0,60.48,5.97,24941340.0,>40% above 50-day SMA; >20% above 20-day SMA; shrinking revenue,,117.8,,,,
ISPC,iSpecimen Inc,Healthcare,Diagnostics & Research,,,94.17,-78.69,,382.06,5.71,-46.55,-87.08,1.63,-98.58,1.0,583250.0,0.3,1.47,-,2400.0,3700000.0,HIGH,-31.63,-7.55,0.1,-26.32,0.7262,False,-13.45,False,-26.45,8.654,4.762,19.0,-31.63,,,1.47,2870939.0,shrinking revenue,,163165.3,,,,
ITGR,Integer Holdings Corp,Healthcare,Medical Devices,34.39,18.38,-33.29,-2.74,-2.28,4.64,7.74,38.63,52.0,0.58,-0.52,3.09,924110.0,0.77,126.13,Aug 03/b,120.6,4290000000.0,HIGH,0.84,-0.06,0.96,6.15,0.0139,True,0.49,True,10.43,0.295,0.143,6.0,0.5,30.0,4.06,126.13,93091579.0,deal-pinned; shrinking revenue,,-4.4,,,,
ITRI,Itron Inc,Technology,Scientific & Technical Instruments,15.36,13.24,-18.95,-7.23,-4.87,1.6500000000000001,14.47,14.06,2.1,1.31,-35.29,1.5,756490.0,0.63,91.89,Jul 28/b,129.6,4019999999.9999995,HIGH,-8.67,-4.85,1.0,-3.36,0.0971,False,-5.18,False,-2.88,2.543,1.872,34.0,8.39,34.0,8.39,91.89,45892893.0,shrinking revenue,,41.0,,,,
JACK,Jack In The Box Inc,Consumer Cyclical,Restaurants,3.49,4.63,-10.09,-22.62,-0.72,8.61,35.03,9.65,15.8,1.42,-38.56,2.5,932450.0,0.72,14.66,Aug 12/a,20.0,281170000.0,HIGH,-14.27,-3.3,1.15,-8.96,0.2384,False,-8.73,False,-8.95,6.022,4.843,23.0,-17.92,22.0,-21.86,14.66,9311226.0,shrinking revenue,,36.4,,,,
JELD,JELD-WEN Holding Inc,Industrials,Building Products & Equipment,,,-39.48,-0.72,-0.62,-12.86,9.79,15.82,37.58,2.23,-68.89,3.0,1820000.0,0.39,2.05,Aug 03/a,1.93,177860000.0,HIGH,9.63,-6.39,0.4,14.94,0.3526,False,-6.86,True,18.51,9.383,5.61,11.0,-5.96,29.0,42.36,2.05,3965510.0,shrinking revenue,,-5.9,,,,
JRSH,Jerash holdings (US) Inc,Consumer Cyclical,Apparel Manufacturing,13.92,10.16,400.0,26.75,-0.01,20.22,1.21,48.27,68.2,0.97,-11.7,1.0,749310.0,0.17,5.13,Aug 10/b,6.5,65150000.00000001,HIGH,-9.04,-4.29,1.6,-3.73,0.0992,False,-6.01,True,1.96,4.121,4.678,20.0,-3.21,25.0,2.6,5.13,439884.0,illiquid (<$500K/day),,26.7,,,,
JTAI,Jet.AI Inc,Technology,Software - Application,0.0,,99.07,139.01,0.0,5.9,4.24,93.77,-32.3,-0.57,-98.37,1.0,1500000.0,0.05,1.24,May 15/b,7.58,4410000.0,HIGH,-20.0,-6.77,0.6,-14.69,0.4055,False,-13.44,False,-22.9,7.177,4.032,43.0,168.57,,,1.24,186368.0,illiquid (<$500K/day),,511.3,,,,
KBH,KB Home,Consumer Cyclical,Residential Construction,12.03,11.12,-71.17,-27.27,-10.22,2.55,12.9,-8.2,-6.38,1.33,-27.54,3.17,1160000.0,1.83,49.57,Sep 22/a,58.5,3040000000.0,HIGH,-10.59,-1.25,2.16,-5.28,0.205,False,-6.7,False,-10.36,3.27,3.268,28.0,-14.61,,,49.57,51460298.0,shrinking revenue,,18.0,,,,
KD,Kyndryl Holdings Inc,Technology,Information Technology Services,37.83,5.45,-206.45,-3.34,0.0,4.96,14.37,15.98,9.88,1.71,-58.43000000000001,3.43,4179999.9999999995,0.87,13.57,Aug 05/b,14.2,2960000000.0,HIGH,6.68,6.1,1.02,11.99,0.1147,True,4.97,True,5.41,4.068,3.869,1.0,3.19,28.0,-2.37,13.57,45687287.0,shrinking revenue,,4.6,,,,
KEEL,Keel Infrastructure Corp,Technology,Information Technology Services,,,-984.8499999999999,-60.370000000000005,6.2,28.12,20.81,-38.28,54.02,4.01,-53.18999999999999,1.17,40820000.0,0.67,3.45,Aug 10/b,6.33,2130000000.0,HIGH,-8.49,-7.51,0.72,-3.18,0.2427,True,1.81,False,-9.64,7.752,7.362,,,25.0,1.47,3.45,128647607.0,shrinking revenue,,83.5,,,,
KIDZ,KIDZ AI Inc,Consumer Defensive,Education & Training Services,,,96.72,-33.6,-98.71,,3.79,-88.72,-99.31,-0.7,-99.98,,1060000.0,0.08,2.91,-,,2500000.0,HIGH,-28.5,-21.14,0.33,-23.19,0.5681,False,-30.21,False,-55.23,15.223,19.897,,,,,2.91,1170289.0,shrinking revenue,,,,,,
KLC,KinderCare Learning Companies Inc,Consumer Defensive,Education & Training Services,,10.39,-122.63999999999999,-0.37,0.59,1.39,15.79,-42.37,22.05,3.76,-68.77,3.5,816530.0,0.81,2.38,Aug 13/a,4.13,282080000.0,HIGH,-7.03,-7.75,0.71,-1.72,0.2055,False,-8.04,False,-41.25,5.099,3.571,29.0,-56.01,21.0,-8.46,2.38,2449021.0,shrinking revenue,,73.5,,,,
KLTR,Kaltura Inc,Technology,Software - Application,,27.95,25.540000000000003,5.47,-1.5700000000000003,6.06,2.27,1.43,5.19,1.19,-30.73,1.0,581100.0,0.32,1.42,Aug 05/b,3.5,216630000.0,HIGH,-13.41,-4.05,0.79,-8.1,0.2151,False,-8.48,False,-4.37,4.532,4.577,28.0,1.43,28.0,1.43,1.42,369460.0,illiquid (<$500K/day),,146.5,,,,
KMPR,Kemper Corp,Financial,Insurance - Property & Casualty,,6.72,-802.6099999999999,-9.18,1.54,1.82,9.27,11.51,-6.12,1.05,-48.16,3.0,1050000.0,0.69,27.9,Aug 05/a,36.33,1640000000.0,HIGH,6.45,4.61,0.82,11.76,0.1015,True,1.51,False,-0.81,3.766,3.154,34.0,-5.3,27.0,-4.68,27.9,24227785.0,shrinking revenue,,30.2,,,,
KPTI,Karyopharm Therapeutics Inc,Healthcare,Biotechnology,,,46.41,-11.86,-0.1,14.21,53.48,-83.16,-79.62,1.01,-85.44,1.33,1480000.0,0.67,1.6,Aug 13/b,8.8,36290000.0,HIGH,-11.6,-6.98,0.75,-6.29,0.2896,False,-12.5,False,-64.11,9.71,4.375,48.0,-84.08,22.0,-19.6,1.6,2352791.0,shrinking revenue,,450.0,,,,
KRC,Kilroy Realty Corp,Real Estate,REIT - Office,24.58,76.22,-70.55,-6.04,-4.78,-8.11,8.27,-9.02,22.49,1.18,-22.47,2.71,1280000.0,0.89,34.91,Jul 27/a,39.62,4099999999.9999995,HIGH,-3.11,-3.43,1.02,2.2,0.0816,False,-3.73,False,-7.36,2.263,2.177,44.0,-10.4,34.0,-9.7,34.91,40315078.0,shrinking revenue,,13.5,,,,
KREF,KKR Real Estate Finance Trust Inc,Real Estate,REIT - Mortgage,,,-269.84,-23.18,0.65,7.82,13.76,-1.11,9.16,0.91,-26.63,2.33,930070.0,0.62,7.15,Jul 21/a,8.8,421930000.0,HIGH,-4.28,-4.16,1.05,1.03,0.0889,False,-4.22,False,-3.4,2.502,1.678,22.0,-6.66,38.0,-3.51,7.15,4059370.0,shrinking revenue,,23.1,,,,
KSS,Kohl's Corp,Consumer Cyclical,Department Stores,7.49,10.72,-4.65,-0.8699999999999999,-0.8199999999999998,-2.01,28.37,-4.93,30.269999999999996,1.36,-31.920000000000005,3.29,4250000.0,0.73,17.17,Aug 26/b,16.83,1950000000.0,HIGH,-10.94,-7.74,0.65,-5.63,0.1784,False,-5.21,False,-5.58,6.228,5.067,30.0,-10.29,13.0,-2.88,17.17,86624242.0,shrinking revenue,,-2.0,,,,
KTB,Kontoor Brands Inc,Consumer Cyclical,Apparel Manufacturing,14.08,10.25,-11.52,-11.56,-16.7,6.509999999999999,10.55,-14.67,-0.1,0.89,-24.21,1.91,765320.0,0.83,67.42,Aug 12/b,97.5,3680000000.0,HIGH,-17.55,-4.68,0.96,-12.24,0.3007,False,-10.64,False,-16.23,4.076,2.636,53.0,-17.77,23.0,-10.06,67.42,49244462.0,shrinking revenue,,44.6,,,,
KULR,KULR Technology Group Inc,Technology,Electronic Components,,,-319.07,-47.64,0.0,-0.07,15.3,-37.2,-13.77,2.34,-60.33,1.0,1320000.0,0.58,2.38,Aug 13/a,7.0,110150000.0,HIGH,-9.16,-4.8,1.06,-3.85,0.1739,False,-6.19,False,-12.96,5.042,4.622,23.0,-15.0,21.0,-9.85,2.38,1837224.0,shrinking revenue,,194.1,,,,
LCTX,Lineage Cell Therapeutics Inc,Healthcare,Biotechnology,,,77.21,-61.34,0.0,2.35,15.24,-15.75,-33.54,1.6,-48.8,1.43,1330000.0,1.38,1.07,Aug 06/a,5.5,270610000.0,HIGH,0.94,-1.83,1.91,6.25,0.1346,False,-1.29,False,-4.63,5.073,6.542,12.0,-4.46,26.0,-2.73,1.07,1041294.0,shrinking revenue,,414.0,,,,
LFMD,LifeMD Inc,Healthcare,Health Information Services,,,-156.23,-24.01,0.0,11.55,18.48,-26.810000000000002,-13.570000000000002,1.98,-53.010000000000005,1.0,928530.0,2.04,3.44,Aug 05/a,8.12,165810000.0,HIGH,3.61,11.33,2.63,8.92,0.1679,True,8.23,False,-6.37,4.61,13.081,,,27.0,1.18,3.44,2283964.0,shrinking revenue,,136.0,,,,
LIMN,Liminatus Pharma Inc,Healthcare,Biotechnology,,,-698.35,,0.0,,12.24,-42.3,-69.79,0.76,-97.51,,684760.0,0.06,3.52,-,,4730000.0,HIGH,-50.07,-2.76,0.72,-44.76,0.9467,False,-20.68,False,-33.3,9.84,9.233,22.0,-35.41,,,3.52,254505.0,illiquid (<$500K/day),,,,,,
LNAI,Lunai Bioworks Inc,Healthcare,Biotechnology,,,-994.57,,0.0,7.8,6.92,-9.96,47.1,0.3,-87.64,,956230.0,0.03,2.17,-,,9840000.0,HIGH,-3.56,-16.54,0.93,1.75,0.2461,False,-6.06,False,-11.09,10.701,21.152,5.0,-9.21,,,2.17,77567.0,illiquid (<$500K/day),,,,,,
LODE,Comstock Inc,Basic Materials,Other Precious Metals & Mining,,,-25.85,-19.65,,13.419999999999998,9.77,-34.63,-14.92,1.46,-46.18,3.0,1340000.0,1.14,2.68,Jul 23/b,5.38,203660000.0,HIGH,-22.77,-12.99,1.59,-17.46,0.3124,False,-18.18,False,-22.22,6.77,4.851,14.0,-24.08,37.0,-30.93,2.68,3103822.0,shrinking revenue,,100.7,,,,
LPX,Louisiana-Pacific Corp,Industrials,Building Products & Equipment,86.58,21.36,-51.849999999999994,-12.05,-0.11,2.32,11.0,-10.99,-11.9,1.61,-33.44,1.53,1160000.0,0.83,66.79,Aug 05/b,92.07,4670000000.0,HIGH,-7.61,-0.43,0.92,-2.3,0.1581,False,-4.76,False,-7.96,3.181,2.051,26.0,-12.01,28.0,-13.05,66.79,72889156.0,shrinking revenue,,37.8,,,,
LRN,Stride Inc,Consumer Defensive,Education & Training Services,11.48,10.42,70.14,-2.69,0.0,-1.97,18.7,-15.36,-1.97,0.13,-48.89,1.8,926490.0,0.53,82.7,Aug 04/a,118.2,3440000000.0,HIGH,-0.87,0.67,0.78,4.44,0.0813,False,-1.94,False,-2.99,2.614,2.394,9.0,-4.6,28.0,2.8,82.7,52170347.0,shrinking revenue,,42.9,,,,
LUNG,Pulmonx Corp,Healthcare,Medical Devices,,,36.74,-4.62,-3.61,-12.64,2.54,43.8,17.26,0.34,-31.83,1.8,587400.0,0.5,1.97,Jul 29/a,3.4,84600000.0,HIGH,-11.66,-5.29,0.8,-6.35,0.3417,False,-11.54,True,4.69,8.314,8.629,14.0,-13.6,32.0,57.6,1.97,821892.0,shrinking revenue,,72.6,,,,
LXP,LXP Industrial Trust,Real Estate,REIT - Industrial,61.34,138.75,-105.98,0.45000000000000007,0.0,-4.41,2.64,14.649999999999999,30.19,1.04,-1.3,2.43,751270.0,1.44,60.81,Jul 29/b,61.0,3590000000.0,HIGH,0.25,0.07,1.51,5.56,0.0091,False,-0.02,True,1.68,0.314,0.181,17.0,-0.03,33.0,0.23,60.81,43399549.0,deal-pinned,,0.3,,,,
LXRX,Lexicon Pharmaceuticals Inc,Healthcare,Biotechnology,,,-915.7299999999999,-97.6,0.0,5.17,13.47,3.12,17.16,1.07,-26.119999999999997,1.8,3390000.0,0.52,1.98,Aug 06/b,3.86,881010000.0,HIGH,-15.38,-11.21,0.7,-10.07,0.222,False,-11.59,False,-13.44,3.896,3.535,29.0,-15.02,27.0,-16.1,1.98,5683626.0,shrinking revenue,,94.9,,,,
LZB,La-Z-Boy Inc,Consumer Cyclical,"Furnishings, Fixtures & Appliances",15.68,11.01,-113.04,-3.36,-7.62,-0.89,4.97,-19.54,-8.4,1.24,-31.019999999999996,2.33,682440.0,0.85,30.97,Aug 18/a,41.0,1240000000.0,HIGH,-25.41,-2.21,0.66,-20.1,0.3556,False,-6.22,False,-17.07,2.807,2.325,26.0,-23.79,18.0,-8.67,30.97,29296778.0,shrinking revenue,,32.4,,,,
MARA,MARA Holdings Inc,Financial,Capital Markets,,,-186.86,-26.669999999999998,-3.8699999999999997,8.18,29.15,-18.32,23.39,5.34,-50.96000000000001,2.12,47080000.0,1.13,11.5,Aug 06/a,17.58,4440000000.0,HIGH,18.31,-2.79,1.04,23.62,0.3074,True,4.28,True,2.23,7.54,8.522,2.0,0.61,26.0,13.97,11.5,567046613.0,shrinking revenue,,52.9,,,,
MATW,Matthews International Corp,Industrials,Conglomerates,,25.42,-253.9,-29.580000000000002,0.48,-4.51,14.39,-25.759999999999998,-18.64,1.04,-35.63,1.67,549980.0,1.32,19.91,Aug 06/a,31.33,621450000.0,HIGH,-13.43,-2.35,0.94,-8.12,0.151,False,-5.51,False,-18.35,3.308,2.411,35.0,-28.1,26.0,-15.99,19.91,16264017.0,shrinking revenue,,57.4,,,,
MDXG,Mimedx Group Inc,Healthcare,Biotechnology,117.77,34.63,-255.9,-34.73,0.0,-0.8199999999999998,8.21,28.89,5.94,1.18,-41.78,1.0,1270000.0,0.7,4.64,Jul 29/a,7.4,676330000.0,HIGH,10.74,-0.64,0.89,16.05,0.1251,True,3.78,True,7.19,4.095,2.802,6.0,4.74,32.0,9.69,4.64,4448233.0,shrinking revenue,,59.5,,,,
METC,Ramaco Resources Inc,Basic Materials,Coking Coal,,,8.51,-5.33,-20.2,-7.02,32.69,-32.57,-29.520000000000003,1.65,-82.2,1.67,1940000.0,1.17,10.29,Aug 04/a,19.89,597180000.0,HIGH,-15.86,-17.88,1.02,-10.55,0.3544,False,-17.73,False,-11.52,10.801,8.358,8.0,-26.55,28.0,11.36,10.29,27811932.0,shrinking revenue,,93.3,,,,
MIDD,Middleby Corp,Industrials,Specialty Industrial Machinery,,14.16,-39.36,-10.46,0.0,-2.78,3.65,-13.94,-4.67,1.32,-26.14,1.67,696680.0,0.93,109.72,Aug 11/b,155.22,4960000000.0,HIGH,-4.49,1.0,1.18,0.82,0.1044,False,-1.93,False,-11.61,2.799,3.144,51.0,-20.59,24.0,-8.56,109.72,61307212.0,shrinking revenue,,41.5,,,,
MMS,Maximus Inc,Industrials,Specialty Business Services,8.77,7.1,4.98,-5.15,-0.07,-0.86,6.26,-4.7,-18.04,0.58,-40.65,1.33,664120.0,1.23,59.35,Aug 06/b,92.5,3110000000.0,HIGH,9.04,5.36,1.67,14.35,0.0913,True,2.81,True,2.05,2.698,4.431,29.0,-4.6,27.0,1.75,59.35,28236771.0,shrinking revenue,,55.9,,,,
MNRO,Monro Inc,Consumer Cyclical,Auto Parts,64.01,31.52,70.53,-4.62,0.0,-5.55,29.04,-19.37,-15.98,1.09,-46.21,2.2,1090000.0,0.61,12.86,Jul 29/b,22.0,402060000.0,HIGH,11.25,2.8,0.65,16.56,0.1614,True,2.23,False,-8.26,5.721,3.655,42.0,-25.28,33.0,-3.02,12.86,12894390.0,shrinking revenue,,71.1,,,,
MOBX,Mobix Labs Inc,Technology,Semiconductors,,,21.64,-66.43,-5.64,13.209999999999999,9.71,-48.48,-83.81,-0.73,-92.33,,3520000.0,0.31,1.02,-,,17390000.0,HIGH,-19.05,-19.69,0.12,-13.74,0.3287,False,-11.23,False,-34.63,16.94,4.902,,,,,1.02,10905574.0,shrinking revenue,,,,,,
MRTN,Marten Transport Ltd,Industrials,Trucking,90.26,21.3,-25.85,-2.77,0.0,5.96,5.82,-22.96,19.06,1.0,-24.3,2.67,675940.0,0.75,13.99,Jul 23/a,17.5,1140000000.0,HIGH,-8.38,-2.1,1.09,-3.07,0.1124,False,-2.83,False,-9.37,2.384,2.144,42.0,-18.52,36.0,-14.17,13.99,6670121.0,shrinking revenue,,25.1,,,,
MSS,Maison Solutions Inc,Consumer Defensive,Grocery Stores,,1.33,-455.41999999999996,-13.48,-22.77,33.95,17.01,-64.53,-83.54,3.99,-99.13,1.0,2780000.0,0.01,1.72,Jul 01,162.5,1470000.0,HIGH,17.81,8.18,0.01,23.12,0.3211,True,8.91,False,-9.98,11.017,7.093,,,,,1.72,9772279.0,shrinking revenue,,9347.7,,,,
MTH,Meritage Homes Corp,Consumer Cyclical,Residential Construction,13.56,10.85,-32.91,-13.77,-0.06,1.22,7.05,-12.839999999999998,2.85,1.33,-24.01,2.08,847750.0,1.06,64.88,Jul 29/a,82.38,4230000000.0000005,HIGH,-10.18,0.7,1.43,-4.87,0.2098,False,-5.83,False,-9.6,3.111,2.898,55.0,-22.15,32.0,-8.37,64.88,42784863.0,shrinking revenue,,27.0,,,,
MXCT,MaxCyte Inc,Healthcare,Medical Devices,,,28.42,-14.529999999999998,-0.12,-4.52,1.37,4.91,43.33,1.49,-37.0,1.33,1060000.0,0.49,1.17,Aug 12/a,4.1,121270000.0,HIGH,-10.98,-7.84,1.04,-5.67,0.22,False,-8.38,False,-4.94,5.35,5.106,22.0,-7.48,22.0,-7.48,1.17,644797.0,shrinking revenue,,250.4,,,,
MYGN,Myriad Genetics Inc,Healthcare,Diagnostics & Research,,,87.25,-10.51,-0.11,-6.06,8.82,-12.47,-18.67,1.68,-55.88000000000001,3.3,1870000.0,1.39,3.79,Jul 30/a,3.37,362510000.0,HIGH,24.26,19.18,1.49,29.57,0.2187,True,18.03,False,-9.33,5.164,10.554,3.0,18.81,31.0,32.52,3.79,5653178.0,fresh >10% breakout; shrinking revenue,,-11.1,,,,
NAGE,Niagen Bioscience Inc,Consumer Defensive,Packaged Foods,16.15,19.62,-72.01,-4.28,0.0,-8.55,8.0,-11.88,-36.4,2.01,-71.1,1.0,634940.0,0.66,3.04,Aug 04/a,12.08,240540000.0,HIGH,0.0,-1.94,1.02,5.31,0.1089,False,-3.32,False,-5.88,3.313,2.303,30.0,-10.59,28.0,2.7,3.04,1294721.0,shrinking revenue,,297.4,,,,
NATL,NCR Atleos Corp,Technology,Software - Application,17.95,8.63,42.73,-0.09,0.0,4.86,6.15,4.52,4.99,0.56,-4.6,3.0,679500.0,1.0,46.27,Aug 05/b,50.2,3420000000.0,HIGH,-0.09,1.74,0.78,5.22,0.0284,True,0.21,False,-0.33,1.186,1.21,39.0,-1.99,28.0,-1.15,46.27,29624280.0,shrinking revenue,,8.5,,,,
NAVI,Navient Corp,Financial,Credit Services,,10.12,89.9,-11.91,0.0,3.1400000000000006,12.37,22.71,20.3,1.17,-27.560000000000002,3.38,1120000.0,1.51,9.78,Aug 06/a,9.69,917200000.0,HIGH,6.77,3.27,1.5,12.08,0.0812,True,4.25,True,9.4,3.323,4.039,1.0,3.82,26.0,7.71,9.78,10610688.0,shrinking revenue,REVIEW,-0.9,,,,
NEOG,Neogen Corp,Healthcare,Medical Devices,,29.15,98.16,-0.07,0.02,2.0,4.9,31.319999999999997,31.46,1.8,-7.000000000000001,1.8,2040000.0,0.95,11.95,Jul 30/b,13.33,2610000000.0,HIGH,0.67,0.5,1.03,5.98,0.0521,True,1.49,True,8.84,3.204,2.51,18.0,3.28,32.0,27.13,11.95,22199015.0,shrinking revenue,,11.5,,,,
NKTR,Nektar Therapeutics,Healthcare,Biotechnology,,,58.379999999999995,-9.34,-2.91,31.34,18.36,15.36,-6.480000000000001,-0.8,-37.16,1.33,843620.0,1.27,68.5,Aug 13/a,144.4,2340000000.0,HIGH,-5.74,-9.2,1.49,-0.43,0.1116,False,-6.45,False,-5.03,4.322,2.876,28.0,-5.85,21.0,-6.19,68.5,45239085.0,shrinking revenue,,110.8,,,,
NMFC,New Mountain Finance Corp,Financial,Asset Management,,6.91,152.77,-82.98,-0.43,,3.76,-8.81,-8.23,0.65,-31.230000000000004,3.14,602290.0,0.51,7.25,Aug 03/a,8.29,684780000.0,HIGH,-2.95,-1.49,0.8,2.36,0.0717,False,-3.0,False,-0.81,1.783,1.103,22.0,-5.97,29.0,0.28,7.25,2844225.0,shrinking revenue,,14.3,,,,
NN,NextNav Inc,Technology,Software - Infrastructure,,,50.1,-4.33,-0.31,8.06,15.43,-27.72,-8.7,1.16,-36.36,1.0,2630000.0,0.68,15.54,Aug 11/a,33.67,2620000000.0,HIGH,-19.06,2.1,0.8,-13.75,0.3368,False,-3.77,True,0.3,5.233,6.049,24.0,0.71,23.0,-12.84,15.54,36051392.0,shrinking revenue,,116.7,,,,
NRIX,Nurix Therapeutics Inc,Healthcare,Biotechnology,,,-55.54,-79.47,-2.86,-6.39,18.16,50.56,69.68,1.81,-9.6,1.21,1540000.0,0.86,25.52,Jul 09/a,33.93,2650000000.0,HIGH,-6.07,-2.33,1.08,-0.76,0.104,False,-3.08,True,1.74,4.212,4.683,18.0,-5.24,46.0,10.67,25.52,32418925.0,shrinking revenue,,33.0,,,,
NTLA,Intellia Therapeutics Inc,Healthcare,Biotechnology,,,18.15,-46.23,-0.61,28.809999999999995,32.8,-1.9799999999999998,-6.97,1.8,-57.98,2.26,4520000.0,0.58,11.87,Aug 06/b,23.81,1660000000.0,HIGH,-1.82,-6.83,0.77,3.49,0.1676,False,-5.63,False,-4.51,4.983,3.917,14.0,-5.49,27.0,8.2,11.87,42496766.0,shrinking revenue,,100.6,,,,
NUAI,New Era Energy & Digital Inc,Technology,Software - Infrastructure,,,2.39,-82.55,0.0,130.63,31.34,2.75,11.55,1.22,-40.71,1.0,7500000.0,0.65,5.6,Aug 14/a,10.67,596730000.0,HIGH,2.56,-15.15,0.78,7.87,0.4085,True,4.68,True,11.07,8.578,6.786,5.0,3.51,20.0,10.45,5.6,34042419.0,shrinking revenue,,90.5,,,,
NUS,Nu Skin Enterprises Inc,Consumer Defensive,Household & Personal Products,,4.2,-1304.66,-17.1,-1.18,-0.04,9.57,-10.97,-32.08,0.89,-66.69,3.0,664770.0,0.69,4.87,Aug 10/a,12.77,237050000.0,HIGH,4.06,2.53,0.89,9.37,0.0723,True,2.0,False,-2.66,3.989,3.696,3.0,0.41,24.0,0.0,4.87,2457927.0,shrinking revenue,,162.2,,,,
NVAX,Novavax Inc,Healthcare,Biotechnology,,,-153.98,-76.3,0.0,0.07,31.12,8.0,-6.3,2.45,-19.88,2.29,4330000.0,0.78,9.59,Aug 06/b,14.71,1580000000.0,HIGH,18.84,-5.89,0.59,24.15,0.3055,True,2.74,True,11.42,6.517,4.797,9.0,2.35,27.0,24.55,9.59,53534881.0,shrinking revenue,,53.4,,,,
NVTS,Navitas Semiconductor Corp,Technology,Semiconductors,,,-284.43,-27.339999999999996,-10.36,13.81,17.72,-53.44,7.82,3.96,-68.13,2.86,15920000.0,0.69,10.89,Jul 27/a,14.37,2840000000.0,HIGH,-25.31,-9.25,0.93,-20.0,0.31,False,-9.91,False,-12.05,6.87,5.592,21.0,-20.28,34.0,8.79,10.89,143715484.0,shrinking revenue,,32.0,,,,
OABI,OmniAb Inc,Healthcare,Biotechnology,,,69.59,244.24,-0.12,-4.34,5.05,97.36,150.28,0.62,-17.5,1.0,1270000.0,1.26,4.48,Aug 06/a,7.64,651350000.0,HIGH,17.28,5.66,0.59,22.59,0.2985,True,2.38,True,41.64,7.175,9.263,8.0,0.9,26.0,100.0,4.48,11408798.0,>40% above 50-day SMA,,70.5,,,,
OCSL,Oaktree Specialty Lending Corp,Financial,Asset Management,26.51,9.33,-19.34,-67.83,1.55,,3.39,5.13,14.88,0.56,-10.89,3.0,526460.0,0.85,12.71,Aug 05/b,12.5,1120000000.0,HIGH,-1.09,-0.47,0.95,4.22,0.0612,False,-2.02,True,1.71,1.59,1.18,10.0,-2.38,28.0,5.39,12.71,6117611.0,shrinking revenue,,-1.7,,,,
OGN,Organon & Co,Healthcare,Drug Manufacturers - General,17.49,3.76,-28.360000000000003,-2.26,0.7,0.09,6.4,1.56,114.96,1.54,-0.98,3.0,2770000.0,0.45,13.65,Aug 11,14.0,3580000000.0,HIGH,-0.36,-0.73,0.39,4.95,0.014,False,-0.57,True,0.2,0.254,0.22,6.0,-0.87,,,13.65,43935471.0,deal-pinned; shrinking revenue,,2.6,,,,
OGS,ONE Gas Inc,Utilities,Utilities - Regulated Gas,16.68,15.29,39.88,-2.86,0.0,1.8799999999999997,5.79,-0.64,-11.67,0.62,-14.87,1.7,578190.0,0.96,77.28,Aug 04/a,89.56,4860000000.0,HIGH,-3.38,-4.3,1.18,1.93,0.0605,False,-3.17,False,-2.76,1.99,1.216,19.0,-3.38,28.0,-0.06,77.28,37340992.0,shrinking revenue,,15.9,,,,
OI,O-I Glass Inc,Consumer Cyclical,Packaging & Containers,,4.26,-19384.0,-2.23,1.18,2.29,9.9,-29.99,-39.55,0.66,-62.029999999999994,2.3,3240000.0,0.9,6.42,Jul 28/a,9.83,986500000.0,HIGH,-3.02,-4.89,1.04,2.29,0.2189,False,-7.23,False,-17.57,4.684,4.05,51.0,-33.06,33.0,-16.62,6.42,19362397.0,shrinking revenue,,53.1,,,,
OIS,Oil States International Inc,Energy,Oil & Gas Equipment & Services,,11.45,112.45,-5.29,-0.8500000000000001,-0.73,4.3,-1.29,-29.439999999999998,1.19,-42.14,1.75,648120.0,0.96,8.39,Jul 30/b,11.0,506100000.0,HIGH,-8.41,-3.56,1.24,-3.1,0.1049,False,-3.55,False,-1.33,3.814,4.172,21.0,-3.78,32.0,10.69,8.39,4329889.0,shrinking revenue,,31.1,,,,
OLED,Universal Display Corp,Technology,Electronic Components,18.54,16.27,-24.92,-11.43,0.28,5.66,9.55,-16.23,-18.55,1.52,-50.05,1.64,757370.0,1.67,76.62,Jul 30/a,114.0,3520000000.0,HIGH,-11.57,-6.9,1.68,-6.26,0.1351,False,-8.59,False,-8.11,4.756,9.227,24.0,-15.37,31.0,-4.42,76.62,62888375.0,shrinking revenue,,48.8,,,,
OLN,Olin Corp,Basic Materials,Chemicals,,28.11,-933.63,-0.93,0.0,-2.5,10.18,-32.83,-31.739999999999995,1.21,-44.59,2.67,3290000.0,0.6,16.88,Jul 30/a,21.87,1920000000.0,HIGH,-11.2,-5.65,0.75,-5.89,0.1427,False,-4.47,False,-13.47,3.851,3.554,40.0,-23.24,31.0,-8.81,16.88,46683956.0,shrinking revenue,,29.6,,,,
ONT,Onterris Inc,Industrials,Waste Management,,91.55,-90.95,-20.42,-0.31,12.75,12.29,10.36,-24.29,1.79,-39.46,2.14,694630.0,0.75,18.86,Aug 05/a,20.33,662310000.0,HIGH,17.58,5.3,0.86,22.89,0.2567,True,11.7,True,1.34,4.143,3.738,3.0,5.84,27.0,24.98,18.86,9964842.0,shrinking revenue,,7.8,,,,
OPEN,Opendoor Technologies Inc,Real Estate,Real Estate Services,,,-321.36,-43.65,-0.0,10.26,25.54,-37.16,-43.64,3.73,-74.33,3.0,55540000.0,0.7,2.79,Aug 04/a,4.56,2710000000.0,HIGH,-21.19,-9.12,1.28,-15.88,0.3289,False,-13.69,False,-26.14,5.159,5.735,47.0,-41.75,28.0,-25.8,2.79,98062208.0,shrinking revenue,,63.4,,,,
ORGO,Organogenesis Holdings Inc,Healthcare,Drug Manufacturers - Specialty & Generic,,,-702.49,-56.68,0.0,5.26,20.01,-35.9,-43.18,1.26,-78.8,3.0,813330.0,0.8,1.5,Aug 06/a,2.0,193020000.0,HIGH,-12.79,-6.25,0.94,-7.48,0.2648,False,-11.14,False,-27.84,5.548,4.0,39.0,-42.97,26.0,-19.35,1.5,1147784.0,shrinking revenue,,33.3,,,,
OSS,One Stop Systems Inc,Technology,Computer Hardware,175.45,145.33,-216.2,-33.74,-0.44,6.1,22.95,-47.63,-13.489999999999998,1.45,-58.24,1.0,1060000.0,0.73,8.72,Aug 05/b,19.25,217530000.0,HIGH,-35.12,-11.29,0.99,-29.81,0.472,False,-17.73,False,-28.01,5.646,3.096,,,28.0,-33.54,8.72,8467449.0,shrinking revenue,,120.8,,,,
OVID,Ovid Therapeutics Inc,Healthcare,Biotechnology,,,-15.329999999999998,-88.31,0.0,26.839999999999996,11.43,19.13,39.09,0.22,-11.76,1.0,2240000.0,0.54,2.74,Aug 13/b,6.0,535110000.0,HIGH,-5.19,-0.36,0.82,0.12,0.1264,False,-1.74,True,4.66,4.408,3.832,18.0,-3.52,22.0,4.58,2.74,4073574.0,shrinking revenue,,119.0,,,,
OXSQ,Oxford Square Capital Corp,Financial,Asset Management,,6.14,-32.89,-41.87,4.35,,4.34,0.0,-22.41,0.32,-38.64,3.0,1600000.0,0.88,1.35,Jul 31/b,1.75,145410000.0,HIGH,-4.93,1.5,1.03,0.38,0.0964,False,-1.35,False,-5.87,2.487,1.481,44.0,-8.16,31.0,-6.25,1.35,1872452.0,shrinking revenue,,29.6,,,,
PACB,Pacific Biosciences of California Inc,Healthcare,Medical Devices,,,-3.08,-1.91,-0.45000000000000007,0.77,17.39,3.05,1.5,2.29,-50.55,2.25,6500000.0,0.73,1.35,Aug 05/a,2.16,419620000.0,HIGH,11.57,2.27,0.77,16.88,0.3234,True,1.31,False,-0.94,7.249,7.407,14.0,5.47,27.0,15.38,1.35,8285334.0,shrinking revenue,,60.0,,,,
PATK,Patrick Industries Inc,Consumer Cyclical,Recreational Vehicles,17.35,13.7,33.27,-0.56,2.11,-0.72,13.95,-15.82,-36.16,1.14,-50.85999999999999,1.73,628580.0,0.99,72.98,Jul 30/b,108.0,2340000000.0,HIGH,-13.92,-9.24,1.33,-8.61,0.1994,False,-10.69,False,-13.25,3.614,2.494,26.0,-15.64,32.0,-13.12,72.98,37968448.0,shrinking revenue,,48.0,,,,
PAVS,Paranovus Entertainment Technology Ltd,Consumer Defensive,Packaged Foods,,,26.05,70797.99,0.0,0.0,3.88,-78.8,-99.77,-0.14,-100.0,1.0,1230000.0,0.01,4.41,-,210.0,3780000.0,HIGH,-30.66,-3.71,0.29,-25.35,0.3868,False,-12.73,False,-16.59,7.928,4.762,25.0,-28.29,,,4.41,131805.0,illiquid (<$500K/day),,4661.9,,,,
PAYO,Payoneer Global Inc,Technology,Software - Infrastructure,51.59,23.65,-114.06,5.24,-0.03,1.6200000000000003,5.52,5.78,57.269999999999996,0.88,-0.56,3.0,5660000.0,0.77,7.14,Aug 06/b,7.72,2420000000.0,HIGH,0.14,0.14,1.75,5.45,0.0123,True,0.27,True,0.3,0.45,0.56,7.0,0.28,27.0,0.42,7.14,17808346.0,deal-pinned,,8.1,,,,
PBI,Pitney Bowes Inc,Industrials,Integrated Freight & Logistics,14.12,9.51,116.73,-2.25,-67.51,-0.1,12.31,0.06,70.91,1.65,-9.12,2.6,2069999.9999999998,0.85,17.33,Jul 29/a,19.56,2380000000.0,HIGH,8.18,2.0,1.16,13.49,0.1144,True,2.49,False,-0.38,2.716,4.674,42.0,-4.73,32.0,-1.87,17.33,24316067.0,shrinking revenue,,12.9,,,,
PEB,Pebblebrook Hotel Trust,Real Estate,REIT - Hotel & Motel,,,178.49,-0.1,-1.36,-2.17,15.5,-1.27,55.14,1.45,-9.93,3.0,2480000.0,0.65,17.95,Jul 29/a,19.02,2029999999.9999998,HIGH,-1.05,1.76,0.83,4.26,0.0612,False,-1.06,False,-2.89,2.961,2.786,39.0,-7.04,32.0,-4.06,17.95,35192011.0,shrinking revenue,,6.0,,,,
PETS,Petmed Express Inc,Healthcare,Pharmaceutical Retailers,,,82.78,-19.86,0.35,-8.04,4.41,-9.73,-32.11,0.82,-59.27,5.0,628530.0,0.15,1.67,Aug 13/a,2.15,36200000.0,HIGH,-4.57,-5.11,1.14,0.74,0.1526,False,-6.21,False,-11.91,3.935,2.395,37.0,-14.8,21.0,-8.74,1.67,145765.0,illiquid (<$500K/day); shrinking revenue,,28.7,,,,
PHIO,Phio Pharmaceuticals Corp,Healthcare,Biotechnology,,,21.14,,2.82,-0.2,2.14,-3.74,-11.97,0.84,-75.42,1.0,620510.0,0.11,1.03,Aug 07/b,14.0,11970000.0,HIGH,-2.83,0.0,0.34,2.48,0.2321,False,-6.79,False,-3.45,5.61,3.883,18.0,-1.9,26.0,-0.96,1.03,219230.0,illiquid (<$500K/day),,1259.2,,,,
PLAY,Dave & Buster's Entertainment Inc,Communication Services,Entertainment,,,-73.55,-1.5,-0.22,2.71,26.16,-34.49,-34.54,1.89,-66.11,2.17,1680000.0,4.93,8.47,Sep 14/a,18.5,294660000.0,HIGH,-16.55,-4.19,4.24,-11.24,0.3324,False,-8.45,False,-14.49,6.535,5.03,30.0,-21.86,,,8.47,16823930.0,shrinking revenue,,118.4,,,,
POLA,Polar Power Inc,Industrials,Electrical Equipment & Parts,,,-355.98,-62.36999999999999,0.0,14.56,9.78,-27.07,-27.87,1.17,-77.04,1.0,1030000.0,0.05,1.32,-,35.0,5560000.0,HIGH,-21.43,1.54,0.09,-16.12,0.3441,False,-8.14,False,-16.06,4.978,4.545,30.0,-19.02,,,1.32,821405.0,shrinking revenue,,2551.5,,,,
POST,Post Holdings Inc,Consumer Defensive,Packaged Foods,14.58,11.03,-27.889999999999997,-1.83,-5.5,-3.45,15.96,-14.78,-19.38,0.39,-32.32,1.67,926680.0,1.36,79.37,Aug 06/a,105.17,3490000000.0,HIGH,0.03,-3.63,1.42,5.34,0.1017,False,-2.78,False,-6.62,2.981,3.351,34.0,-13.08,26.0,0.86,79.37,72554633.0,shrinking revenue,,32.5,,,,
PPLI,People Inc,Communication Services,Internet Content & Information,7.1,34.93,160.9,-25.590000000000003,-0.05,-11.82,15.17,-8.61,4.59,1.06,-19.35,1.67,958240.0,1.1,38.97,Aug 03/a,57.36,2900000000.0,HIGH,-1.34,1.54,1.11,3.97,0.0673,True,0.84,False,-6.36,2.596,2.951,51.0,-15.17,29.0,-7.35,38.97,36900508.0,shrinking revenue,,47.2,,,,
PRIM,Primoris Services Corp,Industrials,Engineering & Construction,29.19,14.23,-129.13,-10.71,-7.739999999999999,-1.86,9.54,-24.82,-44.44,1.44,-63.91,1.62,1610000.0,1.36,74.17,Aug 04/a,118.27,3990000000.0,HIGH,-10.69,-1.7,2.01,-5.38,0.1557,False,-2.14,False,-9.12,4.18,4.544,29.0,-15.56,28.0,-11.07,74.17,82577233.0,shrinking revenue,,59.5,,,,
PRKS,United Parks & Resorts Inc,Consumer Cyclical,Leisure,14.44,10.08,-7.21,-1.41,-1.15,-9.81,13.74,-18.67,18.99,1.24,-34.09,2.23,692980.0,0.75,36.72,Aug 04/b,48.45,1660000000.0,HIGH,-17.39,-10.24,0.91,-12.08,0.28,False,-11.84,False,-16.61,4.437,2.342,51.0,-22.07,29.0,-19.31,36.72,23588174.0,shrinking revenue,,31.9,,,,
PROK,ProKidney Corp,Healthcare,Biotechnology,,,-20.38,-32.13,-0.34,2.97,36.18,10.37,-19.56,1.79,-47.99,2.0,1260000.0,0.76,1.81,Aug 10/a,6.25,547200000.0,HIGH,29.29,-9.05,0.82,34.6,0.4479,True,3.75,True,8.62,6.448,3.039,8.0,-2.16,24.0,12.42,1.81,1997732.0,shrinking revenue,,245.3,,,,
PUMP,ProPetro Holding Corp,Energy,Oil & Gas Equipment & Services,,28.59,4.06,-6.24,-62.5,31.259999999999998,14.38,-32.3,-26.83,0.85,-43.24,1.82,3900000.0,1.1,10.5,Jul 29/b,16.17,1290000000.0,HIGH,-17.9,-12.72,1.39,-12.59,0.2111,False,-8.01,False,-10.86,5.422,8.048,,,33.0,2.84,10.5,35050908.0,shrinking revenue,,54.0,,,,
PVH,PVH Corp,Consumer Cyclical,Apparel Manufacturing,,5.84,-148.29,-3.2400000000000007,0.88,1.66,9.5,-10.92,19.94,1.76,-27.529999999999998,2.19,981250.0,1.45,73.01,Sep 02/a,87.45,3370000000.0,HIGH,-6.61,2.46,1.31,-1.3,0.1735,False,-2.09,False,-7.65,4.077,3.602,30.0,-15.75,7.0,1.0,73.01,80634094.0,shrinking revenue,,19.8,,,,
PYXS,Pyxis Oncology Inc,Healthcare,Biotechnology,,,-33.64,-100.0,-0.13,0.58,5.53,94.89,122.73,1.35,-38.2,1.2,1320000.0,0.53,3.43,Aug 13/b,8.44,286090000.0,HIGH,13.58,-11.83,0.74,18.89,0.332,True,3.07,True,13.53,10.048,8.892,6.0,-3.79,22.0,13.95,3.43,3240067.0,shrinking revenue,,146.1,,,,
PZZA,Papa John's International Inc,Consumer Cyclical,Restaurants,27.39,16.17,-12.98,-8.84,0.0,7.51,18.71,-33.07,-40.69,1.11,-60.85,2.56,1280000.0,1.19,21.82,Aug 06/b,30.82,718350000.0,HIGH,-6.07,-4.13,1.19,-0.76,0.1643,False,-4.75,False,-20.11,3.66,5.591,55.0,-39.67,27.0,-11.44,21.82,28874841.0,shrinking revenue,,41.2,,,,
QUCY,Quantum Cyber NV,Healthcare,Diagnostics & Research,,,97.59,-100.0,0.0,-17.76,8.87,-23.7,79.01,2.38,-73.23,1.0,2250000.0,0.13,1.32,Apr 14,9.0,110970000.0,HIGH,-10.2,-7.04,0.35,-4.89,0.2553,False,-7.48,False,-1.15,9.01,3.03,8.0,-10.81,,,1.32,1225731.0,shrinking revenue,,581.8,,,,
RAMP,LiveRamp Holdings Inc,Technology,Software - Infrastructure,15.55,9.56,143.93,9.84,0.0,0.49,10.4,0.08,34.7,1.27,-1.52,3.0,1040000.0,0.97,37.65,Aug 05/a,38.5,2290000000.0,HIGH,-0.08,-0.24,0.92,5.23,0.0096,False,-0.12,False,-0.27,0.296,0.452,42.0,-0.29,27.0,-0.4,37.65,41061642.0,deal-pinned,,2.3,,,,
RBBN,Ribbon Communications Inc,Technology,Software - Application,24.45,12.82,-141.4,-12.8,0.0,-0.9199999999999999,3.27,-25.650000000000002,-4.76,1.36,-51.1,1.4,740890.0,0.58,2.0,Jul 28/a,3.3,357650000.0,HIGH,-3.85,2.56,0.67,1.46,0.0722,False,-0.25,False,-4.32,3.357,5.0,,,33.0,-2.44,2.0,1288952.0,shrinking revenue,,65.0,,,,
RC,Ready Capital Corp,Real Estate,REIT - Mortgage,,,-79.69,-60.260000000000005,0.01,-2.08,13.2,-3.55,-6.32,1.55,-63.16,3.29,1260000.0,1.19,1.63,Aug 06/a,1.8,269260000.0,HIGH,-4.12,-4.68,1.61,1.19,0.2225,False,-7.86,False,-2.38,5.39,5.521,14.0,-13.76,26.0,5.16,1.63,1646239.0,shrinking revenue,,10.4,,,,
RCUS,Arcus Biosciences Inc,Healthcare,Biotechnology,,,,-74.38,-0.27,3.3099999999999996,15.39,1.13,9.56,0.94,-24.15,1.5,1360000.0,1.26,24.07,Aug 05/a,39.27,3060000000.0,HIGH,-18.57,-17.17,1.19,-13.26,0.2689,False,-17.36,False,-16.41,5.608,4.03,14.0,-20.09,27.0,-13.1,24.07,40929190.0,shrinking revenue,,63.1,,,,
REF,Reformation Inc,Consumer Cyclical,Apparel Retail,,,,,-9.4,14.35,13.21,,,,-15.93,1.33,626120.0,0.5,14.51,Sep 10/a,19.25,857250000.0,HIGH,-9.31,7.01,0.84,-4.0,0.2022,True,1.67,,,6.651,5.927,,,2.0,10.34,14.51,5194202.0,post-earnings jump,,32.7,,,,
RGP,Resources Connection Inc,Industrials,Consulting Services,,,78.98,-23.84,0.0,-7.719999999999999,2.94,-9.03,17.17,0.54,-23.72,2.5,519789.99999999994,0.53,4.23,Jul 22/a,5.67,146780000.0,HIGH,0.48,4.96,1.01,5.79,0.155,True,0.81,False,-1.66,4.086,7.092,8.0,2.17,37.0,12.5,4.23,1154500.0,shrinking revenue,,34.0,,,,
RHI,Robert Half Inc,Industrials,Staffing & Employment Services,33.71,19.64,-35.39,-2.44,0.0,-0.22,21.94,19.21,73.13,0.82,-17.06,3.25,2320000.0,0.92,38.73,Jul 23/a,34.78,3960000000.0,HIGH,-8.81,-1.22,1.05,-3.5,0.2543,False,-9.11,False,-4.02,4.009,3.073,11.0,-13.88,36.0,9.75,38.73,86291106.0,shrinking revenue,,-10.2,,,,
RLAY,Relay Therapeutics Inc,Healthcare,Biotechnology,,,-0.44,-48.3,-12.16,23.4,25.39,28.7,83.98,1.73,-10.39,1.07,3170000.0,0.76,19.06,Aug 06/a,27.08,4179999999.9999995,HIGH,-7.79,-0.26,0.82,-2.48,0.1576,False,-1.54,False,-1.65,4.247,2.886,18.0,-7.52,26.0,-3.49,19.06,56162881.0,shrinking revenue,,42.1,,,,
RNST,Renasant Corp,Financial,Banks - Regional,12.28,10.43,8726.17,-0.63,-2.68,0.67,4.98,-4.25,14.95,1.02,-7.969999999999999,1.29,651590.0,0.77,40.99,Jul 28/a,47.86,3750000000.0,HIGH,-4.92,0.44,0.97,0.39,0.0717,False,-0.57,False,-3.39,2.07,1.269,29.0,-6.69,33.0,-6.48,40.99,21400811.0,shrinking revenue,,16.8,,,,
RPD,Rapid7 Inc,Technology,Software - Infrastructure,42.03,7.0,-30.64,-1.55,-0.03,10.91,11.25,79.13,87.54,1.04,-38.95,3.27,2390000.0,1.67,12.79,Aug 10/a,11.96,862050000.0,HIGH,3.4,22.28,2.2,8.71,0.3343,True,7.76,True,11.85,7.468,18.296,22.0,4.24,24.0,10.16,12.79,21488140.0,shrinking revenue,,-6.5,,,,
RWAY,Runway Growth Finance Corp,Financial,Asset Management,62.22,5.01,42.77,-124.47,-6.660000000000001,-0.76,10.41,11.44,1.36,0.64,-37.17,2.38,594550.0,0.83,6.72,Aug 06/a,8.04,281630000.0,HIGH,4.19,2.28,1.09,9.5,0.0402,True,1.8,True,9.79,1.812,1.86,22.0,-0.88,26.0,12.37,6.72,2980346.0,shrinking revenue,,19.6,,,,
RXRX,Recursion Pharmaceuticals Inc,Healthcare,Biotechnology,,,40.28,-60.099999999999994,-0.8699999999999999,3.47,37.21,8.25,-0.29,1.07,-52.51,2.14,18750000.0,0.91,3.41,Aug 05/b,7.22,1830000000.0,HIGH,9.65,-0.87,1.07,14.96,0.1787,True,1.45,True,3.69,5.528,8.065,6.0,-0.87,28.0,7.57,3.41,54236565.0,shrinking revenue,,111.7,,,,
SBFM,Sunshine Biopharma Inc,Healthcare,Drug Manufacturers - Specialty & Generic,,,70.91,-1.56,0.0,4.57,2.38,-51.800000000000004,-90.27,1.32,-95.6,1.0,519809.99999999994,0.12,1.07,Aug 05,56.0,4150000.0000000005,HIGH,-4.46,-6.96,0.09,0.85,0.1752,False,-6.3,False,-24.12,8.178,2.804,,,,,1.07,831248.0,shrinking revenue,,5133.6,,,,
SDOT,Sadot Group Inc,Consumer Defensive,Farm Products,,,435.47,-100.0,0.0,0.09,10.68,-25.790000000000003,-70.8,-1.55,-95.38,3.0,2960000.0,0.01,12.03,Aug 14/b,3000.0,17510000.0,HIGH,13.81,-7.03,0.01,19.12,0.9587,False,-10.28,False,-26.59,16.652,4.705,15.0,-8.73,21.0,9.26,12.03,53194920.0,shrinking revenue,,24837.7,,,,
SEER,Seer Inc,Healthcare,Biotechnology,,,8.4,-23.43,-0.14,-0.03,0.39,11.05,5.52,1.49,-20.75,1.0,1070000.0,0.15,1.91,Aug 11/a,4.0,105770000.0,HIGH,-5.91,-2.05,0.98,-0.6,0.0898,False,-3.75,False,-8.01,2.251,2.356,30.0,-13.96,23.0,-10.75,1.91,326328.0,illiquid (<$500K/day); shrinking revenue,,109.4,,,,
SFNC,Simmons First National Corp,Financial,Banks - Regional,,10.11,5.91,-0.69,0.0,-0.2,3.73,3.29,24.93,0.94,-4.4,2.14,1410000.0,0.7,23.25,Jul 16/a,25.79,3360000000.0,HIGH,-2.88,0.17,0.91,2.43,0.0712,True,1.01,True,0.32,1.923,1.29,31.0,-0.68,41.0,1.31,23.25,25093707.0,shrinking revenue,,10.9,,,,
SHOE,Shoe Station Group Inc,Consumer Cyclical,Apparel Retail,14.63,8.99,-67.28,-7.21,0.34,3.4099999999999997,39.4,-25.679999999999996,-29.07,1.36,-46.43,2.33,798790.0,1.66,12.91,Sep 10/b,15.0,350950000.0,HIGH,-16.71,-3.51,1.15,-11.4,0.3149,False,-8.19,False,-12.42,7.248,6.119,25.0,-18.03,3.0,5.13,12.91,15497927.0,post-earnings jump; shrinking revenue,,16.2,,,,
SHPH,Shuttle Pharmaceuticals Holdings Inc,Healthcare,Drug Manufacturers - Specialty & Generic,,,94.37,,-95.34,-6.3,6.24,-11.76,-63.3,1.18,-93.83,,2120000.0,0.0,3.45,-,,2200000.0,HIGH,-15.85,-2.54,0.1,-10.54,0.2077,False,-4.45,False,-3.38,7.362,4.029,28.0,-5.48,,,3.45,196989.0,illiquid (<$500K/day),,,,,,
SIGA,SIGA Technologies Inc,Healthcare,Drug Manufacturers - Specialty & Generic,,,-64.94,-49.45,0.0,0.71,8.63,-27.08,-32.3,1.05,-62.32,,721980.0,0.72,3.15,Aug 06/a,11.57,226320000.0,HIGH,7.51,-1.56,0.72,12.82,0.1339,True,1.94,False,-2.04,4.354,5.397,6.0,-2.48,26.0,3.28,3.15,2258877.0,shrinking revenue,,267.3,,,,
SION,Sionna Therapeutics Inc,Healthcare,Biotechnology,,,-61.68,,-10.23,9.58,16.22,-77.0,-77.87,0.69,-84.97,2.82,1920000.0,0.64,8.26,Aug 06/b,21.43,373460000.0,HIGH,39.76,13.15,0.84,45.07,0.5212,True,26.02,False,-68.55,6.796,8.414,4.0,13.15,27.0,-82.55,8.26,9187405.0,>20% above 20-day SMA,,159.4,,,,
SITC,SITE Centers Corp,Real Estate,REIT - Retail,1.21,,-103.3,-67.47,0.0,-1.58,10.07,-23.4,-33.26,0.99,-45.19,3.0,1150000.0,0.72,2.9,Aug 03/a,3.5,152180000.0,HIGH,-4.73,-1.74,0.9,0.58,0.1114,False,-4.39,False,-20.88,2.925,2.472,,,28.0,-11.04,2.82,2589758.0,shrinking revenue,,24.1,,,,
SKYQ,Sky Quarry Inc,Energy,Oil & Gas Integrated,,,5.76,-100.0,0.0,-9.07,4.28,139.69,9.03,2.07,-83.86,,11000000.0,0.55,3.14,-,,27730000.0,HIGH,15.02,18.05,2.32,20.33,0.2648,True,14.12,False,-7.31,9.7,17.197,37.0,-23.97,,,3.14,7928408.0,shrinking revenue,,,,,,
SLDP,Solid Power Inc,Consumer Cyclical,Auto Parts,,,24.98,-103.54999999999998,-0.13,-6.0,14.11,-12.14,-21.9,2.0,-72.23,1.0,3720000.0,0.58,2.46,Aug 04/a,6.88,561330000.0,HIGH,4.68,-4.28,0.83,9.99,0.1496,True,2.8,True,5.77,4.573,4.065,8.0,5.58,28.0,14.95,2.46,6176014.0,shrinking revenue,,179.7,,,,
SLM,SLM Corp,Financial,Credit Services,7.39,7.87,-8.56,-2.76,0.0,1.46,9.48,17.96,33.74,0.96,-15.0,2.09,2550000.0,0.53,26.4,Jul 23/a,28.55,4960000000.0,HIGH,-3.23,0.46,0.81,2.08,0.066,False,-0.01,True,1.02,2.597,2.424,21.0,-4.83,36.0,9.18,26.4,44373379.0,shrinking revenue,REVIEW,8.1,,,,
SMG,Scotts Miracle-Gro Company,Basic Materials,Agricultural Inputs,48.92,11.59,-25.509999999999998,-1.34,-0.22999999999999998,6.559999999999999,10.4,-9.34,-8.28,1.84,-25.790000000000003,1.88,928280.0,0.79,55.91,Jul 29/b,76.6,3260000000.0,HIGH,-5.56,-2.82,0.88,-0.25,0.1278,False,-5.9,False,-12.2,3.108,1.896,42.0,-17.77,33.0,-20.5,55.91,49305738.0,shrinking revenue,,37.0,,,,
SMPL,Simply Good Foods Co,Consumer Defensive,Packaged Foods,,5.87,-242.88,-6.29,1.07,-4.34,9.24,-20.92,-31.04,0.18,-63.89,2.2,2340000.0,1.24,9.94,Jul 09/b,14.38,879300000.0,HIGH,-8.3,-7.62,1.42,-2.99,0.1885,False,-8.37,False,-11.04,5.321,4.829,7.0,-11.88,47.0,-22.59,9.94,22058882.0,shrinking revenue,,44.7,,,,
SMR,NuScale Power Corp,Industrials,Specialty Industrial Machinery,,,1.36,-99.07,-84.57,15.52,16.09,-13.95,-27.88,2.36,-85.18,2.59,32780000.0,1.13,8.51,Aug 05/a,12.37,3660000000.0,HIGH,-7.4,-23.88,1.01,-2.09,0.2835,False,-10.21,False,-6.34,8.985,6.639,5.0,-12.27,27.0,-9.28,8.51,345841375.0,shrinking revenue,,45.4,,,,
SON,Sonoco Products Co,Consumer Cyclical,Packaging & Containers,7.45,7.64,178.77,-1.24,1.49,11.78,10.35,-4.45,-9.38,0.33,-20.36,2.14,1170000.0,0.9,48.32,Jul 22/a,62.89,4780000000.0,HIGH,-14.85,-3.11,0.95,-9.54,0.2875,False,-11.11,False,-13.37,3.468,1.759,36.0,-14.2,37.0,-12.38,48.32,58537015.0,shrinking revenue,,30.2,,,,
SPIR,Spire Global Inc,Industrials,Specialty Business Services,,,-114.03000000000002,-5.91,-6.63,26.200000000000003,11.07,-37.79,4.32,2.81,-56.269999999999996,1.5,873990.0,0.55,11.34,Aug 12/a,20.88,460660000.0,HIGH,-17.47,-6.59,0.87,-12.16,0.3295,False,-11.48,False,-13.36,6.173,3.748,24.0,-19.17,22.0,-18.65,11.34,6983014.0,shrinking revenue,,84.1,,,,
SPRO,Spero Therapeutics Inc,Healthcare,Biotechnology,10.44,,-443.89000000000004,-100.0,-0.17,1.81,2.82,-60.0,-55.81,1.51,-62.99,2.0,1460000.0,0.18,1.14,Aug 12/a,5.0,66390000.0,HIGH,-4.2,-4.2,0.71,1.11,0.1089,False,-4.78,False,-16.27,3.396,2.632,,,22.0,-4.2,1.14,448893.0,illiquid (<$500K/day); shrinking revenue,,338.6,,,,
SR,Spire Inc,Utilities,Utilities - Regulated Gas,9.07,14.8,1126.29,-0.4,-0.06,1.3,4.65,2.86,-12.29,0.53,-14.64,1.6,549060.0,1.08,81.36,Aug 05/b,92.44,4810000000.0,HIGH,-1.13,-2.49,1.19,4.18,0.046,False,-1.32,False,-0.49,2.022,2.028,13.0,-2.22,28.0,2.26,81.36,40650294.0,shrinking revenue,,13.6,,,,
SRPT,Sarepta Therapeutics Inc,Healthcare,Biotechnology,,27.97,-102.46,-34.34,0.0,4.49,24.51,36.64,27.560000000000002,0.36,-17.38,2.73,3410000.0,0.64,20.92,Aug 05/a,22.26,2210000000.0,HIGH,15.07,-0.1,0.7,20.38,0.3121,True,2.35,True,12.95,7.949,4.876,8.0,-1.92,27.0,31.32,20.92,64982938.0,shrinking revenue,,6.4,,,,
SRXH,SRX Global Inc,Consumer Defensive,Packaged Foods,,,98.37,-52.62,0.0,5.07,7.9,-80.6,-79.94,0.94,-95.96,1.0,4750000.0,0.19,1.68,Aug 13/a,600.0,33070000.0,HIGH,-11.11,6.33,1.24,-5.8,0.3046,False,-1.15,False,-6.12,7.032,8.274,,,21.0,-8.2,1.68,1225191.0,shrinking revenue,,35614.3,,,,
SSP,E.W. Scripps Co,Communication Services,Broadcasting,,,-2057.38,-9.2,-0.67,2.14,7.91,5.69,-20.4,0.7,-41.37,3.0,714290.0,0.57,3.16,Aug 06/a,4.93,292830000.0,HIGH,-3.07,-1.56,0.74,2.24,0.1033,False,-2.78,True,0.44,5.448,3.797,18.0,-4.24,26.0,7.12,3.16,1797064.0,shrinking revenue,,56.0,,,,
SST,System1 Inc,Industrials,Specialty Business Services,,,30.89,-61.34,0.34,-15.869999999999997,9.37,9.4,62.19,1.57,-64.95,1.0,533920.0,0.54,3.26,Aug 05/a,6.5,34190000.0,HIGH,47.51,-34.8,0.22,52.82,1.4333,True,18.09,True,40.67,19.652,9.356,9.0,45.54,27.0,96.39,3.26,4502818.0,>40% above 50-day SMA; shrinking revenue,,99.4,,,,
SSTK,Shutterstock Inc,Communication Services,Internet Content & Information,,,-618.96,-16.93,0.0,-9.68,8.75,-63.190000000000005,-67.21,1.15,-82.17,3.0,1120000.0,0.68,5.26,Aug 04/a,25.0,194350000.0,HIGH,-2.77,1.74,0.8,2.54,0.1924,False,-3.49,False,-15.84,6.029,5.133,,,28.0,-12.62,5.26,5152069.0,shrinking revenue,,375.3,,,,
SSYS,Stratasys Ltd,Technology,Computer Hardware,,40.27,3.44,-0.35,0.0,1.7500000000000002,3.98,-15.36,-4.07,2.0,-41.06,1.5,745850.0,0.64,7.55,Aug 13/b,12.0,661280000.0,HIGH,-14.59,-3.33,0.57,-9.28,0.1851,False,-4.43,False,-7.93,3.273,2.119,24.0,-14.79,22.0,-14.59,7.55,6725666.0,shrinking revenue,,58.9,,,,
STOK,Stoke Therapeutics Inc,Healthcare,Biotechnology,,,-131.96,-32.51,-0.8,9.63,20.94,-0.74,-10.82,1.25,-26.400000000000002,1.0,884090.0,0.57,29.6,Aug 03/a,46.46,1910000000.0,HIGH,-7.87,-1.5,0.63,-2.56,0.1764,False,-5.19,False,-4.11,4.233,2.331,14.0,-8.42,29.0,0.14,29.6,25108729.0,shrinking revenue,,57.0,,,,
STXS,Stereotaxis Inc,Healthcare,Medical Instruments & Supplies,,,-1.49,-12.82,0.0,0.42,6.57,-27.72,-29.630000000000003,1.36,-62.95,1.0,844960.0,1.22,1.33,Aug 11/a,3.0,133270000.00000001,HIGH,-4.32,2.31,1.9,0.99,0.1575,False,-3.97,False,-8.09,4.672,6.015,12.0,-8.28,23.0,-5.0,1.33,738397.0,shrinking revenue,,125.6,,,,
SUNE,SUNation Energy Inc,Technology,Solar,,,83.37,-37.52,100.0,16.57,2.23,34.44,167.77,2.53,-65.71,3.0,4640000.0,0.14,3.24,Mar 18/a,15000.0,21100000.0,HIGH,32.24,36.71,0.08,37.55,0.9298,True,27.38,True,28.12,13.845,6.79,4.0,36.71,,,3.24,32509365.0,>20% above 20-day SMA; shrinking revenue,,462863.0,,,,
SVC,Service Properties Trust,Real Estate,REIT - Hotel & Motel,,,-659.08,-16.32,465.68000000000006,86.43,4.22,-17.65,-35.87,1.72,-55.67999999999999,2.0,1790000.0,0.89,6.67,Aug 05/a,10.42,863820000.0,HIGH,-17.55,-9.62,1.1,-12.24,0.2313,False,-12.56,False,-17.63,3.834,3.448,46.0,-23.77,27.0,-15.36,6.67,11055803.0,shrinking revenue,,56.2,,,,
SWRD,Stewards Inc,Financial,Credit Services,,,-76.28,4.61,,,,-4.14,-24.86,1.57,-62.93,,603540.0,1.98,2.78,-,,586920000.0,LOW,,,,,,,,,,,,,,,,,,low data confidence; incomplete signals,REVIEW,,,,,
TBPH,Theravance Biopharma Inc,Healthcare,Biotechnology,16.87,9.13,-110.55999999999999,-20.86,-10.63,-0.93,3.32,2.34,23.58,0.19,-19.02,3.0,642610.0,0.38,17.03,Aug 10/b,17.0,884180000.0,HIGH,0.65,-0.18,0.66,5.96,0.0102,True,0.04,True,0.45,0.354,0.235,8.0,0.0,25.0,0.71,17.03,6301277.0,deal-pinned; shrinking revenue,,-0.2,,,,
TDAY,USA TODAY Co Inc,Communication Services,Publishing,,23.16,-84.8,-8.3,-0.05,0.4099999999999999,21.76,-14.859999999999998,3.62,1.4,-28.449999999999996,2.0,2100000.0,0.72,6.59,Aug 06/b,8.7,967530000.0,HIGH,-8.09,2.81,0.62,-2.78,0.1342,True,2.08,False,-12.5,3.88,3.49,30.0,-24.17,27.0,-17.62,6.59,16022088.0,shrinking revenue,,32.0,,,,
TDOC,Teladoc Health Inc,Healthcare,Health Information Services,,,-15.72,-3.95,-9.85,5.61,14.05,-11.44,21.04,2.14,-34.26,2.58,4610000.0,0.75,6.5,Jul 29/a,7.58,1180000000.0,HIGH,-0.61,3.83,1.02,4.7,0.0996,True,2.32,False,-13.54,3.632,5.538,43.0,-29.88,32.0,-1.22,6.5,21569711.0,shrinking revenue,,16.6,,,,
TDS,Telephone And Data Systems Inc,Communication Services,Telecom Services,13.86,174.41,5025.29,-73.92,-0.04,5.82,6.04,-6.08,-13.07,0.31,-23.23,2.25,1180000.0,0.92,37.71,Aug 07/b,47.5,4059999999.9999995,HIGH,9.24,-0.58,0.94,14.55,0.2194,True,6.84,True,8.76,2.885,2.015,7.0,5.13,26.0,14.34,37.71,41020405.0,shrinking revenue,,26.0,,,,
THO,Thor Industries Inc,Consumer Cyclical,Recreational Vehicles,14.81,16.6,-26.66,-3.91,0.0,2.67,10.07,-4.78,-10.76,1.41,-40.18,2.61,651130.0,1.14,73.48,Sep 22/b,85.64,3830000000.0,HIGH,-5.36,-0.88,1.35,-0.05,0.1337,False,-3.76,False,-3.99,3.222,2.395,24.0,-7.58,,,73.48,41992621.0,shrinking revenue,,16.5,,,,
THRY,Thryv Holdings Inc,Technology,Software - Application,,,-219.47,-28.389999999999997,10.96,0.8100000000000002,7.98,-48.45,-32.31,0.87,-84.69,2.5,727610.0,2.48,1.99,Aug 04/b,4.0,88440000.0,HIGH,0.25,1.79,2.46,5.56,0.1848,True,2.63,False,-31.37,6.662,13.266,47.0,-51.23,29.0,-33.0,1.99,1421798.0,shrinking revenue,,101.0,,,,
TLYS,Tillys Inc,Consumer Cyclical,Apparel Retail,88.81,24.0,157.17,8.1,-28.64,4.73,2.68,-9.72,82.9,0.06,-21.28,2.0,526270.0,1.4,4.92,Sep 02/a,6.5,150490000.0,HIGH,33.7,17.99,0.56,39.01,0.3276,True,21.84,True,22.07,9.277,6.504,2.0,14.69,7.0,29.13,4.92,5634028.0,>20% above 20-day SMA; fresh >10% breakout,,32.1,,,,
TMCI,Treace Medical Concepts Inc,Healthcare,Medical Devices,,,11.63,-4.24,2.52,-9.64,3.28,14.04,217.12000000000003,1.48,-39.15,3.0,609550.0,0.38,4.63,Aug 07/b,5.5,301110000.0,HIGH,2.89,0.0,0.89,8.2,0.1346,True,0.87,True,3.22,5.816,4.968,7.0,-1.49,26.0,5.71,4.63,1187940.0,shrinking revenue,,18.8,,,,
TNGX,Tango Therapeutics Inc,Healthcare,Biotechnology,,,-5.04,-100.0,-0.48,22.97,34.34,-20.69,41.85,1.18,-28.64,1.17,3170000.0,0.64,24.54,Aug 11/b,45.18,4139999999.9999995,HIGH,-2.97,8.11,0.89,2.34,0.1855,True,2.71,False,-7.02,5.858,6.316,,,24.0,-6.83,24.54,54440435.0,shrinking revenue,,84.1,,,,
TRIP,TripAdvisor Inc,Consumer Cyclical,Travel Services,913.86,8.59,-31.259999999999998,-16.47,-0.58,-0.04,26.17,-25.619999999999997,-0.11,0.85,-54.22,3.0,3810000.0,1.13,9.23,Aug 06/b,13.15,1080000000.0,HIGH,-9.24,1.54,1.15,-3.93,0.2018,False,-4.31,False,-22.18,3.954,4.334,34.0,-35.36,27.0,-11.42,9.23,35479557.0,shrinking revenue,,42.5,,,,
TRLV,Trulieve Cannabis Corp,Healthcare,Drug Manufacturers - Specialty & Generic,,20.21,-2821.78,-10.31,-5.37,25.03,0.89,12.27,81.56,1.8,-12.5,1.0,1380000.0,1.16,11.62,Aug 07/b,18.18,2240000000.0,HIGH,22.7,-6.52,1.03,28.01,0.2826,True,3.37,True,18.93,6.33,7.745,7.0,-0.6,26.0,32.8,11.62,17567249.0,shrinking revenue,,56.5,,,,
TRN,Trinity Industries Inc,Industrials,Railroads,6.76,12.62,608.23,-4.17,-1.41,5.82,5.3,-19.22,-4.85,1.34,-26.69,3.0,700040.0,0.86,28.08,Jul 30/b,34.0,2240000000.0,HIGH,-5.99,0.25,1.14,-0.68,0.1044,False,-2.91,False,-12.15,2.46,1.531,34.0,-24.31,32.0,-18.18,28.08,14978684.0,shrinking revenue,,21.1,,,,
TSHA,Taysha Gene Therapies Inc,Healthcare,Biotechnology,,,-40.13,-100.0,-0.65,11.07,17.7,-12.26,11.58,1.17,-31.370000000000005,1.08,3090000.0,2.35,5.01,Aug 11/a,13.33,1630000000.0,HIGH,-19.32,-8.58,2.26,-14.01,0.2861,False,-12.99,False,-15.37,5.104,2.794,24.0,-21.35,23.0,-21.78,5.01,13955622.0,shrinking revenue,,166.1,,,,
TSSI,TSS Inc,Technology,Information Technology Services,16.63,26.83,-15.83,-20.08,-17.41,18.38,14.87,-33.88,-29.29,1.99,-61.19,1.0,887590.0,0.84,8.45,Aug 13/a,15.5,238450000.0,HIGH,-10.86,-2.42,0.79,-5.55,0.2239,False,-1.14,False,-13.55,5.562,3.077,23.0,-25.88,21.0,-12.71,8.45,8098305.0,shrinking revenue,,83.4,,,,
TTEC,TTEC Holdings Inc,Technology,Information Technology Services,,1.16,-89.29,-11.04,0.0,-11.28,22.1,-46.81,-58.32999999999999,0.96,-68.63,2.33,545040.0,0.44,1.25,Aug 10/a,3.0,61620000.0,HIGH,-13.79,-6.72,0.62,-8.48,0.189,False,-8.32,False,-33.18,4.629,4.8,29.0,-50.0,24.0,-27.75,1.25,532220.0,shrinking revenue,,140.0,,,,
TVRD,Tvardi Therapeutics Inc,Healthcare,Biotechnology,,,31.47,,0.0,-12.41,2.64,-30.680000000000003,-53.32,0.33,-95.81,1.78,2340000.0,0.07,1.83,Aug 14/b,9.5,24410000.0,HIGH,-1.61,-5.67,1.33,3.7,0.1045,False,-0.65,False,-19.26,5.632,10.383,6.0,-1.08,21.0,3.39,1.83,236301.0,illiquid (<$500K/day),,419.1,,,,
UA,Under Armour Inc,Consumer Cyclical,Apparel Manufacturing,,25.3,121.31,-3.27,0.37,9.8,23.25,-16.5,-21.69,1.52,-37.9,3.07,3010000.0,0.6,4.91,Aug 07/b,6.02,2140000000.0000002,HIGH,-4.95,-2.54,1.04,0.36,0.1121,False,-0.81,False,-15.73,3.465,3.307,42.0,-22.87,25.0,-15.85,4.99,11550904.0,shrinking revenue,,20.6,,,,
UAA,Under Armour Inc,Consumer Cyclical,Apparel Manufacturing,,25.78,121.31,-3.27,0.5,10.06,28.1,-16.86,-22.5,1.6,-38.28,3.14,8530000.0,0.95,5.03,Aug 07/b,5.95,2140000000.0000002,HIGH,-4.91,-0.59,1.09,0.4,0.1084,False,-2.05,False,-16.59,3.763,2.982,43.0,-23.9,26.0,-17.68,5.03,38171388.0,shrinking revenue,,18.3,,,,
UAMY,United States Antimony Corp,Basic Materials,Other Industrial Metals & Mining,,64.5,-50.0,-24.7,0.54,8.11,24.57,-32.81,-48.7,0.36,-76.0,1.0,6700000.0,0.72,4.73,Aug 11/a,11.26,707940000.0,HIGH,-15.84,-13.05,0.74,-10.53,0.2198,False,-8.28,False,-15.52,7.309,3.171,26.0,-23.83,23.0,-4.83,4.73,33735928.0,shrinking revenue,,138.1,,,,
UCB,United Community Banks Inc,Financial,Banks - Regional,11.57,10.7,50.970000000000006,-0.48,-3.1,1.9900000000000002,3.74,2.17,18.17,0.89,-4.84,2.14,923610.0,1.01,35.38,Jul 21/b,40.0,4269999999.9999995,HIGH,-3.41,0.26,1.31,1.9,0.0615,True,0.05,False,-0.54,1.769,1.894,42.0,-1.72,39.0,0.08,35.38,25195578.0,shrinking revenue,,13.1,,,,
UIS,Unisys Corp,Technology,Information Technology Services,,2.37,-363.31,-2.03,-1.4,-0.53,8.94,-35.06,9.65,1.97,-49.8,1.5,785370.0,0.6,2.5,Jul 29/a,4.81,182290000.0,HIGH,-10.71,-1.19,0.83,-5.4,0.1706,False,-4.53,False,-18.26,4.457,5.2,45.0,-38.42,32.0,-20.63,2.5,1488565.0,shrinking revenue,,92.4,,,,
UNFI,United Natural Foods Inc,Consumer Defensive,Food Distribution,33.52,11.14,138.76,-0.7,-0.9399999999999998,-0.37,4.84,-10.24,8.57,0.97,-20.68,2.27,594310.0,0.95,45.23,Sep 08/b,54.0,2740000000.0,HIGH,-5.99,0.67,0.92,-0.68,0.1461,False,-1.41,False,-4.84,3.962,3.56,31.0,-9.05,5.0,2.96,45.23,27730702.0,shrinking revenue,,19.4,,,,
UPB,Upstream Bio Inc,Healthcare,Biotechnology,,,2.11,-17.5,-0.06,3.6799999999999997,10.98,-4.75,-37.05,1.35,-82.75,1.5,618160.0,0.79,5.81,Aug 11/b,29.83,318220000.0,HIGH,-18.63,-6.14,0.8,-13.32,0.3231,False,-11.23,False,-14.65,6.411,2.926,18.0,-15.18,24.0,-18.05,5.81,4008308.0,shrinking revenue,,413.4,,,,
UPWK,Upwork Inc,Communication Services,Internet Content & Information,11.38,6.38,-15.869999999999997,-1.68,-4.21,-8.02,16.33,2.47,-28.749999999999996,1.05,-61.91,2.45,3400000.0,1.17,8.7,Aug 10/a,9.88,1090000000.0,HIGH,6.23,4.57,1.5,11.54,0.1346,False,-0.09,False,-2.83,3.974,3.448,25.0,-10.03,24.0,4.07,8.7,23079986.0,shrinking revenue,,13.6,,,,
USDE,StableCoinX Inc,Financial,Capital Markets,,,-2093.88,,0.0,21.7,5.91,-27.41,-29.14,0.97,-50.75999999999999,,4970000.0,0.41,7.44,-,,202270000.0,HIGH,146.36,-2.23,0.21,151.67,1.1555,True,13.51,True,94.79,19.038,10.349,10.0,10.06,,,7.44,72668466.0,>40% above 50-day SMA,,,,,,
UTZ,Utz Brands Inc,Consumer Defensive,Packaged Foods,,17.05,-195.24,1.39,0.0,1.09,9.81,99.3,88.23,0.73,-0.35,2.8,3580000.0,0.49,14.23,Aug 05/b,14.31,2049999999.9999998,HIGH,0.57,0.14,0.85,5.88,0.0143,True,0.24,True,11.8,0.266,0.492,2.0,0.0,28.0,0.85,14.23,29323351.0,deal-pinned,,0.6,,,,
UWMC,UWM Holdings Corp,Financial,Mortgage Finance,,3.89,-310.77,-62.46000000000001,-37.4,2.71,25.48,-44.12,-63.66,1.85,-81.24,2.1,20080000.0,0.65,1.33,Aug 05/a,2.69,2140000000.0000002,HIGH,-10.74,-4.32,1.17,-5.43,0.1552,False,-6.93,False,-20.43,6.455,5.263,,,27.0,10.83,1.33,15885121.0,shrinking revenue,,102.3,,,,
VC,Visteon Corp,Consumer Cyclical,Auto Parts,18.23,9.55,-23.51,-0.93,-11.85,2.92,14.48,-15.560000000000002,12.26,1.29,-22.39,1.77,531790.0,0.87,100.01,Jul 23/b,131.73,2670000000.0,HIGH,-7.23,-0.65,1.24,-1.92,0.0902,False,-2.6,False,-3.95,2.488,1.67,22.0,-6.0,37.0,-0.1,100.01,38260063.0,shrinking revenue,,31.7,,,,
VEEE,Twin Vee PowerCats Co,Consumer Cyclical,Recreational Vehicles,,,84.25,-34.22,,-2.4,5.89,65.08,-33.76,0.93,-92.67,1.0,2220000.0,0.0,9.36,May 07/b,74.0,5380000.0,HIGH,-12.85,-5.74,0.21,-7.54,0.1957,False,-6.05,False,-29.95,6.066,2.244,41.0,-74.13,,,9.36,209607.0,illiquid (<$500K/day); shrinking revenue,,690.6,,,,
VERI,Veritone Inc,Technology,Software - Infrastructure,,,56.35,1.04,0.89,5.04,20.05,-24.84,-59.79,2.37,-87.79,1.0,3300000.0,2.25,1.15,Aug 13/a,6.33,115530000.0,HIGH,5.99,25.55,1.63,11.3,0.4651,True,28.83,True,8.25,7.416,17.391,27.0,-4.17,21.0,0.0,1.15,4222699.0,>20% above 20-day SMA,,450.4,,,,
VIP,Vulcan Infrastructure and Power Inc,Financial,Capital Markets,23.3,,-113.84999999999998,-73.68,117.55,-0.16,2.54,31.879999999999995,33.82,2.98,-45.83,1.0,523230.0,0.27,1.82,-,4.0,33549999.999999996,HIGH,-3.7,-7.61,1.12,1.61,0.1385,False,-0.3,False,-8.31,6.044,8.242,5.0,-3.7,,,1.82,227716.0,illiquid (<$500K/day); shrinking revenue,,119.8,,,,
VISN,Vistance Networks Inc,Technology,Communication Equipment,7.02,9.24,1697.9200000000003,-76.98,-1.6500000000000001,10.88,12.81,-10.42,32.12,2.52,-14.219999999999999,2.5,12120000.0,0.86,6.47,Aug 06/b,14.67,1490000000.0,HIGH,-44.55,-0.08,1.11,-39.24,1.1688,False,-24.55,False,-38.83,10.126,5.104,,,27.0,-35.99,6.47,78773349.0,shrinking revenue,,126.7,,,,
VITL,Vital Farms Inc,Consumer Defensive,Farm Products,,31.84,-299.2,-10.14,0.66,-23.13,27.2,-5.38,-41.72,1.07,-79.55,2.2,1750000.0,0.75,10.03,Aug 06/b,13.22,430600000.0,HIGH,-10.13,-0.5,1.05,-4.82,0.1844,False,-4.09,False,-15.02,4.128,2.941,34.0,-24.53,27.0,-18.06,10.03,13127014.0,shrinking revenue,,31.8,,,,
VNDA,Vanda Pharmaceuticals Inc,Healthcare,Biotechnology,,,-125.07,-3.92,0.0,3.52,13.44,-12.27,-41.54,0.68,-48.19,1.5,905850.0,0.9,5.15,Aug 05/a,12.19,311390000.0,HIGH,-2.09,-3.38,1.09,3.22,0.1014,False,-3.52,False,-4.89,3.8,2.913,18.0,-5.33,27.0,1.18,5.15,4014739.0,shrinking revenue,,136.7,,,,
VNT,Vontier Corp,Technology,Scientific & Technical Instruments,13.44,8.5,-68.39,-2.17,0.0,3.07,7.76,10.52,-10.16,1.12,-32.88,1.85,1530000.0,1.07,32.35,Aug 06/b,40.22,4370000000.0,HIGH,0.06,-0.68,1.33,5.37,0.0756,False,-0.83,True,1.31,2.411,3.385,27.0,-3.78,27.0,-3.78,32.35,40509763.0,shrinking revenue,,24.3,,,,
VREX,Varex Imaging Corp,Healthcare,Medical Devices,35.37,17.25,117.16,3.6900000000000004,-0.64,-3.0,3.02,67.21,70.77,0.97,-0.91,3.0,822870.0,0.68,18.46,Aug 10/b,18.9,778060000.0,HIGH,0.0,-0.16,0.72,5.31,0.0045,False,-0.14,True,24.74,0.23,0.163,26.0,50.69,25.0,48.75,18.46,14323153.0,deal-pinned,,2.4,,,,
VSTS,Vestis Corp,Industrials,Rental & Leasing Services,,16.64,1711.76,-1.8000000000000003,2.86,-2.93,6.15,-1.97,70.36,1.08,-23.49,3.25,1390000.0,1.15,12.93,Aug 11/b,13.0,1710000000.0,HIGH,-3.58,-5.27,1.27,1.73,0.1178,True,0.55,False,-7.52,3.67,3.132,44.0,-12.28,24.0,-6.78,12.93,16359015.0,shrinking revenue,,0.5,,,,
VTIX,Virtuix Holdings Inc,Technology,Computer Hardware,,,-208.9,-25.66,-10.39,16.69,4.53,-69.63,-84.34,,-98.86,1.33,673840.0,0.55,1.06,Aug 19/a,8.07,36010000.0,HIGH,-37.28,-15.87,0.65,-31.97,0.5345,False,-18.6,False,-43.89,8.949,11.321,,,17.0,-15.2,1.06,801633.0,shrinking revenue,,661.3,,,,
VUZI,Vuzix Corp,Technology,Consumer Electronics,,,8.67,-14.06,-0.32,-1.56,22.59,-20.35,13.47,1.76,-55.779999999999994,1.0,1130000.0,0.47,2.48,Aug 13/a,6.0,209770000.0,HIGH,-19.42,-0.4,0.6,-14.11,0.3498,False,-6.67,False,-2.05,4.59,4.016,21.0,-5.68,21.0,-5.68,2.49,2438060.0,shrinking revenue,,141.0,,,,
VYGR,Voyager Therapeutics Inc,Healthcare,Biotechnology,,,28.96,-39.13,-0.11,0.9399999999999998,7.34,-8.86,-28.4,1.26,-42.52,1.09,583730.0,0.52,3.19,Aug 06/a,14.89,196560000.0,HIGH,-1.24,-6.18,0.71,4.07,0.1388,False,-5.57,False,-2.79,4.545,2.194,11.0,-7.8,26.0,1.92,3.19,1446716.0,shrinking revenue,,366.8,,,,
VYX,NCR Voyix Corp,Technology,Information Technology Services,20.26,8.05,74.83,-21.47,-0.83,4.12,21.56,5.22,27.08,1.4,-38.79,1.29,2470000.0,1.13,8.26,Aug 05/b,12.96,1140000000.0,HIGH,7.27,-2.59,1.04,12.58,0.2511,False,-1.27,False,-0.4,6.728,6.78,29.0,-4.4,28.0,-6.98,8.26,22518174.0,shrinking revenue,,56.9,,,,
WEAV,Weave Communications Inc,Healthcare,Health Information Services,,29.58,53.44,15.52,0.0,7.400000000000001,7.68,32.61,50.0,1.68,-8.21,3.0,2670000.0,0.73,7.32,Aug 06/a,7.4,585590000.0,HIGH,32.37,0.14,0.3,37.68,0.22,True,1.46,True,7.89,0.332,0.273,7.0,0.14,26.0,38.37,7.32,42466277.0,deal-pinned,,1.1,,,,
WGO,Winnebago Industries Inc,Consumer Cyclical,Recreational Vehicles,20.87,11.98,-18.07,-9.86,-1.31,1.02,9.2,-3.01,-16.27,1.18,-43.46,2.38,660340.0,0.85,28.36,Jun 25/b,34.5,801710000.0,HIGH,-10.2,-4.61,1.14,-4.89,0.1821,False,-6.93,False,-7.8,3.637,2.327,18.0,-9.45,56.0,4.0,28.36,14900134.0,shrinking revenue,,21.7,,,,
WHR,Whirlpool Corp,Consumer Cyclical,"Furnishings, Fixtures & Appliances",11.43,9.52,-0.72,-6.81,0.0,-2.67,24.18,-20.73,-40.86,1.16,-64.14,3.0,2420000.0,1.52,34.0,Aug 03/a,42.55,2220000000.0,HIGH,-14.12,-9.6,1.54,-8.81,0.2064,False,-12.45,False,-13.44,5.059,5.412,29.0,-13.29,29.0,-13.29,34.0,91971996.0,shrinking revenue,,25.1,,,,
WLTH,Wealthfront Corp,Technology,Software - Application,,22.34,-56.39999999999999,0.8199999999999998,-0.35,-1.26,6.84,18.86,35.5,,-28.43,1.86,1610000.0,2.24,10.65,Sep 09/a,11.96,1590000000.0,HIGH,16.27,10.59,1.65,21.58,0.231,True,12.5,True,13.18,4.239,5.023,3.0,12.58,3.0,12.58,10.65,21552085.0,fresh >10% breakout; post-earnings jump,,12.3,,,,
WLY,John Wiley & Sons Inc,Communication Services,Publishing,12.82,9.14,-206.6,-2.63,0.0,0.13,11.77,9.64,31.929999999999996,0.76,-15.7,1.0,572160.0,0.85,48.43,Sep 03/b,68.0,2460000000.0,HIGH,-8.48,-2.41,0.93,-3.17,0.1729,False,-8.01,False,-8.4,4.712,1.531,33.0,-7.8,6.0,-7.17,47.03,27710008.0,shrinking revenue,,44.6,,,,
WNC,Wabash National Corp,Industrials,Farm & Heavy Construction Machinery,,10.13,-143.54,-9.06,0.0,-3.91,10.81,27.810000000000002,51.9,1.46,-14.24,1.0,1110000.0,0.93,12.41,Jul 29/b,22.5,505550000.0,HIGH,-2.51,-8.82,1.59,2.8,0.2458,False,-3.57,False,-3.35,5.577,4.835,8.0,-2.82,33.0,0.08,12.41,8486247.0,shrinking revenue,,81.3,,,,
WOLF,Wolfspeed Inc,Technology,Semiconductors,,,34.73,-24.06,0.0,48.19,70.54,-44.46,43.47,1.98,-94.32,3.0,4390000.0,0.62,23.96,Aug 19/a,27.5,1270000000.0,HIGH,-31.46,-17.04,0.78,-26.15,0.3663,False,-11.94,False,-16.59,8.263,6.219,20.0,-24.63,17.0,-9.07,23.96,95233403.0,shrinking revenue,,14.8,,,,
WU,Western Union Company,Financial,Credit Services,5.67,4.64,-33.96,-1.15,-0.53,-3.12,15.24,-6.890000000000001,-26.229999999999997,0.53,-32.08,3.81,9540000.0,0.54,7.03,Jul 30/a,6.95,2190000000.0,HIGH,-2.09,0.43,0.72,3.22,0.0782,False,-1.88,False,-6.47,2.469,1.28,43.0,-10.79,31.0,10.53,7.03,51181716.0,shrinking revenue,REVIEW,-1.1,,,,
WVE,Wave Life Sciences Inc,Healthcare,Biotechnology,,,-10.46,-73.88,36.81,6.02,9.85,-21.98,-64.82,-1.45,-78.92,1.06,3100000.0,0.92,4.58,Jul 30/b,19.94,902480000.0,HIGH,-10.02,-6.72,0.88,-4.71,0.2014,False,-8.41,False,-16.88,4.757,3.057,51.0,-21.58,32.0,-20.49,4.58,16303900.0,shrinking revenue,,335.4,,,,
XHLD,TEN Holdings Inc,Communication Services,Broadcasting,,,41.35,-34.5,0.0,0.45000000000000007,7.88,560.74,502.7,5.54,-35.55,1.0,3760000.0,1.31,8.92,Aug 10/b,120.0,106840000.0,HIGH,21.2,-4.9,1.76,26.51,0.6166,True,0.54,True,81.78,18.694,82.141,4.0,-4.9,25.0,341.58,8.92,25664362.0,>40% above 50-day SMA; shrinking revenue,,1245.3,,,,
XOS,Xos Inc,Industrials,Farm & Heavy Construction Machinery,,,39.55,-74.23,-6.79,13.4,11.09,-26.289999999999996,26.47,1.8,-68.8,2.0,2920000.0,0.09,2.58,Aug 13/a,4.0,36680000.0,HIGH,23.44,-10.42,0.03,28.75,0.638,False,-18.38,False,-3.83,9.255,4.651,19.0,23.44,21.0,23.15,2.58,33193996.0,shrinking revenue,,55.0,,,,
XPOF,Xponential Fitness Inc,Consumer Cyclical,Leisure,,6.98,-770.8,-13.44,1.8500000000000003,-3.2199999999999998,28.14,-38.33,-30.61,1.21,-56.86,2.75,804710.0,0.91,3.99,Aug 06/a,6.1,196500000.0,HIGH,-21.61,-16.88,1.11,-16.3,0.4061,False,-19.05,False,-30.41,8.083,6.516,55.0,-42.92,26.0,-20.68,3.99,2858997.0,shrinking revenue,,52.9,,,,
XPON,Expion Energy Inc,Industrials,Electrical Equipment & Parts,,,72.72,-32.1,0.0,3.55,39.55,-24.06,-43.27,0.69,-81.34,,2510000.0,0.3,4.59,Mar 17/b,48.0,4420000.0,HIGH,3.61,-17.3,0.05,8.92,1.0585,False,-18.51,True,1.23,31.11,10.283,13.0,-12.9,,,4.59,51800744.0,shrinking revenue,,945.8,,,,
XPRO,Expro Ltd,Energy,Oil & Gas Equipment & Services,95.72,19.19,-88.65,-6.99,-1.05,-5.78,6.75,4.5,6.570000000000001,0.95,-10.56,2.29,1050000.0,0.72,17.2,Jul 28/b,17.4,1930000000.0,HIGH,-7.38,-4.97,0.97,-2.07,0.0958,False,-4.44,True,1.64,4.352,3.605,18.0,-6.37,34.0,11.54,17.2,14096510.0,shrinking revenue,,1.2,,,,
XRAY,DENTSPLY Sirona Inc,Healthcare,Medical Instruments & Supplies,,6.83,181.71,-4.06,3.15,2.67,11.17,2.87,-10.05,0.86,-29.65,2.79,4970000.0,0.65,10.38,Aug 06/a,13.7,2069999999.9999998,HIGH,-7.24,-5.55,0.93,-1.93,0.1059,False,-5.23,False,-14.28,3.936,2.601,29.0,-26.54,26.0,-14.36,10.38,37977409.0,shrinking revenue,,32.0,,,,
XTND,Xtend AI Robotics Inc,Technology,Computer Hardware,,,-87.41,146.18,,,,-12.06,-52.0,3.44,-74.64,1.0,526400.0,0.89,4.45,Sep 02,9.5,90020000.0,LOW,,,,,,,,,,,,,,,,,,low data confidence; incomplete signals,,,,,,
YEXT,Yext Inc,Technology,Software - Infrastructure,37.07,8.53,390.62,-1.76,-22.94,-9.17,6.67,59.61,23.9,1.14,-28.24,2.0,1160000.0,0.91,6.48,Sep 01/b,7.0,641380000.0,HIGH,10.96,1.57,0.95,16.27,0.1601,True,0.91,True,11.13,6.421,3.009,12.0,-0.31,9.0,-0.77,6.48,7010653.0,shrinking revenue,,8.0,,,,
ZD,Ziff Davis Inc,Communication Services,Advertising Agencies,,9.91,-329.73,-18.59,-3.39,-3.54,16.1,23.97,45.34,1.11,-1.22,2.14,626680.0,1.21,57.35,Aug 06/a,63.67,1970000000.0,HIGH,5.6,2.91,1.48,10.91,0.0462,True,2.98,True,5.81,2.239,2.633,1.0,2.01,26.0,12.56,57.35,28430021.0,shrinking revenue,,11.0,,,,
ZYME,Zymeworks BC Inc,Healthcare,Biotechnology,,20.46,-2162.88,-90.58,0.0,-2.55,6.86,17.35,17.35,1.17,-14.330000000000002,1.0,602760.0,1.18,26.85,Aug 06/a,41.75,1920000000.0,HIGH,6.08,-4.48,0.95,11.39,0.2182,False,-4.22,True,4.6,5.736,3.371,10.0,-5.02,26.0,16.08,26.85,21049767.0,shrinking revenue,,55.5,,,,
