ticker,company,sector,industry,pe,fwd_pe,eps_qq,sales_qq,insider_trans,inst_trans,short_float,perf_quarter,perf_half,beta,pct_from_52w_high,recom,avg_volume,rel_volume,price,earnings,target_price,market_cap,data_confidence,momentum_20d,momentum_5d,volume_ratio,rs_vs_iwm,bb_width,above_sma20,pct_vs_sma20,above_sma50,pct_vs_sma50,atr_pct,last_range_pct,low_vol,near_high,vol_5_50,breakout_session,breakout_move_pct,earnings_sessions_ago,post_earnings_move_pct,latest_price,avg_dollar_volume,gate_fail,review_flag,target_upside,rank_low_vol,rank_near_high,rank_squeeze,rank_vol_5_50,rank_vol_ratio,rank_vs_sma50,mom_rank,composite_score,composite_legacy,composite_dedup
GRNT,Granite Ridge Resources Inc,Energy,Oil & Gas E&P,,7.58,19.0,36.67,0.29,4.82,7.57,13.19,0.76,0.18,-13.43,1.57,1080000.0,2.34,5.32,Aug 06/a,7.93,701710000.0,HIGH,-2.66,0.39,1.76,2.65,0.0521,True,0.3,True,4.85,2.609,2.148,-1.0763,-5.01,1.721,20.0,0.2,26.0,9.87,5.12,7564802.0,,,54.9,0.929368029739777,0.9281288723667905,0.9708798017348204,0.9622057001239157,0.9417596034696406,0.7992565055762082,0.6146220570012392,0.9219,0.8196,0.9081
GNW,Genworth Financial Inc,Financial,Insurance - Life,19.0,8.86,-0.4099999999999999,2.29,-3.2,-2.78,2.57,12.98,25.28,0.86,-6.36,1.0,3100000.0,3.15,10.01,Aug 05/a,11.5,3780000000.0,HIGH,5.05,1.73,1.27,10.36,0.102,True,4.6,True,6.67,1.988,1.604,-0.8462,-0.84,1.345,1.0,1.05,27.0,9.39,10.6,32049219.0,,,8.5,0.9820322180916976,0.9913258983890955,0.8079306071871127,0.8884758364312267,0.7763320941759604,0.8314745972738538,0.8550185873605948,0.8796,0.8173,0.8696
LFST,LifeStance Health Group Inc,Healthcare,Medical Care Facilities,100.46,59.52,722.45,26.08,-33.07,12.75,5.6,52.04,102.47999999999999,1.22,-3.6900000000000004,1.45,4150000.0000000005,1.55,13.06,Aug 06/b,14.2,4990000000.0,HIGH,6.61,4.53,1.26,11.92,0.1018,True,6.09,True,14.5,3.318,3.812,-1.7783,-1.33,1.691,1.0,3.16,27.0,29.03,13.38,52649929.0,,,6.1,0.8141263940520446,0.9851301115241635,0.8091697645600991,0.9578686493184635,0.7670384138785625,0.9281288723667905,0.872366790582404,0.8769,0.8218,0.8668
BBT,Beacon Financial Corp,Financial,Banks - Regional,22.69,9.43,16.29,83.94,0.0,-0.58,4.85,5.17,8.86,0.58,-4.57,2.14,844210.0,1.31,31.33,Jul 29/a,34.83,2630000000.0,HIGH,-3.83,-0.25,1.55,1.48,0.0612,False,-0.53,True,0.85,2.159,1.18,-1.2405,-4.16,1.243,20.0,-2.21,32.0,5.09,31.36,24877366.0,,,11.1,0.9070631970260223,0.9467162329615861,0.9423791821561338,0.8537794299876085,0.9033457249070632,0.69454770755886,0.5712515489467163,0.8746,0.7822,0.8397
LTC,LTC Properties Inc,Real Estate,REIT - Healthcare Facilities,15.93,23.52,74.05,63.83,1.24,10.01,4.8,18.65,11.46,0.54,0.7,2.11,569530.0,1.7,43.46,Aug 05/a,45.25,2340000000.0,HIGH,5.26,1.5,1.34,10.57,0.0849,True,3.6,True,5.07,1.854,1.524,-1.0799,-1.2,1.147,1.0,0.88,27.0,10.12,42.64,21410526.0,,,6.1,0.9281288723667905,0.9863692688971499,0.8686493184634448,0.8079306071871127,0.8209417596034696,0.8066914498141264,0.8587360594795539,0.8698,0.8504,0.8409
FCF,First Commonwealth Financial Corp,Financial,Banks - Regional,13.13,10.91,36.59,0.6,-6.83,1.2,3.29,9.27,27.83,0.74,-3.9900000000000007,1.83,783430.0,1.08,21.45,Jul 28/a,24.08,2170000000.0,HIGH,-0.6,1.33,1.34,4.71,0.0497,True,1.52,True,1.41,1.69,1.45,-0.916,-4.3,1.093,29.0,-1.66,33.0,0.05,21.38,14552806.0,,,12.6,0.9640644361833953,0.9436183395291202,0.9752168525402726,0.7509293680297398,0.8209417596034696,0.7149938042131351,0.7118959107806692,0.8616,0.8236,0.8127
BWIN,Baldwin Insurance Group Inc,Financial,Insurance Brokers,,13.1,-804.09,30.130000000000003,-5.81,0.13,12.17,78.91,53.90999999999999,1.0,-0.31,1.89,1770000.0,6.81,32.49,Jul 30/a,32.93,4530000000.0,HIGH,4.0,7.71,11.26,9.31,0.1172,True,4.55,True,10.57,3.787,1.438,-2.9407,-1.81,3.492,1.0,7.93,31.0,19.9,32.0,63063847.0,,,2.9,0.5018587360594795,0.9826517967781908,0.7286245353159851,0.9938042131350682,1.0,0.8884758364312267,0.8351920693928129,0.8492,0.8527,0.846
CON,Concentra Group Holdings Parent Inc,Healthcare,Medical Care Facilities,23.41,19.37,45.65,10.03,-4.09,1.66,2.43,26.539999999999996,57.47,0.59,-1.19,1.0,921700.0,0.9,35.62,Aug 06/a,41.0,4540000000.0,HIGH,0.79,5.7,1.55,6.1,0.0634,True,3.42,True,8.26,2.197,4.273,-1.1304,-0.67,0.88,1.0,2.46,26.0,17.26,35.81,24390922.0,,,14.5,0.9244114002478315,0.9938042131350682,0.9368029739776952,0.48141263940520446,0.9033457249070632,0.8550185873605948,0.758364312267658,0.8491,0.8554,0.791
CVBF,CVB Financial Corp,Financial,Banks - Regional,15.85,11.55,-21.58,37.86,1.15,25.759999999999998,5.15,9.93,20.55,0.66,-2.14,1.83,1430000.0,1.41,22.91,Jul 22/a,26.17,4030000000.0000005,HIGH,-1.73,1.97,1.79,3.58,0.053,True,1.35,True,0.72,1.617,1.714,-1.0127,-2.82,0.936,21.0,-1.77,37.0,2.29,22.75,21455463.0,,,15.0,0.9417596034696406,0.9653035935563816,0.9690210656753407,0.573729863692689,0.9473358116480793,0.6864931846344485,0.6579925650557621,0.8473,0.8381,0.7873
EGY,VAALCO Energy Inc,Energy,Oil & Gas E&P,,17.9,395.23,39.5,0.0,7.88,8.04,20.3,17.69,0.21,-2.98,1.0,1340000.0,1.35,6.52,Aug 06/a,9.67,685850000.0,HIGH,7.18,3.13,1.62,12.49,0.1257,True,4.94,True,11.48,2.7,2.552,-1.5036,-2.34,1.067,4.0,3.13,26.0,21.51,6.27,7395019.0,,,54.2,0.8674101610904585,0.9752168525402726,0.6964064436183395,0.7236679058240396,0.9182156133828996,0.8996282527881041,0.8785625774473358,0.8468,0.8358,0.8522
EPR,EPR Properties,Real Estate,REIT - Specialty,18.83,19.05,-12.68,10.11,-3.1300000000000003,0.98,9.04,0.57,4.34,1.02,-9.67,2.23,725440.0,1.3,58.69,Jul 29/a,64.79,4500000000.0,HIGH,-2.79,-1.82,1.33,2.52,0.0436,False,-1.83,False,-3.31,1.765,2.721,-0.7961,-9.48,1.346,34.0,-7.28,32.0,-8.01,58.81,47145563.0,,,10.2,0.990086741016109,0.815365551425031,0.9863692688971499,0.8897149938042132,0.8128872366790583,0.5514250309789344,0.6121437422552665,0.841,0.7846,0.811
PDM,Piedmont Realty Trust Inc,Real Estate,REIT - Office,,,34.22,2.73,0.0,5.48,5.93,4.95,43.46,1.41,-5.78,2.5,1100000.0,11.11,9.54,Jul 28/a,10.75,1190000000.0,HIGH,-1.71,-3.26,2.97,3.6,0.0728,False,-4.17,False,-4.21,2.826,6.957,-1.539,-9.18,1.63,33.0,-4.37,33.0,-4.37,9.2,11696321.0,,,16.8,0.8574969021065675,0.8203221809169765,0.9083023543990086,0.9516728624535316,0.9925650557620818,0.5037174721189591,0.6592317224287485,0.839,0.834,0.8264
REI,Ring Energy Inc,Energy,Oil & Gas E&P,,6.3,173.32,26.729999999999997,1.2,19.3,3.02,33.33,6.849999999999999,0.97,-22.0,1.67,4740000.0,1.08,1.56,Aug 05/a,2.08,406440000.0,HIGH,8.57,0.0,1.42,13.88,0.112,True,2.98,True,14.06,3.9,3.947,-2.3385,-2.56,1.271,3.0,2.7,27.0,23.58,1.52,5583036.0,,,36.8,0.6505576208178439,0.9690210656753407,0.7503097893432467,0.8661710037174721,0.8612143742255266,0.9256505576208178,0.895910780669145,0.8372,0.8418,0.8259
SLDE,Slide Insurance Holdings Inc,Financial,Insurance - Property & Casualty,6.45,7.15,90.44,47.86,-12.31,9.21,8.77,59.32999999999999,46.54,-0.1,-0.04,1.5,1210000.0,1.12,26.48,Jul 28/a,26.0,3090000000.0,HIGH,21.44,7.24,2.2,26.75,0.1874,True,10.82,True,19.55,2.728,4.918,-2.0229,-0.98,1.374,2.0,7.28,33.0,22.57,26.23,27668548.0,,,-0.9,0.7422552664188352,0.9888475836431226,0.44671623296158613,0.895910780669145,0.9814126394052045,0.9566294919454771,0.966542750929368,0.8353,0.8151,0.8941
KRP,Kimbell Royalty Partners LP,Energy,Oil & Gas E&P,21.04,16.12,1882.2099999999998,37.76,-0.14,-0.61,3.89,0.88,1.42,0.42,-5.38,1.57,807130.0,2.07,14.95,Aug 07/b,20.17,1920000000.0,HIGH,-0.87,-1.79,1.18,4.44,0.0463,False,-1.42,False,-0.67,1.779,1.584,-0.9903,-5.18,1.118,16.0,-2.18,26.0,2.27,14.84,13661580.0,,,35.9,0.9454770755885997,0.9268897149938042,0.9801734820322181,0.7757125154894672,0.7106567534076828,0.6493184634448576,0.7019826517967782,0.8314,0.788,0.7703
VTS,Vitesse Energy Inc,Energy,Oil & Gas E&P,,71.96,30.25,11.31,-0.0,22.11,21.61,15.810000000000002,-4.09,0.57,-23.96,1.8,524530.0,0.95,18.53,Aug 03/a,20.2,780190000.0,HIGH,11.3,2.66,1.22,16.61,0.1519,True,5.88,True,12.64,2.307,2.971,-1.2824,-2.78,1.297,6.0,6.32,29.0,19.27,18.51,8517175.0,,,9.1,0.9021065675340768,0.966542750929368,0.5824039653035935,0.8748451053283767,0.7385377942998761,0.9120198265179678,0.9219330855018587,0.8294,0.7651,0.8569
CTKB,Cytek BioSciences Inc,Healthcare,Medical Devices,,,-113.40999999999998,5.57,0.0,-5.73,4.15,24.43,18.4,1.19,-20.87,2.0,1260000.0,0.89,4.89,Aug 05/a,5.56,635620000.0,HIGH,1.9,4.55,1.43,7.21,0.0811,True,3.56,True,5.7,4.237,6.004,-2.871,-2.13,1.43,1.0,4.77,27.0,16.11,4.83,3808194.0,,,15.1,0.5192069392812887,0.9789343246592317,0.8810408921933086,0.9132589838909542,0.8674101610904585,0.815365551425031,0.7868649318463445,0.8292,0.8393,0.7788
FBP,First Bancorp PR,Financial,Banks - Regional,11.85,11.03,25.64,4.7,-1.42,-2.83,4.44,11.37,36.66,0.82,-5.92,1.57,1430000.0,0.87,28.11,Jul 22/b,31.71,4290000000.0,HIGH,-4.71,0.25,1.45,0.6,0.0705,False,-0.3,False,-0.18,1.715,1.67,-1.1791,-5.79,1.02,22.0,-3.63,38.0,1.85,28.15,32188776.0,,,12.6,0.919454770755886,0.9107806691449815,0.9182156133828996,0.6765799256505576,0.8785625774473358,0.6604708798017348,0.5266418835192069,0.8273,0.7497,0.7838
SFBS,ServisFirst Bancshares Inc,Financial,Banks - Regional,14.44,11.72,39.58,6.34,-0.4699999999999999,,5.09,4.44,14.82,0.9,-8.06,1.0,607880.0,1.12,42.33,Jul 20/a,48.33,4630000000.0,HIGH,-6.55,-0.94,1.55,-1.24,0.0877,False,-1.85,False,-3.1,2.183,1.537,-1.3248,-8.12,1.167,22.0,-6.47,39.0,-1.15,42.3,21440274.0,,,14.3,0.8921933085501859,0.8488228004956629,0.8612143742255266,0.8215613382899628,0.9033457249070632,0.5613382899628253,0.43866171003717475,0.8147,0.7048,0.7946
WSBC,Wesbanco Inc,Financial,Banks - Regional,11.72,10.44,59.650000000000006,1.24,-1.45,11.43,7.43,11.95,20.89,0.7,-6.11,2.0,1310000.0,0.8,40.39,Jul 21/a,44.5,3870000000.0,HIGH,-4.94,-0.35,1.26,0.37,0.0704,False,-0.8,False,-1.12,1.847,1.189,-1.151,-6.14,1.069,23.0,-4.29,38.0,0.0,40.38,35616454.0,,,10.2,0.9219330855018587,0.8983890954151177,0.919454770755886,0.724907063197026,0.7670384138785625,0.6338289962825279,0.5173482032218092,0.8109,0.7129,0.7619
TARA,Protara Therapeutics Inc,Healthcare,Biotechnology,,,-0.37,,-3.35,4.36,8.49,-4.82,-30.81,1.43,-52.05,1.0,507320.0,1.78,3.75,Aug 11/b,25.71,221600000.0,HIGH,-1.76,0.51,1.99,3.55,0.0632,True,0.15,False,-2.1,3.566,5.038,-1.6444,-12.92,1.155,46.0,-6.9,24.0,0.0,3.91,1441061.0,,,557.5,0.8463444857496902,0.6902106567534076,0.9380421313506815,0.8178438661710037,0.9702602230483272,0.5985130111524164,0.6567534076827757,0.8102,0.8352,0.8082
NWBI,Northwest Bancshares Inc,Financial,Banks - Regional,14.96,10.77,38.52,18.31,0.14,1.7000000000000002,5.59,7.22,27.66,0.69,-3.47,2.75,1090000.0,0.96,15.6,Jul 27/a,16.57,2280000000.0,HIGH,-0.89,0.32,1.15,4.42,0.0366,True,0.85,True,0.61,1.452,1.543,-0.8729,-3.77,0.919,29.0,-2.08,34.0,0.91,15.55,12881641.0,,,6.6,0.976456009913259,0.9553903345724907,0.9938042131350682,0.540272614622057,0.6809169764560099,0.6821561338289963,0.6988847583643123,0.8048,0.782,0.72
TSLX,Sixth Street Specialty Lending Inc,Financial,Asset Management,18.98,9.76,-32.11,30.8,0.21,,5.67,8.9,1.08,0.67,-26.5,1.27,542780.0,0.73,17.86,Aug 04/a,19.77,1700000000.0,HIGH,-1.03,1.16,1.94,4.28,0.0811,False,-1.2,True,1.59,1.914,1.863,-1.074,-5.24,0.84,22.0,-2.93,28.0,1.33,18.25,7253745.0,,,8.3,0.9306071871127634,0.9231722428748451,0.8810408921933086,0.4045848822800496,0.9615861214374225,0.7224287484510533,0.6908302354399009,0.8039,0.8291,0.7548
DX,Dynex Capital Inc,Real Estate,REIT - Mortgage,4.67,7.62,653.65,170.93,0.12,6.97,5.29,-6.64,-6.78,0.95,-18.09,1.67,5450000.0,1.05,12.23,Jul 20/b,14.75,3040000000.0,HIGH,-5.05,-3.72,1.34,0.26,0.072,False,-3.77,False,-4.11,1.387,1.853,-0.8145,-8.68,1.097,19.0,-5.05,40.0,-5.41,12.41,62876349.0,,,18.9,0.9888475836431226,0.8327137546468402,0.9132589838909542,0.758364312267658,0.8209417596034696,0.5092936802973977,0.5111524163568774,0.8039,0.7247,0.7694
XMAX,XMax Inc,Consumer Cyclical,"Furnishings, Fixtures & Appliances",20.46,,2619.43,7.06,,19.38,14.46,5.53,43.15,1.23,-5.59,,922520.0,0.52,8.88,-,,572640000.0,HIGH,-1.34,3.64,1.45,3.97,0.1003,True,0.34,True,0.7,2.346,4.077,-1.8804,-6.06,1.094,25.0,-2.86,,,8.83,5017895.0,,,,0.7881040892193308,0.9014869888475836,0.815365551425031,0.7540272614622057,0.8785625774473358,0.6852540272614622,0.6741016109045849,0.8038,0.7778,0.7765
ARR,ARMOUR Residential REIT Inc,Real Estate,REIT - Mortgage,4.04,5.13,191.47,8.35,-9.85,7.99,9.98,-11.68,-11.63,1.38,-22.06,2.33,3860000.0,0.92,15.05,Jul 22/a,18.38,2130000000.0,HIGH,-5.83,-4.5,1.79,-0.52,0.0612,False,-4.38,False,-5.93,1.604,1.871,-0.9128,-12.18,1.153,21.0,-7.3,37.0,-3.91,15.5,53341543.0,,,18.6,0.9677819083023544,0.7193308550185874,0.9423791821561338,0.8141263940520446,0.9473358116480793,0.42998760842627015,0.47026022304832715,0.8035,0.755,0.7898
INVA,Innoviva Inc,Healthcare,Biotechnology,5.08,9.04,-247.03999999999996,18.61,0.0,-1.31,9.73,-7.049999999999999,-5.91,0.39,-17.12,2.0,761690.0,1.45,20.84,Aug 05/a,35.0,1510000000.0,HIGH,-0.29,-2.06,1.34,5.02,0.045,False,-0.87,False,-1.8,2.105,2.01,-1.1376,-13.53,1.134,,,27.0,1.9,20.9,13912639.0,,,67.5,0.9231722428748451,0.6703841387856257,0.9814126394052045,0.7936802973977695,0.8209417596034696,0.6084262701363073,0.7261462205700124,0.7997,0.8312,0.7866
HRMY,Harmony Biosciences Holdings Inc,Healthcare,Biotechnology,13.67,9.86,88.57,30.320000000000004,-0.42,-3.46,10.29,23.38,51.35999999999999,1.0,-3.04,1.82,830140.0,1.46,42.17,Aug 04/b,47.36,2460000000.0,HIGH,8.91,-1.26,1.31,14.22,0.1554,True,3.24,True,9.0,2.932,1.854,-2.1241,-4.48,1.407,9.0,5.49,29.0,16.69,41.54,32437738.0,,,14.0,0.7087980173482032,0.9405204460966543,0.5650557620817844,0.9064436183395291,0.7998760842627014,0.8674101610904585,0.8996282527881041,0.798,0.7693,0.8206
ATAI,AtaiBeckley Inc,Healthcare,Biotechnology,,,36.07,137.0,-0.21,11.11,6.35,91.41,101.37,1.54,-1.34,2.8,14360000.0,0.0,7.35,Aug 12,8.0,2730000000.0,MEDIUM,1.24,-0.54,0.0,6.55,0.0287,True,0.12,True,6.55,1.045,0.0,-0.6611,-1.34,2.045,13.0,-0.41,,,7.35,99429148.0,,,8.8,0.9962825278810409,0.9838909541511772,0.9987608426270136,0.976456009913259,0.0018587360594795538,0.8302354399008675,0.7757125154894672,0.7979,0.6105,0.7012
EXPO,Exponent Inc,Industrials,Engineering & Construction,30.23,25.59,16.39,20.89,-4.61,-2.8,6.3,17.64,0.9399999999999998,0.69,-17.83,1.6,510330.0,1.84,67.34,Jul 30/a,84.0,3200000000.0,HIGH,4.53,1.94,1.26,9.84,0.0898,False,-0.15,True,4.37,2.567,3.064,-1.4568,-3.8,0.922,12.0,-1.63,31.0,7.16,69.19,26133496.0,,,21.4,0.872366790582404,0.952912019826518,0.8550185873605948,0.547087980173482,0.7670384138785625,0.7905824039653035,0.8475836431226765,0.7975,0.8257,0.7443
SPSC,SPS Commerce Inc,Technology,Software - Application,39.57,15.4,-63.75999999999999,5.56,-0.24,1.15,9.46,48.54,37.92,0.62,-28.62,2.79,652590.0,0.57,82.0,Jul 30/a,75.45,2950000000.0,HIGH,8.92,5.1,1.39,14.23,0.1321,True,2.19,True,13.67,4.461,3.252,-2.8613,-7.17,1.417,12.0,3.17,31.0,26.13,83.03,42056016.0,,,-9.1,0.5204460966542751,0.8816604708798017,0.6697645600991327,0.9101610904584883,0.8531598513011153,0.9231722428748451,0.9008674101610905,0.7931,0.8172,0.8017
KFY,Korn Ferry,Industrials,Staffing & Employment Services,14.67,12.25,5.26,6.860000000000001,-1.6099999999999999,-0.01,4.14,9.07,28.7,1.26,-11.05,1.6,523890.0,1.25,77.84,Sep 09/b,90.25,4250000000.0,HIGH,-5.62,-4.46,1.58,-0.31,0.124,False,-5.96,False,-3.19,3.143,2.258,-1.5665,-10.43,1.579,11.0,-7.41,4.0,-3.39,78.38,35870324.0,,,15.1,0.8550185873605948,0.7837670384138785,0.701363073110285,0.942998760842627,0.9114002478314746,0.5576208178438662,0.4826517967781908,0.792,0.6769,0.8168
CFFN,Capitol Federal Financial,Financial,Banks - Regional,13.63,11.45,34.51,6.5,0.0,0.7,5.67,9.24,26.899999999999995,0.67,-4.21,2.33,833220.0,1.16,8.87,Jul 29/b,9.5,1110000000.0,HIGH,2.18,1.25,1.08,7.49,0.0602,True,2.7,True,2.49,1.643,1.571,-0.8475,-3.78,0.892,1.0,1.02,33.0,1.83,8.91,6695273.0,,,6.6,0.9801734820322181,0.9541511771995044,0.9479553903345725,0.5006195786864932,0.6133828996282528,0.7478314745972738,0.7967781908302355,0.7907,0.7871,0.7105
SBH,Sally Beauty Holdings Inc,Consumer Cyclical,Specialty Retail,8.15,7.0,24.72,0.22999999999999998,-3.2300000000000004,0.6,21.87,15.049999999999999,10.59,1.03,-12.560000000000002,2.4,1390000.0,0.83,15.67,Aug 03/b,17.0,1470000000.0,HIGH,-1.42,-0.93,1.32,3.89,0.064,False,-2.09,True,1.58,3.319,3.248,-1.5222,-7.4,0.9,24.0,-4.42,30.0,6.95,16.01,17806927.0,,,6.2,0.8605947955390335,0.8736059479553904,0.9330855018587361,0.5111524163568774,0.8066914498141264,0.7211895910780669,0.6703841387856257,0.7844,0.7901,0.7249
LADR,Ladder Capital Corp,Real Estate,REIT - Mortgage,23.05,8.56,-15.15,15.509999999999998,-0.22,3.8699999999999997,5.18,-5.34,-4.2,0.99,-18.14,1.29,1120000.0,1.17,9.57,Jul 23/b,12.0,1210000000.0,HIGH,-2.63,-1.64,1.25,2.68,0.0521,False,-2.19,False,-1.86,1.693,1.559,-0.8431,-9.16,0.926,18.0,-2.93,37.0,0.84,9.62,8809942.0,,,24.7,0.9838909541511772,0.8228004956629492,0.9708798017348204,0.5557620817843866,0.7546468401486989,0.6071871127633209,0.6158612143742255,0.7825,0.764,0.7254
DNOW,Dnow Inc,Industrials,Industrial Distribution,,19.44,-148.81,108.11999999999999,-12.65,0.96,5.49,17.52,43.75,0.89,-6.72,1.4,2640000.0,1.58,16.1,Aug 06/b,18.6,2910000000.0,HIGH,-3.16,-3.16,1.09,2.15,0.0622,False,-1.33,True,4.68,2.953,2.877,-1.5947,-9.07,0.998,27.0,9.99,27.0,9.99,15.64,32885912.0,,,18.9,0.8513011152416357,0.8252788104089219,0.9405204460966543,0.6561338289962825,0.627633209417596,0.7942998760842627,0.5966542750929368,0.7825,0.7091,0.7323
AVO,Mission Produce Inc,Consumer Defensive,Food Distribution,361.22,15.88,-137.94,25.8,11.07,18.66,9.3,10.82,4.82,0.44,-20.22,1.0,1010000.0,0.93,12.39,Sep 08/a,16.5,1090000000.0,HIGH,-1.08,-0.47,1.14,4.23,0.0775,False,-1.11,False,-1.2,3.439,2.576,-1.6569,-9.92,1.251,4.0,-0.47,4.0,-0.47,12.81,8095679.0,,,28.8,0.8451053283767038,0.8017348203221809,0.8909541511771994,0.8581164807930607,0.6703841387856257,0.6282527881040892,0.6877323420074349,0.7824,0.7435,0.7505
MD,Pediatrix Medical Group Inc,Healthcare,Medical Care Facilities,12.82,10.94,6.619999999999999,4.04,-2.73,0.49,6.02,9.52,36.94,0.6,-4.47,2.71,795230.0,1.01,26.69,Aug 04/b,26.33,2170000000.0,HIGH,2.16,-0.11,1.04,7.47,0.0421,True,0.83,True,1.85,2.784,4.757,-0.9153,-3.69,0.876,4.0,-0.11,29.0,8.9,26.91,19230221.0,,,-2.2,0.9653035935563816,0.9578686493184635,0.990086741016109,0.47273853779429986,0.5625774473358116,0.7298636926889716,0.7955390334572491,0.7797,0.784,0.6826
ASH,Ashland Inc,Basic Materials,Specialty Chemicals,62.16,16.32,102.16000000000001,7.339999999999999,0.0,3.09,10.66,7.380000000000001,38.71,0.4,-10.2,1.69,797220.0,0.87,70.27,Jul 28/a,80.18,3220000000.0,HIGH,-6.07,-4.06,1.37,-0.76,0.0781,False,-4.62,False,-1.98,2.834,1.852,-1.2537,-10.96,1.015,26.0,-3.85,33.0,2.44,69.67,40910605.0,,,15.1,0.9058240396530359,0.7633209417596035,0.8884758364312267,0.6728624535315985,0.8401486988847584,0.6034696406443618,0.45848822800495664,0.779,0.702,0.7556
FIZZ,National Beverage Corp,Consumer Defensive,Beverages - Non-Alcoholic,16.8,16.05,-15.659999999999998,0.04,0.0,0.7,17.72,-5.05,-0.16,0.86,-11.18,5.0,501560.0,1.24,31.37,Sep 10/a,31.0,2940000000.0,HIGH,2.51,2.28,1.63,7.82,0.0949,False,-0.51,True,0.1,3.267,4.998,-1.6141,-15.08,1.121,15.0,-1.73,2.0,2.91,31.81,11594486.0,,,-2.5,0.8500619578686494,0.6164807930607187,0.8339529120198266,0.7781908302354399,0.9200743494423792,0.6666666666666666,0.8060718711276332,0.7776,0.8486,0.8037
HRZN,Horizon Technology Finance Corp,Financial,Asset Management,14.29,6.36,-13.79,24.28,66.81,,4.19,6.49,18.35,0.98,-30.709999999999997,2.33,704120.0,1.21,4.69,Aug 04/a,5.08,314390000.0,HIGH,-2.0,0.82,1.26,3.31,0.1065,True,1.26,True,4.31,2.886,2.041,-2.1177,-4.67,1.021,25.0,5.6,28.0,11.87,4.9,3683842.0,,,3.7,0.711276332094176,0.9355638166047088,0.7831474597273853,0.6796778190830235,0.7670384138785625,0.7881040892193308,0.644361833952912,0.7775,0.7228,0.7365
BXDC,Blackstone Digital Infrastructure Trust Inc,Real Estate,REIT - Specialty,,,,,103.27,94.79,2.42,-9.35,,,-15.370000000000001,2.17,969560.0,1.61,19.38,Aug 04/b,23.58,1950000000.0,HIGH,-3.98,-3.79,1.65,1.33,0.0782,False,-3.74,False,-4.3,2.847,2.818,-1.8979,-13.78,1.417,13.0,-5.61,29.0,-3.37,19.52,20418709.0,,,20.8,0.7794299876084263,0.6598513011152416,0.8872366790582404,0.9101610904584883,0.9219330855018587,0.4993804213135068,0.5588599752168525,0.7763,0.7663,0.7777
FFIN,First Financial Bankshares Inc,Financial,Banks - Regional,17.95,15.59,7.61,8.43,-0.17,3.66,6.15,0.84,14.04,0.83,-7.91,2.71,826650.0,1.13,33.63,Jul 16/a,36.57,4820000000.0,HIGH,-4.59,0.45,1.31,0.72,0.0726,False,-0.85,False,-3.23,1.757,1.774,-1.0041,-8.93,0.971,42.0,-5.57,41.0,-5.83,33.26,21144431.0,,,10.0,0.942998760842627,0.828996282527881,0.9101610904584883,0.6195786864931846,0.7998760842627014,0.5539033457249071,0.5322180916976456,0.7759,0.7259,0.7291
SABR,Sabre Corp,Technology,Software - Infrastructure,1.27,11.67,86.2,3.61,0.0,3.2,9.38,20.11,34.41,1.06,-8.93,2.71,4420000.0,1.12,2.09,Aug 06/b,2.14,843490000.0,HIGH,0.93,-3.76,1.5,6.24,0.1238,True,1.33,True,8.42,5.859,3.908,-3.6654,-5.23,1.964,15.0,3.57,27.0,2.59,2.17,8763266.0,,,-1.4,0.3023543990086741,0.9250309789343246,0.7026022304832713,0.9714993804213135,0.8897149938042132,0.8574969021065675,0.7633209417596035,0.7748,0.783,0.7553
ADMA,Adma Biologics Inc,Healthcare,Biotechnology,12.22,9.13,19.33,1.9799999999999998,0.11,-3.7699999999999996,11.12,1.29,-45.64,0.71,-57.91,1.33,2700000.0,1.33,8.61,Aug 05/a,18.67,1930000000.0,HIGH,-2.14,-4.19,1.61,3.17,0.0903,False,-4.01,False,-0.87,2.618,3.392,-1.9444,-11.69,1.077,27.0,-1.3,27.0,-1.3,9.14,18133411.0,,,104.3,0.7682775712515489,0.7335811648079306,0.8513011152416357,0.7298636926889716,0.9169764560099133,0.6406443618339529,0.6394052044609665,0.7734,0.7862,0.7639
NMAX,Newsmax Inc,Communication Services,Broadcasting,,50.09,103.81,16.53,-0.2,7.719999999999999,7.9,37.72,54.74,2.45,-20.81,1.0,1130000.0,1.11,10.77,Aug 13/a,18.5,1390000000.0,HIGH,10.04,6.44,1.34,15.35,0.1156,True,5.41,True,21.66,4.986,5.57,-3.6719,-5.86,1.407,19.0,10.04,21.0,20.13,11.4,12906647.0,,,62.3,0.29739776951672864,0.9058240396530359,0.7379182156133829,0.9064436183395291,0.8209417596034696,0.9677819083023544,0.9144981412639405,0.7727,0.8335,0.7481
TCPC,BlackRock TCP Capital Corp,Financial,Asset Management,,9.84,111.11999999999999,270.36,2.96,,5.4,11.39,10.16,1.05,-44.05,3.5,799860.0,1.59,4.01,Aug 06/b,4.33,336450000.0,HIGH,-0.74,-0.49,0.86,4.57,0.0433,False,-0.77,True,9.67,2.205,1.481,-1.0224,-4.71,0.928,22.0,1.25,27.0,15.71,4.05,2571988.0,,,6.9,0.9380421313506815,0.9330855018587361,0.9876084262701363,0.5588599752168525,0.3395291201982652,0.8760842627013631,0.7075588599752168,0.7722,0.6812,0.6781
MAIA,MAIA Biotechnology Inc,Healthcare,Biotechnology,,,25.95,,4.16,0.88,4.64,-1.47,-12.990000000000002,0.24,-57.989999999999995,1.0,500920.0,2.37,1.34,Aug 11,14.0,81520000.0,HIGH,0.0,6.11,1.87,5.31,0.1094,True,2.77,True,2.52,5.082,7.194,-2.7535,-9.15,1.087,,,,,1.39,580113.0,,,907.2,0.5551425030978935,0.8240396530359355,0.7707558859975217,0.7441140024783147,0.9566294919454771,0.751548946716233,0.7317224287484511,0.767,0.8109,0.7519
ATRC,Atricure Inc,Healthcare,Medical Instruments & Supplies,259.68,134.29,241.25,12.83,-3.9,4.45,8.48,100.93,84.69,1.24,0.36,1.4,950440.0,1.51,56.22,Jul 23/a,51.67,2860000000.0,HIGH,24.61,3.83,1.24,29.92,0.2396,True,11.31,True,31.27,3.732,2.169,-2.4044,-0.41,1.542,2.0,5.34,36.0,69.06,55.79,47255098.0,,,-7.4,0.6344485749690211,0.9962825278810409,0.298636926889715,0.9306071871127634,0.7478314745972738,0.9888475836431226,0.9739776951672863,0.7661,0.7035,0.8254
TRIN,Trinity Capital Inc,Financial,Asset Management,10.19,8.45,-21.87,41.41,0.9000000000000001,,5.73,5.33,25.46,0.67,-5.85,1.67,1030000.0,0.68,17.79,Aug 05/b,18.5,1680000000.0,HIGH,-0.95,-1.83,0.96,4.36,0.0668,False,-2.93,False,-1.14,1.63,1.239,-0.8462,-6.06,1.03,15.0,-3.27,28.0,2.96,17.75,16105343.0,,,4.2,0.9820322180916976,0.9014869888475836,0.929368029739777,0.6864931846344485,0.4591078066914498,0.6319702602230484,0.6964064436183395,0.7651,0.6951,0.6899
FULT,Fulton Financial Corp,Financial,Banks - Regional,11.37,10.31,-1.58,7.580000000000001,-2.57,6.16,4.93,3.71,21.24,0.79,-5.87,2.5,1810000.0,0.71,23.75,Jul 22/a,25.69,4530000000.0,HIGH,-2.94,0.55,1.22,2.37,0.0486,True,0.11,False,-1.62,1.606,1.726,-1.0691,-5.87,0.846,42.0,-2.74,37.0,-2.1,23.75,32665204.0,,,8.2,0.9318463444857497,0.9045848822800495,0.9776951672862454,0.41821561338289964,0.7385377942998761,0.6183395291201983,0.6022304832713755,0.7649,0.7558,0.6767
SBCF,Seacoast Banking Corp Of Florida,Financial,Banks - Regional,21.82,12.37,9.83,30.010000000000005,-2.83,2.33,4.97,10.19,13.73,0.9,-5.46,2.5,1010000.0,0.86,34.29,Jul 28/a,37.04,3320000000.0,HIGH,-4.02,-0.46,1.32,1.29,0.0707,False,-0.11,True,0.58,1.994,1.775,-1.2943,-5.27,0.814,23.0,-2.86,33.0,2.11,34.36,26327919.0,,,7.8,0.8990086741016109,0.9219330855018587,0.9169764560099133,0.35811648079306074,0.8066914498141264,0.6802973977695167,0.5551425030978935,0.7638,0.7392,0.686
CGEM,Cullinan Therapeutics Inc,Healthcare,Biotechnology,,,27.0,,-0.31,6.709999999999999,21.39,50.92,46.4,-0.07,-11.43,1.0,853460.0,1.24,20.54,Aug 06/b,34.25,1320000000.0,HIGH,-0.92,-5.95,1.84,4.39,0.1396,False,-6.07,True,5.03,5.052,11.863,-2.942,-12.03,1.635,14.0,-6.51,27.0,15.84,20.4,16611435.0,,,67.9,0.4993804213135068,0.7267657992565055,0.6418835192069392,0.952912019826518,0.9522924411400248,0.8035935563816605,0.6976456009913259,0.7628,0.7573,0.802
MRP,Millrose Properties Inc,Real Estate,REIT - Residential,10.27,9.04,11.59,32.11,2.03,1.7000000000000002,4.74,1.27,0.62,0.37,-16.95,1.0,1350000.0,1.01,29.44,Aug 04/b,37.17,4540000000.0,HIGH,-2.32,-4.29,1.08,2.99,0.0811,False,-3.48,False,-0.08,2.221,1.765,-1.518,-8.42,1.059,7.0,-4.54,29.0,2.83,29.46,30966870.0,,,26.2,0.862453531598513,0.8376703841387856,0.8810408921933086,0.7143742255266419,0.6133828996282528,0.6629491945477075,0.6270136307311028,0.762,0.6991,0.7133
TALO,Talos Energy Inc,Energy,Oil & Gas E&P,,18.97,183.96,56.53,-7.35,0.88,7.54,32.25,34.48,0.41,-0.6,1.69,2000000.0,2.07,18.33,Aug 04/a,20.18,3060000000.0,HIGH,7.62,2.91,1.22,12.93,0.1022,True,3.23,True,13.53,3.389,3.426,-2.2224,-4.23,0.879,18.0,7.95,28.0,24.54,17.66,29516925.0,,,14.3,0.6802973977695167,0.9454770755885997,0.8066914498141264,0.47831474597273854,0.7385377942998761,0.9206939281288724,0.8847583643122676,0.7617,0.8175,0.7045
INVX,Innovex International Inc,Energy,Oil & Gas Equipment & Services,33.84,16.16,62.24000000000001,9.21,-34.57,0.64,4.81,6.32,22.49,0.91,-11.15,1.4,635210.0,0.93,29.95,Aug 03/a,34.5,2089999999.9999998,HIGH,-5.55,-2.42,1.22,-0.24,0.1045,False,-2.39,True,2.84,4.267,4.023,-2.1476,-13.73,1.383,31.0,9.49,29.0,2.76,29.08,21845950.0,,,18.6,0.7001239157372986,0.6641883519206939,0.7955390334572491,0.8996282527881041,0.7385377942998761,0.7577447335811648,0.48698884758364314,0.7593,0.655,0.774
ALKT,Alkami Technology Inc,Technology,Software - Application,,17.7,36.61,15.869999999999997,24.54,-7.629999999999999,10.53,25.730000000000004,9.31,0.56,-28.410000000000004,1.44,1630000.0,0.94,19.25,Jul 29/a,22.14,2060000000.0,HIGH,-1.63,2.58,0.98,3.68,0.0979,False,-0.35,True,4.64,4.359,5.332,-2.6679,-5.56,1.676,24.0,1.33,32.0,11.62,19.88,28198478.0,,,11.4,0.5724907063197026,0.9169764560099133,0.8258983890954151,0.9566294919454771,0.4882280049566295,0.7930607187112764,0.6604708798017348,0.7589,0.6584,0.7026
RES,RPC Inc,Energy,Oil & Gas Equipment & Services,61.68,24.33,13.63,9.52,0.0,-0.36,9.19,-10.3,-5.36,0.85,-24.26,3.5,1580000.0,1.29,6.18,Jul 30/b,6.4,1370000000.0,HIGH,-7.15,-6.44,1.19,-1.84,0.0956,False,-4.66,True,1.05,3.525,6.066,-2.195,-9.36,1.132,4.0,-6.44,32.0,19.14,6.1,9176959.0,,,4.9,0.6852540272614622,0.8178438661710037,0.8327137546468402,0.7893432465923172,0.7193308550185874,0.7075588599752168,0.4144981412639405,0.7587,0.6314,0.7254
TOWN,Townebank Portsmouth VA,Financial,Banks - Regional,10.54,10.73,304.51,86.68,,2.3,3.07,7.1,15.629999999999999,0.73,-3.7000000000000006,2.25,634490.0,0.77,37.58,Jul 23/b,40.0,3460000000.0,HIGH,-0.64,0.76,1.19,4.67,0.0363,True,0.02,True,0.49,1.455,1.178,-0.8803,-4.3,0.733,35.0,1.91,37.0,3.89,37.35,18793470.0,,,7.1,0.9739776951672863,0.9436183395291202,0.9950433705080545,0.2379182156133829,0.7193308550185874,0.6765799256505576,0.7087980173482032,0.7577,0.7978,0.652
WK,Workiva Inc,Technology,Software - Application,91.59,18.47,169.31,18.64,-0.15,-1.59,8.78,53.29999999999999,22.24,0.51,-22.95,1.38,869170.0,1.13,74.81,Aug 04/a,84.0,4070000000.0000005,HIGH,8.62,2.96,1.37,13.93,0.15,True,1.22,True,16.45,3.935,2.728,-3.0443,-5.8,1.137,12.0,1.87,28.0,23.9,75.89,61808414.0,,,10.7,0.45848822800495664,0.909541511771995,0.5910780669144982,0.7998760842627014,0.8401486988847584,0.9442379182156134,0.8971499380421314,0.7572,0.7882,0.7607
PLX,Protalix BioTherapeutics Inc,Healthcare,Biotechnology,11.72,53.2,2190.0,27.07,0.0,-3.36,4.09,29.13,-7.32,-0.09,-16.61,1.0,709450.0,1.15,2.66,Aug 12/b,11.0,214320000.0,HIGH,20.96,4.53,1.35,26.27,0.2265,True,9.31,True,13.61,3.533,6.137,-2.1351,-0.72,1.115,1.0,4.92,23.0,13.99,2.77,1794341.0,,,297.1,0.7038413878562577,0.9925650557620818,0.3172242874845105,0.7719950433705081,0.8271375464684015,0.9219330855018587,0.9653035935563816,0.7558,0.7294,0.8062
NRDS,Nerdwallet Inc,Communication Services,Internet Content & Information,10.7,9.69,-38.88,5.56,-10.45,-3.71,12.67,13.600000000000001,-5.65,1.24,-41.38,2.0,683350.0,1.02,9.52,Aug 06/a,11.8,608550000.0,HIGH,-1.04,-0.63,1.12,4.27,0.1031,False,-2.97,False,-0.46,2.963,2.747,-1.9156,-8.03,1.129,15.0,-3.85,26.0,7.47,9.5,6035689.0,,,24.2,0.7757125154894672,0.8537794299876085,0.8011152416356877,0.7850061957868649,0.6561338289962825,0.6555142503097894,0.6889714993804213,0.7545,0.7128,0.7181
EFC,Ellington Financial Inc,Real Estate,REIT - Mortgage,7.69,6.38,-2.15,31.72,0.0,1.32,5.76,-7.139999999999999,5.7,0.95,-10.62,1.57,1220000.0,1.03,12.62,Aug 06/a,14.86,1630000000.0,HIGH,-5.74,-4.26,1.1,-0.43,0.0753,False,-4.45,False,-4.76,1.517,1.874,-0.7397,-7.44,0.99,18.0,-5.88,26.0,-2.51,12.81,13235511.0,,,16.0,0.9938042131350682,0.872366790582404,0.8983890954151177,0.6456009913258984,0.6381660470879802,0.4745972738537794,0.4752168525402726,0.7538,0.6511,0.688
DRH,Diamondrock Hospitality Co,Real Estate,REIT - Hotel & Motel,17.18,19.22,137.81,4.11,-1.46,2.13,6.9,3.7699999999999996,31.39,1.02,-10.15,2.07,2560000.0,1.27,12.39,Jul 30/a,13.88,2540000000.0,HIGH,-0.32,2.92,1.09,4.99,0.0983,False,-0.75,False,-1.28,2.406,3.409,-1.4293,-10.66,1.132,31.0,-4.57,31.0,-4.57,12.32,31295738.0,,,12.7,0.8760842627013631,0.7757125154894672,0.8240396530359355,0.7893432465923172,0.627633209417596,0.6257744733581165,0.7236679058240396,0.7531,0.725,0.7297
IRT,Independence Realty Trust Inc,Real Estate,REIT - Residential,82.9,82.84,-58.14,3.12,-0.16,0.67,5.6,-8.56,-3.5000000000000004,0.96,-14.730000000000002,1.62,3000000.0,1.63,15.17,Aug 03/a,19.27,3670000000.0,HIGH,-7.98,-3.58,1.56,-2.67,0.1323,False,-5.21,False,-7.25,2.286,2.347,-1.3361,-13.33,2.122,26.0,-9.66,29.0,-8.47,15.34,47388316.0,,,25.6,0.8909541511771994,0.6765799256505576,0.667905824039653,0.9801734820322181,0.9076827757125155,0.3828996282527881,0.38661710037174724,0.751,0.6273,0.7904
MDU,MDU Resources Group Inc,Utilities,Utilities - Regulated Gas,19.55,17.59,49.4,6.87,0.0,-0.37,7.85,-11.69,-9.8,0.73,-19.1,1.75,1560000.0,1.38,18.59,Aug 06/b,23.71,3910000000.0,HIGH,-8.99,-5.65,1.55,-3.68,0.0932,False,-5.82,False,-8.05,2.057,2.885,-1.0549,-14.64,1.16,,,27.0,-6.49,18.72,30618854.0,,,26.7,0.9330855018587361,0.6369268897149938,0.8382899628252788,0.8190830235439901,0.9033457249070632,0.36059479553903345,0.35192069392812886,0.7486,0.6633,0.754
GTY,Getty Realty Corp,Real Estate,REIT - Retail,19.2,21.73,50.23,10.88,0.0,4.08,10.14,-4.96,-6.74,0.73,-14.67,2.11,540760.0,2.11,31.43,Jul 22/a,36.5,1950000000.0,HIGH,-3.11,-1.75,0.98,2.2,0.0503,False,-2.35,False,-5.01,1.694,2.06,-0.6396,-13.01,1.298,39.0,-11.27,37.0,-7.69,32.04,19391370.0,,,13.9,0.9975216852540273,0.6864931846344485,0.9733581164807931,0.8760842627013631,0.4882280049566295,0.459727385377943,0.5985130111524164,0.7469,0.6779,0.7054
FHI,Federated Hermes Inc,Financial,Asset Management,10.83,9.79,19.61,18.21,-3.85,1.35,6.14,0.07,2.92,0.65,-13.320000000000002,2.89,583160.0,1.34,58.25,Jul 30/a,61.57,4350000000.0,HIGH,-8.04,-4.0,1.52,-2.73,0.119,False,-6.11,False,-3.85,2.428,3.001,-1.2712,-12.22,1.063,14.0,-8.85,31.0,-0.81,58.99,34429507.0,,,4.4,0.9033457249070632,0.7156133828996283,0.7211895910780669,0.7199504337050805,0.8934324659231723,0.5241635687732342,0.38413878562577447,0.7463,0.638,0.7602
WAFD,WaFd Inc,Financial,Banks - Regional,10.4,9.39,15.65,1.91,-1.8500000000000003,1.86,5.26,-9.78,6.619999999999999,0.87,-16.4,3.0,679310.0,2.32,33.01,Jul 16/a,37.25,2440000000.0,HIGH,-10.99,-1.95,1.95,-5.68,0.134,False,-5.99,False,-8.62,2.429,2.023,-1.4117,-14.89,2.786,42.0,-12.45,41.0,-11.83,33.61,26838651.0,,,10.8,0.8798017348203222,0.6294919454770755,0.6617100371747212,0.9913258983890955,0.9634448574969021,0.3420074349442379,0.2905824039653036,0.7446,0.6038,0.7941
GDYN,Grid Dynamics Holdings Inc,Technology,Information Technology Services,237.72,15.44,-43.61,6.99,-0.08,-8.67,7.57,28.03,30.92,0.96,-20.37,1.33,1940000.0,0.39,8.13,Jul 30/a,9.2,659560000.0,HIGH,9.73,4.31,1.33,15.04,0.0836,True,4.12,True,16.34,3.333,4.131,-2.1541,-2.37,0.678,1.0,3.13,31.0,19.45,8.23,8533884.0,,,11.8,0.6976456009913259,0.9739776951672863,0.8711276332094176,0.16852540272614622,0.8128872366790583,0.942998760842627,0.909541511771995,0.7445,0.869,0.6555
ORC,Orchid Island Capital Inc,Real Estate,REIT - Mortgage,4.09,5.88,251.29999999999998,95.82,0.0,2.47,10.28,-7.73,-16.23,1.56,-27.500000000000004,3.0,4840000.0,1.16,6.09,Jul 23/a,7.5,1220000000.0,HIGH,-6.6,-4.74,1.37,-1.29,0.092,False,-5.44,False,-6.0,1.823,2.408,-0.924,-11.25,0.981,18.0,-6.6,36.0,-4.74,6.23,27204319.0,,,20.4,0.9615861214374225,0.748451053283767,0.8451053283767038,0.6363073110285006,0.8401486988847584,0.42627013630731103,0.436183395291202,0.743,0.68,0.7161
WTI,W & T Offshore Inc,Energy,Oil & Gas E&P,,,156.44,32.89,-0.58,14.980000000000002,15.47,21.83,33.23,0.34,-18.7,1.0,4010000.0,1.24,4.13,Aug 05/a,5.05,623390000.0,HIGH,6.67,1.01,1.84,11.98,0.182,True,3.9,True,9.81,4.893,7.0,-2.822,-6.98,1.086,4.0,1.01,27.0,23.08,4.0,12654865.0,,,26.2,0.5315985130111525,0.8872366790582404,0.4628252788104089,0.741635687732342,0.9522924411400248,0.8798017348203222,0.8748451053283767,0.7426,0.7745,0.7763
LPG,Dorian LPG Ltd,Energy,Oil & Gas Midstream,7.54,13.03,1263.72,123.11000000000001,-2.7,4.39,5.11,35.03,91.69,0.67,1.55,1.5,669110.0,0.93,56.82,Aug 05/b,54.12,2430000000.0,HIGH,14.37,3.53,1.19,19.68,0.1884,True,7.48,True,18.79,3.303,3.115,-2.1451,-1.03,0.996,1.0,0.36,28.0,28.64,55.38,28709908.0,,,-2.3,0.701363073110285,0.9876084262701363,0.4399008674101611,0.6524163568773235,0.7193308550185874,0.9541511771995044,0.9368029739776952,0.7425,0.7225,0.7568
DCTH,Delcath Systems Inc,Healthcare,Medical Devices,2650.82,,0.15,20.6,0.0,5.3,6.98,37.15,64.83,0.59,-7.180000000000001,1.0,519820.00000000006,0.62,16.17,Aug 06/b,24.5,561080000.0,HIGH,-3.58,2.24,1.25,1.73,0.0948,False,-0.47,True,11.36,2.462,3.406,-1.7127,-5.63,0.702,22.0,-3.92,27.0,30.17,16.44,6697076.0,,,49.0,0.8339529120198265,0.9120198265179678,0.8351920693928129,0.19888475836431227,0.7546468401486989,0.8946716232961586,0.5780669144981413,0.7382,0.7082,0.6705
WT,WisdomTree Inc,Financial,Asset Management,42.42,16.65,67.69,57.31,-0.88,-0.22999999999999998,10.53,20.63,48.92,1.18,-14.7,1.71,2740000.0,1.83,22.1,Jul 31/b,24.33,3350000000.0,HIGH,-1.3,-6.67,1.53,4.01,0.1283,False,-4.71,True,4.75,4.773,5.704,-2.3645,-12.04,1.018,16.0,0.62,31.0,21.22,22.79,58069512.0,,,6.8,0.6431226765799256,0.724907063197026,0.6889714993804212,0.6747211895910781,0.8971499380421314,0.7955390334572491,0.6796778190830235,0.7374,0.7477,0.7526
NMIH,NMI Holdings Inc,Financial,Insurance - Specialty,8.56,7.98,13.750000000000002,8.12,-13.55,0.44,2.47,16.86,16.74,0.54,-6.890000000000001,1.57,523460.00000000006,1.64,43.52,Jul 30/a,49.17,3270000000.0,HIGH,-3.16,-0.59,0.82,2.15,0.0503,False,-1.66,True,0.73,1.78,1.405,-0.722,-5.61,0.943,22.0,-1.69,31.0,1.57,44.12,20390708.0,,,11.4,0.9950433705080545,0.9132589838909542,0.9733581164807931,0.5793060718711276,0.275092936802974,0.6877323420074349,0.5966542750929368,0.7373,0.6132,0.6343
AVAH,Aveanna Healthcare Holdings Inc,Healthcare,Medical Care Facilities,11.64,15.77,39.56,13.73,-43.86,7.1,4.73,97.93,108.3,1.93,-2.62,1.64,2820000.0,1.23,14.31,Aug 13/b,14.6,3120000000.0,HIGH,13.32,5.27,0.74,18.63,0.131,True,6.52,True,28.3,3.694,3.442,-2.0479,-2.14,1.207,2.0,3.75,22.0,58.9,14.38,46920483.0,,,1.5,0.7335811648079306,0.9776951672862454,0.6753407682775712,0.8426270136307311,0.19330855018587362,0.9851301115241635,0.9318463444857497,0.7346,0.6333,0.6887
HNI,HNI Corp,Consumer Cyclical,"Furnishings, Fixtures & Appliances",417.17,9.5,-30.75,120.72,-6.890000000000001,5.29,6.13,40.72,16.25,0.92,-12.990000000000002,1.0,646880.0,1.07,45.93,Jul 30/b,69.75,3320000000.0,HIGH,-3.35,-3.17,0.97,1.96,0.0914,False,-3.39,True,2.28,2.709,1.478,-1.775,-7.36,0.977,12.0,-6.45,32.0,9.16,46.7,24695090.0,,,49.4,0.8166047087980174,0.8748451053283767,0.8488228004956629,0.6301115241635687,0.4721189591078067,0.7391573729863693,0.590458488228005,0.7303,0.6325,0.6645
PRAA,PRA Group Inc,Financial,Credit Services,,5.31,40.54,12.94,0.0,-4.94,2.64,24.45,12.740000000000002,1.13,-14.46,2.33,542470.0,0.63,19.29,Aug 06/a,26.0,726230000.0,HIGH,-4.15,1.47,1.01,1.16,0.1011,True,0.85,True,4.54,3.511,3.971,-2.2782,-9.77,1.114,22.0,-0.97,26.0,6.83,19.39,6543850.0,,REVIEW,34.1,0.6691449814126395,0.8079306071871127,0.8104089219330854,0.7707558859975217,0.5285006195786865,0.79182156133829,0.5514250309789344,0.7298,0.6222,0.6901
DEC,Diversified Energy Co,Energy,Oil & Gas Integrated,,3.48,,,0.0,4.37,9.01,14.06,5.19,0.33,-20.58,1.15,1010000.0,0.51,15.01,Aug 05/a,24.57,1190000000.0,HIGH,3.41,-3.56,0.9,8.72,0.0979,False,-0.34,True,5.61,3.006,2.184,-1.5543,-6.36,0.949,7.0,-2.43,27.0,13.67,14.88,11888846.0,,,65.1,0.8562577447335812,0.8934324659231723,0.8258983890954151,0.5861214374225526,0.3847583643122677,0.8128872366790583,0.8283767038413878,0.7266,0.6945,0.66
SIBN,SI-BONE Inc,Healthcare,Medical Devices,,,36.09,15.18,-8.89,6.74,13.22,22.69,44.13,0.66,-15.259999999999998,1.0,573810.0,0.75,18.55,Aug 03/a,25.0,831390000.0,HIGH,0.05,0.43,0.95,5.36,0.1048,False,-1.75,True,2.3,3.503,2.674,-1.7505,-7.88,1.033,16.0,-4.0,29.0,1.41,18.7,11030118.0,,,33.7,0.8228004956629492,0.8574969021065675,0.7930607187112764,0.6914498141263941,0.44919454770755884,0.7410161090458488,0.7360594795539034,0.7258,0.6671,0.6761
STGW,Stagwell Inc,Communication Services,Advertising Agencies,147.29,7.07,-63.36999999999999,11.53,-1.5700000000000003,-0.05,8.57,31.869999999999997,45.32,1.29,-9.01,1.5,1370000.0,1.25,8.69,Jul 30/b,9.86,2120000000.0,HIGH,1.15,1.5,1.18,6.46,0.0552,True,1.02,True,5.04,2.955,2.386,-2.0502,-7.85,0.769,24.0,-3.19,32.0,8.91,8.8,9340162.0,,,12.0,0.7323420074349443,0.8587360594795539,0.9640644361833953,0.28066914498141265,0.7106567534076828,0.80545229244114,0.7744733581164808,0.7253,0.8122,0.6323
CURB,Curbline Properties Corp,Real Estate,REIT - Retail,107.58,83.01,-35.79,52.98,-16.25,17.99,13.03,-3.9699999999999998,9.47,0.58,-9.05,1.6,1450000.0,1.15,29.24,Jul 28/b,33.83,3360000000.0,HIGH,-3.03,-2.02,0.88,2.28,0.0416,False,-1.95,False,-3.72,2.132,2.098,-0.7467,-9.55,0.997,39.0,-7.03,34.0,-7.8,29.08,43953528.0,,,16.3,0.9925650557620818,0.8128872366790583,0.9913258983890955,0.654275092936803,0.3618339529120198,0.5328376703841388,0.6009913258983891,0.7243,0.6463,0.6354
CIM,Chimera Investment Corp,Real Estate,REIT - Mortgage,,5.29,-128.21,28.32,0.0,0.71,2.94,-18.83,-17.91,1.77,-24.08,2.5,807920.0,1.82,10.86,Aug 05/b,13.5,909110000.0,HIGH,-5.62,-4.4,1.15,-0.31,0.0669,False,-3.64,False,-8.64,1.683,2.347,-0.9634,-19.18,1.562,54.0,-18.95,28.0,-6.5,11.08,9638450.0,,,21.8,0.952912019826518,0.5018587360594795,0.9281288723667905,0.9355638166047088,0.6809169764560099,0.3395291201982652,0.4826517967781908,0.7232,0.6758,0.7272
RDN,Radian Group Inc,Financial,Insurance - Specialty,9.09,6.85,-17.01,80.8,2.63,-0.55,4.06,2.37,7.969999999999999,0.69,-13.86,1.43,1180000.0,2.01,35.36,Aug 05/a,43.8,4680000000.0,HIGH,-3.24,-0.55,1.31,2.07,0.0447,False,-1.58,False,-4.23,1.787,1.757,-0.9465,-12.67,0.828,33.0,-8.71,27.0,-1.13,35.85,32179834.0,,,22.2,0.9553903345724907,0.701363073110285,0.9826517967781908,0.3847583643122677,0.7998760842627014,0.5018587360594795,0.5935563816604709,0.721,0.7722,0.6605
MH,McGraw Hill Inc,Consumer Defensive,Education & Training Services,27.33,6.38,9980.0,2.65,0.01,-3.2099999999999995,9.58,28.77,-2.65,-0.83,-26.39,1.23,790880.0,0.45,13.25,Aug 13/b,17.92,2530000000.0,HIGH,3.68,3.84,1.55,8.99,0.1226,True,1.96,True,13.94,3.884,5.098,-3.0781,-4.7,0.841,15.0,-0.45,22.0,14.14,13.24,7396424.0,,,35.3,0.4473358116480793,0.9343246592317225,0.7063197026022305,0.40954151177199505,0.9033457249070632,0.9244114002478315,0.8314745972738538,0.7209,0.8155,0.6712
OPCH,Option Care Health Inc,Healthcare,Medical Care Facilities,17.8,11.29,14.13,1.86,3.51,-40.46,8.61,10.79,-20.0,0.57,-36.09,1.79,2280000.0,1.11,23.52,Jul 29/b,28.58,3520000000.0,HIGH,2.65,1.05,0.93,7.96,0.0496,True,1.09,True,4.19,2.09,2.001,-1.2943,-3.89,0.771,25.0,0.84,33.0,6.72,23.99,39493374.0,,,19.1,0.8990086741016109,0.9516728624535316,0.976456009913259,0.2843866171003718,0.4250309789343247,0.7868649318463445,0.8128872366790583,0.7206,0.7456,0.5988
CCC,CCC Intelligent Solutions Holdings Inc,Technology,Software - Application,93.62,12.61,81.12,9.78,-0.02,0.91,9.42,42.55,10.37,0.47,-33.33,1.69,10300000.0,1.69,6.6,Jul 30/b,8.75,3890000000.0,HIGH,1.05,-4.52,2.14,6.36,0.1612,False,-6.44,True,2.28,4.481,5.621,-3.1054,-11.98,1.347,12.0,-7.4,32.0,11.74,6.76,75917244.0,,,29.4,0.4423791821561338,0.7286245353159851,0.5421313506815366,0.8909541511771994,0.9789343246592317,0.7391573729863693,0.7701363073110284,0.7204,0.7644,0.7629
WKC,World Kinect Corp,Energy,Oil & Gas Refining & Marketing,,13.87,115.48,50.47999999999999,-9.0,6.12,16.84,13.530000000000001,57.15,1.23,-13.83,3.67,1180000.0,0.79,35.5,Jul 23/a,37.67,1820000000.0,HIGH,-1.77,-1.05,1.29,3.54,0.0438,False,-1.61,False,-3.87,2.587,3.37,-0.9505,-15.02,0.867,36.0,-3.47,36.0,-3.47,35.01,31519030.0,,,7.6,0.9541511771995044,0.6195786864931846,0.9851301115241635,0.45229244114002476,0.7874845105328376,0.5229244114002478,0.6555142503097894,0.7203,0.794,0.6792
HOPE,Hope Bancorp Inc,Financial,Banks - Regional,14.19,9.38,218.18,17.81,-1.12,-0.1,5.17,8.37,30.409999999999997,0.84,-3.32,2.0,1040000.0,0.84,14.11,Jul 27/b,15.5,1800000000.0,HIGH,-2.16,0.5,1.02,3.15,0.0439,True,0.59,True,1.17,1.729,1.495,-0.9673,-3.7,0.683,22.0,-1.75,35.0,4.46,14.05,10512159.0,,,10.3,0.9516728624535316,0.9566294919454771,0.9838909541511772,0.17657992565055763,0.5408921933085502,0.711276332094176,0.6381660470879802,0.7202,0.7127,0.5951
HIW,Highwoods Properties Inc,Real Estate,REIT - Office,20.58,44.88,401.14,7.93,0.0,11.63,10.71,4.38,43.34,1.07,-13.19,2.8,1570000.0,0.83,30.76,Jul 28/a,32.33,3390000000.0,HIGH,0.0,0.52,1.22,5.31,0.0607,False,-1.13,False,-3.75,2.076,1.598,-1.2335,-13.49,0.905,33.0,-8.86,33.0,-8.86,30.66,31439986.0,,,5.4,0.909541511771995,0.6753407682775713,0.9448574969021065,0.5179677819083024,0.7385377942998761,0.530359355638166,0.7317224287484511,0.7194,0.7977,0.6741
MFA,MFA Financial Inc,Real Estate,REIT - Mortgage,8.43,6.03,60.08,47.94,0.0,-0.1,4.66,-9.84,-15.190000000000001,1.52,-19.18,2.0,1590000.0,0.98,8.43,Aug 05/b,10.38,852170000.0,HIGH,-7.14,-4.51,1.14,-1.83,0.0764,False,-4.22,False,-6.88,1.714,2.009,-1.0305,-14.29,1.089,54.0,-13.76,28.0,-6.62,8.46,12435304.0,,,22.7,0.9368029739776952,0.6505576208178439,0.8946716232961586,0.7472118959107806,0.6703841387856257,0.40024783147459725,0.41697645600991323,0.7166,0.6363,0.6887
AVPT,AvePoint Inc,Technology,Software - Infrastructure,43.05,27.43,957.63,22.03,-0.17,5.33,7.52,24.72,29.23,1.17,-15.32,1.57,2200000.0,0.94,13.6,Aug 06/a,16.72,2880000000.0,HIGH,2.64,3.23,1.43,7.95,0.118,True,1.83,True,4.05,3.571,6.324,-2.9257,-5.46,0.889,12.0,2.95,26.0,6.33,13.6,20602782.0,,,22.9,0.5074349442379182,0.919454770755886,0.7255266418835192,0.49380421313506817,0.8674101610904585,0.7843866171003717,0.8116480793060719,0.7163,0.8025,0.6633
ACCO,Acco Brands Corp,Industrials,Business Equipment & Supplies,6.85,4.41,-52.96999999999999,5.14,-2.19,0.42,7.03,8.14,31.17,1.17,-6.77,1.0,759820.0,0.9,4.25,Jul 30/a,8.0,392300000.0,HIGH,0.24,-2.3,0.74,5.55,0.055,False,-0.64,True,0.99,2.746,2.358,-1.3603,-7.02,0.993,6.0,-2.3,31.0,0.47,4.24,2921312.0,,,88.7,0.8897149938042132,0.8847583643122676,0.9659231722428748,0.6493184634448576,0.19330855018587362,0.7001239157372986,0.7410161090458488,0.7139,0.6442,0.6081
CHEF,Chefs' Warehouse Inc,Consumer Defensive,Food Distribution,50.62,34.63,55.46,12.920000000000002,-6.52,-1.25,13.64,13.18,66.16,1.44,-9.51,1.44,659700.0,1.05,106.46,Jul 29/b,120.33,4340000000.0,HIGH,2.05,3.66,0.7,7.36,0.085,True,1.18,True,6.28,3.323,3.713,-1.9953,-4.09,1.08,9.0,0.33,33.0,12.64,112.84,72768460.0,,,6.6,0.7509293680297398,0.9479553903345725,0.8674101610904585,0.7323420074349443,0.14869888475836432,0.8228004956629492,0.7899628252788105,0.7117,0.6208,0.6137
COLD,Americold Realty Trust Inc,Real Estate,REIT - Industrial,,128.98,-22229.63,1.87,-0.2,-6.94,9.3,2.96,31.52,0.92,-11.26,2.59,3940000.0,0.98,14.98,Aug 06/b,16.38,4280000000.0000005,HIGH,3.24,7.08,1.17,8.55,0.1332,True,1.63,True,0.4,3.189,3.641,-2.058,-11.32,1.092,14.0,-0.93,27.0,6.7,14.97,52157423.0,,,9.4,0.7286245353159851,0.7428748451053284,0.6641883519206939,0.7490706319702602,0.7026022304832714,0.6753407682775713,0.8228004956629492,0.7105,0.7392,0.7139
WTTR,Select Water Solutions Inc,Energy,Oil & Gas Equipment & Services,77.33,28.27,61.95,8.67,-37.58,3.4799999999999995,4.33,11.97,45.97,1.0,-8.34,1.17,1750000.0,0.71,20.67,Aug 04/a,24.43,2670000000.0,HIGH,-5.96,-3.61,1.36,-0.65,0.1293,True,0.08,True,0.85,3.711,4.04,-2.0388,-11.09,0.926,28.0,8.38,28.0,8.38,20.05,25798167.0,,,21.8,0.7372986369268897,0.7571251548946716,0.6840148698884758,0.5557620817843866,0.8308550185873605,0.69454770755886,0.46592317224287483,0.7099,0.6408,0.7046
CXT,Crane NXT Co,Industrials,Business Equipment & Supplies,19.66,10.11,41.93,21.96,0.35,11.47,16.14,11.81,13.140000000000002,1.07,-31.1,1.43,779170.0,0.76,47.54,Aug 05/a,70.17,2740000000.0,HIGH,-1.03,0.42,1.15,4.28,0.0685,False,-0.13,False,-2.51,2.94,4.035,-2.1364,-13.78,1.045,2.0,-1.11,27.0,-4.89,49.81,23899363.0,,,40.9,0.7026022304832714,0.6598513011152416,0.9244114002478314,0.7044609665427509,0.6809169764560099,0.5848822800495663,0.6908302354399009,0.7095,0.7579,0.6682
HPK,HighPeak Energy Inc,Energy,Oil & Gas E&P,,,215.25,35.94,0.0,25.290000000000003,40.86,13.239999999999998,32.92,0.36,-5.35,5.0,501290.0,0.8,8.64,Aug 10/a,6.0,1090000000.0,HIGH,6.35,2.82,1.0,11.66,0.1038,True,2.85,True,10.4,4.851,6.325,-2.4669,-8.2,0.939,3.0,2.07,24.0,5.81,8.38,2847207.0,,,-28.4,0.6183395291201983,0.8426270136307311,0.7967781908302354,0.5774473358116481,0.516728624535316,0.8872366790582404,0.8698884758364313,0.7065,0.742,0.6499
AVNT,Avient Corp,Basic Materials,Specialty Chemicals,22.17,11.6,22.25,5.83,0.0,2.46,4.28,9.14,19.27,1.29,-12.16,1.56,882000.0,0.9,40.97,Aug 06/b,50.75,3760000000.0,HIGH,-9.32,-3.4,1.28,-4.01,0.1137,False,-5.34,True,1.16,2.905,2.478,-1.7238,-11.75,0.856,22.0,-9.2,27.0,8.54,41.16,30316210.0,,,23.3,0.8327137546468402,0.7311028500619579,0.7447335811648079,0.436183395291202,0.781908302354399,0.7100371747211895,0.3426270136307311,0.7061,0.595,0.6902
OCFC,OceanFirst Financial Corp,Financial,Banks - Regional,21.88,8.15,-115.36,32.13,-0.8500000000000001,28.65,5.58,2.48,4.2,0.98,-9.75,2.14,997670.0,0.79,18.6,Jul 30/a,22.08,1830000000.0,HIGH,-4.94,-1.43,0.87,0.37,0.063,False,-1.76,False,-3.21,1.84,1.5,-1.196,-8.17,0.974,42.0,-4.4,31.0,-3.31,18.67,17642480.0,,,18.3,0.9182156133828996,0.8444857496902106,0.9392812887236679,0.6245353159851301,0.34820322180916974,0.5563816604708798,0.5173482032218092,0.7052,0.5932,0.6118
DSGN,Design Therapeutics Inc,Healthcare,Biotechnology,,,3.8699999999999997,,0.0,26.8,16.03,9.74,11.24,1.68,-29.13,1.0,702180.0,1.82,12.23,Aug 03/b,21.0,765060000.0,HIGH,-10.46,-11.23,1.9,-5.15,0.1294,False,-10.71,False,-4.02,4.954,9.837,-2.6899,-16.13,1.435,21.0,-6.05,30.0,11.0,13.52,9962651.0,,,55.3,0.5662949194547707,0.5836431226765799,0.6827757125154894,0.9157372986369269,0.9603469640644362,0.5154894671623296,0.30545229244114,0.704,0.6151,0.7395
HTGC,Hercules Capital Inc,Financial,Asset Management,8.86,9.04,49.93,96.41,1.19,,4.73,14.35,26.530000000000005,0.77,-8.22,1.22,1520000.0,0.84,17.64,Jul 30/a,19.5,3300000000.0,HIGH,6.29,-0.79,0.65,11.6,0.0825,True,1.02,True,5.03,1.568,1.308,-0.8295,-1.95,0.871,9.0,-0.34,31.0,10.29,17.58,26828559.0,,,10.9,0.9863692688971499,0.9801734820322181,0.8742255266418835,0.459727385377943,0.11895910780669144,0.8035935563816605,0.8686493184634448,0.7038,0.6454,0.5922
DK,Delek US Holdings Inc,Energy,Oil & Gas Refining & Marketing,21.97,9.38,254.25999999999996,47.83,-31.19,-2.37,9.85,74.69,89.98,0.6,-1.27,2.0,1480000.0,1.2,78.14,Aug 05/b,75.0,4780000000.0,HIGH,10.8,-1.59,1.24,16.11,0.1934,True,4.44,True,13.14,5.823,7.748,-3.7224,-5.91,1.62,2.0,-0.56,28.0,24.64,74.47,138382021.0,,,0.7,0.2874845105328377,0.9033457249070632,0.4188351920693928,0.9491945477075588,0.7478314745972738,0.9157372986369269,0.919454770755886,0.7037,0.7178,0.7251
BFH,Bread Financial Holdings Inc,Financial,Credit Services,8.42,7.91,20.14,3.66,-2.26,-9.32,8.3,5.02,53.959999999999994,1.13,-6.01,2.06,591040.0,1.24,107.65,Jul 23/b,117.69,4139999999.9999995,HIGH,-1.82,0.95,1.06,3.49,0.0917,True,1.85,True,3.34,3.306,2.252,-2.2738,-4.63,0.841,21.0,-2.15,37.0,7.22,109.23,47260726.0,,REVIEW,7.7,0.6703841387856257,0.9368029739776952,0.8463444857496902,0.40954151177199505,0.5867410161090458,0.7695167286245354,0.6530359355638166,0.7032,0.6911,0.609
NVST,Envista Holdings Corp,Healthcare,Medical Instruments & Supplies,42.96,14.81,110.55,7.1,-0.21,6.14,7.26,0.2,-1.16,0.88,-18.7,2.12,2670000.0,1.78,24.73,Aug 05/a,30.79,3970000000.0,HIGH,-6.69,-3.8,1.13,-1.38,0.0993,False,-4.63,False,-4.92,2.99,2.656,-1.3858,-11.07,0.973,23.0,-9.57,27.0,-5.81,25.79,59072259.0,,,19.4,0.8847583643122676,0.7596034696406444,0.8178438661710037,0.6226765799256505,0.6635687732342007,0.46716232961586124,0.4275092936802974,0.7026,0.6154,0.6595
TDW,Tidewater Inc,Energy,Oil & Gas Equipment & Services,18.56,14.95,-70.37,0.25,-1.59,11.28,13.02,23.46,23.61,0.6,-9.63,2.27,717540.0,1.17,91.79,Aug 03/a,93.9,4570000000.0,HIGH,-5.74,-3.72,1.43,-0.43,0.1105,False,-5.34,True,4.97,4.599,5.678,-2.7968,-12.8,0.918,8.0,-7.83,29.0,23.92,88.58,55264888.0,,,6.0,0.5390334572490706,0.6988847583643123,0.7645600991325898,0.5371747211895911,0.8674101610904585,0.8004956629491945,0.4752168525402726,0.7013,0.6797,0.686
EBC,Eastern Bankshares Inc,Financial,Banks - Regional,12.39,10.26,-4.73,26.36,-0.62,11.27,7.43,7.049999999999999,15.229999999999999,0.7,-8.05,1.5,3110000.0,0.54,21.86,Jul 23/a,25.13,5000000000.0,HIGH,-7.65,0.46,1.06,-2.34,0.1106,False,-2.1,False,-3.62,2.142,1.511,-1.1742,-8.14,0.922,21.0,-7.14,36.0,-3.45,21.84,42785299.0,,,15.1,0.9206939281288724,0.8469640644361834,0.7633209417596034,0.547087980173482,0.5867410161090458,0.5421313506815365,0.3940520446096654,0.7012,0.5626,0.6492
PFS,Provident Financial Services Inc,Financial,Banks - Regional,9.74,8.97,8.65,4.33,-1.1,1.6500000000000001,4.41,1.04,14.529999999999998,0.82,-8.47,1.67,968020.0,0.94,23.33,Jul 29/a,27.58,3040000000.0,HIGH,-5.01,-0.38,1.01,0.3,0.0638,False,-0.96,False,-2.53,1.625,1.285,-1.0382,-8.43,0.829,30.0,-5.43,32.0,-3.03,23.34,17081749.0,,,18.2,0.9355638166047088,0.8358116480793061,0.9355638166047088,0.3872366790582404,0.5285006195786865,0.5836431226765799,0.5130111524163569,0.7011,0.6444,0.6087
PMT,Pennymac Mortgage Investment Trust,Real Estate,REIT - Mortgage,6.29,6.49,756.3,17.26,-0.45999999999999996,5.45,10.68,-11.44,-22.92,1.16,-34.97,2.75,1510000.0,1.78,8.98,Jul 29/a,10.67,783080000.0,HIGH,-5.93,-5.83,1.39,-0.62,0.0726,False,-3.5,False,-5.97,1.878,2.099,-1.3764,-20.75,1.003,54.0,-15.97,32.0,-2.79,9.05,11433266.0,,,17.9,0.8872366790582404,0.46096654275092935,0.9101610904584883,0.6617100371747212,0.8531598513011153,0.4275092936802974,0.46716232961586124,0.7001,0.7159,0.7074
GRAL,GRAIL Inc,Healthcare,Diagnostics & Research,,,19.7,25.72,-8.32,5.5,20.29,26.890000000000004,65.88,3.31,-36.14,2.1,638800.0,2.37,75.89,Aug 05/a,77.0,3390000000.0,HIGH,7.98,-4.51,1.75,13.29,0.1738,False,-3.17,True,2.91,5.454,4.104,-3.0672,-11.65,1.163,14.0,-1.37,27.0,19.13,75.53,50908629.0,,,1.9,0.4510532837670384,0.734820322180917,0.49194547707558856,0.8203221809169765,0.9399008674101611,0.7596034696406444,0.8909541511771994,0.6996,0.7859,0.7427
STIM,Neuronetics Inc,Healthcare,Medical Devices,,,69.26,9.08,8.08,-9.64,23.09,120.46999999999998,105.88,1.17,-18.6,1.0,2210000.0,0.74,2.8,Aug 11/b,5.75,213350000.0,HIGH,-11.16,-0.85,5.46,-5.85,0.179,False,-2.16,True,19.56,6.587,13.081,-2.666,-15.55,0.95,21.0,-4.13,24.0,33.87,2.9,3923083.0,,,98.3,0.573729863692689,0.6009913258983891,0.47335811648079307,0.5892193308550185,0.9962825278810409,0.9578686493184635,0.28376703841387857,0.6986,0.5544,0.7793
NSP,Insperity Inc,Industrials,Staffing & Employment Services,,19.1,177.96,1.69,26.039999999999996,3.1,8.75,42.24,137.2,0.56,-7.84,3.0,589820.0,0.62,51.52,Jul 29/a,51.75,1970000000.0,HIGH,0.99,2.68,1.52,6.3,0.0901,False,-1.12,True,0.9,4.801,4.18,-2.2138,-8.84,0.717,34.0,1.41,32.0,-4.17,50.96,16297954.0,,,1.6,0.6827757125154895,0.8302354399008675,0.8525402726146221,0.22057001239157373,0.8934324659231723,0.6976456009913259,0.7657992565055762,0.6962,0.8301,0.6236
ADAM,Adamas Trust Inc,Real Estate,REIT - Mortgage,5.33,8.66,1318.13,34.52,0.0,0.98,3.72,-3.5000000000000004,13.930000000000001,1.25,-13.56,2.33,894790.0,1.03,8.95,Jul 29/a,9.75,804880000.0,HIGH,-10.87,-7.11,1.09,-5.56,0.1307,False,-7.15,False,-4.35,2.13,2.661,-1.2119,-12.93,1.117,24.0,-7.87,32.0,4.28,9.02,7401675.0,,,8.1,0.9132589838909542,0.6889714993804213,0.6765799256505576,0.7738537794299876,0.627633209417596,0.4969021065675341,0.2949194547707559,0.6962,0.5092,0.7029
UMH,UMH Properties Inc,Real Estate,REIT - Residential,124.36,101.1,72.58,7.5,0.05,-2.73,4.86,3.52,5.77,0.97,-7.16,1.44,640850.0,0.98,15.57,Aug 05/a,18.88,1330000000.0,HIGH,-3.1,-1.39,0.95,2.21,0.0968,False,-3.33,False,-1.16,1.777,1.343,-0.9765,-6.74,0.851,13.0,-5.56,27.0,2.89,15.64,11001811.0,,,20.7,0.9479553903345725,0.8921933085501859,0.8302354399008673,0.4256505576208178,0.44919454770755884,0.6294919454770755,0.5997521685254027,0.6958,0.6237,0.6131
PRDO,Perdoceo Education Corp,Consumer Defensive,Education & Training Services,11.96,10.59,22.43,1.8000000000000003,-13.33,2.02,7.29,1.86,-5.05,0.71,-14.49,1.0,699340.0,0.73,32.92,Aug 06/a,44.0,2060000000.0,HIGH,3.18,-0.09,1.06,8.49,0.0476,True,0.03,True,0.51,2.943,4.537,-0.8154,-10.84,0.682,47.0,-5.76,26.0,1.88,33.06,17676770.0,,,33.1,0.9876084262701363,0.7695167286245354,0.9789343246592317,0.17410161090458487,0.5867410161090458,0.677819083023544,0.8215613382899628,0.6958,0.7983,0.6066
CLBK,Columbia Financial Inc,Financial,Banks - Regional,44.38,32.94,17.88,5.15,0.0,4.2,7.25,26.07,45.2,0.26,-3.92,1.0,5120000.0,0.72,11.53,Jul 30/a,14.17,3110000000.0,HIGH,-2.4,-1.98,0.94,2.91,0.0391,False,-2.08,True,3.26,2.043,2.325,-0.8889,-5.0,0.562,19.0,-2.4,31.0,5.46,11.4,37464894.0,,,24.3,0.9727385377942999,0.929368029739777,0.9925650557620818,0.0724907063197026,0.4392812887236679,0.7657992565055762,0.6220570012391574,0.6954,0.6784,0.5626
PD,Pagerduty Inc,Technology,Software - Application,7.27,9.89,-42.49,0.83,-9.91,0.4,11.34,61.75999999999999,109.08,0.97,-14.19,2.8,1680000.0,0.73,14.51,Aug 27/a,12.64,1140000000.0,HIGH,26.84,11.41,1.27,32.15,0.2888,True,12.97,True,27.74,4.402,4.515,-2.9435,-0.07,1.071,1.0,5.32,11.0,17.5,14.84,21824359.0,,,-14.8,0.49814126394052044,0.9987608426270136,0.18463444857496902,0.7261462205700124,0.7763320941759604,0.9838909541511772,0.976456009913259,0.6947,0.6789,0.7461
LXU,LSB Industries Inc,Basic Materials,Chemicals,22.51,15.53,-304.8,11.1,-22.12,1.43,6.26,-4.27,-22.73,0.42,-33.66,2.0,812270.0,1.08,11.42,Jul 29/a,13.5,822210000.0,HIGH,5.33,-2.56,1.41,10.64,0.1835,True,1.28,True,1.83,4.689,8.499,-2.7849,-10.73,1.15,4.0,-2.56,32.0,0.18,11.06,8047978.0,,,22.1,0.5439900867410161,0.7719950433705081,0.4560099132589839,0.8097893432465924,0.8574969021065675,0.7286245353159851,0.8612143742255266,0.6947,0.7385,0.735
MWA,Mueller Water Products Inc,Industrials,Specialty Industrial Machinery,16.15,14.18,28.24,4.1,-4.45,1.06,3.69,-11.55,-17.56,0.99,-26.419999999999998,2.57,1160000.0,1.39,22.81,Aug 05/a,31.0,3560000000.0,HIGH,-8.34,-2.86,1.4,-3.03,0.1115,False,-5.36,False,-7.79,2.33,3.726,-1.3818,-20.19,1.176,27.0,-12.61,27.0,-12.61,23.08,25451528.0,,,34.3,0.885997521685254,0.4721189591078067,0.7552664188351921,0.8283767038413878,0.8550185873605948,0.3667905824039653,0.37174721189591076,0.6939,0.6318,0.734
NHI,National Health Investors Inc,Real Estate,REIT - Healthcare Facilities,20.06,22.18,45.25,33.67,0.2,6.52,4.7,-1.9799999999999998,-19.64,0.51,-24.16,1.67,562020.0,0.52,69.3,Aug 10/a,81.56,3400000000.0,HIGH,-4.14,-1.47,0.96,1.17,0.073,False,-2.44,False,-5.81,1.7,1.833,-0.8948,-13.51,1.062,39.0,-11.22,24.0,0.6,70.37,22370288.0,,,15.9,0.9714993804213135,0.6716232961586122,0.9070631970260223,0.718091697645601,0.4591078066914498,0.43370508054522927,0.5526641883519207,0.6935,0.6309,0.6456
ANGX,Angel Studios Inc,Communication Services,Entertainment,,,51.96999999999999,,1.63,11.88,5.73,64.17,36.88,-0.34,-72.12,1.0,1450000.0,1.84,5.27,Aug 04/a,8.33,984200000.0,HIGH,16.35,12.76,1.49,21.66,0.3243,True,17.26,True,26.52,5.051,5.201,-3.9576,-3.09,1.565,5.0,19.65,28.0,29.25,5.48,7595307.0,,,52.0,0.24411400247831475,0.9615861214374225,0.14745972738537794,0.9368029739776952,0.8866171003717472,0.9826517967781908,0.9491945477075588,0.6932,0.6899,0.7625
IVR,Invesco Mortgage Capital Inc,Real Estate,REIT - Mortgage,4.42,3.74,183.35,37.92,0.53,8.51,8.25,-18.98,-19.88,1.63,-31.259999999999998,2.83,2780000.0,1.21,6.53,Jul 30/a,8.17,702890000.0,HIGH,-11.3,-7.1,1.77,-5.99,0.1419,False,-8.19,False,-11.19,2.099,2.849,-1.0152,-18.76,1.317,,,31.0,-9.99,6.67,19567964.0,,,22.5,0.9405204460966543,0.5130111524163569,0.630731102850062,0.8810408921933085,0.9442379182156134,0.24535315985130113,0.2812887236679058,0.6925,0.585,0.7528
PTEN,Patterson-UTI Energy Inc,Energy,Oil & Gas Drilling,,46.1,59.53000000000001,0.71,-17.26,1.33,10.3,19.23,25.35,0.76,-5.08,2.12,9090000.0,0.83,12.71,Jul 29/a,14.07,4850000000.0,HIGH,1.64,-1.9,1.09,6.95,0.136,True,0.14,True,13.2,4.71,5.717,-2.8718,-7.24,0.923,11.0,1.31,32.0,33.12,12.42,98835610.0,,,13.3,0.5179677819083024,0.8773234200743495,0.6586121437422552,0.5508054522924412,0.627633209417596,0.9169764560099133,0.781908302354399,0.6916,0.6986,0.6533
PBLS,Parabilis Medicines Inc,Healthcare,Biotechnology,,,,,91.17,113.62,7.12,42.82,,,-13.91,1.0,535240.0,0.83,35.72,Aug 13/b,41.75,4410000000.0,HIGH,-2.85,-9.08,1.12,2.46,0.1424,False,-7.26,True,3.19,5.284,5.476,-2.7923,-12.85,1.251,19.0,-2.85,22.0,1.37,36.16,16694986.0,,,15.5,0.540272614622057,0.6951672862453532,0.6270136307311028,0.8581164807930607,0.6561338289962825,0.7620817843866171,0.6084262701363073,0.6898,0.6283,0.7042
BCO,Brink's Co,Industrials,Security & Protection Services,25.18,10.51,3.8,7.06,0.0,11.98,11.87,8.25,2.61,0.95,-20.18,1.0,505580.0,0.72,108.85,Aug 05/b,150.5,4480000000.0,HIGH,-1.8,3.61,1.15,3.51,0.0734,False,-0.46,False,-2.88,3.037,4.594,-2.0527,-12.1,0.903,39.0,-8.62,28.0,-5.62,109.28,42338551.0,,REVIEW,37.7,0.7311028500619579,0.7211895910780669,0.9045848822800495,0.5142503097893433,0.6809169764560099,0.5786864931846345,0.654275092936803,0.6885,0.7374,0.6262
BV,BrightView Holdings Inc,Industrials,Specialty Business Services,,17.84,-119.75,1.31,0.2,0.22,5.67,-14.580000000000002,-9.84,1.18,-27.33,1.82,1040000.0,0.68,10.9,Aug 04/a,15.45,1010000000.0,HIGH,-0.88,0.63,1.96,4.43,0.0545,True,0.31,False,-9.85,2.678,2.756,-1.7479,-25.0,1.039,42.0,-21.87,28.0,6.13,11.25,9571526.0,,,37.3,0.8240396530359355,0.36988847583643125,0.9677819083023544,0.6988847583643123,0.966542750929368,0.29739776951672864,0.7001239157372986,0.6874,0.8603,0.6967
OLLI,Ollies Bargain Outlet Holdings Inc,Consumer Defensive,Discount Stores,16.4,14.85,42.99,9.09,-5.81,3.56,13.11,-13.65,-31.17,0.43,-47.27,1.47,1950000.0,0.83,73.4,Sep 02/b,99.93,4360000000.0,HIGH,2.79,0.18,1.17,8.1,0.1101,True,3.1,True,6.47,4.701,6.284,-3.2309,-5.84,0.901,26.0,-1.22,8.0,6.47,77.02,136747233.0,,,29.7,0.4076827757125155,0.9070631970260223,0.7657992565055762,0.5130111524163569,0.7026022304832714,0.8277571251548946,0.8166047087980174,0.6873,0.7672,0.6128
ARVN,Arvinas Inc,Healthcare,Biotechnology,51.5,,407.54,1014.7299999999999,-0.88,1.14,8.04,10.28,-32.74,1.8,-43.07,2.31,771100.0,3.27,8.26,Aug 04/b,13.93,540090000.0,HIGH,-8.7,-7.49,2.27,-3.39,0.1526,False,-8.39,False,-3.64,4.073,3.69,-2.873,-13.76,1.203,20.0,-6.35,29.0,4.22,8.4,5898093.0,,,65.8,0.516728624535316,0.6623296158612144,0.5786864931846345,0.8370508054522925,0.9869888475836431,0.5384138785625775,0.3593556381660471,0.6867,0.6134,0.7198
NTCT,Netscout Systems Inc,Technology,Software - Infrastructure,23.4,13.25,670.57,12.68,-1.15,2.5,5.49,-5.86,27.140000000000004,0.7,-15.259999999999998,2.0,626970.0,1.05,38.37,Aug 06/b,47.67,2790000000.0,HIGH,-4.52,1.05,1.16,0.79,0.0759,False,-1.92,False,-6.11,2.406,2.034,-1.283,-17.47,1.0,47.0,-13.09,27.0,-6.88,37.37,22982930.0,,,27.6,0.9008674101610905,0.5452292441140025,0.8971499380421314,0.6592317224287485,0.6939281288723668,0.4225526641883519,0.5340768277571252,0.6865,0.691,0.6691
SITE,SiteOne Landscape Supply Inc,Industrials,Industrial Distribution,23.97,17.33,9.75,4.73,1.73,-4.51,7.14,-18.33,-32.11,1.39,-48.03,1.79,857660.0,1.95,87.6,Jul 29/b,127.5,3820000000.0,HIGH,-6.6,-10.23,1.68,-1.29,0.1034,False,-7.24,False,-10.42,3.282,5.088,-1.8869,-24.18,1.566,,,33.0,-4.74,89.34,77712355.0,,,42.7,0.7843866171003717,0.3903345724907063,0.7980173482032218,0.9380421313506815,0.926270136307311,0.28004956629491945,0.436183395291202,0.6862,0.6918,0.7322
SBGI,Sinclair Inc,Communication Services,Broadcasting,18.32,,-14.529999999999998,7.139999999999999,-0.34,4.01,8.95,5.06,0.36,1.09,-21.09,3.0,527930.0,0.58,14.11,Aug 05/a,18.17,1020000000.0,HIGH,0.98,4.28,1.16,6.29,0.0915,True,1.78,True,1.98,3.246,4.1,-1.9033,-11.72,0.791,21.0,0.77,27.0,3.45,14.39,5509665.0,,,26.3,0.7781908302354399,0.7323420074349443,0.8475836431226766,0.31722428748451054,0.6939281288723668,0.7323420074349443,0.7645600991325898,0.6836,0.7683,0.6304
EWTX,Edgewise Therapeutics Inc,Healthcare,Biotechnology,,,-54.67999999999999,,-1.35,-0.68,11.41,23.91,46.51,0.34,-9.86,1.31,1310000.0,2.27,43.63,Aug 06/b,51.69,4740000000.0,HIGH,1.32,1.83,1.0,6.63,0.1058,True,2.28,True,4.77,4.221,3.922,-2.5513,-7.81,0.918,18.0,1.16,27.0,0.45,44.62,48447958.0,,,15.8,0.5960346964064436,0.8605947955390335,0.7893432465923172,0.5371747211895911,0.516728624535316,0.7967781908302355,0.7769516728624535,0.6828,0.7026,0.6117
BIPC,Brookfield Infrastructure Corp,Utilities,Utilities - Regulated Gas,,17.25,83.1,8.55,0.0,3.61,7.82,-13.13,-23.88,1.31,-31.94,5.0,1070000.0,1.45,35.2,Jul 30/b,50.0,4790000000.0,HIGH,-9.32,-4.48,1.71,-4.01,0.136,False,-6.36,False,-9.49,2.645,5.221,-1.487,-20.8,1.245,34.0,-12.4,32.0,-15.9,35.82,41210132.0,,,39.6,0.8686493184634448,0.45848822800495664,0.6586121437422552,0.8550185873605948,0.9312267657992565,0.31784386617100374,0.3426270136307311,0.6816,0.614,0.7432
GSBD,Goldman Sachs BDC Inc,Financial,Asset Management,18.7,8.17,-37.23,977.6299999999999,37.32,,5.68,4.3,6.72,0.67,-13.51,3.6,924240.0,0.6,9.64,Aug 06/a,9.19,1090000000.0,HIGH,-1.53,-0.52,0.75,3.78,0.0796,False,-2.69,True,2.81,2.286,1.765,-1.1151,-7.18,0.852,10.0,-4.94,26.0,5.94,9.63,7944531.0,,,-4.6,0.9268897149938042,0.8798017348203222,0.8847583643122676,0.42874845105328374,0.20817843866171004,0.7558859975216853,0.6629491945477075,0.6807,0.5931,0.5799
PFLT,PennantPark Floating Rate Capital Ltd,Financial,Asset Management,13.86,6.62,-60.72,112.49,0.66,,3.89,-9.57,-13.11,0.79,-30.269999999999996,1.57,1080000.0,0.56,7.02,Aug 10/a,9.75,696510000.0,HIGH,-1.93,-2.06,0.97,3.38,0.0675,False,-2.88,False,-1.7,1.816,1.124,-0.9388,-7.53,0.728,22.0,-4.81,24.0,-3.78,7.12,5489117.0,,,36.9,0.9591078066914498,0.8674101610904585,0.9256505576208178,0.23048327137546468,0.4721189591078067,0.614002478314746,0.6468401486988847,0.6781,0.6781,0.5689
PRCT,Procept BioRobotics Corp,Healthcare,Medical Devices,,,-33.31,19.34,0.59,-3.6000000000000005,13.27,-16.88,-31.05,0.9,-51.86999999999999,2.53,1580000.0,1.26,19.3,Aug 04/a,21.64,1110000000.0,HIGH,-0.33,-1.55,1.6,4.98,0.1147,False,-0.81,True,4.01,5.238,4.377,-3.5093,-13.14,0.963,25.0,2.99,28.0,14.99,21.02,22220900.0,,,2.9,0.3382899628252788,0.6827757125154895,0.7422552664188352,0.6059479553903345,0.9151177199504337,0.7831474597273854,0.7224287484510533,0.6779,0.7862,0.6606
FFBC,First Financial Bancorp,Financial,Banks - Regional,11.54,9.67,-0.34,12.98,-5.75,1.07,5.3,3.03,21.4,0.94,-9.86,2.29,952570.0,0.79,32.67,Jul 21/a,37.57,3430000000.0,HIGH,-4.18,0.4,0.98,1.13,0.0574,False,-0.26,False,-2.86,1.56,1.374,-1.0521,-9.68,0.772,43.0,-4.35,38.0,-3.59,32.74,21914555.0,,,14.8,0.9343246592317225,0.8104089219330854,0.9578686493184635,0.2874845105328377,0.4882280049566295,0.5799256505576208,0.5489467162329615,0.6764,0.6534,0.5725
IVT,InvenTrust Properties Corp,Real Estate,REIT - Retail,160.81,,-98.58,12.520000000000001,0.0,12.37,7.66,-9.79,-1.39,0.86,-16.09,1.75,888620.0,0.79,31.23,Aug 03/a,37.29,2440000000.0,HIGH,-5.06,-2.7,0.98,0.25,0.0564,False,-2.78,False,-6.94,1.821,2.269,-0.5534,-14.75,0.936,42.0,-10.19,29.0,-6.9,31.73,17845313.0,,,17.5,1.0,0.6344485749690211,0.9603469640644362,0.573729863692689,0.4882280049566295,0.3990086741016109,0.5092936802973977,0.676,0.6383,0.6152
GRND,Grindr Inc,Technology,Software - Application,29.9,19.49,18.97,32.54,-0.14,-2.4,28.22,21.54,24.39,0.19,-17.03,1.33,1630000.0,0.52,15.35,Aug 06/a,20.8,2670000000.0,HIGH,-0.51,1.75,1.06,4.8,0.0595,True,1.18,False,-0.96,3.184,2.734,-1.7762,-14.97,0.858,31.0,-7.2,26.0,-5.13,15.73,18069103.0,,,32.2,0.815365551425031,0.6239157372986369,0.9504337050805453,0.43804213135068154,0.5867410161090458,0.6394052044609665,0.7149938042131351,0.6757,0.7471,0.6199
APLE,Apple Hospitality REIT Inc,Real Estate,REIT - Hotel & Motel,20.83,21.24,6.05,4.73,0.03,-0.15,9.13,-4.4,31.069999999999997,0.93,-10.65,2.55,2840000.0,0.72,15.44,Aug 05/a,17.17,3650000000.0,HIGH,-2.7,1.44,1.18,2.61,0.1222,False,-3.31,False,-4.95,2.058,1.744,-1.4379,-10.42,0.897,39.0,-8.4,27.0,-3.19,15.48,35492854.0,,,10.9,0.8748451053283767,0.7856257744733581,0.7075588599752168,0.5080545229244114,0.7106567534076828,0.46406443618339527,0.6133828996282528,0.6751,0.6708,0.6394
OCTV,Octave Intelligence Plc,Technology,Software - Application,,13.62,,,0.0,34.64,1.62,3.0,,,-38.2,1.67,1720000.0,0.95,18.54,Aug 12/b,22.77,4980000000.0,HIGH,4.44,2.34,1.09,9.75,0.17,True,0.62,True,3.85,4.767,5.101,-3.3657,-8.55,1.47,11.0,-3.29,23.0,-1.36,18.82,43505465.0,,,21.0,0.3828996282527881,0.8339529120198265,0.5043370508054523,0.9231722428748451,0.627633209417596,0.7781908302354399,0.8451053283767038,0.675,0.6776,0.678
TMDX,Transmedics Group Inc,Healthcare,Medical Devices,22.92,38.3,-55.84,20.7,-0.62,-4.99,24.23,16.71,-29.359999999999996,1.92,-43.53,1.75,919630.0,1.03,88.09,Aug 04/a,97.3,3050000000.0,HIGH,-2.82,-2.73,1.38,2.49,0.1771,False,-3.22,True,4.82,5.302,9.207,-2.9257,-9.79,0.965,16.0,-5.49,28.0,12.25,85.86,60295645.0,,,13.3,0.5074349442379182,0.8066914498141264,0.4770755885997522,0.6096654275092936,0.8494423791821561,0.7980173482032218,0.6096654275092936,0.6747,0.6418,0.6911
FIGS,Figs Inc,Consumer Cyclical,Apparel Manufacturing,41.09,35.06,253.77,28.809999999999995,-0.83,2.96,11.32,6.92,-10.87,1.07,-24.03,2.12,3130000.0,0.58,13.28,Aug 06/a,18.14,2210000000.0,HIGH,-2.37,2.19,1.29,2.94,0.2068,False,-3.63,True,12.23,4.745,7.654,-2.9416,-14.65,1.203,11.0,-7.42,26.0,24.38,13.98,35775950.0,,,29.8,0.5006195786864932,0.6356877323420075,0.3785625774473358,0.8370508054522925,0.7874845105328376,0.9070631970260223,0.6232961586121437,0.6744,0.5991,0.7581
VIA,Via Transportation Inc,Technology,Software - Application,,60.72,9.93,26.669999999999998,0.18,-0.33,17.72,74.23,83.42,1.33,-53.65,1.1,915470.0,0.74,26.1,Aug 06/b,34.0,2130000000.0,HIGH,5.31,1.44,1.2,10.62,0.1473,False,-0.85,True,16.6,4.532,4.856,-2.6346,-8.04,0.796,12.0,-3.04,27.0,25.33,26.77,14751290.0,,,27.0,0.5799256505576208,0.8525402726146221,0.6028500619578687,0.32899628252788105,0.7261462205700124,0.9454770755885997,0.8599752168525403,0.6727,0.7427,0.6451
DC,Dakota Gold Corp,Basic Materials,Gold,,,-8.15,,-0.56,3.05,6.64,13.059999999999999,3.94,1.25,-20.0,1.0,1490000.0,0.62,5.8,Sep 02,12.09,778200000.0,HIGH,-4.89,-2.51,1.16,0.42,0.1099,False,-3.66,True,8.73,5.088,6.775,-3.1514,-10.1,0.884,14.0,-5.66,,,5.83,7367799.0,,,107.4,0.4275092936802974,0.7942998760842627,0.7670384138785626,0.48451053283767037,0.6939281288723668,0.8649318463444857,0.5204460966542751,0.672,0.6465,0.6177
SKYX,SKYX Platforms Corp,Industrials,Electrical Equipment & Parts,,,25.8,9.58,0.0,-15.73,3.1,25.71,-23.7,2.29,-59.88,1.0,1300000.0,1.01,1.32,Aug 12/a,4.0,178770000.0,HIGH,29.82,9.63,1.86,35.13,0.3211,True,17.25,True,22.67,7.119,12.162,-4.8502,-2.63,1.176,1.0,9.63,22.0,34.55,1.48,1310953.0,,,170.3,0.14993804213135067,0.9677819083023544,0.15365551425030977,0.8283767038413878,0.9553903345724907,0.976456009913259,0.9801734820322181,0.6719,0.7248,0.7275
COLM,Columbia Sportswear Co,Consumer Cyclical,Apparel Manufacturing,14.65,13.48,378.34,1.5,-0.05,1.14,19.67,-15.52,2.67,0.93,-18.2,2.55,632630.0,1.52,56.49,Jul 30/a,69.83,2890000000.0,HIGH,1.02,-0.07,1.0,6.33,0.0882,False,-0.44,False,-3.6,2.561,3.139,-1.7035,-14.17,0.968,34.0,-9.12,31.0,-2.88,57.67,38293811.0,,,21.1,0.8351920693928129,0.6530359355638166,0.8599752168525403,0.6158612143742255,0.516728624535316,0.5439900867410161,0.7682775712515489,0.6708,0.7203,0.6279
SDGR,Schrodinger Inc,Healthcare,Health Information Services,,,113.42000000000002,7.539999999999999,-0.76,-0.52,17.52,59.25,83.07,1.69,1.0,1.57,1170000.0,3.25,23.25,Aug 05/a,21.43,1740000000.0,HIGH,19.25,3.59,1.98,24.56,0.1954,True,5.77,True,17.66,5.161,12.337,-4.6544,-3.04,0.935,9.0,6.41,27.0,26.52,20.75,19515257.0,,,3.3,0.15985130111524162,0.9628252788104089,0.41140024783147455,0.570631970260223,0.9690210656753407,0.9491945477075588,0.9603469640644362,0.6705,0.7983,0.6622
NOG,Northern Oil and Gas Inc,Energy,Oil & Gas E&P,,7.03,118.5,16.79,0.77,-4.34,21.05,35.87,-1.02,0.91,-12.990000000000002,2.36,2910000.0,0.6,27.12,Aug 06/a,30.5,2890000000.0,HIGH,3.25,2.65,0.74,8.56,0.0761,True,0.66,True,14.26,3.132,3.49,-1.8328,-3.62,0.74,18.0,3.82,26.0,29.98,26.36,54358646.0,,,15.7,0.7955390334572491,0.9591078066914498,0.895910780669145,0.24659231722428748,0.19330855018587362,0.9268897149938042,0.8240396530359355,0.6696,0.6564,0.5406
PRGS,Progress Software Corp,Technology,Software - Infrastructure,21.04,6.95,29.14,6.79,-3.4799999999999995,5.65,11.4,40.47,29.600000000000005,0.88,-8.04,1.0,668330.0,0.87,43.56,Jun 30/a,58.5,1790000000.0,HIGH,0.63,2.25,1.37,5.94,0.1469,False,-0.6,True,3.75,4.478,7.164,-3.0558,-6.97,0.865,10.0,-3.64,52.0,28.44,43.13,20106700.0,,,35.6,0.45353159851301117,0.8884758364312267,0.6065675340768277,0.44919454770755884,0.8401486988847584,0.7763320941759604,0.7534076827757125,0.669,0.7354,0.6298
AMN,AMN Healthcare Services Inc,Healthcare,Medical Care Facilities,12.74,36.46,117.60999999999999,2.29,-0.96,8.76,8.92,10.59,82.82,0.41,-8.25,2.44,782930.0,1.41,34.15,Aug 06/a,36.14,1320000000.0,HIGH,-1.01,1.36,0.98,4.3,0.0721,True,0.1,True,1.01,3.969,2.457,-1.6628,-8.14,0.715,26.0,11.01,26.0,11.01,34.19,18171898.0,,,5.7,0.8432465923172243,0.8469640644361834,0.9120198265179678,0.218091697645601,0.4882280049566295,0.7019826517967782,0.6933085501858736,0.6684,0.6974,0.5629
WBI,WaterBridge Infrastructure LLC,Energy,Oil & Gas Equipment & Services,421.69,46.98,-36.37,128.0,-26.35,15.479999999999999,14.18,-2.39,31.58,0.14,-14.610000000000001,1.44,1090000.0,0.43,31.5,Aug 05/a,36.5,3890000000.0,HIGH,0.16,-2.81,0.89,5.47,0.0589,False,-0.9,False,-3.65,3.375,2.859,-1.7428,-13.72,0.99,5.0,-1.18,27.0,-2.72,31.83,15894944.0,,,14.7,0.8277571251548946,0.6654275092936803,0.9535315985130112,0.6456009913258984,0.3748451053283767,0.5353159851301115,0.7391573729863693,0.6671,0.6942,0.5959
DAN,Dana Inc,Consumer Cyclical,Auto Parts,,7.67,-100.0,3.88,0.0,0.45000000000000007,4.52,2.27,-5.28,2.02,-23.79,1.89,1620000.0,0.87,30.15,Aug 06/b,37.43,3240000000.0,HIGH,-3.35,-3.16,0.93,1.96,0.087,False,-1.24,True,5.12,2.904,1.848,-2.3672,-6.19,0.816,6.0,-3.87,27.0,10.91,30.3,40298340.0,,,23.5,0.6406443618339529,0.8971499380421314,0.8636926889714993,0.36369268897149937,0.4250309789343247,0.8079306071871127,0.590458488228005,0.6664,0.6228,0.5593
SMA,Smartstop Self Storage REIT Inc,Real Estate,REIT - Industrial,63.22,56.31,229.69,18.65,-1.35,2.26,8.25,-0.5,-1.6200000000000003,0.47,-19.31,1.82,709350.0,1.92,32.09,Aug 05/a,37.25,1900000000.0,HIGH,-5.54,-1.2,1.08,-0.23,0.1071,False,-2.93,False,-4.09,2.218,1.894,-0.9977,-10.33,0.811,35.0,-7.28,27.0,-4.84,32.21,23049017.0,,,15.6,0.9442379182156134,0.7905824039653035,0.7794299876084263,0.3506815365551425,0.6133828996282528,0.5111524163568774,0.4888475836431227,0.6649,0.6134,0.6049
GLIBK,Liberty Capital Corp,Communication Services,Telecom Services,,,-54.27000000000001,0.0,7.85,,9.2,18.18,-30.11,-1.04,-37.95,,583690.0,0.38,25.55,Aug 06/b,,1020000000.0,HIGH,1.06,-0.31,0.76,6.37,0.0431,False,-0.3,True,6.34,2.875,3.328,-1.4486,-4.86,0.669,23.0,3.65,27.0,10.0,25.84,7515725.0,,,,0.8736059479553904,0.9318463444857497,0.9888475836431226,0.15303593556381662,0.21561338289962825,0.8252788104089219,0.7719950433705081,0.6647,0.6701,0.5169
LILAK,Liberty Latin America Ltd,Communication Services,Telecom Services,,38.38,93.94,1.46,6.34,,5.42,67.94,63.93,0.61,0.12,2.67,1650000.0,0.68,8.85,Aug 05/a,9.14,1730000000.0,HIGH,4.27,1.5,0.69,9.58,0.0798,True,3.45,True,8.65,2.808,1.989,-1.6771,-0.44,0.752,2.0,1.38,27.0,6.54,8.8,11102786.0,,,3.9,0.838909541511772,0.9950433705080545,0.8835192069392813,0.26332094175960347,0.1406443618339529,0.8636926889714994,0.8426270136307311,0.6642,0.6443,0.5266
BLFS,Biolife Solutions Inc,Healthcare,Medical Instruments & Supplies,37.63,116.63,376.1,11.98,-45.2,-6.15,8.31,36.34,90.72,1.84,-4.49,3.0,1130000.0,0.81,36.39,Aug 06/a,31.12,1780000000.0,HIGH,-0.06,0.14,0.6,5.25,0.1006,False,-1.69,True,7.13,2.562,2.399,-1.7649,-7.01,0.915,18.0,1.4,26.0,4.42,35.43,30775658.0,,,-12.2,0.8190830235439901,0.885997521685254,0.8141263940520447,0.5315985130111525,0.09107806691449814,0.8401486988847584,0.7286245353159851,0.6637,0.563,0.5705
ELVN,Enliven Therapeutics Inc,Healthcare,Biotechnology,,,-0.97,,-10.03,37.44,14.18,25.97,94.82,0.23,-14.38,1.15,1260000.0,0.69,53.36,Aug 05/a,73.45,3910000000.0,HIGH,-8.57,-8.32,0.97,-3.26,0.1331,False,-7.33,False,-3.32,3.712,3.353,-1.7801,-12.66,1.117,15.0,-9.01,27.0,-8.83,54.43,51671674.0,,,34.9,0.8128872366790583,0.7026022304832714,0.6654275092936803,0.7738537794299876,0.4721189591078067,0.550185873605948,0.3643122676579926,0.6628,0.487,0.6523
CION,CION Invt Corp,Financial,Asset Management,118.36,6.19,20.19,60.19,0.0,-2.36,3.95,0.8500000000000001,5.98,1.11,-31.83,3.0,542410.0,0.57,7.09,Aug 06/b,8.75,348850000.0,HIGH,-1.39,-2.34,0.82,3.92,0.0584,False,-2.99,True,4.18,2.31,1.477,-1.2388,-7.66,0.691,22.0,-4.31,27.0,14.13,7.11,2651297.0,,,23.1,0.9083023543990086,0.8636926889714994,0.9553903345724907,0.18835192069392812,0.275092936802974,0.7856257744733581,0.6716232961586122,0.6627,0.6378,0.5393
SHOO,Steven Madden Ltd,Consumer Cyclical,Footwear & Accessories,20.28,14.57,168.98,19.12,-2.81,-3.05,5.45,-10.92,25.420000000000005,1.19,-18.59,1.58,1080000.0,1.12,40.46,Jul 30/b,52.4,2960000000.0,HIGH,-9.14,-1.9,1.3,-3.83,0.167,False,-4.2,False,-4.7,3.259,3.0,-2.0833,-14.81,1.2,29.0,-11.2,32.0,-2.44,42.34,42027024.0,,,23.8,0.7211895910780669,0.6319702602230484,0.5154894671623296,0.8351920693928129,0.7930607187112764,0.4770755885997522,0.3506815365551425,0.6623,0.5328,0.7066
PGNY,Progyny Inc,Healthcare,Healthcare Plans,30.15,18.26,78.89,5.3,-2.36,-2.52,5.97,3.16,59.36,1.0,-16.04,1.33,1200000.0,0.58,27.76,Aug 06/a,34.42,2130000000.0,HIGH,9.95,2.58,1.02,15.26,0.1116,True,6.23,False,-3.11,2.763,2.011,-1.9467,-15.77,1.094,2.0,2.84,26.0,-0.89,27.85,27341736.0,,,23.6,0.7657992565055762,0.59727385377943,0.7534076827757126,0.7540272614622057,0.5408921933085502,0.5600991325898389,0.9132589838909542,0.6619,0.7536,0.6552
FCPT,Four Corners Property Trust Inc,Real Estate,REIT - Retail,21.31,20.46,-1.12,7.6499999999999995,0.1,-0.02,3.83,-5.43,-8.31,0.81,-12.509999999999998,2.2,787830.0,2.55,23.5,Jul 29/a,28.3,2580000000.0,HIGH,-4.75,-3.79,1.03,0.56,0.0747,False,-4.08,False,-5.37,1.487,2.052,-0.7727,-11.09,0.789,40.0,-9.3,32.0,-6.5,23.88,17803300.0,,,18.5,0.9913258983890955,0.7571251548946716,0.8996282527881041,0.315365551425031,0.5532837670384139,0.44609665427509293,0.5241635687732342,0.6605,0.6455,0.5765
KOS,Kosmos Energy Ltd,Energy,Oil & Gas E&P,,10.22,266.54,54.82,-1.87,-0.26,4.26,21.65,33.19,0.86,-7.490000000000001,2.36,14690000.0,0.95,3.09,Aug 03/b,3.19,1840000000.0,HIGH,12.31,2.46,1.35,17.62,0.1469,True,2.31,True,12.52,5.333,8.904,-3.3821,-7.3,0.816,18.0,6.57,30.0,15.42,2.92,34546807.0,,,9.2,0.3754646840148699,0.8760842627013631,0.6065675340768277,0.36369268897149937,0.8271375464684015,0.9107806691449815,0.9268897149938042,0.66,0.8009,0.6193
GTN,Gray Media Inc,Communication Services,Broadcasting,,,129.52,8.68,-0.33,-4.69,5.9,25.790000000000003,3.46,1.01,-25.72,2.2,1230000.0,0.94,4.78,Aug 07/b,6.5,501080000.0,HIGH,-1.2,3.14,0.88,4.11,0.066,True,0.58,True,9.46,3.702,2.439,-2.2938,-10.05,0.795,26.0,14.95,26.0,14.95,4.92,4486242.0,,,32.1,0.6641883519206939,0.7992565055762082,0.9306071871127634,0.3252788104089219,0.3618339529120198,0.8736059479553904,0.6852540272614622,0.6591,0.6618,0.5562
GCT,GigaCloud Technology Inc,Technology,Software - Infrastructure,12.48,11.08,27.76,27.6,-3.4799999999999995,12.14,13.56,52.71,24.46,1.63,-6.370000000000001,1.0,647200.0,0.54,52.69,Aug 06/b,65.5,1880000000.0,HIGH,4.89,1.03,1.06,10.2,0.117,True,3.43,True,16.11,4.808,4.323,-3.3986,-6.27,0.854,27.0,14.06,27.0,14.06,52.74,26159258.0,,,24.2,0.3680297397769517,0.895910780669145,0.7298636926889714,0.4312267657992565,0.5867410161090458,0.9405204460966543,0.8525402726146221,0.6587,0.736,0.5816
DAKT,Daktronics Inc,Technology,Electronic Components,18.03,12.01,19.96,7.12,-0.18,0.48,5.64,-14.75,-13.209999999999999,1.68,-37.25,1.0,606610.0,0.89,17.74,Sep 02/b,32.0,853160000.0,HIGH,-10.18,-8.95,1.15,-4.87,0.1062,False,-6.75,False,-9.6,4.216,5.081,-1.873,-19.72,1.371,30.0,-9.41,8.0,-6.38,17.91,14536643.0,,,78.7,0.79182156133829,0.4826517967781908,0.7868649318463445,0.8946716232961586,0.6809169764560099,0.31474597273853777,0.31784386617100374,0.6586,0.5675,0.6705
MATV,Mativ Holdings Inc,Basic Materials,Specialty Chemicals,7.5,9.51,134.78,1.22,0.0,1.41,2.53,46.43,36.98,0.9,-23.19,1.0,566800.0,1.18,11.89,Aug 05/a,21.0,656220000.0,HIGH,-3.43,-5.97,0.81,1.88,0.0779,False,-3.53,True,13.46,3.75,3.472,-1.7374,-12.84,0.809,30.0,35.28,27.0,23.41,11.81,6450529.0,,,77.8,0.8314745972738538,0.6964064436183395,0.8897149938042132,0.3469640644361834,0.26394052044609667,0.919454770755886,0.5861214374225526,0.658,0.5805,0.5905
FBRT,Franklin BSP Realty Trust Inc,Real Estate,REIT - Mortgage,17.76,6.7,-37.77,15.5,2.08,-2.04,8.92,-5.1,-12.93,1.06,-32.26,1.4,1510000.0,1.08,7.81,Jul 29/a,12.75,648580000.0,HIGH,-3.74,-7.09,0.82,1.57,0.1377,False,-6.12,False,-3.58,2.928,1.423,-1.8758,-11.51,1.583,8.0,-7.31,32.0,2.66,7.73,15365013.0,,,64.9,0.7893432465923172,0.7360594795539034,0.6505576208178439,0.9442379182156134,0.275092936802974,0.5452292441140025,0.5749690210656754,0.6568,0.5077,0.6385
BFRI,Biofrontera Inc,Healthcare,Drug Manufacturers - Specialty & Generic,,5.95,91.8,32.92,0.0,2.02,1.99,19.0,33.78,0.85,-28.309999999999995,1.0,538040.0,2.75,1.19,Aug 13/b,6.0,17680000.0,HIGH,0.74,-12.82,2.87,6.05,0.1814,False,-9.11,True,5.24,8.687,15.809,-4.7577,-18.07,2.335,6.0,-9.93,22.0,8.8,1.36,1219974.0,,,341.2,0.1536555142503098,0.5328376703841388,0.46468401486988853,0.9863692688971499,0.9913258983890955,0.8104089219330854,0.7571251548946716,0.6565,0.7397,0.7354
HAE,Haemonetics Corp,Healthcare,Medical Devices,51.8,18.5,2.63,5.6,0.0,3.4799999999999995,6.41,38.08,77.89,0.61,-3.08,1.83,761900.0,0.58,106.2,Aug 06/b,108.4,4830000000.0,HIGH,17.77,3.37,1.2,23.08,0.158,True,2.1,True,17.46,2.363,4.355,-3.8435,-2.98,0.877,16.0,-1.76,27.0,27.17,106.31,77668884.0,,,2.0,0.26270136307311026,0.9640644361833953,0.557001239157373,0.4758364312267658,0.7261462205700124,0.9479553903345725,0.9566294919454771,0.6556,0.7676,0.6032
NESR,National Energy Services Reunited Corp,Energy,Oil & Gas Equipment & Services,35.25,11.03,173.86,59.07,-37.0,9.42,5.19,22.9,55.7,0.46,-13.13,1.14,2170000.0,0.74,32.09,Aug 10/b,43.29,3240000000.0,HIGH,-8.5,-4.21,1.07,-3.19,0.1025,False,-4.15,True,5.19,4.124,4.319,-1.9982,-11.37,0.723,21.0,-8.8,25.0,12.82,32.74,57170714.0,,,32.2,0.7478314745972738,0.7397769516728625,0.80545229244114,0.22676579925650558,0.6003717472118959,0.8091697645600991,0.3655514250309789,0.6549,0.568,0.596
TRTX,TPG RE Finance Trust Inc,Real Estate,REIT - Mortgage,13.37,6.56,-43.04,2.64,0.0,1.17,6.85,-13.66,-8.26,1.5,-22.92,1.5,796120.0,1.04,7.33,Jul 28/a,9.88,562710000.0,HIGH,-7.56,-4.92,1.09,-2.25,0.086,False,-5.21,False,-9.22,1.831,1.771,-0.9242,-16.92,0.943,42.0,-14.35,33.0,-10.6,7.34,5892343.0,,,34.6,0.9603469640644362,0.563816604708798,0.8661710037174721,0.5793060718711276,0.627633209417596,0.3246592317224288,0.39838909541511774,0.6537,0.6075,0.623
UNIT,Uniti Group Inc,Real Estate,REIT - Specialty,3.66,,-809.52,202.5,0.0,-1.33,10.07,-22.44,26.68,1.41,-24.41,2.78,2290000.0,1.21,9.78,Jul 30/b,10.84,2370000000.0,HIGH,-1.32,-5.17,1.12,3.99,0.067,False,-2.9,False,-5.11,3.145,2.829,-2.0168,-17.94,0.956,,,32.0,4.63,9.72,18032965.0,,,11.5,0.7447335811648079,0.5346964064436184,0.9268897149938042,0.5985130111524164,0.6561338289962825,0.45786864931846344,0.6765799256505576,0.6531,0.7455,0.6143
SONO,Sonos Inc,Technology,Consumer Electronics,35.19,60.23,978.29,8.85,8.97,-0.03,9.7,5.1,17.39,1.9,-20.99,1.5,2000000.0,0.84,15.66,Jul 29/a,19.67,1850000000.0,HIGH,0.84,7.52,1.08,6.15,0.132,True,1.02,True,2.06,4.099,3.338,-3.0721,-11.48,1.052,35.0,6.06,32.0,7.97,15.58,22673669.0,,,26.3,0.4485749690210657,0.7372986369268897,0.6716232961586122,0.7100371747211895,0.6133828996282528,0.734820322180917,0.7596034696406444,0.6526,0.6893,0.6267
ACAD,Acadia Pharmaceuticals Inc,Healthcare,Biotechnology,12.05,29.44,15.24,16.4,-3.38,1.41,5.73,25.840000000000003,25.11,0.86,-13.570000000000002,1.62,1670000.0,0.66,26.76,Aug 04/a,34.0,4610000000.0,HIGH,-5.14,-0.22,1.16,0.17,0.1339,False,-4.7,True,0.02,2.917,2.616,-2.1084,-11.11,0.845,14.0,-7.18,28.0,1.36,27.52,40720682.0,,,23.5,0.7137546468401487,0.7546468401486989,0.6629491945477075,0.4157372986369269,0.6939281288723668,0.6654275092936803,0.5080545229244114,0.6511,0.6103,0.6222
PLNT,Planet Fitness Inc,Consumer Cyclical,Leisure,17.24,13.89,25.989999999999995,7.139999999999999,4.87,-4.86,9.87,1.66,-32.52,1.02,-55.53,1.7,1890000.0,0.72,50.81,Aug 06/b,66.31,3840000000.0,HIGH,1.05,2.57,0.99,6.36,0.112,False,-1.4,False,-2.39,3.272,3.323,-2.2207,-10.87,0.965,28.0,-8.59,27.0,-0.1,51.16,86958436.0,,,29.6,0.6815365551425031,0.7676579925650557,0.7503097893432467,0.6096654275092936,0.5030978934324659,0.5879801734820322,0.7701363073110284,0.65,0.6841,0.5956
BILL,BILL Holdings Inc,Technology,Software - Application,,11.36,-175.47,13.780000000000001,-2.7,-7.07,15.41,48.96,26.19,1.12,-12.67,1.8,2360000.0,0.82,49.96,Aug 19/a,57.48,4260000000.0,HIGH,2.41,4.35,0.91,7.72,0.083,True,2.47,True,6.92,3.738,4.228,-2.5175,-5.57,0.756,22.0,1.99,17.0,4.79,49.67,105194574.0,,,15.7,0.6084262701363073,0.9157372986369269,0.872366790582404,0.26765799256505574,0.3996282527881041,0.8364312267657993,0.8004956629491945,0.65,0.7018,0.528
PRVA,Privia Health Group Inc,Healthcare,Health Information Services,94.48,48.8,228.23,21.39,-7.339999999999999,2.47,4.6,-11.56,-7.290000000000001,0.79,-29.350000000000005,1.16,1220000.0,1.01,20.36,Aug 06/b,31.67,2600000000.0,HIGH,-2.88,0.48,1.3,2.43,0.0696,False,-0.05,False,-10.62,2.675,2.299,-1.0169,-27.55,1.005,45.0,-24.05,27.0,-5.09,20.88,21902052.0,,,51.7,0.9392812887236679,0.31288723667905827,0.9213135068153655,0.6654275092936803,0.7930607187112764,0.26765799256505574,0.6059479553903345,0.6499,0.7567,0.6664
KBR,KBR Inc,Industrials,Engineering & Construction,11.26,9.29,2.65,1.6399999999999997,1.55,5.87,7.05,7.180000000000001,2.08,0.47,-28.550000000000004,2.12,1570000.0,0.9,37.32,Jul 30/b,47.0,4700000000.0,HIGH,-2.0,-0.65,0.67,3.31,0.069,False,-1.56,False,-0.23,2.405,1.495,-1.2208,-5.52,0.813,16.0,-2.9,32.0,7.07,36.8,41385126.0,,,27.7,0.9107806691449815,0.9182156133828996,0.9231722428748451,0.3543990086741016,0.1325898389095415,0.6592317224287485,0.644361833952912,0.6497,0.5745,0.5143
PK,Park Hotels & Resorts Inc,Real Estate,REIT - Hotel & Motel,,26.79,1036.25,1.19,0.0,10.15,17.86,5.69,45.79,1.38,-6.05,2.56,4490000.0,0.68,15.22,Aug 06/a,15.68,3060000000.0,HIGH,2.13,1.39,0.88,7.44,0.0867,False,-1.17,True,1.97,2.697,2.089,-1.6914,-5.43,0.678,15.0,-2.92,26.0,6.76,15.32,57019460.0,,,2.3,0.8370508054522925,0.9206939281288724,0.8649318463444857,0.16852540272614622,0.3618339529120198,0.7311028500619579,0.7942998760842627,0.6474,0.6857,0.5246
TFSL,TFS Financial Corp,Financial,Banks - Regional,47.35,43.77,44.18,5.9,-3.6699999999999995,0.05,2.79,3.39,26.539999999999996,0.72,-12.42,3.0,878610.0,0.62,17.07,Jul 30/a,19.0,4790000000.0,HIGH,-2.28,-1.61,0.88,3.03,0.0599,False,-2.04,False,-3.65,1.987,1.227,-0.9191,-12.21,0.81,29.0,-7.21,31.0,-5.21,17.11,13438446.0,,,11.0,0.9628252788104089,0.7174721189591078,0.9491945477075588,0.34820322180916974,0.3618339529120198,0.5353159851301115,0.6332094175960347,0.6458,0.6466,0.552
WGS,GeneDx Holdings Corp,Healthcare,Diagnostics & Research,,80.98,-264.35,11.44,,-8.28,21.8,54.339999999999996,24.35,1.94,-44.61,1.0,731920.0,1.14,94.64,Aug 03/a,90.44,2820000000.0,HIGH,15.96,4.51,1.09,21.27,0.1743,True,5.42,True,20.06,4.829,7.015,-2.6988,-2.22,0.745,14.0,5.34,29.0,32.24,89.74,40519383.0,,,0.8,0.563816604708798,0.976456009913259,0.49008674101610905,0.2552664188351921,0.627633209417596,0.9603469640644362,0.9467162329615861,0.6456,0.714,0.6018
IRDM,Iridium Communications Inc,Communication Services,Telecom Services,53.66,34.93,-56.08,3.84,-2.75,-2.62,2.78,3.75,88.44,0.85,-17.65,2.83,1810000.0,0.54,47.09,Jul 22/b,48.0,4990000000.0,HIGH,-7.73,-3.39,1.8,-2.42,0.0825,False,-2.91,False,-3.91,1.918,2.122,-1.2958,-19.24,0.642,21.0,-7.23,38.0,-1.45,46.18,39644539.0,,,3.9,0.8971499380421314,0.4993804213135068,0.8742255266418835,0.13073110285006195,0.9491945477075588,0.5210656753407683,0.3915737298636927,0.6453,0.7037,0.6245
PBH,Prestige Consumer Healthcare Inc,Healthcare,Drug Manufacturers - Specialty & Generic,13.07,9.09,-35.65,6.480000000000001,-0.32,2.38,9.82,0.02,-23.36,0.34,-34.32,1.71,569870.0,1.35,46.68,Aug 06/b,67.25,2210000000.0,HIGH,-4.84,-4.36,1.31,0.47,0.1451,False,-6.25,False,-6.08,3.189,2.625,-1.9834,-14.95,0.994,28.0,-8.42,27.0,-10.12,47.62,22459405.0,,,41.2,0.7546468401486989,0.6282527881040892,0.6133828996282528,0.6505576208178439,0.7998760842627014,0.42379182156133827,0.5229244114002478,0.6451,0.6331,0.6572
CARG,CarGurus Inc,Communication Services,Internet Content & Information,19.0,11.58,142.2,7.24,-0.51,-3.58,8.97,25.27,12.689999999999998,1.2,-15.09,1.88,1100000.0,0.88,35.0,Aug 06/a,42.0,3120000000.0,HIGH,-2.35,6.59,1.18,2.96,0.1667,False,-1.12,False,-1.72,3.346,3.496,-1.9941,-15.26,1.002,26.0,-3.99,26.0,-3.99,34.93,28231818.0,,,20.2,0.7521685254027262,0.6102850061957868,0.5185873605947955,0.6604708798017348,0.7106567534076828,0.61090458488228,0.6245353159851301,0.6438,0.6186,0.6836
KRNY,Kearny Financial Corp,Financial,Banks - Regional,17.08,9.86,4.82,2.23,0.56,4.64,4.7,14.34,36.25,0.61,-4.15,2.0,647540.0,0.62,9.81,Jul 23/b,10.67,636960000.0,HIGH,0.1,-2.2,0.7,5.41,0.055,False,-0.69,True,1.49,2.447,1.84,-1.3197,-4.49,0.693,8.0,0.1,37.0,7.24,9.78,7151482.0,,,9.1,0.8934324659231723,0.9392812887236679,0.9659231722428748,0.19083023543990088,0.14869888475836432,0.7187112763320942,0.7372986369268897,0.6428,0.6293,0.4879
PALI,Palisade Bio Inc,Healthcare,Biotechnology,,,91.38,,-0.73,7.26,18.81,19.23,1.26,1.57,-29.42,1.0,2840000.0,1.58,2.02,Aug 10/a,10.4,351150000.0,HIGH,-4.65,-6.82,1.02,0.66,0.1289,False,-0.58,True,1.04,4.948,4.39,-3.6682,-10.48,1.206,5.0,-1.91,24.0,-2.38,2.05,3676884.0,,,407.3,0.29987608426270135,0.781908302354399,0.6864931846344486,0.8413878562577447,0.5408921933085502,0.7057001239157373,0.5291201982651796,0.6427,0.5799,0.597
BLKB,Blackbaud Inc,Technology,Software - Application,14.07,7.55,46.3,3.3000000000000003,-0.45000000000000007,9.45,10.63,63.27,3.63,1.03,-36.25,2.33,701820.0,0.7,45.08,Jul 29/b,51.5,2049999999.9999998,HIGH,5.25,0.91,1.15,10.56,0.1412,False,-1.91,True,11.6,3.821,5.102,-2.3215,-7.81,0.632,12.0,-3.02,33.0,27.11,45.67,17253044.0,,,12.8,0.6567534076827757,0.8605947955390335,0.6319702602230484,0.12019826517967781,0.6809169764560099,0.9033457249070632,0.8574969021065675,0.6423,0.7369,0.5903
BBDC,Barings BDC Inc,Financial,Asset Management,10.52,8.64,-10.39,43.22,1.56,,2.07,3.93,7.91,0.71,-8.44,1.83,719550.0,0.54,8.73,Aug 05/a,9.96,914090000.0,HIGH,-6.6,-1.02,0.81,-1.29,0.1206,False,-4.49,False,-0.86,1.963,1.14,-0.9401,-8.07,0.847,15.0,-6.1,27.0,4.16,8.77,7168424.0,,,13.6,0.9578686493184635,0.8513011152416357,0.7149938042131351,0.4200743494423792,0.26394052044609667,0.6418835192069393,0.436183395291202,0.6417,0.4682,0.5709
NHP,National Healthcare Properties Inc,Real Estate,REIT - Healthcare Facilities,,491.69,66.35,2.58,0.0,52.1,7.98,15.97,,,-8.48,2.0,758700.0,0.52,15.98,Aug 05/a,18.94,307550000.0,HIGH,-2.6,-2.12,0.84,2.71,0.0889,False,-1.45,True,0.82,3.377,4.151,-1.4128,-7.56,0.737,17.0,-4.38,27.0,0.69,16.14,7931058.0,,,17.3,0.8785625774473358,0.8655514250309789,0.8587360594795539,0.24349442379182157,0.3073110285006196,0.6926889714993805,0.6183395291201983,0.6411,0.5971,0.5305
NEXT,NextDecade Corp,Energy,Oil & Gas Equipment & Services,,,-5.79,,0.05,-1.5700000000000003,16.93,-7.5,24.56,1.52,-22.62,2.17,2750000.0,0.85,7.15,Jul 30/b,9.08,1900000000.0,HIGH,6.62,-0.8,0.99,11.93,0.1426,True,0.97,True,2.05,4.261,6.14,-2.1536,-12.29,0.931,3.0,-1.72,32.0,16.88,7.41,17252186.0,,,22.5,0.6988847583643123,0.7125154894671624,0.6251548946716232,0.5650557620817844,0.5030978934324659,0.7335811648079306,0.8736059479553904,0.6397,0.6879,0.6252
PAR,Par Technology Corp,Technology,Software - Application,,11.83,21.17,18.69,146.64,-5.25,22.59,15.039999999999997,15.36,1.32,-62.07,1.44,971300.0,1.53,16.9,Aug 06/a,25.31,699030000.0,HIGH,-2.48,-1.63,1.06,2.83,0.1375,False,-4.07,True,1.69,5.058,5.03,-2.7764,-9.82,0.905,6.0,-4.29,26.0,5.67,18.09,15048651.0,,,39.9,0.5464684014869888,0.80545229244114,0.6524163568773234,0.5179677819083024,0.5867410161090458,0.724907063197026,0.620817843866171,0.639,0.6201,0.594
LAND,Gladstone Land Corp,Real Estate,REIT - Specialty,,,17.86,3.2199999999999998,0.0,2.89,7.71,6.4399999999999995,-19.21,1.09,-27.54,2.6,741910.0,0.71,9.42,Aug 11/a,9.33,406350000.0,HIGH,14.2,-2.28,0.72,19.51,0.2205,True,3.24,True,7.92,2.719,2.444,-1.7445,-5.81,1.094,11.0,6.09,23.0,14.9,9.41,7680846.0,,,-0.9,0.8252788104089219,0.9083023543990086,0.33271375464684017,0.7540272614622057,0.16294919454770757,0.8488228004956629,0.9355638166047088,0.6387,0.5229,0.6478
PNNT,PennantPark Investment Corp,Financial,Asset Management,22.49,6.23,-45.19,26.55,0.0,,4.1,-3.53,-21.01,0.66,-47.52,3.0,675830.0,0.62,3.49,Aug 10/a,4.75,227890000.0,HIGH,-4.9,-2.79,0.83,0.41,0.0928,False,-5.34,False,-1.71,2.722,3.152,-1.5107,-10.51,0.859,28.0,0.29,25.0,-5.93,3.49,1842375.0,,,36.1,0.8636926889714994,0.7806691449814126,0.8420074349442379,0.44114002478314746,0.28934324659231725,0.6121437422552665,0.5192069392812887,0.6382,0.5471,0.5516
XHR,Xenia Hotels & Resorts Inc,Real Estate,REIT - Hotel & Motel,,27.54,-137.67,2.75,-17.71,-2.09,4.35,-8.57,21.37,1.2,-20.72,2.17,790480.0,1.22,17.49,Jul 30/b,21.12,1610000000.0,HIGH,-7.45,-0.28,1.32,-2.14,0.1686,False,-5.56,False,-10.35,2.315,1.218,-1.2698,-19.99,1.204,36.0,-16.07,32.0,-12.1,17.65,12945680.0,,,19.7,0.9045848822800495,0.4758364312267658,0.5117719950433706,0.8395291201982652,0.8066914498141264,0.2862453531598513,0.40396530359355637,0.6374,0.5571,0.7093
IART,Integra Lifesciences Holdings Corp,Healthcare,Medical Devices,,6.01,100.90999999999998,0.76,0.0,-1.76,10.31,-10.14,74.14,1.22,-23.43,2.75,867550.0,1.24,15.69,Jul 29/b,19.56,1220000000.0,HIGH,-11.04,-3.38,1.7,-5.73,0.138,False,-5.55,False,-10.58,3.715,2.801,-1.8137,-23.33,1.097,42.0,-16.35,33.0,-4.73,15.71,11093672.0,,,24.5,0.8017348203221809,0.41016109045848825,0.6468401486988847,0.758364312267658,0.929368029739777,0.2701363073110285,0.28872366790582404,0.6361,0.5884,0.6899
STLN,Starling Oncology Inc,Healthcare,Medical Care Facilities,,,46.7,34.62,0.97,3.88,10.72,22.97,86.8,0.41,-9.65,1.0,1690000.0,0.7,6.37,Aug 06/a,9.25,636890000.0,HIGH,3.33,3.16,1.36,8.64,0.1433,True,4.14,True,11.69,5.645,8.85,-3.2788,-7.52,0.693,18.0,1.87,26.0,30.66,6.52,6940968.0,,,41.9,0.3990086741016109,0.869268897149938,0.6214374225526642,0.19083023543990088,0.8308550185873605,0.9045848822800495,0.8252788104089219,0.636,0.7658,0.5813
NP,Neptune Insurance Holdings Inc,Financial,Insurance Brokers,133.78,45.66,28.27,32.82,-13.38,36.03,5.37,11.36,39.5,,-12.689999999999998,1.93,709250.0,0.54,30.69,Jul 21/a,34.54,4210000000.0,HIGH,-0.48,-2.25,1.3,4.83,0.1281,False,-4.3,False,-2.46,3.895,4.724,-1.794,-10.87,0.671,33.0,-1.73,38.0,4.43,31.33,13018003.0,,,10.2,0.8079306071871127,0.7676579925650557,0.6902106567534076,0.15737298636926889,0.7930607187112764,0.5861214374225526,0.7174721189591078,0.6337,0.732,0.5861
BHF,Brighthouse Financial Inc,Financial,Insurance - Life,3.91,2.28,1490.47,86.22,0.0,-1.36,11.37,-22.14,-18.22,0.83,-26.649999999999995,3.4,778100.0,2.65,49.0,Aug 05/a,64.0,2820000000.0,HIGH,-10.3,-4.29,1.38,-4.99,0.1066,False,-5.02,False,-15.19,2.917,1.77,-1.8013,-25.15,1.211,52.0,-21.01,27.0,-19.17,50.0,57752615.0,,,28.0,0.8066914498141264,0.3618339529120198,0.781908302354399,0.8451053283767038,0.8494423791821561,0.1536555142503098,0.3110285006195787,0.6331,0.6138,0.6637
AVA,Avista Corp,Utilities,Utilities - Diversified,13.13,12.98,142.99,0.49,-0.76,4.55,5.24,-11.4,-9.07,0.21,-16.53,3.0,699350.0,1.51,36.31,Aug 03/b,40.25,3040000000.0,HIGH,-6.1,-2.55,0.96,-0.79,0.0604,False,-2.74,False,-7.11,1.61,1.583,-0.8691,-14.97,0.838,42.0,-11.6,30.0,-7.33,36.65,24459420.0,,,9.8,0.9776951672862454,0.6239157372986369,0.9467162329615861,0.3996282527881041,0.4591078066914498,0.38971499380421315,0.45724907063197023,0.6328,0.6046,0.5565
SHO,Sunstone Hotel Investors Inc,Real Estate,REIT - Hotel & Motel,49.06,48.47,304.06,6.67,-3.1300000000000003,0.28,7.37,-6.54,20.86,1.02,-8.78,2.5,2680000.0,0.76,11.01,Aug 06/b,11.88,2049999999.9999998,HIGH,0.92,1.2,0.72,6.23,0.0564,False,-1.04,False,-2.65,1.794,1.365,-0.9856,-8.95,0.786,,,27.0,-2.66,10.99,23113212.0,,,8.1,0.9467162329615861,0.8277571251548946,0.9603469640644362,0.30855018587360594,0.16294919454770757,0.5811648079306072,0.7620817843866171,0.6312,0.6418,0.4998
QTWO,Q2 Holdings Inc,Technology,Software - Application,43.09,17.35,156.57,12.61,-5.33,5.64,8.88,36.39,22.76,1.33,-29.43,1.53,794900.0,1.0,60.08,Jul 29/a,76.5,3750000000.0,HIGH,-3.82,2.6,0.88,1.49,0.1113,False,-2.09,True,3.21,3.319,2.292,-1.4599,-8.24,0.689,22.0,-0.96,32.0,4.88,61.95,36614904.0,,,23.5,0.8711276332094176,0.8413878562577447,0.758364312267658,0.18587360594795538,0.3618339529120198,0.7633209417596035,0.5724907063197026,0.6303,0.5651,0.5455
FULC,Fulcrum Therapeutics Inc,Healthcare,Biotechnology,,,-24.16,,18.4,-8.6,9.52,7.690000000000001,-49.19,2.62,-75.98,3.0,2080000.0,0.64,3.78,Aug 05,4.0,288410000.0,HIGH,-1.3,-0.79,0.41,4.01,0.0303,False,-1.44,True,1.09,1.789,1.187,-0.9044,-5.6,0.666,18.0,-2.07,,,3.79,6675805.0,,,5.5,0.9690210656753407,0.9144981412639405,0.9962825278810409,0.14993804213135067,0.04275092936802974,0.7087980173482032,0.6796778190830235,0.6302,0.5836,0.4676
RLJ,RLJ Lodging Trust,Real Estate,REIT - Hotel & Motel,1859.32,167.79,10.4,5.48,0.0,8.98,8.55,-0.9000000000000001,45.3,1.14,-14.899999999999999,3.09,1860000.0,0.84,10.97,Aug 06/a,11.65,1680000000.0,HIGH,-1.36,2.15,0.92,3.95,0.0987,False,-2.16,False,-5.23,2.479,2.381,-1.3029,-15.28,0.951,36.0,-9.45,26.0,-1.89,10.92,18065039.0,,,6.7,0.895910780669145,0.6084262701363073,0.8209417596034696,0.5916976456009914,0.41201982651796776,0.4510532837670384,0.6728624535315985,0.63,0.639,0.5877
ADPT,Adaptive Biotechnologies Corp,Healthcare,Diagnostics & Research,,,-47.8,21.53,-38.24,2.82,7.56,52.81,100.29999999999998,2.11,-0.71,1.25,2750000.0,1.5,26.68,Jul 29/a,25.07,4260000000.0,HIGH,0.04,1.81,1.02,5.35,0.1175,False,-0.99,True,4.32,4.109,3.684,-1.921,-7.78,0.579,12.0,-5.28,32.0,9.84,24.78,42325193.0,,,1.2,0.7744733581164808,0.862453531598513,0.7273853779429987,0.08178438661710037,0.5408921933085502,0.7893432465923172,0.734820322180917,0.6294,0.6744,0.5466
CDNA,Caredx Inc,Healthcare,Diagnostics & Research,25.37,39.64,1412.42,52.23,-6.98,1.06,12.39,118.6,203.92999999999998,2.41,-1.92,1.75,1150000.0,0.82,52.64,Jul 30/a,54.14,2720000000.0,HIGH,12.92,4.09,0.7,18.23,0.1502,True,5.96,True,22.16,4.758,4.774,-2.5549,-2.42,0.891,1.0,4.2,31.0,37.45,52.37,56183353.0,,,3.4,0.5947955390334573,0.9727385377942999,0.5898389095415117,0.49876084262701365,0.14869888475836432,0.9702602230483272,0.9281288723667905,0.6292,0.5928,0.5531
OLMA,Olema Pharmaceuticals Inc,Healthcare,Biotechnology,,,-18.14,,-0.15,0.2,22.28,-1.01,-41.08,1.99,-73.03,1.17,1260000.0,1.37,9.78,Aug 10/a,36.5,855730000.0,HIGH,-4.46,-6.33,2.03,0.85,0.1033,False,-3.57,False,-8.41,5.174,5.637,-3.1405,-21.39,1.12,26.0,-12.8,24.0,-1.34,10.29,9562810.0,,,254.7,0.43370508054522927,0.44114002478314746,0.7992565055762082,0.7769516728624535,0.9739776951672863,0.34944237918215615,0.5377942998760843,0.6291,0.7471,0.6335
PAYS,PaySign Inc,Technology,Software - Infrastructure,47.52,28.98,354.17,48.08,-4.5,14.180000000000001,3.98,74.61,244.76,0.84,-15.659999999999998,1.0,679450.0,1.14,12.17,Aug 05/a,13.5,687140000.0,HIGH,-1.31,-0.39,0.74,4.0,0.1544,False,-2.87,True,15.08,5.768,4.287,-2.9533,-11.09,1.174,14.0,-6.01,27.0,33.79,12.83,9852706.0,,,5.2,0.48946716232961585,0.7571251548946716,0.5662949194547707,0.8265179677819083,0.19330855018587362,0.9343246592317225,0.677819083023544,0.6278,0.499,0.6109
VRDN,Viridian Therapeutics Inc,Healthcare,Biotechnology,,,4.56,278.67,20.14,11.36,18.35,33.93,-24.12,1.1,-36.34,1.0,1890000.0,0.64,21.83,Aug 06/b,36.07,2470000000.0,HIGH,-3.85,-4.19,1.06,1.46,0.1531,False,-4.83,True,3.49,3.94,4.64,-2.4964,-10.7,0.861,19.0,-3.85,27.0,5.36,22.2,28596383.0,,,62.5,0.6121437422552665,0.7732342007434945,0.5762081784386617,0.4454770755885997,0.5867410161090458,0.7732342007434945,0.5693928128872366,0.6278,0.5766,0.6044
FUBO,fuboTV Inc,Communication Services,Broadcasting,2.53,,10.99,289.96,-6.49,1.8799999999999997,22.91,9.98,-22.29,2.38,-80.74,1.4,1480000.0,1.21,10.91,Aug 05/b,17.0,1190000000.0,HIGH,15.58,5.7,1.41,20.89,0.2098,True,10.18,True,18.95,6.145,6.613,-3.5326,-5.23,0.796,1.0,2.95,28.0,24.29,11.87,12995579.0,,,43.2,0.3308550185873606,0.9250309789343246,0.36802973977695164,0.32899628252788105,0.8574969021065675,0.9553903345724907,0.9442379182156134,0.6276,0.7454,0.6182
SKT,Tanger Inc,Real Estate,REIT - Retail,33.17,31.79,8.9,11.15,-0.52,1.24,5.93,-10.83,1.46,1.09,-14.85,2.55,970180.0,0.8,36.21,Aug 04/a,41.3,4160000000.0,HIGH,-5.31,-2.47,1.02,0.0,0.0814,False,-3.5,False,-7.37,1.76,2.172,-0.861,-14.48,0.808,34.0,-12.99,28.0,-10.31,36.37,27464230.0,,,13.6,0.9789343246592317,0.6431226765799256,0.8760842627013631,0.3451053283767038,0.5408921933085502,0.37732342007434944,0.4993804213135068,0.6269,0.6248,0.5606
IRON,Disc Medicine Inc,Healthcare,Biotechnology,,,2.44,,-2.38,1.6399999999999997,26.13,-3.9800000000000004,10.53,0.92,-32.36,1.0,546060.0,1.11,67.3,Jul 30/b,102.58,2580000000.0,HIGH,-13.9,-10.31,1.43,-8.59,0.1886,False,-12.22,False,-11.17,4.549,4.804,-1.9491,-17.59,1.384,14.0,-14.85,32.0,-6.45,68.92,37795392.0,,,48.8,0.7633209417596035,0.540272614622057,0.4380421313506815,0.9008674101610905,0.8674101610904585,0.24659231722428748,0.21313506815365552,0.6261,0.4769,0.6945
VOR,Vor Biopharma Inc,Healthcare,Biotechnology,,,99.54,,-10.1,20.34,23.64,58.64,62.21,1.76,-55.32,1.33,1150000.0,0.63,22.32,Aug 12/a,39.0,1320000000.0,HIGH,0.3,-8.05,1.21,5.61,0.146,False,-1.39,True,6.49,5.481,5.589,-3.6482,-11.23,0.912,6.0,-4.79,22.0,3.31,23.08,17189021.0,,,69.0,0.30607187112763323,0.7496902106567535,0.6096654275092936,0.5291201982651796,0.7317224287484511,0.828996282527881,0.7422552664188352,0.6259,0.6993,0.599
SNDA,Sonida Senior Living Inc,Healthcare,Medical Care Facilities,,,-218.14,122.02,-24.73,20.46,7.14,14.78,9.73,0.73,-10.58,1.5,604760.0,0.49,39.69,Aug 10/b,49.5,1910000000.0,HIGH,2.05,1.97,0.9,7.36,0.1113,True,1.91,False,-0.14,3.99,3.515,-2.1563,-10.27,0.87,35.0,-4.46,25.0,-1.17,39.83,18928947.0,,,24.3,0.6964064436183395,0.7930607187112764,0.758364312267658,0.45786864931846344,0.3847583643122677,0.6617100371747212,0.7899628252788105,0.6254,0.6589,0.5502
ASAN,Asana Inc,Technology,Software - Application,,20.89,17.05,9.9,-0.16,3.5900000000000003,28.52,27.860000000000003,39.91,1.17,-38.63,2.59,5500000.0,1.05,9.5,Sep 03/a,10.08,2180000000.0,HIGH,9.4,9.9,1.26,14.71,0.2496,True,2.52,True,12.44,6.352,7.091,-4.9549,-8.09,1.138,12.0,2.33,6.0,9.65,9.66,51621918.0,,,4.3,0.1449814126394052,0.8500619578686494,0.27385377942998756,0.8017348203221809,0.7670384138785625,0.9083023543990086,0.9064436183395291,0.6243,0.6748,0.6555
IKT,Inhibikase Therapeutics Inc,Healthcare,Biotechnology,,,-1.81,,0.0,12.98,17.99,38.32,16.67,0.88,-11.49,1.0,750240.0,0.64,2.31,Aug 11/a,6.0,322330000.0,HIGH,0.0,-1.65,1.2,5.31,0.1073,False,-1.36,True,3.45,4.277,3.556,-2.616,-8.43,0.517,7.0,-4.4,23.0,-0.42,2.39,978468.0,,,151.0,0.5836431226765799,0.8358116480793061,0.7781908302354399,0.048327137546468404,0.7261462205700124,0.7719950433705081,0.7317224287484511,0.624,0.744,0.5325
LILA,Liberty Latin America Ltd,Communication Services,Telecom Services,,72.27,93.94,1.46,2.65,-17.53,3.51,69.17,68.51,0.64,-0.22,2.6,716570.0,0.36,8.88,Aug 05/a,9.17,1730000000.0,HIGH,4.23,2.07,0.64,9.54,0.0842,True,3.49,True,8.5,2.432,1.747,-1.9419,-0.34,0.644,2.0,1.95,27.0,5.85,8.87,3216097.0,,,3.4,0.7695167286245354,0.9975216852540273,0.8698884758364313,0.1332094175960347,0.1127633209417596,0.8599752168525403,0.8413878562577447,0.6238,0.6314,0.4689
HTFL,Heartflow Inc,Healthcare,Health Information Services,,,-65.19,47.57,-10.13,33.62,9.38,47.26,130.36,2.73,-6.660000000000001,1.5,1900000.0,1.07,48.33,Aug 13/a,44.78,4200000000.0,HIGH,18.12,3.75,0.74,23.43,0.188,True,2.89,True,39.41,4.867,4.562,-3.6026,-4.32,1.22,10.0,3.68,21.0,59.75,49.54,103705065.0,,,-9.6,0.3159851301115242,0.9417596034696406,0.4423791821561338,0.8475836431226765,0.19330855018587362,1.0,0.9578686493184635,0.6235,0.5739,0.5892
ARQT,Arcutis Biotherapeutics Inc,Healthcare,Biotechnology,113.52,17.73,188.25,59.32999999999999,-0.75,-1.05,15.12,-8.09,3.3000000000000003,1.59,-26.0,1.29,1750000.0,1.98,23.51,Aug 05/a,37.0,2960000000.0,HIGH,-5.23,-0.49,1.06,0.08,0.1491,False,-1.21,False,-7.13,3.39,3.955,-2.0659,-18.67,1.521,49.0,-6.9,27.0,-8.17,24.27,46923471.0,,,52.5,0.7261462205700124,0.516728624535316,0.5960346964064436,0.926270136307311,0.5867410161090458,0.3872366790582404,0.5037174721189591,0.6232,0.5563,0.6566
CNR,Core Natural Resources Inc,Energy,Thermal Coal,47.71,15.0,459.06,3.51,-4.57,-0.1,3.75,7.73,-3.2,0.23,-17.67,1.4,578580.0,0.84,94.51,Aug 06/b,111.6,4690000000.0,HIGH,0.45,-3.86,0.83,5.76,0.1251,False,-1.69,True,6.78,3.473,2.004,-2.017,-8.17,0.793,8.0,-4.88,27.0,15.08,96.3,47668202.0,,,15.9,0.7434944237918215,0.8444857496902106,0.6976456009913259,0.31970260223048325,0.28934324659231725,0.8339529120198265,0.748451053283767,0.6214,0.5955,0.5466
IMMR,Immersion Corp,Technology,Software - Application,21.43,,705.96,0.8100000000000002,-7.44,13.88,8.29,9.66,12.24,1.0,-11.18,2.0,572530.0,0.7,7.15,Sep 14/b,13.5,237330000.0,HIGH,-3.99,-5.5,0.96,1.32,0.0745,False,-4.52,False,-0.84,2.764,3.883,-1.5815,-10.43,0.593,12.0,-6.24,1.0,0.0,7.21,2667218.0,,,87.2,0.8525402726146221,0.7837670384138785,0.9008674101610905,0.08921933085501858,0.4591078066914498,0.6431226765799256,0.5576208178438662,0.6214,0.631,0.511
EVLV,Evolv Technologies Holdings Inc,Industrials,Security & Protection Services,,,78.96,34.44,-3.58,1.07,5.73,-16.64,-1.54,1.73,-42.0,1.0,2080000.0,1.25,5.11,Aug 11/a,9.85,925550000.0,HIGH,-5.67,1.78,1.73,-0.36,0.1516,False,-0.77,False,-7.01,3.311,5.911,-2.4811,-22.58,1.125,26.0,-13.2,23.0,-9.79,5.16,9822830.0,,REVIEW,90.9,0.6146220570012392,0.41759603469640644,0.5848822800495663,0.781908302354399,0.9349442379182156,0.39281288723667906,0.4795539033457249,0.6211,0.6478,0.6811
APPN,Appian Corp,Technology,Software - Infrastructure,,26.75,-3759.52,19.11,-0.5,-1.53,9.94,62.96000000000001,47.84,0.92,-17.67,3.11,879210.0,0.84,37.92,Aug 06/b,34.0,2720000000.0,HIGH,9.74,10.79,1.32,15.05,0.2861,True,0.3,True,19.64,6.009,8.322,-4.5902,-13.05,1.444,12.0,-0.36,27.0,27.87,38.31,34690140.0,,,-11.3,0.16480793060718713,0.6852540272614622,0.19083023543990085,0.9175960346964065,0.8066914498141264,0.9591078066914498,0.9107806691449815,0.6207,0.6636,0.7121
ASO,Academy Sports and Outdoors Inc,Consumer Cyclical,Specialty Retail,8.41,7.14,17.1,2.97,-0.54,1.46,15.57,2.42,-10.74,0.95,-19.22,2.19,1700000.0,1.36,50.44,Sep 09/b,58.84,3110000000.0,HIGH,17.68,21.34,1.02,22.99,0.3492,True,16.79,True,14.71,4.014,3.613,-4.2051,-4.62,2.153,4.0,21.34,4.0,21.34,54.25,109323875.0,,,8.5,0.20446096654275092,0.9380421313506815,0.12143742255266421,0.9814126394052045,0.5408921933085502,0.9306071871127634,0.9541511771995044,0.6195,0.5804,0.6643
TIC,TIC Solutions Inc,Industrials,Specialty Business Services,,,-3105.26,86.14,0.0,0.79,14.68,12.4,26.450000000000003,2.73,-35.69,1.57,1950000.0,0.7,9.61,Aug 06/b,12.25,2100000000.0,HIGH,-1.87,-1.36,1.0,3.44,0.0894,False,-0.07,True,10.15,3.902,2.333,-2.52,-12.97,0.675,27.0,15.28,27.0,15.28,9.43,13061000.0,,,29.9,0.6059479553903345,0.6877323420074349,0.8574969021065675,0.16356877323420074,0.516728624535316,0.8847583643122676,0.6505576208178439,0.6194,0.6725,0.5428
GO,Grocery Outlet Holding Corp,Consumer Defensive,Grocery Stores,,17.17,11.9,1.1,9.4,-2.69,25.85,19.44,89.92,0.66,-35.38,3.19,2620000.0,0.59,11.49,Aug 12/a,10.68,1140000000.0,HIGH,1.48,-0.77,0.74,6.79,0.1492,False,-0.59,True,10.64,4.585,4.889,-3.0019,-7.97,1.054,7.0,-2.91,22.0,14.65,11.66,30752429.0,,,-8.4,0.46964064436183395,0.8550185873605948,0.5947955390334573,0.711276332094176,0.19330855018587362,0.8897149938042132,0.7794299876084263,0.619,0.5482,0.566
PENN,PENN Entertainment Inc,Consumer Cyclical,Resorts & Casinos,,12.11,308.56,5.24,0.0,-1.69,11.06,-18.77,26.899999999999995,1.36,-20.66,1.87,3050000.0,0.89,17.74,Aug 06/b,24.75,2380000000.0,HIGH,-3.49,6.19,1.15,1.82,0.1578,True,2.14,False,-6.5,3.46,2.944,-2.0429,-19.46,1.197,54.0,-17.73,27.0,-8.26,18.0,44960767.0,,,37.5,0.7360594795539034,0.4913258983890954,0.5588599752168526,0.8339529120198265,0.6809169764560099,0.41016109045848825,0.5836431226765799,0.6185,0.6054,0.6653
MCHB,Mechanics Bancorp,Financial,Banks - Regional,12.42,12.96,211.23,167.34,-0.0,-1.51,13.65,3.06,7.41,1.43,-10.73,2.0,560020.0,0.71,15.51,Jul 29/b,17.83,3590000000.0,HIGH,-7.58,-0.45,0.94,-2.27,0.1117,False,-2.95,False,-4.5,1.726,1.615,-0.9129,-10.93,0.779,24.0,-7.36,33.0,-2.27,15.48,6756528.0,,,15.2,0.966542750929368,0.7645600991325898,0.7521685254027262,0.2992565055762082,0.4392812887236679,0.4888475836431227,0.3965303593556382,0.6184,0.516,0.5485
BOX,Box Inc,Technology,Software - Infrastructure,50.22,20.04,75.37,9.23,-4.0,-1.26,12.86,36.42,42.92,0.72,-4.24,2.58,2790000.0,1.03,34.8,Aug 25/a,38.71,4770000000.0,HIGH,7.96,1.63,0.78,13.27,0.1288,True,2.31,True,8.56,3.567,2.496,-2.0252,-4.07,0.731,7.0,0.78,13.0,5.64,34.86,102202793.0,,,11.0,0.7397769516728625,0.9491945477075588,0.6877323420074349,0.23482032218091697,0.2342007434944238,0.862453531598513,0.8897149938042132,0.618,0.6325,0.5178
HCC,Warrior Met Coal Inc,Basic Materials,Coking Coal,22.03,11.16,1451.22,70.56,-11.59,3.15,7.79,-4.47,8.12,0.72,-17.79,1.67,654060.0,1.84,91.6,Aug 05/a,105.86,4840000000.0,HIGH,-3.21,-9.59,1.32,2.1,0.1473,False,-8.19,True,3.9,4.681,2.779,-2.758,-14.32,0.789,8.0,-10.14,27.0,13.24,95.46,54742751.0,,,10.9,0.5514250309789344,0.6480793060718711,0.6028500619578687,0.315365551425031,0.8066914498141264,0.7812887236679058,0.5947955390334573,0.6176,0.6608,0.6137
MC,Moelis & Co,Financial,Capital Markets,21.21,15.45,16.45,12.05,-0.8100000000000002,-0.57,7.14,-11.81,17.49,1.89,-22.1,2.82,902380.0,0.98,60.93,Jul 29/a,72.2,4940000000.0,HIGH,-6.02,-8.81,0.83,-0.71,0.1079,False,-6.64,False,-6.76,3.582,3.413,-1.9389,-13.68,1.135,22.0,-5.37,32.0,-3.89,62.71,47178020.0,,,15.1,0.7732342007434945,0.6672862453531598,0.7769516728624535,0.7961586121437423,0.28934324659231725,0.40272614622057,0.46220570012391576,0.6176,0.5048,0.5654
CWT,California Water Service Group,Utilities,Utilities - Regulated Water,21.53,17.44,32.11,16.47,-2.78,6.92,3.96,5.4,6.2,0.47,-11.15,1.25,523610.0,0.81,47.82,Jul 30/b,55.75,2960000000.0,HIGH,-2.88,-3.29,0.74,2.43,0.0564,False,-3.18,False,-3.78,1.927,2.011,-0.9741,-10.39,0.77,34.0,-5.04,32.0,-4.5,48.23,25856862.0,,,15.6,0.9491945477075588,0.7868649318463445,0.9603469640644362,0.2825278810408922,0.19330855018587362,0.5278810408921933,0.6059479553903345,0.6167,0.5885,0.4882
UE,Urban Edge Properties,Real Estate,REIT - Retail,37.76,41.57,-69.32,7.62,-60.089999999999996,-1.9799999999999998,2.85,-11.95,-3.17,1.0,-16.3,2.33,922350.0,0.96,20.18,Aug 06/a,24.17,2690000000.0,HIGH,-5.81,-1.81,0.78,-0.5,0.0731,False,-3.23,False,-6.95,1.498,2.138,-0.6126,-13.96,0.891,42.0,-9.54,26.0,-4.46,20.58,16574887.0,,,17.4,0.9987608426270136,0.6561338289962825,0.9058240396530359,0.49876084262701365,0.2342007434944238,0.3965303593556382,0.4721189591078067,0.615,0.5309,0.5321
MAT,Mattel Inc,Consumer Cyclical,Leisure,9.88,8.47,-138.44,10.48,-1.3,0.16,9.22,-6.480000000000001,-14.85,0.69,-40.3,2.05,4260000.0,1.41,13.42,Aug 04/a,17.83,3830000000.0,HIGH,-3.77,-0.78,0.94,1.54,0.1212,False,-3.56,False,-2.9,2.912,1.711,-1.8178,-10.35,0.817,35.0,-2.16,28.0,-2.97,14.03,47719762.0,,,27.1,0.8004956629491945,0.7893432465923172,0.711276332094176,0.3680297397769517,0.4392812887236679,0.5768277571251549,0.573729863692689,0.6142,0.5747,0.5462
CCO,Clear Channel Outdoor Holdings Inc,Communication Services,Advertising Agencies,,192.56,-129.36,8.75,-17.07,6.15,7.52,-0.83,0.0,2.02,-2.46,3.25,8010000.0,0.83,2.38,Aug 05/b,2.43,1210000000.0,HIGH,2.59,0.0,0.49,7.9,0.03,True,0.29,False,-0.53,0.9,0.42,-0.8795,-2.46,0.278,29.0,-1.65,28.0,-1.65,2.38,16660501.0,,,2.1,0.9752168525402726,0.9714993804213135,0.9975216852540273,0.02973977695167286,0.05390334572490706,0.6517967781908303,0.8091697645600991,0.6133,0.6391,0.4277
BTU,Peabody Energy Corp,Energy,Thermal Coal,,10.26,-227.43,12.710000000000003,-0.7,-1.9299999999999997,10.0,2.42,-23.98,0.31,-35.2,1.57,2480000.0,1.3,26.66,Jul 29/b,31.64,3250000000.0,HIGH,5.56,-7.13,1.16,10.87,0.1823,False,-2.59,True,8.81,4.682,2.486,-3.3862,-10.07,0.888,10.0,-5.43,33.0,31.36,27.35,60692122.0,,,15.7,0.37298636926889717,0.7967781908302355,0.4591078066914498,0.49008674101610905,0.6939281288723668,0.8661710037174721,0.8636926889714994,0.6132,0.6914,0.6058
VGZ,Vista Gold Corp,Basic Materials,Gold,,,-7.41,,0.0,4.79,5.43,-13.25,5.88,1.33,-30.990000000000002,1.0,1850000.0,0.64,2.16,Jul 29/a,4.5,315300000.0,HIGH,-5.24,-3.56,2.42,0.07,0.1865,False,-5.12,True,7.56,4.97,5.53,-3.5881,-14.57,0.858,16.0,-10.33,32.0,26.9,2.17,2402774.0,,,107.4,0.3184634448574969,0.6381660470879802,0.44857496902106564,0.43804213135068154,0.9888475836431226,0.8438661710037175,0.5012391573729864,0.6127,0.6317,0.6473
OTF,Blue Owl Technology Finance Corp,Financial,Asset Management,13.11,7.7,-22.19,4.65,0.03,,1.34,-1.3,-13.08,-0.43,-32.0,1.89,2620000.0,0.72,10.59,Aug 05/a,13.61,4850000000.0,HIGH,-4.49,-3.36,0.82,0.82,0.1029,False,-4.67,False,-1.12,2.683,2.446,-1.5222,-10.07,0.776,24.0,-6.67,27.0,2.02,10.63,27126384.0,,,28.0,0.8605947955390335,0.7967781908302355,0.8042131350681536,0.29615861214374223,0.275092936802974,0.6338289962825279,0.5353159851301115,0.6111,0.5379,0.5164
TNL,Travel+Leisure Co,Consumer Cyclical,Travel Services,17.8,7.37,5.86,4.42,-9.1,3.83,12.47,-12.01,-4.72,1.2,-19.26,1.15,721760.0,1.03,65.4,Jul 22/b,90.69,4000000000.0,HIGH,-10.18,2.13,1.43,-4.87,0.1942,False,-4.58,False,-9.11,2.601,2.191,-1.8754,-16.73,1.036,34.0,-13.26,38.0,-9.76,66.19,45015564.0,,,37.0,0.7905824039653035,0.5712515489467163,0.41449814126394047,0.69454770755886,0.8674101610904585,0.3271375464684015,0.31784386617100374,0.6109,0.5117,0.6699
JBI,Janus International Group Inc,Industrials,Building Products & Equipment,18.56,6.79,-47.02,2.37,0.0,-2.58,4.68,-15.72,-16.51,1.42,-58.8,1.8,1690000.0,0.94,4.45,Aug 11/b,7.62,607140000.0,HIGH,-10.76,-7.88,1.54,-5.45,0.1662,False,-7.49,False,-11.34,4.397,3.289,-2.4333,-20.56,1.399,29.0,-15.87,24.0,-9.88,4.56,8999775.0,,,67.1,0.6257744733581165,0.4646840148698885,0.5229244114002478,0.9045848822800495,0.8996282527881041,0.241635687732342,0.298636926889715,0.6099,0.5462,0.6679
TREX,TREX Co Inc,Industrials,Building Products & Equipment,25.78,21.62,-14.57,7.79,-0.27,-6.09,10.4,-5.91,15.03,1.48,-28.559999999999995,2.23,1910000.0,0.63,43.63,Aug 04/b,54.67,4440000000.0,HIGH,-10.44,-4.63,1.1,-5.13,0.1426,False,-4.78,False,-4.9,3.544,3.459,-2.1618,-14.32,0.949,22.0,-11.85,29.0,-2.61,43.66,62955100.0,,,25.2,0.6926889714993805,0.6480793060718711,0.6251548946716232,0.5861214374225526,0.6381660470879802,0.4684014869888476,0.30855018587360594,0.6098,0.5024,0.5963
OII,Oceaneering International Inc,Energy,Oil & Gas Equipment & Services,13.73,20.2,20.2,10.03,-6.08,3.38,6.61,25.840000000000003,41.53,1.25,-12.11,3.0,1080000.0,0.94,47.68,Jul 22/a,46.0,4750000000.0,HIGH,-13.95,-8.13,1.19,-8.64,0.1326,False,-8.93,False,-3.65,4.357,9.128,-3.0352,-14.18,0.97,20.0,-10.8,37.0,3.47,46.56,47111799.0,,,-1.2,0.4646840148698885,0.6517967781908303,0.6666666666666667,0.6183395291201983,0.7193308550185874,0.5353159851301115,0.21065675340768278,0.6094,0.5001,0.5844
ESRT,Empire State Realty Trust Inc,Real Estate,REIT - Diversified,235.0,,-494.26,2.95,0.0,-2.22,6.7,-20.19,-18.02,1.41,-47.39,2.67,2270000.0,2.11,4.23,Jul 29/a,5.9,732350000.0,HIGH,-7.94,-2.5,1.56,-2.63,0.1802,False,-5.7,False,-14.02,3.03,2.797,-1.8311,-27.78,2.188,33.0,-24.2,32.0,-14.2,4.29,12386688.0,,,37.5,0.7967781908302355,0.30855018587360594,0.47087980173482036,0.9838909541511772,0.9076827757125155,0.17596034696406443,0.3878562577447336,0.6073,0.5687,0.7161
SGMT,Sagimet Biosciences Inc,Healthcare,Biotechnology,,,18.57,,-9.01,125.29,17.61,61.67,103.49999999999999,3.44,-8.64,1.08,1260000.0,0.68,10.46,Aug 11/b,29.33,644240000.0,HIGH,4.31,1.59,0.49,9.62,0.1088,True,2.31,True,20.87,4.723,2.528,-2.3066,-4.97,0.744,3.0,0.18,24.0,14.29,10.88,11148765.0,,,169.6,0.6592317224287485,0.9306071871127634,0.775092936802974,0.2534076827757125,0.05390334572490706,0.9640644361833953,0.8438661710037175,0.6061,0.5862,0.4827
CYRX,CryoPort Inc,Industrials,Integrated Freight & Logistics,,,24.23,7.739999999999999,-12.46,2.05,5.6,9.98,103.86999999999999,1.97,-5.17,1.22,624390.0,1.1,16.31,Aug 06/a,19.33,826090000.0,HIGH,4.18,3.17,0.91,9.49,0.1465,False,-0.01,True,1.76,3.827,3.697,-2.7686,-7.21,0.875,17.0,-2.15,26.0,8.5,15.96,8324688.0,,,21.1,0.5477075588599752,0.8785625774473358,0.6084262701363072,0.46902106567534074,0.3996282527881041,0.7261462205700124,0.8401486988847584,0.6049,0.6385,0.5356
PEPG,PepGen Inc,Healthcare,Biotechnology,,,63.49,,-0.02,-5.15,5.98,88.89,-45.98,1.97,-62.95,1.38,958760.0,0.59,2.89,Aug 06/b,10.19,200160000.0,HIGH,-2.3,-7.48,0.99,3.01,0.1493,False,-4.3,True,14.69,7.576,6.397,-3.551,-16.81,1.045,16.0,-2.14,27.0,50.0,2.97,2260420.0,,,243.1,0.3271375464684015,0.5693928128872366,0.5935563816604709,0.7044609665427509,0.5030978934324659,0.929368029739777,0.6288723667905824,0.6045,0.5805,0.616
MLYS,Mineralys Therapeutics Inc,Healthcare,Biotechnology,,,-330.32,,-0.17,12.12,15.39,20.86,12.36,0.62,-39.33,1.22,1120000.0,1.6,28.91,Aug 11/a,48.5,2560000000.0,HIGH,11.13,-6.97,1.07,16.44,0.2644,True,6.25,True,6.22,5.505,5.941,-4.491,-9.5,1.849,5.0,2.62,23.0,7.02,28.95,31035843.0,,,67.5,0.17596034696406443,0.8141263940520446,0.24411400247831472,0.9702602230483272,0.6003717472118959,0.8215613382899628,0.9206939281288724,0.6044,0.6216,0.642
SKWD,Skyward Specialty Insurance Group Inc,Financial,Insurance - Property & Casualty,13.46,10.46,15.7,52.93,-0.12,3.55,5.29,17.41,29.39,0.32,-11.97,1.64,551150.0,0.57,57.83,Aug 04/a,70.92,2570000000.0,HIGH,1.35,3.22,0.9,6.66,0.0554,True,1.89,False,-1.51,2.653,2.067,-1.8882,-11.17,0.631,28.0,-5.23,28.0,-5.23,58.35,23072985.0,,,21.5,0.781908302354399,0.7521685254027262,0.9628252788104089,0.11771995043370508,0.3847583643122677,0.6232961586121437,0.7781908302354399,0.6038,0.7156,0.4769
TILE,Interface Inc,Consumer Cyclical,"Furnishings, Fixtures & Appliances",13.89,14.2,59.98,5.37,-9.17,2.96,8.06,9.63,26.13,2.0,-15.14,1.0,504490.0,0.86,34.37,Aug 07/b,45.25,1990000000.0,HIGH,-9.49,-2.82,0.98,-4.18,0.1948,False,-7.45,False,-3.22,3.278,1.597,-1.8881,-14.99,1.094,18.0,-10.62,26.0,-1.91,34.43,18160704.0,,,31.4,0.7831474597273854,0.620817843866171,0.41263940520446096,0.7540272614622057,0.4882280049566295,0.5551425030978935,0.3382899628252788,0.6023,0.4056,0.6451
INDV,Indivior Pharmaceuticals Inc,Healthcare,Drug Manufacturers - Specialty & Generic,12.15,7.41,588.52,13.58,-1.81,-11.62,9.36,-10.89,10.49,1.18,-20.07,1.25,2060000.0,1.31,34.22,Aug 03/b,49.0,4040000000.0,HIGH,-11.8,0.44,1.75,-6.49,0.1874,False,-3.88,False,-9.7,2.477,2.495,-1.199,-19.48,0.899,,,30.0,-7.76,34.47,70458691.0,,,42.2,0.9157372986369269,0.48946716232961585,0.44671623296158613,0.5092936802973977,0.9399008674101611,0.30916976456009915,0.2701363073110285,0.6017,0.524,0.6685
OMER,Omeros Corp,Healthcare,Biotechnology,11.94,17.17,134.01,,-3.2199999999999998,8.42,18.41,84.03,54.13,2.58,-12.619999999999997,2.0,1950000.0,0.85,17.17,Aug 12/a,44.0,1240000000.0,HIGH,0.58,-8.68,1.07,5.89,0.1422,False,-6.34,True,21.04,4.717,5.04,-3.1096,-11.15,0.712,4.0,-8.68,22.0,27.35,17.46,29233366.0,,,152.0,0.4399008674101611,0.7534076827757125,0.6288723667905824,0.21437422552664187,0.6003717472118959,0.9653035935563816,0.7521685254027262,0.6004,0.6696,0.555
PUBM,PubMatic Inc,Technology,Software - Application,,113.07,76.36,10.55,-10.61,4.17,6.15,46.29,104.88,1.57,-9.0,1.54,623760.0,1.02,16.78,Aug 06/a,20.27,764330000.0,HIGH,-3.94,1.84,0.69,1.37,0.091,False,-0.08,True,10.14,3.952,2.634,-2.3273,-10.03,0.758,26.0,23.07,26.0,23.07,16.59,10110821.0,,,22.2,0.6555142503097894,0.8004956629491945,0.8500619578686494,0.26889714993804215,0.1406443618339529,0.8835192069392813,0.5625774473358116,0.5999,0.5222,0.4871
VVV,Valvoline Inc,Consumer Cyclical,Auto & Truck Dealerships,35.81,14.21,13.98,24.05,2.27,-1.69,10.36,-25.900000000000002,-16.24,1.04,-31.620000000000005,1.61,2089999.9999999998,2.15,28.26,Aug 05/b,43.69,3610000000.0,HIGH,-10.15,-0.72,1.48,-4.84,0.1633,False,-5.67,False,-14.6,2.504,2.667,-1.3097,-26.07,1.107,42.0,-22.88,28.0,-17.87,30.37,61154058.0,,,43.9,0.8946716232961586,0.34882280049566294,0.5371747211895911,0.7670384138785625,0.8828996282527881,0.16480793060718713,0.32032218091697645,0.5992,0.5542,0.6774
BSIN,Big Sky Industrial Inc,Energy,Oil & Gas E&P,,20.25,76.54,5.23,0.09,6.909999999999999,2.6,58.82000000000001,54.28999999999999,0.88,-1.82,1.0,1600000.0,0.68,1.62,Aug 11/b,2.75,85040000.0,HIGH,16.2,8.55,1.21,21.51,0.2097,True,9.38,True,22.57,5.108,4.242,-3.2557,0.0,0.629,1.0,5.1,24.0,36.36,1.65,1334597.0,,,66.7,0.40396530359355637,1.0,0.36926889714993805,0.11586121437422553,0.7317224287484511,0.9739776951672863,0.9479553903345725,0.5991,0.7095,0.5564
ARLO,Arlo Technologies Inc,Industrials,Building Products & Equipment,48.83,13.19,-5.54,20.5,-6.309999999999999,1.0,11.1,2.35,-2.52,1.58,-32.2,1.14,1300000.0,1.11,13.52,Aug 06/a,21.0,1450000000.0,HIGH,0.36,-2.48,0.88,5.67,0.1151,True,3.6,True,0.79,4.371,5.959,-3.1073,-17.16,1.143,31.0,-4.91,26.0,-9.65,13.76,16735931.0,,,52.6,0.44114002478314746,0.5563816604708798,0.7397769516728625,0.8060718711276332,0.3618339529120198,0.6889714993804213,0.7459727385377943,0.599,0.6289,0.5745
PARR,Par Pacific Holdings Inc,Energy,Oil & Gas Refining & Marketing,4.88,6.56,699.13,56.8,-18.87,-3.37,9.6,56.32,57.379999999999995,0.75,-3.94,1.43,972020.0,1.01,83.6,Aug 04/a,86.57,4190000000.0000005,HIGH,-0.45,-0.46,1.16,4.86,0.1716,True,2.8,True,6.3,5.114,7.834,-3.4051,-6.12,0.784,4.0,-0.46,28.0,16.85,81.7,65956362.0,,,6.0,0.3655514250309789,0.8996282527881041,0.4993804213135068,0.3048327137546468,0.6939281288723668,0.8240396530359355,0.7193308550185874,0.5979,0.6457,0.5471
BFAM,Bright Horizons Family Solutions Inc,Consumer Cyclical,Personal Services,21.32,11.45,-17.28,6.509999999999999,-1.54,-2.29,5.39,5.64,-11.84,1.17,-40.8,2.27,849380.0,1.43,67.41,Jul 30/a,89.44,3280000000.0,HIGH,-4.87,0.39,1.17,0.44,0.196,False,-6.03,False,-9.03,3.371,3.006,-1.8811,-19.46,1.277,35.0,-11.75,31.0,-10.29,66.87,51469280.0,,,33.8,0.7868649318463445,0.4913258983890954,0.41016109045848825,0.8674101610904585,0.7026022304832714,0.32837670384138784,0.5216852540272615,0.5978,0.5425,0.6713
KODK,Eastman Kodak Co,Industrials,Specialty Business Services,,,135.29,18.25,0.01,4.33,9.22,-2.96,27.11,1.58,-38.2,,903420.0,0.57,9.19,Aug 04/a,,899700000.0,HIGH,-8.32,-1.51,0.92,-3.01,0.141,False,-2.47,True,2.35,3.353,1.532,-1.9798,-11.35,0.775,24.0,-8.51,28.0,2.35,9.14,8010302.0,,,,0.7571251548946716,0.7410161090458488,0.6332094175960348,0.2936802973977695,0.41201982651796776,0.7422552664188352,0.3742255266418835,0.5966,0.4633,0.5513
LAZ,Lazard Inc,Financial,Capital Markets,18.94,10.04,-93.64,0.29,-18.2,9.43,9.68,-12.32,-3.5699999999999994,1.45,-34.25,2.6,1970000.0,1.02,38.63,Jul 23/b,47.38,3760000000.0,HIGH,-9.17,-9.78,1.36,-3.86,0.1203,False,-8.08,False,-7.8,4.591,5.41,-2.3459,-15.36,0.84,22.0,-8.73,37.0,-7.69,39.74,49676163.0,,,19.2,0.6468401486988847,0.6034696406443618,0.7162329615861214,0.4045848822800496,0.8308550185873605,0.3655514250309789,0.3469640644361834,0.5946,0.6029,0.562
PCRX,Pacira BioSciences Inc,Healthcare,Drug Manufacturers - Specialty & Generic,69.39,7.01,208.35,6.24,-2.79,0.96,19.19,5.89,6.13,0.26,-12.94,2.25,575170.0,1.43,24.08,Aug 04/a,29.75,959870000.0,HIGH,6.2,-4.6,0.85,11.51,0.1522,False,-2.61,False,-3.0,2.758,5.429,-1.8304,-10.77,0.908,8.0,-6.76,28.0,-0.76,24.68,12543729.0,,,20.5,0.7980173482032218,0.7707558859975217,0.580545229244114,0.5223048327137546,0.32589838909541513,0.5662949194547707,0.8674101610904585,0.594,0.6189,0.5531
MFIC,MidCap Financial Investment Corp,Financial,Asset Management,,7.25,-209.22,6.860000000000001,0.0,,3.49,-10.09,-13.200000000000001,0.68,-27.639999999999997,2.5,549400.0,0.78,9.05,Aug 06/b,10.41,745060000.0,HIGH,-6.29,-1.73,0.72,-0.98,0.1144,False,-4.82,False,-5.83,1.917,1.65,-1.1989,-11.32,0.929,,,27.0,-4.11,9.09,4888954.0,,,14.5,0.9169764560099133,0.7428748451053284,0.7434944237918215,0.5619578686493185,0.16294919454770757,0.43246592317224286,0.44919454770755884,0.5935,0.4516,0.5186
NWL,Newell Brands Inc,Consumer Defensive,Household & Personal Products,,8.23,125.42999999999999,3.05,-6.03,8.28,10.89,18.49,44.62,0.86,-20.9,2.8,10480000.0,0.62,5.64,Jul 31/b,6.66,2400000000.0,HIGH,-4.47,-8.99,1.19,0.84,0.0999,False,-3.99,True,0.81,5.274,3.12,-3.2452,-19.07,0.846,5.0,-5.56,31.0,12.26,5.77,40143231.0,,,15.4,0.40644361833952913,0.5055762081784386,0.8166047087980174,0.41821561338289964,0.7193308550185874,0.6914498141263941,0.5365551425030979,0.5929,0.6754,0.5589
PRCH,Porch Group Inc,Financial,Insurance - Property & Casualty,,73.92,136.73,18.1,-9.88,1.52,18.78,52.86,104.71999999999998,3.16,-17.42,1.29,1780000.0,1.16,16.05,Jul 29/a,20.5,1820000000.0,HIGH,-1.43,-1.26,0.81,3.88,0.1181,False,-3.31,True,6.72,4.246,4.57,-2.2278,-10.07,0.748,8.0,-4.81,32.0,33.66,16.52,18605636.0,,,24.1,0.6765799256505576,0.7967781908302355,0.7236679058240396,0.25712515489467164,0.26394052044609667,0.8327137546468402,0.6691449814126395,0.5918,0.5639,0.5076
ZBIO,Zenas Biopharma Inc,Healthcare,Biotechnology,,,-41.57,,1.27,22.06,35.34,70.66,37.45,-0.95,-28.410000000000004,1.25,836260.0,0.86,31.93,Aug 13/b,47.0,2080000000.0,HIGH,4.62,-3.45,0.91,9.93,0.1059,False,-0.69,True,2.49,4.876,4.199,-2.9253,-6.28,0.709,14.0,0.82,22.0,9.28,31.91,22269024.0,,,47.3,0.5092936802973977,0.8946716232961586,0.7881040892193308,0.20817843866171004,0.3996282527881041,0.7478314745972738,0.8513011152416357,0.5913,0.6968,0.4662
AVBP,ArriVent BioPharma Inc,Healthcare,Biotechnology,,,-16.83,,0.0,8.02,25.09,-7.690000000000001,15.06,1.38,-21.94,1.0,530840.0,0.64,27.97,Aug 12/a,44.91,1380000000.0,HIGH,-1.52,-5.65,1.14,3.79,0.1249,False,-4.49,False,-7.28,4.801,5.023,-3.1361,-20.26,1.362,54.0,-15.97,22.0,-4.77,28.57,14067982.0,,,57.2,0.4349442379182156,0.4684014869888476,0.6988847583643123,0.8934324659231723,0.6703841387856257,0.38042131350681535,0.6641883519206939,0.5911,0.6765,0.5948
FA,First Advantage Corp,Industrials,Specialty Business Services,149.72,14.39,5322.22,14.88,-11.79,5.84,13.33,27.43,109.98999999999998,1.09,-13.919999999999998,1.9,2210000.0,0.54,21.65,Aug 06/b,26.25,3720000000.0,HIGH,9.75,8.0,0.94,15.06,0.0976,True,6.91,True,6.41,3.564,3.636,-2.8342,-11.41,0.688,1.0,5.0,27.0,8.37,22.28,29169661.0,,,17.8,0.5266418835192069,0.7385377942998761,0.8277571251548946,0.18401486988847585,0.4392812887236679,0.8265179677819083,0.9120198265179678,0.5905,0.7449,0.4941
RYAM,Rayonier Advanced Materials Inc,Basic Materials,Chemicals,,9.48,90.91,10.61,-0.03,-2.37,8.07,-9.14,-27.949999999999996,1.83,-30.380000000000003,1.0,959920.0,0.55,8.25,Aug 04/a,14.0,558060000.0,HIGH,0.0,-2.58,0.8,5.31,0.0591,False,-2.01,False,-0.56,3.58,3.245,-2.1601,-15.96,0.835,28.0,-5.02,28.0,-5.02,8.32,6293107.0,,,68.3,0.6951672862453532,0.5935563816604709,0.9516728624535316,0.3952912019826518,0.2540272614622057,0.6505576208178439,0.7317224287484511,0.59,0.6544,0.4988
ORIC,ORIC Pharmaceuticals Inc,Healthcare,Biotechnology,,,17.45,,-0.25,6.41,25.31,47.14,1.15,0.99,-17.21,1.14,1520000.0,1.35,12.36,Aug 03/a,20.67,1280000000.0,HIGH,-5.46,0.24,1.44,-0.15,0.2146,False,-4.42,True,2.38,4.746,6.561,-3.2029,-13.83,0.877,19.0,-5.46,29.0,19.34,12.65,14860075.0,,,63.4,0.41511771995043373,0.6579925650557621,0.3593556381660471,0.4758364312267658,0.8742255266418835,0.7434944237918215,0.4919454770755886,0.5877,0.5669,0.6272
GTM,ZoomInfo Technologies Inc,Technology,Software - Application,,3.71,-3081.86,1.21,-0.11,-10.95,15.68,47.89,-27.339999999999996,0.86,-66.43,3.36,8320000.0,0.8,4.2,Aug 05/a,4.63,1220000000.0,HIGH,11.44,7.44,1.19,16.75,0.1699,True,5.81,True,16.18,5.414,8.592,-3.9889,-4.01,0.678,22.0,8.55,27.0,14.48,4.19,19387007.0,,,10.5,0.23915737298636927,0.9504337050805453,0.5055762081784387,0.16852540272614622,0.7193308550185874,0.9417596034696406,0.9231722428748451,0.5875,0.7367,0.5172
TH,Target Hospitality Corp,Industrials,Specialty Business Services,,20.87,39.95,38.71,0.0,27.12,8.58,-0.8500000000000001,106.04,1.5,-10.07,1.0,1450000.0,1.52,18.75,Aug 10/b,26.33,1870000000.0,HIGH,2.66,-8.4,0.83,7.97,0.1917,True,1.1,True,7.65,5.981,4.717,-4.1355,-11.03,2.671,6.0,0.05,25.0,15.43,18.55,34884083.0,,,41.9,0.21437422552664187,0.7614622057001239,0.4225526641883519,0.990086741016109,0.28934324659231725,0.8463444857496902,0.8141263940520446,0.5874,0.5392,0.585
NMRK,Newmark Group Inc,Real Estate,Real Estate Services,17.72,6.46,-5.36,18.91,0.0,1.8900000000000001,3.76,-5.25,-1.18,1.74,-28.16,1.5,1410000.0,0.98,14.25,Jul 29/b,19.75,2580000000.0,HIGH,-6.15,-4.25,1.33,-0.84,0.1801,False,-6.98,False,-7.09,3.649,2.958,-2.8098,-13.68,0.986,18.0,-6.46,33.0,-4.63,14.2,22353015.0,,,39.1,0.5365551425030979,0.6672862453531598,0.47211895910780666,0.6412639405204461,0.8128872366790583,0.3915737298636927,0.4547707558859975,0.5869,0.5674,0.5956
FIVN,Five9 Inc,Technology,Software - Infrastructure,48.2,8.6,203.08,10.3,-4.71,9.7,11.95,59.82999999999999,109.92,1.55,-6.14,1.78,2560000.0,1.14,33.02,Aug 06/a,35.0,2470000000.0,HIGH,-0.31,1.67,1.25,5.0,0.1633,False,-2.54,True,7.86,5.005,4.913,-2.9363,-9.75,0.558,12.0,-0.78,26.0,11.91,31.75,50137703.0,,,10.2,0.5030978934324659,0.8091697645600991,0.5371747211895911,0.06815365551425032,0.7546468401486989,0.8475836431226765,0.724907063197026,0.5866,0.6775,0.5434
RPC,Ridgepost Capital Inc,Financial,Asset Management,32.82,6.8,115.43999999999998,11.29,0.06,-2.72,9.74,-6.06,8.06,0.75,-35.53,1.75,531690.0,1.09,7.91,Aug 05/b,12.75,872000000.0,HIGH,-5.63,-2.66,1.04,-0.32,0.1302,False,-5.16,False,-5.14,3.394,2.05,-1.6914,-15.35,0.825,30.0,-6.61,28.0,-9.45,8.05,4154521.0,,,58.4,0.8370508054522925,0.6047087980173482,0.6790582403965304,0.37670384138785623,0.5625774473358116,0.45539033457249073,0.48079306071871125,0.5859,0.5648,0.5579
WRBY,Warby Parker Inc,Healthcare,Medical Instruments & Supplies,400.99,40.49,358.04,9.81,-3.53,18.63,15.95,-7.73,6.2,1.9,-21.48,1.81,2920000.0,0.99,24.34,Aug 06/b,30.46,3010000000.0,HIGH,0.43,3.84,1.49,5.74,0.2048,True,1.43,False,-1.78,4.526,6.009,-3.4536,-16.88,1.066,29.0,-9.09,27.0,-4.64,25.71,57612593.0,,,18.5,0.34572490706319703,0.5656753407682775,0.3841387856257745,0.7218091697645601,0.8866171003717472,0.6096654275092936,0.7472118959107806,0.5856,0.6801,0.641
DEI,Douglas Emmett Inc,Real Estate,REIT - Office,,,49.59,1.63,0.0,5.81,18.39,-15.299999999999999,7.7,1.2,-38.17,2.92,1850000.0,0.99,10.35,Aug 04/a,13.2,1730000000.0,HIGH,-8.88,-5.63,1.08,-3.57,0.1644,False,-7.81,False,-10.46,2.71,3.027,-1.4171,-18.5,1.031,42.0,-15.3,28.0,-10.42,10.57,15469083.0,,,24.9,0.8773234200743495,0.5229244114002478,0.5328376703841388,0.6883519206939281,0.6133828996282528,0.2757125154894672,0.3543990086741016,0.5851,0.4856,0.6137
CRVS,Corvus Pharmaceuticals Inc,Healthcare,Biotechnology,,,-89.11,,0.15,1.12,29.35,8.82,-17.62,1.42,-51.95000000000001,1.12,1020000.0,1.36,12.95,Aug 06/a,33.14,1090000000.0,HIGH,-12.07,-5.89,1.42,-6.76,0.1902,False,-7.66,False,-8.2,4.823,3.051,-2.7832,-20.4,1.24,18.0,-11.6,26.0,-5.41,13.11,10790830.0,,,152.8,0.5452292441140025,0.46716232961586124,0.42936802973977695,0.8525402726146221,0.8612143742255266,0.3550185873605948,0.25960346964064435,0.5851,0.491,0.6535
FHB,First Hawaiian INC,Financial,Banks - Regional,11.22,10.31,3.04,0.71,0.0,4.19,10.23,-8.33,8.52,0.74,-15.47,3.45,2160000.0,0.98,25.85,Jul 24/b,30.78,3150000000.0,HIGH,-6.32,-0.12,0.86,-1.01,0.0871,False,-1.06,False,-6.38,1.734,1.532,-0.9002,-15.7,0.793,50.0,-13.98,36.0,-8.29,25.78,45964690.0,,,19.4,0.9702602230483272,0.5985130111524164,0.862453531598513,0.31970260223048325,0.3395291201982652,0.4144981412639405,0.4473358116480793,0.5842,0.5395,0.511
XERS,Xeris Biopharma Holdings Inc,Healthcare,Drug Manufacturers - Specialty & Generic,,20.93,-1387.6,28.74,-3.65,1.42,4.65,8.87,36.43,0.71,-25.69,1.43,1870000.0,0.63,7.49,Aug 06/b,12.29,1370000000.0,HIGH,-11.15,-10.73,1.25,-5.84,0.2054,False,-9.96,False,-9.68,4.539,2.246,-2.4706,-16.08,1.231,19.0,-11.15,27.0,2.85,7.57,13340738.0,,,62.4,0.6158612143742255,0.5885997521685254,0.3816604708798017,0.8513011152416357,0.7546468401486989,0.31226765799256506,0.2850061957868649,0.5841,0.4549,0.6335
NCNO,Ncino Inc,Technology,Software - Application,72.62,13.96,136.4,8.19,-3.1400000000000006,-0.56,19.42,48.64,43.96,0.79,-29.84,1.81,2900000.0,1.21,21.91,Aug 25/a,24.08,2320000000.0,HIGH,9.64,0.18,0.8,14.95,0.2033,True,1.97,True,12.89,4.672,4.238,-3.0097,-7.93,0.973,7.0,-3.4,13.0,6.58,22.18,60595583.0,,,8.6,0.46716232961586124,0.8562577447335812,0.38785625774473353,0.6226765799256505,0.2540272614622057,0.9132589838909542,0.9083023543990086,0.5835,0.5559,0.5643
ANRO,Alto Neuroscience Inc,Healthcare,Biotechnology,,,1.28,,0.0,6.41,10.77,42.89,24.54,1.27,-19.29,1.27,553660.0,0.76,30.25,Aug 12/a,38.38,1190000000.0,HIGH,-5.71,-11.53,0.96,-0.4,0.1828,False,-8.98,True,3.55,6.214,5.761,-3.0297,-15.47,1.086,8.0,-10.0,22.0,8.57,31.68,16304324.0,,,21.1,0.46592317224287483,0.6022304832713755,0.4572490706319703,0.741635687732342,0.4591078066914498,0.7744733581164808,0.47831474597273854,0.5834,0.4662,0.6103
PSEC,Prospect Capital Corp,Financial,Asset Management,126.86,6.34,85.04,208.67,4.65,,4.42,-3.9,-11.9,0.8,-28.96,5.0,4610000.0,0.74,2.22,Aug 20/a,2.0,1170000000.0,HIGH,-0.45,0.46,0.73,4.86,0.093,False,-2.09,False,-1.55,2.468,1.818,-1.7572,-7.17,0.675,22.0,-3.93,16.0,-3.51,2.2,8513803.0,,,-9.1,0.8203221809169765,0.8816604708798017,0.8401486988847584,0.16356877323420074,0.17472118959107807,0.6195786864931846,0.7193308550185874,0.5833,0.5922,0.4445
BNL,Broadstone Net Lease Inc,Real Estate,REIT - Diversified,26.64,26.07,95.71,8.14,0.45999999999999996,6.12,10.25,-3.94,1.73,0.93,-13.55,1.73,2069999.9999999998,1.09,19.97,Jul 29/a,23.7,3830000000.0,HIGH,-4.24,-3.05,0.75,1.07,0.0589,False,-3.03,False,-5.17,1.689,2.116,-0.9711,-12.03,0.709,39.0,-10.56,32.0,-5.49,20.32,37635101.0,,,16.6,0.9504337050805453,0.7267657992565055,0.9535315985130112,0.20817843866171004,0.20817843866171004,0.45229244114002476,0.5439900867410161,0.5832,0.5661,0.4548
CUZ,Cousins Properties Inc,Real Estate,REIT - Office,714.58,60.28,84.5,11.83,-0.27,-1.33,7.24,-2.61,23.96,1.18,-15.2,1.36,1540000.0,0.78,27.94,Jul 30/a,33.73,4600000000.0,HIGH,-4.22,-1.62,0.97,1.09,0.0943,False,-3.73,False,-7.3,2.182,1.717,-1.2087,-15.17,0.769,33.0,-11.86,31.0,-11.41,27.95,36692082.0,,,20.7,0.9144981412639405,0.6121437422552665,0.8364312267657993,0.28066914498141265,0.4721189591078067,0.379182156133829,0.5464684014869888,0.5825,0.6112,0.5116
CARS,Cars.com,Communication Services,Internet Content & Information,20.46,4.56,129.33,0.67,-2.14,-4.52,14.58,21.15,55.059999999999995,1.63,-14.77,2.43,659440.0,0.69,11.8,Aug 06/b,13.08,631690000.0,HIGH,-1.26,4.09,0.92,4.05,0.1186,False,-1.2,False,-1.01,3.468,3.757,-2.2947,-12.22,0.802,34.0,-0.76,27.0,-0.26,11.71,5884356.0,,,11.7,0.6617100371747212,0.7156133828996283,0.7224287484510532,0.34138785625774476,0.41201982651796776,0.6369268897149938,0.6815365551425031,0.5817,0.6129,0.513
OUT,Outfront Media Inc,Real Estate,REIT - Specialty,20.52,19.08,323.88,13.54,-1.71,1.4,5.98,-10.28,3.35,1.53,-19.59,1.29,1760000.0,0.84,28.11,Aug 05/a,38.0,4950000000.0,HIGH,-3.46,-0.21,0.81,1.85,0.0927,False,-2.77,False,-7.45,1.998,1.426,-1.122,-15.84,0.88,47.0,-13.35,27.0,-7.7,28.75,42259513.0,,,32.2,0.9256505576208178,0.5947955390334573,0.8438661710037174,0.48141263940520446,0.26394052044609667,0.37174721189591076,0.5848822800495663,0.5802,0.5663,0.5107
AXGN,Axogen Inc,Healthcare,Medical Devices,,65.71,-334.71,23.06,-9.71,5.7,7.26,2.81,36.94,1.17,-15.010000000000002,1.27,1290000.0,1.09,44.97,Jul 29/b,53.9,2420000000.0,HIGH,-10.93,-6.23,1.44,-5.62,0.242,False,-9.28,False,-2.95,5.529,5.596,-4.0473,-17.26,1.764,13.0,-12.32,33.0,6.39,43.78,54148508.0,,,23.1,0.2255266418835192,0.5526641883519207,0.28810408921933084,0.966542750929368,0.8742255266418835,0.5724907063197026,0.29244114002478316,0.5799,0.4657,0.6597
PWP,Perella Weinberg Partners,Financial,Capital Markets,51.2,9.17,52.23,0.8100000000000002,-4.88,5.23,12.6,-16.24,-20.23,1.65,-48.27,2.0,1190000.0,1.38,13.41,Jul 31/b,22.25,1300000000.0,HIGH,-14.36,-13.33,2.12,-9.05,0.1762,False,-11.76,False,-11.68,5.184,6.402,-2.6293,-27.09,1.331,22.0,-16.7,31.0,-3.62,14.37,15859948.0,,,54.8,0.5824039653035935,0.3215613382899628,0.4783147459727385,0.8847583643122676,0.9776951672862454,0.23296158612143741,0.20074349442379183,0.5796,0.5171,0.6695
ADNT,Adient plc,Consumer Cyclical,Auto Parts,30.72,6.12,-26.6,5.03,-1.81,-2.39,8.45,-19.57,-6.94,1.59,-32.76,1.64,978240.0,0.84,18.37,Aug 05/b,26.36,1420000000.0,HIGH,-6.67,-0.11,1.12,-1.36,0.111,False,-2.08,False,-4.67,4.151,3.412,-2.9584,-16.44,0.906,32.0,-13.07,28.0,-8.58,18.76,15314244.0,,,40.5,0.48451053283767037,0.5762081784386617,0.7614622057001239,0.5204460966542751,0.6561338289962825,0.47831474597273854,0.42998760842627015,0.5795,0.5973,0.5349
SWIM,Latham Group Inc,Industrials,Building Products & Equipment,151.82,22.45,-20.25,14.39,0.11,2.59,6.71,15.049999999999999,2.45,1.66,-30.070000000000004,2.43,869620.0,0.99,6.27,Aug 04/a,8.61,737640000.0,HIGH,-10.24,-5.19,0.84,-4.93,0.1622,False,-7.19,False,-1.63,5.162,4.062,-2.1109,-18.63,1.123,24.0,-12.45,28.0,12.28,6.4,5298486.0,,,34.5,0.7125154894671624,0.5185873605947955,0.5390334572490707,0.7800495662949195,0.3073110285006196,0.6171003717472119,0.3159851301115242,0.5791,0.3803,0.6042
MQ,Marqeta Inc,Technology,Software - Infrastructure,164.02,31.91,1364.29,17.02,-0.61,-2.9,5.78,3.4099999999999997,1.32,1.21,-32.39,2.8,1030000.0,0.5,16.09,Aug 04/a,20.11,1670000000.0,HIGH,6.83,1.97,0.92,12.14,0.0984,True,2.22,False,-0.0,2.876,2.925,-2.103,-11.29,0.618,8.0,2.54,28.0,-0.48,16.58,10984212.0,,,21.3,0.7162329615861215,0.7453531598513011,0.8228004956629492,0.11152416356877323,0.41201982651796776,0.6641883519206939,0.8773234200743495,0.5787,0.7214,0.476
MPT,Medical Properties Trust Inc,Real Estate,REIT - Healthcare Facilities,,37.09,96.95,7.870000000000001,0.0,4.23,30.63,-27.46,-25.94,1.49,-45.29,2.67,7390000.0,1.13,3.54,Aug 10/b,4.94,2109999999.9999998,HIGH,-11.6,-10.28,1.37,-6.29,0.166,False,-10.22,False,-17.67,3.352,2.235,-1.9965,-27.38,1.5,39.0,-24.63,25.0,-13.73,3.58,32967768.0,,,38.0,0.7496902106567535,0.31474597273853777,0.5241635687732342,0.9244114002478315,0.8401486988847584,0.11648079306071871,0.275092936802974,0.5783,0.5193,0.6577
MGNI,Magnite Inc,Communication Services,Advertising Agencies,21.71,17.63,75.23,11.24,-25.77,7.77,7.84,41.55,94.66,2.33,-9.47,1.33,2820000.0,0.52,23.71,Aug 05/a,28.16,3400000000.0,HIGH,-1.45,0.59,0.66,3.86,0.0813,True,0.21,True,8.23,3.979,3.02,-2.5119,-7.56,0.644,8.0,4.15,27.0,15.34,23.84,50811814.0,,,18.1,0.61090458488228,0.8655514250309789,0.8773234200743494,0.1332094175960347,0.12639405204460966,0.8537794299876085,0.667905824039653,0.5779,0.5683,0.4311
ECVT,Ecovyst Inc,Basic Materials,Specialty Chemicals,,12.03,38.13,24.9,0.65,0.61,4.8,-18.74,-11.35,1.06,-30.130000000000003,1.5,1490000.0,1.79,10.54,Aug 05/b,15.17,1150000000.0,HIGH,-4.04,-1.48,1.07,1.27,0.0578,False,-2.24,False,-10.53,2.586,2.959,-1.3943,-24.92,0.827,38.0,-21.12,28.0,-12.93,9.97,12169628.0,,,52.2,0.8822800495662949,0.37298636926889717,0.9566294919454771,0.38166047087980176,0.6003717472118959,0.27199504337050806,0.5539033457249071,0.5777,0.6887,0.5341
MIAX,Miami International Holdings Inc,Financial,Capital Markets,50.89,20.58,34.81,18.26,-11.8,30.97,7.82,-10.43,0.05,1.57,-30.85,2.14,1750000.0,0.8,39.51,Aug 05/a,51.4,3920000000.0,HIGH,-1.51,-3.89,0.77,3.8,0.0991,False,-1.77,False,-3.26,3.989,3.268,-2.4338,-12.06,0.908,31.0,-9.2,27.0,-8.12,41.77,54097430.0,,,23.1,0.6245353159851301,0.7230483271375465,0.8190830235439901,0.5223048327137546,0.22366790582403964,0.5526641883519207,0.6660470879801735,0.5776,0.5792,0.4808
RPAY,Repay Holdings Corp,Technology,Software - Infrastructure,,3.81,88.56,33.16,0.0,-2.6,6.11,12.17,42.11,1.88,-35.88,1.4,559480.0,0.93,3.78,Aug 10/a,6.85,333330000.0,HIGH,5.41,0.54,1.57,10.72,0.1543,False,-0.59,False,-3.82,4.218,4.73,-3.6857,-18.59,0.987,54.0,3.35,24.0,0.0,3.7,1460961.0,,,85.1,0.29615861214374223,0.5216852540272615,0.5675340768277571,0.6431226765799256,0.909541511771995,0.5254027261462205,0.862453531598513,0.5772,0.7881,0.5936
TENB,Tenable Holdings Inc,Technology,Software - Infrastructure,659.0,17.53,127.47,8.58,0.37,0.9000000000000001,14.0,37.41,89.5,1.01,-12.78,2.56,4080000.0,1.8,38.09,Jul 29/a,36.0,4200000000.0,HIGH,-0.6,4.09,2.27,4.71,0.2213,True,1.35,False,-2.28,6.807,12.058,-5.8379,-19.67,1.973,22.0,-5.19,32.0,11.44,35.08,182893003.0,,,2.6,0.08921933085501858,0.4857496902106567,0.32961586121437425,0.9739776951672863,0.9869888475836431,0.5960346964064436,0.7118959107806692,0.5769,0.6797,0.6616
RUM,RUM Group Inc,Communication Services,Internet Content & Information,,,-140.14,60.919999999999995,0.0,4.86,16.43,5.81,52.7,1.26,-22.61,2.0,3900000.0,1.91,8.2,Aug 10/a,22.0,4070000000.0000005,HIGH,-2.91,-4.65,4.96,2.4,0.352,False,-6.92,True,11.34,9.486,13.15,-6.0005,-24.49,2.186,18.0,-1.23,24.0,28.82,8.0,44849647.0,,,175.0,0.08178438661710037,0.38413878562577447,0.11771995043370509,0.9826517967781908,0.9950433705080545,0.8934324659231723,0.6034696406443618,0.5758,0.5752,0.7382
AMPL,Amplitude Inc,Technology,Software - Application,,77.47,-42.49,21.16,-1.27,-3.08,8.88,95.47,83.65,1.5,-9.42,1.58,2160000.0,0.6,13.37,Aug 05/a,13.77,1670000000.0,HIGH,8.25,9.03,0.95,13.56,0.184,True,3.62,True,21.88,4.838,6.63,-3.6639,-7.52,0.84,12.0,5.32,27.0,36.36,13.65,22586831.0,,,0.9,0.30359355638166047,0.869268897149938,0.45477075588599747,0.4045848822800496,0.44919454770755884,0.9690210656753407,0.8921933085501859,0.5751,0.6281,0.5316
HCSG,Healthcare Services Group Inc,Healthcare,Medical Care Facilities,12.77,17.8,173.4,2.69,-1.69,-1.33,4.22,-1.7000000000000002,8.79,0.8,-14.91,1.86,727450.0,0.66,21.91,Jul 22/b,27.0,1500000000.0,HIGH,2.08,1.19,0.83,7.39,0.0928,False,-0.95,False,-3.62,2.554,1.588,-1.3878,-14.41,0.742,41.0,-11.8,38.0,-6.45,22.04,12876069.0,,,22.5,0.8835192069392813,0.6456009913258984,0.8420074349442379,0.24783147459727387,0.28934324659231725,0.5421313506815365,0.7930607187112764,0.5751,0.6566,0.4907
WWW,Wolverine World Wide Inc,Consumer Cyclical,Footwear & Accessories,14.83,10.33,16.06,6.79,-3.42,0.26,7.22,7.6,20.33,1.69,-39.22,2.0,843870.0,0.8,19.12,Aug 13/b,24.3,1570000000.0,HIGH,-1.51,-2.59,0.89,3.8,0.1097,False,-2.51,True,1.24,3.731,3.021,-2.9545,-9.04,0.768,21.0,-1.76,22.0,8.14,19.53,14881069.0,,,24.4,0.4882280049566295,0.8265179677819083,0.7682775712515489,0.2788104089219331,0.3748451053283767,0.7137546468401487,0.6660470879801735,0.5751,0.6094,0.4639
IEP,Icahn Enterprises L P,Energy,Oil & Gas Refining & Marketing,,,-75.03,35.3,0.0,12.43,20.82,-4.64,-10.4,0.7,-25.11,1.0,979130.0,0.6,6.98,Aug 05/b,12.0,4960000000.0,HIGH,-0.84,2.03,0.73,4.47,0.0739,True,3.24,False,-3.02,1.976,2.128,-1.9052,-10.31,0.731,34.0,-8.8,28.0,-5.5,7.05,7987984.0,,,70.2,0.7769516728624535,0.79182156133829,0.9021065675340768,0.23482032218091697,0.17472118959107807,0.5650557620817844,0.7038413878562577,0.5742,0.6046,0.4379
IRTC,iRhythm Holdings Inc,Healthcare,Medical Devices,,93.94,97.39,20.08,-9.0,-2.56,8.64,-1.6500000000000001,-1.66,1.45,-47.23,1.06,611900.0,0.74,111.88,Aug 06/a,176.14,3690000000.0,HIGH,-1.88,-6.15,1.13,3.43,0.158,False,-4.74,False,-4.0,4.461,2.641,-3.4313,-16.08,1.104,16.0,-10.36,26.0,-10.26,114.72,64191491.0,,,53.5,0.3543990086741016,0.5885997521685254,0.557001239157373,0.7633209417596035,0.6635687732342007,0.516728624535316,0.6493184634448576,0.5739,0.6259,0.5745
HAYW,Hayward Holdings Inc,Industrials,Electrical Equipment & Parts,17.54,13.15,2.28,6.27,-6.660000000000001,-1.03,4.38,-12.49,-10.27,1.17,-28.09,2.3,2640000.0,1.27,12.75,Jul 29/b,17.92,2700000000.0,HIGH,-12.8,-4.24,1.52,-7.49,0.1895,False,-8.12,False,-12.97,2.666,2.176,-1.7837,-26.1,1.101,28.0,-20.01,33.0,-14.82,12.87,27870678.0,,,39.2,0.8116480793060719,0.34634448574969023,0.43370508054522927,0.7608426270136307,0.8934324659231723,0.1970260223048327,0.24411400247831475,0.5738,0.4958,0.6657
CNMD,Conmed Corp,Healthcare,Medical Devices,25.39,9.82,11.05,0.21,0.0,-0.9000000000000001,7.59,37.44,25.5,0.94,-12.5,3.25,563130.0,0.81,46.95,Jul 29/a,45.5,1410000000.0,HIGH,-5.83,-0.45,1.09,-0.52,0.1474,False,-5.84,True,0.25,3.236,2.48,-1.7523,-13.57,0.519,30.0,0.17,32.0,7.34,46.38,14620658.0,,,-1.9,0.8215613382899628,0.6691449814126395,0.6003717472118959,0.04956629491945477,0.627633209417596,0.6728624535315985,0.47026022304832715,0.5735,0.5565,0.5429
DFTX,Definium Therapeutics Inc,Healthcare,Biotechnology,,,-186.82,,-1.91,37.13,7.67,54.89999999999999,100.98,2.19,-25.920000000000005,1.06,2910000.0,1.56,36.82,Aug 06/a,71.59,4950000000.0,HIGH,-11.07,5.28,3.79,-5.76,0.3085,False,-3.07,False,-6.5,4.886,10.609,-2.9474,-19.01,1.282,19.0,-11.07,26.0,-12.77,40.25,79715479.0,,,77.9,0.49566294919454773,0.5080545229244114,0.161090458488228,0.8711276332094176,0.9938042131350682,0.41016109045848825,0.2874845105328377,0.5733,0.4615,0.6927
NPKI,NPK International Inc,Industrials,Building Products & Equipment,28.7,20.6,37.5,19.57,-5.74,2.81,4.01,-12.12,-5.39,1.45,-21.33,1.0,956880.0,0.7,12.98,Jul 29/a,20.0,1100000000.0,HIGH,-9.43,-3.93,1.08,-4.12,0.109,False,-3.43,False,-5.34,3.365,2.853,-1.6725,-19.89,0.771,53.0,-18.27,32.0,7.63,12.97,10354543.0,,,54.2,0.8413878562577447,0.47831474597273854,0.7732342007434945,0.2843866171003718,0.6133828996282528,0.4485749690210657,0.3395291201982652,0.5732,0.5518,0.5469
CAL,Caleres Inc,Consumer Cyclical,Apparel Retail,8.16,5.61,767.27,5.61,-0.6,-1.05,11.94,-12.45,31.8,0.73,-22.43,2.0,546080.0,1.05,12.31,Sep 09/b,17.0,424750000.0,HIGH,-5.57,4.24,1.0,-0.26,0.1902,False,-0.89,False,-1.37,6.049,6.3,-3.5769,-16.01,1.67,30.0,-2.34,4.0,4.24,12.54,7244569.0,,,35.6,0.322180916976456,0.5910780669144982,0.42936802973977695,0.9553903345724907,0.516728624535316,0.6245353159851301,0.48451053283767037,0.5732,0.4776,0.6047
OCUL,Ocular Therapeutix Inc,Healthcare,Biotechnology,,,10.89,0.12,-0.39,-0.2,13.98,13.350000000000001,18.08,0.95,-38.02,1.08,2640000.0,0.8,10.19,Aug 03/b,27.17,2240000000.0,HIGH,0.66,-5.72,0.6,5.97,0.1298,False,-1.23,True,8.51,4.807,3.349,-3.783,-8.69,1.032,20.0,6.77,30.0,31.21,10.72,29616467.0,,,153.5,0.28004956629491945,0.8314745972738538,0.6802973977695168,0.6902106567534076,0.09107806691449814,0.8612143742255266,0.7546468401486989,0.5724,0.5333,0.4806
SVRA,Savara Inc,Healthcare,Biotechnology,,,-12.950000000000001,,-0.38,1.53,40.2,-1.31,0.57,0.2,-24.91,1.0,1740000.0,0.75,5.26,Aug 11/a,10.94,1080000000.0,HIGH,-0.56,-3.44,0.88,4.75,0.0812,False,-1.81,False,-4.29,3.658,2.809,-1.9841,-17.53,0.834,48.0,-14.01,23.0,-4.13,5.34,8107424.0,,,104.9,0.7534076827757125,0.5427509293680297,0.8785625774473358,0.3940520446096654,0.3618339529120198,0.5006195786864932,0.7137546468401487,0.5719,0.6576,0.5025
FLYW,Flywire Corp,Technology,Software - Infrastructure,67.34,25.12,32.39,27.18,-14.31,9.26,10.93,15.939999999999998,43.26,1.35,-10.04,1.94,2040000.0,0.32,17.75,Aug 04/a,21.29,2160000000.0,HIGH,-1.09,0.72,0.77,4.22,0.113,False,-2.49,True,1.02,3.511,2.873,-2.0785,-8.26,0.694,16.0,-3.47,28.0,4.87,18.1,25361755.0,,,17.6,0.7224287484510533,0.8401486988847584,0.7478314745972738,0.19330855018587362,0.22366790582403964,0.7038413878562577,0.6864931846344485,0.5719,0.566,0.4608
HLMN,Hillman Solutions Corp,Industrials,Tools & Accessories,34.97,10.5,33.96,9.79,0.12,-2.45,2.51,-9.15,-10.77,1.42,-33.18,1.62,1460000.0,4.21,7.25,Aug 03/a,12.12,1410000000.0,HIGH,-18.25,-4.5,2.23,-12.94,0.2694,False,-7.85,False,-11.07,3.948,3.19,-2.4123,-24.74,1.627,29.0,-13.24,29.0,-13.24,7.21,11588005.0,,,68.1,0.630731102850062,0.37670384138785623,0.22924411400247835,0.9504337050805453,0.9838909541511772,0.2527881040892193,0.13506815365551425,0.5706,0.418,0.7045
OSTX,OS Therapies Inc,Healthcare,Biotechnology,,,-8.86,,0.0,0.01,6.36,3.49,18.67,-0.67,-23.28,1.0,602370.0,1.75,1.78,Aug 14/b,8.5,82720000.0,HIGH,15.65,-7.1,1.66,20.96,0.312,True,1.92,True,5.41,7.181,10.0,-4.3724,-24.44,1.64,8.0,2.41,21.0,6.25,1.7,1014133.0,,,400.0,0.18835192069392812,0.38599752168525403,0.1586121437422553,0.9541511771995044,0.9237918215613383,0.8116480793060719,0.9454770755885997,0.5704,0.7029,0.7195
LRMR,Larimar Therapeutics Inc,Healthcare,Biotechnology,,,23.18,,0.09,6.04,28.55,8.91,-11.14,0.67,-39.1,1.09,1760000.0,0.49,3.91,Aug 04/b,14.4,406180000.0,HIGH,-12.5,-7.24,1.27,-7.19,0.161,False,-5.73,False,-4.61,5.11,6.349,-3.2477,-15.34,0.959,24.0,-5.74,29.0,-5.03,3.78,3708196.0,,,281.0,0.4052044609665427,0.6059479553903345,0.5452292441140025,0.6022304832713755,0.7763320941759604,0.48079306071871125,0.24907063197026022,0.5693,0.4961,0.5661
HRI,Herc Holdings Inc,Industrials,Rental & Leasing Services,94.65,12.65,148.62,20.16,0.43,0.56,6.66,-8.31,26.88,2.04,-26.229999999999997,1.67,532600.0,1.36,138.95,Jul 28/b,197.3,4650000000.0,HIGH,-18.89,-4.0,1.37,-13.58,0.2873,False,-7.42,False,-8.73,5.628,5.241,-2.3941,-20.22,1.523,21.0,-16.77,34.0,-5.28,140.42,71556204.0,,,40.5,0.6369268897149938,0.47026022304832715,0.18835192069392814,0.9281288723667905,0.8401486988847584,0.3382899628252788,0.12329615861214374,0.567,0.3579,0.6859
ASTH,Astrana Health Inc,Healthcare,Medical Care Facilities,46.8,19.49,108.13999999999999,48.52,0.0,5.43,8.36,-0.08,55.88999999999999,1.02,-25.679999999999996,1.36,557380.0,0.56,38.35,Aug 06/a,51.67,1900000000.0,HIGH,-0.38,3.94,1.03,4.93,0.0653,True,2.8,False,-0.99,3.768,4.394,-1.8082,-23.26,0.552,54.0,-11.03,26.0,16.03,39.6,12065183.0,,,30.5,0.8029739776951673,0.4114002478314746,0.9318463444857497,0.0644361833952912,0.5532837670384139,0.6381660470879802,0.7211895910780669,0.567,0.734,0.5147
CLNE,Clean Energy Fuels Corp,Energy,Oil & Gas Refining & Marketing,,,26.58,3.34,-0.17,1.34,4.76,-7.490000000000001,-18.78,1.87,-44.37,1.57,1870000.0,1.15,1.73,Aug 06/a,4.36,381370000.0,HIGH,7.23,8.54,2.04,12.54,0.1214,True,9.37,False,-4.32,4.535,8.427,-4.1086,-28.8,1.046,41.0,-24.26,26.0,12.66,1.78,2876884.0,,,144.9,0.21933085501858737,0.29244114002478316,0.7087980173482032,0.7063197026022305,0.9752168525402726,0.49814126394052044,0.8798017348203222,0.5667,0.8571,0.5998
BDC,Belden Inc,Technology,Communication Equipment,18.09,11.17,14.400000000000002,11.63,-0.33,2.62,8.8,-3.0,-3.2799999999999994,1.12,-30.409999999999997,1.33,509380.0,1.31,111.33,Jul 30/b,156.2,4350000000.0,HIGH,-17.57,-7.08,1.89,-12.26,0.2071,False,-5.6,False,-2.96,4.21,4.347,-3.3762,-19.14,0.957,23.0,-15.77,32.0,11.15,113.41,46420550.0,,,37.7,0.37794299876084264,0.5037174721189591,0.3754646840148699,0.6003717472118959,0.9591078066914498,0.5693928128872366,0.14374225526641884,0.5643,0.4579,0.6267
WERN,Werner Enterprises Inc,Industrials,Trucking,,16.63,-85.41,24.0,-0.08,6.49,9.12,-12.79,37.78,1.28,-20.91,2.62,1090000.0,0.69,37.56,Jul 28/a,43.2,2250000000.0,HIGH,-3.91,-5.63,1.03,1.4,0.0772,False,-2.29,False,-6.2,3.923,2.874,-2.0991,-20.87,0.802,6.0,-2.39,33.0,2.54,37.58,31029977.0,,,15.0,0.7174721189591078,0.4560099132589839,0.8934324659231723,0.34138785625774476,0.5532837670384139,0.42131350681536556,0.5644361833952912,0.5638,0.6598,0.5084
YETI,YETI Holdings Inc,Consumer Cyclical,Leisure,17.14,11.69,53.55,8.52,0.0,-4.48,10.96,-21.03,6.860000000000001,1.68,-27.04,1.89,1460000.0,1.2,39.39,Aug 13/b,54.53,2880000000.0,HIGH,-5.05,0.22,1.05,0.26,0.1312,False,-2.28,False,-12.56,2.916,2.351,-1.6628,-24.37,1.036,25.0,-21.78,22.0,-10.2,40.83,66601129.0,,,33.6,0.8432465923172243,0.3878562577447336,0.6741016109045849,0.69454770755886,0.5724907063197026,0.2057001239157373,0.5111524163568774,0.563,0.5784,0.579
BDN,Brandywine Realty Trust,Real Estate,REIT - Office,,,64.61,6.92,0.0,1.87,6.93,-9.38,0.0,1.28,-37.3,3.8,1960000.0,0.79,2.9,Jul 22/a,3.0,507770000.0,HIGH,-2.33,-3.92,0.87,2.98,0.1136,False,-3.81,False,-4.97,3.061,2.721,-2.2811,-12.24,0.855,14.0,-7.55,37.0,-4.23,2.94,5029049.0,,,2.0,0.6666666666666666,0.7137546468401487,0.7459727385377943,0.43370508054522927,0.34820322180916974,0.46158612143742256,0.6257744733581165,0.5616,0.5786,0.4775
PGY,Pagaya Technologies Ltd,Technology,Software - Infrastructure,16.27,9.03,147.94,15.079999999999998,-0.79,-7.3,16.06,34.18,91.45,5.49,-53.23,1.0,3050000.0,0.65,21.04,Jul 30/b,29.25,1760000000.0,HIGH,2.68,-2.67,1.14,7.99,0.1806,False,-0.36,True,8.01,5.829,9.493,-3.9252,-9.25,0.787,14.0,-1.51,32.0,32.74,21.49,45318808.0,,,36.1,0.24659231722428748,0.8190830235439901,0.46840148698884754,0.3110285006195787,0.6703841387856257,0.8500619578686494,0.815365551425031,0.5609,0.6678,0.5195
VCEL,Vericel Corp,Healthcare,Biotechnology,85.94,45.9,483.64000000000004,22.48,-17.46,0.4099999999999999,9.41,3.73,23.01,1.03,-19.46,1.25,559260.0,1.17,39.72,Jul 30/b,60.57,2029999999.9999998,HIGH,-9.15,1.33,1.28,-3.84,0.1806,False,-3.66,False,-10.04,3.117,3.788,-1.9415,-19.71,0.93,48.0,-15.65,32.0,-15.06,39.6,20268593.0,,,53.0,0.7707558859975217,0.48451053283767037,0.46840148698884754,0.563816604708798,0.781908302354399,0.2936802973977695,0.34882280049566294,0.5605,0.5146,0.6025
MAX,MediaAlpha Inc,Communication Services,Internet Content & Information,7.13,9.69,290.35,25.929999999999996,-5.26,-1.34,11.22,16.36,18.65,1.13,-22.11,1.67,841120.0,0.56,11.45,Jul 29/a,15.62,701470000.0,HIGH,-8.59,-1.44,1.85,-3.28,0.1848,False,-6.93,False,-11.03,4.501,5.603,-1.9982,-21.09,0.896,40.0,-17.85,32.0,-14.33,11.6,7519044.0,,,34.7,0.7478314745972738,0.4479553903345725,0.45291201982651796,0.5049566294919455,0.9541511771995044,0.25464684014869887,0.362453531598513,0.5604,0.5671,0.6154
LAUR,Laureate Education Inc,Consumer Defensive,Education & Training Services,16.1,14.64,51.23,17.5,-2.63,-2.91,3.07,1.3,5.78,0.42,-12.38,1.88,1110000.0,0.65,35.86,Jul 30/b,41.21,4940000000.0,HIGH,-4.99,-1.51,0.75,0.32,0.1164,False,-3.85,False,-4.84,3.034,3.489,-1.5369,-12.45,0.827,13.0,-6.6,32.0,-6.72,35.83,33588680.0,,,15.0,0.8587360594795539,0.70817843866171,0.7323420074349443,0.38166047087980176,0.20817843866171004,0.4714993804213135,0.5154894671623296,0.5601,0.4884,0.48
VFF,Village Farms International Inc,Consumer Defensive,Farm Products,15.27,10.72,-75.62,6.81,-0.39,0.12,4.86,38.54,2.9,1.35,-43.09,1.25,961560.0,0.55,2.84,Aug 10/b,5.83,347290000.0,HIGH,10.08,-6.27,0.78,15.39,0.1999,True,0.99,True,20.07,4.437,4.754,-2.5854,-8.39,0.801,6.0,-1.9,25.0,36.54,2.84,2293590.0,,,105.3,0.5923172242874845,0.838909541511772,0.3940520446096655,0.3382899628252788,0.2342007434944238,0.9615861214374225,0.9157372986369269,0.5599,0.5548,0.5316
NXDR,Nextdoor Holdings Inc,Communication Services,Internet Content & Information,,,86.03,14.529999999999998,-0.25,4.55,2.83,14.42,60.78,1.41,-33.87,2.2,2410000.0,1.44,2.46,Aug 04/a,3.35,951650000.0,HIGH,-5.56,7.21,1.0,-0.25,0.1704,True,2.74,True,0.63,3.727,6.597,-2.4128,-12.18,0.785,27.0,-2.86,28.0,3.03,2.38,4107130.0,,,40.8,0.6294919454770755,0.7193308550185874,0.5030978934324659,0.30607187112763323,0.516728624535316,0.6840148698884758,0.4857496902106567,0.5598,0.5002,0.5341
ALXO,Alx Oncology Holdings Inc,Healthcare,Biotechnology,,,72.71,,-0.04,14.63,7.23,19.62,-9.13,0.44,-28.95,1.29,1280000.0,0.59,1.89,Aug 06/b,4.6,261339999.99999997,HIGH,-2.28,-3.75,1.27,3.03,0.1229,False,-3.25,False,-4.56,5.121,3.377,-3.301,-20.12,0.91,49.0,-12.1,27.0,0.26,1.92,1374070.0,,,139.6,0.3940520446096654,0.47335811648079307,0.7038413878562577,0.5254027261462205,0.7763320941759604,0.48451053283767037,0.6332094175960347,0.5596,0.6973,0.5451
XRX,Xerox Holdings Corp,Industrials,Business Equipment & Supplies,,7.96,108.81999999999998,21.95,0.0,5.39,36.78,1.17,124.68,2.47,-18.97,3.0,3260000.0,0.84,3.46,Jul 30/b,3.82,454350000.0,HIGH,12.2,3.44,1.02,17.51,0.232,True,7.19,True,11.22,5.762,5.438,-3.3644,-12.43,0.91,2.0,4.42,32.0,25.38,3.31,7128976.0,,,15.4,0.38413878562577447,0.7100371747211895,0.3035935563816605,0.5254027261462205,0.5408921933085502,0.8921933085501859,0.9256505576208178,0.5594,0.6236,0.5857
CNK,Cinemark Holdings Inc,Communication Services,Entertainment,18.87,12.98,87.86,15.509999999999998,-1.2,2.16,8.16,5.47,28.57,1.04,-12.960000000000003,1.77,2390000.0,0.83,33.93,Jul 30/b,40.38,3930000000.0,HIGH,-7.17,-3.7,0.73,-1.86,0.1198,False,-3.61,True,0.54,3.103,2.326,-1.8965,-10.65,0.721,15.0,-4.84,32.0,-0.17,34.83,73290002.0,,,15.9,0.7806691449814126,0.7769516728624535,0.7199504337050806,0.22490706319702602,0.17472118959107807,0.6790582403965304,0.41263940520446096,0.5594,0.4335,0.4648
HAPN,Happen Inc,Financial,Banks - Regional,9.89,6.93,50.24000000000001,31.95,-11.4,0.95,5.13,-11.06,18.31,1.87,-24.27,1.0,1710000.0,1.2,16.41,Jul 27/a,24.78,1890000000.0,HIGH,-12.92,-4.46,1.58,-7.61,0.1668,False,-5.99,False,-10.98,3.082,1.376,-2.1285,-21.37,0.904,30.0,-12.7,34.0,-10.88,16.71,19021811.0,,,48.3,0.7075588599752168,0.4423791821561338,0.516728624535316,0.5154894671623296,0.9114002478314746,0.258364312267658,0.24039653035935563,0.5587,0.5246,0.5982
SGRY,Surgery Partners Inc,Healthcare,Medical Care Facilities,,25.32,-490.86,2.75,-0.06,-0.45999999999999996,16.61,-9.78,10.17,1.9,-41.77,1.5,1920000.0,1.0,13.65,Aug 10/b,18.82,1790000000.0,HIGH,-2.23,0.57,0.85,3.08,0.0715,False,-0.37,False,-7.16,4.356,5.093,-2.7651,-19.5,1.026,51.0,-15.42,25.0,-9.59,14.04,35803389.0,,,34.0,0.5489467162329615,0.4876084262701363,0.9144981412639406,0.6852540272614622,0.32589838909541513,0.3853779429987608,0.6356877323420075,0.5579,0.6264,0.4864
ELME,Elme Communities,Real Estate,REIT - Residential,,,-3942.6500000000005,1.72,0.0,-5.39,2.77,-17.82,-20.57,0.84,-47.8,3.0,1280000.0,0.16,1.66,-,,147500000.0,HIGH,3.73,-0.6,0.5,9.04,0.0639,True,0.42,True,3.86,1.411,2.994,-0.8314,-18.14,0.545,16.0,3.09,,,1.67,881222.0,,,,0.9851301115241635,0.5297397769516728,0.9343246592317225,0.06071871127633209,0.05762081784386617,0.7794299876084263,0.8339529120198265,0.5578,0.6312,0.4707
LMRI,Lumexa Imaging Holdings Inc,Healthcare,Medical Devices,,14.17,110.79,6.5,0.09,-0.4699999999999999,10.2,25.35,-10.43,,-39.49,1.12,513150.0,0.55,11.77,Aug 12/a,17.57,1130000000.0,HIGH,-3.56,-1.3,0.85,1.75,0.1031,False,-3.02,False,-1.04,4.325,4.214,-2.6328,-12.38,0.773,16.0,-2.48,22.0,-2.9,11.39,4453183.0,,,54.3,0.5811648079306072,0.711276332094176,0.8011152416356877,0.2905824039653036,0.32589838909541513,0.6356877323420075,0.5799256505576208,0.5576,0.5701,0.4583
VIR,Vir Biotechnology Inc,Healthcare,Biotechnology,,,159.17,19582.54,-0.36,5.09,15.92,21.25,7.91,1.6,-12.560000000000002,1.1,1950000.0,1.17,10.44,Aug 05/a,20.78,1770000000.0,HIGH,14.64,-3.71,0.91,19.95,0.2866,True,1.39,True,9.7,5.86,2.787,-3.5133,-9.84,1.081,9.0,-1.6,27.0,22.82,10.77,21596341.0,,,92.9,0.3358116480793061,0.8029739776951673,0.18959107806691455,0.7335811648079306,0.3996282527881041,0.8773234200743495,0.9392812887236679,0.5565,0.5525,0.5866
AMTX,Aemetis Inc,Basic Materials,Specialty Chemicals,,,67.43,20.02,-0.2,9.26,13.07,0.0,-13.18,1.8,-49.74,1.0,1030000.0,0.5,1.91,Aug 06/b,13.25,137840000.0,HIGH,8.33,10.8,0.77,13.64,0.1653,True,3.31,True,12.45,5.575,4.615,-4.3451,-7.1,0.955,17.0,4.84,27.0,25.81,1.95,1486158.0,,,579.5,0.19330855018587362,0.8835192069392813,0.530359355638166,0.5966542750929368,0.22366790582403964,0.909541511771995,0.8934324659231723,0.5562,0.5836,0.4808
CHH,Choice Hotels International Inc,Consumer Cyclical,Lodging,13.75,12.99,-19.15,3.36,-0.17,-4.38,25.09,-13.019999999999998,0.4699999999999999,0.72,-21.32,3.17,565480.0,1.22,97.42,Aug 05/b,113.73,4380000000.0,HIGH,-8.0,-3.47,1.11,-2.69,0.2015,False,-7.26,False,-9.81,3.306,2.113,-1.9696,-18.14,1.05,35.0,-12.65,28.0,-11.11,96.54,50569144.0,,,17.8,0.7596034696406444,0.5297397769516728,0.39157372986369265,0.7087980173482032,0.6474597273853779,0.2992565055762082,0.3853779429987608,0.5561,0.4659,0.6038
MAN,ManpowerGroup,Industrials,Staffing & Employment Services,26.35,11.99,178.22,7.539999999999999,0.0,7.180000000000001,10.42,75.26,123.18,0.67,-8.5,2.54,1240000.0,0.67,58.45,Jul 16/b,57.33,2720000000.0,HIGH,2.2,1.42,0.78,7.51,0.1486,False,-3.4,True,7.27,4.175,3.154,-2.5353,-9.17,0.733,12.0,-6.36,42.0,48.69,58.02,49875844.0,,,-1.2,0.6009913258983891,0.8215613382899628,0.59727385377943,0.2379182156133829,0.2342007434944238,0.8420074349442379,0.7992565055762082,0.5557,0.5691,0.4788
FSLY,Fastly Inc,Technology,Software - Application,,41.62,61.59,23.27,-7.84,9.21,13.6,31.0,6.63,0.31,-30.210000000000004,2.38,5620000.0,0.94,24.3,Aug 05/a,27.0,3870000000.0,HIGH,-14.39,15.68,1.44,-9.08,0.3586,True,7.04,True,9.55,6.603,9.453,-5.8712,-19.0,1.295,22.0,-12.86,27.0,9.61,24.86,120029357.0,,,8.6,0.08798017348203221,0.5092936802973977,0.10904584882280055,0.8736059479553904,0.8742255266418835,0.8748451053283767,0.1982651796778191,0.5548,0.3743,0.6777
DCH,Dauch Corp,Consumer Cyclical,Auto Parts,,5.06,-98.8,92.4,0.37,-6.34,9.03,-6.15,12.34,1.67,-34.05,2.0,3250000.0,0.82,6.1,Aug 07/b,9.4,1450000000.0,HIGH,-8.09,-10.71,1.23,-2.78,0.1538,False,-4.32,True,3.27,4.766,2.72,-3.8181,-17.22,0.848,6.0,-6.3,26.0,10.23,6.25,15522628.0,,,50.4,0.26889714993804215,0.5539033457249071,0.570631970260223,0.42131350681536556,0.7447335811648079,0.7682775712515489,0.3822800495662949,0.5546,0.5475,0.5508
NEO,Neogenomics Inc,Healthcare,Diagnostics & Research,,55.86,104.85,11.21,-1.23,9.57,12.51,70.33,129.25,1.78,-4.4,1.67,2800000.0,0.87,18.89,Jul 28/a,19.72,2430000000.0,HIGH,13.92,4.84,0.93,19.23,0.1657,True,6.52,True,15.58,4.939,6.138,-2.9659,-6.83,0.556,13.0,9.65,33.0,37.39,18.41,28211019.0,,,7.1,0.48203221809169766,0.8897149938042132,0.5254027261462206,0.06691449814126393,0.4250309789343247,0.9380421313506815,0.9343246592317225,0.5545,0.6589,0.478
TDC,Teradata Corp,Technology,Software - Infrastructure,6.19,10.09,409.80999999999995,0.49,-3.4300000000000006,17.98,17.42,-12.58,10.2,0.62,-29.659999999999997,2.73,3020000.0,0.75,29.39,Aug 04/a,34.0,2730000000.0,HIGH,6.68,5.8,1.06,11.99,0.0898,True,4.64,False,-0.45,3.179,4.631,-2.2956,-21.72,0.648,1.0,5.5,28.0,11.97,29.37,53959337.0,,,15.8,0.6604708798017348,0.43246592317224286,0.8550185873605948,0.13506815365551425,0.5867410161090458,0.6567534076827757,0.8760842627013631,0.5544,0.783,0.5098
FLOC,Flowco Holdings Inc,Energy,Oil & Gas Equipment & Services,24.34,12.16,371.19,22.07,-40.02,8.9,9.03,-12.43,-9.47,0.99,-26.87,1.2,652960.0,1.73,20.54,Aug 11/b,30.56,1860000000.0,HIGH,-15.81,-7.2,0.95,-10.5,0.1772,False,-8.45,False,-6.34,4.737,7.458,-2.5944,-17.88,1.25,21.0,-13.4,24.0,-11.73,19.71,11396029.0,,,55.0,0.5898389095415117,0.5384138785625775,0.4758364312267658,0.8562577447335812,0.44919454770755884,0.4163568773234201,0.17038413878562578,0.5543,0.3457,0.5779
INTA,Intapp Inc,Technology,Software - Application,,19.17,-1009.23,12.950000000000001,-3.6900000000000004,-1.6399999999999997,4.79,62.36000000000001,45.99,0.33,-21.78,2.5,764460.0,0.91,37.49,Aug 04/a,39.43,2870000000.0,HIGH,-1.33,-4.72,1.0,3.98,0.1916,False,-6.53,True,7.61,4.87,3.133,-3.0787,-14.32,0.859,12.0,-5.99,28.0,15.86,37.98,24280751.0,,,3.8,0.4454770755885997,0.6480793060718711,0.4237918215613383,0.44114002478314746,0.516728624535316,0.8451053283767038,0.6753407682775713,0.5534,0.5523,0.5621
TLS,Telos Corp,Technology,Software - Infrastructure,,18.94,106.52999999999999,32.74,-3.2199999999999998,3.74,5.29,-5.58,2.67,0.95,-49.4,2.0,607960.0,1.12,4.23,Aug 10/b,6.33,316140000.0,HIGH,-2.28,-7.94,1.41,3.03,0.2051,False,-5.78,False,-6.62,6.499,9.79,-4.8365,-16.37,1.577,7.0,-8.92,25.0,6.45,4.29,2797420.0,,,47.6,0.15117719950433706,0.5780669144981413,0.3828996282527881,0.9417596034696406,0.8574969021065675,0.4052044609665427,0.6332094175960347,0.5528,0.6254,0.5889
XXI,Twenty One Capital Inc,Consumer Defensive,Education & Training Services,15.83,,-1640.0199999999998,,0.0,-14.150000000000002,1.83,-11.51,-26.0,-1.12,-79.01,,1540000.0,1.09,5.38,-,,3500000000.0,HIGH,16.97,-1.19,1.09,22.28,0.3244,False,-1.7,True,9.83,6.395,6.563,-5.998,-13.19,1.351,14.0,-8.24,,,5.79,10103290.0,,,,0.08302354399008674,0.6802973977695167,0.14622057001239153,0.8921933085501859,0.627633209417596,0.8810408921933085,0.9516728624535316,0.5517,0.6128,0.621
PRG,PROG Holdings Inc,Industrials,Rental & Leasing Services,10.07,6.44,-4.19,19.03,-0.27,3.17,7.15,-5.42,28.15,1.76,-23.88,1.62,571130.0,1.55,36.33,Jul 29/b,53.43,1450000000.0,HIGH,-11.34,-1.84,1.05,-6.03,0.1507,False,-3.99,False,-11.12,3.258,1.712,-2.2871,-21.68,1.135,42.0,-19.63,33.0,-12.62,37.38,19693073.0,,,42.9,0.6654275092936803,0.43370508054522927,0.587360594795539,0.7961586121437423,0.5724907063197026,0.2503097893432466,0.27942998760842624,0.5509,0.4597,0.5711
CRMD,CorMedix Inc,Healthcare,Biotechnology,3.69,129.33,1.92,156.52,0.0,3.06,22.4,-9.66,18.65,1.4,-40.4,1.0,1260000.0,0.57,7.76,Aug 13/b,15.4,604850000.0,HIGH,2.87,-3.55,0.84,8.18,0.1208,False,-4.23,False,-1.89,3.295,2.535,-2.5237,-12.91,0.827,8.0,-5.85,22.0,11.13,7.89,8977016.0,,,95.2,0.6034696406443618,0.6920693928128873,0.7137546468401488,0.38166047087980176,0.3073110285006196,0.6059479553903345,0.8190830235439901,0.5507,0.634,0.4746
UPXI,Upexi Inc,Communication Services,Internet Content & Information,,51.75,41.78,44.19,0.0,-3.5900000000000003,25.12,-4.17,-4.17,-0.23,-86.65,1.0,2380000.0,1.58,1.03,Sep 02,2.0,81450000.0,HIGH,37.67,5.77,0.97,42.98,0.3879,True,8.18,True,22.42,7.5,8.182,-6.6906,-10.57,1.526,12.0,3.77,,,1.1,4369681.0,,,81.8,0.06071871127633209,0.7781908302354399,0.08921933085501854,0.929368029739777,0.4721189591078067,0.9727385377942999,0.9863692688971499,0.5504,0.5629,0.6087
HASI,HA Sustainable Infrastructure Capital Inc,Financial,Asset Management,70.96,10.94,21.14,40.97,0.0,3.2799999999999994,11.0,-4.71,0.5,1.42,-17.45,1.44,990810.0,0.85,36.43,Aug 06/a,49.33,4680000000.0,HIGH,-12.56,-6.43,0.78,-7.25,0.1398,False,-6.92,False,-5.84,2.842,2.036,-1.6434,-14.43,0.896,24.0,-9.19,26.0,-3.66,36.84,42680536.0,,,33.9,0.8475836431226765,0.644361833952912,0.6394052044609666,0.5049566294919455,0.2342007434944238,0.4312267657992565,0.24783147459727387,0.5503,0.3612,0.5045
NRXP,NRX Pharmaceuticals Inc,Healthcare,Biotechnology,,,55.24,,0.0,13.449999999999998,24.3,-16.67,63.46000000000001,2.05,-32.74,1.0,933820.0,1.35,3.4,Aug 17/b,34.67,147200000.0,HIGH,1.75,0.58,1.77,7.06,0.0932,True,0.5,False,-3.91,4.431,7.307,-3.2164,-24.78,0.702,14.0,1.16,20.0,6.73,3.49,2366470.0,,,893.4,0.41016109045848825,0.3754646840148699,0.8382899628252788,0.19888475836431227,0.9442379182156134,0.5210656753407683,0.7831474597273854,0.548,0.848,0.5186
BTGO,BitGo Holdings Inc,Financial,Capital Markets,,62.01,-138.34,2201.89,-0.08,5.39,3.23,29.7,-31.019999999999996,,-70.41,1.31,1410000.0,2.16,7.25,Aug 12/a,10.63,852210000.0,HIGH,41.98,1.81,0.76,47.29,0.3737,True,12.81,True,34.7,6.184,5.711,-4.8538,-0.88,1.195,1.0,3.01,22.0,57.92,7.88,12492095.0,,,34.9,0.14869888475836432,0.990086741016109,0.09665427509293678,0.8327137546468402,0.21561338289962825,0.9938042131350682,0.9913258983890955,0.5463,0.4902,0.5477
INN,Summit Hotel Properties Inc,Real Estate,REIT - Hotel & Motel,,,319.38,3.16,0.0,-5.2,1.83,-10.03,36.34,1.27,-19.94,2.8,1220000.0,0.44,5.74,Aug 05/a,6.58,693130000.0,HIGH,-3.87,0.0,0.99,1.44,0.1378,False,-2.99,False,-9.74,3.447,2.797,-1.7887,-20.22,0.918,33.0,-16.62,27.0,-14.37,5.72,4704550.0,,,15.0,0.8091697645600991,0.47026022304832715,0.6486988847583643,0.5371747211895911,0.5030978934324659,0.3048327137546468,0.5662949194547707,0.5455,0.5721,0.5386
MLKN,MillerKnoll Inc,Consumer Cyclical,"Furnishings, Fixtures & Appliances",15.83,8.9,140.38,4.41,0.0,-0.62,5.91,34.32,9.92,1.35,-15.259999999999998,2.0,746370.0,0.87,20.94,Sep 22/b,35.0,1440000000.0,HIGH,-8.91,-4.28,0.74,-3.6,0.1435,False,-5.78,False,-5.14,3.813,2.07,-1.8213,-13.96,0.922,26.0,-10.22,,,21.26,12122424.0,,,64.6,0.7992565055762082,0.6561338289962825,0.6183395291201983,0.547087980173482,0.19330855018587362,0.45539033457249073,0.35315985130111527,0.5449,0.3848,0.4988
TASK,TaskUs Inc,Technology,Information Technology Services,7.15,5.58,9.7,5.02,-0.05,1.32,11.37,53.72,22.25,1.83,-29.830000000000002,2.88,712740.0,0.54,8.27,Aug 05/a,8.5,758250000.0,HIGH,14.6,7.71,0.94,19.91,0.1566,True,4.4,True,20.41,4.295,4.005,-3.988,-2.49,0.594,12.0,6.32,27.0,30.38,8.24,3480273.0,,,3.2,0.24039653035935563,0.9702602230483272,0.5625774473358116,0.09107806691449814,0.4392812887236679,0.9628252788104089,0.9380421313506815,0.5444,0.6758,0.4334
HE,Hawaiian Electric Industries Inc,Utilities,Utilities - Regulated Electric,7.89,10.09,370.68,25.900000000000002,0.0,2.48,10.26,-23.69,-30.92,0.49,-41.24,4.0,2040000.0,1.12,10.21,Aug 07/a,10.25,1760000000.0,HIGH,-12.28,-4.95,0.98,-6.97,0.1667,False,-7.16,False,-15.51,2.654,1.255,-1.5045,-26.84,1.444,42.0,-23.26,25.0,-11.3,10.36,27286659.0,,,-1.1,0.8661710037174721,0.3271375464684015,0.5185873605947955,0.9175960346964065,0.4882280049566295,0.14745972738537794,0.2503097893432466,0.5442,0.4022,0.6049
SPT,Sprout Social Inc,Technology,Software - Application,,7.19,75.02,10.8,-2.48,5.3,7.9,55.59,97.55,0.98,-24.3,2.64,1280000.0,1.8,11.28,Aug 06/a,10.67,683930000.0,HIGH,21.78,11.29,0.66,27.09,0.241,True,8.58,True,22.62,4.872,4.953,-3.4285,-1.94,0.912,1.0,7.69,26.0,42.0,11.63,13715646.0,,,-8.3,0.35687732342007433,0.9814126394052045,0.29244114002478316,0.5291201982651796,0.12639405204460966,0.9752168525402726,0.9690210656753407,0.5436,0.5133,0.4969
AORT,Artivion Inc,Healthcare,Medical Devices,,87.9,-1039.19,11.32,-4.95,4.22,6.34,20.46,-32.14,1.21,-47.4,1.0,715650.0,1.33,25.38,Aug 06/a,42.15,1240000000.0,HIGH,-11.83,-0.64,0.97,-6.52,0.1982,False,-6.25,False,-4.83,4.005,3.644,-1.9481,-17.15,0.95,21.0,-12.11,26.0,-6.02,24.97,16541050.0,,,68.8,0.7645600991325898,0.5576208178438662,0.4021065675340768,0.5892193308550185,0.4721189591078067,0.47335811648079307,0.26889714993804215,0.5432,0.3698,0.5748
CAKE,Cheesecake Factory Inc,Consumer Cyclical,Restaurants,26.25,19.35,23.78,7.719999999999999,-7.62,-6.59,20.59,31.16,63.36999999999999,1.04,-18.34,2.71,1640000.0,1.37,96.73,Jul 28/a,95.8,4810000000.0,HIGH,-3.58,-1.9,0.71,1.73,0.1445,False,-2.97,True,5.65,3.2,2.501,-2.5331,-11.22,0.793,25.0,-1.76,33.0,18.16,105.17,166352301.0,,,-8.9,0.6022304832713755,0.7509293680297398,0.6146220570012392,0.31970260223048325,0.1567534076827757,0.8141263940520446,0.5780669144981413,0.5431,0.4626,0.4732
LIFE,Ethos Technologies Inc,Financial,Insurance Brokers,,41.99,4.25,113.35,-3.07,-2.93,9.69,144.79,237.35,,-5.33,1.22,1030000.0,2.18,40.28,Aug 03/a,34.88,2570000000.0,HIGH,11.91,-6.33,0.74,17.22,0.2768,True,5.23,True,36.65,6.382,6.098,-4.0585,-7.5,1.103,6.0,4.38,29.0,72.4,39.36,49909565.0,,,-11.4,0.22428748451053285,0.8711276332094176,0.20941759603469645,0.7620817843866171,0.19330855018587362,0.9975216852540273,0.9244114002478315,0.543,0.4906,0.5443
SBET,Sharplink Inc,Financial,Capital Markets,,56.79,56.02,1553.26,-0.29,17.48,17.28,43.62,1.59,10.59,-57.36,1.14,9530000.0,0.89,8.33,Aug 10/b,16.86,1810000000.0,HIGH,40.55,3.74,0.94,45.86,0.3829,True,11.75,True,32.68,6.487,5.464,-5.3151,-3.58,0.999,1.0,3.04,25.0,48.06,9.15,80640336.0,,,84.3,0.11648079306071871,0.9603469640644362,0.09045848822800495,0.6579925650557621,0.4392812887236679,0.9925650557620818,0.9876084262701363,0.5429,0.554,0.5516
FOUR,Shift4 Payments Inc,Technology,Software - Infrastructure,68.13,6.7,-72.95,34.03,1.69,-2.74,24.64,6.03,-5.04,1.35,-52.15,2.12,1740000.0,0.77,42.35,Aug 06/b,54.76,3340000000.0,HIGH,2.19,7.16,1.26,7.5,0.2017,True,0.86,False,-4.84,6.454,5.45,-3.8805,-21.02,1.462,34.0,-9.31,27.0,4.52,45.32,90714026.0,,,20.8,0.2540272614622057,0.44981412639405205,0.39033457249070636,0.9219330855018587,0.7670384138785625,0.4714993804213135,0.7980173482032218,0.5424,0.6664,0.6036
SRTA,Strata Critical Medical Inc,Healthcare,Medical Care Facilities,,1588.59,-165.22,2.41,-0.64,-2.13,6.8,-10.19,16.26,2.42,-18.62,1.0,1110000.0,0.49,5.29,Aug 04/b,9.56,467990000.0,HIGH,-9.15,0.94,1.34,-3.84,0.2678,False,-5.5,False,-2.36,4.118,5.784,-2.8921,-15.26,0.886,16.0,-10.07,29.0,-3.42,5.36,4852445.0,,,78.4,0.5130111524163569,0.6102850061957868,0.23172242874845106,0.4876084262701363,0.8209417596034696,0.5898389095415117,0.34882280049566294,0.5422,0.4553,0.6029
INMB,INmune Bio Inc,Healthcare,Biotechnology,,,95.47,,0.0,-5.88,8.82,76.56,67.41,0.88,-13.08,1.0,719860.0,0.49,2.26,Aug 06/a,7.0,62730000.0,HIGH,9.39,-7.17,1.15,14.7,0.194,True,0.55,True,13.05,6.006,7.296,-4.0458,-10.38,0.718,5.0,-4.51,26.0,21.99,2.33,746722.0,,,200.4,0.22676579925650558,0.7881040892193308,0.4163568773234201,0.22304832713754646,0.6809169764560099,0.9144981412639405,0.9045848822800495,0.5416,0.691,0.5113
YELP,Yelp Inc,Communication Services,Internet Content & Information,10.12,8.36,-15.380000000000003,1.38,-4.06,-2.6,17.72,-6.34,-10.61,0.43,-38.71,2.92,1180000.0,0.8,21.14,Aug 06/a,25.29,1150000000.0,HIGH,-5.37,4.15,1.18,-0.06,0.1857,False,-2.92,False,-10.78,4.152,3.207,-2.6091,-25.32,1.265,34.0,-17.34,26.0,-12.82,21.83,24608248.0,,,15.8,0.5885997521685254,0.35687732342007433,0.44981412639405205,0.8649318463444857,0.7106567534076828,0.2614622057001239,0.4969021065675341,0.5387,0.5469,0.6064
HYPD,Hyperion DeFi Inc,Healthcare,Biotechnology,,1.36,136.97,,0.11,14.330000000000002,15.97,12.67,-14.550000000000002,2.52,-76.83,1.0,513350.0,0.74,3.29,Aug 12/a,10.22,51120000.0,HIGH,28.17,1.68,0.72,33.48,0.3261,True,10.34,True,22.39,8.075,6.181,-5.7413,-6.81,1.713,4.0,1.68,22.0,35.32,3.64,2358723.0,,,180.8,0.09169764560099132,0.8909541511771994,0.14498141263940523,0.9603469640644362,0.16294919454770757,0.9714993804213135,0.9789343246592317,0.5371,0.484,0.5466
EVER,EverQuote Inc,Communication Services,Internet Content & Information,7.97,10.73,37.21,24.55,-0.95,4.23,25.5,20.9,55.66,0.66,-14.829999999999998,1.62,670220.0,0.63,24.47,Aug 03/a,29.5,862320000.0,HIGH,1.61,-3.65,0.84,6.92,0.1529,False,-3.72,False,-4.55,4.863,3.995,-2.9477,-15.07,1.085,40.0,-8.14,29.0,0.71,24.03,13315460.0,,,22.8,0.49318463444857497,0.6183395291201983,0.5774473358116481,0.7391573729863693,0.3073110285006196,0.4857496902106567,0.7806691449814126,0.5369,0.5777,0.5064
ABEO,Abeona Therapeutics Inc,Healthcare,Biotechnology,,,-120.75,2745.0,-5.21,0.8199999999999998,29.92,-3.53,10.51,1.3,-28.499999999999996,1.0,1440000.0,1.35,5.47,Aug 13/b,18.86,312800000.0,HIGH,-8.59,-7.18,1.2,-3.28,0.1536,False,-8.12,False,-14.96,4.052,2.947,-2.1639,-29.02,1.129,23.0,-26.62,22.0,-14.49,5.43,6915855.0,,,247.3,0.6914498141263941,0.2868649318463445,0.5731102850061958,0.7850061957868649,0.7261462205700124,0.15737298636926889,0.362453531598513,0.5367,0.5348,0.59
NABL,N-able Inc,Technology,Information Technology Services,,9.32,143.66,5.31,0.0,1.8799999999999997,6.34,27.529999999999998,-16.74,0.46,-53.86,2.57,2340000.0,1.02,4.03,Aug 10/b,4.68,761290000.0,HIGH,27.52,8.31,1.17,32.83,0.2699,True,9.88,True,1.01,6.218,7.434,-3.8513,-20.57,1.253,30.0,-10.9,25.0,29.91,4.17,9503572.0,,,12.2,0.2614622057001239,0.4628252788104089,0.22800495662949194,0.8599752168525403,0.7026022304832714,0.7019826517967782,0.9776951672862454,0.5361,0.6703,0.6315
PLBY,Playboy Inc,Consumer Cyclical,Apparel Manufacturing,470.83,22.6,102.09000000000002,10.91,-16.47,2.83,4.98,-23.65,-36.16,1.96,-58.91,2.0,833180.0,0.39,1.13,Aug 10/a,2.75,135380000.0,HIGH,-2.54,-2.54,1.08,2.77,0.1047,False,-3.34,False,-3.76,3.404,4.348,-1.9807,-28.35,0.711,24.0,-2.54,24.0,-2.54,1.15,532921.0,,,139.1,0.7558859975216853,0.298636926889715,0.7942998760842627,0.21189591078066913,0.6133828996282528,0.5291201982651796,0.6195786864931846,0.5339,0.6701,0.5276
ALHC,Alignment Healthcare Inc,Healthcare,Healthcare Plans,55.54,24.01,127.27,31.55,-24.56,11.06,11.56,-47.57,-40.78,1.09,-58.71999999999999,1.43,5100000.0,5.6,10.37,Jul 30/a,24.08,2150000000.0,HIGH,-3.86,-3.86,1.33,1.45,0.1064,False,-2.75,False,-19.91,4.319,5.255,-1.9747,-48.49,1.004,50.0,-45.63,31.0,-12.86,12.94,56446916.0,,,86.1,0.758364312267658,0.09417596034696406,0.7843866171003717,0.6635687732342007,0.8128872366790583,0.08798017348203221,0.5675340768277571,0.5336,0.7062,0.5807
JANX,Janux Therapeutics Inc,Healthcare,Biotechnology,,,36.18,,-0.18,1.92,10.49,19.65,18.44,2.39,-53.48,1.5,1020000.0,0.99,16.44,Aug 06/a,31.53,1010000000.0,HIGH,6.46,-13.62,0.98,11.77,0.2478,False,-5.59,True,2.51,4.518,2.542,-3.4947,-14.77,1.048,8.0,-8.36,26.0,9.21,17.31,16495316.0,,,82.1,0.3395291201982652,0.6332094175960347,0.2794299876084263,0.7075588599752168,0.4882280049566295,0.7496902106567535,0.8711276332094176,0.5329,0.5787,0.5713
EYE,National Vision Holdings Inc,Consumer Cyclical,Specialty Retail,25.61,13.12,41.28,2.55,2.23,3.32,18.31,-11.75,-41.21,0.97,-47.2,1.58,2130000.0,1.16,15.85,Aug 12/b,28.18,1250000000.0,HIGH,-5.2,3.0,1.11,0.11,0.1743,False,-0.95,False,-10.46,4.34,3.341,-2.1064,-26.74,1.083,30.0,-20.55,23.0,-10.25,17.51,36926357.0,,,60.9,0.7149938042131351,0.32961586121437425,0.49008674101610905,0.7366790582403965,0.6474597273853779,0.2757125154894672,0.5055762081784386,0.5324,0.5435,0.5937
ACHV,Achieve Life Sciences Inc,Healthcare,Biotechnology,,,-118.04999999999998,,-0.06,51.62,23.56,30.709999999999997,74.29,2.32,-15.28,1.0,1860000.0,0.74,7.32,Aug 11/b,14.27,753240000.0,HIGH,-3.6,-7.78,0.91,1.71,0.222,False,-8.85,True,2.84,5.345,3.734,-4.3854,-16.32,1.576,18.0,-3.86,24.0,8.4,7.23,12461226.0,,,97.4,0.18711276332094176,0.5799256505576208,0.32837670384138784,0.9405204460966543,0.3996282527881041,0.7577447335811648,0.5762081784386617,0.5322,0.4489,0.5713
PFSI,PennyMac Financial Services Inc,Financial,Mortgage Finance,9.35,6.23,-83.96,0.45000000000000007,-0.16,-0.7,8.52,-17.43,-21.31,1.44,-57.56,2.0,570720.0,1.82,68.05,Jul 29/a,90.57,3540000000.0,HIGH,-9.62,-4.26,0.99,-4.31,0.1212,False,-5.73,False,-11.4,2.674,2.711,-1.4619,-21.41,0.853,54.0,-19.88,32.0,-9.09,68.97,32827173.0,,,31.3,0.8698884758364313,0.4392812887236679,0.711276332094176,0.42998760842627015,0.5030978934324659,0.23915737298636927,0.3339529120198265,0.5321,0.4979,0.5105
VSTM,Verastem Inc,Healthcare,Biotechnology,,,44.57,1775.43,-0.31,14.26,22.38,83.5,26.33,0.4,-32.17,1.0,2490000.0,1.14,7.34,Aug 06/a,15.0,664730000.0,HIGH,4.6,-7.05,0.69,9.91,0.2232,True,0.77,True,14.84,5.65,4.927,-3.8111,-12.06,1.128,6.0,-5.89,26.0,27.07,7.51,16582686.0,,,99.7,0.27261462205700127,0.7230483271375465,0.3246592317224287,0.7831474597273854,0.1406443618339529,0.9318463444857497,0.8500619578686494,0.5293,0.4796,0.5321
HOS,Hornbeck Offshore Services Inc,Industrials,Marine Shipping,55.66,15.69,354.29,0.57,0.0,20.24,5.52,-6.74,-2.1,1.23,-20.49,2.0,1760000.0,2.16,8.85,Aug 06/b,11.67,1670000000.0,HIGH,-19.45,-6.5,1.37,-14.14,0.2669,False,-13.62,False,-11.96,5.578,6.125,-2.7511,-23.72,1.421,9.0,-17.57,27.0,-8.91,8.49,20638726.0,,,37.5,0.5563816604708798,0.40148698884758366,0.23667905824039648,0.9120198265179678,0.8401486988847584,0.22676579925650558,0.11152416356877323,0.5289,0.3677,0.6338
AZTA,Azenta Inc,Healthcare,Medical Instruments & Supplies,,55.98,104.69999999999999,11.97,2.11,-7.090000000000001,12.4,43.92,57.96,1.53,-20.85,2.0,717920.0,1.0,33.03,Aug 04/a,34.8,1450000000.0,HIGH,-4.59,3.96,0.84,0.72,0.242,False,-2.14,True,5.96,3.765,6.273,-3.7977,-14.54,1.204,18.0,-2.85,28.0,6.34,32.04,26845586.0,,,8.6,0.27757125154894674,0.6406443618339529,0.28810408921933084,0.8395291201982652,0.3073110285006196,0.8190830235439901,0.5322180916976456,0.5287,0.3915,0.5609
AGIO,Agios Pharmaceuticals Inc,Healthcare,Biotechnology,,,12.45,259.25,-4.54,3.66,12.94,3.11,13.77,0.63,-28.67,1.6,1110000.0,1.22,32.81,Jul 30/b,45.75,1960000000.0,HIGH,-1.22,-0.98,0.95,4.09,0.0711,False,-1.55,False,-5.8,4.09,4.425,-2.1714,-24.65,0.78,49.0,-11.15,32.0,1.44,33.22,28382327.0,,,37.7,0.6889714993804213,0.3798017348203222,0.9157372986369269,0.30111524163568776,0.44919454770755884,0.4349442379182156,0.6840148698884758,0.5283,0.6831,0.4686
VERX,Vertex Inc,Technology,Software - Application,599.53,12.68,1033.33,10.52,-0.01,-6.61,6.75,8.59,-2.72,0.82,-51.43,2.12,2009999.9999999998,0.82,12.89,Aug 03/a,17.15,2089999999.9999998,HIGH,4.97,1.32,1.11,10.28,0.1922,False,-1.98,True,1.82,4.631,4.698,-3.2028,-9.41,0.657,12.0,-3.47,29.0,5.65,13.09,18356644.0,,,31.0,0.4163568773234201,0.8166047087980174,0.4213135068153655,0.13878562577447337,0.6474597273853779,0.7273853779429987,0.8537794299876085,0.528,0.6621,0.4825
OPLN,Openlane Inc,Consumer Cyclical,Auto & Truck Dealerships,,20.16,108.57999999999998,15.130000000000003,-45.65,6.4,2.68,-9.59,27.66,1.27,-18.67,1.67,1210000.0,0.89,34.89,Aug 04/b,46.22,4280000000.0000005,HIGH,1.11,1.46,0.5,6.42,0.0737,True,2.02,False,-5.16,2.41,1.635,-1.8473,-17.3,0.84,,,29.0,-11.41,35.48,44920003.0,,,30.3,0.7942998760842627,0.5514250309789344,0.9033457249070632,0.4045848822800496,0.05762081784386617,0.45353159851301117,0.7732342007434945,0.5275,0.5976,0.4275
AQST,Aquestive Therapeutics Inc,Healthcare,Drug Manufacturers - Specialty & Generic,,,-34.09,38.15,-1.73,0.1,21.43,13.98,15.07,1.48,-36.29,1.0,2770000.0,0.58,4.81,Aug 11/a,9.33,603710000.0,HIGH,13.75,-6.33,0.81,19.06,0.2794,False,-1.65,True,11.4,5.536,4.939,-3.3175,-11.03,0.99,16.0,8.57,23.0,15.37,4.88,14966629.0,,,91.2,0.3903345724907063,0.7614622057001239,0.201363073110285,0.6456009913258984,0.26394052044609667,0.8971499380421314,0.9330855018587361,0.5266,0.5128,0.5493
RILY,BRC Group Holdings Inc,Financial,Financial Conglomerates,0.47,,-80.66,5.22,-2.99,39.15,16.8,-34.61,-12.809999999999999,1.21,-46.71,,681020.0,0.77,5.99,Aug 06/a,,240800000.0,HIGH,-12.24,-11.36,1.53,-6.93,0.1434,False,-10.27,False,-11.88,4.19,7.372,-2.5224,-34.18,0.957,29.0,-16.69,26.0,-13.09,6.24,3363611.0,,,,0.6047087980173482,0.20817843866171004,0.6195786864931847,0.6003717472118959,0.8971499380421314,0.22800495662949194,0.2527881040892193,0.5263,0.5561,0.5826
CALX,Calix Inc,Technology,Software - Infrastructure,47.24,15.41,8525.81,21.27,-1.6399999999999997,0.36,8.18,-7.380000000000001,-30.459999999999997,1.32,-50.14999999999999,1.22,1160000.0,0.69,35.5,Jul 20/a,62.33,2240000000.0,HIGH,-12.07,-1.67,0.97,-6.76,0.2155,False,-7.83,False,-8.39,3.061,2.475,-1.6732,-15.78,0.92,18.0,-11.26,39.0,-7.26,34.75,33118145.0,,,79.4,0.8401486988847584,0.5960346964064436,0.3562577447335812,0.5415117719950434,0.4721189591078067,0.3506815365551425,0.25960346964064435,0.5261,0.3524,0.5511
HLLY,Holley Inc,Consumer Cyclical,Auto Parts,31.16,6.76,-122.27,3.2099999999999995,0.0,1.6099999999999999,4.48,1.15,-17.03,1.38,-41.29,1.78,980540.0,1.71,2.63,Aug 05/b,4.58,315970000.0,HIGH,-10.82,-8.72,0.84,-5.51,0.1939,False,-7.45,False,-3.64,5.213,4.044,-3.3835,-17.45,1.844,26.0,-9.63,28.0,-3.89,2.72,2999781.0,,,68.4,0.3742255266418835,0.5464684014869888,0.4175960346964065,0.9690210656753407,0.3073110285006196,0.5384138785625775,0.29615861214374223,0.5255,0.3359,0.5472
MAMA,Mama's Creations Inc,Consumer Defensive,Packaged Foods,76.44,38.36,76.32,55.05,-2.06,25.77,7.36,-12.34,-21.79,0.54,-37.43,1.0,666310.0,3.18,13.14,Sep 03/a,22.29,619510000.0,HIGH,-13.84,-4.0,1.25,-8.53,0.1733,False,-6.55,False,-13.25,4.768,3.159,-2.8271,-29.14,1.32,54.0,-25.38,6.0,-1.85,14.88,9983797.0,,,49.8,0.530359355638166,0.2825278810408922,0.4944237918215614,0.8822800495662949,0.7546468401486989,0.19083023543990088,0.21561338289962825,0.5225,0.461,0.5895
NRGV,Energy Vault Holdings Inc,Utilities,Utilities - Renewable,,,17.79,104.05,-0.21,19.6,23.85,0.0,18.79,1.24,-38.15,1.8,5160000.0,0.68,4.11,Aug 11/a,6.21,747360000.0,HIGH,7.33,-5.09,1.29,12.64,0.3103,True,7.18,True,17.07,7.524,5.0,-5.3776,-15.98,0.917,5.0,6.77,23.0,14.53,4.1,13685586.0,,,51.5,0.11152416356877323,0.5923172242874845,0.1598513011152416,0.5340768277571252,0.7874845105328376,0.9467162329615861,0.8822800495662949,0.522,0.6371,0.595
ALK,Alaska Air Group Inc,Industrials,Airlines,,8.1,-148.08,9.75,2.51,-0.79,10.18,-18.68,3.82,1.32,-37.3,1.39,2810000.0,1.01,39.91,Jul 21/a,59.78,4450000000.0,HIGH,-7.56,-0.07,1.02,-2.25,0.1049,False,-2.0,False,-10.23,3.235,2.653,-2.335,-25.06,0.888,29.0,-18.92,38.0,-8.23,40.71,97125648.0,,,46.8,0.6517967781908303,0.3667905824039653,0.7912019826517968,0.49008674101610905,0.5408921933085502,0.28872366790582404,0.39838909541511774,0.5216,0.559,0.4929
XIFR,XPLR Infrastructure LP,Utilities,Utilities - Renewable,16.51,17.34,-52.05,5.57,0.0,1.18,5.29,-5.32,4.05,0.89,-16.68,3.0,890390.0,0.66,11.04,Jul 28/b,12.75,2130000000.0,HIGH,-3.53,-8.57,0.83,1.78,0.1049,False,-3.9,False,-5.66,3.215,1.786,-1.8823,-13.25,0.658,7.0,-5.88,34.0,-5.25,11.2,8110727.0,,,13.8,0.7856257744733581,0.6790582403965304,0.7912019826517968,0.14002478314745972,0.28934324659231725,0.4399008674101611,0.5811648079306072,0.5209,0.5566,0.4137
FRSH,Freshworks Inc,Technology,Software - Application,19.39,15.26,301.69,15.98,-0.12,1.58,12.02,33.12,55.24,0.9,-9.51,2.05,14380000.0,0.21,12.66,Aug 04/a,14.64,3300000000.0,HIGH,2.51,4.46,1.04,7.82,0.1942,False,-1.91,True,6.99,3.849,4.241,-3.055,-9.65,0.41,12.0,-2.09,28.0,9.72,12.64,58334167.0,,,15.8,0.4560099132589839,0.8116480793060719,0.41449814126394047,0.03593556381660471,0.5625774473358116,0.8376703841387856,0.8060718711276332,0.5197,0.6156,0.473
PDYN,Palladyne AI Corp,Technology,Software - Infrastructure,,,-35.08,469.75,-0.4,7.629999999999999,22.05,-11.25,-14.71,3.64,-47.05,1.5,1340000.0,0.59,5.68,Aug 06/b,10.75,280240000.0,HIGH,-11.9,-1.38,1.21,-6.59,0.1876,False,-2.81,True,0.8,4.91,5.263,-2.6837,-22.45,0.744,21.0,-9.38,27.0,-3.23,5.7,4311807.0,,,88.6,0.5700123915737298,0.4231722428748451,0.4448574969021065,0.2534076827757125,0.7317224287484511,0.6902106567534076,0.2664188351920694,0.5189,0.4595,0.5613
MGNX,Macrogenics Inc,Healthcare,Biotechnology,,,153.45,47.62,-1.36,11.71,11.59,-2.18,30.320000000000004,1.19,-20.47,2.17,843610.0,0.31,4.04,Aug 13/a,8.0,257350000.00000003,HIGH,3.45,-2.78,0.97,8.76,0.1159,True,1.78,True,1.46,5.213,5.357,-3.2057,-17.32,0.721,6.0,-1.18,21.0,2.94,4.2,1830499.0,,,90.5,0.4138785625774473,0.5495662949194547,0.734820322180917,0.22490706319702602,0.4721189591078067,0.7162329615861215,0.8302354399008675,0.5186,0.6942,0.4568
IRWD,Ironwood Pharmaceuticals Inc,Healthcare,Drug Manufacturers - Specialty & Generic,5.29,3.08,123.29,32.62,-52.88,0.14,11.1,10.03,20.47,0.22,-29.76,2.0,2160000.0,0.52,4.06,Aug 06/b,6.1,670870000.0,HIGH,-4.36,0.0,0.84,0.95,0.1113,False,-1.4,True,0.17,4.111,2.638,-2.9488,-14.55,0.736,8.0,-2.34,27.0,0.48,4.17,6291808.0,,,46.3,0.4919454770755886,0.6394052044609665,0.758364312267658,0.24101610904584883,0.3073110285006196,0.6691449814126395,0.5415117719950434,0.5179,0.5363,0.4274
SKY,Champion Homes Inc,Consumer Cyclical,Residential Construction,24.77,19.85,-20.87,1.27,-1.9900000000000002,2.08,4.96,7.670000000000001,6.509999999999999,1.02,-14.649999999999999,1.71,687760.0,0.93,84.64,Aug 04/a,103.5,4590000000.0,HIGH,-10.14,-0.97,0.78,-4.83,0.1609,False,-4.98,False,-2.9,3.367,2.782,-1.7884,-13.28,0.748,22.0,-10.78,28.0,1.7,83.76,50124617.0,,,23.6,0.8104089219330854,0.677819083023544,0.5464684014869888,0.25712515489467164,0.2342007434944238,0.5768277571251549,0.322180916976456,0.5171,0.3631,0.4696
EGHT,8X8 Inc,Technology,Software - Application,54.95,4.9,73.75,4.86,-2.23,-5.86,2.16,3.39,-11.17,1.88,-36.46,2.33,1730000.0,0.4,1.83,Aug 04/a,2.58,264310000.0,HIGH,-9.31,0.54,1.08,-4.0,0.1911,False,-4.02,False,-6.5,5.56,5.405,-2.7611,-23.87,1.04,29.0,-10.19,28.0,-17.41,1.85,2476767.0,,,39.5,0.550185873605948,0.3990086741016109,0.4256505576208178,0.7019826517967782,0.6133828996282528,0.41016109045848825,0.3444857496902107,0.5167,0.4495,0.5689
IDYA,Ideaya Biosciences Inc,Healthcare,Biotechnology,,,-39.46,,-0.15,6.61,11.22,24.58,8.25,-0.04,-11.76,1.13,953930.0,0.69,37.66,Aug 04/b,52.38,3630000000.0,HIGH,4.08,-2.09,0.73,9.39,0.1541,False,-3.53,True,0.88,3.529,4.181,-2.2546,-10.9,0.717,19.0,4.08,29.0,7.43,38.03,28520554.0,,,37.7,0.6716232961586122,0.7657992565055762,0.5687732342007434,0.22057001239157373,0.17472118959107807,0.6964064436183395,0.838909541511772,0.5163,0.5586,0.4408
TPC,Tutor Perini Corp,Industrials,Engineering & Construction,36.84,16.73,227.43,19.17,-32.47,7.919999999999999,4.43,11.23,19.41,2.06,-16.76,1.0,707350.0,0.54,85.15,Aug 05/a,117.0,4480000000.0,HIGH,-13.07,-5.6,1.05,-7.76,0.1202,False,-5.13,False,-2.34,3.75,3.656,-2.5456,-17.39,0.544,27.0,-0.05,27.0,-0.05,84.51,37173979.0,,,38.4,0.5985130111524164,0.5477075588599752,0.7174721189591078,0.05947955390334572,0.5724907063197026,0.5929368029739777,0.23543990086741015,0.5148,0.4812,0.4559
ENR,Energizer Holdings Inc,Industrials,Electrical Equipment & Parts,17.41,6.05,-72.92,1.21,12.619999999999997,1.26,12.01,1.6399999999999997,20.64,0.78,-32.45,3.0,1040000.0,0.77,20.46,Aug 04/b,21.2,1400000000.0,HIGH,-9.35,-3.48,0.62,-4.04,0.1397,False,-4.85,False,-4.57,3.885,3.256,-2.161,-12.82,0.875,23.0,-9.43,29.0,-4.02,20.27,20449610.0,,,4.6,0.6939281288723668,0.6976456009913259,0.6406443618339529,0.46902106567534074,0.10285006195786865,0.483271375464684,0.34076827757125155,0.5146,0.3594,0.4373
UNCY,Unicycive Therapeutics Inc,Healthcare,Biotechnology,,2.6,87.79,,0.0,4.97,14.69,-33.85,-32.81,1.81,-46.11,1.0,1500000.0,1.13,4.71,Aug 12/b,29.6,131190000.0,HIGH,-7.54,2.39,0.9,-2.23,0.143,False,-3.44,False,-2.35,4.105,4.272,-2.6157,-39.84,1.088,,,23.0,3.0,5.15,3984618.0,,,474.8,0.5848822800495663,0.1524163568773234,0.6232961586121437,0.7459727385377943,0.3847583643122677,0.5910780669144982,0.40086741016109045,0.5137,0.4628,0.5767
BC,Brunswick Corp,Consumer Cyclical,Recreational Vehicles,,12.74,86.57,7.66,-2.91,0.9399999999999998,7.47,-16.23,-3.45,1.37,-23.77,2.14,712850.0,1.21,68.8,Jul 30/b,90.94,4460000000.0,HIGH,-14.78,-2.52,0.96,-9.47,0.2311,False,-8.12,False,-10.74,3.601,1.825,-1.5089,-20.83,1.074,29.0,-11.65,32.0,-12.05,70.14,53884104.0,,,29.7,0.8649318463444857,0.45724907063197023,0.30731102850061953,0.7286245353159851,0.4591078066914498,0.2645600991325898,0.19083023543990088,0.5136,0.3063,0.5793
EEFT,Euronet Worldwide Inc,Technology,Software - Infrastructure,11.01,5.84,-24.69,3.17,0.13,-2.94,13.52,4.8,-0.96,0.83,-23.44,2.3,681130.0,1.02,70.11,Jul 30/b,83.43,2620000000.0,HIGH,1.01,-0.86,0.7,6.32,0.0898,True,0.89,False,-4.05,3.472,4.912,-2.3649,-15.14,0.786,34.0,-10.0,32.0,-7.06,71.26,41917993.0,,,17.1,0.6418835192069393,0.6133828996282528,0.8550185873605948,0.30855018587360594,0.14869888475836432,0.5130111524163569,0.7670384138785625,0.5134,0.6079,0.403
GTX,Garrett Motion Inc,Consumer Cyclical,Auto Parts,14.02,11.39,25.009999999999998,6.9,-2.47,-0.22,2.72,-24.9,46.62,0.84,-29.299999999999997,1.5,2640000.0,0.84,25.63,Jul 29/b,36.83,4780000000.0,HIGH,-8.31,-6.38,0.77,-3.0,0.103,False,-3.35,False,-10.99,3.152,3.454,-2.2255,-27.71,1.15,53.0,-25.3,33.0,-8.95,26.2,79110410.0,,,40.6,0.677819083023544,0.3097893432465923,0.8029739776951673,0.8097893432465924,0.22366790582403964,0.25650557620817843,0.3754646840148699,0.5134,0.4582,0.4919
NUVB,Nuvation Bio Inc,Healthcare,Biotechnology,,,-4.04,555.64,-0.59,5.66,21.54,12.839999999999998,28.89,1.61,-40.51,1.17,6770000.0,1.04,5.8,Aug 06/b,13.1,2040000000.0,HIGH,-8.33,-10.14,1.96,-3.02,0.1974,False,-11.45,False,-7.4,5.35,6.145,-3.6266,-21.64,0.946,19.0,-8.33,27.0,-2.78,5.94,34266651.0,,,120.5,0.3097893432465923,0.4349442379182156,0.40768277571251554,0.5836431226765799,0.966542750929368,0.3754646840148699,0.37298636926889717,0.513,0.5615,0.5589
UPBD,Upbound Group Inc,Technology,Software - Application,11.54,3.85,39.24,0.51,-0.21,3.54,13.71,-5.18,-0.28,1.76,-36.66,1.71,995950.0,0.95,17.75,Jul 30/b,28.25,1030000000.0,HIGH,-6.02,-1.08,0.9,-0.71,0.101,False,-3.03,False,-8.2,3.166,1.644,-2.0266,-21.0,0.798,43.0,-13.43,32.0,-9.29,18.25,14260674.0,,,54.8,0.7385377942998761,0.4516728624535316,0.8116480793060719,0.3333333333333333,0.3847583643122677,0.3550185873605948,0.46220570012391576,0.5125,0.5438,0.4529
APAM,Artisan Partners Asset Management Inc,Financial,Asset Management,9.12,9.25,18.68,8.05,-0.39,2.39,4.88,1.86,3.58,1.68,-20.02,3.0,849420.0,0.83,36.73,Jul 28/a,39.5,2980000000.0,HIGH,-9.62,-8.69,0.82,-4.31,0.1655,False,-9.84,False,-7.43,3.094,2.987,-1.5747,-15.32,0.851,14.0,-12.77,33.0,-7.06,37.49,30560040.0,,,5.4,0.8537794299876085,0.6071871127633209,0.5278810408921932,0.4256505576208178,0.275092936802974,0.3736059479553903,0.3339529120198265,0.5105,0.3745,0.482
ATMU,Atmus Filtration Technologies Inc,Consumer Cyclical,Auto Parts,16.95,13.52,7.980000000000001,16.41,-4.84,4.14,4.71,-11.42,-22.62,1.2,-33.37,1.57,707400.0,1.08,44.31,Aug 07/b,65.2,3620000000.0,HIGH,-13.22,-6.45,1.03,-7.91,0.1474,False,-7.48,False,-11.7,3.626,4.057,-1.772,-20.42,0.831,29.0,-17.65,26.0,-13.29,44.37,26466788.0,,,46.9,0.8178438661710037,0.46592317224287483,0.6003717472118959,0.38909541511771994,0.5532837670384139,0.23172242874845106,0.23296158612143741,0.5097,0.4393,0.498
NTST,Netstreit Corp,Real Estate,REIT - Retail,137.1,44.92,52.629999999999995,26.8,-0.11,13.51,14.2,-3.36,-4.17,0.79,-14.150000000000002,1.61,2000000.0,0.72,19.29,Jul 22/a,23.21,1970000000.0,HIGH,-4.45,-3.46,0.4,0.86,0.0696,False,-3.96,False,-6.95,1.727,2.28,-0.9464,-13.13,0.541,42.0,-8.14,37.0,-9.59,19.52,36094670.0,,,18.9,0.9566294919454771,0.6840148698884758,0.9213135068153655,0.058240396530359353,0.040892193308550186,0.3965303593556382,0.5390334572490706,0.5096,0.5043,0.3631
CELC,Celcuity Inc,Healthcare,Biotechnology,,,-38.76,,-26.63,21.65,26.53,-6.280000000000001,-28.02,0.11,-45.24,1.0,1220000.0,0.64,82.7,Aug 13/a,161.09,4050000000.0,HIGH,-9.64,-10.2,2.05,-4.33,0.1676,False,-8.62,False,-9.93,4.623,2.891,-2.8276,-28.73,0.861,8.0,-9.19,21.0,-3.55,83.53,72977856.0,,,92.9,0.5291201982651796,0.2936802973977695,0.5136307311028501,0.4454770755885997,0.976456009913259,0.2949194547707559,0.3308550185873606,0.5089,0.5794,0.5615
AESI,Atlas Energy Solutions Inc,Energy,Oil & Gas Equipment & Services,,,-347.44,1.56,0.0,23.63,30.58,-17.94,3.34,1.12,-32.29,2.62,3180000.0,0.92,13.63,Aug 03/a,17.42,1700000000.0,HIGH,2.5,-6.08,1.07,7.81,0.2142,True,0.65,True,2.77,5.825,6.317,-3.6955,-23.52,0.981,7.0,0.84,29.0,20.22,13.14,40277320.0,,,32.6,0.29244114002478316,0.40892193308550184,0.3605947955390335,0.6363073110285006,0.6003717472118959,0.7534076827757125,0.8042131350681536,0.5087,0.61,0.5706
GERN,Geron Corp,Healthcare,Biotechnology,,17.7,-1.22,17.22,0.0,-0.15,13.44,13.91,-20.61,0.6,-34.83,1.4,11300000.0,1.46,1.31,Aug 05/b,4.25,841640000.0,HIGH,-10.46,-9.27,1.25,-5.15,0.1911,False,-8.67,False,-7.11,5.892,4.38,-3.4241,-16.97,0.925,28.0,2.24,28.0,2.24,1.37,14560144.0,,,210.2,0.36059479553903345,0.5625774473358116,0.4256505576208178,0.5532837670384139,0.7546468401486989,0.38971499380421315,0.30545229244114,0.5077,0.4763,0.5146
GMRS,GMR Solutions Inc,Healthcare,Medical Care Facilities,,,,,-10.04,464.45,9.82,5.82,,,-20.34,1.38,712290.0,2.16,12.73,Aug 12/a,18.88,687700000.0,HIGH,-4.19,-3.91,0.91,1.12,0.1886,True,0.42,False,-0.29,5.414,4.148,-3.51,-17.02,0.991,19.0,-4.19,22.0,3.11,13.26,8118433.0,,,42.4,0.33705080545229243,0.5613382899628253,0.4380421313506815,0.6480793060718711,0.3996282527881041,0.6579925650557621,0.5477075588599752,0.507,0.4704,0.5107
GCMG,GCM Grosvenor Inc,Financial,Asset Management,24.71,11.82,136.14,12.950000000000001,-9.02,-0.43,2.72,11.83,24.12,0.89,-14.16,1.4,507480.0,1.02,12.76,Aug 10/b,15.5,2590000000.0,HIGH,-7.74,-4.1,0.74,-2.43,0.1095,False,-5.53,False,-4.71,2.69,2.215,-1.4115,-14.97,0.603,22.0,-9.2,25.0,-6.92,12.64,5308022.0,,,22.6,0.8810408921933085,0.6239157372986369,0.7695167286245354,0.09665427509293681,0.19330855018587362,0.4758364312267658,0.3903345724907063,0.5067,0.445,0.4117
BBNX,Beta Bionics Inc,Healthcare,Medical Devices,,,-35.38,37.76,-1.83,-5.03,25.12,33.73,76.91,3.46,-41.21,1.67,1150000.0,1.48,19.23,Jul 29/a,22.4,865150000.0,HIGH,-4.73,-13.45,1.73,0.58,0.2485,False,-11.29,False,-2.96,6.7,12.493,-3.8712,-19.32,0.896,19.0,-4.73,32.0,17.24,16.73,19713658.0,,,33.9,0.2577447335811648,0.4969021065675341,0.2763320941759604,0.5049566294919455,0.9349442379182156,0.5693928128872366,0.5254027261462205,0.5067,0.5735,0.5668
URG,Ur-Energy Inc,Energy,Uranium,,,26.83,37.74,-1.22,5.14,15.46,-28.24,-15.28,1.14,-48.09,1.0,8830000.0,0.49,1.22,Aug 10/a,2.18,485390000.0,HIGH,-8.09,-10.07,1.66,-2.78,0.1995,False,-10.04,False,-6.3,5.371,4.0,-3.6241,-22.84,0.935,15.0,-11.97,24.0,-10.07,1.25,7678769.0,,,74.4,0.3110285006195787,0.4163568773234201,0.3952912019826518,0.570631970260223,0.9237918215613383,0.4200743494423792,0.3822800495662949,0.5062,0.5486,0.5564
HLF,Herbalife Ltd,Consumer Defensive,Packaged Foods,7.71,3.87,-152.75,5.38,-5.94,-12.72,8.57,-0.33,-21.98,0.78,-41.52,1.75,1680000.0,0.76,11.93,Aug 05/a,17.0,1250000000.0,HIGH,0.5,-3.06,0.7,5.81,0.1367,False,-1.58,False,-2.09,5.596,2.407,-3.7758,-10.54,0.933,14.0,-4.21,27.0,4.69,12.05,20736616.0,,,41.1,0.2812887236679058,0.7794299876084263,0.6567534076827757,0.5681536555142503,0.14869888475836432,0.6003717472118959,0.7496902106567535,0.5058,0.5415,0.3996
SUPN,Supernus Pharmaceuticals Inc,Healthcare,Drug Manufacturers - Specialty & Generic,,9.26,-353.07,32.4,-3.83,1.8000000000000003,8.57,-5.88,-17.79,0.56,-30.829999999999995,1.5,849500.0,0.79,41.28,Aug 03/b,61.75,2400000000.0,HIGH,-14.05,-2.22,1.18,-8.74,0.2068,False,-6.89,False,-10.08,2.934,3.157,-1.2156,-20.97,0.772,19.0,-14.05,30.0,-7.04,41.49,25562813.0,,,48.8,0.9120198265179678,0.45353159851301117,0.3785625774473358,0.2874845105328377,0.7106567534076828,0.29244114002478316,0.20693928128872366,0.5058,0.4095,0.5507
VKTX,Viking Therapeutics Inc,Healthcare,Biotechnology,,,-88.32,,-4.81,2.14,19.65,1.08,-16.83,0.65,-30.59,1.2,2220000.0,1.27,29.95,Jul 29/a,93.11,3490000000.0,HIGH,-6.24,-6.38,1.03,-0.93,0.1276,False,-5.86,False,-9.49,4.379,3.298,-2.9915,-26.31,0.996,49.0,-18.55,32.0,-4.77,31.53,59630110.0,,,195.3,0.47335811648079307,0.33705080545229243,0.6914498141263941,0.6524163568773235,0.5532837670384139,0.31784386617100374,0.4510532837670384,0.5042,0.5538,0.4992
BDTX,Black Diamond Therapeutics Inc,Healthcare,Biotechnology,,,7.1,,0.0,-5.74,13.25,14.529999999999998,-10.05,3.31,-60.12,1.38,1090000.0,0.28,1.97,Aug 05/a,10.0,113180000.0,HIGH,-0.98,-3.33,0.93,4.33,0.1708,False,-4.46,True,3.09,4.916,3.448,-3.2707,-12.5,0.728,14.0,-5.8,27.0,13.41,2.03,1170740.0,,,392.6,0.40148698884758366,0.7057001239157373,0.5018587360594795,0.23048327137546468,0.4250309789343247,0.7608426270136307,0.6951672862453532,0.5042,0.5561,0.4545
INFQ,Infleqtion Inc,Technology,Software - Infrastructure,,,-396.57,,-43.78,15.42,12.86,-14.510000000000002,20.09,4.29,-53.93,1.0,11400000.0,0.61,12.67,Aug 12/a,21.33,2860000000.0,HIGH,-6.04,-7.76,0.99,-0.73,0.1618,False,-4.01,True,8.14,6.956,6.508,-5.2788,-24.05,0.966,12.0,-6.87,22.0,3.45,12.6,110722132.0,,,69.3,0.12143742255266418,0.3940520446096654,0.540272614622057,0.6127633209417596,0.5030978934324659,0.8525402726146221,0.459727385377943,0.504,0.4969,0.5225
WING,Wingstop Inc,Consumer Cyclical,Restaurants,23.94,18.86,20.11,6.4399999999999995,-0.13,0.49,16.17,-39.33,-49.38,1.8,-66.7,1.47,1200000.0,2.41,100.84,Jul 29/b,202.58,2750000000.0,HIGH,-0.87,4.81,1.25,4.44,0.1115,True,1.5,False,-9.7,5.347,7.288,-3.4404,-36.18,1.006,53.0,-30.68,33.0,-14.95,114.71,124112290.0,,,76.6,0.35254027261462206,0.18463444857496902,0.7552664188351921,0.6672862453531598,0.7546468401486989,0.30916976456009915,0.7019826517967782,0.5039,0.7338,0.5209
SOUN,SoundHound AI Inc,Technology,Software - Application,,,45.04,45.02,-1.29,-1.15,38.76,-16.1,-18.44,2.86,-72.26,1.5,30070000.0,0.62,6.15,Aug 05/a,12.83,2770000000.0,HIGH,-8.1,-1.52,1.15,-2.79,0.1812,False,-5.69,False,-3.96,4.588,6.337,-2.7013,-21.0,0.807,27.0,0.62,27.0,0.62,6.47,170998181.0,,,98.3,0.5625774473358116,0.4516728624535316,0.46592317224287483,0.34324659231722426,0.6809169764560099,0.5179677819083024,0.38042131350681535,0.5037,0.4962,0.5262
BCRX,Biocryst Pharmaceuticals Inc,Healthcare,Drug Manufacturers - Specialty & Generic,,14.1,1180.09,33.61,-0.76,4.81,15.5,-9.93,-12.26,0.55,-27.27,1.36,4480000.0,1.36,8.16,Aug 05/b,20.64,2089999999.9999998,HIGH,-17.2,-9.26,1.49,-11.89,0.2717,False,-13.51,False,-14.44,4.661,3.402,-3.0676,-26.65,1.748,24.0,-16.36,28.0,-8.76,8.23,31721933.0,,,150.8,0.44981412639405205,0.3308550185873606,0.2218091697645601,0.9653035935563816,0.8866171003717472,0.16728624535315986,0.14807930607187111,0.5036,0.3918,0.6173
SENS,Senseonics Holdings Inc,Healthcare,Medical Devices,,,-77.96,117.82,1.15,28.52,11.19,22.65,40.73,1.05,-23.29,2.14,732880.0,0.6,8.88,Aug 06/a,14.2,469520000.0,HIGH,10.09,-5.25,0.86,15.4,0.2069,False,-3.81,True,25.21,5.669,3.054,-4.1199,-12.91,0.844,8.0,-5.76,26.0,71.65,8.84,6071570.0,,,60.6,0.21685254027261464,0.6920693928128873,0.3767038413878563,0.4138785625774473,0.3395291201982652,0.9814126394052045,0.9169764560099133,0.5034,0.5817,0.4879
SHAK,Shake Shack Inc,Consumer Cyclical,Restaurants,61.42,41.88,-8.66,17.16,2.61,-13.33,9.38,-0.22,-35.65,1.67,-45.78,2.1,1690000.0,0.98,58.27,Aug 05/b,82.04,2490000000.0,HIGH,-14.4,-5.77,1.03,-9.09,0.2464,False,-8.84,False,-3.14,4.383,2.669,-2.4865,-16.88,0.859,16.0,-14.0,28.0,-4.09,63.51,72753092.0,,,29.2,0.6133828996282528,0.5656753407682775,0.2825278810408922,0.44114002478314746,0.5532837670384139,0.5588599752168525,0.1970260223048327,0.5025,0.3296,0.5417
STAA,Staar Surgical Co,Healthcare,Medical Instruments & Supplies,337.52,41.54,146.1,111.04,0.0,-0.93,14.06,-20.88,24.14,1.17,-37.43,2.82,890200.0,1.21,22.44,Aug 12/a,28.44,1130000000.0,HIGH,-4.23,-4.51,0.95,1.08,0.1167,False,-1.11,False,-6.04,4.164,4.075,-2.9826,-26.29,0.951,,,22.0,-8.92,23.07,19775959.0,,,23.3,0.4770755885997522,0.3395291201982652,0.7311028500619579,0.5916976456009914,0.44919454770755884,0.4250309789343247,0.5452292441140025,0.5023,0.5722,0.4857
REYN,Reynolds Consumer Products Inc,Consumer Cyclical,Packaging & Containers,13.42,13.06,21.0,0.64,0.0,5.31,11.53,-6.36,2.76,0.54,-19.69,2.62,1360000.0,1.05,21.94,Jul 29/b,27.14,4620000000.0,HIGH,-15.75,-0.18,0.89,-10.44,0.288,False,-7.51,False,-12.83,2.688,1.626,-1.362,-20.1,1.311,28.0,-17.03,33.0,-15.06,21.83,37084787.0,,,24.3,0.8884758364312267,0.4745972738537794,0.18587360594795543,0.8785625774473358,0.3748451053283767,0.20322180916976457,0.17224287484510534,0.5009,0.2371,0.5863
BKV,BKV Corp,Energy,Oil & Gas E&P,8.76,13.45,-45.16,45.28,-0.24,6.480000000000001,16.45,0.83,-14.859999999999998,1.06,-25.78,1.08,1320000.0,0.86,24.35,Aug 06/b,33.58,2660000000.0,HIGH,-9.6,-10.99,0.57,-4.29,0.1656,False,-5.02,False,-5.67,4.742,3.401,-3.4501,-15.08,4.371,5.0,-8.6,27.0,3.57,23.82,55785395.0,,,41.0,0.3469640644361834,0.6164807930607187,0.5266418835192069,0.9975216852540273,0.0768277571251549,0.43866171003717475,0.3358116480793061,0.5005,0.3154,0.465
MAZE,Maze Therapeutics Inc,Healthcare,Biotechnology,,,1.29,,-1.77,11.92,17.17,-0.16,-52.73,2.22,-54.84,1.0,554620.0,0.79,24.23,Aug 11/a,62.55,1350000000.0,HIGH,-11.74,-6.45,1.28,-6.43,0.2844,False,-9.93,False,-12.42,5.686,5.634,-2.8169,-26.36,1.612,14.0,-16.66,23.0,-9.67,24.67,12375528.0,,,153.5,0.5328376703841388,0.3358116480793061,0.19454770755885997,0.9479553903345725,0.781908302354399,0.2094175960346964,0.27261462205700127,0.5004,0.402,0.618
CHRS,Coherus Oncology Inc,Healthcare,Biotechnology,,,63.16,39.53,0.0,-1.41,20.72,-2.21,-19.88,0.96,-49.16,1.33,990250.0,0.77,1.33,Aug 05/a,7.75,205490000.0,HIGH,24.35,4.38,1.15,29.66,0.1968,True,4.65,True,2.52,5.445,6.294,-5.3195,-16.37,0.872,49.0,-8.33,27.0,13.04,1.43,1500009.0,,,442.0,0.11524163568773234,0.5780669144981413,0.40892193308550184,0.46158612143742256,0.6809169764560099,0.751548946716233,0.9714993804213135,0.4994,0.7156,0.5023
SLG,SL Green Realty Corp,Real Estate,REIT - Office,,,-130.2,5.63,-0.7,-2.6,15.28,0.7,40.86,1.66,-21.84,2.41,976010.0,0.74,51.81,Jul 22/a,58.47,3960000000.0,HIGH,-7.36,-1.55,0.8,-2.05,0.1758,False,-6.91,False,-3.74,3.184,2.693,-1.965,-13.5,0.775,15.0,-9.52,37.0,3.71,51.98,42310159.0,,,12.5,0.7620817843866171,0.6734820322180917,0.4807930607187113,0.2936802973977695,0.2540272614622057,0.5315985130111525,0.4076827757125155,0.4993,0.3835,0.4603
ETON,Eton Pharmaceuticals Inc,Healthcare,Drug Manufacturers - Specialty & Generic,145.24,26.16,467.42999999999995,98.59,-29.99,9.33,4.96,70.86,188.95,0.89,-17.24,1.0,553600.0,0.98,54.93,Aug 13/a,71.0,1570000000.0,HIGH,-6.66,-2.91,0.61,-1.35,0.1422,False,-5.11,True,15.47,4.713,2.864,-2.7554,-13.18,0.602,16.0,-3.82,21.0,41.23,57.62,35067488.0,,,23.2,0.5526641883519207,0.6815365551425031,0.6288723667905824,0.09541511771995044,0.09789343246592318,0.9355638166047088,0.4312267657992565,0.4987,0.3905,0.4204
ARDX,Ardelyx Inc,Healthcare,Biotechnology,,13.09,15.22,23.77,-4.91,-1.17,9.49,-40.19,-41.78,0.68,-59.52,1.0,4340000.0,1.17,3.4,Aug 06/a,12.9,847240000.0,HIGH,-13.3,-6.63,1.14,-7.99,0.1386,False,-7.25,False,-21.02,3.622,2.557,-2.0124,-45.6,1.083,,,26.0,-12.0,3.52,14476253.0,,,266.5,0.7459727385377943,0.1127633209417596,0.6456009913258984,0.7366790582403965,0.6703841387856257,0.07806691449814127,0.23048327137546468,0.4982,0.487,0.5578
FUL,H.B. Fuller Company,Basic Materials,Specialty Chemicals,15.12,9.56,61.75999999999999,5.81,-2.16,-2.85,5.67,-21.0,-7.02,0.99,-25.85,1.67,753940.0,1.11,50.89,Sep 23/a,73.29,2740000000.0,HIGH,-19.83,-3.9,1.05,-14.52,0.2507,False,-8.81,False,-10.43,2.944,1.413,-1.744,-22.2,0.965,21.0,-15.26,,,50.97,33084677.0,,,43.8,0.8265179677819083,0.42998760842627015,0.27075588599752165,0.6096654275092936,0.5724907063197026,0.2788104089219331,0.10780669144981413,0.498,0.2961,0.5719
SXC,SunCoke Energy Inc,Basic Materials,Coking Coal,,25.92,587.84,9.49,0.0,9.63,4.89,2.71,62.53999999999999,0.99,-11.42,2.0,1430000.0,0.73,9.46,Jul 30/b,9.5,802920000.0,HIGH,0.32,-6.74,0.75,5.63,0.1577,False,-3.91,True,3.26,3.833,4.822,-2.5477,-10.67,0.576,8.0,-6.56,32.0,12.9,9.54,10132515.0,,,-0.4,0.59727385377943,0.7744733581164808,0.5600991325898389,0.080545229244114,0.20817843866171004,0.7657992565055762,0.7441140024783147,0.4977,0.5281,0.4129
CNXC,Concentrix Corp,Technology,Information Technology Services,,2.52,36.61,1.87,-30.39,2.89,19.81,11.53,-8.6,0.49,-49.53,1.83,1720000.0,0.66,29.21,Sep 29/a,33.75,1780000000.0,HIGH,25.46,3.54,0.99,30.77,0.4054,True,4.31,True,13.35,7.255,5.535,-4.5834,-13.5,0.981,14.0,12.45,,,29.27,36610760.0,,,15.3,0.16604708798017348,0.6734820322180917,0.08302354399008671,0.6363073110285006,0.5030978934324659,0.9182156133828996,0.9752168525402726,0.4967,0.5659,0.5559
MNKD,Mannkind Corp,Healthcare,Biotechnology,,,-3033.33,42.92,-1.14,-3.37,8.65,-11.0,28.52,1.09,-45.31,1.25,4490000.0,0.82,3.56,Aug 05/a,7.97,1140000000.0,HIGH,-3.85,-9.86,0.99,1.46,0.1611,False,-6.89,False,-6.38,4.419,2.933,-3.1412,-17.58,0.921,18.0,-7.86,27.0,-3.6,3.75,12849459.0,,,112.5,0.43246592317224286,0.5415117719950434,0.5439900867410161,0.5433705080545229,0.5030978934324659,0.4144981412639405,0.5693928128872366,0.4965,0.5419,0.4734
KMT,Kennametal Inc,Industrials,Tools & Accessories,6.66,11.9,936.69,42.63,-6.93,2.89,8.06,-17.55,-22.42,1.33,-33.1,3.78,1330000.0,0.83,29.31,Aug 05/b,33.0,2230000000.0,HIGH,-7.51,-3.45,0.7,-2.2,0.0959,False,-1.56,False,-8.53,3.426,3.365,-2.0879,-28.45,0.983,29.0,-15.7,28.0,-13.88,29.42,45528682.0,,,12.2,0.7199504337050805,0.29615861214374223,0.8314745972738538,0.6394052044609665,0.14869888475836432,0.34324659231722426,0.40272614622057,0.4965,0.4551,0.4628
FRPT,Freshpet Inc,Consumer Defensive,Packaged Foods,16.52,33.74,19.15,15.45,-30.630000000000003,4.88,17.19,15.049999999999999,-16.82,1.77,-27.1,1.68,1340000.0,0.79,62.69,Aug 05/b,83.2,3010000000.0,HIGH,-12.22,-5.22,0.79,-6.91,0.2166,False,-9.98,False,-1.7,4.033,3.669,-1.9446,-17.32,0.865,15.0,-13.78,28.0,2.23,63.77,78141736.0,,,30.5,0.7670384138785625,0.5495662949194547,0.35315985130111527,0.44919454770755884,0.24473358116480792,0.614002478314746,0.2540272614622057,0.4963,0.281,0.5187
DXYZ,Destiny Tech100 Inc,Financial,Asset Management,2.93,,1407.36,106.52999999999999,7.980000000000001,,0.88,8.07,18.02,5.59,-58.47,,1480000.0,0.44,30.26,-,,922020000.0,HIGH,-7.15,-7.8,0.77,-1.84,0.1452,False,-5.1,True,9.79,6.08,4.498,-3.8272,-12.5,0.761,12.0,-8.63,,,31.57,37083077.0,,,,0.2664188351920694,0.7057001239157373,0.6121437422552665,0.27261462205700127,0.22366790582403964,0.8785625774473358,0.4144981412639405,0.4932,0.4165,0.4103
DIOD,Diodes Inc,Technology,Semiconductors,48.62,15.65,1.23,21.66,-6.11,0.98,4.98,-20.22,36.98,1.91,-28.35,2.2,624750.0,0.67,90.27,Aug 05/a,162.5,4160000000.0,HIGH,-16.04,-0.67,1.6,-10.73,0.1933,False,-2.13,False,-2.12,4.411,4.307,-3.6671,-28.32,0.851,20.0,-12.73,27.0,5.51,90.31,54267190.0,,,79.9,0.30111524163568776,0.29987608426270135,0.4200743494423792,0.4256505576208178,0.9151177199504337,0.59727385377943,0.16356877323420074,0.4932,0.466,0.5598
DMRA,Damora Therapeutics Inc,Healthcare,Biotechnology,,,80.38,,-0.0,17.51,8.58,23.32,-0.9199999999999999,1.4,-35.42,1.0,577430.0,2.91,24.75,Aug 10/a,44.67,1530000000.0,HIGH,-8.68,-2.67,1.0,-3.37,0.224,False,-3.55,False,-4.62,6.308,4.156,-3.8567,-18.63,1.259,18.0,-10.72,24.0,-3.89,28.39,10837178.0,,,57.3,0.2589838909541512,0.5185873605947955,0.3215613382899628,0.862453531598513,0.516728624535316,0.4795539033457249,0.36059479553903345,0.493,0.3957,0.5294
ESAB,ESAB Corp,Industrials,Metal Fabrication,24.21,10.48,-54.09,12.86,-0.02,11.21,8.94,-30.510000000000005,-31.629999999999995,1.14,-51.09,1.25,771250.0,1.21,67.21,Aug 06/b,128.11,4179999999.9999995,HIGH,-17.79,-9.66,1.48,-12.48,0.2204,False,-11.48,False,-19.11,3.851,2.695,-2.4557,-36.9,1.209,29.0,-25.83,27.0,-26.98,67.52,63754588.0,,,89.7,0.620817843866171,0.17967781908302355,0.33457249070631967,0.8438661710037175,0.8828996282527881,0.09293680297397769,0.1412639405204461,0.4925,0.4217,0.6101
PII,Polaris Inc,Consumer Cyclical,Recreational Vehicles,,16.78,231.17999999999998,9.18,0.0,-6.97,9.41,-17.43,11.33,1.32,-25.759999999999998,2.8,835720.0,0.67,57.89,Jul 28/b,72.69,3290000000.0,HIGH,-13.77,-4.01,1.06,-8.46,0.1822,False,-6.27,False,-12.27,3.814,3.564,-1.7426,-24.44,0.875,35.0,-19.33,34.0,-17.7,58.92,46683341.0,,,23.4,0.828996282527881,0.38599752168525403,0.4609665427509294,0.46902106567534074,0.5867410161090458,0.22057001239157373,0.22057001239157373,0.492,0.4025,0.5263
AGNT,AGNT Inc,Real Estate,Real Estate Services,,68.47,-10.2,10.75,-11.5,4.79,13.74,-18.14,-34.46,2.04,-68.26,2.33,1480000.0,0.91,3.88,Aug 04/a,5.38,648410000.0,HIGH,-3.29,3.27,1.33,2.02,0.2754,False,-2.23,False,-4.21,4.943,5.596,-3.8311,-29.02,1.279,18.0,-6.38,28.0,1.48,4.11,5777420.0,,,30.9,0.265179677819083,0.2868649318463445,0.21189591078066916,0.8686493184634448,0.8128872366790583,0.5037174721189591,0.5923172242874845,0.4915,0.5444,0.6126
AMSC,American Superconductor Corp,Industrials,Specialty Industrial Machinery,9.15,21.51,19.03,30.010000000000005,-8.95,4.59,7.82,-32.55,-10.36,3.33,-60.699999999999996,1.0,769110.0,0.94,27.7,Aug 05/a,61.4,1340000000.0,HIGH,-15.09,-10.38,1.37,-9.78,0.1503,False,-7.57,False,-13.38,4.477,3.592,-2.8907,-39.95,1.01,,,27.0,-17.08,27.28,19097111.0,,,125.1,0.5142503097893433,0.15117719950433706,0.5885997521685253,0.6691449814126395,0.8401486988847584,0.18463444857496902,0.18339529120198264,0.4913,0.502,0.552
SLGN,Silgan Holdings Inc,Consumer Cyclical,Packaging & Containers,15.09,9.38,-13.65,6.76,0.0,3.71,10.26,-5.74,-9.18,0.66,-22.5,1.31,1190000.0,0.71,38.4,Jul 29/b,55.31,4059999999.9999995,HIGH,-6.36,-0.74,0.86,-1.05,0.1405,False,-4.88,False,-8.8,2.673,1.768,-1.6249,-19.21,0.772,13.0,-8.53,33.0,-8.51,39.02,40315862.0,,,41.7,0.8488228004956629,0.5006195786864932,0.6356877323420074,0.2874845105328377,0.3395291201982652,0.3345724907063197,0.4454770755885997,0.4911,0.4708,0.4526
ZVRA,Zevra Therapeutics Inc,Healthcare,Biotechnology,12.57,12.45,-89.97,53.25,-10.8,4.23,9.84,-7.17,18.03,0.97,-22.51,1.0,1260000.0,0.73,11.65,Aug 05/a,25.0,691820000.0,HIGH,4.51,-4.93,0.73,9.82,0.1063,True,0.54,True,1.56,3.509,1.826,-2.3531,-19.85,0.656,5.0,-2.82,27.0,14.43,12.05,10147678.0,,,107.5,0.644361833952912,0.48079306071871125,0.7856257744733581,0.137546468401487,0.17472118959107807,0.7199504337050805,0.8463444857496902,0.4905,0.6266,0.4191
EOLS,Evolus Inc,Healthcare,Drug Manufacturers - Specialty & Generic,,31.02,54.03,21.18,-3.17,9.28,9.28,17.19,56.940000000000005,1.34,-15.039999999999997,1.33,919950.0,0.69,7.91,Aug 05/a,15.0,522460000.00000006,HIGH,2.06,-10.7,0.53,7.37,0.2205,False,-7.95,True,7.27,4.943,4.792,-3.4404,-14.82,1.058,6.0,-12.38,27.0,28.32,7.93,8365224.0,,,89.2,0.35254027261462206,0.630731102850062,0.33271375464684017,0.7125154894671624,0.06629491945477076,0.8420074349442379,0.79182156133829,0.4895,0.4364,0.4933
PGEN,Precigen Inc,Healthcare,Biotechnology,,10.24,153.95,6322.66,-3.05,2.62,25.7,45.83,99.43,0.95,-9.27,1.67,4920000.0,0.56,7.0,Aug 04/a,14.5,2510000000.0,HIGH,4.58,-0.29,0.68,9.89,0.1375,False,-2.28,True,8.41,4.223,4.088,-3.0458,-11.27,0.586,17.0,-4.33,28.0,4.9,6.85,29259275.0,,,111.7,0.45724907063197023,0.7472118959107806,0.6524163568773234,0.08302354399008674,0.1369268897149938,0.8562577447335812,0.8488228004956629,0.4888,0.5763,0.3834
XFOR,X4 Pharmaceuticals Inc,Healthcare,Biotechnology,,,96.32,346.33,-0.48,9.78,9.12,-11.27,1.69,0.44,-25.05,1.0,861620.0,2.42,3.62,Aug 06/a,11.6,358910000.0,HIGH,-15.81,3.28,1.28,-10.5,0.2756,False,-8.64,False,-9.77,6.788,6.657,-3.8008,-24.9,2.361,26.0,-13.19,26.0,-13.19,3.62,3023699.0,,,220.4,0.27633209417596033,0.3742255266418835,0.21065675340768275,0.9876084262701363,0.781908302354399,0.3017348203221809,0.17038413878562578,0.4887,0.3659,0.5869
MANE,Veradermics Inc,Healthcare,Biotechnology,,,-44.05,,-7.690000000000001,22.84,13.31,7.919999999999999,82.42,,-20.84,1.0,734410.0,1.28,103.89,Aug 11/b,163.5,4340000000.0,HIGH,-6.02,-2.05,1.1,-0.71,0.171,False,-0.06,False,-5.57,4.626,5.634,-2.9175,-22.51,0.842,52.0,-17.28,24.0,-6.65,101.7,57394121.0,,,60.8,0.5105328376703842,0.42131350681536556,0.5006195786864932,0.41263940520446096,0.6381660470879802,0.4423791821561338,0.46220570012391576,0.4876,0.5265,0.5009
SFIX,Stitch Fix Inc,Consumer Cyclical,Apparel Retail,,,80.11,4.7,-3.6900000000000004,-1.05,12.16,-30.5,-6.370000000000001,2.32,-50.51,2.67,1730000.0,0.66,2.94,Sep 23/a,4.6,392280000.0,HIGH,-7.21,4.04,1.34,-1.9,0.1975,False,-1.35,False,-13.31,3.974,5.016,-2.9348,-32.53,1.106,29.0,-25.36,,,3.09,4610092.0,,,48.9,0.5043370508054523,0.2342007434944238,0.40582403965303593,0.765179677819083,0.8209417596034696,0.1895910780669145,0.4114002478314746,0.4867,0.5326,0.57
CABA,Cabaletta Bio Inc,Healthcare,Biotechnology,,,53.72,,0.0,63.36999999999999,31.13,-13.79,-18.91,3.43,-38.65,1.4,5050000.0,1.43,2.6,Aug 13/b,13.25,439970000.0,HIGH,0.69,-11.01,1.12,6.0,0.3044,False,-7.3,False,-0.77,8.689,11.34,-5.1935,-22.4,1.375,8.0,-11.82,22.0,7.38,2.91,17550001.0,,,355.3,0.1288723667905824,0.4250309789343247,0.16356877323420072,0.8971499380421314,0.6561338289962825,0.6456009913258984,0.7558859975216853,0.4861,0.5483,0.5819
VRRM,Verra Mobility Corp,Technology,Information Technology Services,13.38,3.73,-232.79000000000002,11.68,0.0,-2.32,8.45,-28.92,-76.23,0.41,-86.09,3.0,5190000.0,1.47,3.54,Aug 05/a,7.0,538020000.0,HIGH,-21.09,-7.16,2.19,-15.78,0.3382,False,-14.16,False,-18.19,5.067,4.959,-2.4453,-39.5,1.455,33.0,-13.16,27.0,-29.1,3.63,16160642.0,,,92.8,0.6232961586121437,0.15613382899628253,0.13258983890954146,0.919454770755886,0.9801734820322181,0.10285006195786865,0.09417596034696406,0.4857,0.3715,0.6564
KDK,Kodiak AI Inc,Technology,Software - Infrastructure,,,-9469.81,,0.0,15.76,7.3,-37.34,-55.75,0.42,-66.61,1.4,1170000.0,1.17,3.81,Aug 06/a,10.5,764350000.0,HIGH,-9.88,-3.86,1.02,-4.57,0.1585,False,-2.61,False,-11.03,5.684,5.08,-3.0439,-40.45,1.711,24.0,-14.81,26.0,-14.22,3.74,4186515.0,,,180.7,0.459727385377943,0.1449814126394052,0.5532837670384139,0.9591078066914498,0.5408921933085502,0.25464684014869887,0.32589838909541513,0.4854,0.4586,0.5536
BJRI,BJ's Restaurant Inc,Consumer Cyclical,Restaurants,32.21,22.05,-11.28,6.370000000000001,-7.07,-1.05,9.38,16.92,77.11,1.32,-19.12,2.2,520669.99999999994,1.04,60.34,Jul 30/a,74.5,1280000000.0,HIGH,-6.23,1.74,0.83,-0.92,0.1676,False,-1.77,False,-4.42,3.889,2.317,-2.3327,-16.7,0.829,35.0,-7.06,31.0,-8.09,62.14,27590183.0,,,19.9,0.654275092936803,0.573729863692689,0.5136307311028501,0.3872366790582404,0.28934324659231725,0.49380421313506817,0.45229244114002476,0.4853,0.4218,0.4562
GEVO,Gevo Inc,Basic Materials,Specialty Chemicals,,104.67,-8302.2,7.109999999999999,-8.63,1.94,11.0,9.79,-32.03,1.12,-47.14,1.5,3190000.0,0.6,1.57,Aug 06/a,6.36,388170000.0,HIGH,-0.62,-3.64,0.95,4.69,0.1514,False,-1.21,True,0.61,5.571,3.145,-3.5288,-14.52,0.712,8.0,-3.05,26.0,10.42,1.59,3386036.0,,,300.0,0.33209417596034696,0.6418835192069393,0.5861214374225527,0.21437422552664187,0.44919454770755884,0.6821561338289963,0.7100371747211895,0.4843,0.5946,0.4195
LZ,LegalZoom.com Inc,Industrials,Specialty Business Services,66.42,7.54,2113.33,6.64,-0.83,-1.47,11.12,4.18,2.13,1.19,-49.76,2.5,2850000.0,0.7,6.23,Aug 05/a,7.6,1070000000.0000001,HIGH,15.44,4.32,0.93,20.75,0.1654,True,4.54,False,-6.31,4.55,5.414,-2.8766,-26.03,1.004,34.0,-16.93,27.0,10.86,6.28,15292369.0,,,21.0,0.5154894671623296,0.3506815365551425,0.5291201982651796,0.6635687732342007,0.4250309789343247,0.41821561338289964,0.942998760842627,0.4837,0.6634,0.5056
FWRG,First Watch Restaurant Group Inc,Consumer Cyclical,Restaurants,37.13,39.9,11.9,15.2,-2.76,-3.6900000000000004,11.27,-11.48,-12.07,1.04,-44.27,1.0,1100000.0,1.86,10.49,Aug 04/b,19.27,647360000.0,HIGH,-7.72,-7.57,0.86,-2.41,0.1985,False,-7.07,False,-8.42,4.965,3.961,-3.0598,-16.72,1.131,52.0,-11.87,29.0,-9.12,11.36,11617552.0,,,69.6,0.45229244114002476,0.5724907063197026,0.4002478314745973,0.7868649318463445,0.3395291201982652,0.3475836431226766,0.39281288723667906,0.4832,0.3791,0.4816
GPGI,GPGI Inc,Industrials,Metal Fabrication,,9.83,167.96,,0.12,6.909999999999999,15.88,-15.1,-26.5,0.88,-53.81,3.0,1630000.0,0.69,12.37,Aug 06/b,15.0,3590000000.0,HIGH,-1.59,-6.62,0.84,3.72,0.1297,False,-2.28,False,-7.21,5.2,4.237,-3.4007,-25.1,1.132,54.0,-13.81,27.0,-13.35,12.98,23995377.0,,,15.6,0.3667905824039653,0.3655514250309789,0.6815365551425031,0.7893432465923172,0.3073110285006196,0.38413878562577447,0.6617100371747212,0.4824,0.5613,0.4619
GVA,Granite Construction Inc,Industrials,Engineering & Construction,,15.26,-549.03,29.299999999999997,-16.7,-3.88,8.04,-19.31,-7.32,1.35,-29.630000000000003,1.8,817590.0,0.48,114.06,Jul 30/b,171.67,4990000000.0,HIGH,-10.63,-3.92,1.1,-5.32,0.1199,False,-5.53,False,-7.62,2.953,3.295,-1.7379,-29.41,0.548,26.0,-5.91,32.0,-0.44,114.41,51478225.0,,,50.0,0.8302354399008675,0.27447335811648077,0.7187112763320942,0.06319702602230483,0.6381660470879802,0.36926889714993805,0.3023543990086741,0.4823,0.528,0.4752
QNST,QuinStreet Inc,Communication Services,Advertising Agencies,13.1,9.82,499.82,42.67,-16.29,-0.22,9.32,47.35,53.900000000000006,0.71,-17.63,1.0,859580.0,0.87,18.36,Aug 06/a,22.4,1050000000.0,HIGH,-8.42,2.21,0.67,-3.11,0.2061,False,-4.54,True,2.39,4.368,4.167,-2.0929,-17.09,0.813,26.0,21.42,26.0,21.42,18.48,16442091.0,,,21.2,0.7187112763320942,0.5594795539033457,0.3804213135068154,0.3543990086741016,0.1325898389095415,0.7447335811648079,0.3680297397769517,0.4817,0.3011,0.4876
FG,F&G Annuities & Life Inc,Financial,Insurance - Life,8.27,4.85,-338.55,2.02,0.0,1.77,2.7,-17.96,6.23,1.24,-33.43,2.67,637780.0,0.94,23.52,Aug 05/a,27.0,3080000000.0,HIGH,-12.75,-4.34,1.37,-7.44,0.1651,False,-3.09,False,-14.71,3.248,2.638,-2.685,-30.9,0.916,43.0,-23.6,27.0,-20.77,23.12,13787591.0,,,16.8,0.5687732342007435,0.25650557620817843,0.5315985130111525,0.5328376703841388,0.8401486988847584,0.15985130111524162,0.24535315985130113,0.4816,0.5097,0.5254
TYRA,Tyra Biosciences Inc,Healthcare,Biotechnology,,,-46.33,,-0.08,7.44,21.59,-10.93,-31.290000000000003,0.74,-37.44,1.2,874650.0,1.31,25.43,Aug 04/a,48.45,1520000000.0,HIGH,-4.39,-6.21,2.0,0.92,0.2453,False,-1.54,False,-11.46,9.327,12.605,-7.0435,-25.65,3.339,6.0,0.84,28.0,-2.49,25.07,25153430.0,,,93.3,0.048327137546468404,0.3543990086741016,0.2837670384138785,0.9925650557620818,0.9721189591078067,0.2379182156133829,0.540272614622057,0.4815,0.5929,0.5627
PLUG,Plug Power Inc,Industrials,Electrical Equipment & Parts,,,32.89,2.49,-0.13,3.71,21.82,-26.789999999999996,-8.48,2.28,-55.24,2.57,54930000.0,0.79,2.05,Aug 10/a,3.52,2860000000.0,HIGH,-9.65,-8.85,1.01,-4.34,0.1292,False,-5.4,False,-5.95,4.958,4.369,-3.3791,-29.21,0.938,23.0,-7.21,24.0,-2.37,2.06,114830666.0,,,70.9,0.37670384138785623,0.2812887236679058,0.6852540272614622,0.5762081784386617,0.5285006195786865,0.42874845105328374,0.32961586121437425,0.4795,0.496,0.4775
COCO,Vita Coco Company Inc,Consumer Defensive,Beverages - Non-Alcoholic,30.79,25.39,112.29,28.08,-9.06,-1.52,12.02,-32.67,-7.95,0.76,-35.01,1.67,1170000.0,1.62,55.78,Jul 23/b,83.22,3200000000.0,HIGH,-15.98,3.3,2.25,-10.67,0.3494,False,-7.18,False,-15.05,4.234,9.395,-2.9703,-35.88,1.555,,,37.0,-20.67,55.03,64606865.0,,,51.2,0.4795539033457249,0.18587360594795538,0.1201982651796778,0.9343246592317225,0.9851301115241635,0.15613382899628253,0.16852540272614622,0.4769,0.399,0.6388
ALDX,Aldeyra Therapeutics Inc,Healthcare,Biotechnology,,,44.44,,17.04,-3.8900000000000006,5.37,-22.16,-67.61,1.18,-76.9,1.4,1240000.0,0.67,1.37,Jul 31,6.6,82650000.0,HIGH,-6.41,-5.19,1.68,-1.1,0.14,False,-2.94,False,-10.74,4.755,9.726,-3.4629,-42.29,0.925,53.0,-28.78,,,1.46,1035025.0,,,352.1,0.34324659231722426,0.1325898389095415,0.6381660470879802,0.5532837670384139,0.926270136307311,0.2645600991325898,0.442998760842627,0.4764,0.6465,0.5218
WEST,Westrock Coffee Company,Consumer Defensive,Packaged Foods,,336.05,38.7,8.83,0.27,-3.47,9.22,-11.01,73.45,0.89,-23.06,1.0,519880.0,0.37,7.84,Aug 06/a,10.0,765400000.0,HIGH,-5.54,-0.13,0.79,-0.23,0.1408,False,-2.02,False,-0.47,4.226,2.296,-1.8685,-23.06,0.629,18.0,-4.85,26.0,-3.09,7.84,2463453.0,,,27.6,0.7930607187112764,0.4138785625774473,0.6344485749690211,0.11586121437422553,0.24473358116480792,0.654275092936803,0.4888475836431227,0.476,0.4593,0.452
BMEA,Biomea Fusion Inc,Healthcare,Biotechnology,,,77.45,,0.0,1.47,17.68,50.0,44.0,-0.33,-39.8,1.5,1220000.0,1.1,1.8,Aug 05/a,6.71,130470000.0,HIGH,31.85,-7.77,0.67,37.16,0.5102,True,5.92,True,23.66,9.001,7.303,-5.5562,-14.01,1.553,6.0,-6.81,27.0,42.4,1.78,3953646.0,,,277.0,0.10285006195786865,0.654275092936803,0.052044609665427455,0.9324659231722429,0.1325898389095415,0.9776951672862454,0.9814126394052045,0.4753,0.448,0.5364
BCAX,Bicara Therapeutics Inc,Healthcare,Biotechnology,,,-62.5,,-1.08,3.72,24.92,5.15,16.86,-0.8,-26.85,1.29,718800.0,0.98,22.67,Aug 11/b,33.92,1500000000.0,HIGH,-6.98,-2.15,0.87,-1.67,0.1371,False,-2.98,False,-10.39,5.104,4.776,-2.6132,-25.14,0.961,49.0,-20.6,24.0,-2.36,23.2,11712764.0,,,46.2,0.587360594795539,0.3643122676579926,0.654275092936803,0.604089219330855,0.34820322180916974,0.2825278810408922,0.42131350681536556,0.4735,0.4693,0.4555
MITK,Mitek Systems Inc,Technology,Software - Application,38.56,15.24,236.20000000000002,18.17,-7.04,4.83,9.39,8.51,28.059999999999995,0.93,-14.580000000000002,1.0,826020.0,0.62,17.98,Aug 06/a,23.62,811300000.0,HIGH,-3.4,0.39,0.8,1.91,0.1305,False,-1.47,False,-1.52,4.553,4.804,-3.3659,-14.96,0.76,21.0,-5.34,26.0,6.48,17.9,11873271.0,,,32.0,0.38166047087980176,0.6270136307311028,0.677819083023544,0.2707558859975217,0.2540272614622057,0.6214374225526642,0.587360594795539,0.4721,0.5145,0.382
ABX,Abacus Global Management Inc,Financial,Insurance - Life,32.67,7.97,-62.74000000000001,29.87,-0.68,1.21,14.34,-3.32,-5.95,0.06,-25.0,1.38,600610.0,0.62,9.33,Aug 06/a,14.31,912400000.0,HIGH,4.06,-2.47,0.9,9.37,0.1088,False,-0.4,False,-5.71,3.428,3.267,-2.1697,-23.71,0.661,52.0,-11.39,26.0,-0.32,9.49,3869610.0,,,50.8,0.6902106567534076,0.40272614622057,0.775092936802974,0.14374225526641884,0.3847583643122677,0.436183395291202,0.8376703841387856,0.4721,0.683,0.4137
NKTX,Nkarta Inc,Healthcare,Biotechnology,,,-74.47,,-0.01,2.52,5.97,5.11,26.32,0.92,-22.58,1.25,669190.0,0.68,2.88,Aug 10/a,10.83,206280000.0,HIGH,20.16,-9.6,0.85,25.47,0.2875,True,6.93,True,11.84,6.676,7.363,-4.6431,-21.51,1.153,8.0,8.15,24.0,25.32,2.92,1604064.0,,,270.9,0.161090458488228,0.43742255266418834,0.18711276332094173,0.8141263940520446,0.32589838909541513,0.9058240396530359,0.9640644361833953,0.4719,0.5395,0.5517
ADEA,Adeia Inc,Technology,Software - Application,23.01,15.56,1.81,12.11,-3.16,5.35,7.11,-23.01,8.45,2.19,-27.49,1.25,1260000.0,0.9,24.9,Aug 03/a,43.0,2750000000.0,HIGH,-11.13,-7.05,1.31,-5.82,0.1518,False,-4.84,False,-7.87,3.982,1.522,-3.0428,-27.02,0.779,30.0,-10.4,30.0,-10.4,24.9,21501997.0,,,72.7,0.46096654275092935,0.3246592317224288,0.5836431226765799,0.2992565055762082,0.7998760842627014,0.3630731102850062,0.2862453531598513,0.4719,0.5296,0.4808
KVYO,Klaviyo Inc,Technology,Software - Application,800.94,16.05,65.02,26.43,-3.27,-9.93,26.2,21.29,-11.56,0.64,-53.13,1.25,5980000.0,0.88,16.98,Aug 05/a,26.57,4830000000.0,HIGH,-0.8,-2.74,1.02,4.51,0.2932,False,-4.99,False,-2.95,6.287,5.086,-4.5004,-16.81,1.133,12.0,-2.19,27.0,4.0,17.4,104241959.0,,,52.7,0.17472118959107807,0.5693928128872366,0.1809169764560099,0.79182156133829,0.5408921933085502,0.5724907063197026,0.7050805452292441,0.4717,0.4986,0.52
BL,BlackLine Inc,Technology,Software - Application,52.03,10.48,104.71,9.18,-0.65,-8.75,12.59,2.28,-18.1,0.73,-51.080000000000005,2.69,1070000.0,0.75,29.14,Aug 04/a,38.8,1690000000.0,HIGH,3.38,0.5,0.83,8.69,0.2006,False,-3.36,False,-0.71,5.188,3.797,-3.6617,-12.71,0.889,12.0,-3.29,28.0,-0.59,30.29,28680476.0,,,28.1,0.3048327137546468,0.7001239157372986,0.39281288723667906,0.49380421313506817,0.28934324659231725,0.6480793060718711,0.8265179677819083,0.4715,0.5353,0.434
MNTN,MNTN Inc,Technology,Software - Application,15.65,10.21,123.63,20.56,-0.8699999999999999,16.99,11.74,32.73,19.76,1.0,-43.62,1.3,1210000.0,0.36,11.76,Aug 04/a,18.1,879690000.0,HIGH,-4.01,-6.64,0.62,1.3,0.1638,False,-5.67,True,6.85,5.686,3.119,-3.3113,-12.45,0.743,7.0,-8.91,28.0,19.0,11.96,10769730.0,,,51.3,0.39281288723667906,0.70817843866171,0.5353159851301115,0.2503097893432466,0.10285006195786865,0.8351920693928129,0.5563816604708798,0.4708,0.414,0.3953
AURA,Aura Biosciences Inc,Healthcare,Biotechnology,,,-3.3099999999999996,,-10.38,41.92,14.2,7.290000000000001,2.67,0.4,-27.43,1.0,663030.0,1.07,6.92,Aug 11/b,16.6,717640000.0,HIGH,-8.72,-4.76,0.58,-3.41,0.1755,False,-6.75,False,-4.45,4.478,3.138,-2.588,-16.21,0.953,19.0,-8.72,24.0,-8.96,7.01,6139169.0,,,136.8,0.5910780669144982,0.5811648079306072,0.4845105328376704,0.5935563816604709,0.080545229244114,0.4919454770755886,0.35811648079306074,0.4705,0.3128,0.4393
SG,Sweetgreen Inc,Consumer Cyclical,Restaurants,68.3,,-12.42,3.81,3.2,2.26,24.11,-22.91,18.99,2.19,-35.75,2.47,5600000.0,0.98,6.83,Aug 06/a,7.0,813050000.0,HIGH,23.3,4.32,0.85,28.61,0.216,True,7.67,True,9.26,5.457,5.103,-4.0182,-23.6,0.976,2.0,7.25,26.0,34.26,7.25,32825142.0,,,-3.4,0.23296158612143741,0.40644361833952913,0.35439900867410157,0.6282527881040892,0.32589838909541513,0.872366790582404,0.9702602230483272,0.4701,0.5922,0.5149
RELY,Remitly Global Inc,Technology,Software - Infrastructure,15.71,20.49,3025.84,20.23,-7.829999999999999,3.83,8.76,11.21,43.1,0.39,-20.56,1.08,3610000.0,0.83,21.83,Aug 05/a,32.15,4620000000.0,HIGH,-15.4,-10.39,0.98,-10.09,0.2543,False,-12.18,False,-9.16,5.134,3.64,-3.514,-19.03,1.387,8.0,-13.46,27.0,-7.56,22.25,89794524.0,,,44.5,0.3345724907063197,0.506815365551425,0.2565055762081785,0.9033457249070632,0.4882280049566295,0.32589838909541513,0.1771995043370508,0.4692,0.2943,0.513
SEI,Solaris Energy Infrastructure Inc,Energy,Oil & Gas Equipment & Services,78.29,25.95,-13.900000000000002,46.92,-22.58,12.49,27.9,-21.07,8.12,1.3,-28.51,1.12,3000000.0,0.84,61.62,Aug 05/a,97.45,4720000000.0,HIGH,-7.37,-4.46,1.22,-2.06,0.4321,True,7.13,True,3.9,6.739,6.055,-6.0053,-29.1,1.226,4.0,-4.46,27.0,9.97,61.11,160562306.0,,,59.5,0.080545229244114,0.28376703841387857,0.07063197026022305,0.8500619578686494,0.7385377942998761,0.7812887236679058,0.40644361833952913,0.4675,0.4053,0.6126
BVS,Bioventus Inc,Healthcare,Medical Devices,16.77,14.12,333.92,3.7599999999999993,0.0,4.86,5.46,51.16,46.56,0.65,-18.2,1.0,703480.0,0.66,13.0,Aug 05/b,17.6,1090000000.0,HIGH,-5.19,-4.84,0.66,0.12,0.1321,False,-5.34,False,-0.49,3.496,2.713,-2.202,-17.2,0.627,28.0,-1.94,28.0,-1.94,13.16,7669673.0,,,33.7,0.6840148698884758,0.5551425030978935,0.6697645600991327,0.1127633209417596,0.12639405204460966,0.6530359355638166,0.506815365551425,0.4669,0.4416,0.3941
ALLO,Allogene Therapeutics Inc,Healthcare,Biotechnology,,,44.26,,-0.09,53.839999999999996,24.72,-11.34,-29.51,0.55,-61.42999999999999,1.27,7250000.0,0.43,1.72,Aug 12/a,8.75,594240000.0,HIGH,-14.42,-4.3,1.49,-9.11,0.2783,False,-10.35,False,-8.75,5.859,3.933,-4.1449,-20.89,1.04,18.0,-12.32,22.0,-10.1,1.78,10264965.0,,,391.6,0.21189591078066913,0.4547707558859975,0.20384138785625772,0.7019826517967782,0.8866171003717472,0.33705080545229243,0.19578686493184635,0.466,0.4055,0.5344
BATL,Battalion Oil Corp,Energy,Oil & Gas E&P,,,262.62,12.689999999999998,-50.59,2.25,6.33,3.1300000000000003,-91.17,0.44,-95.56,3.0,10760000.0,0.36,1.32,Aug 12/a,18.6,75620000.0,HIGH,-8.45,-1.52,1.3,-3.14,0.1148,False,-3.24,False,-9.77,5.582,7.385,-2.3393,-46.28,0.703,45.0,-17.72,22.0,-2.99,1.3,6556399.0,,,1330.8,0.6493184634448576,0.10780669144981413,0.7410161090458488,0.20074349442379183,0.7930607187112764,0.3017348203221809,0.3667905824039653,0.4656,0.6069,0.4862
CTOS,Custom Truck One Source Inc,Industrials,Rental & Leasing Services,96.17,30.44,136.15,10.16,0.0,1.92,7.38,-14.49,46.59,1.43,-26.170000000000005,1.33,1070000.0,1.15,9.03,Aug 03/a,13.33,2049999999.9999998,HIGH,-16.02,-6.67,1.09,-10.71,0.1853,False,-6.53,False,-12.21,3.753,1.759,-2.1889,-27.96,0.889,29.0,-17.12,29.0,-17.12,8.81,8445349.0,,,51.3,0.6864931846344485,0.3073110285006196,0.45105328376703846,0.49380421313506817,0.627633209417596,0.2218091697645601,0.1654275092936803,0.4647,0.3898,0.5074
RLMD,Relmada Therapeutics Inc,Healthcare,Biotechnology,,,61.35,,3.06,16.92,14.66,-30.3,-28.16,0.49,-44.5,1.0,1770000.0,1.13,4.44,Aug 06/a,10.75,473610000.0,HIGH,-6.92,4.47,1.13,-1.61,0.1883,False,-1.14,False,-12.31,4.775,3.153,-3.3863,-37.64,1.432,,,26.0,-10.12,4.44,4974123.0,,,142.1,0.37174721189591076,0.1734820322180917,0.4411400247831475,0.9144981412639405,0.6635687732342007,0.21685254027261464,0.42379182156133827,0.4635,0.5009,0.5417
FIRY,Firy Inc,Communication Services,Electronic Gaming & Multimedia,,,-31.61,22.92,0.0,16.69,17.31,16.5,218.21,4.64,-48.45,2.0,507820.0,0.18,10.31,Aug 13/a,2.5,171380000.0,HIGH,3.41,5.86,0.93,8.72,0.107,True,4.5,True,9.04,4.689,7.107,-3.4256,-27.05,0.151,1.0,3.52,21.0,8.42,10.3,1265488.0,,,-75.7,0.3593556381660471,0.32342007434944237,0.7806691449814126,0.01858736059479554,0.4250309789343247,0.869268897149938,0.8283767038413878,0.4627,0.6931,0.4181
LXEO,Lexeo Therapeutics Inc,Healthcare,Biotechnology,,,49.57,,-0.96,6.69,29.66,-11.18,-37.14,1.55,-62.419999999999995,1.11,941050.0,0.94,4.13,Aug 12/b,20.67,338850000.0,HIGH,-15.46,-11.55,1.82,-10.15,0.2432,False,-12.44,False,-10.64,5.609,4.276,-3.4459,-22.11,0.885,18.0,-14.6,23.0,-11.92,4.21,3325566.0,,,391.0,0.34944237918215615,0.4312267657992565,0.28624535315985133,0.4857496902106567,0.9504337050805453,0.2664188351920694,0.17472118959107807,0.4616,0.4409,0.513
ALGT,Allegiant Travel,Industrials,Airlines,55.56,6.98,94.13,36.86,0.0,45.53,8.32,-17.93,4.69,1.53,-36.78,1.5,559340.0,0.89,78.16,Aug 04/a,130.0,2140000000.0000002,HIGH,-6.88,3.21,1.18,-1.57,0.1585,False,-0.05,False,-14.39,4.086,4.497,-2.9955,-36.5,1.025,53.0,-31.26,28.0,-24.51,78.5,42327708.0,,,65.6,0.4708798017348203,0.1809169764560099,0.5532837670384139,0.6840148698884758,0.7106567534076828,0.16852540272614622,0.4250309789343247,0.4614,0.5492,0.5085
TARS,Tarsus Pharmaceuticals Inc,Healthcare,Biotechnology,,47.33,10.97,69.41,-6.88,4.16,14.54,26.479999999999997,13.54,0.44,-14.529999999999998,1.0,1010000.0,0.62,78.23,Aug 06/b,96.75,3430000000.0,HIGH,13.22,-8.34,0.88,18.53,0.3221,True,4.29,True,17.75,4.749,2.295,-4.0118,-12.65,0.816,8.0,7.97,27.0,30.45,79.95,61692793.0,,,21.0,0.23543990086741015,0.7038413878562577,0.14993804213135065,0.36369268897149937,0.3618339529120198,0.9504337050805453,0.9306071871127634,0.4609,0.5258,0.4779
JBGS,JBG SMITH Properties,Real Estate,REIT - Diversified,,,-255.72,2.29,-5.09,4.19,20.83,-21.29,-21.62,1.07,-54.2,4.33,748130.0,0.84,11.13,Aug 10/b,12.5,830510000.0,HIGH,-1.23,-1.49,0.85,4.08,0.1597,False,-5.16,False,-13.35,3.156,2.933,-2.057,-28.25,1.006,52.0,-23.31,25.0,0.36,11.25,9350652.0,,,11.1,0.7298636926889716,0.3023543990086741,0.550185873605948,0.6672862453531598,0.32589838909541513,0.18835192069392812,0.6827757125154895,0.4607,0.5359,0.4779
VERA,Vera Therapeutics Inc,Healthcare,Biotechnology,,,-27.01,,-0.91,8.51,33.96,-1.66,-15.93,1.05,-39.93,1.14,2190000.0,4.78,33.67,Aug 10/a,77.5,2430000000.0,HIGH,7.65,-3.49,0.88,12.96,0.1755,True,0.01,False,-2.92,4.868,6.799,-3.2063,-24.11,0.918,14.0,0.98,24.0,12.41,34.05,65922555.0,,,127.6,0.41263940520446096,0.3915737298636927,0.4845105328376704,0.5371747211895911,0.3618339529120198,0.5749690210656754,0.8872366790582404,0.4605,0.6088,0.4717
SABS,SAB Biotherapeutics Inc,Healthcare,Biotechnology,,,74.09,,0.0,0.8699999999999999,5.06,-12.560000000000002,-13.449999999999998,0.58,-33.79,1.08,659370.0,0.43,3.41,Aug 06/b,11.75,310260000.0,HIGH,-8.22,-4.68,0.78,-2.91,0.1598,False,-6.3,False,-6.31,3.889,3.324,-2.4008,-15.61,0.794,12.0,-10.82,27.0,-8.22,3.46,1113257.0,,,239.6,0.6356877323420075,0.5997521685254027,0.5489467162329615,0.3228004956629492,0.2342007434944238,0.41821561338289964,0.37794299876084264,0.4599,0.3861,0.4027
DOCS,Doximity Inc,Healthcare,Health Information Services,30.61,16.6,-52.019999999999996,7.339999999999999,-0.06,1.05,11.45,24.81,4.96,1.22,-66.27,2.48,4620000.0,0.55,25.81,Aug 06/a,30.68,4600000000.0,HIGH,7.63,8.07,0.9,12.94,0.1369,True,3.15,True,11.39,3.851,3.448,-2.8543,-34.03,0.589,26.0,27.73,26.0,27.73,26.39,68463026.0,,,16.3,0.5216852540272615,0.21313506815365552,0.6555142503097893,0.08550185873605948,0.3847583643122677,0.895910780669145,0.885997521685254,0.4594,0.6665,0.472
FRNM,Freenome Inc,Healthcare,Diagnostics & Research,,,-116.28,,0.0,3.2199999999999998,2.01,30.599999999999998,31.3,0.47,-14.760000000000002,1.0,607230.0,0.86,14.64,Sep 02,18.0,1570000000.0,HIGH,15.08,-6.44,0.86,20.39,0.2959,True,2.1,True,17.76,5.551,5.013,-4.133,-12.9,0.817,9.0,1.15,,,14.96,12868391.0,,,20.3,0.21561338289962825,0.6939281288723668,0.17472118959107807,0.3680297397769517,0.3395291201982652,0.9516728624535316,0.9417596034696406,0.4572,0.531,0.4687
MBC,MasterBrand Inc,Consumer Cyclical,"Furnishings, Fixtures & Appliances",,29.12,-229.8,11.53,-0.15,45.14,8.6,-23.77,-14.02,1.48,-50.84000000000001,3.0,2160000.0,1.67,6.99,Aug 04/a,10.36,1420000000.0,HIGH,-21.02,-12.99,2.0,-15.71,0.3154,False,-15.95,False,-18.43,5.916,5.423,-3.0415,-31.43,1.143,29.0,-20.4,28.0,-22.32,7.1,15247132.0,,,45.9,0.46220570012391576,0.24721189591078066,0.15737298636926889,0.8060718711276332,0.9721189591078067,0.09665427509293681,0.09541511771995044,0.4569,0.377,0.5843
CRI,Carters Inc,Consumer Cyclical,Apparel Retail,5.46,7.89,46921.31,5.16,0.0,-2.85,13.16,-30.260000000000005,-16.88,0.84,-34.41,2.44,1130000.0,1.75,29.15,Jul 31/b,42.29,1070000000.0000001,HIGH,-19.35,-5.51,0.99,-14.04,0.2732,False,-9.36,False,-17.25,4.15,4.131,-2.133,-31.12,1.553,25.0,-23.67,31.0,-19.29,30.5,47913465.0,,,38.7,0.7050805452292441,0.25154894671623296,0.218091697645601,0.9324659231722429,0.5030978934324659,0.12329615861214374,0.1127633209417596,0.4556,0.2615,0.566
PAY,Paymentus Holdings Inc,Technology,Software - Infrastructure,54.68,32.74,75.44,28.800000000000004,-0.27,-18.2,4.9,69.54,46.56,1.31,-20.53,2.29,1270000.0,0.51,36.01,Aug 03/a,40.6,4540000000.0,HIGH,-8.8,4.01,0.93,-3.49,0.1981,False,-0.84,True,5.72,4.311,3.331,-3.267,-18.16,0.67,29.0,7.42,29.0,7.42,37.08,42110619.0,,,9.5,0.40272614622057,0.5278810408921933,0.4039653035935564,0.15551425030978935,0.4250309789343247,0.8178438661710037,0.3562577447335812,0.4555,0.3912,0.4503
HNRG,Hallador Energy Co,Utilities,Utilities - Independent Power Producers,692.27,25.7,-268.68,2.03,0.36,5.46,9.87,-12.89,-10.27,0.44,-41.98,1.0,769800.0,0.94,14.33,Aug 10/a,27.75,675570000.0,HIGH,-10.56,-14.32,1.01,-5.25,0.1433,False,-9.94,False,-8.42,4.516,5.111,-2.9568,-27.09,0.849,5.0,-12.77,24.0,-7.42,14.48,9666361.0,,,91.6,0.4857496902106567,0.3215613382899628,0.6214374225526642,0.4225526641883519,0.5285006195786865,0.3475836431226766,0.30359355638166047,0.4546,0.4664,0.4461
URGN,UroGen Pharma Ltd,Healthcare,Biotechnology,,16.6,72.78,199.22,-1.32,-1.34,15.05,35.23,122.85,1.58,-17.85,1.25,822090.0,0.66,41.74,Aug 05/b,58.25,2040000000.0,HIGH,-13.23,-2.68,0.63,-7.92,0.2039,False,-5.82,False,-1.52,4.865,4.843,-2.6368,-16.08,0.86,18.0,-12.84,28.0,6.81,42.64,38377887.0,,,36.6,0.5786864931846345,0.5885997521685254,0.3853779429987608,0.4436183395291202,0.10842627013630732,0.6214374225526642,0.23172242874845106,0.4544,0.2408,0.438
RWT,Redwood Trust Inc,Real Estate,REIT - Mortgage,,3.83,95.49,37.59,8.99,-13.54,5.15,-25.239999999999995,-32.82,1.52,-43.9,1.5,3850000.0,2.84,3.91,Jul 28/b,5.84,491150000.0,HIGH,-20.21,-13.15,1.95,-14.9,0.3399,False,-14.37,False,-18.29,5.278,8.094,-4.1013,-27.32,4.102,,,34.0,-17.99,3.83,19965567.0,,,52.5,0.22057001239157373,0.3159851301115242,0.12887236679058245,0.9950433705080545,0.9634448574969021,0.09913258983890955,0.10408921933085502,0.4538,0.3693,0.5695
COUR,Coursera Inc,Consumer Defensive,Education & Training Services,,6.42,-617.71,59.589999999999996,-5.73,34.68,8.89,-0.38,-12.869999999999997,1.24,-57.14,1.67,6280000.0,0.69,5.28,Jul 29/a,8.17,1400000000.0,HIGH,-2.17,-2.69,1.25,3.14,0.2708,False,-7.68,False,-5.69,4.808,2.583,-3.0856,-18.31,0.801,12.0,-10.56,32.0,2.85,5.42,25908389.0,,,50.7,0.4436183395291202,0.5241635687732342,0.22428748451053282,0.3382899628252788,0.7546468401486989,0.43742255266418834,0.6369268897149938,0.4537,0.5485,0.4935
LEGN,Legend Biotech Corp ADR,Healthcare,Biotechnology,,29.64,125.11000000000001,51.64,-0.17,3.75,8.92,-50.2,-7.490000000000001,0.58,-52.88,1.82,2420000.0,1.43,17.67,Aug 11/b,46.89,3420000000.0,HIGH,-10.27,-9.57,1.72,-4.96,0.2118,False,-10.78,False,-14.58,4.621,3.184,-3.3708,-38.93,1.061,,,24.0,-10.31,18.53,39051623.0,,,153.0,0.379182156133829,0.15985130111524162,0.3630731102850062,0.7162329615861215,0.9330855018587361,0.16604708798017348,0.31474597273853777,0.4529,0.5147,0.5486
BLND,Blend Labs Inc,Technology,Software - Application,,29.14,37.18,7.339999999999999,11.99,-8.33,7.51,-19.05,-7.48,1.05,-69.71,1.33,2400000.0,0.69,1.36,Aug 06/a,2.96,321650000.0,HIGH,-2.03,-2.68,0.9,3.28,0.1162,False,-2.68,False,-11.62,4.926,4.138,-2.4062,-30.29,0.872,30.0,-18.54,26.0,-11.04,1.45,2881656.0,,,104.1,0.6332094175960347,0.26270136307311026,0.7335811648079307,0.46158612143742256,0.3847583643122677,0.23482032218091697,0.6418835192069393,0.4518,0.5923,0.4286
MGTX,MeiraGTx Holdings plc,Healthcare,Biotechnology,18.08,,455.90000000000003,8608.59,-1.55,11.98,5.06,30.870000000000005,65.93,1.34,-16.87,1.0,842700.0,1.22,12.76,Aug 13/b,29.43,1230000000.0,HIGH,-6.46,-4.8,0.67,-1.15,0.1879,False,-7.67,False,-2.31,4.616,3.571,-2.6689,-16.09,0.826,21.0,1.66,22.0,1.66,12.88,10262201.0,,,128.5,0.5712515489467163,0.5861214374225526,0.4436183395291202,0.3785625774473358,0.1325898389095415,0.5947955390334573,0.44114002478314746,0.4512,0.3493,0.4193
DNLI,Denali Therapeutics Inc,Healthcare,Biotechnology,,,5.93,,-0.18,2.29,11.12,-8.28,-0.9199999999999999,1.02,-25.35,1.15,1580000.0,1.16,20.38,Aug 06/a,36.06,3260000000.0,HIGH,-12.85,-3.89,0.92,-7.54,0.2451,False,-9.49,False,-11.58,3.419,2.922,-2.0719,-22.27,0.968,18.0,-12.71,26.0,-14.19,21.22,27127905.0,,,69.9,0.7236679058240396,0.42874845105328374,0.2850061957868649,0.6158612143742255,0.41201982651796776,0.23667905824039653,0.241635687732342,0.4503,0.3058,0.4971
NG,Novagold Resources Inc,Basic Materials,Gold,,,62.519999999999996,,0.0,0.38,7.37,-10.71,-28.57,0.94,-49.65,1.0,5240000.0,1.48,7.25,Jun 24/b,14.27,3180000000.0,HIGH,-6.71,-8.48,1.04,-1.4,0.3348,False,-13.33,True,1.48,6.55,5.118,-4.9671,-26.75,1.141,18.0,-2.43,57.0,16.61,7.23,44910840.0,,,97.4,0.14374225526641884,0.32837670384138784,0.13630731102850058,0.8042131350681536,0.5625774473358116,0.7174721189591078,0.42627013630731103,0.4488,0.3802,0.557
AVR,Anteris Technologies Global Corp,Healthcare,Medical Devices,,,48.26,63.27,-15.629999999999999,-2.2,8.58,-11.46,33.01,1.79,-24.56,1.5,1040000.0,0.56,8.34,Aug 10/a,13.8,812810000.0,HIGH,-7.43,1.16,0.85,-2.12,0.182,False,-1.66,False,-0.8,4.066,5.447,-2.6854,-21.12,0.736,21.0,-2.35,24.0,-2.68,8.72,5790777.0,,,58.3,0.5675340768277571,0.44609665427509293,0.4628252788104089,0.24101610904584883,0.32589838909541513,0.644361833952912,0.4052044609665427,0.448,0.3987,0.4447
CECO,Ceco Environmental Corp,Industrials,Pollution & Treatment Controls,,21.61,-408.65,53.71,-1.06,55.81,3.36,-28.999999999999996,18.23,1.5,-33.37,1.0,843100.0,1.1,67.46,Aug 10/b,109.14,3950000000.0,HIGH,-16.02,-10.69,1.74,-10.71,0.2077,False,-4.32,False,-5.63,5.575,7.316,-4.2612,-29.33,0.87,20.0,-11.21,25.0,0.41,70.67,50854950.0,,,54.4,0.20074349442379183,0.27757125154894674,0.37298636926889717,0.45786864931846344,0.9374225526641884,0.44114002478314746,0.1654275092936803,0.448,0.4593,0.5093
OPK,Opko Health Inc,Healthcare,Diagnostics & Research,,,94.11,4.32,0.0,0.55,9.49,12.14,31.929999999999996,1.5,-9.25,1.67,3600000.0,0.4,1.57,Jul 27/a,4.38,1170000000.0,HIGH,14.71,-1.89,0.71,20.02,0.2168,True,3.11,True,11.52,4.945,3.846,-3.8057,-9.83,0.699,9.0,6.12,34.0,25.81,1.56,4658504.0,,,180.8,0.2738537794299876,0.8042131350681536,0.35192069392812886,0.1970260223048327,0.1567534076827757,0.9008674101610905,0.9405204460966543,0.4474,0.5288,0.3821
CMCO,Columbus Mckinnon Corp,Industrials,Farm & Heavy Construction Machinery,,6.15,-2991.84,125.27,1.15,-8.86,8.21,8.18,12.14,1.43,-33.36,1.5,612220.0,0.59,16.26,Jul 30/b,26.0,469340000.0,HIGH,-13.78,-11.51,1.11,-8.47,0.1341,False,-7.79,False,-4.09,4.863,6.505,-3.177,-26.2,0.605,29.0,-18.24,32.0,12.52,16.45,6739790.0,,,58.1,0.4225526641883519,0.3426270136307311,0.6604708798017348,0.09789343246592318,0.6474597273853779,0.5111524163568774,0.21871127633209417,0.447,0.4799,0.4198
SLDB,Solid Biosciences Inc,Healthcare,Biotechnology,,,9.06,,0.0,13.03,18.73,13.720000000000002,11.9,2.45,-26.899999999999995,1.0,1530000.0,0.99,8.37,Aug 06/a,18.67,897480000.0,HIGH,-3.96,-11.98,1.21,1.35,0.2155,False,-8.67,False,-5.29,5.789,4.565,-3.9844,-23.67,0.886,8.0,-11.54,26.0,4.17,8.74,8066006.0,,,113.6,0.241635687732342,0.4052044609665427,0.3562577447335812,0.4876084262701363,0.7317224287484511,0.44981412639405205,0.5613382899628253,0.4454,0.5509,0.4777
SNDX,Syndax Pharmaceuticals Inc,Healthcare,Biotechnology,,,33.35,91.76,-1.28,10.79,26.72,-2.11,-24.75,0.43,-29.31,1.08,1670000.0,0.68,18.09,Aug 04/a,37.55,1620000000.0,HIGH,-7.14,-7.97,0.93,-1.83,0.1444,False,-7.24,False,-11.33,4.052,2.425,-2.6579,-27.3,0.889,8.0,-8.71,28.0,-3.83,18.35,25374752.0,,,104.6,0.5749690210656754,0.31722428748451054,0.6158612143742255,0.49380421313506817,0.4250309789343247,0.24287484510532836,0.41697645600991323,0.445,0.4791,0.4342
OSG,Octave Specialty Group Inc,Financial,Insurance - Specialty,,8.71,23.37,51.019999999999996,0.0,-5.81,4.07,-14.24,-4.63,0.83,-52.410000000000004,1.5,504660.0,1.33,4.94,Aug 06/a,11.67,222560000.0,HIGH,8.46,1.01,0.91,13.77,0.1773,True,7.01,False,-4.94,4.529,5.6,-3.1171,-25.15,0.912,4.0,1.01,26.0,1.42,5.0,2339416.0,,,133.4,0.436183395291202,0.3618339529120198,0.4745972738537795,0.5291201982651796,0.3996282527881041,0.46592317224287483,0.8946716232961586,0.4445,0.6201,0.4577
UPST,Upstart Holdings Inc,Financial,Credit Services,46.03,13.66,185.5,41.75,0.53,0.69,31.09,-21.88,-9.03,2.42,-64.58,2.17,4310000.0,0.73,25.28,Aug 04/a,39.24,2460000000.0,HIGH,-12.27,-3.26,1.16,-6.96,0.2507,False,-8.35,False,-11.16,5.052,5.211,-3.1877,-29.27,1.092,54.0,-22.46,28.0,-13.58,26.1,119553457.0,,REVIEW,50.3,0.4188351920693928,0.28004956629491945,0.27075588599752165,0.7490706319702602,0.6939281288723668,0.24783147459727387,0.25154894671623296,0.4434,0.39,0.5274
ABAT,American Battery Technology Company,Industrials,Waste Management,,,-39.66,196.6,-2.19,2.39,16.46,-33.92,-31.290000000000003,1.3,-80.5,1.0,3490000.0,1.12,2.24,Sep 14/b,6.0,305570000.0,HIGH,-2.88,-16.01,1.51,2.43,0.2401,False,-8.13,False,-4.95,6.214,4.661,-4.8849,-25.55,0.896,5.0,-15.11,1.0,0.0,2.36,8541139.0,,,154.2,0.14745972738537794,0.355638166047088,0.2961586121437423,0.5049566294919455,0.8909541511771994,0.46406443618339527,0.6059479553903345,0.4432,0.5985,0.5019
BOBS,Bob's Discount Furniture Inc,Consumer Cyclical,Specialty Retail,14.21,13.77,63.74999999999999,8.79,0.02,1.7399999999999998,15.96,4.75,-7.5,,-38.02,1.38,953710.0,0.95,14.56,Aug 06/b,22.92,1900000000.0,HIGH,-11.94,-7.71,1.22,-6.63,0.2078,False,-5.65,False,-4.42,5.436,5.325,-3.4076,-17.09,0.642,22.0,-11.99,27.0,-10.58,16.15,9728250.0,,,41.9,0.3643122676579926,0.5594795539033457,0.37174721189591076,0.13073110285006195,0.7385377942998761,0.49380421313506817,0.26394052044609667,0.4431,0.4387,0.4318
IPSC,Century Therapeutics Inc,Healthcare,Biotechnology,,,55.50000000000001,,-0.05,11.39,24.03,-13.91,-18.52,1.65,-34.87,1.33,1070000.0,0.34,1.98,Aug 12/b,5.12,358530000.0,HIGH,2.56,-3.38,1.26,7.87,0.1536,False,-2.83,False,-4.58,5.321,6.5,-3.6708,-21.57,0.607,12.0,-6.54,23.0,2.04,2.0,831820.0,,,156.0,0.298636926889715,0.436183395291202,0.5731102850061958,0.10099132589838909,0.7670384138785625,0.48203221809169766,0.8079306071871127,0.443,0.7252,0.4122
GENB,Generate Biomedicines Inc,Healthcare,Biotechnology,,,,,0.0,6.79,13.5,19.22,35.37,,-28.58,1.0,1030000.0,0.93,16.19,Aug 06/b,27.0,2080000000.0,HIGH,1.98,0.63,0.98,7.29,0.2779,False,-1.47,True,5.71,9.826,6.625,-6.8171,-29.42,1.139,15.0,-0.74,27.0,15.19,16.0,26221322.0,,,68.8,0.058240396530359353,0.27261462205700127,0.20570012391573733,0.8029739776951673,0.4882280049566295,0.8166047087980174,0.7881040892193308,0.4407,0.5234,0.5415
ATEN,A10 Networks Inc,Technology,Software - Infrastructure,45.73,22.56,-18.53,15.5,-1.25,5.51,12.89,-18.2,28.92,1.13,-30.5,2.0,1310000.0,1.06,26.75,Aug 05/a,36.67,1940000000.0,HIGH,-6.36,4.45,1.23,-1.05,0.1318,True,0.67,False,-14.06,3.506,5.974,-2.4069,-33.46,0.704,47.0,-30.95,27.0,-7.21,25.61,30628464.0,,,43.2,0.6319702602230484,0.218091697645601,0.6728624535315986,0.20198265179677818,0.7447335811648079,0.17472118959107807,0.4454770755885997,0.4407,0.6035,0.4384
JBIO,Jade Biosciences Inc,Healthcare,Biotechnology,,,33.03,,0.0,47.27,18.34,7.95,21.96,1.48,-37.93,1.0,1000000.0,0.85,17.38,Aug 10/b,49.89,1110000000.0,HIGH,-22.47,-6.53,1.08,-17.16,0.2972,False,-12.6,False,-13.61,6.183,5.226,-2.9895,-27.28,1.314,24.0,-16.34,25.0,-16.34,18.18,15777683.0,,,174.4,0.4745972738537794,0.3184634448574969,0.16976456009913254,0.8798017348203222,0.6133828996282528,0.1809169764560099,0.08426270136307311,0.4395,0.2686,0.5372
KURA,Kura Oncology Inc,Healthcare,Biotechnology,,,-1.87,36.54,2.59,3.09,15.53,18.45,29.439999999999998,0.46,-18.71,1.2,1790000.0,1.02,11.3,Aug 12/a,32.0,1010000000.0,HIGH,2.48,-7.67,0.63,7.79,0.2228,False,-7.08,True,3.26,5.192,3.72,-4.3577,-16.83,1.018,14.0,-6.77,22.0,16.3,11.56,29182242.0,,,176.8,0.19206939281288724,0.5675340768277571,0.32589838909541513,0.6747211895910781,0.10842627013630732,0.7657992565055762,0.8029739776951673,0.4391,0.4515,0.4353
KSCP,Knightscope Inc,Industrials,Building Products & Equipment,,,13.13,228.26,0.0,0.8500000000000001,11.78,-39.71,-67.55,1.29,-83.86,1.0,1260000.0,0.89,1.23,Aug 12/a,12.0,29050000.0,HIGH,-6.29,-6.29,1.74,-0.98,0.1093,False,-4.51,False,-12.31,5.864,8.209,-2.8433,-41.48,0.456,,,22.0,-9.46,1.34,933802.0,,,795.5,0.5254027261462205,0.13878562577447337,0.7719950433705081,0.03965303593556382,0.9374225526641884,0.21685254027261464,0.44919454770755884,0.4384,0.6925,0.4298
PPTA,Perpetua Resources Corp,Basic Materials,Other Precious Metals & Mining,,,-889.5900000000001,,-0.14,-0.77,9.46,-12.76,-27.089999999999996,0.16,-39.28,1.0,1290000.0,0.6,22.69,Aug 15/a,37.98,2840000000.0,HIGH,-7.54,-8.93,0.88,-2.23,0.1726,False,-9.29,True,2.24,5.304,2.838,-3.6884,-18.18,0.709,15.0,-12.26,20.0,-7.54,22.55,27140287.0,,,68.4,0.2949194547707559,0.5266418835192069,0.4969021065675341,0.20817843866171004,0.3618339529120198,0.7372986369268897,0.40086741016109045,0.4376,0.418,0.4006
SLS,SELLAS Life Sciences Group Inc,Healthcare,Biotechnology,,,24.18,,0.0,11.08,29.01,46.05,110.63000000000001,2.58,-28.89,1.0,8430000.0,0.62,11.29,Aug 11/a,32.5,2280000000.0,HIGH,-9.77,-15.97,1.34,-4.46,0.2718,False,-13.86,False,-7.43,10.017,12.788,-6.9555,-26.13,1.152,16.0,-12.46,23.0,6.15,11.73,107464315.0,,,177.1,0.05204460966542751,0.3444857496902107,0.2205700123915737,0.8116480793060719,0.8209417596034696,0.3736059479553903,0.32837670384138784,0.4372,0.4438,0.5146
NPWR,NET Power Inc,Industrials,Specialty Industrial Machinery,,,-150.75,,-4.59,0.6,6.96,3.45,6.509999999999999,1.14,-65.38,1.5,831110.0,0.48,1.8,Aug 13/a,2.83,404750000.0,HIGH,4.05,-5.26,0.78,9.36,0.2183,False,-0.58,True,9.09,6.627,8.111,-5.8807,-15.09,0.877,15.0,5.88,21.0,11.11,1.8,1719377.0,,,57.2,0.08674101610904585,0.6146220570012392,0.3407682775712515,0.4758364312267658,0.2342007434944238,0.8711276332094176,0.8364312267657993,0.4372,0.5071,0.417
EXTR,Extreme Networks Inc,Technology,Communication Equipment,70.22,14.5,329.59,10.28,-16.1,0.96,6.42,-30.380000000000003,48.69,1.75,-34.63,1.25,1830000.0,0.69,22.05,Aug 05/b,33.5,2880000000.0,HIGH,-10.91,-0.09,1.23,-5.6,0.1404,False,-3.4,False,-18.05,3.266,4.901,-2.2237,-35.87,0.754,47.0,-30.49,28.0,-17.41,21.63,30175561.0,,,54.9,0.6790582403965304,0.18711276332094176,0.6369268897149938,0.26579925650557623,0.7447335811648079,0.10842627013630732,0.2936802973977695,0.437,0.532,0.4495
PTLO,Portillos Inc,Consumer Cyclical,Restaurants,20.14,16.36,-23.84,5.57,1.9799999999999998,-8.65,14.92,-13.059999999999999,-31.679999999999996,1.57,-43.48,2.33,1250000.0,1.97,3.86,Aug 05/a,6.22,293140000.0,HIGH,-18.31,-8.14,1.1,-13.0,0.2723,False,-10.96,False,-11.62,4.66,2.586,-3.2248,-22.52,1.039,22.0,-14.71,27.0,-7.31,4.06,5210280.0,,,53.2,0.40892193308550184,0.4200743494423792,0.2193308550185874,0.6988847583643123,0.6381660470879802,0.23482032218091697,0.1325898389095415,0.4367,0.3103,0.4952
HUN,Huntsman Corp,Basic Materials,Chemicals,,83.67,96.24,14.06,0.96,-9.13,7.82,-41.98,-21.86,0.79,-42.68,2.72,4750000.0,0.88,9.22,Jul 30/a,12.0,1620000000.0,HIGH,-9.8,-5.1,1.0,-4.49,0.118,False,-4.12,False,-12.38,3.556,3.118,-1.9656,-30.55,0.659,39.0,-22.44,31.0,-4.71,9.3,20216746.0,,,29.0,0.7608426270136307,0.26022304832713755,0.7255266418835192,0.1412639405204461,0.516728624535316,0.21189591078066913,0.3271375464684015,0.4361,0.5035,0.4077
ZVIA,Zevia PBC,Consumer Defensive,Beverages - Non-Alcoholic,,,-272.38,1.07,-24.55,-5.16,1.32,2.36,2.36,0.92,-53.74,1.33,755530.0,0.27,1.3,Aug 05/a,3.96,100550000.0,HIGH,-0.77,-3.73,0.83,4.54,0.1736,False,-4.2,False,-13.87,4.64,6.202,-2.7226,-33.16,1.281,54.0,-17.31,27.0,-12.24,1.29,539964.0,,,207.0,0.5588599752168525,0.22304832713754646,0.49318463444857497,0.8698884758364313,0.28934324659231725,0.1771995043370508,0.7063197026022305,0.4353,0.5173,0.4738
CRBP,Corbus Pharmaceuticals Holdings Inc,Healthcare,Biotechnology,,,-25.120000000000005,,-1.21,4.24,12.93,-16.83,-27.229999999999997,2.62,-66.34,1.0,613270.0,6.13,6.92,Aug 06/b,34.02,133840000.0,HIGH,-22.97,-23.74,7.5,-17.66,0.4395,False,-21.64,False,-16.77,8.978,12.871,-4.9092,-30.34,4.205,8.0,-28.37,27.0,-15.57,8.08,10487341.0,,,321.0,0.14622057001239158,0.2614622057001239,0.06939281288723664,0.9962825278810409,0.9987608426270136,0.13135068153655513,0.08178438661710037,0.4339,0.3532,0.5682
PTON,Peloton Interactive Inc,Consumer Cyclical,Leisure,44.09,14.75,122.18,0.13,-1.67,8.51,14.7,-16.38,25.319999999999997,2.55,-47.28,2.29,8650000.0,0.84,4.85,Aug 06/b,7.9,2130000000.0,HIGH,-6.62,-1.98,0.66,-1.31,0.1481,False,-6.24,False,-14.1,3.687,1.822,-2.9559,-26.6,1.324,29.0,-23.41,27.0,-10.26,4.94,41284007.0,,,59.9,0.48698884758364314,0.33209417596034696,0.5985130111524164,0.8835192069392813,0.12639405204460966,0.1734820322180917,0.43370508054522927,0.4335,0.391,0.4176
SVV,Savers Value Village Inc,Consumer Cyclical,Specialty Retail,61.42,15.2,16.74,7.429999999999999,-33.23,-0.6,11.84,-8.48,18.37,1.22,-33.19,1.64,1300000.0,0.91,9.28,Aug 06/a,14.55,1430000000.0,HIGH,-6.63,-3.62,0.89,-1.32,0.1612,False,-5.17,False,-4.17,3.749,3.854,-2.9602,-22.3,0.751,30.0,-3.9,26.0,-9.62,9.86,14285528.0,,,47.6,0.483271375464684,0.4275092936802974,0.5421313506815366,0.2614622057001239,0.3748451053283767,0.5080545229244114,0.43246592317224286,0.4329,0.4481,0.4069
AMC,AMC Entertainment Holdings Inc,Communication Services,Entertainment,,,-46.3,14.219999999999999,4.9,27.32,4.23,11.84,140.57,2.02,-19.81,2.33,39170000.0,0.43,2.55,Jul 20/b,2.97,2280000000.0,HIGH,2.46,-2.34,0.81,7.77,0.1538,False,-1.9,True,3.43,6.571,4.8,-3.4456,-17.49,0.587,35.0,10.13,40.0,28.87,2.5,52174697.0,,,18.8,0.3506815365551425,0.5439900867410161,0.570631970260223,0.08426270136307311,0.26394052044609667,0.7707558859975217,0.8017348203221809,0.4307,0.5711,0.3674
AVTX,Avalo Therapeutics Inc,Healthcare,Biotechnology,,,56.50999999999999,,-6.84,118.01000000000002,25.77,10.07,0.31,0.69,-33.79,1.0,1230000.0,0.9,16.07,Aug 06/b,44.91,861830000.0,HIGH,-18.9,-17.91,1.02,-13.59,0.267,False,-15.4,False,-14.89,6.29,2.534,-3.4607,-23.03,1.337,18.0,-17.91,27.0,-13.48,16.18,16802322.0,,,177.6,0.3444857496902107,0.41511771995043373,0.23543990086741018,0.8872366790582404,0.5408921933085502,0.15861214374225527,0.120817843866171,0.4303,0.2812,0.4828
RVLV,Revolve Group Inc,Consumer Cyclical,Internet Retail,20.56,18.65,82.45,12.44,-1.32,-2.97,11.98,-0.29,-8.85,1.71,-34.63,1.86,858940.0,1.0,20.71,Aug 04/a,30.85,1470000000.0,HIGH,-11.45,1.79,0.99,-6.14,0.2509,False,-7.94,False,-13.54,4.253,5.515,-2.6548,-25.05,1.024,34.0,-20.4,28.0,-19.01,20.49,18757321.0,,,50.6,0.5774473358116481,0.3680297397769517,0.26765799256505574,0.6827757125154895,0.5030978934324659,0.1821561338289963,0.27757125154894674,0.4302,0.3423,0.4864
PURR,Hyperliquid Strategies Inc,Financial,Capital Markets,17.24,22.86,43889.58,,0.0,65.98,16.49,19.91,88.87,,-20.79,1.0,16300000.0,1.32,11.2,Aug 27/b,22.3,2220000000.0,HIGH,65.73,-0.67,0.57,71.04,0.5692,True,7.14,True,38.29,11.546,8.523,-9.0963,-16.2,1.255,12.0,2.51,12.0,2.51,11.85,320438901.0,,,88.2,0.026022304832713755,0.5824039653035935,0.035935563816604676,0.8612143742255266,0.0768277571251549,0.9987608426270136,0.9962825278810409,0.4302,0.4323,0.4907
HPP,Hudson Pacific Properties Inc,Real Estate,REIT - Office,,,43.53,0.31,2.88,8.06,12.02,-24.49,81.01,1.99,-45.52,2.42,763630.0,0.81,11.44,Aug 05/b,16.91,634670000.0,HIGH,-14.93,-3.45,1.43,-9.62,0.3236,False,-11.68,False,-17.08,5.67,5.622,-2.8438,-31.74,1.013,52.0,-22.71,28.0,-16.02,11.74,7763752.0,,,44.0,0.5241635687732342,0.24287484510532836,0.14869888475836435,0.6716232961586122,0.8674101610904585,0.12577447335811648,0.18835192069392812,0.4301,0.3802,0.5472
BULL,Webull Corp,Technology,Software - Application,105.74,28.7,103.73000000000002,51.21,-0.11,5.63,10.39,26.239999999999995,63.09,0.59,-46.01,1.4,12500000.0,1.3,8.66,Aug 19/a,13.3,4590000000.0,HIGH,10.78,-5.54,0.6,16.09,0.2288,False,-0.36,True,11.43,5.734,5.476,-4.3914,-11.29,0.811,7.0,0.44,17.0,4.63,9.04,172229391.0,,,47.1,0.18339529120198264,0.7453531598513011,0.31040892193308545,0.3506815365551425,0.09107806691449814,0.8983890954151177,0.9182156133828996,0.4299,0.4877,0.3809
RH,RH,Consumer Cyclical,Specialty Retail,22.2,13.83,16.76,2.56,-4.08,4.51,31.5,-15.72,-5.45,1.9,-49.75,2.57,820110.0,1.34,124.83,Sep 10/a,160.69,2360000000.0,HIGH,-23.72,-5.81,1.17,-18.41,0.3184,False,-9.77,False,-19.19,5.415,7.774,-3.0787,-33.25,1.721,26.0,-28.62,2.0,0.11,134.17,119404564.0,,,19.8,0.4454770755885997,0.22057001239157373,0.15551425030978938,0.9622057001239157,0.7026022304832714,0.09169764560099132,0.07434944237918216,0.4297,0.2872,0.5505
TNDM,Tandem Diabetes Care Inc,Healthcare,Medical Devices,,114.7,60.75000000000001,5.59,-0.02,-0.3,17.1,-2.86,-25.7,1.66,-45.09,1.96,1880000.0,1.27,16.28,Aug 06/a,29.16,1130000000.0,HIGH,-24.47,-15.44,1.47,-19.16,0.3647,False,-19.52,False,-13.37,6.204,6.068,-2.7857,-32.25,0.968,19.0,-24.47,26.0,-10.54,16.81,31149334.0,,,73.5,0.5427509293680297,0.23915737298636927,0.10532837670384143,0.6158612143742255,0.8810408921933085,0.18649318463444858,0.06815365551425032,0.4284,0.3232,0.5565
CRNC,Cerence Inc,Technology,Software - Application,,10.51,151.03,11.81,-0.65,2.95,14.81,-26.16,12.46,3.04,-41.55,2.6,750170.0,0.53,8.03,Aug 06/a,10.75,363200000.0,HIGH,-2.0,1.09,0.6,3.31,0.1243,True,0.86,False,-5.48,4.473,4.455,-3.1113,-30.99,0.981,,,26.0,-7.43,8.35,5634869.0,,,28.7,0.43866171003717475,0.2540272614622057,0.7001239157372987,0.6363073110285006,0.09107806691449814,0.4436183395291202,0.644361833952912,0.4273,0.4951,0.4024
PHAT,Phathom Pharmaceuticals Inc,Healthcare,Biotechnology,,10.46,79.93,88.02,0.0,4.99,21.04,-23.81,-21.84,0.49,-55.43,1.45,1290000.0,1.27,8.16,Jul 30/b,20.45,660150000.0,HIGH,-6.47,-7.95,1.28,-1.16,0.1665,False,-3.53,False,-11.77,5.71,5.53,-3.5624,-31.31,0.868,51.0,-17.61,32.0,-3.88,8.68,9261130.0,,,135.6,0.3246592317224288,0.2503097893432466,0.5204460966542751,0.4547707558859975,0.781908302354399,0.23048327137546468,0.4399008674101611,0.4271,0.5667,0.448
KN,Knowles Corp,Technology,Electronic Components,44.87,21.5,137.75,14.32,-19.19,0.91,5.04,-15.93,41.04,1.6,-18.98,1.8,981320.0,0.75,34.78,Jul 23/a,45.0,2970000000.0,HIGH,-11.23,-2.84,0.88,-5.92,0.1576,False,-0.94,False,-4.54,3.178,3.352,-2.9683,-19.38,0.682,29.0,-7.66,36.0,-7.9,34.61,26158525.0,,,30.0,0.48079306071871125,0.49566294919454773,0.5613382899628252,0.17410161090458487,0.3618339529120198,0.48698884758364314,0.2825278810408922,0.4268,0.39,0.3759
CENX,Century Aluminum Co,Basic Materials,Aluminum,6.87,3.52,4938.74,19.74,-0.54,3.46,14.91,-27.200000000000003,-28.64,2.06,-43.62,1.0,2150000.0,0.92,39.71,Aug 06/a,69.4,3930000000.0,HIGH,-11.84,-13.37,0.91,-6.53,0.1595,False,-8.47,False,-8.99,5.217,4.285,-2.8161,-25.22,0.828,26.0,-9.6,26.0,-9.6,41.54,80555669.0,,,67.1,0.5340768277571252,0.35811648079306074,0.5514250309789344,0.3847583643122677,0.3996282527881041,0.3308550185873606,0.26765799256505574,0.4265,0.3924,0.4123
TWI,Titan International Inc,Industrials,Farm & Heavy Construction Machinery,,24.76,225.39,5.19,0.0,-4.84,4.25,-5.4,-2.45,1.43,-38.63,1.0,564860.0,0.68,7.18,Jul 30/b,11.75,463410000.0,HIGH,7.25,-9.9,0.66,12.56,0.26,False,-1.39,False,-3.44,4.93,3.662,-3.6964,-14.97,1.039,8.0,-4.18,32.0,-3.53,7.1,4407685.0,,,65.5,0.29120198265179675,0.6239157372986369,0.25278810408921937,0.6988847583643123,0.12639405204460966,0.5489467162329615,0.8810408921933085,0.4237,0.4662,0.4164
UUUU,Energy Fuels Inc,Energy,Uranium,,78.41,-34.98,496.11,0.9199999999999999,4.53,20.77,-24.17,-38.36,1.77,-57.489999999999995,1.0,7610000.0,1.11,11.86,Aug 05/a,25.77,3140000000.0,HIGH,-16.57,-15.6,1.37,-11.26,0.2411,False,-14.87,False,-8.35,6.547,3.16,-4.4008,-31.67,0.978,14.0,-17.07,27.0,-0.8,12.34,93089673.0,,,108.8,0.1821561338289963,0.24411400247831475,0.29120198265179675,0.6319702602230484,0.8401486988847584,0.35254027261462206,0.15489467162329615,0.4237,0.4014,0.5017
APPS,Digital Turbine Inc,Technology,Software - Application,,11.98,29.020000000000003,26.780000000000005,0.0,1.67,9.53,15.770000000000001,214.36,3.02,-25.790000000000003,1.0,3900000.0,0.6,11.38,Aug 04/a,17.17,1380000000.0,HIGH,-4.17,3.81,0.98,1.14,0.2287,True,5.7,True,10.38,5.974,4.604,-4.5603,-23.53,0.767,28.0,23.34,28.0,23.34,11.73,28297747.0,,,46.4,0.16728624535315986,0.4076827757125155,0.31226765799256506,0.27757125154894674,0.4882280049566295,0.885997521685254,0.550185873605948,0.4232,0.4602,0.4548
FIP,FTAI Infrastructure Inc,Industrials,Conglomerates,,,-92.91,56.60000000000001,0.1,-0.65,17.74,-41.77,-48.21,1.92,-56.65,1.0,1210000.0,2.16,2.9,Aug 05/a,9.94,342730000.0,HIGH,-29.41,-12.79,2.66,-24.1,0.3441,False,-16.34,False,-24.17,5.726,10.333,-3.1872,-42.08,1.136,23.0,-31.35,27.0,-12.02,3.0,3802436.0,,,231.3,0.4200743494423792,0.13506815365551425,0.12639405204460963,0.7980173482032218,0.990086741016109,0.061957868649318466,0.03717472118959108,0.4219,0.3498,0.5675
QMCO,Quantum Corp,Technology,Computer Hardware,,27.69,-277.09,25.69,-0.05,13.23,7.39,66.5,319.86,3.14,-16.33,1.0,1470000.0,0.6,23.26,Aug 10/a,26.5,916670000.0,HIGH,-8.39,-6.66,0.85,-3.08,0.2037,False,-1.68,True,36.07,7.806,10.206,-5.0823,-17.88,0.66,24.0,93.8,24.0,93.8,22.83,26320005.0,,,16.1,0.137546468401487,0.5384138785625775,0.38661710037174724,0.14250309789343246,0.32589838909541513,0.9962825278810409,0.3705080545229244,0.4212,0.362,0.4006
NXH,Neighborhood Intelligence Inc,Consumer Cyclical,Internet Retail,,,-58.22999999999999,27.96,0.9199999999999999,6.21,14.9,-44.43,-30.25,2.98,-73.2,2.14,2550000.0,1.16,3.39,Aug 04/a,10.12,323730000.0,HIGH,-15.42,-5.97,1.26,-10.11,0.225,False,-7.97,False,-20.94,5.821,6.077,-2.9513,-49.09,1.123,,,28.0,-21.65,3.62,8341307.0,,,179.6,0.49070631970260226,0.09045848822800495,0.3184634448574969,0.7800495662949195,0.7670384138785625,0.080545229244114,0.17596034696406443,0.4212,0.396,0.5296
OMDA,Omada Health Inc,Healthcare,Health Information Services,298.94,44.08,189.42,43.12,-1.04,13.23,19.07,13.5,32.91,2.06,-26.919999999999998,1.42,1300000.0,1.28,19.67,Aug 06/a,28.42,1200000000.0,HIGH,-13.68,-7.57,0.93,-8.37,0.2367,False,-10.99,False,-9.23,6.016,5.634,-3.3691,-19.45,0.961,25.0,-13.39,26.0,4.91,20.5,24536726.0,,,38.6,0.38042131350681535,0.49318463444857497,0.3011152416356877,0.604089219330855,0.4250309789343247,0.32342007434944237,0.22304832713754646,0.4212,0.3071,0.4332
GPCR,Structure Therapeutics Inc ADR,Healthcare,Biotechnology,,,-36.11,,0.0,1.46,8.43,-9.57,-31.240000000000002,-1.41,-58.96,1.12,789120.0,1.86,38.95,Aug 06/a,106.73,2780000000.0,HIGH,-28.5,-4.8,1.53,-23.19,0.4174,False,-18.18,False,-22.26,6.485,3.694,-3.853,-32.65,2.31,23.0,-26.26,26.0,-26.95,38.44,44103697.0,,,177.7,0.26022304832713755,0.23296158612143741,0.07682775712515488,0.9851301115241635,0.8971499380421314,0.07311028500619579,0.04584882280049566,0.4209,0.3105,0.5539
QTRX,Quanterix Corp,Healthcare,Medical Devices,,,-34.44,34.44,1.9,-16.47,11.53,-12.26,-42.25,1.07,-68.99,3.0,899170.0,1.77,2.72,Aug 10/b,3.0,128630000.0,HIGH,-14.38,-8.42,7.3,-9.07,0.2539,False,-7.78,False,-23.58,6.674,12.6,-5.4799,-45.3,2.066,54.0,-42.13,25.0,3.31,2.5,2214670.0,,,20.0,0.10656753407682776,0.11400247831474597,0.2577447335811648,0.9783147459727385,0.9975216852540273,0.06567534076827757,0.19950433705080545,0.42,0.4564,0.537
HROW,Harrow Inc,Healthcare,Drug Manufacturers - Specialty & Generic,,15.25,-459.56,10.85,0.07,2.05,21.32,-13.07,-3.07,0.18,-38.3,1.0,610660.0,0.89,33.84,Aug 10/a,65.0,1270000000.0,HIGH,-13.7,-9.99,1.07,-8.39,0.2241,False,-11.53,False,-15.29,4.719,4.256,-2.9928,-28.27,1.011,17.0,-18.18,24.0,-13.57,34.07,18791465.0,,,90.8,0.4721189591078067,0.30111524163568776,0.3197026022304833,0.6703841387856257,0.6003717472118959,0.15055762081784388,0.2218091697645601,0.419,0.3647,0.4734
FWRD,Forward Air Corp,Industrials,Integrated Freight & Logistics,,69.49,-1443.46,8.76,0.0,-0.53,7.48,20.77,2.18,1.4,-47.39,2.2,805370.0,0.38,16.4,Aug 05/a,28.0,554000000.0,HIGH,-13.61,-3.36,0.88,-8.3,0.2169,False,-3.85,True,3.75,4.776,4.494,-3.3504,-18.86,0.632,23.0,-10.27,27.0,8.31,16.69,8528705.0,,,67.8,0.3878562577447336,0.5111524163568774,0.35068153655514245,0.12019826517967781,0.3618339529120198,0.7763320941759604,0.22428748451053285,0.418,0.3035,0.4116
COLL,Collegium Pharmaceutical Inc,Healthcare,Drug Manufacturers - Specialty & Generic,17.69,3.3,-234.56,6.32,-4.23,1.9299999999999997,19.04,-36.12,-38.69,0.73,-56.99999999999999,1.43,645200.0,1.48,21.84,Aug 06/b,48.86,711010000.0,HIGH,-18.74,-2.4,0.97,-13.43,0.3365,False,-10.45,False,-25.26,4.266,3.025,-1.8067,-40.75,1.333,51.0,-36.41,27.0,-21.64,22.81,21393340.0,,,114.2,0.8042131350681536,0.14250309789343246,0.13506815365551428,0.885997521685254,0.4721189591078067,0.055762081784386616,0.1251548946716233,0.4159,0.2322,0.5545
GSIT,GSI Technology Inc,Technology,Semiconductors,,,-56.08,0.45999999999999996,-9.51,16.4,12.85,-39.28,-49.85,2.12,-73.0,1.0,775600.0,0.73,4.9,Jul 30/a,9.0,188320000.0,HIGH,-26.55,-11.55,1.77,-21.24,0.3014,False,-12.39,False,-17.07,5.608,5.422,-3.192,-36.32,0.998,21.0,-26.33,31.0,-11.23,4.98,2567316.0,,,80.7,0.41759603469640644,0.18339529120198264,0.16604708798017354,0.6561338289962825,0.9442379182156134,0.12763320941759604,0.05080545229244114,0.4158,0.3534,0.5364
HGV,Hilton Grand Vacations Inc,Consumer Cyclical,Resorts & Casinos,21.44,6.84,-45.32,7.2700000000000005,-1.71,3.2199999999999998,11.8,-25.91,-8.25,1.6,-31.569999999999997,2.33,1130000.0,1.11,37.91,Jul 30/b,55.45,2950000000.0,HIGH,-13.91,-4.64,1.06,-8.6,0.21,False,-9.48,False,-15.98,3.155,2.858,-2.023,-30.2,0.832,,,32.0,-16.52,38.67,38981215.0,,,43.4,0.7410161090458488,0.265179677819083,0.36617100371747213,0.3909541511771995,0.5867410161090458,0.14250309789343246,0.21189591078066913,0.4154,0.3706,0.4653
AIOT,PowerFleet Inc,Technology,Software - Application,,17.1,18.1,6.41,0.0,-2.31,12.1,-27.29,-2.9,1.39,-48.81,1.29,1790000.0,0.59,3.01,Aug 10/b,8.4,404020000.0,HIGH,5.9,3.04,0.84,11.21,0.0607,True,1.82,False,-14.69,2.998,3.607,-2.4685,-32.37,0.717,26.0,-26.15,25.0,-0.33,3.05,4362736.0,,,175.4,0.6171003717472119,0.23667905824039653,0.9448574969021065,0.22057001239157373,0.3073110285006196,0.161090458488228,0.8649318463444857,0.4146,0.7216,0.3265
MBX,MBX Biosciences Inc,Healthcare,Biotechnology,,,-33.99,,-0.3,1.55,13.62,56.7,104.97000000000001,0.11,-15.909999999999998,1.09,658020.0,0.99,61.08,Aug 06/b,88.1,2940000000.0,HIGH,-12.84,-5.56,0.85,-7.53,0.1975,False,-6.97,False,-6.46,4.774,2.269,-2.1884,-18.1,0.617,29.0,-7.64,27.0,-11.35,59.49,24337871.0,,,48.1,0.6877323420074349,0.5315985130111525,0.40582403965303593,0.11028500619578686,0.32589838909541513,0.41263940520446096,0.24287484510532836,0.4123,0.3167,0.3841
XNCR,Xencor Inc,Healthcare,Biotechnology,,,30.990000000000002,17.46,-0.77,-0.91,21.31,94.51,97.42,0.9,-22.41,1.5,1180000.0,1.54,23.75,Aug 05/a,30.75,1770000000.0,HIGH,6.1,-3.16,0.62,11.41,0.2654,False,-7.66,True,11.55,6.081,1.998,-4.4639,-19.86,0.928,16.0,-9.15,27.0,23.64,24.53,37130317.0,,,25.4,0.1809169764560099,0.4795539033457249,0.2403965303593556,0.5588599752168525,0.10285006195786865,0.9021065675340768,0.8661710037174721,0.4108,0.4494,0.4362
REZI,Resideo Technologies Inc,Industrials,Industrial Distribution,8.28,9.94,109.18,1.96,0.2,-0.12,5.81,-14.93,-20.98,1.52,-40.61,1.4,2460000.0,1.16,18.71,Aug 12/a,30.83,2840000000.0,HIGH,-5.86,-1.07,0.89,-0.55,0.1393,False,-1.74,False,-13.37,3.364,3.448,-2.5779,-28.96,0.823,29.0,-22.93,22.0,-5.03,19.43,46543137.0,,,58.7,0.5935563816604709,0.2899628252788104,0.644361833952912,0.3736059479553903,0.3748451053283767,0.18649318463444858,0.4684014869888476,0.4105,0.4931,0.3821
IMRX,Immuneering Corp,Healthcare,Biotechnology,,,33.46,,0.09,11.37,26.67,5.97,-10.48,0.45,-55.95,1.0,948340.0,0.91,4.44,Aug 06/b,17.17,287260000.0,HIGH,-17.05,-9.41,0.77,-11.74,0.2519,False,-12.68,False,-9.75,5.125,4.042,-3.0556,-24.04,1.154,18.0,-13.92,27.0,-1.37,4.33,3148611.0,,,296.5,0.4547707558859975,0.3952912019826518,0.265179677819083,0.8166047087980174,0.22366790582403964,0.30359355638166047,0.14993804213135067,0.4099,0.2066,0.4497
COTY,Coty Inc,Consumer Defensive,Household & Personal Products,,10.24,-98.19,1.34,0.0,4.29,12.24,29.270000000000003,19.91,0.89,-41.89,3.18,11130000.0,0.45,2.65,Aug 19/a,2.65,2330000000.0,HIGH,1.87,-1.45,0.65,7.18,0.1497,False,-2.32,True,1.61,4.386,2.941,-4.2433,-11.97,0.575,18.0,-0.73,17.0,-1.09,2.72,19582044.0,,,-2.6,0.20198265179677818,0.7298636926889716,0.5923172242874846,0.07930607187112763,0.11895910780669144,0.7236679058240396,0.7856257744733581,0.4077,0.5276,0.281
ALM,Almonty Industries Inc,Basic Materials,Other Industrial Metals & Mining,57.26,9.46,235.56,497.88999999999993,0.0,16.16,11.24,-21.83,-27.22,1.39,-42.48,1.0,6560000.0,0.73,14.04,Aug 11/a,26.68,4050000000.0,HIGH,-10.15,-23.12,0.96,-4.84,0.285,False,-15.87,False,-4.04,8.662,6.959,-5.3141,-25.15,1.137,5.0,-16.33,23.0,10.61,14.7,118299316.0,,,81.5,0.11771995043370508,0.3618339529120198,0.19206939281288726,0.7998760842627014,0.4591078066914498,0.5142503097893433,0.32032218091697645,0.4075,0.3235,0.4727
BAND,Bandwidth Inc,Technology,Software - Infrastructure,,25.84,56.67,22.16,-10.15,26.76,14.97,-5.21,235.43000000000004,3.04,-36.67,1.4,1240000.0,0.78,50.08,Jul 29/b,70.75,1610000000.0,HIGH,-7.24,12.27,1.71,-1.93,0.2663,False,-0.26,False,-10.53,8.894,18.419,-6.5152,-38.08,1.11,2.0,-5.13,33.0,32.53,48.97,41348077.0,,,44.5,0.06567534076827757,0.16728624535315986,0.2379182156133829,0.7688971499380421,0.9312267657992565,0.27199504337050806,0.41016109045848825,0.4072,0.5148,0.5094
KOD,Kodiak Sciences Inc,Healthcare,Biotechnology,,,-1.8500000000000003,,-1.26,4.69,18.54,-3.1400000000000006,41.53,2.25,-31.04,1.0,673300.0,1.22,32.99,Aug 13/a,69.6,2069999999.9999998,HIGH,-19.13,-5.5,0.93,-13.82,0.2818,False,-10.93,False,-16.88,5.388,2.806,-2.2314,-29.29,1.082,28.0,-22.73,21.0,-17.11,33.14,21800523.0,,,110.0,0.6753407682775713,0.2788104089219331,0.19702602230483268,0.734820322180917,0.4250309789343247,0.1288723667905824,0.11524163568773234,0.4067,0.2327,0.491
AMBA,Ambarella Inc,Technology,Semiconductor Equipment & Materials,,60.94,67.66,13.209999999999999,-6.7299999999999995,-2.15,10.37,-8.28,22.79,2.39,-33.47,2.0,1810000.0,0.8,64.33,Sep 03/a,90.2,2840000000.0,HIGH,-18.54,0.79,0.87,-13.23,0.2402,False,-7.87,False,-12.37,6.234,3.407,-3.2889,-31.94,1.594,26.0,-23.64,6.0,1.73,63.98,119250669.0,,,41.0,0.3965303593556382,0.241635687732342,0.29429987608426267,0.9454770755885997,0.34820322180916974,0.21313506815365552,0.1288723667905824,0.4065,0.2443,0.4758
KNF,Knife River Corp,Basic Materials,Building Materials,23.05,16.51,-13.23,12.57,0.0,-0.18,7.43,-30.020000000000003,-29.94,0.57,-41.25,2.12,730030.0,1.99,56.56,Aug 04/b,87.29,3210000000.0,HIGH,-15.27,-8.07,0.84,-9.96,0.2177,False,-10.18,False,-19.97,3.654,2.415,-2.0707,-41.35,1.19,,,29.0,-18.76,56.47,53359777.0,,,54.6,0.724907063197026,0.14002478314745972,0.3451053283767038,0.8314745972738538,0.3073110285006196,0.08674101610904585,0.17967781908302355,0.4059,0.2676,0.4876
TPET,Trio Petroleum Corp,Energy,Oil & Gas E&P,,,75.07,81.18,-14.550000000000002,,7.89,-23.73,-81.13,-4.78,-91.24,,666480.0,1.79,1.97,-,,10490000.0,HIGH,-13.78,7.18,1.43,-8.47,0.2965,True,2.19,False,-16.37,10.147,17.526,-6.029,-37.52,6.397,,,,,1.94,2835725.0,,,,0.07930607187112763,0.17596034696406443,0.17286245353159846,0.9987608426270136,0.8674101610904585,0.13630731102850063,0.21871127633209417,0.4051,0.3996,0.5204
SMRT,SmartRent Inc,Technology,Software - Application,,,49.04,4.01,3.4099999999999997,1.24,4.62,2.65,-32.56,1.65,-47.27,3.0,1830000.0,0.29,1.16,Aug 05/b,1.45,222270000.0,HIGH,-21.62,-10.08,1.26,-16.31,0.2794,False,-12.65,False,-3.09,4.649,2.586,-3.1414,-23.68,0.54,21.0,-19.44,28.0,10.48,1.16,1046406.0,,,25.0,0.4312267657992565,0.40396530359355637,0.201363073110285,0.057001239157372985,0.7670384138785625,0.5625774473358116,0.09293680297397769,0.4039,0.3277,0.4545
MIR,Mirion Technologies Inc,Industrials,Specialty Industrial Machinery,177.66,23.67,-18.13,19.69,0.08,2.99,15.31,-6.5,-15.53,1.09,-48.24,1.27,4059999.9999999995,0.83,15.67,Jul 28/a,24.27,3900000000.0,HIGH,-2.29,-9.1,0.77,3.02,0.1988,False,-1.04,False,-2.64,4.328,3.186,-2.9475,-21.33,0.76,7.0,-1.22,33.0,5.56,15.38,54443892.0,,,57.8,0.4944237918215613,0.4448574969021066,0.3977695167286245,0.2707558859975217,0.22366790582403964,0.5824039653035935,0.630731102850062,0.4023,0.4387,0.3928
EVH,Evolent Health Inc,Healthcare,Health Information Services,,10.71,42.84,46.86,-0.61,-2.89,15.11,-20.43,23.84,1.01,-61.15999999999999,1.4,3050000.0,1.74,3.74,Aug 06/b,5.77,422840000.0,HIGH,-7.03,-2.84,1.45,-1.72,0.2306,False,-8.02,False,-10.36,6.254,4.634,-2.8308,-34.45,0.707,14.0,-13.14,27.0,33.12,4.1,10754677.0,,,40.7,0.5278810408921933,0.2057001239157373,0.30855018587360594,0.2057001239157373,0.8785625774473358,0.2850061957868649,0.4188351920693928,0.4019,0.5237,0.4743
UTI,Universal Technical Institute Inc,Consumer Defensive,Education & Training Services,33.4,27.66,-78.77,7.15,-66.01,11.25,10.26,-44.01,-43.06,1.18,-59.97,1.0,1380000.0,1.4,20.55,Aug 05/a,41.86,1130000000.0,HIGH,-22.26,-5.84,1.31,-16.95,0.2797,False,-7.83,False,-36.55,6.187,6.542,-2.5141,-60.4,1.079,52.0,-52.47,27.0,-27.05,20.33,36950356.0,,,105.9,0.6096654275092936,0.048327137546468404,0.1995043370508055,0.7311028500619579,0.7998760842627014,0.01858736059479554,0.08550185873605948,0.4012,0.334,0.5398
AMRC,Ameresco Inc,Industrials,Engineering & Construction,42.92,13.36,-25.72,9.14,0.26,3.16,15.6,-20.58,-12.659999999999998,2.61,-50.25999999999999,1.67,660700.0,1.22,22.35,Aug 03/a,42.7,1190000000.0,HIGH,-20.42,-5.22,1.2,-15.11,0.2974,False,-1.7,False,-4.49,5.455,4.233,-4.8121,-28.97,0.936,20.0,-18.71,29.0,-0.22,22.68,17595436.0,,,88.3,0.1524163568773234,0.28872366790582404,0.16852540272614625,0.573729863692689,0.7261462205700124,0.49070631970260226,0.10285006195786865,0.4,0.3095,0.4857
RCKT,Rocket Pharmaceuticals Inc,Healthcare,Biotechnology,,,273.32,,-3.2799999999999994,2.91,14.2,19.23,-29.98,0.47,-37.43,2.47,1950000.0,1.88,3.41,Aug 10/a,8.84,374330000.0,HIGH,0.88,-7.55,0.98,6.19,0.1889,False,-5.24,False,-3.63,6.341,5.394,-4.0394,-20.79,0.737,11.0,-5.25,24.0,-2.0,3.43,4813521.0,,,157.7,0.23048327137546468,0.459727385377943,0.436183395291202,0.24349442379182157,0.4882280049566295,0.540272614622057,0.7608426270136307,0.3997,0.5817,0.3756
RXST,RxSight Inc,Healthcare,Medical Devices,,,-0.8,0.31,-0.57,6.419999999999999,10.04,17.33,-24.87,1.13,-57.489999999999995,3.1,1090000.0,0.62,5.62,Aug 05/a,7.79,233760000.0,HIGH,-5.79,-5.35,0.79,-0.48,0.2318,False,-5.48,True,0.22,6.524,4.177,-3.6167,-17.94,0.795,10.0,-13.4,27.0,0.41,6.11,5172363.0,,,27.5,0.3135068153655514,0.5346964064436184,0.30607187112763323,0.3252788104089219,0.24473358116480792,0.6716232961586122,0.47335811648079307,0.3993,0.3546,0.3888
LEU,Centrus Energy Corp,Energy,Uranium,64.84,49.3,-51.88,13.98,-0.04,13.48,28.39,-19.55,-33.23,1.54,-69.39,1.88,760860.0,1.11,142.12,Aug 05/a,242.93,2840000000.0,HIGH,-20.57,-21.17,1.36,-15.26,0.2771,False,-16.94,False,-16.14,8.694,3.35,-5.254,-29.88,1.171,12.0,-22.05,27.0,-17.85,146.25,115654237.0,,,66.1,0.12267657992565056,0.26889714993804215,0.20817843866171004,0.8240396530359355,0.8308550185873605,0.14002478314745972,0.10161090458488228,0.3991,0.3524,0.4794
PUSA,Aureus Greenway Holdings Inc,Consumer Cyclical,Leisure,,,96.15,17.64,0.0,24.5,9.24,-21.33,-25.47,5.31,-57.09000000000001,1.0,574260.0,0.45,3.54,Sep 02,7.5,97850000.0,HIGH,-5.32,-5.45,0.9,-0.01,0.1899,False,-5.7,False,-1.15,6.373,5.62,-3.3136,-24.24,0.669,10.0,-8.2,,,3.47,2202279.0,,,116.1,0.3915737298636927,0.38909541511771994,0.43122676579925645,0.15303593556381662,0.3847583643122677,0.630731102850062,0.49814126394052044,0.3967,0.4441,0.39
GANX,Gain Therapeutics Inc,Healthcare,Biotechnology,,,43.08,,0.0,1.2,6.6,-2.29,-32.14,0.19,-60.6,1.0,769350.0,0.28,1.71,Aug 11/b,7.2,74630000.0,HIGH,-14.71,-4.92,1.01,-9.4,0.2538,False,-6.43,False,-4.87,4.869,4.023,-2.7916,-26.58,0.739,24.0,-1.69,24.0,-1.69,1.74,657351.0,,,313.8,0.5415117719950434,0.3333333333333333,0.2596034696406444,0.24535315985130113,0.5285006195786865,0.46964064436183395,0.19206939281288724,0.3963,0.3133,0.4463
EROC,ERock Inc,Industrials,Specialty Industrial Machinery,,,,,0.0,32.61,27.94,-31.6,,,-46.67,1.12,2290000.0,0.87,11.04,Aug 11/a,22.5,2420000000.0,HIGH,-35.29,-18.05,1.38,-29.98,0.46,False,-13.19,False,-8.77,10.105,7.282,-6.8845,-37.37,1.377,23.0,0.09,23.0,0.09,11.26,34343947.0,,,99.8,0.055762081784386616,0.1771995043370508,0.059479553903345694,0.8983890954151177,0.8494423791821561,0.3358116480793061,0.01982651796778191,0.396,0.2806,0.5349
ARKO,ARKO Corp,Consumer Cyclical,Specialty Retail,58.23,34.0,-75.02,17.36,0.01,7.200000000000001,8.68,-46.1,-12.3,0.91,-49.51,2.0,971360.0,0.7,4.42,Aug 07/b,9.0,495860000.0,HIGH,-5.97,-2.87,0.79,-0.66,0.1272,False,-1.44,False,-26.27,4.548,3.282,-2.8453,-44.54,1.087,38.0,-42.37,26.0,-19.26,4.57,4497866.0,,,96.9,0.5229244114002478,0.11895910780669144,0.6926889714993805,0.7441140024783147,0.24473358116480792,0.04956629491945477,0.4646840148698885,0.3955,0.4671,0.3903
WOOF,Petco Health and Wellness Co Inc,Consumer Cyclical,Specialty Retail,23.13,9.33,172.19,0.05,-0.4,0.91,13.12,-14.7,-29.79,1.58,-39.9,3.08,1990000.0,1.34,2.38,Sep 02/a,3.43,681680000.0,HIGH,-10.0,-6.54,0.64,-4.69,0.2319,False,-8.97,False,-9.69,6.725,3.086,-3.4269,-24.53,1.385,30.0,-12.9,7.0,-3.57,2.43,7135267.0,,,41.2,0.35811648079306074,0.3828996282527881,0.3048327137546468,0.9021065675340768,0.1127633209417596,0.3110285006195787,0.3246592317224288,0.3953,0.2551,0.421
BLBD,Blue Bird Corp,Industrials,Farm & Heavy Construction Machinery,7.51,13.07,371.03,29.94,0.14,-3.32,12.7,-15.17,14.760000000000002,1.34,-25.89,1.14,519860.0,1.76,61.8,Aug 05/a,90.14,1960000000.0,HIGH,-2.3,-2.41,0.61,3.01,0.1156,True,1.57,False,-9.92,3.4,4.382,-2.2806,-25.16,0.697,40.0,-20.33,27.0,-5.45,62.41,32945642.0,,,44.4,0.667905824039653,0.3593556381660471,0.7379182156133829,0.19578686493184635,0.09789343246592318,0.29615861214374223,0.6288723667905824,0.3925,0.5023,0.3144
TBLA,Taboola.com Ltd,Communication Services,Internet Content & Information,9.51,11.44,206.47000000000003,2.44,-14.57,13.96,5.4,-22.06,25.0,1.48,-32.57,1.89,3020000.0,0.46,3.85,Aug 05/b,5.8,1040000000.0,HIGH,0.51,2.36,0.74,5.82,0.0793,True,3.44,False,-12.36,3.051,3.581,-2.0644,-31.52,0.57,47.0,-27.99,28.0,1.96,3.91,8155333.0,,,48.3,0.7273853779429987,0.24535315985130113,0.885997521685254,0.07806691449814127,0.19330855018587362,0.21437422552664187,0.7509293680297398,0.3907,0.6242,0.3033
LMND,Lemonade Inc,Financial,Insurance - Property & Casualty,,,5.69,104.93999999999998,-1.26,2.44,14.66,-18.12,-13.86,1.86,-50.21,2.83,1330000.0,0.52,49.74,Jul 29/b,59.22,3850000000.0,HIGH,0.16,-1.03,0.95,5.47,0.1455,False,-3.62,False,-12.55,4.307,3.438,-2.7544,-38.41,0.814,7.0,-5.85,33.0,5.59,50.03,48502406.0,,,18.4,0.5539033457249071,0.16480793060718713,0.61090458488228,0.35811648079306074,0.44919454770755884,0.20693928128872366,0.7391573729863693,0.3906,0.6137,0.392
PHR,Phreesia Inc,Healthcare,Health Information Services,61.28,16.08,189.62,10.41,116.12,-0.5,5.15,13.11,-5.82,0.85,-58.599999999999994,1.95,866760.0,0.8,10.35,Sep 02/a,13.94,642440000.0,HIGH,-10.02,1.96,0.76,-4.71,0.2508,False,-8.32,False,-7.13,4.369,3.407,-3.0082,-19.91,0.91,22.0,-15.01,7.0,-6.13,10.42,9317330.0,,,33.8,0.4684014869888476,0.4770755885997522,0.26889714993804215,0.5254027261462205,0.21561338289962825,0.3872366790582404,0.32342007434944237,0.3904,0.2747,0.3992
INO,Inovio Pharmaceuticals Inc,Healthcare,Biotechnology,,,87.83,,0.0,1.44,18.69,5.45,-28.83,1.61,-57.35,1.67,3570000.0,0.74,1.16,Aug 12/a,3.17,119940000.0,HIGH,2.61,-16.9,0.85,7.92,0.238,False,-7.92,True,8.1,7.809,8.475,-4.4807,-18.62,0.676,6.0,-13.24,22.0,53.25,1.18,4890549.0,,,168.6,0.1771995043370508,0.5204460966542751,0.2998760842627014,0.16604708798017348,0.32589838909541513,0.8513011152416357,0.8104089219330854,0.3901,0.5119,0.3801
STTK,Shattuck Labs Inc,Healthcare,Biotechnology,,,52.190000000000005,,-0.17,32.9,6.46,28.939999999999998,-0.83,1.11,-28.33,1.0,1240000.0,0.72,5.97,Aug 11/b,15.25,599170000.0,HIGH,-16.1,-4.62,1.06,-10.79,0.3406,False,-12.52,False,-12.65,5.053,2.903,-3.1508,-23.93,0.954,14.0,-21.52,24.0,-13.17,6.2,5497673.0,,,146.0,0.42874845105328374,0.3965303593556382,0.12763320941759604,0.5947955390334573,0.5867410161090458,0.20446096654275092,0.161090458488228,0.3898,0.2787,0.4537
ARHS,Arhaus Inc,Consumer Cyclical,Specialty Retail,14.97,12.85,12.560000000000002,7.380000000000001,-0.0,2.02,12.39,-1.95,4.57,2.31,-36.55,2.27,1300000.0,0.77,7.3,Aug 06/b,10.5,1040000000.0,HIGH,-14.8,-4.13,0.79,-9.49,0.2712,False,-8.24,False,-4.18,4.442,4.926,-2.7201,-21.09,0.813,19.0,-14.8,27.0,-1.34,8.12,9894457.0,,,29.3,0.5600991325898389,0.4479553903345725,0.22304832713754652,0.3543990086741016,0.24473358116480792,0.506815365551425,0.1895910780669145,0.3895,0.2162,0.4165
REPL,Replimune Group Inc,Healthcare,Biotechnology,,,23.97,,-3.29,18.65,26.54,45.42,77.04,0.94,-20.21,1.0,4570000.0,0.47,13.03,Aug 14/b,19.43,1230000000.0,HIGH,-10.39,-11.24,0.97,-5.08,0.2478,False,-11.75,True,5.01,6.206,6.522,-3.9408,-19.72,0.532,8.0,-16.34,21.0,-12.42,13.11,35759577.0,,,48.2,0.24535315985130113,0.4826517967781908,0.2794299876084263,0.05452292441140025,0.4721189591078067,0.8017348203221809,0.3097893432465923,0.3893,0.3494,0.3934
FDMT,4D Molecular Therapeutics Inc,Healthcare,Biotechnology,,,-6.2,25106.67,-5.75,16.39,23.96,47.83,60.73,2.74,-19.49,1.27,946540.0,0.58,13.63,Aug 13/a,28.0,752980000.0,HIGH,-5.4,-5.95,0.86,-0.09,0.2402,False,-7.19,True,9.04,6.438,5.487,-6.1166,-18.72,0.733,21.0,18.11,21.0,18.11,13.76,16943708.0,,,103.5,0.0768277571251549,0.5154894671623296,0.29429987608426267,0.2379182156133829,0.3395291201982652,0.869268897149938,0.49566294919454773,0.3889,0.3884,0.3809
CTRI,Centuri Holdings Inc,Utilities,Utilities - Regulated Gas,61.94,19.43,-33.74,32.86,0.0,-2.41,4.55,-39.63,-35.96,1.03,-55.64,2.71,1740000.0,0.89,19.07,Aug 04/b,29.67,1930000000.0,HIGH,-18.15,-5.46,1.05,-12.84,0.1982,False,-6.77,False,-18.02,3.243,2.81,-1.9411,-40.34,0.796,,,29.0,-10.56,19.57,28754592.0,,,51.6,0.7719950433705081,0.14622057001239158,0.4021065675340768,0.32899628252788105,0.5724907063197026,0.11028500619578686,0.137546468401487,0.3887,0.3474,0.4459
ZURA,Zura Bio Ltd,Healthcare,Biotechnology,,,-22.29,,0.0,8.77,22.04,33.97,-21.5,-0.01,-33.74,1.0,1330000.0,1.99,4.93,Aug 11/b,18.83,472440000.0,HIGH,-8.27,-15.01,0.62,-2.96,0.217,False,-9.92,False,-6.73,7.074,4.031,-3.7333,-26.2,1.213,15.0,-10.94,24.0,-6.29,5.21,9906184.0,,,261.4,0.2862453531598513,0.3426270136307311,0.34820322180916974,0.8463444857496902,0.10285006195786865,0.40396530359355637,0.37670384138785623,0.3884,0.286,0.4099
IMMX,Immix Biopharma Inc,Healthcare,Biotechnology,,,17.97,,0.0,77.77,16.34,43.33,12.72,0.23,-19.6,1.0,1840000.0,0.57,12.14,Sep 02,23.86,868490000.0,HIGH,7.67,-7.85,0.73,12.98,0.2736,False,-8.16,True,8.47,6.932,4.996,-4.1905,-19.14,0.816,14.0,-10.29,,,12.21,19901091.0,,,95.4,0.2057001239157373,0.5037174721189591,0.21623296158612149,0.36369268897149937,0.17472118959107807,0.8587360594795539,0.8884758364312267,0.3871,0.4727,0.4007
MBOT,Microbot Medical Inc,Healthcare,Medical Devices,,,12.619999999999997,,0.0,-19.49,11.85,-20.88,-47.25,1.03,-61.6,1.0,684930.0,0.5,1.44,Aug 18,6.67,96720000.0,HIGH,-3.97,-3.33,0.71,1.34,0.0773,False,-2.09,False,-12.99,3.596,5.517,-2.2389,-28.92,0.61,25.0,-23.28,,,1.45,850050.0,,,360.0,0.6728624535315985,0.29120198265179675,0.8921933085501859,0.10594795539033457,0.1567534076827757,0.19578686493184635,0.5600991325898389,0.3858,0.5387,0.2828
BBAI,BigBear.ai Holdings Inc,Technology,Information Technology Services,,,92.47,13.170000000000002,-1.79,-0.07,30.7,-30.37,-28.610000000000003,3.25,-69.97,2.33,23380000.0,0.93,2.82,Jul 30/a,4.33,1350000000.0,HIGH,-10.28,-1.37,0.87,-4.97,0.1691,False,-4.78,False,-5.44,4.563,5.208,-2.926,-28.0,0.693,22.0,-11.66,31.0,3.23,2.88,49788860.0,,,50.3,0.5055762081784386,0.30607187112763323,0.5105328376703842,0.19083023543990088,0.34820322180916974,0.4448574969021066,0.31288723667905827,0.3843,0.3828,0.3724
FNKO,Funko Inc,Consumer Cyclical,Leisure,,22.02,135.94,7.37,-1.53,-1.52,13.06,-2.55,38.7,0.96,-27.35,1.5,1010000.0,1.62,5.34,Aug 06/a,7.94,299500000.0,HIGH,-10.67,-4.23,1.13,-5.36,0.3485,False,-11.15,False,-8.17,6.731,2.39,-4.1369,-25.99,0.955,11.0,-19.29,26.0,3.03,5.44,6794212.0,,,46.0,0.21313506815365552,0.35192069392812886,0.12267657992565051,0.5966542750929368,0.6635687732342007,0.35687732342007433,0.30111524163568776,0.3841,0.3563,0.4576
CADL,Candel Therapeutics Inc,Healthcare,Biotechnology,,,-463.69,,-2.03,11.59,20.04,29.909999999999997,122.85,-0.31,-20.57,1.22,1520000.0,0.7,11.12,Aug 13/b,21.0,850890000.0,HIGH,-12.21,-15.28,0.73,-6.9,0.2846,False,-15.26,False,-3.94,7.198,6.089,-5.0043,-23.75,1.283,12.0,-19.62,22.0,-0.05,10.68,16023102.0,,,96.6,0.1412639405204461,0.40024783147459725,0.19330855018587356,0.872366790582404,0.17472118959107807,0.5192069392812887,0.2552664188351921,0.3835,0.2125,0.4269
VCYT,Veracyte Inc,Healthcare,Diagnostics & Research,28.48,20.57,2584.8,15.49,-13.38,0.8500000000000001,10.24,-18.33,21.93,1.96,-34.1,1.46,1330000.0,1.33,40.14,Jul 30/a,58.42,3230000000.0,HIGH,-2.07,-2.92,0.84,3.24,0.1267,False,-3.78,False,-15.88,4.442,2.191,-2.9738,-32.34,0.855,,,31.0,-11.03,41.21,52921892.0,,,41.8,0.47831474597273854,0.2379182156133829,0.6951672862453532,0.43370508054522927,0.3073110285006196,0.1449814126394052,0.6406443618339529,0.3829,0.557,0.3411
ENOV,Enovis Corp,Healthcare,Medical Devices,,4.86,96.78,3.2300000000000004,2.03,3.11,16.17,-14.49,-22.71,1.16,-47.67,1.23,1350000.0,1.97,17.94,Aug 06/b,38.33,1030000000.0,HIGH,-26.35,-8.81,1.96,-21.04,0.5652,False,-19.57,False,-27.78,7.28,9.276,-4.9746,-42.47,1.97,30.0,-37.5,27.0,-30.75,18.22,32783629.0,,,110.4,0.14250309789343246,0.13135068153655513,0.040892193308550207,0.9727385377942999,0.966542750929368,0.040892193308550186,0.05204460966542751,0.3825,0.323,0.5307
ULCC,Frontier Group Holdings Inc,Industrials,Airlines,,17.01,-27.42,37.67,-8.45,9.51,25.15,-15.22,71.91,2.65,-33.73,3.58,3530000.0,0.63,5.57,Jul 29/b,6.56,1280000000.0,HIGH,-11.34,-1.75,0.88,-6.03,0.1443,False,-3.32,False,-12.14,4.121,3.748,-2.7294,-33.02,0.773,29.0,-26.79,33.0,-9.63,5.63,14240447.0,,,16.5,0.5576208178438662,0.22614622057001238,0.6171003717472119,0.2905824039653036,0.3618339529120198,0.22428748451053285,0.27942998760842624,0.3796,0.4055,0.3586
ESTA,Establishment Labs Holdings Inc,Healthcare,Medical Devices,,,32.04,31.66,-16.71,5.19,16.1,-15.120000000000001,12.6,1.04,-26.75,1.0,576610.0,0.36,71.48,Aug 06/b,102.44,2130000000.0,HIGH,-6.13,-4.48,0.8,-0.82,0.113,False,-1.14,False,-12.2,4.055,2.392,-2.8147,-26.3,0.681,42.0,-20.64,27.0,-9.02,71.92,26489214.0,,,42.4,0.5353159851301115,0.3382899628252788,0.7478314745972738,0.17224287484510534,0.2540272614622057,0.22304832713754646,0.4560099132589839,0.3785,0.483,0.2962
LTBR,Lightbridge Corp,Industrials,Electrical Equipment & Parts,,,-14.029999999999998,,-0.64,0.63,12.98,-33.7,-42.27,2.1,-78.91,,811850.0,0.86,6.61,Aug 05/a,10.5,247600000.0,HIGH,-18.28,-15.59,1.44,-12.97,0.2181,False,-13.51,False,-17.39,6.188,4.054,-4.0133,-35.21,0.89,29.0,-22.74,27.0,-25.67,6.66,4544512.0,,,57.7,0.2342007434944238,0.1970260223048327,0.3420074349442379,0.4969021065675341,0.8742255266418835,0.12143742255266418,0.13382899628252787,0.3776,0.4184,0.4317
EVC,Entravision Communications Corp,Communication Services,Advertising Agencies,372.48,,597.14,126.24,-13.059999999999999,19.88,10.45,-11.93,168.87,1.72,-40.9,1.0,1700000.0,0.58,8.12,Aug 10/a,3.5,749380000.0,HIGH,-6.41,0.12,0.93,-1.1,0.1212,True,0.37,False,-16.08,4.37,5.168,-2.352,-39.45,0.687,26.0,-27.08,24.0,-9.86,8.32,9622684.0,,,-57.9,0.6456009913258984,0.15737298636926889,0.711276332094176,0.1809169764560099,0.4250309789343247,0.1412639405204461,0.442998760842627,0.3769,0.5181,0.3482
CLYM,Climb Bio Inc,Healthcare,Biotechnology,,,-38.22,,-0.54,73.24,14.12,21.06,95.09,-0.06,-24.11,1.06,1410000.0,1.1,13.91,Aug 06/b,27.47,798940000.0,HIGH,-16.51,-8.43,0.7,-11.2,0.3217,False,-7.51,True,2.41,9.105,4.533,-5.1792,-20.57,0.972,14.0,-11.22,27.0,16.76,14.56,24448252.0,,,88.7,0.13135068153655513,0.4628252788104089,0.15117719950433706,0.620817843866171,0.14869888475836432,0.7459727385377943,0.15613382899628253,0.3768,0.1524,0.4117
TROX,Tronox Holdings plc,Basic Materials,Chemicals,,,-101.93,18.74,0.0,7.449999999999999,16.85,-45.45,-34.43,0.9,-58.64,3.2,2660000.0,0.95,4.38,Aug 05/a,7.05,699480000.0,HIGH,-25.26,-10.0,1.18,-19.95,0.3484,False,-16.44,False,-24.89,5.737,2.778,-2.2344,-43.97,0.933,27.0,-26.15,27.0,-26.15,4.32,11373622.0,,,63.2,0.6741016109045849,0.1251548946716233,0.12391573729863692,0.5681536555142503,0.7106567534076828,0.058240396530359353,0.061957868649318466,0.3767,0.2752,0.5028
CMPX,Compass Therapeutics Inc,Healthcare,Biotechnology,,,6.329999999999999,,0.0,-0.39,29.87,-9.31,-65.8,0.87,-73.11,1.13,2990000.0,0.82,1.85,Aug 06/b,8.92,333160000.0,HIGH,-15.15,-11.31,0.91,-9.84,0.281,False,-15.7,False,-11.14,6.192,4.082,-3.8134,-23.14,1.059,14.0,-18.33,27.0,3.7,1.96,5771717.0,,,355.1,0.27137546468401486,0.41263940520446096,0.1982651796778191,0.7143742255266419,0.3996282527881041,0.24907063197026022,0.1821561338289963,0.3742,0.2522,0.4086
FND,Floor & Decor Holdings Inc,Consumer Cyclical,Home Improvement Retail,21.51,20.97,52.04,2.97,-6.23,0.09,13.59,-13.209999999999999,-20.07,1.59,-50.1,2.72,2460000.0,1.1,46.11,Jul 30/a,58.58,4910000000.0,HIGH,-14.99,0.44,0.78,-9.68,0.2783,False,-6.75,False,-12.3,3.921,4.052,-2.5196,-23.91,0.944,29.0,-15.68,31.0,-12.97,48.13,115236726.0,,,21.7,0.6071871127633209,0.39776951672862454,0.20384138785625772,0.5817843866171004,0.2342007434944238,0.21933085501858737,0.18711276332094176,0.374,0.2063,0.4106
BOOT,Boot Barn Holdings Inc,Consumer Cyclical,Apparel Retail,16.24,12.73,31.920000000000005,17.75,-0.1,1.73,10.27,-22.61,-18.06,1.75,-38.94,1.29,666510.0,2.84,128.37,Jul 29/a,221.5,3890000000.0,HIGH,-12.97,-6.4,0.87,-7.66,0.213,False,-7.31,False,-8.44,3.61,2.709,-3.173,-22.45,0.8,18.0,-9.65,32.0,-5.34,142.84,87095598.0,,,55.1,0.42379182156133827,0.4231722428748451,0.3618339529120198,0.3358116480793061,0.34820322180916974,0.3444857496902107,0.23915737298636927,0.3729,0.3087,0.3631
KOPN,Kopin Corp,Technology,Electronic Components,90.42,868.0,113.83000000000001,50.62,-5.91,5.35,15.0,-16.86,105.69,3.59,-34.34,1.0,4650000.0,0.75,4.34,Aug 10/a,9.1,806690000.0,HIGH,-18.23,-4.61,0.79,-12.92,0.2774,False,-5.87,True,2.2,6.24,3.678,-3.9012,-21.34,0.811,21.0,-9.94,24.0,3.33,4.35,15288683.0,,,109.2,0.2527881040892193,0.4436183395291202,0.20693928128872363,0.3506815365551425,0.24473358116480792,0.7360594795539034,0.13630731102850063,0.3725,0.19,0.3961
QDEL,QuidelOrtho Corp,Healthcare,Medical Devices,,7.37,63.94,2.45,0.0,-4.73,20.79,-27.04,-39.77,0.78,-70.12,3.25,1480000.0,2.1,10.63,Aug 06/a,14.67,728960000.0,HIGH,-23.73,-16.89,2.21,-18.42,0.3321,False,-19.71,False,-28.11,6.68,8.453,-3.8235,-43.84,1.021,46.0,-36.24,26.0,-9.52,11.12,17473098.0,,,31.9,0.26765799256505574,0.12639405204460966,0.1387856257744734,0.6796778190830235,0.9826517967781908,0.03717472118959108,0.07311028500619579,0.3721,0.3657,0.4918
GSHD,Goosehead Insurance Inc,Financial,Insurance Brokers,43.25,22.12,122.15,20.59,-11.48,-3.1400000000000006,8.57,64.63,32.09,1.44,-29.65,2.4,505060.0,0.47,59.35,Jul 22/a,68.29,2109999999.9999998,HIGH,-6.97,-3.87,0.9,-1.66,0.3293,False,-9.88,False,-4.37,5.353,3.814,-3.4165,-19.5,0.815,16.0,-15.26,37.0,16.56,59.91,19526716.0,,,14.0,0.3618339529120198,0.4876084262701363,0.1412639405204461,0.36059479553903345,0.3847583643122677,0.49566294919454773,0.4225526641883519,0.372,0.3268,0.4007
GALT,Galectin Therapeutics Inc,Healthcare,Biotechnology,,,-16.57,,-0.2,7.12,19.09,42.37,17.3,0.38,-47.69,1.0,658910.0,0.5,3.73,Aug 14/b,11.0,376170000.0,HIGH,9.4,-7.25,1.05,14.71,0.304,False,-3.43,True,0.16,8.445,7.031,-4.3062,-30.81,0.817,6.0,-11.72,21.0,11.63,3.84,1289239.0,,,186.5,0.19950433705080545,0.2577447335811648,0.16480793060718713,0.3680297397769517,0.5724907063197026,0.667905824039653,0.9064436183395291,0.3717,0.5838,0.452
RNXT,RenovoRx Inc,Healthcare,Biotechnology,,,22.22,115.40000000000002,1.6099999999999999,-0.17,0.99,94.17,76.75,0.97,-33.59,1.0,672730.0,1.53,1.72,Aug 12/a,7.12,77620000.0,HIGH,40.83,-23.18,0.39,46.14,0.9989,False,-1.66,True,32.23,16.915,11.243,-9.6391,-34.75,1.606,11.0,14.19,22.0,50.89,1.69,2961364.0,,,321.3,0.021065675340768277,0.20446096654275092,0.01115241635687736,0.9467162329615861,0.03903345724907063,0.990086741016109,0.9888475836431226,0.3688,0.4106,0.4992
TTI,Tetra Technologies Inc,Energy,Oil & Gas Equipment & Services,161.61,19.67,-14.05,6.78,-0.19,17.74,6.94,-34.94,-16.65,1.25,-47.29,1.4,1850000.0,1.08,6.61,Aug 03/a,11.8,978760000.0,HIGH,-23.16,-9.26,1.11,-17.85,0.2676,False,-7.98,False,-19.22,4.261,5.1,-3.1445,-44.13,1.031,54.0,-40.48,29.0,-17.05,6.47,13883501.0,,,82.4,0.42998760842627015,0.12143742255266418,0.23296158612143747,0.6883519206939281,0.6474597273853779,0.09045848822800495,0.07806691449814127,0.3684,0.2954,0.4641
ALTO,Alto Ingredients Inc,Basic Materials,Specialty Chemicals,6.14,12.39,197.43,12.48,0.93,6.49,9.24,-26.170000000000005,-5.1,0.14,-33.01,1.0,2210000.0,0.36,4.09,Aug 05/a,9.0,317250000.0,HIGH,-6.16,-3.65,0.91,-0.85,0.1157,False,-3.11,False,-14.2,4.582,4.293,-2.3444,-35.19,0.512,52.0,-30.53,27.0,-12.39,3.96,5680618.0,,,127.3,0.6480793060718711,0.1982651796778191,0.7360594795539033,0.04708798017348203,0.3996282527881041,0.17100371747211895,0.45353159851301117,0.3667,0.5221,0.3164
DYN,Dyne Therapeutics Inc,Healthcare,Biotechnology,,,-10.86,,-16.85,1.25,13.56,-4.43,-1.27,1.12,-34.44,1.29,2640000.0,1.15,17.9,Jul 29/a,36.93,3340000000.0,HIGH,-29.18,-8.81,1.1,-23.87,0.5156,False,-22.9,False,-24.31,7.5,4.752,-4.1182,-32.17,2.558,18.0,-28.77,32.0,-26.22,18.52,63966700.0,,,99.4,0.218091697645601,0.24039653035935563,0.050805452292441156,0.9888475836431226,0.6381660470879802,0.06071871127633209,0.03841387856257745,0.3662,0.2221,0.4765
CERS,Cerus Corp,Healthcare,Medical Devices,,,50.67,9.53,-10.4,-0.33,9.29,-0.79,38.89,1.82,-27.949999999999996,1.0,2450000.0,0.42,2.5,Jul 30/a,5.12,503810000.0,HIGH,-14.14,0.39,0.91,-8.83,0.199,False,-4.24,False,-8.1,3.389,4.706,-2.3114,-26.51,0.467,52.0,-12.67,31.0,18.6,2.55,3993498.0,,,100.8,0.6579925650557621,0.3345724907063197,0.3965303593556382,0.04337050805452292,0.3996282527881041,0.3593556381660471,0.20446096654275092,0.3652,0.3206,0.3651
PTRN,Pattern Group Inc,Consumer Cyclical,Internet Retail,,25.48,62.529999999999994,46.58,-6.329999999999999,20.38,15.34,-0.8199999999999998,66.87,1.1,-34.77,1.33,2040000.0,0.92,19.44,Aug 05/a,28.12,3450000000.0,HIGH,-3.39,1.58,0.73,1.92,0.1228,False,-2.85,False,-14.19,4.146,3.63,-2.3686,-32.99,0.754,47.0,-27.67,27.0,-9.6,19.97,28078218.0,,,40.8,0.6394052044609665,0.22800495662949194,0.7050805452292441,0.26579925650557623,0.17472118959107807,0.17224287484510534,0.5885997521685254,0.3642,0.4994,0.313
EBS,Emergent Biosolutions Inc,Healthcare,Drug Manufacturers - Specialty & Generic,,6.08,-1477.33,66.29,-2.19,2.76,22.49,-23.28,-23.65,2.29,-54.77000000000001,2.33,1130000.0,0.91,6.36,Aug 05/a,11.0,326090000.0,HIGH,41.78,6.33,0.59,47.09,0.432,True,11.96,False,-1.21,5.732,5.016,-3.7435,-26.07,1.11,,,27.0,20.15,6.38,6657050.0,,,72.4,0.28376703841387857,0.34882280049566294,0.07187112763320946,0.7688971499380421,0.08426270136307311,0.6270136307311028,0.990086741016109,0.3641,0.4429,0.441
IMSR,Terrestrial Energy Inc,Utilities,Utilities - Regulated Electric,,,-524.4,,0.0,19.0,10.01,-43.39,-33.75,2.45,-86.41,1.0,1740000.0,0.92,4.28,Aug 11/b,13.5,453420000.0,HIGH,-23.11,-21.08,1.88,-17.8,0.2495,False,-15.19,False,-16.53,7.454,7.598,-5.4585,-48.56,0.966,22.0,-22.98,24.0,-17.89,4.47,6046320.0,,,202.0,0.10780669144981413,0.09293680297397769,0.275092936802974,0.6127633209417596,0.9578686493184635,0.13382899628252787,0.07930607187112763,0.3634,0.4016,0.4531
TRVI,Trevi Therapeutics Inc,Healthcare,Biotechnology,,,-20.34,,0.0,11.25,12.47,2.59,34.77,0.98,-25.619999999999997,1.0,2180000.0,1.18,15.04,Aug 06/a,29.5,2140000000.0000002,HIGH,-14.02,-5.53,0.76,-8.71,0.2192,False,-8.35,False,-10.59,4.414,2.196,-2.1297,-21.41,0.706,19.0,-14.02,26.0,-14.11,15.89,24276908.0,,,85.7,0.7063197026022305,0.4392812887236679,0.3382899628252788,0.20446096654275092,0.21561338289962825,0.26889714993804215,0.2094175960346964,0.3621,0.2499,0.3488
DJT,Trump Media & Technology Group Corp,Communication Services,Internet Content & Information,,,-933.0899999999999,89.03,0.0,2.39,8.86,1.66,-12.09,4.1,-52.25,,4580000.0,0.48,8.58,Aug 10/a,,2380000000.0,HIGH,9.26,-4.12,0.75,14.57,0.2288,False,-1.92,False,-3.5,5.706,5.04,-3.4642,-16.11,0.687,32.0,-10.15,24.0,-0.67,8.85,32699134.0,,,,0.3420074349442379,0.5848822800495663,0.31040892193308545,0.1809169764560099,0.20817843866171004,0.5464684014869888,0.9033457249070632,0.3621,0.5169,0.3194
RXO,RXO Inc,Industrials,Trucking,,31.81,0.75,25.019999999999996,0.0,-1.28,8.97,-29.38,63.629999999999995,2.01,-34.55,2.67,1810000.0,1.08,19.57,Aug 06/b,24.53,3230000000.0,HIGH,-17.01,-2.31,0.91,-11.7,0.236,False,-7.77,False,-16.39,5.376,4.573,-2.6954,-34.92,0.932,39.0,-32.59,27.0,-3.85,19.46,30339443.0,,,26.1,0.5650557620817844,0.20322180916976457,0.3023543990086741,0.5662949194547707,0.3996282527881041,0.13506815365551425,0.15117719950433706,0.3619,0.2711,0.4165
PDFS,PDF Solutions Inc,Technology,Software - Application,164.1,25.12,250.0,18.95,-0.11,21.03,8.14,-36.37,25.480000000000004,1.68,-42.22,1.43,632540.0,1.34,41.42,Aug 06/a,61.71,1750000000.0,HIGH,-18.92,-10.51,1.06,-13.61,0.2196,False,-5.99,False,-11.78,5.836,7.428,-4.3683,-40.28,1.021,53.0,-35.06,26.0,-6.73,42.81,28943266.0,,,44.1,0.19083023543990088,0.14745972738537794,0.3370508054522925,0.6796778190830235,0.5867410161090458,0.22924411400247832,0.11833952912019827,0.3618,0.3245,0.4216
LIF,Life360 Inc,Technology,Software - Application,24.62,23.47,-28.71,37.77,-14.279999999999998,-4.64,11.4,-13.68,2.8,2.2,-62.519999999999996,1.5,777820.0,0.86,42.18,Aug 10/a,60.77,3440000000.0,HIGH,-11.76,2.76,1.11,-6.45,0.1744,True,0.61,False,-12.45,3.58,6.99,-3.3393,-32.47,0.687,25.0,-29.93,24.0,-8.91,44.28,29382102.0,,,37.2,0.38909541511771994,0.23543990086741015,0.48822800495662955,0.1809169764560099,0.6474597273853779,0.20817843866171004,0.27137546468401486,0.3582,0.4493,0.3564
BLLN,Billiontoone Inc,Healthcare,Diagnostics & Research,169.24,100.14,2789.09,64.4,-1.36,4.71,9.81,0.31,46.16,,-30.69,1.44,718160.0,0.52,104.27,Aug 05/a,119.75,4920000000.0,HIGH,7.36,1.78,0.73,12.67,0.147,True,5.04,False,-9.71,4.833,3.963,-2.8091,-32.98,0.775,1.0,2.08,27.0,10.01,100.82,55313649.0,,,18.8,0.5377942998760843,0.22924411400247832,0.6047087980173482,0.2936802973977695,0.17472118959107807,0.3073110285006196,0.8835192069392813,0.3579,0.5872,0.3284
QUBT,Quantum Computing Inc,Technology,Computer Hardware,,,79.73,9000.0,0.0,3.62,32.25,-29.37,6.38,3.75,-69.66,1.57,9860000.0,0.49,7.84,Aug 10/a,18.67,1770000000.0,HIGH,-11.93,-3.04,0.82,-6.62,0.1664,False,-3.32,False,-4.5,4.494,6.775,-3.9101,-29.47,0.801,29.0,-8.81,24.0,-10.75,7.97,56094541.0,,,134.3,0.25154894671623296,0.2701363073110285,0.5216852540272614,0.3382899628252788,0.275092936802974,0.4888475836431227,0.265179677819083,0.3576,0.3451,0.3384
SOC,Sable Offshore Corp,Energy,Oil & Gas Drilling,,5.93,70.2,,-5.21,17.67,26.79,-53.21,-69.25,-0.17,-80.13,1.29,11430000.0,0.9,4.96,Aug 10/a,9.4,951670000.0,HIGH,19.9,-0.62,1.05,25.21,0.2522,True,1.68,True,6.07,6.639,11.618,-5.6666,-52.75,0.788,2.0,-2.03,24.0,3.66,4.82,41999188.0,,,95.0,0.09541511771995044,0.07930607187112763,0.2639405204460966,0.31288723667905827,0.5724907063197026,0.8203221809169765,0.9628252788104089,0.3574,0.6361,0.4503
ALH,Alliance Laundry Holdings Inc,Consumer Cyclical,"Furnishings, Fixtures & Appliances",23.75,14.19,286.93,22.38,-17.14,0.01,4.97,-18.22,4.61,,-25.259999999999998,1.38,1090000.0,0.92,21.1,Aug 13/b,32.25,4190000000.0000005,HIGH,-14.2,-4.32,0.42,-8.89,0.1757,False,-7.22,False,-14.23,3.288,1.222,-1.803,-24.65,0.75,29.0,-19.98,22.0,-17.43,21.27,49409514.0,,,51.6,0.80545229244114,0.3798017348203222,0.4820322180916976,0.25960346964064435,0.04460966542750929,0.1697645600991326,0.20322180916976457,0.3569,0.2393,0.3199
BRZE,Braze Inc,Technology,Software - Application,,26.02,35.11,26.16,-1.26,9.46,11.21,16.98,34.0,0.92,-31.900000000000002,1.09,2630000.0,0.59,25.42,Sep 08/a,37.3,2890000000.0,HIGH,-8.41,-15.54,0.84,-3.1,0.4532,False,-15.23,False,-6.8,7.657,6.367,-6.3285,-26.9,1.985,12.0,-16.91,4.0,7.9,25.6,98316626.0,,,45.7,0.06815365551425032,0.32589838909541513,0.06319702602230481,0.9752168525402726,0.3073110285006196,0.40148698884758366,0.36926889714993805,0.3569,0.2589,0.438
LBRT,Liberty Energy Inc,Energy,Oil & Gas Equipment & Services,26.45,117.39,-40.52,14.01,-1.49,5.24,9.45,-30.64,-35.14,0.72,-43.53,1.77,4330000.0,0.91,19.47,Jul 22/a,28.81,3180000000.0,HIGH,-12.19,-8.74,1.02,-6.88,0.2274,False,-2.72,False,-6.95,4.921,6.068,-3.4766,-30.18,0.763,,,37.0,-0.46,19.53,66665364.0,,,47.5,0.34076827757125155,0.2664188351920694,0.31474597273853777,0.27447335811648077,0.5408921933085502,0.3965303593556382,0.25650557620817843,0.3556,0.3593,0.3882
ANNX,Annexon Inc,Healthcare,Biotechnology,,,19.92,,2.63,15.509999999999998,19.45,-15.52,-31.47,1.34,-45.4,1.36,3570000.0,0.83,3.92,Aug 12/b,15.5,743150000.0,HIGH,-23.0,-15.42,1.08,-17.69,0.3582,False,-18.66,False,-24.67,6.266,3.924,-3.387,-39.97,1.172,43.0,-28.83,23.0,-25.89,3.95,12854958.0,,,292.4,0.3705080545229244,0.14993804213135067,0.11152416356877326,0.8252788104089219,0.6133828996282528,0.05947955390334572,0.080545229244114,0.355,0.2497,0.4672
BTBT,Bit Digital Inc,Financial,Capital Markets,,,-530.2,25.15,0.0,8.15,22.37,-24.35,-13.100000000000001,3.85,-67.91,1.0,28930000.0,0.96,1.46,Aug 13/b,4.2,526520000.0,HIGH,-5.0,-10.59,0.74,0.31,0.2588,False,-0.99,True,1.2,8.102,6.579,-6.7826,-36.4,1.066,7.0,9.35,22.0,4.11,1.52,53198335.0,,,176.3,0.05947955390334572,0.1821561338289963,0.2552664188351921,0.7218091697645601,0.19330855018587362,0.7125154894671624,0.5142503097893433,0.3541,0.3403,0.4218
COHU,Cohu Inc,Technology,Semiconductor Equipment & Materials,,27.07,99.06,38.37,-6.43,7.629999999999999,19.07,-21.98,74.84,1.56,-33.02,1.12,1150000.0,0.97,49.97,Jul 30/a,70.88,2370000000.0,HIGH,-20.2,-6.02,1.04,-14.89,0.3685,False,-4.14,False,-4.2,6.831,8.385,-5.589,-33.02,0.975,22.0,-10.99,31.0,7.58,49.97,49867550.0,,,41.8,0.10037174721189591,0.22614622057001238,0.10285006195786861,0.6263940520446096,0.5625774473358116,0.5055762081784386,0.10532837670384139,0.354,0.2418,0.4487
ABTC,American Bitcoin Corp,Financial,Capital Markets,,,84.59,4766.74,1.55,3.6799999999999997,18.69,-37.6,-48.78,3.96,-93.38,1.0,1650000.0,0.81,7.99,Aug 03/b,27.5,581830000.0,HIGH,21.49,2.85,0.85,26.8,0.2935,True,5.88,True,24.13,10.434,6.59,-8.5805,-34.4,0.832,7.0,9.91,30.0,56.7,8.65,15815785.0,,,217.9,0.030978934324659233,0.20693928128872366,0.1796778190830235,0.3909541511771995,0.32589838909541513,0.9789343246592317,0.9677819083023544,0.3522,0.5388,0.4317
ORN,Orion Group Holdings Inc,Industrials,Engineering & Construction,99.12,20.39,-585.31,8.08,-0.33,2.98,6.9,-39.24,-10.56,1.42,-47.93,1.0,529800.0,0.62,9.06,Jul 28/a,14.99,366880000.0,HIGH,-8.15,-2.38,0.85,-2.84,0.0987,False,-3.06,False,-16.79,3.813,2.442,-2.5383,-48.22,0.634,54.0,-45.09,33.0,-0.77,9.01,3325877.0,,,66.4,0.5997521685254027,0.09541511771995044,0.8209417596034696,0.12391573729863693,0.32589838909541513,0.13011152416356878,0.379182156133829,0.3493,0.4957,0.2949
SANA,Sana Biotechnology Inc,Healthcare,Biotechnology,,,45.3,,0.0,0.77,22.25,10.88,-3.36,2.18,-51.76,1.2,3040000.0,0.81,3.16,Aug 10/a,9.38,945980000.0,HIGH,-13.04,-7.25,0.79,-7.73,0.3673,False,-14.12,False,-10.51,6.975,4.688,-5.5124,-24.08,1.735,13.0,-21.95,24.0,-11.36,3.2,10979940.0,,,193.1,0.10532837670384139,0.39281288723667906,0.10408921933085502,0.9640644361833953,0.24473358116480792,0.2738537794299876,0.2379182156133829,0.3475,0.1998,0.397
CLPT,ClearPoint Neuro Inc,Healthcare,Medical Devices,,,-81.9,18.07,-3.06,1.19,15.48,-2.74,19.22,1.28,-56.31,1.0,737670.0,0.87,13.15,Aug 03/a,23.5,401130000.0,HIGH,-13.16,-4.2,0.85,-7.85,0.2692,False,-9.71,False,-10.98,6.044,3.64,-3.7127,-31.43,1.073,14.0,-11.27,29.0,4.5,13.46,8365838.0,,,74.6,0.2899628252788104,0.24721189591078066,0.23048327137546465,0.7273853779429987,0.32589838909541513,0.258364312267658,0.2342007434944238,0.3466,0.2606,0.4004
BLMN,Bloomin Brands Inc,Consumer Cyclical,Restaurants,23.87,7.5,30.329999999999995,1.34,0.0,6.74,10.11,4.71,42.78,1.25,-36.58,2.73,2069999.9999999998,1.54,8.01,Aug 05/b,11.76,685820000.0,HIGH,-16.65,-6.99,0.94,-11.34,0.347,False,-12.26,False,-6.58,5.724,4.489,-3.8018,-29.45,0.928,28.0,-0.11,28.0,-0.11,8.91,18166922.0,,,32.0,0.275092936802974,0.27137546468401486,0.12515489467162333,0.5588599752168525,0.4392812887236679,0.4076827757125155,0.1536555142503098,0.3462,0.2308,0.4202
PSNL,Personalis Inc,Healthcare,Diagnostics & Research,,,-32.61,29.960000000000004,-1.51,2.62,11.65,64.45,137.11,2.32,-14.77,2.8,4059999.9999999995,0.6,16.1,Aug 04/a,16.25,1720000000.0,HIGH,17.28,-1.87,0.45,22.59,0.2514,False,-1.44,True,9.93,3.768,2.149,-4.5113,-13.76,0.526,18.0,17.11,28.0,20.49,16.29,62885138.0,,,-0.2,0.1697645600991326,0.6623296158612144,0.26641883519206944,0.05080545229244114,0.04584882280049566,0.8822800495662949,0.952912019826518,0.3462,0.4748,0.2872
AMBQ,Ambiq Micro Inc,Technology,Semiconductors,,,29.770000000000003,89.68,-11.0,35.04,9.03,-28.82,131.81,5.44,-33.58,1.67,572670.0,0.63,60.85,Aug 11/b,85.67,1470000000.0,HIGH,-12.16,-0.02,0.81,-6.85,0.1986,False,-0.05,False,-10.75,5.464,4.513,-4.4663,-34.93,1.106,,,24.0,-6.74,59.61,26401634.0,,,43.7,0.17967781908302355,0.20198265179677818,0.3990086741016109,0.765179677819083,0.26394052044609667,0.26270136307311026,0.2577447335811648,0.3454,0.302,0.3679
PACK,Ranpak Holdings Corp,Consumer Cyclical,Packaging & Containers,,,-3.6000000000000005,13.98,0.0,-2.74,3.9,-49.87,10.43,3.15,-51.22,1.67,523330.00000000006,1.27,3.81,Jul 30/b,7.08,326740000.0,HIGH,-25.95,-9.56,1.13,-20.64,0.3952,False,-16.94,False,-30.11,5.293,5.155,-2.4621,-50.26,0.944,,,32.0,-24.95,3.88,1933170.0,,,82.5,0.6195786864931846,0.08426270136307311,0.08550185873605953,0.5817843866171004,0.6635687732342007,0.02973977695167286,0.055762081784386616,0.3441,0.247,0.4737
RZLT,Rezolute Inc,Healthcare,Biotechnology,,,42.47,,0.06,0.93,21.15,-4.16,66.67,0.54,-63.78,1.4,1650000.0,0.46,4.15,May 12/a,7.67,399610000.0,HIGH,-9.19,-3.41,0.59,-3.88,0.2619,False,-8.05,False,-10.19,5.985,4.471,-3.6406,-24.58,1.085,16.0,-8.8,,,4.25,6549068.0,,,80.5,0.3073110285006196,0.38166047087980176,0.24783147459727384,0.7391573729863693,0.08426270136307311,0.29120198265179675,0.34572490706319703,0.3419,0.2379,0.3555
LFTO,Liftoff Mobile Inc,Communication Services,Advertising Agencies,72.53,,82.51,35.43,1.92,25.239999999999995,5.42,-28.04,,,-39.3,1.65,769920.0,1.05,18.27,Aug 12/a,34.43,3090000000.0,HIGH,-4.61,-0.11,0.58,0.7,0.1008,False,-0.65,False,-13.23,4.551,4.563,-3.2126,-33.32,0.794,26.0,-20.15,22.0,-7.13,18.63,11721994.0,,,84.8,0.4114002478314746,0.21933085501858737,0.8128872366790583,0.3228004956629492,0.080545229244114,0.19206939281288724,0.530359355638166,0.3398,0.4802,0.2517
CNTN,Canton Strategic Holdings Inc,Healthcare,Biotechnology,,,86.23,,-1.16,16.24,10.66,-36.29,-49.51,1.5,-70.32,1.0,882840.0,0.71,2.05,-,5.0,162950000.0,HIGH,3.7,-5.83,0.75,9.01,0.1745,False,-3.99,False,-1.64,7.418,4.762,-4.3407,-40.09,0.826,12.0,-5.83,,,2.1,1391595.0,,,138.1,0.1970260223048327,0.14869888475836432,0.48698884758364314,0.3785625774473358,0.20817843866171004,0.6158612143742255,0.8327137546468402,0.3392,0.5416,0.3499
RXT,Rackspace Technology Inc,Technology,Software - Infrastructure,,24.58,-17.86,0.57,-0.76,13.320000000000002,27.02,-43.53,71.28,3.11,-61.15999999999999,3.0,13320000.0,0.35,3.34,Aug 10/a,4.77,851280000.0,HIGH,-11.65,8.05,1.63,-6.34,0.259,True,6.01,False,-14.67,7.726,16.905,-5.3811,-55.88,0.905,,,24.0,-19.77,3.49,24221572.0,,,36.7,0.11028500619578686,0.0644361833952912,0.25402726146220567,0.5179677819083024,0.9200743494423792,0.16356877323420074,0.2738537794299876,0.3384,0.4618,0.428
NEOV,NeoVolta Inc,Industrials,Electrical Equipment & Parts,,,-74.94,0.48,1.21,14.85,9.28,85.39,-17.29,-0.36,-53.72,1.5,2740000.0,0.51,3.3,Sep 23/a,9.75,194250000.0,HIGH,-1.92,-8.93,0.7,3.39,0.2924,False,-1.06,True,21.27,9.834,6.443,-7.9668,-17.93,0.664,10.0,6.89,,,3.57,6495637.0,,,173.1,0.03717472118959108,0.5365551425030979,0.1833952912019826,0.14745972738537794,0.14869888475836432,0.966542750929368,0.6480793060718711,0.3366,0.3589,0.325
HDSN,Hudson Technologies Inc,Basic Materials,Specialty Chemicals,26.29,15.64,-47.91,7.539999999999999,21.47,-5.3,8.74,-6.98,-11.71,0.82,-50.57000000000001,2.0,578200.0,0.73,5.2,Aug 05/a,7.31,218860000.0,HIGH,-13.33,-0.37,0.53,-8.02,0.1761,False,-2.2,False,-8.43,3.203,3.189,-3.5566,-18.75,0.764,46.0,-16.85,27.0,-5.83,5.33,3859004.0,,,37.1,0.32589838909541513,0.5142503097893433,0.4795539033457249,0.27633209417596033,0.06629491945477076,0.34572490706319703,0.22924411400247832,0.3347,0.2555,0.2536
ASPI,ASP Isotopes Inc,Basic Materials,Specialty Chemicals,,,73.38,327.51,-5.21,-0.48,18.62,-52.410000000000004,-40.82,3.67,-78.19,1.0,3920000.0,1.18,3.16,Jun 03,13.0,484460000.0,HIGH,-20.65,-24.41,1.08,-15.34,0.2661,False,-17.82,False,-22.93,7.562,4.075,-4.7375,-58.03,1.26,,,,,3.19,13734308.0,,,307.5,0.15613382899628253,0.05947955390334572,0.2391573729863693,0.8636926889714994,0.6133828996282528,0.07063197026022305,0.09975216852540272,0.3337,0.2957,0.426
AEHR,Aehr Test Systems,Technology,Semiconductor Equipment & Materials,,,143.11,33.69,-29.25,2.84,13.95,-29.600000000000005,117.65999999999998,3.51,-44.65,1.0,2710000.0,0.69,81.58,Jul 14/a,130.29,2660000000.0,HIGH,-42.74,-8.17,1.1,-37.43,0.706,False,-12.05,False,-8.63,9.507,7.005,-7.2403,-43.44,1.178,21.0,-32.38,43.0,15.78,83.37,266195477.0,,,56.3,0.04337050805452292,0.12763320941759604,0.022304832713754608,0.8302354399008675,0.6381660470879802,0.34076827757125155,0.008674101610904586,0.3337,0.2016,0.4631
OMCL,Omnicell Inc,Healthcare,Health Information Services,38.58,15.61,337.17,7.449999999999999,-1.81,6.550000000000001,7.48,-18.4,-4.84,0.99,-37.06,1.25,749870.0,0.86,32.63,Jul 30/b,57.86,1490000000.0,HIGH,-6.99,-1.09,0.6,-1.68,0.1378,False,-2.44,False,-12.87,3.651,2.149,-2.4323,-30.27,0.674,43.0,-27.06,32.0,-9.7,33.51,22659527.0,,,72.7,0.6270136307311028,0.26394052044609667,0.6486988847583643,0.16047087980173483,0.09107806691449814,0.201363073110285,0.4200743494423792,0.3321,0.39,0.27
WSC,WillScot Holdings Corp,Industrials,Rental & Leasing Services,,13.94,-1.11,3.92,-3.29,-2.89,7.49,-36.18,1.5700000000000003,1.39,-39.33,2.56,2480000.0,0.8,18.06,Aug 06/a,29.56,3270000000.0,HIGH,-21.63,-7.0,1.07,-16.32,0.2951,False,-10.87,False,-21.68,4.063,4.113,-2.0437,-37.92,0.729,,,26.0,-24.17,18.48,56494411.0,,,60.0,0.734820322180917,0.1697645600991326,0.17719950433705078,0.23296158612143741,0.6003717472118959,0.07434944237918216,0.09169764560099132,0.3316,0.27,0.4106
ENHA,Enhanced Group Inc,Consumer Defensive,Packaged Foods,,,-67000.0,,1.1,11.01,3.49,-59.20000000000001,-84.94,-1.8,-89.07,1.0,943700.0,0.61,1.53,Aug 13/a,4.0,604920000.0,HIGH,-7.6,1.28,0.52,-2.29,0.127,False,-1.89,False,-29.98,7.505,5.063,-3.9126,-65.65,1.409,,,21.0,-19.39,1.58,1865109.0,,,153.2,0.2503097893432466,0.028500619578686492,0.6939281288723668,0.9083023543990086,0.06257744733581165,0.030978934324659233,0.3952912019826518,0.3291,0.3851,0.313
ONDS,Ondas Inc,Technology,Communication Equipment,80.98,,-138.72,1235.35,-5.29,17.86,42.88,-23.87,-31.240000000000002,2.92,-52.62,1.0,81340000.0,0.83,7.24,Aug 13/b,19.42,4139999999.9999995,HIGH,-19.67,-5.12,1.37,-14.36,0.3289,False,-9.38,False,-9.32,5.775,6.639,-4.344,-27.63,0.674,26.0,-17.28,22.0,-18.86,7.23,493870087.0,,,168.6,0.19578686493184635,0.3110285006195787,0.14250309789343252,0.16047087980173483,0.8401486988847584,0.32032218091697645,0.1090458488228005,0.3284,0.3384,0.3792
SHLS,Shoals Technologies Group Inc,Technology,Solar,37.57,12.79,-13.66,47.39,-1.95,-7.1,8.48,-31.46,13.87,1.86,-46.43,1.68,5450000.0,0.68,7.06,Aug 04/b,11.58,1190000000.0,HIGH,-14.34,-4.99,1.16,-9.03,0.217,False,-2.31,False,-17.55,5.913,7.234,-3.92,-39.67,0.839,43.0,-34.48,29.0,-23.54,7.05,34716368.0,,,64.3,0.24783147459727387,0.1536555142503098,0.34820322180916974,0.40148698884758366,0.6939281288723668,0.11957868649318464,0.20198265179677818,0.3274,0.3934,0.3657
PCT,PureCycle Technologies Inc,Industrials,Pollution & Treatment Controls,,,0.52,173.45,0.2,79.02,28.76,-36.59,-3.9599999999999995,2.6,-63.97999999999999,2.0,4310000.0,1.0,5.58,Aug 06/a,11.5,1120000000.0,HIGH,-18.92,-10.14,0.85,-13.61,0.2284,False,-10.2,False,-12.04,5.858,2.735,-3.1652,-35.5,0.868,25.0,-18.86,26.0,-14.85,5.85,20762147.0,,,96.6,0.4250309789343247,0.19330855018587362,0.31350681536555147,0.4547707558859975,0.32589838909541513,0.2255266418835192,0.11833952912019827,0.323,0.2392,0.3578
NNE,Nano Nuclear Energy Inc,Industrials,Specialty Industrial Machinery,,,0.9199999999999999,,-15.61,0.62,33.36,-37.08,-28.139999999999997,5.48,-74.08,1.29,2170000.0,0.54,15.78,Aug 12/a,40.57,847350000.0,HIGH,-18.89,-17.88,0.93,-13.58,0.2117,False,-12.5,False,-11.39,6.963,3.417,-4.6182,-44.63,0.975,22.0,-16.41,22.0,-16.41,15.89,29091116.0,,,155.3,0.1623296158612144,0.11771995043370508,0.3643122676579925,0.6263940520446096,0.4250309789343247,0.24039653035935563,0.12329615861214374,0.3227,0.2861,0.3635
HTZ,Hertz Global Holdings Inc,Industrials,Rental & Leasing Services,,,105.78,9.66,-0.27,6.22,33.56,-62.38,-51.39,2.47,-76.41,3.7,32729999.999999996,0.47,1.93,Aug 06/b,2.22,687950000.0,HIGH,-8.8,-9.84,1.05,-3.49,0.1848,False,-8.66,False,-2.95,7.016,7.614,-3.9895,-62.4,0.37,24.0,-7.08,27.0,26.28,1.97,37093414.0,,,12.7,0.2379182156133829,0.042131350681536554,0.45291201982651796,0.03469640644361834,0.5724907063197026,0.5724907063197026,0.3562577447335812,0.3188,0.4501,0.3544
IHRT,iHeartMedia Inc,Communication Services,Broadcasting,,50.19,3.46,4.67,0.0,6.6000000000000005,5.31,-33.96,-4.53,2.26,-59.82999999999999,4.0,712390.0,1.02,2.63,Aug 10/a,3.62,433720000.0,HIGH,-7.77,2.63,0.83,-2.46,0.189,False,-1.71,False,-18.07,4.694,2.93,-3.1123,-40.95,0.895,54.0,-36.81,24.0,-6.98,2.73,1324601.0,,,32.6,0.43742255266418834,0.1412639405204461,0.43494423791821557,0.5018587360594795,0.28934324659231725,0.10656753407682776,0.38909541511771994,0.3186,0.3729,0.3338
HYMC,Hycroft Mining Holding Corp,Basic Materials,Gold,,,46.7,,0.43,19.92,28.05,-25.650000000000002,-47.36,2.78,-64.75,2.0,1970000.0,0.95,20.7,Jul 29,25.0,1930000000.0,HIGH,-21.92,-10.5,0.94,-16.61,0.3527,False,-14.7,False,-10.38,8.006,5.572,-5.6503,-30.97,1.062,18.0,-15.05,,,20.55,48889991.0,,,21.7,0.09665427509293681,0.2552664188351921,0.11586121437422547,0.718091697645601,0.4392812887236679,0.28376703841387857,0.08921933085501858,0.3182,0.2022,0.3844
TYGO,Tigo Energy Inc,Technology,Solar,7.84,,137.97,5.62,-1.41,7.75,6.91,-63.73,-72.68,1.27,-80.66,1.5,1410000.0,0.81,1.03,Aug 04/a,2.83,79080000.0,HIGH,-11.97,-2.83,0.99,-6.66,0.1535,False,-4.14,False,-28.0,4.958,7.767,-2.3332,-63.08,0.606,,,28.0,-20.16,1.03,688354.0,,,174.8,0.6530359355638166,0.03593556381660471,0.5749690210656753,0.09913258983890955,0.5030978934324659,0.03965303593556382,0.2614622057001239,0.3176,0.428,0.3237
PZG,Paramount Gold Nevada Corp,Basic Materials,Gold,,,-52.849999999999994,,0.0,-4.82,0.44,2.36,-36.59,1.27,-52.03,1.0,505370.0,0.56,1.3,May 13,4.0,111520000.0,HIGH,-10.81,-6.38,0.46,-5.5,0.24,False,-8.49,True,0.2,5.844,5.303,-3.4311,-22.35,0.61,18.0,-8.33,,,1.32,782348.0,,,203.0,0.355638166047088,0.42627013630731103,0.2973977695167286,0.10594795539033457,0.048327137546468404,0.6703841387856257,0.29739776951672864,0.3173,0.2227,0.2951
EQPT,Equipmentshare.Com Inc,Industrials,Rental & Leasing Services,228.13,24.42,29.24,26.33,-1.35,6.59,13.15,-16.76,-29.28,,-50.2,1.75,2890000.0,0.65,17.68,Aug 12/a,33.2,4490000000.0,HIGH,-16.43,-7.68,0.83,-11.12,0.2187,False,-3.29,False,-3.8,5.568,6.505,-4.1605,-33.12,0.788,20.0,-13.18,22.0,-13.39,17.91,41737298.0,,,85.4,0.2094175960346964,0.22428748451053285,0.3395291201982652,0.31288723667905827,0.28934324659231725,0.5266418835192069,0.15737298636926889,0.317,0.2516,0.3346
AGEN,Agenus Inc,Healthcare,Biotechnology,2.7,,98.53,34.36,0.0,17.93,16.81,120.31,117.63,1.37,-19.1,1.0,4240000.0,0.18,7.16,Aug 06/b,19.5,322350000.0,HIGH,-0.28,-4.04,0.74,5.03,0.2604,False,-7.22,True,7.03,7.153,5.049,-5.687,-19.44,0.2,14.0,-7.04,27.0,-4.81,7.13,7829032.0,,,173.5,0.09417596034696406,0.4944237918215613,0.24969021065675345,0.023543990086741014,0.19330855018587362,0.838909541511772,0.7273853779429987,0.3157,0.4239,0.2875
NNBR,NN Inc,Industrials,Conglomerates,,20.14,49.34,19.29,-22.58,5.78,4.99,9.67,155.04,2.66,-26.56,1.0,3710000.0,0.42,3.29,Aug 05/a,6.67,271690000.0,HIGH,-15.57,-7.22,0.53,-10.26,0.2081,False,-3.92,False,-2.39,5.167,4.035,-3.3547,-22.54,0.472,20.0,-11.03,27.0,-10.34,3.47,5125039.0,,,92.2,0.38661710037174724,0.4188351920693928,0.37050805452292446,0.04584882280049566,0.06629491945477076,0.5879801734820322,0.1734820322180917,0.3127,0.2004,0.2717
KLRA,Kailera Therapeutics Inc,Healthcare,Biotechnology,,,,,38.89,77.48,9.98,-31.620000000000005,,,-52.349999999999994,1.0,800530.0,0.91,13.45,Aug 12/a,42.75,1740000000.0,HIGH,-25.72,-16.31,1.03,-20.41,0.3589,False,-16.73,False,-22.94,9.262,4.073,-5.1088,-42.28,1.302,50.0,-37.47,22.0,-23.48,13.75,14115028.0,,,210.9,0.13506815365551425,0.13382899628252787,0.10656753407682773,0.8773234200743495,0.5532837670384139,0.06939281288723669,0.05947955390334572,0.3126,0.2217,0.4088
BKSY,BlackSky Technology Inc,Industrials,Specialty Business Services,,,57.31,50.080000000000005,-3.2400000000000007,24.11,19.24,-31.45,-10.92,2.7,-59.57,1.29,1250000.0,0.85,21.38,Aug 06/b,38.71,874980000.0,HIGH,-32.4,-5.8,1.08,-27.09,0.5274,False,-13.21,False,-15.74,6.268,6.538,-3.7156,-35.78,0.949,24.0,-27.3,27.0,-17.39,20.8,20857251.0,,,86.1,0.28872366790582404,0.18835192069392812,0.049566294919454745,0.5861214374225526,0.6133828996282528,0.14622057001239158,0.030978934324659233,0.3121,0.2113,0.4086
EDIT,Editas Medicine Inc,Healthcare,Biotechnology,,,75.77,232.31,-0.19,24.22,21.82,6.909999999999999,3.54,1.99,-42.03,2.27,2380000.0,0.71,2.63,Aug 05/a,4.88,403920000.0,HIGH,-3.52,-9.57,0.61,1.79,0.2628,False,-9.2,False,-7.7,7.716,5.657,-5.6361,-28.18,1.097,12.0,-13.84,27.0,-0.36,2.74,8422961.0,,,78.1,0.09789343246592318,0.30359355638166047,0.24659231722428754,0.758364312267658,0.09789343246592318,0.3680297397769517,0.5824039653035935,0.3121,0.3363,0.3305
SEZL,Sezzle Inc,Financial,Credit Services,25.89,17.84,51.019999999999996,51.65,-0.91,9.57,25.81,-18.51,78.25,6.67,-39.16,1.86,671590.0,0.36,119.07,Aug 06/a,168.0,4010000000.0,HIGH,-0.5,2.72,0.73,4.81,0.0974,True,1.11,False,-15.9,4.45,3.249,-2.985,-37.88,0.562,43.0,-33.35,26.0,3.01,121.57,53266180.0,,REVIEW,38.2,0.4758364312267658,0.17100371747211895,0.828996282527881,0.0724907063197026,0.17472118959107807,0.14374225526641884,0.7162329615861215,0.3111,0.5876,0.2167
WRAP,Wrap Technologies Inc,Technology,Scientific & Technical Instruments,,,43.56,102.77000000000001,-0.3,-0.17,18.66,28.000000000000004,0.63,1.25,-50.46000000000001,3.0,1880000.0,0.23,1.6,Aug 11/a,2.5,98840000.0,HIGH,1.85,0.61,1.13,7.16,0.1692,True,2.33,False,-7.6,6.926,6.364,-5.247,-39.56,0.287,47.0,3.77,23.0,-4.62,1.65,1271622.0,,,51.5,0.12639405204460966,0.15489467162329615,0.5092936802973977,0.030978934324659233,0.6635687732342007,0.3705080545229244,0.7843866171003717,0.3093,0.6656,0.2979
ZIP,ZipRecruiter Inc,Communication Services,Internet Content & Information,11.19,1451.13,600.29,5.19,-1.8799999999999997,1.42,4.46,6.04,39.35,1.54,-31.19,2.6,885060.0,0.69,3.86,Aug 05/a,4.75,317400000.0,HIGH,-18.72,-2.47,0.81,-13.41,0.3902,False,-8.46,False,-7.37,7.58,6.709,-5.7154,-26.1,1.021,17.0,-20.84,27.0,-7.06,3.95,4908756.0,,,20.3,0.09293680297397769,0.34634448574969023,0.08798017348203224,0.6796778190830235,0.26394052044609667,0.37732342007434944,0.12639405204460966,0.308,0.1561,0.3535
IQMX,IQM Quantum Computers Oyj ADR,Technology,Computer Hardware,,,,,,7.2700000000000005,7.78,-12.17,-13.8,0.63,-38.34,1.67,573400.0,0.56,9.31,Aug 04/b,13.48,1760000000.0,HIGH,-1.01,-6.39,0.96,4.3,0.1604,False,-5.97,False,-7.81,5.55,4.633,-4.333,-34.97,0.568,16.0,1.45,29.0,1.71,9.82,4485231.0,,,37.3,0.1982651796778191,0.20074349442379183,0.5477075588599752,0.0768277571251549,0.4591078066914498,0.3643122676579926,0.6933085501858736,0.3078,0.5794,0.2746
AMPX,Amprius Technologies Inc,Industrials,Electrical Equipment & Parts,,194.89,32.31,125.87000000000002,-17.89,9.07,17.0,-45.54,-50.99,2.36,-62.19,1.0,6080000.0,0.62,9.16,Aug 04/a,23.7,1340000000.0,HIGH,-20.81,-11.74,1.0,-15.5,0.2221,False,-8.72,False,-13.08,5.035,5.125,-3.692,-44.86,0.824,21.0,-23.2,28.0,-15.17,9.17,44949839.0,,,158.5,0.2936802973977695,0.11648079306071871,0.32713754646840154,0.3754646840148699,0.516728624535316,0.19454770755885997,0.09665427509293681,0.304,0.2918,0.3451
NCMI,National Cinemedia Inc,Communication Services,Advertising Agencies,,60.5,7.200000000000001,12.740000000000002,-1.41,4.41,11.15,-32.21,-28.610000000000003,1.62,-51.84000000000001,1.4,821550.0,1.08,2.42,Aug 11/a,4.7,227650000.0,HIGH,-10.99,-0.41,0.83,-5.68,0.1563,False,-4.27,False,-26.22,4.644,3.704,-3.3961,-43.09,0.845,30.0,-39.4,23.0,9.46,2.43,2250766.0,,,93.4,0.36926889714993805,0.1288723667905824,0.563816604708798,0.4157372986369269,0.28934324659231725,0.05204460966542751,0.2905824039653036,0.3032,0.3722,0.2816
MVIS,Microvision Inc,Technology,Scientific & Technical Instruments,,,-97.72,850.3199999999999,0.0,-7.39,20.13,-73.51,-82.62,1.11,-93.38,1.0,1260000.0,0.62,1.53,Aug 06/a,30.0,46800000.0,HIGH,-23.83,-2.4,1.08,-18.52,0.295,False,-6.4,False,-50.33,7.406,9.202,-4.5307,-75.85,1.153,,,26.0,-50.0,1.63,2898430.0,,,1740.5,0.16852540272614622,0.01858736059479554,0.1784386617100372,0.8141263940520446,0.6133828996282528,0.007434944237918215,0.07187112763320942,0.3001,0.2663,0.4009
WEN,Wendy's Co,Consumer Cyclical,Restaurants,11.3,14.17,-40.35,1.72,0.0,-7.53,27.69,7.960000000000001,5.97,0.4,-26.280000000000005,3.07,16260000.000000002,0.31,7.46,Aug 07/b,7.8,1420000000.0,HIGH,-11.48,0.26,0.74,-6.17,0.2707,False,-7.78,False,-3.46,5.074,1.573,-4.1585,-19.26,0.634,14.0,-13.69,26.0,3.25,7.63,56904060.0,,,2.2,0.21065675340768278,0.49814126394052044,0.22552664188351923,0.12391573729863693,0.19330855018587362,0.5477075588599752,0.27633209417596033,0.2999,0.2362,0.2689
RUN,Sunrun Inc,Technology,Solar,5.65,19.46,-60.68,52.81,-9.36,1.9799999999999998,29.48,-32.64,-34.27,2.42,-62.57,1.92,9750000.0,0.76,8.4,Aug 05/a,15.71,2020000000.0,HIGH,-15.26,-9.65,0.97,-9.95,0.1806,False,-7.32,False,-17.96,4.963,2.521,-3.4086,-50.39,0.777,,,27.0,-11.19,8.33,63914126.0,,,88.6,0.3630731102850062,0.08302354399008674,0.46840148698884754,0.29739776951672864,0.4721189591078067,0.11400247831474597,0.1809169764560099,0.2997,0.3545,0.3116
TDUP,ThredUp Inc,Consumer Cyclical,Internet Retail,,,-6.280000000000001,16.88,-2.0,4.98,17.97,-52.400000000000006,-29.34,2.08,-77.62,1.29,2390000.0,0.9,2.48,Aug 05/a,7.24,325710000.0,HIGH,-5.24,1.5,0.97,0.07,0.1394,False,-0.51,False,-38.68,4.876,4.613,-3.7415,-62.2,0.797,51.0,-60.78,27.0,-12.86,2.71,5972654.0,,,167.2,0.2850061957868649,0.04337050805452292,0.6431226765799256,0.33209417596034696,0.4721189591078067,0.0161090458488228,0.5012391573729864,0.2986,0.5351,0.2763
KLIC,Kulicke & Soffa Industries Inc,Technology,Semiconductor Equipment & Materials,36.18,13.35,1822.12,122.63,-5.22,1.7500000000000002,4.08,-31.75,19.12,1.58,-41.98,2.25,1030000.0,0.66,78.79,Aug 05/a,106.67,4120000000.0,HIGH,-21.93,-4.36,1.29,-16.62,0.2527,False,-5.56,False,-14.68,4.037,4.179,-3.6046,-41.49,0.638,53.0,-38.47,27.0,-12.36,79.45,59173086.0,,,34.3,0.31474597273853777,0.137546468401487,0.2627013630731103,0.12701363073110286,0.7874845105328376,0.1623296158612144,0.08736059479553904,0.2986,0.35,0.3479
ELTX,Elicio Therapeutics Inc,Healthcare,Biotechnology,,,35.07,,0.0,6.529999999999999,8.36,-51.23,-83.63,1.32,-87.56,1.4,1750000.0,0.18,1.99,Aug 13/a,18.9,52300000.0,HIGH,-33.77,-14.89,1.16,-28.46,0.5817,False,-25.37,False,-31.88,6.911,7.0,-2.4553,-62.83,0.819,,,21.0,-35.28,2.0,889158.0,,,845.0,0.6220570012391574,0.03717472118959108,0.03345724907063197,0.3705080545229244,0.6939281288723668,0.023543990086741014,0.024783147459727387,0.2968,0.2281,0.4275
VECO,Veeco Instruments Inc,Technology,Semiconductor Equipment & Materials,112.26,12.91,-9.8,16.48,-37.19,4.25,9.52,-50.75999999999999,30.5,1.39,-52.81,2.4,1040000.0,0.48,40.88,Aug 05/a,67.25,2500000000.0,HIGH,-24.82,-10.29,1.69,-19.51,0.2705,False,-10.71,False,-17.99,5.409,5.037,-3.8373,-50.01,0.673,,,27.0,-20.75,40.9,25132219.0,,,64.4,0.26394052044609667,0.08798017348203221,0.22676579925650553,0.15861214374225527,0.9281288723667905,0.1127633209417596,0.0644361833952912,0.2964,0.3722,0.3659
SYNA,Synaptics Inc,Technology,Semiconductors,,14.8,-9367.08,8.91,-3.7699999999999996,-1.82,6.41,-30.599999999999998,30.12,1.97,-34.73,2.46,925490.0,0.72,97.32,Aug 06/a,131.25,3810000000.0,HIGH,-14.04,0.36,0.54,-8.73,0.1717,False,-2.59,False,-11.29,3.764,2.398,-3.2896,-35.26,0.823,,,26.0,-6.9,95.06,69712756.0,,,38.1,0.3952912019826518,0.19578686493184635,0.4981412639405205,0.3736059479553903,0.07063197026022305,0.24411400247831475,0.20817843866171004,0.2963,0.2539,0.2709
ADTN,ADTRAN Holdings Inc,Technology,Communication Equipment,,12.15,46.59,6.07,-2.2,5.03,17.28,-53.21,-31.46,1.49,-64.56,1.44,2080000.0,0.89,7.08,Aug 04/b,14.7,576890000.0,HIGH,-18.71,-7.12,1.01,-13.4,0.21,False,-8.02,False,-23.01,4.931,5.256,-3.585,-55.61,0.851,,,29.0,-19.63,7.04,12540876.0,,,108.8,0.31970260223048325,0.06815365551425032,0.36617100371747213,0.4256505576208178,0.5285006195786865,0.06815365551425032,0.12763320941759604,0.2961,0.3195,0.3355
ANVS,Annovis Bio Inc,Healthcare,Biotechnology,,,-23.75,,20.04,15.32,13.15,-37.08,-60.42000000000001,1.25,-79.64,1.0,906280.0,0.91,1.12,Aug 14/b,10.5,47800000.0,HIGH,-34.48,-12.31,1.01,-29.17,0.6681,False,-28.14,False,-33.54,9.336,6.14,-5.1904,-47.47,1.786,26.0,-38.71,21.0,-36.31,1.14,1699550.0,,,821.1,0.13011152416356878,0.09913258983890955,0.024783147459727428,0.9677819083023544,0.5285006195786865,0.021065675340768277,0.021065675340768277,0.2952,0.1744,0.4119
LINC,Lincoln Educational Services Corp,Consumer Defensive,Education & Training Services,34.97,24.6,24.55,22.4,-10.32,7.090000000000001,7.22,-43.26,-31.8,0.82,-54.88000000000001,1.0,827910.0,0.69,25.42,Aug 10/b,50.67,806360000.0,HIGH,-13.06,0.64,0.69,-7.75,0.173,False,-2.08,False,-30.49,4.88,5.767,-2.425,-55.68,0.841,50.0,-52.28,25.0,-18.85,24.97,24475450.0,,,102.9,0.6282527881040892,0.06567534076827757,0.4956629491945477,0.40954151177199505,0.1406443618339529,0.028500619578686492,0.23667905824039653,0.2947,0.2856,0.3017
AMLX,Amylyx Pharmaceuticals Inc,Healthcare,Drug Manufacturers - Specialty & Generic,,,16.0,,-0.6,0.2,12.0,118.24,130.53,-0.11,-19.42,1.25,2470000.0,0.74,33.15,Aug 06/b,42.36,4160000000.0,HIGH,56.98,-0.71,0.51,62.29,0.4509,False,-2.75,True,30.97,5.328,7.09,-14.7559,-18.23,0.611,19.0,56.98,27.0,53.96,33.64,135733317.0,,,25.9,0.012391573729863693,0.5254027261462205,0.06567534076827752,0.10780669144981413,0.06071871127633209,0.9876084262701363,0.9950433705080545,0.2933,0.4359,0.2921
RARE,Ultragenyx Pharmaceutical Inc,Healthcare,Biotechnology,,,22.67,28.53,-0.42,1.2,19.07,-48.5,-40.1,0.37,-67.23,2.05,3240000.0,1.74,13.07,Aug 04/a,25.74,1290000000.0,HIGH,-47.91,-8.53,1.25,-42.6,1.0214,False,-37.95,False,-47.51,13.082,6.201,-10.0589,-62.78,1.521,51.0,-57.97,28.0,-45.41,13.61,88473385.0,,,89.1,0.01734820322180917,0.03841387856257745,0.009913258983890949,0.926270136307311,0.7546468401486989,0.008674101610904586,0.006195786864931847,0.2925,0.2318,0.4267
LTRX,Lantronix Inc,Technology,Communication Equipment,,16.79,90.52,8.03,0.75,39.1,6.4,-21.39,-12.48,1.67,-39.09,1.0,1090000.0,0.92,5.33,Aug 26/a,10.5,248940000.0,HIGH,-24.06,-4.17,0.76,-18.75,0.3388,False,-9.4,False,-9.72,7.157,3.168,-3.8774,-28.57,0.923,21.0,-17.08,12.0,-10.78,5.05,6555429.0,,,107.9,0.2552664188351921,0.2949194547707559,0.13011152416356875,0.5508054522924412,0.21561338289962825,0.30607187112763323,0.07063197026022305,0.2921,0.132,0.3319
EOSE,Eos Energy Enterprises Inc,Industrials,Electrical Equipment & Parts,,,-14.26,351.4,-6.92,5.82,31.18,-36.21,-26.8,2.84,-79.51,2.27,26480000.0,0.96,4.07,Aug 05/b,6.61,1480000000.0,HIGH,-2.8,-11.16,0.82,2.51,0.3585,True,4.53,False,-1.94,7.825,5.759,-7.3542,-53.58,0.986,5.0,-1.55,28.0,0.0,3.82,95926614.0,,,73.0,0.040892193308550186,0.07558859975216853,0.11028500619578685,0.6412639405204461,0.275092936802974,0.6047087980173482,0.61090458488228,0.2913,0.36,0.3905
LENZ,LENZ Therapeutics Inc,Healthcare,Biotechnology,,,-91.55,9.72,0.98,-1.52,40.02,-36.2,-63.96999999999999,0.7,-91.61,1.57,876910.0,0.93,4.23,Aug 11/a,25.0,132910000.0,HIGH,-6.68,-16.14,1.15,-1.37,0.3561,False,-10.38,False,-13.76,7.578,4.027,-4.7391,-33.68,0.833,8.0,-14.53,23.0,-11.31,4.47,3243652.0,,,459.3,0.15489467162329615,0.21561338289962825,0.11400247831474597,0.39281288723667906,0.6809169764560099,0.17967781908302355,0.42874845105328374,0.2897,0.41,0.3521
REAX,Real REMAX Group Inc,Real Estate,Real Estate Services,,37.34,-637.65,29.56,0.0,,11.91,16.08,-19.03,0.78,-63.3,1.0,645510.0,0.91,19.27,Aug 06/b,47.0,422420000.0,HIGH,-18.14,-4.28,0.71,-12.83,0.6642,False,-11.65,False,-5.35,11.899,5.401,-8.2331,-31.33,1.17,14.0,-17.46,27.0,14.51,19.81,23648696.0,,,137.3,0.03469640644361834,0.24907063197026022,0.026022304832713727,0.8228004956629492,0.1567534076827757,0.4473358116480793,0.13878562577447337,0.2894,0.1103,0.3654
CURI,CuriosityStream Inc,Communication Services,Broadcasting,,11.35,977.94,22.26,0.73,-0.22999999999999998,6.57,10.2,-14.59,1.76,-49.0,1.0,1020000.0,0.65,2.81,Aug 12/a,5.38,166740000.0,HIGH,-5.42,5.28,0.68,-0.11,0.1755,True,0.85,True,2.79,5.307,6.452,-5.3444,-35.27,0.529,22.0,-0.36,22.0,-0.36,2.79,3240623.0,,,92.8,0.1127633209417596,0.19454770755885997,0.4845105328376704,0.052664188351920695,0.1369268897149938,0.7546468401486989,0.49318463444857497,0.2893,0.3837,0.2643
INOD,Innodata Inc,Technology,Information Technology Services,41.22,33.27,102.69,57.8,-49.78,11.36,14.66,-45.44,23.06,3.01,-56.55,1.33,1250000.0,0.88,54.37,Aug 06/a,123.67,1870000000.0,HIGH,-14.09,-1.57,1.04,-8.78,0.2538,False,-3.93,False,-9.81,4.177,6.535,-3.593,-47.31,0.684,29.0,-12.68,26.0,-11.37,55.24,55124438.0,,,123.9,0.31722428748451054,0.10161090458488228,0.2596034696406444,0.17843866171003717,0.5625774473358116,0.2992565055762082,0.2057001239157373,0.2865,0.3289,0.3394
PRME,Prime Medicine Inc,Healthcare,Biotechnology,,,41.64,3.5000000000000004,0.0,6.660000000000001,38.55,8.28,-14.44,2.37,-54.76,1.43,3260000.0,0.79,3.14,Aug 06/b,7.11,569520000.0,HIGH,0.32,-10.67,0.59,5.63,0.2505,False,-7.97,False,-5.11,7.772,5.66,-6.0337,-34.09,0.964,14.0,-2.15,27.0,7.8,3.18,9519320.0,,,123.6,0.07806691449814127,0.21189591078066913,0.27261462205700127,0.6071871127633209,0.08426270136307311,0.45786864931846344,0.7441140024783147,0.2853,0.4047,0.3068
FBIO,Fortress Biotech Inc,Healthcare,Biotechnology,0.94,,-117.40000000000002,14.04,0.0,3.06,23.62,-12.94,-19.42,1.23,-45.03,1.0,578350.0,0.39,2.49,Aug 13/a,5.0,83050000.0,HIGH,-10.28,-6.64,0.6,-4.97,0.1697,False,-7.83,False,-15.27,3.868,3.162,-2.1185,-34.11,0.446,44.0,-23.33,21.0,-13.65,2.53,1045317.0,,,97.6,0.7100371747211895,0.21065675340768278,0.5074349442379182,0.03841387856257745,0.09107806691449814,0.1524163568773234,0.31288723667905827,0.285,0.3047,0.248
PLAB,Photronics Inc,Technology,Semiconductor Equipment & Materials,9.64,13.3,24.94,2.69,-13.48,-1.47,8.18,-16.74,-20.99,1.34,-51.32,1.0,1310000.0,0.64,27.26,Aug 26/b,41.33,1610000000.0,HIGH,-19.17,-7.49,0.65,-13.86,0.217,False,-7.61,False,-9.65,6.714,2.614,-3.1788,-28.36,0.705,20.0,-18.49,13.0,-7.37,27.16,48720876.0,,,52.2,0.42131350681536556,0.29739776951672864,0.34820322180916974,0.20322180916976457,0.11895910780669144,0.3135068153655514,0.11400247831474597,0.2838,0.1857,0.2643
KYTX,Kyverna Therapeutics Inc,Healthcare,Biotechnology,,,35.37,,0.0,5.45,21.71,-14.6,-23.43,2.03,-49.09,1.0,992940.0,1.08,6.96,Aug 11/a,30.4,430430000.0,HIGH,-17.32,-8.3,0.72,-12.01,0.2417,False,-10.48,False,-8.35,5.674,3.784,-4.3901,-28.09,0.837,24.0,-6.21,23.0,-7.73,7.4,6090576.0,,,310.8,0.18587360594795538,0.3048327137546468,0.28996282527881045,0.39714993804213133,0.16294919454770757,0.35254027261462206,0.14622057001239158,0.2822,0.1944,0.2746
AXTI,AXT Inc,Technology,Semiconductor Equipment & Materials,3102.15,26.04,208.25,164.77,-13.16,26.91,14.63,-47.9,19.24,1.9,-59.699999999999996,1.33,10330000.0,0.46,57.7,Jul 30/a,95.03,3780000000.0,HIGH,-40.54,-17.97,1.11,-35.23,0.5776,False,-14.56,False,-9.0,10.176,10.077,-8.4113,-41.79,0.9,20.0,-30.11,31.0,21.56,57.06,633065330.0,,,66.5,0.0322180916976456,0.13630731102850063,0.03469640644361838,0.5111524163568774,0.6474597273853779,0.32961586121437425,0.011152416356877323,0.2819,0.2091,0.3801
BW,Babcock & Wilcox Enterprises Inc,Industrials,Specialty Industrial Machinery,,16.36,128.82,121.94,0.38,22.52,14.92,-57.26,-40.55,1.16,-68.32,1.0,4600000.0,0.73,6.98,Aug 10/a,22.0,1040000000.0,HIGH,-29.13,-9.17,1.26,-23.82,0.4218,False,-9.71,False,-23.16,7.986,5.903,-5.9551,-61.2,0.977,,,24.0,-20.83,7.03,35957136.0,,,212.9,0.08426270136307311,0.04584882280049566,0.07558859975216847,0.6301115241635687,0.7670384138785625,0.06691449814126393,0.03965303593556382,0.2783,0.2686,0.3871
FATE,Fate Therapeutics Inc,Healthcare,Biotechnology,,,12.839999999999998,9.18,-2.39,-1.8900000000000001,7.98,16.92,102.59,2.53,-27.24,1.91,2730000.0,0.3,2.35,Aug 13/b,6.19,281580000.0,HIGH,-10.69,-6.4,0.53,-5.38,0.1583,False,-4.94,False,-10.26,5.159,5.128,-3.2865,-27.55,0.47,47.0,-20.14,22.0,-7.14,2.34,3040103.0,,,164.5,0.39776951672862454,0.31288723667905827,0.5551425030978934,0.04460966542750929,0.06629491945477076,0.2874845105328377,0.29987608426270135,0.2774,0.3064,0.199
QNRX,Quoin Pharmaceuticals Ltd ADR,Healthcare,Biotechnology,,,98.79,,,-3.95,,46.24,-17.07,1.51,-83.73,1.0,757310.0,0.05,6.8,Aug 14/b,22.2,13670000.0,HIGH,32.56,-3.78,0.01,37.87,0.6298,True,13.09,True,32.57,11.77,4.215,-7.0733,-16.61,0.106,11.0,33.46,21.0,35.17,6.88,10268172.0,,,222.7,0.04708798017348203,0.5749690210656754,0.027261462205700138,0.01734820322180917,0.0037174721189591076,0.9913258983890955,0.9826517967781908,0.277,0.4024,0.2649
AUUD,Auddia Inc,Technology,Software - Application,,,96.86,,0.0,15.14,8.77,-27.54,-86.53,0.45,-94.91,1.0,3050000.0,0.04,1.0,-,3272.5,5800000.0,HIGH,5.15,2.0,0.2,10.46,0.111,True,1.73,False,-7.0,5.525,8.529,-3.9145,-33.77,0.089,,,,,1.02,2073153.0,,,320733.3,0.24907063197026022,0.21437422552664187,0.7614622057001239,0.01486988847583643,0.027261462205700124,0.3940520446096654,0.8562577447335812,0.2768,0.5791,0.1713
EMAT,Evolution Metals & Technologies Corp,Basic Materials,Other Industrial Metals & Mining,,,87.76,,0.0,94.82,1.57,-52.239999999999995,-54.97,0.13,-86.26,1.0,559120.0,1.09,3.31,Aug 17/b,11.5,2069999999.9999998,HIGH,19.35,4.55,0.93,24.66,0.453,False,-0.6,False,-15.29,13.644,19.219,-9.8955,-56.16,1.572,,,20.0,19.35,3.33,4505956.0,,,245.3,0.01858736059479554,0.06319702602230483,0.06443618339529122,0.9392812887236679,0.4250309789343247,0.15055762081784388,0.9615861214374225,0.2768,0.5315,0.3834
JBLU,Jetblue Airways Corp,Industrials,Airlines,,,-220.85,14.469999999999999,-0.33,11.6,28.56,-20.34,0.22999999999999998,1.76,-35.5,3.76,29020000.0,0.68,4.27,Jul 28/b,5.17,1610000000.0,HIGH,-16.79,-3.54,0.77,-11.48,0.2235,False,-7.74,False,-18.21,4.128,5.046,-2.7125,-34.14,0.728,30.0,-27.69,34.0,-19.71,4.36,100388192.0,,,18.6,0.5613382899628253,0.2094175960346964,0.3234200743494424,0.23048327137546468,0.22366790582403964,0.10161090458488228,0.1524163568773234,0.275,0.2251,0.2793
EQ,Equillium Inc,Healthcare,Biotechnology,,,73.86,,-3.92,-3.4099999999999997,10.64,-26.789999999999996,-11.64,1.89,-42.09,1.0,630910.0,0.37,2.05,Aug 13/a,8.6,129990000.00000001,HIGH,-15.32,-12.86,0.65,-10.01,0.215,False,-8.85,False,-12.91,8.571,4.286,-5.253,-40.68,1.036,4.0,-12.86,21.0,4.48,2.1,942172.0,,,309.5,0.12391573729863693,0.14374225526641884,0.3581164807930607,0.69454770755886,0.11895910780669144,0.19950433705080545,0.17843866171003717,0.2731,0.2145,0.2842
NXTC,Nextcure Inc,Healthcare,Biotechnology,,,75.16,,73.78,-14.730000000000002,1.2,221.72,-46.74,1.31,-59.53000000000001,1.0,2150000.0,0.07,6.37,Aug 06/a,20.0,29150000.0,HIGH,-13.88,-21.14,0.85,-8.57,0.4669,False,-3.12,True,15.53,12.473,12.048,-6.1406,-32.93,0.03,5.0,-15.09,26.0,18.78,6.64,731111.0,,,201.2,0.07558859975216853,0.23048327137546468,0.057001239157372985,0.0037174721189591076,0.32589838909541513,0.9368029739776952,0.21437422552664187,0.2716,0.2006,0.3355
BEEM,Beam Global,Technology,Solar,,,49.02,21.02,0.0,2.44,8.38,16.95,-5.48,1.47,-65.84,1.67,2069999.9999999998,0.2,1.38,Aug 19/a,2.5,31230000.0,HIGH,24.56,0.0,0.17,29.87,0.3754,True,1.28,True,15.96,7.384,3.521,-8.2502,-18.86,0.237,13.0,4.41,17.0,17.36,1.42,3453763.0,,,76.1,0.03345724907063197,0.5111524163568774,0.09417596034696407,0.026022304832713755,0.024783147459727387,0.9392812887236679,0.9727385377942999,0.2715,0.4248,0.2559
SERV,Serve Robotics Inc,Industrials,Integrated Freight & Logistics,,,-120.28000000000002,404.36000000000007,-3.15,9.48,38.35,-40.03,-56.04,2.55,-76.77,1.5,4130000.0,0.58,4.33,Aug 06/a,10.76,375440000.0,HIGH,-9.59,-9.59,0.64,-4.28,0.1522,False,-7.01,False,-13.09,5.589,3.273,-3.8177,-38.9,0.782,,,26.0,-12.88,4.43,18297311.0,,,142.9,0.2701363073110285,0.161090458488228,0.580545229244114,0.30359355638166047,0.1127633209417596,0.19330855018587362,0.33705080545229243,0.2702,0.3428,0.22
ZNTL,Zentalis Pharmaceuticals Inc,Healthcare,Biotechnology,,,-58.82999999999999,,18.66,4.69,7.44,-17.2,15.5,1.91,-54.96,1.83,1210000.0,1.16,3.13,Aug 06/a,7.3,296320000.0,HIGH,-5.53,-13.15,0.8,-0.22,0.1643,False,-7.71,False,-18.36,5.59,3.714,-3.3553,-37.28,0.675,41.0,-23.41,26.0,-17.06,3.5,3539415.0,,,108.6,0.3853779429987608,0.17843866171003717,0.5340768277571252,0.16356877323420074,0.2540272614622057,0.09789343246592318,0.49070631970260226,0.2689,0.4327,0.2252
BHVN,Biohaven Ltd,Healthcare,Biotechnology,,,52.910000000000004,,0.0,-5.82,14.78,1.6500000000000001,28.01,3.22,-33.53,1.71,3040000.0,1.01,12.34,Aug 10/a,23.08,1860000000.0,HIGH,-12.59,-14.13,0.46,-7.28,0.3384,False,-13.48,False,-13.8,11.599,2.769,-6.2451,-30.7,1.457,13.0,-12.1,24.0,-12.77,12.64,53869809.0,,,82.6,0.07187112763320942,0.2589838909541512,0.13135068153655516,0.9206939281288724,0.048327137546468404,0.17843866171003717,0.24659231722428748,0.2683,0.1525,0.3048
BRBR,Bellring Brands Inc,Consumer Defensive,Packaged Foods,6.43,6.92,78.73,4.18,0.27,6.39,10.17,3.27,-51.019999999999996,0.41,-76.13,1.94,4680000.0,0.78,9.15,Aug 04/b,14.71,1060000000.0,HIGH,-9.63,-6.03,0.87,-4.32,0.2206,False,-10.13,False,-20.34,5.585,3.804,-3.4497,-35.62,0.786,49.0,-31.6,29.0,-27.84,9.2,29340712.0,,,59.9,0.34820322180916974,0.19083023543990088,0.33085501858736055,0.30855018587360594,0.34820322180916974,0.08302354399008674,0.33209417596034696,0.2683,0.3366,0.272
MRAM,Everspin Technologies Inc,Technology,Semiconductors,,111.62,-404.36000000000007,41.93,-13.99,-2.31,19.13,-47.9,60.150000000000006,1.92,-71.83,1.0,1390000.0,0.52,14.51,Aug 05/a,25.67,353320000.0,HIGH,-25.79,-11.53,1.05,-20.48,0.264,False,-12.24,False,-10.45,7.29,4.413,-4.3911,-48.94,0.71,21.0,-12.48,27.0,-5.88,14.73,17650752.0,,,74.3,0.18463444857496902,0.09169764560099132,0.24535315985130113,0.21065675340768278,0.5724907063197026,0.27757125154894674,0.058240396530359353,0.2637,0.2686,0.3113
QTTB,Q32 Bio Inc,Healthcare,Biotechnology,3.72,,43.46,,74.12,5.47,16.93,-13.140000000000002,77.3,0.31,-52.61,1.0,1170000.0,0.52,11.17,Aug 05/b,42.25,332520000.0,HIGH,-31.6,-6.67,1.59,-26.29,0.6037,False,-22.66,False,-26.46,7.424,5.958,-3.5373,-53.71,0.688,45.0,-2.68,28.0,-32.47,10.91,7251744.0,,,287.3,0.32837670384138784,0.07434944237918216,0.03221809169764556,0.18401486988847585,0.9132589838909542,0.048327137546468404,0.03469640644361834,0.2634,0.2975,0.3685
TRAX,First Tracks Biotherapeutics Inc,Healthcare,Biotechnology,,,,,-0.73,306.44,13.27,115.16,,,-22.92,1.11,769160.0,0.68,38.47,Aug 12/a,69.44,1370000000.0,HIGH,-13.83,-10.12,0.75,-8.52,0.2484,False,-10.74,False,-6.59,8.202,6.202,-4.5075,-24.72,0.639,25.0,-17.12,22.0,-14.67,37.57,24985365.0,,,84.8,0.17100371747211895,0.37794299876084264,0.2775712515489467,0.1288723667905824,0.20817843866171004,0.40644361833952913,0.21685254027261464,0.2617,0.2325,0.2286
STUB,Stubhub Holdings Inc,Communication Services,Internet Content & Information,,10.36,99.95,33.18,-1.23,8.93,9.39,-48.87,-21.18,3.51,-78.92,2.13,7100000.0,0.62,5.88,Aug 12/a,11.29,2250000000.0,HIGH,-14.47,-0.33,0.88,-9.16,0.2269,False,-6.24,False,-26.58,4.743,3.941,-3.6228,-56.56,0.874,50.0,-52.64,22.0,-20.7,6.09,40392911.0,,,85.4,0.31226765799256506,0.061957868649318466,0.3159851301115242,0.4653035935563817,0.3618339529120198,0.04708798017348203,0.19454770755885997,0.2607,0.2812,0.2966
LIND,Lindblad Expeditions Holdings Inc,Consumer Cyclical,Travel Services,,63.33,87.95,18.64,-1.09,9.98,10.82,8.84,54.11,2.27,-25.46,1.86,901110.0,1.67,26.09,Aug 03/b,34.71,1710000000.0,HIGH,-20.66,-2.07,0.63,-15.35,0.4115,False,-9.11,False,-10.82,5.077,4.577,-2.9439,-25.71,0.75,23.0,-20.83,30.0,-12.1,26.0,21919966.0,,,33.5,0.4969021065675341,0.35315985130111527,0.080545229244114,0.25960346964064435,0.10842627013630732,0.26022304832713755,0.09789343246592318,0.2598,0.0958,0.2813
AIP,Arteris Inc,Technology,Semiconductors,,165.49,-36.28,46.25,-20.46,11.64,6.18,-53.22,34.19,1.92,-59.39,1.0,809600.0,0.69,20.41,Aug 06/a,41.0,1000000000.0,HIGH,-25.94,-9.29,1.06,-20.63,0.3184,False,-9.84,False,-25.88,5.881,5.919,-3.9836,-58.99,0.874,54.0,-52.39,26.0,-30.79,20.61,15819479.0,,,98.9,0.24287484510532836,0.05452292441140025,0.15551425030978938,0.4653035935563817,0.5867410161090458,0.05328376703841388,0.057001239157372985,0.2597,0.2455,0.3371
QS,QuantumScape Corp,Consumer Cyclical,Auto Parts,,,22.04,,-0.8500000000000001,-4.45,19.53,-30.15,-26.71,2.82,-73.52,3.5,21640000.0,0.46,5.05,Jul 22/a,6.43,3130000000.0,HIGH,-15.03,-6.98,0.73,-9.72,0.1909,False,-7.26,False,-10.4,4.316,2.5,-3.0399,-38.75,0.461,,,37.0,1.66,5.2,81584157.0,,,23.7,0.4634448574969021,0.1623296158612144,0.42750929368029744,0.042131350681536554,0.17472118959107807,0.2812887236679058,0.18587360594795538,0.2586,0.255,0.2404
SPRY,ARS Pharmaceuticals Inc,Healthcare,Biotechnology,,,-37.56,114.14999999999999,-0.08,-4.62,35.57,-56.68,-51.15,0.84,-67.68,1.0,2020000.0,1.37,4.25,Aug 13/a,23.5,422650000.0,HIGH,-27.88,-16.51,1.42,-22.57,0.3513,False,-20.19,False,-26.69,6.929,9.889,-5.1168,-58.6,0.799,18.0,-28.57,21.0,-20.35,4.5,8559712.0,,,422.2,0.13382899628252787,0.057001239157372985,0.1189591078066915,0.3345724907063197,0.8612143742255266,0.04460966542750929,0.04708798017348203,0.2584,0.3129,0.3436
ATOM,Atomera Inc,Technology,Semiconductor Equipment & Materials,,,-0.37,,-8.27,14.81,17.67,-59.58,-19.5,2.05,-68.94,1.0,662350.0,0.91,3.84,Aug 04/a,10.0,149850000.0,HIGH,-27.49,-5.07,1.12,-22.18,0.3704,False,-10.05,False,-24.14,5.631,4.326,-3.2732,-57.38,0.752,,,28.0,-25.0,3.93,1940224.0,,,154.5,0.40024783147459725,0.06071871127633209,0.1003717472118959,0.26332094175960347,0.6561338289962825,0.06319702602230483,0.048327137546468404,0.2573,0.2463,0.3457
ACMR,ACM Research Inc,Technology,Semiconductor Equipment & Materials,30.37,19.79,180.57,36.01,-2.79,7.26,6.83,-32.84,36.27,2.11,-49.73,1.25,1210000.0,1.04,63.94,Aug 07/b,123.86,4450000000.0,HIGH,-21.93,-13.07,0.98,-16.62,0.2646,False,-11.75,False,-18.24,6.531,4.831,-4.1609,-47.43,0.838,54.0,-36.02,26.0,-15.35,66.86,68633332.0,,,85.3,0.20817843866171004,0.10037174721189591,0.24287484510532842,0.3996282527881041,0.4882280049566295,0.10037174721189591,0.08736059479553904,0.2566,0.2543,0.2991
CXM,Sprinklr Inc,Technology,Software - Application,60.04,10.57,-37.58,0.8,-0.52,-12.42,9.88,6.4,-1.5700000000000003,0.77,-31.72,2.56,3650000.0,0.84,5.65,Sep 02/b,8.44,1310000000.0,HIGH,-13.58,4.32,0.65,-8.27,0.5586,False,-15.04,False,-9.56,6.881,4.49,-4.7322,-30.03,0.98,12.0,-22.49,8.0,-16.69,5.79,28882852.0,,,45.8,0.15737298636926889,0.26765799256505574,0.043370508054522916,0.6332094175960347,0.11895910780669144,0.3159851301115242,0.2255266418835192,0.2561,0.1389,0.3064
REAL,Therealreal Inc,Consumer Cyclical,Luxury Goods,,32.94,-69.05,16.58,-3.44,-6.480000000000001,14.72,-14.719999999999999,-3.58,2.8,-45.72,1.44,3150000.0,0.53,9.44,Aug 06/a,18.0,1150000000.0,HIGH,-11.96,-0.26,0.58,-6.65,0.2742,False,-7.37,False,-12.41,4.519,3.69,-2.6557,-29.41,0.679,27.0,-22.89,26.0,-20.69,9.76,27856153.0,,,84.4,0.5762081784386617,0.27447335811648077,0.21437422552664187,0.17100371747211895,0.080545229244114,0.21065675340768278,0.26270136307311026,0.2545,0.1936,0.2596
SHAZ,SharonAI Holdings Inc,Technology,Information Technology Services,,,-1144.5,,0.0,42.29,7.59,-28.800000000000004,101.01,,-71.92,1.0,1950000.0,0.84,49.99,Aug 06/b,124.66,1790000000.0,HIGH,-32.5,-9.93,1.07,-27.19,0.4061,False,-11.76,False,-15.49,9.201,7.282,-5.3296,-46.46,0.876,22.0,-24.17,27.0,-0.46,51.91,102781813.0,,,140.1,0.11400247831474597,0.10656753407682776,0.08178438661710041,0.47273853779429986,0.6003717472118959,0.14869888475836432,0.02973977695167286,0.254,0.2165,0.334
LPTH,Lightpath Technologies Inc,Technology,Electronic Components,,87.09,61.18,73.32,-60.309999999999995,30.210000000000004,,-38.03,-15.55,1.4,-50.95,1.0,3160000.0,0.98,9.29,Sep 10/a,15.8,650640000.0,HIGH,-38.45,-15.26,0.92,-33.14,0.7152,False,-21.53,False,-22.67,10.75,7.135,-6.8906,-46.03,1.225,21.0,-30.56,2.0,-0.98,9.11,39914030.0,,,73.4,0.05452292441140025,0.11028500619578686,0.02106567534076831,0.8488228004956629,0.41201982651796776,0.07187112763320942,0.013630731102850062,0.2531,0.1354,0.3468
VENU,Venu Holding Corp,Consumer Cyclical,Restaurants,,,-6.38,6.87,3.7000000000000006,8.0,11.7,-36.53,-50.85999999999999,3.17,-87.68,1.0,635660.0,0.94,1.72,Aug 13/b,6.85,97200000.0,HIGH,-5.41,-8.85,0.62,-0.1,0.1898,False,-7.11,False,-18.08,7.698,4.571,-4.0929,-49.28,0.922,,,22.0,-10.71,1.75,817835.0,,,291.4,0.2218091697645601,0.08921933085501858,0.43246592317224286,0.547087980173482,0.10285006195786865,0.10532837670384139,0.4944237918215613,0.2498,0.3584,0.2443
POWI,Power Integrations Inc,Technology,Semiconductors,108.03,25.95,613.58,2.66,-26.69,-1.82,10.33,-42.06,3.2099999999999995,1.54,-47.06,1.4,803850.0,0.94,48.27,Aug 05/a,81.67,2700000000.0,HIGH,-21.88,-3.86,0.7,-16.57,0.2602,False,-8.4,False,-20.15,4.866,3.772,-3.1618,-46.8,0.875,,,27.0,-17.75,48.51,41847915.0,,,68.4,0.42627013630731103,0.10408921933085502,0.25154894671623296,0.46902106567534074,0.14869888475836432,0.08550185873605948,0.09045848822800495,0.2475,0.1563,0.2824
LWLG,Lightwave Logic Inc,Basic Materials,Specialty Chemicals,,,-8.84,27.91,-8.51,11.9,15.88,-53.77000000000001,-38.85,2.41,-75.09,,3540000.0,0.61,4.66,Aug 11/b,2.71,718420000.0,HIGH,-35.44,-14.46,1.26,-30.13,0.4423,False,-15.71,False,-24.93,6.487,4.802,-4.2405,-54.73,0.781,26.0,-36.89,24.0,-36.64,4.79,14097213.0,,,-43.4,0.20322180916976457,0.07187112763320942,0.06815365551425034,0.3023543990086741,0.7670384138785625,0.057001239157372985,0.01858736059479554,0.2449,0.258,0.3324
CCCC,C4 Therapeutics Inc,Healthcare,Biotechnology,,,50.66,2.75,0.0,28.190000000000005,33.07,-10.21,25.64,3.08,-33.66,1.14,2940000.0,0.46,3.43,Aug 11/b,13.33,421980000.0,HIGH,-19.58,-3.38,0.72,-14.27,0.3051,False,-11.34,False,-10.22,5.675,3.79,-2.9039,-33.66,0.607,24.0,-5.25,24.0,-5.25,3.43,8105122.0,,,288.6,0.5117719950433705,0.21685254027261464,0.16232961586121442,0.10099132589838909,0.16294919454770757,0.2899628252788104,0.11028500619578686,0.2408,0.1417,0.2664
LCID,Lucid Group Inc,Consumer Cyclical,Auto Manufacturers,,,-17.83,56.24,-0.0,9.44,48.43,-21.52,-58.34,1.0,-83.67,2.92,16590000.0,0.78,4.12,Aug 04/a,7.0,1620000000.0,HIGH,-33.12,-10.15,1.38,-27.81,0.4844,False,-16.21,False,-30.57,7.89,5.048,-3.748,-51.06,0.662,34.0,-36.0,28.0,-37.91,4.16,56708358.0,,,68.3,0.2825278810408922,0.08178438661710037,0.054522924411400275,0.14560099132589838,0.8494423791821561,0.027261462205700124,0.028500619578686492,0.2402,0.2826,0.3262
INDI,Indie Semiconductor Inc,Technology,Semiconductors,,164.0,12.46,23.97,-13.919999999999998,6.909999999999999,29.34,-25.420000000000005,19.38,2.98,-49.09,1.5,6200000.0,0.82,3.08,Aug 06/a,5.72,713970000.0,HIGH,-33.55,-10.57,0.83,-28.24,0.4173,False,-16.84,False,-17.79,6.435,4.153,-3.8746,-39.08,0.921,22.0,-21.95,26.0,-8.75,3.13,23684459.0,,,82.7,0.25650557620817843,0.15861214374225527,0.0780669144981413,0.5433705080545229,0.28934324659231725,0.11524163568773234,0.026022304832713755,0.2402,0.1206,0.3011
BRUN,Boost Run Inc,Technology,Software - Infrastructure,,18.01,-2453.81,,-0.42,252.3,11.9,-63.77,24.5,3.96,-67.69,1.0,1960000.0,1.53,13.57,Aug 14/b,45.0,1140000000.0,HIGH,-35.62,-22.58,1.3,-30.31,0.3965,False,-19.6,False,-30.68,11.147,9.732,-7.129,-63.99,0.866,,,21.0,-35.39,14.57,39317905.0,,,208.9,0.04584882280049566,0.0322180916976456,0.08426270136307312,0.4510532837670384,0.7930607187112764,0.026022304832713755,0.01734820322180917,0.2387,0.2701,0.329
EVMN,Evommune Inc,Healthcare,Biotechnology,,,-97.87,,-0.58,-1.3,20.87,-52.06000000000001,-57.71999999999999,,-69.91,1.42,853100.0,0.61,9.99,Aug 06/a,24.0,362560000.0,HIGH,-26.81,-20.26,0.57,-21.5,0.4288,False,-18.73,False,-17.65,7.837,3.03,-5.2031,-59.68,2.066,18.0,-26.65,26.0,-22.05,10.43,7464424.0,,,130.1,0.12763320941759604,0.05328376703841388,0.07434944237918217,0.9783147459727385,0.0768277571251549,0.11771995043370508,0.04956629491945477,0.238,0.0652,0.3251
CJMB,Callan Jmb Inc,Industrials,Integrated Freight & Logistics,,,,,0.63,2.35,5.34,223.36,17.01,-0.45,-59.540000000000006,,2180000.0,0.02,2.27,-,,13060000.0,HIGH,-16.42,-2.18,0.3,-11.11,0.3214,False,-1.86,True,24.14,7.35,4.911,-5.2472,-42.86,0.04,19.0,-16.42,,,2.24,897421.0,,,,0.1251548946716233,0.13011152416356878,0.15241635687732347,0.007434944237918215,0.0322180916976456,0.9801734820322181,0.15861214374225527,0.2379,0.1188,0.2862
AIRJ,AirJoule Technologies Corp,Industrials,Building Products & Equipment,,,-392.82,,-0.02,3.6900000000000004,17.81,-1.9299999999999997,22.66,0.88,-39.85,1.33,1500000.0,0.83,4.06,Aug 13/a,9.55,297790000.0,HIGH,-28.57,-8.99,0.82,-23.26,0.3562,False,-12.16,False,-12.87,5.1,4.169,-2.614,-37.59,0.566,24.0,-30.02,21.0,-31.29,4.15,5354864.0,,,130.1,0.5861214374225526,0.17472118959107807,0.11276332094175956,0.07558859975216853,0.275092936802974,0.201363073110285,0.04337050805452292,0.2376,0.1337,0.2845
CEVA,Ceva Inc,Technology,Semiconductors,,34.78,32.97,13.07,0.0,2.97,10.46,-42.39,49.57,1.97,-45.91,1.22,801770.0,0.58,27.91,Aug 10/b,46.67,785780000.0,HIGH,-15.07,-1.63,0.81,-9.76,0.2177,False,-0.67,False,-17.25,4.25,2.844,-3.5356,-46.16,0.743,,,25.0,-12.97,27.78,21554704.0,,,68.0,0.32961586121437425,0.1090458488228005,0.3451053283767038,0.2503097893432466,0.26394052044609667,0.12329615861214374,0.18463444857496902,0.2369,0.2566,0.2418
FLNC,Fluence Energy Inc,Utilities,Utilities - Renewable,,86.07,-798.82,7.85,-35.52,6.72,23.44,-61.53999999999999,-44.58,2.75,-72.25,2.83,7770000.0,0.49,9.3,Aug 05/a,14.99,1720000000.0,HIGH,-25.49,-14.76,0.97,-20.18,0.2966,False,-13.35,False,-27.37,6.499,4.357,-4.0594,-64.6,0.88,,,27.0,-28.77,9.41,64956950.0,,,59.3,0.22304832713754646,0.030978934324659233,0.17100371747211895,0.48141263940520446,0.4721189591078067,0.042131350681536554,0.06071871127633209,0.2368,0.2172,0.3047
HIVE,HIVE Digital Technologies Ltd,Financial,Capital Markets,,,-395.54,73.47,-20.85,13.4,19.97,-27.02,31.36,3.76,-63.13999999999999,1.25,22380000.0,0.44,2.89,Aug 14/a,7.12,792670000.0,HIGH,-2.61,-5.08,0.48,2.7,0.2076,True,1.39,True,0.95,6.426,6.02,-6.6176,-44.01,0.601,5.0,-3.86,20.0,11.15,2.99,65399483.0,,,138.1,0.06319702602230483,0.12391573729863693,0.37422552664188347,0.09417596034696406,0.05204460966542751,0.6988847583643123,0.6171003717472119,0.2344,0.3747,0.2271
VSH,Vishay Intertechnology Inc,Technology,Semiconductors,164.21,17.62,1193.88,16.57,0.0,14.24,11.09,-50.67,80.84,1.8,-54.76,1.8,5630000.0,0.58,31.43,Aug 05/b,40.0,4820000000.0,HIGH,-13.43,-2.13,0.74,-8.12,0.1697,False,-2.32,False,-12.31,4.821,6.721,-3.5211,-55.66,0.592,,,28.0,-7.17,30.8,117517098.0,,,29.9,0.3333333333333333,0.06691449814126393,0.5074349442379182,0.08798017348203221,0.19330855018587362,0.21685254027261464,0.22800495662949194,0.2343,0.3014,0.2079
NB,NioCorp Developments Ltd,Basic Materials,Other Industrial Metals & Mining,,,105.59,,0.0,-2.62,6.57,-34.07,-27.940000000000005,0.15,-71.7,1.33,3220000.0,0.78,3.56,Sep 09,11.12,518289999.99999994,HIGH,-24.53,-11.89,0.83,-19.22,0.2753,False,-13.82,False,-18.78,5.76,3.306,-4.1796,-35.58,0.841,26.0,-28.26,,,3.63,11884864.0,,,206.3,0.20693928128872366,0.19206939281288724,0.21313506815365546,0.40954151177199505,0.28934324659231725,0.09417596034696406,0.06691449814126393,0.2342,0.1775,0.25
MEC,Mayville Engineering Company Inc,Industrials,Metal Fabrication,,16.86,-71.96,23.16,-1.56,38.2,9.52,-50.66,-2.34,1.42,-55.779999999999994,1.0,561430.0,0.99,17.14,Aug 04/a,37.0,437070000.0,HIGH,-26.16,-8.91,0.88,-20.85,0.3295,False,-11.59,False,-28.81,5.438,9.01,-2.3924,-53.33,0.665,54.0,-51.11,28.0,-29.06,18.09,9652833.0,,,104.5,0.6381660470879802,0.0768277571251549,0.1400247831474597,0.14869888475836432,0.3618339529120198,0.03593556381660471,0.05328376703841388,0.2336,0.1719,0.2962
BFLY,Butterfly Network Inc,Healthcare,Medical Devices,,,11.49,39.47,-19.87,20.56,15.76,38.54,99.49,2.07,-22.39,1.0,8090000.0,0.88,7.8,Jul 30/b,10.5,2120000000.0,HIGH,-17.85,-1.46,0.74,-12.54,0.3907,False,-10.1,False,-7.26,6.737,3.779,-3.5687,-26.27,0.547,26.0,-10.72,32.0,4.37,7.41,34648371.0,,,41.7,0.32342007434944237,0.34076827757125155,0.08674101610904583,0.061957868649318466,0.19330855018587362,0.38166047087980176,0.14002478314745972,0.2313,0.14,0.2401
AVXL,Anavex Life Sciences Corp,Healthcare,Biotechnology,,,154.29,,0.0,-3.32,15.25,-2.4,-48.2,1.15,-76.49,1.0,1070000.0,0.89,2.44,Aug 25/b,20.0,226180000.0,HIGH,-19.0,-8.77,0.93,-13.69,0.3527,False,-13.26,False,-9.32,7.06,3.462,-5.1393,-29.35,0.628,14.0,-16.4,14.0,-16.4,2.6,2170417.0,,,669.2,0.1325898389095415,0.27633209417596033,0.11586121437422547,0.11400247831474597,0.4250309789343247,0.32032218091697645,0.11648079306071871,0.2307,0.2089,0.248
MEI,Methode Electronics Inc,Technology,Electronic Components,,85.89,-9.75,10.35,0.0,3.54,8.38,9.29,160.79,1.57,-35.38,2.0,795900.0,0.67,13.17,Sep 02/a,22.0,469450000.0,HIGH,-24.67,-3.13,0.73,-19.36,0.4555,False,-13.73,False,-13.44,10.132,5.433,-7.3297,-33.17,1.036,11.0,-23.4,7.0,-11.1,13.62,13036822.0,,,61.5,0.042131350681536554,0.2218091697645601,0.060718711276332105,0.69454770755886,0.17472118959107807,0.18339529120198264,0.06567534076827757,0.2296,0.0969,0.2737
RR,Richtech Robotics Inc,Industrials,Specialty Industrial Machinery,,,-34.04,16.65,0.0,4.25,25.24,-24.77,-30.3,-0.47,-78.33,3.0,6750000.0,0.48,1.61,Sep 02,2.0,362420000.0,HIGH,-5.23,-6.32,0.47,0.08,0.2673,False,-6.31,False,-2.99,8.37,5.521,-6.4717,-27.23,0.634,14.0,0.62,,,1.63,10993195.0,,,22.7,0.06691449814126393,0.31970260223048325,0.23420074349442377,0.12391573729863693,0.05080545229244114,0.5675340768277571,0.5037174721189591,0.2272,0.287,0.2023
TRON,Tron Inc,Consumer Cyclical,Leisure,,,-7.580000000000001,16.81,0.0,38.78,17.51,-21.67,-18.02,8.67,-69.68,,993480.0,1.11,1.41,-,,668880000.0,HIGH,3.0,-3.44,0.36,8.31,0.5661,False,-11.55,False,-3.06,10.236,3.56,-6.9814,-35.76,0.88,17.0,-4.63,,,1.54,2965351.0,,,,0.04956629491945477,0.1895910780669145,0.039653035935563796,0.48141263940520446,0.03593556381660471,0.563816604708798,0.8203221809169765,0.2267,0.3508,0.2827
HYLN,Hyliion Holdings Corp,Industrials,Electrical Equipment & Parts,,,-1.96,226.33999999999997,0.09,10.44,14.29,-46.69,99.49,3.58,-53.47,1.0,3370000.0,0.41,3.95,Aug 11/a,8.0,705460000.0,HIGH,-7.33,-5.25,0.63,-2.02,0.2965,True,5.1,True,0.39,5.974,5.541,-4.0235,-55.36,0.608,,,23.0,-2.57,3.79,7208312.0,,,111.1,0.23172242874845106,0.06939281288723669,0.17286245353159846,0.10346964064436183,0.10842627013630732,0.6741016109045849,0.40892193308550184,0.2267,0.248,0.2794
OUST,Ouster Inc,Technology,Electronic Components,,4372.0,27.46,55.86,-28.09,9.27,9.99,-27.42,53.94,3.26,-48.6,1.43,3640000.0,0.64,32.79,Aug 06/a,58.5,2360000000.0,HIGH,-30.48,-10.75,1.15,-25.17,0.3746,False,-9.46,False,-15.16,5.438,7.194,-4.0444,-47.55,0.59,21.0,-25.86,26.0,-22.9,33.46,82413909.0,,,74.8,0.22800495662949194,0.09789343246592318,0.09541511771995048,0.08674101610904585,0.6809169764560099,0.15489467162329615,0.03593556381660471,0.224,0.2473,0.2876
SLNH,Soluna Holdings Inc,Financial,Capital Markets,,,73.72,144.56,0.15,34.96,13.68,-27.1,43.47,5.1,-78.02,1.0,12900000.0,0.39,1.13,Aug 13/a,4.0,278780000.0,HIGH,-13.53,-9.45,0.67,-8.22,0.224,False,-2.25,False,-4.97,8.012,6.957,-5.305,-37.84,0.638,,,21.0,-11.54,1.15,10484448.0,,,247.8,0.11895910780669144,0.17224287484510534,0.3215613382899628,0.12701363073110286,0.1325898389095415,0.46158612143742256,0.22676579925650558,0.2223,0.227,0.21
LIDR,AEye Inc,Technology,Software - Infrastructure,,,54.96,818.18,-0.38,-8.69,4.25,-24.84,-21.94,2.7,-69.75,1.0,3120000.0,0.28,1.21,Aug 06/a,4.39,56250000.0,HIGH,-3.91,-7.52,0.09,1.4,0.2604,False,-3.53,False,-2.07,8.014,4.065,-6.9753,-25.0,0.265,9.0,6.96,26.0,0.82,1.23,11045366.0,,,256.9,0.05080545229244114,0.36988847583643125,0.24969021065675345,0.028500619578686492,0.019206939281288724,0.6022304832713755,0.5644361833952912,0.2201,0.3064,0.1752
FRMI,Fermi Inc,Real Estate,REIT - Specialty,,73.24,-8000.0,,-4.47,40.87,18.22,-36.63,-41.41,,-87.19,1.44,19240000.0,1.19,4.74,Aug 13/b,14.67,3040000000.0,HIGH,-17.75,-11.56,0.91,-12.44,0.328,False,-7.13,False,-17.55,7.676,6.931,-5.4028,-50.17,0.868,23.0,-29.07,22.0,-23.48,5.05,85657467.0,,,190.5,0.1090458488228005,0.08550185873605948,0.14374225526641882,0.4547707558859975,0.3996282527881041,0.11957868649318464,0.14250309789343246,0.2187,0.22,0.2708
TNON,Tenon Medical Inc,Healthcare,Medical Devices,,,3.29,126.77000000000001,-4.74,3.1300000000000003,14.45,-76.57,-83.36,1.28,-89.96,1.0,5400000.0,2.17,5.06,Aug 13/a,10.0,5220000.0,HIGH,13.01,65.48,0.31,18.32,1.3729,True,4.47,False,-11.08,21.688,19.245,-38.6453,-80.14,7.738,18.0,2.02,21.0,7.75,5.56,103404454.0,,,79.9,0.0037174721189591076,0.013630731102850062,0.0074349442379182396,1.0,0.03345724907063197,0.25154894671623296,0.929368029739777,0.2183,0.384,0.3222
MRVI,Maravai LifeSciences Holdings Inc,Healthcare,Biotechnology,,,69.44,8.53,-0.08,8.87,9.86,38.71,118.41,0.56,-26.96,1.89,3490000.0,0.77,6.88,Aug 06/a,7.42,1790000000.0,HIGH,17.69,-7.02,0.46,23.0,0.507,False,-10.3,False,-2.34,6.12,4.188,-7.603,-29.03,0.763,14.0,-20.7,26.0,7.3,6.68,38033701.0,,,11.1,0.03965303593556382,0.2850061957868649,0.053283767038413865,0.27447335811648077,0.048327137546468404,0.5929368029739777,0.9553903345724907,0.2156,0.4126,0.2388
ICHR,Ichor Holdings Ltd,Technology,Semiconductor Equipment & Materials,,15.63,109.98999999999998,22.68,-10.8,3.5699999999999994,6.73,-42.9,19.96,1.82,-55.02,1.38,987280.0,0.64,51.09,Aug 03/a,98.88,1910000000.0,HIGH,-28.51,-11.67,1.11,-23.2,0.3366,False,-10.81,False,-28.08,6.044,5.138,-4.4795,-54.76,0.714,54.0,-45.34,29.0,-27.91,51.38,37147086.0,,,92.4,0.17843866171003717,0.07063197026022305,0.13382899628252787,0.21685254027261464,0.6474597273853779,0.03841387856257745,0.04460966542750929,0.2143,0.2522,0.2703
BIOA,BioAge Labs Inc,Healthcare,Drug Manufacturers - Specialty & Generic,,,3.2400000000000007,1.6200000000000003,-0.4699999999999999,9.71,8.8,-58.77,-62.03999999999999,1.01,-68.48,1.44,873920.0,0.74,8.18,Aug 05/a,35.62,375440000.0,HIGH,-18.46,-9.74,1.04,-13.15,0.2528,False,-11.6,False,-43.11,5.804,2.889,-3.582,-67.33,0.594,51.0,-65.05,27.0,-22.77,8.48,5208367.0,,,320.0,0.32094175960346966,0.024783147459727387,0.2614622057001239,0.09107806691449814,0.5625774473358116,0.011152416356877323,0.13135068153655513,0.212,0.2998,0.2464
ELDN,Eledon Pharmaceuticals Inc,Healthcare,Biotechnology,,,-91.47,,0.0,6.68,9.63,-20.99,-1.09,0.84,-41.09,1.0,1270000.0,0.63,2.71,Aug 13/a,9.5,220210000.0,HIGH,-22.63,-5.46,0.54,-17.32,0.3811,False,-12.73,False,-20.98,5.513,4.693,-2.2943,-38.31,0.696,48.0,-29.52,21.0,-21.75,2.77,3024446.0,,,243.0,0.6629491945477075,0.16604708798017348,0.09169764560099136,0.19454770755885997,0.07063197026022305,0.07930607187112763,0.08302354399008674,0.2109,0.0819,0.2519
SUJA,Suja Life Inc,Consumer Defensive,Beverages - Non-Alcoholic,,20.61,,,13.100000000000001,38.02,12.85,-17.47,,,-50.64999999999999,1.8,588370.0,0.3,9.12,Aug 04/a,18.0,352260000.0,HIGH,34.59,-9.5,0.27,39.9,0.5316,False,-0.37,False,-0.73,8.093,3.799,-5.6029,-24.98,0.559,6.0,-12.17,28.0,45.77,8.95,6315872.0,,,101.1,0.09913258983890955,0.37174721189591076,0.047087980173482036,0.06939281288723669,0.029120198265179677,0.6468401486988847,0.9838909541511772,0.2106,0.4164,0.2111
SLE,Super League Enterprise Inc,Communication Services,Internet Content & Information,,,95.03,0.27,0.0,-6.570000000000001,6.49,38.13,-0.67,1.47,-96.78,1.0,1290000.0,0.14,4.42,Aug 14/b,10.67,10930000.0,HIGH,51.32,-2.14,0.04,56.63,0.528,True,10.19,True,35.55,9.2,8.753,-21.5024,-37.99,0.308,19.0,51.32,21.0,101.32,4.57,18777543.0,,,133.5,0.006195786864931847,0.16852540272614622,0.048327137546468446,0.0322180916976456,0.012391573729863693,0.9950433705080545,0.9938042131350682,0.2105,0.4157,0.2615
PRLD,Prelude Therapeutics Inc,Healthcare,Biotechnology,,,65.57,,19.12,18.49,8.03,1.35,34.52,0.95,-33.82,1.0,503330.0,0.52,4.52,Aug 11/b,8.0,360710000.0,HIGH,-18.47,-13.4,0.5,-13.16,0.4732,False,-18.9,False,-8.98,8.866,3.922,-5.1024,-32.8,0.864,19.0,-18.47,24.0,-4.97,4.59,3179911.0,,,74.3,0.13630731102850063,0.23172242874845106,0.055762081784386575,0.4473358116480793,0.05762081784386617,0.33209417596034696,0.13011152416356878,0.2101,0.0861,0.2433
ENVX,Enovix Corp,Industrials,Electrical Equipment & Parts,,,9.34,20.84,0.0,1.54,28.28,-57.91,-41.22,2.48,-79.03,1.91,6710000.0,1.12,2.98,Aug 12/a,10.94,653950000.0,HIGH,-15.99,-12.97,0.65,-10.68,0.1823,False,-9.06,False,-26.23,5.71,3.974,-6.2528,-58.52,0.873,,,22.0,-31.83,3.02,28690343.0,,,262.3,0.07063197026022305,0.058240396530359353,0.4591078066914498,0.4634448574969021,0.11895910780669144,0.05080545229244114,0.16728624535315986,0.2035,0.2403,0.176
LASR,nLIGHT Inc,Technology,Semiconductors,,60.19,67.54,33.78,-22.16,5.77,6.66,-45.54,-44.64,2.37,-56.38999999999999,1.33,1350000.0,0.61,37.92,Aug 06/a,88.86,2190000000.0,HIGH,-28.8,-7.42,0.89,-23.49,0.3722,False,-11.57,False,-32.22,5.369,3.719,-3.6297,-52.0,0.796,29.0,-45.16,26.0,-31.53,38.45,55485189.0,,,131.1,0.30855018587360594,0.080545229244114,0.09789343246592319,0.32899628252788105,0.3748451053283767,0.022304832713754646,0.040892193308550186,0.2022,0.1582,0.2587
MYO,Myomo Inc,Healthcare,Medical Devices,,,15.439999999999998,21.26,7.68,-1.34,3.32,-8.15,67.61,1.6,-34.22,1.0,691190.0,0.47,1.24,Aug 05/a,4.64,49110000.0,HIGH,-17.2,-2.99,0.52,-11.89,0.4447,False,-13.28,True,1.04,8.484,6.077,-6.9136,-31.03,0.554,18.0,-22.62,27.0,22.64,1.3,871242.0,,,256.9,0.05328376703841388,0.2527881040892193,0.06691449814126393,0.06567534076827757,0.06257744733581165,0.7057001239157373,0.14807930607187111,0.2012,0.0981,0.2218
UMAC,Unusual Machines Inc,Technology,Computer Hardware,,,49.95,687.32,-9.53,16.62,19.25,-6.87,23.75,14.75,-34.06,1.0,4200000.0,0.48,23.03,Aug 06/b,39.0,1150000000.0,HIGH,-24.84,-12.78,0.5,-19.53,0.3719,False,-9.92,False,-2.09,7.608,4.899,-6.162,-35.12,0.67,22.0,-16.17,27.0,-6.48,22.66,97239812.0,,,72.1,0.07434944237918216,0.19950433705080545,0.09913258983890949,0.15551425030978935,0.05762081784386617,0.6003717472118959,0.06319702602230483,0.1977,0.0723,0.222
ALOY,REalloys Inc,Basic Materials,Other Industrial Metals & Mining,,,-69.62,54.98,-1.42,86.93,14.01,-45.03,-24.76,1.38,-68.53,1.0,2790000.0,0.51,8.47,Aug 13/a,26.5,587630000.0,HIGH,-38.51,-15.56,1.01,-33.2,0.5688,False,-21.15,False,-19.65,8.037,6.221,-6.1846,-58.62,0.821,21.0,-34.21,21.0,-34.21,8.52,22373225.0,,,211.0,0.07311028500619579,0.055762081784386616,0.03717472118959109,0.37174721189591076,0.5285006195786865,0.08921933085501858,0.012391573729863693,0.1926,0.1747,0.2656
BIVI,BioVie Inc,Healthcare,Biotechnology,,,58.93000000000001,,5.78,8.84,11.02,5.42,22.38,0.7,-53.83,1.0,4640000.0,0.25,1.75,-,5.51,14790000.0,HIGH,75.21,-0.97,0.09,80.52,0.7335,True,6.54,True,18.57,9.868,11.707,-14.1499,-45.91,0.06,10.0,-5.09,,,2.05,11093552.0,,,168.8,0.013630731102850062,0.11152416356877323,0.018587360594795488,0.012391573729863693,0.019206939281288724,0.952912019826518,0.9975216852540273,0.188,0.4103,0.2495
FRVO,Fervo Energy Co,Utilities,Utilities - Renewable,,,,,0.0,83.93,7.39,-57.08,,,-64.45,1.38,4440000.0,0.79,15.16,Aug 12/b,40.75,4470000000.0,HIGH,-17.35,-20.85,0.6,-12.04,0.3333,False,-11.15,False,-28.87,11.134,6.818,-8.6958,-63.88,1.134,,,23.0,-25.79,14.96,127498724.0,,,172.4,0.028500619578686492,0.03469640644361834,0.137546468401487,0.7936802973977695,0.09107806691449814,0.03469640644361834,0.1449814126394052,0.1867,0.1266,0.237
PENG,Penguin Solutions Inc,Technology,Information Technology Services,30.14,14.16,9752.86,47.64,-4.17,8.91,13.2,-25.629999999999995,170.81,2.88,-47.14,1.5,3010000.0,0.34,47.5,Jul 07/a,74.29,2430000000.0,HIGH,-26.14,-9.18,1.0,-20.83,0.2929,False,-9.22,False,-18.47,6.077,5.108,-4.3686,-48.15,0.42,21.0,-23.5,48.0,-25.71,46.59,75652788.0,,,59.5,0.1895910780669145,0.09665427509293681,0.18215613382899631,0.03717472118959108,0.516728624535316,0.09541511771995044,0.05452292441140025,0.1863,0.2315,0.2097
PMI,Picard Medical Inc,Healthcare,Medical Devices,,,40.21,38.62,0.0,9.84,25.42,-26.039999999999996,-89.94,-1.6,-99.07,,1870000.0,0.15,6.39,Aug 20/b,,14940000.0,HIGH,77.84,45.24,0.13,83.15,1.7007,True,14.52,True,15.06,30.383,14.217,-27.6804,-47.26,0.182,14.0,22.03,17.0,106.6,6.26,32320587.0,,,,0.004956629491945477,0.10285006195786865,0.0024783147459727095,0.022304832713754646,0.023543990086741014,0.9330855018587361,0.9987608426270136,0.1815,0.4073,0.246
AEVA,Aeva Technologies Inc,Technology,Software - Infrastructure,,,64.76,11.34,-6.709999999999999,3.3300000000000005,12.14,-47.19,-8.75,2.4,-54.66,2.0,1840000.0,0.62,14.19,Aug 05/a,30.0,989120000.0,HIGH,-38.23,-9.72,0.82,-32.92,0.5668,False,-12.61,False,-20.73,6.136,5.324,-4.507,-53.13,0.855,27.0,-25.19,27.0,-25.19,14.67,25022183.0,,,104.5,0.17224287484510534,0.07806691449814127,0.0384138785625775,0.43370508054522927,0.275092936802974,0.08178438661710037,0.01486988847583643,0.1799,0.1,0.2407
TE,T1 Energy Inc,Industrials,Electrical Equipment & Parts,,,24.39,88.4,-33.58,13.44,27.83,-51.790000000000006,-44.3,2.35,-65.57,1.5,32830000.0,0.56,4.3,Aug 12/b,9.25,1270000000.0,HIGH,-10.45,-13.64,0.8,-5.14,0.2024,False,-4.75,False,-17.08,8.516,4.233,-5.282,-59.91,0.6,,,23.0,-10.82,4.37,91768589.0,,,111.7,0.12019826517967781,0.05204460966542751,0.38909541511771994,0.09293680297397769,0.2540272614622057,0.12577447335811648,0.3073110285006196,0.1723,0.3159,0.1482
DAIC,CID Holdco Inc,Technology,Information Technology Services,,,58.440000000000005,,0.0,28.78,33.91,20.44,-63.67,3.58,-97.79,,5830000.0,0.05,2.18,May 11/a,,4270000.0,HIGH,308.6,-22.97,0.02,313.91,2.3767,False,-14.93,True,29.64,49.931,29.386,-74.7032,-65.92,0.058,15.0,435.21,,,2.28,59957148.0,,,,0.0012391573729863693,0.027261462205700124,0.0,0.010532837670384139,0.006815365551425031,0.9863692688971499,1.0,0.172,0.402,0.2512
LHAI,Linkhome Holdings Inc,Real Estate,Real Estate Services,,,-977.78,12.76,-29.330000000000002,31.85,4.28,40.66,-20.15,-0.24,-93.17,,9650000.0,0.01,1.07,-,,17680000.0,HIGH,45.95,-6.9,0.04,51.26,0.7018,True,14.07,True,11.18,13.181,8.333,-9.115,-61.97,0.058,8.0,31.55,,,1.08,5845073.0,,,,0.024783147459727387,0.04460966542750929,0.023543990086741018,0.010532837670384139,0.012391573729863693,0.8909541511771994,0.9925650557620818,0.1678,0.4078,0.2347
BLZE,Backblaze Inc,Technology,Software - Infrastructure,,59.82,34.4,17.67,-0.45000000000000007,11.72,7.19,60.17,256.87,1.58,-45.85,1.29,3590000.0,0.35,12.99,Aug 03/a,22.83,804090000.0,HIGH,-33.78,-7.56,0.74,-28.47,0.5448,False,-13.0,False,-16.31,6.001,5.374,-3.7875,-46.48,0.726,22.0,-33.61,29.0,-17.64,12.84,39765725.0,,,77.8,0.2788104089219331,0.10532837670384139,0.045848822800495626,0.22800495662949194,0.19330855018587362,0.13816604708798016,0.023543990086741014,0.1649,0.0812,0.2096
CVRX,CVRx Inc,Healthcare,Medical Devices,,,6.3,15.57,0.2,3.3000000000000003,13.21,-39.76,-61.88,0.71,-73.45,2.14,783860.0,0.63,3.0,Aug 06/a,4.3,79920000.0,HIGH,9.09,2.39,0.73,14.4,0.2198,True,0.99,False,-25.47,6.807,7.0,-4.6837,-50.08,0.683,28.0,-45.36,26.0,25.52,3.0,2234862.0,,,43.3,0.15861214374225527,0.08674101610904585,0.3358116480793061,0.17657992565055763,0.17472118959107807,0.05452292441140025,0.9021065675340768,0.1645,0.514,0.1411
BIAF,BioAffinity Technologies Inc,Healthcare,Diagnostics & Research,,,87.3,18.99,0.0,,7.45,-69.05,-77.8,-1.39,-96.86,1.0,2550000.0,0.14,6.36,Aug 07/b,2700.0,3820000.0,HIGH,34.86,-11.2,0.05,40.17,1.5092,True,5.18,False,-9.25,35.093,9.206,-21.2441,-61.03,0.929,8.0,20.33,26.0,3.66,7.93,77106808.0,,,33947.9,0.007434944237918215,0.04708798017348203,0.006195786864931829,0.5619578686493185,0.01486988847583643,0.322180916976456,0.9851301115241635,0.16,0.4004,0.2266
VPG,Vishay Precision Group Inc,Technology,Scientific & Technical Instruments,205.5,33.82,-794.62,11.67,0.0,-6.09,11.44,-58.52,47.18,1.42,-60.089999999999996,1.0,564030.0,0.48,60.58,Aug 05/b,93.33,806950000.0,HIGH,-20.65,-6.48,0.79,-15.34,0.218,False,-5.81,False,-26.59,5.604,4.232,-4.603,-60.15,0.608,53.0,-57.43,28.0,-17.77,60.49,31057139.0,,,54.3,0.16356877323420074,0.05080545229244114,0.3432465923172243,0.10346964064436183,0.24473358116480792,0.04584882280049566,0.09975216852540272,0.1586,0.2163,0.1394
CDNL,Cardinal Infrastructure Group Inc,Industrials,Engineering & Construction,27.67,15.1,-52.32,113.87,5.96,18.99,13.62,-52.800000000000004,6.370000000000001,,-65.03,1.0,761050.0,0.62,33.71,Aug 11/b,59.0,1600000000.0,HIGH,-14.5,-12.24,1.03,-9.19,0.376,False,-13.44,False,-37.1,7.447,6.5,-5.5497,-65.21,0.649,54.0,-63.54,24.0,-12.36,33.54,22166141.0,,,75.9,0.10408921933085502,0.02973977695167286,0.09293680297397766,0.13630731102850063,0.5532837670384139,0.01734820322180917,0.19330855018587362,0.1556,0.2712,0.2028
DUOT,Duos Technologies Group Inc,Technology,Software - Application,8.27,7.5,553.3,7.66,0.0,14.71,18.19,-33.61,0.62,1.37,-46.86,1.0,979940.0,0.53,8.12,Aug 17/a,25.0,255550000.0,HIGH,-19.84,-8.95,0.39,-14.53,0.4155,False,-13.22,False,-8.94,6.256,4.066,-5.8001,-38.51,0.712,20.0,-9.55,19.0,-19.84,8.24,14149310.0,,,203.4,0.09045848822800495,0.16356877323420074,0.07930607187112759,0.21437422552664187,0.03903345724907063,0.3333333333333333,0.10656753407682776,0.1533,0.0781,0.1693
UCTT,Ultra Clean Hldgs Inc,Technology,Semiconductor Equipment & Materials,,10.03,105.25999999999999,24.31,-2.91,2.4,8.86,-42.18,17.84,1.88,-54.47,1.0,1310000.0,0.47,65.66,Aug 03/a,137.0,2970000000.0,HIGH,-24.45,-12.21,0.84,-19.14,0.3,False,-8.92,False,-21.15,6.559,5.603,-5.0456,-53.97,0.668,54.0,-44.13,29.0,-21.47,66.39,64286325.0,,,106.4,0.13878562577447337,0.07311028500619579,0.16728624535315983,0.15117719950433706,0.3073110285006196,0.0768277571251549,0.06939281288723669,0.1524,0.1701,0.1685
ZSQR,Z Squared Inc,Technology,Software - Infrastructure,,,71.07,689.06,0.04,17.97,8.23,-81.91,-80.75,-0.23,-89.21,1.0,564370.0,1.35,2.31,-,80.0,122430000.0,HIGH,-28.63,-10.84,0.93,-23.32,0.6058,False,-20.85,False,-40.82,16.139,19.056,-7.6561,-83.65,0.808,,,,,2.76,1195703.0,,,2798.6,0.03841387856257745,0.008674101610904586,0.030978934324659257,0.3451053283767038,0.4250309789343247,0.01486988847583643,0.042131350681536554,0.1438,0.1537,0.2059
GLND,Greenland Energy Co,Energy,Oil & Gas E&P,,,-601.95,,1.04,56.269999999999996,6.28,-54.72,-88.19,-2.53,-94.78,1.0,1160000.0,0.24,1.2,-,6.0,52480000.0,HIGH,-4.69,-6.15,0.33,0.62,0.2953,False,-9.8,False,-31.44,8.255,3.279,-4.5016,-62.58,0.814,,,,,1.22,965708.0,,,391.8,0.1734820322180917,0.03965303593556382,0.17596034696406448,0.35811648079306074,0.03469640644361834,0.024783147459727387,0.5278810408921933,0.1344,0.2743,0.1478
VELO,Velo3D Inc,Technology,Computer Hardware,,,60.11,52.25,0.0,20.75,35.75,-57.47,-32.51,2.6,-69.07,1.0,2140000.0,0.41,9.82,Aug 11/a,23.25,315700000.0,HIGH,-35.94,-16.47,0.84,-30.63,0.4626,False,-18.43,False,-18.14,7.038,4.304,-4.0397,-67.14,0.561,23.0,-27.03,23.0,-27.03,9.99,11873333.0,,,132.7,0.22924411400247832,0.026022304832713755,0.058240396530359395,0.07063197026022305,0.3073110285006196,0.10408921933085502,0.0161090458488228,0.1326,0.1161,0.1778
LVWR,LiveWire Group Inc,Consumer Cyclical,Recreational Vehicles,,,4.0,55.2,-0.18,0.15,28.76,-7.44,-32.12,1.66,-82.61,3.0,4270000.0,0.03,1.12,Jul 23/b,7.25,230060000.0,HIGH,-4.35,-10.57,0.6,0.96,0.2736,False,-8.98,False,-8.16,11.519,9.091,-6.2717,-69.19,0.048,33.0,-43.59,37.0,42.86,1.1,546078.0,,,559.1,0.06939281288723669,0.021065675340768277,0.21623296158612149,0.008674101610904586,0.09107806691449814,0.35811648079306074,0.5427509293680297,0.1274,0.3093,0.1318
FFAI,Faraday Future Intelligent Electric Inc,Consumer Cyclical,Auto Manufacturers,,,90.36,1448.15,-22.78,0.78,19.83,-96.32,-96.72,5.76,-99.35,1.5,874090.0,1.04,1.76,Aug 13/a,48.0,6790000.0,HIGH,-54.84,-8.7,0.91,-49.53,1.1057,False,-30.32,False,-81.45,13.333,13.095,-4.3446,-96.39,0.662,,,21.0,-57.14,1.68,2343471.0,,,2757.1,0.19454770755885997,0.0012391573729863693,0.008674101610904539,0.14560099132589838,0.3996282527881041,0.0012391573729863693,0.0037174721189591076,0.1252,0.124,0.1853
RGNX,Regenxbio Inc,Healthcare,Biotechnology,,,131.11,405.7300000000001,0.58,-0.45000000000000007,12.28,12.38,-9.61,1.12,-50.93,1.55,1940000.0,0.74,7.95,Aug 06/b,22.09,524470000.0,HIGH,-23.3,-0.8,0.65,-17.99,0.4553,False,-9.2,False,-18.05,5.914,2.739,-7.2096,-45.28,0.69,18.0,-21.5,27.0,-17.24,8.69,12257400.0,,,154.2,0.04460966542750929,0.11524163568773234,0.061957868649318515,0.18711276332094176,0.11895910780669144,0.10842627013630732,0.0768277571251549,0.1061,0.085,0.1148
AIB,AIB Data Centers Inc,Technology,Software - Infrastructure,,,98.74,2317.48,0.0,180.99,0.98,-30.85,140.7,4.94,-79.3,1.0,1170000.0,1.21,1.3,Aug 14/b,5.88,98770000.0,HIGH,-18.9,-6.99,0.41,-13.59,0.4289,True,2.58,False,-18.0,10.204,7.519,-9.859,-44.12,0.743,29.0,-32.14,21.0,-26.92,1.33,1464435.0,,,342.1,0.01982651796778191,0.12267657992565056,0.07311028500619576,0.2503097893432466,0.04275092936802974,0.11152416356877323,0.120817843866171,0.1034,0.0831,0.1061
AZIO,Azio AI Holdings Inc,Technology,Software - Infrastructure,,,77.01,154.33,0.0,7.73,7.34,-24.19,-9.62,0.92,-76.82,1.0,652640.0,0.11,1.17,-,0.7,19350000.0,HIGH,-16.06,-7.26,0.11,-10.75,0.2472,False,-5.83,False,-23.71,8.466,6.087,-5.582,-44.17,0.169,50.0,-31.14,,,1.15,1317783.0,,,-39.1,0.10161090458488228,0.12019826517967781,0.2812887236679058,0.021065675340768277,0.022304832713754646,0.0644361833952912,0.1623296158612144,0.1018,0.156,0.0524
MPLT,MapLight Therapeutics Inc,Healthcare,Biotechnology,,,-83.91,,12.9,-1.72,29.9,-56.8,-36.05,,-70.12,1.31,875010.0,0.46,12.08,Aug 13/a,25.75,638400000.0,HIGH,16.94,-5.73,0.55,22.25,0.2843,True,3.79,False,-34.09,7.554,6.008,-4.0086,-67.47,0.458,6.0,0.08,21.0,13.56,13.15,7533123.0,,,95.8,0.23667905824039653,0.023543990086741014,0.19578686493184638,0.040892193308550186,0.07372986369268897,0.01982651796778191,0.9504337050805453,0.0984,0.461,0.0928
LABT,Lakewood-Amedex Biotherapeutics Inc,Healthcare,Biotechnology,,,-769.45,,0.0,62.45,3.89,-70.64,,,-97.79,,1860000.0,0.05,2.17,Sep 02,12.0,5140000.0,HIGH,-1.85,-2.75,0.04,3.46,0.3689,False,-5.34,False,-8.02,15.398,10.377,-9.3759,-69.05,0.537,10.0,-7.83,,,2.12,3133199.0,,,466.0,0.023543990086741014,0.022304832713754646,0.10161090458488231,0.055762081784386616,0.012391573729863693,0.3618339529120198,0.6517967781908303,0.0962,0.2949,0.1134
TENX,Tenax Therapeutics Inc,Healthcare,Biotechnology,,,-27.690000000000005,,79.64,25.77,29.63,-84.16,-86.91,0.92,-90.57,1.8,5230000.0,0.31,1.83,Jul 31/b,9.62,68490000.0,HIGH,8.77,-6.06,0.28,14.08,0.3588,False,-3.23,False,-78.41,11.59,3.226,-8.6437,-90.41,0.837,51.0,-86.0,31.0,-86.42,1.86,13840366.0,,,417.2,0.02973977695167286,0.0024783147459727386,0.10780669144981414,0.39714993804213133,0.030978934324659233,0.0024783147459727386,0.8983890954151177,0.0951,0.401,0.1151
BETR,Better Home & Finance Holding Co,Financial,Mortgage Finance,,,31.33,17.19,2.24,13.61,48.77,-55.71,-55.50999999999999,1.74,-86.42,1.5,529670.0,0.97,12.77,Aug 06/a,25.71,242770000.0,HIGH,-5.72,-6.14,0.54,-0.41,0.2648,False,-2.11,False,-29.69,9.934,5.797,-5.9518,-60.31,0.565,52.0,-53.58,26.0,-17.43,12.77,7900181.0,,,101.3,0.08550185873605948,0.04956629491945477,0.241635687732342,0.07434944237918216,0.07063197026022305,0.0322180916976456,0.4770755885997522,0.0923,0.2845,0.0657
GCTK,GlucoTrack Inc,Healthcare,Medical Devices,,,92.08,,0.0,,3.9,-62.73,-86.61,0.71,-98.33,,759290.0,0.08,2.27,-,,1820000.0,HIGH,-52.24,-16.38,0.84,-46.93,0.9746,False,-39.77,False,-54.51,17.131,14.694,-6.5227,-81.85,0.212,32.0,-42.69,,,2.45,752347.0,,,,0.0644361833952912,0.012391573729863693,0.013630731102850069,0.024783147459727387,0.3073110285006196,0.006195786864931847,0.004956629491945477,0.0715,0.0983,0.1007
WYFI,Whitefiber Inc,Technology,Information Technology Services,,54.3,-72.22,59.489999999999995,-0.02,5.17,55.65,-43.9,6.32,6.29,-64.11,1.18,2820000.0,0.48,16.82,Aug 12/b,40.82,653430000.0,HIGH,-42.04,-14.49,0.55,-36.73,0.6245,False,-13.39,False,-29.6,8.24,4.832,-6.882,-62.47,0.529,21.0,-37.67,23.0,-27.37,17.59,62338991.0,,,132.1,0.057001239157372985,0.040892193308550186,0.029739776951672847,0.052664188351920695,0.07372986369268897,0.03345724907063197,0.009913258983890954,0.0479,0.035,0.0542
CAPR,Capricor Therapeutics Inc,Healthcare,Biotechnology,,,-24.04,,-4.73,16.07,42.13,-67.96,-71.99,0.62,-78.8,2.2,6440000.0,0.34,8.56,Aug 13/a,33.56,497670000.0,HIGH,18.26,-2.76,0.37,23.57,0.5494,True,2.79,False,-20.17,11.318,6.016,-8.7633,-71.52,0.357,14.0,29.56,21.0,109.26,8.81,64147293.0,,,280.9,0.027261462205700124,0.01982651796778191,0.044609665427509326,0.03345724907063197,0.03717472118959108,0.08426270136307311,0.9591078066914498,0.0411,0.4082,0.0455
GDC,GD Culture Group Limited,Communication Services,Electronic Gaming & Multimedia,,,-118.40000000000002,,0.0,2.98,15.16,-95.01,-99.86,1.98,-99.95,,1390000.0,0.12,1.31,-,,5450000.0,HIGH,-23.33,-4.83,0.08,-18.02,0.7196,False,-13.88,False,-16.31,8.494,6.522,-10.7259,-77.92,0.252,18.0,-26.2,,,1.38,3467792.0,,,,0.0161090458488228,0.01486988847583643,0.019826517967781898,0.027261462205700124,0.016728624535315983,0.13816604708798016,0.07558859975216853,0.0388,0.0412,0.0496
ZNB,Zeta Network Group,Communication Services,Entertainment,,,-409.55,28.550000000000004,-99.67,-37.33,7.0,-82.54,-95.84,2.71,-99.97,,726270.0,0.03,1.33,-,,1290000.0,HIGH,-33.49,-12.42,0.02,-28.18,0.5612,False,-18.61,False,-42.37,9.169,7.801,-5.014,-76.18,0.036,,,,,1.41,3035953.0,,,,0.14002478314745972,0.01734820322180917,0.042131350681536506,0.006195786864931847,0.006815365551425031,0.012391573729863693,0.027261462205700124,0.0375,0.0256,0.0414
IPST,IP Strategy Holdings Inc,Financial,Capital Markets,,,28.410000000000004,56.8,0.0,-0.83,7.47,-12.61,-73.66,5.34,-99.43,1.0,2400000.0,0.01,3.05,-,164.0,2200000.0,HIGH,-55.07,-17.21,0.0,-49.76,2.1098,False,-45.39,False,-12.94,22.313,11.747,-60.8818,-86.9,0.009,20.0,50.91,,,3.32,69708926.0,,,4839.8,0.0024783147459727386,0.0037174721189591076,0.0012391573729864103,0.0012391573729863693,0.0018587360594795538,0.1982651796778191,0.0024783147459727386,0.0348,0.0019,0.051
FCUV,Focus Universal Inc,Technology,Scientific & Technical Instruments,,,66.36,1811.04,0.0,9.18,2.53,74.65,-67.9,-0.24,-97.44,,3730000.0,0.01,5.38,-,4.5,3780000.0,HIGH,-16.18,-7.95,0.18,-10.87,1.6337,False,-43.06,False,-16.62,51.209,7.022,-20.2725,-76.35,0.157,9.0,-44.77,,,5.44,4056433.0,,,-17.3,0.008674101610904586,0.0161090458488228,0.00495662949194553,0.01982651796778191,0.026022304832713755,0.1325898389095415,0.15985130111524162,0.0347,0.0732,0.0468
AIAI,AIAI Holdings Corp,Industrials,Conglomerates,,,,,-0.86,80.29,2.72,-76.58,,,-82.24,,537000.0,0.4,3.47,-,,271970000.0,HIGH,-31.94,-13.67,0.27,-26.63,0.8491,False,-20.31,False,-42.31,17.386,7.038,-15.0741,-81.94,0.614,16.0,-24.72,,,3.41,6056321.0,,,,0.011152416356877323,0.011152416356877323,0.01610904584882278,0.1090458488228005,0.029120198265179677,0.013630731102850062,0.03345724907063197,0.0317,0.027,0.0407
EXYN,Exyn Technologies Inc,Technology,Software - Infrastructure,,,,,0.0,14.679999999999998,7.05,-58.59000000000001,,,-64.17,1.0,663130.0,0.2,2.58,Aug 19/a,10.0,20520000.0,HIGH,2.86,-5.62,0.1,8.17,0.8043,False,-7.81,False,-21.33,17.489,10.317,-16.3064,-63.95,0.101,14.0,9.57,17.0,59.49,2.52,3335203.0,,,296.8,0.009913258983890954,0.03345724907063197,0.01734820322180919,0.0161090458488228,0.021065675340768277,0.07558859975216853,0.8178438661710037,0.0289,0.3387,0.0307
SGLY,Singularity Future Technology Ltd,Industrials,Integrated Freight & Logistics,,,280.13,11.19,0.0,0.34,0.34,-72.52,-76.91,1.4,-93.5,1.0,1300000.0,0.13,1.32,-,1.75,7130000.0,HIGH,-69.71,-13.92,0.08,-64.4,1.6437,False,-36.08,False,-63.54,20.903,14.706,-13.7186,-84.28,0.632,34.0,-66.08,,,1.36,11879163.0,,,28.7,0.01486988847583643,0.007434944237918215,0.0037174721189591198,0.12019826517967781,0.016728624535315983,0.0037174721189591076,0.0012391573729863693,0.0278,0.0066,0.0389
AEMD,Aethlon Medical Inc,Healthcare,Medical Devices,,,90.52,,0.0,2.32,29.22,-85.3,-86.07,1.52,-96.44,3.0,1060000.0,0.04,1.47,Aug 13/a,13.25,2360000.0,HIGH,-47.62,-14.92,0.02,-42.31,0.8852,False,-29.39,False,-44.69,19.295,7.792,-6.6342,-84.29,0.07,,,21.0,-45.58,1.54,7721088.0,,,760.4,0.061957868649318466,0.006195786864931847,0.014869888475836479,0.013630731102850062,0.006815365551425031,0.009913258983890954,0.007434944237918215,0.0189,0.0095,0.0231
AMIX,Autonomix Medical Inc,Healthcare,Medical Devices,,,77.77,,0.0,9.89,3.49,-49.63,-54.94,-1.0,-87.07,1.0,4510000.0,0.03,4.21,Sep 02,58.8,7700000.0,HIGH,-32.34,-5.46,0.02,-27.03,0.6293,False,-17.12,False,-26.84,16.775,4.388,-9.5107,-82.46,0.013,29.0,18.63,,,4.33,15573703.0,,,1258.0,0.022304832713754646,0.009913258983890954,0.028500619578686548,0.0024783147459727386,0.006815365551425031,0.04337050805452292,0.0322180916976456,0.0189,0.0235,0.0187
JUNS,Jupiter Neurosciences Inc,Healthcare,Biotechnology,,,19.9,,0.0,16.15,5.58,-82.96,-90.5,1.67,-97.82,1.0,983840.0,0.06,3.01,-,1875.0,3970000.0,HIGH,-34.17,10.71,0.03,-28.86,0.983,False,-18.77,False,-55.3,14.556,14.575,-8.2246,-84.74,0.034,,,,,3.41,16744644.0,,,54885.3,0.03593556381660471,0.004956629491945477,0.012391573729863659,0.004956629491945477,0.009913258983890954,0.004956629491945477,0.022304832713754646,0.0122,0.0156,0.0139
AAP,Advance Auto Parts Inc,Consumer Cyclical,Auto Parts,31.55,11.09,263.7,-0.5,0.0,3.2,16.55,-28.78,-18.27,1.07,-33.34,3.04,1930000.0,0.72,43.47,Aug 20/b,50.21,2630000000.0,HIGH,-20.65,5.76,0.73,-15.34,0.4353,False,-0.67,False,-12.79,3.414,2.444,-5.8126,-28.78,0.829,29.0,-19.16,17.0,6.18,45.01,117311396.0,shrinking revenue,,11.6,,,,,,,,,,
ABR,Arbor Realty Trust Inc,Real Estate,REIT - Mortgage,70.4,7.76,-257.57,-3.04,0.45000000000000007,3.2199999999999998,24.58,-12.4,-41.3,1.19,-64.06,3.4,3910000.0,1.03,4.52,Jul 31/b,5.88,843240000.0,HIGH,-7.0,-7.19,1.04,-1.69,0.1351,False,-7.61,False,-8.23,3.303,3.011,-2.2891,-15.3,1.064,26.0,-9.36,31.0,-2.92,4.65,18365585.0,shrinking revenue,,26.5,,,,,,,,,,
ABSI,Absci Corp,Healthcare,Biotechnology,,,11.98,-46.37,0.64,18.52,24.84,9.22,217.60000000000002,2.32,-34.14,1.18,4520000.0,0.52,7.94,Aug 11/a,14.4,1360000000.0,HIGH,-12.45,-9.2,1.07,-7.14,0.2158,False,-9.67,False,-9.68,6.832,2.843,-5.1636,-32.89,0.809,18.0,-8.59,23.0,-14.03,8.09,25294279.0,shrinking revenue,,78.0,,,,,,,,,,
ABUS,Arbutus Biopharma Corp,Healthcare,Biotechnology,6.46,,-298.47,-90.56,0.0,0.57,12.0,17.13,16.06,0.75,-7.16,1.0,3110000.0,1.3,5.06,Aug 12/b,5.5,1000000000.0,HIGH,8.92,-0.97,0.75,14.23,0.1139,True,0.98,True,7.01,1.699,1.17,-2.5185,-5.87,1.229,16.0,7.55,23.0,11.76,5.13,26261254.0,shrinking revenue,,7.2,,,,,,,,,,
ACDC,ProFrac Holding Corp,Energy,Oil & Gas Equipment & Services,,,33.5,-0.76,1.31,3.4000000000000004,17.4,-30.709999999999997,-25.730000000000004,1.5,-41.0,4.5,1580000.0,0.81,4.85,Aug 06/b,5.38,883300000.0,HIGH,-7.58,-9.96,1.15,-2.27,0.218,False,-2.68,True,1.63,7.289,8.094,-5.2269,-24.11,0.627,5.0,-5.24,27.0,9.29,4.88,6657616.0,shrinking revenue,,10.2,,,,,,,,,,
ACH,Accendra Health Inc,Healthcare,Medical Distribution,,6.08,89.72,-10.07,0.0,-0.22,12.68,-63.36999999999999,-54.13,1.51,-80.49,3.4,1170000.0,0.58,1.11,Aug 10/b,1.56,85360000.0,HIGH,4.67,1.82,0.62,9.98,0.2483,False,-4.27,False,-49.71,7.908,10.714,-6.1328,-70.83,0.731,42.0,-69.15,25.0,-20.0,1.12,1671163.0,shrinking revenue,,39.3,,,,,,,,,,
ACHC,Acadia Healthcare Company Inc,Healthcare,Medical Care Facilities,,15.03,-64.09,-0.39,0.0,-0.14,25.94,9.56,20.14,0.62,-23.58,1.93,2590000.0,0.46,27.38,Jul 28/a,33.57,2550000000.0,HIGH,-6.67,1.82,0.71,-1.36,0.1427,False,-1.44,False,-8.09,5.14,5.071,-3.1911,-21.85,0.531,39.0,-18.68,33.0,2.38,28.0,43178058.0,shrinking revenue,,19.9,,,,,,,,,,
ACRS,Aclaris Therapeutics Inc,Healthcare,Biotechnology,,,-19.7,-8.33,-0.89,4.63,13.35,26.72,47.73,0.88,-16.29,1.15,2100000.0,0.63,5.53,Aug 06/b,10.58,813270000.0,HIGH,-4.73,-6.93,2.67,0.58,0.2175,False,-6.83,False,-2.64,6.136,7.535,-3.7089,-14.55,1.821,14.0,-10.62,27.0,-7.39,5.64,13093898.0,shrinking revenue,,87.6,,,,,,,,,,
ACVA,ACV Auctions Inc,Consumer Cyclical,Auto & Truck Dealerships,,30.33,-12.38,10.45,0.0,0.9399999999999998,9.85,65.29,114.16999999999999,1.74,-1.56,2.8,5940000.0,2.06,10.43,Aug 10/a,9.92,1770000000.0,HIGH,36.61,48.08,1.8,41.92,0.5405,True,37.93,True,37.75,5.386,0.288,-10.4131,-0.48,4.823,2.0,44.18,24.0,43.39,10.41,96402836.0,>20% above 20-day SMA; fresh >10% breakout,,-4.7,,,,,,,,,,
ADIG,ADI Global Distribution Inc,Technology,Computer Hardware,,,,,0.0,39.71,4.83,,,,-34.04,2.0,1080000.0,0.79,20.44,Aug 13/b,28.5,1550000000.0,HIGH,-5.04,-2.58,0.7,0.27,0.1331,False,-4.31,,,6.251,4.668,-3.7637,,,,,22.0,-19.37,20.35,19219794.0,incomplete signals,,40.0,,,,,,,,,,
AEO,American Eagle Outfitters Inc,Consumer Cyclical,Apparel Retail,7.58,7.72,74.24,7.53,-0.15,-0.37,11.6,-19.77,-14.93,1.28,-47.96,2.93,5430000.0,1.37,14.81,Sep 09/a,18.36,2480000000.0,HIGH,-5.63,-10.39,1.04,-0.32,0.1844,False,-6.39,False,-8.72,5.574,6.87,-4.1394,-17.88,2.769,25.0,-14.13,3.0,6.19,15.43,118212827.0,post-earnings jump,,19.0,,,,,,,,,,
AHCO,AdaptHealth Corp,Healthcare,Medical Devices,,,-1103.98,-7.5,0.9899999999999999,0.08,12.01,-41.57,-44.15,1.41,-56.66,1.14,2700000.0,1.3,5.82,Aug 04/b,9.14,793520000.0,HIGH,1.2,-5.01,1.35,6.51,0.202,True,1.02,False,-25.15,5.644,6.548,-4.1934,-49.74,1.07,7.0,-2.65,29.0,-12.37,5.88,16055416.0,shrinking revenue,,55.4,,,,,,,,,,
AHRT,AH Realty Trust Inc,Real Estate,REIT - Diversified,,,-745.55,-48.1,0.16,-0.21,4.17,-6.329999999999999,12.97,1.11,-17.51,2.25,690420.0,0.93,6.36,Aug 03/a,7.5,609980000.0,HIGH,-6.31,-4.0,0.82,-1.0,0.0947,False,-4.77,False,-8.39,2.06,2.404,-1.0971,-13.33,0.891,54.0,-12.36,29.0,-10.09,6.24,3526943.0,shrinking revenue,,20.2,,,,,,,,,,
AI,C3.ai Inc,Technology,Software - Infrastructure,,,30.579999999999995,-25.46,-15.560000000000002,9.04,32.73,-2.18,22.61,2.09,-46.64,3.77,5390000.0,0.82,10.79,Sep 02/a,8.3,1730000000.0,HIGH,15.15,6.28,1.05,20.46,0.1482,True,7.85,True,15.19,4.793,7.654,-3.129,-1.8,0.957,1.0,5.98,7.0,6.18,11.17,56359593.0,shrinking revenue,,-25.7,,,,,,,,,,
AIRS,Airsculpt Technologies Inc,Healthcare,Medical Care Facilities,,,-58.59000000000001,-2.53,0.93,-2.62,28.72,-58.07,-24.06,2.27,-82.25,2.33,723600.0,1.54,2.13,Aug 10/b,4.5,153570000.0,HIGH,-22.85,-12.01,0.64,-17.54,0.2597,False,-9.32,False,-34.94,7.674,2.437,-5.2171,-54.23,1.252,26.0,-50.1,25.0,-13.45,2.38,2363153.0,shrinking revenue,,89.1,,,,,,,,,,
AIV,Apartment Investment & Management Co,Real Estate,REIT - Residential,,,1182.77,-36.06,0.0,-0.03,1.67,-20.21,-21.5,1.18,-27.339999999999996,1.0,1260000.0,1.16,2.29,Mar 02/a,6.7,332590000.0,HIGH,-9.54,-4.44,1.93,-4.23,0.1192,False,-6.58,False,-10.06,2.502,4.219,-1.1608,-21.26,1.55,,,,,2.37,3361380.0,shrinking revenue,,182.7,,,,,,,,,,
AIXC,AIxCrypto Holdings Inc,Technology,Software - Infrastructure,,,79.4,,0.0,2.69,5.36,-25.180000000000003,-10.87,0.45,-88.37,,1340000.0,0.5,1.02,May 11/a,250.0,21640000.0,HIGH,67.61,72.46,0.8,72.92,1.0445,True,30.18,True,37.6,10.024,29.412,-22.8747,-62.1,0.53,19.0,67.61,,,1.19,5247549.0,>20% above 20-day SMA,,20908.4,,,,,,,,,,
AKR,Acadia Realty Trust,Real Estate,REIT - Retail,58.07,61.26,312.1,-5.14,-3.27,4.42,8.76,-9.58,-3.6799999999999997,1.12,-14.719999999999999,1.29,1540000.0,1.69,19.64,Jul 28/a,24.71,2740000000.0,HIGH,-4.8,-2.7,1.31,0.51,0.0956,False,-3.85,False,-6.64,1.816,2.472,-0.7336,-13.94,0.966,39.0,-11.36,33.0,-10.48,19.82,30383787.0,shrinking revenue,,24.7,,,,,,,,,,
ALEC,Alector Inc,Healthcare,Biotechnology,,,32.03,-57.84,-0.78,2.74,7.49,37.5,-7.919999999999999,0.6,-40.15,2.86,1190000.0,0.6,2.04,Aug 06/a,3.1,227220000.0,HIGH,7.8,-10.53,1.51,13.11,0.2637,False,-5.43,True,14.76,9.57,5.882,-5.9917,-19.93,2.056,8.0,-7.92,26.0,24.16,2.21,3774896.0,shrinking revenue,,40.3,,,,,,,,,,
ALIT,Alight Inc,Technology,Software - Application,,2.46,99.06,-3.2199999999999998,0.73,-16.95,3.99,-10.33,-24.82,1.66,-83.96,2.8,857680.0,0.38,11.87,Aug 04/a,20.33,319770000.0,HIGH,-7.96,-8.03,1.02,-2.65,0.2714,False,-10.08,False,-24.59,6.567,4.026,-4.0548,-47.76,0.723,45.0,-36.95,28.0,-14.28,12.37,5951787.0,shrinking revenue,,64.3,,,,,,,,,,
ALMS,Alumis Inc,Healthcare,Biotechnology,,,-243.88,-37.66,2.4,3.4799999999999995,5.92,-63.47999999999999,-67.94,-0.33,-73.21,1.3,2190000.0,1.83,8.4,Aug 13/a,31.12,1120000000.0,HIGH,-63.84,-12.85,1.02,-58.53,1.585,False,-47.37,False,-60.94,20.033,3.644,-13.3717,-70.59,1.797,49.0,-66.19,21.0,-62.23,9.22,45355194.0,shrinking revenue,,237.5,,,,,,,,,,
ALMU,Aeluma Inc,Technology,Semiconductors,,,-190.14,-2.63,-3.17,5.52,25.25,-47.33,-12.06,0.35,-58.70000000000001,1.0,525860.0,1.22,13.13,Sep 16/a,30.5,252960000.0,HIGH,-29.47,-5.79,1.33,-24.16,0.3842,False,-9.69,False,-19.26,5.766,4.984,-3.7438,-52.32,0.867,21.0,-28.75,,,12.54,6217098.0,shrinking revenue,,143.2,,,,,,,,,,
ALT,Altimmune Inc,Healthcare,Biotechnology,,,54.71,-100.0,0.45999999999999996,36.33,27.06,22.35,-10.77,0.04,-49.84,1.33,4470000.0,0.52,3.23,Aug 12/b,17.12,628290000.0,HIGH,10.0,-1.79,0.63,15.31,0.166,True,3.68,True,8.27,4.229,2.727,-3.2419,-7.04,0.696,6.0,2.17,23.0,12.63,3.3,12410022.0,shrinking revenue,,418.8,,,,,,,,,,
AMCX,AMC Global Media Inc,Communication Services,Entertainment,,5.08,-155.88,-8.75,0.0,2.89,24.26,26.06,76.41,1.38,-5.69,3.75,625620.0,0.86,12.19,Jul 30/b,9.8,502840000.0,HIGH,1.49,1.57,1.21,6.8,0.1043,False,-0.54,True,7.9,4.156,3.912,-2.3512,-5.1,0.969,16.0,0.66,32.0,26.36,12.27,6412065.0,shrinking revenue,,-20.1,,,,,,,,,,
AMPG,Amplitech Group Inc,Technology,Communication Equipment,,41.62,-39.38,-26.810000000000002,-2.9,2.23,16.05,-55.60000000000001,18.93,-0.26,-67.06,1.0,2630000.0,0.23,3.33,Aug 13/a,7.0,100050000.0,HIGH,-8.65,-5.19,0.42,-3.34,0.1443,False,-2.64,False,-30.84,5.759,2.071,-4.1219,-66.53,0.291,,,21.0,-15.39,3.38,5525860.0,shrinking revenue,,107.1,,,,,,,,,,
AMPY,Amplify Energy Corp,Energy,Oil & Gas E&P,10.24,11.47,168.67,-22.93,-8.54,-3.09,12.49,19.66,-21.5,0.06,-27.390000000000004,1.0,833610.0,0.65,4.93,Aug 10/a,7.75,204380000.0,HIGH,-0.21,-2.63,1.23,5.1,0.0913,False,-0.75,True,9.98,3.312,5.613,-1.6969,-5.31,0.802,10.0,1.05,24.0,15.63,4.81,3053119.0,shrinking revenue,,61.1,,,,,,,,,,
AMTM,Amentum Holdings Inc,Industrials,Specialty Business Services,24.13,7.7,553.88,-1.9900000000000002,0.0,2.14,6.13,-10.17,-26.58,0.27,-47.15,2.36,2100000.0,0.93,20.14,Aug 10/a,29.55,4920000000.0,HIGH,-3.38,-1.99,0.77,1.93,0.1069,False,-2.38,False,-7.43,2.539,1.722,-2.5514,-21.29,0.813,26.0,-17.2,24.0,-11.99,19.74,43173121.0,shrinking revenue,,49.7,,,,,,,,,,
ANAB,AnaptysBio Inc,Healthcare,Biotechnology,,19.12,-43.62,-7.980000000000001,-1.9,5.66,19.59,-8.12,26.63,0.91,-24.43,1.2,592970.0,0.59,54.68,Sep 11,84.5,1620000000.0,HIGH,-9.35,-4.4,0.98,-4.04,0.1144,False,-4.95,False,-5.36,4.436,3.142,-1.8229,-23.69,0.85,21.0,-3.41,,,54.11,25292056.0,shrinking revenue,,56.2,,,,,,,,,,
ANGI,Angi Inc,Communication Services,Internet Content & Information,,11.36,-2595.05,-10.86,0.0,-1.87,12.15,-8.27,-34.51,1.73,-72.85,2.75,829250.0,0.7,4.99,Aug 04/a,8.0,202380000.0,HIGH,11.21,5.53,0.92,16.52,0.1318,True,3.78,False,-6.88,5.89,6.048,-4.4323,-24.04,1.052,49.0,-20.51,28.0,3.55,4.96,3769078.0,shrinking revenue,,61.3,,,,,,,,,,
ANY,Sphere 3D Corp,Financial,Capital Markets,,,-545.15,-18.75,0.0,21.29,4.28,-10.9,63.53,3.33,-77.94,1.0,665970.0,0.49,2.78,Aug 14/b,30.0,24200000.0,HIGH,39.52,19.59,0.59,44.83,0.4212,True,23.65,True,33.82,8.501,11.945,-9.1864,-30.4,1.245,2.0,15.35,21.0,40.19,2.93,1467884.0,>20% above 20-day SMA; fresh >10% breakout; shrinking revenue,,923.9,,,,,,,,,,
AOSL,Alpha & Omega Semiconductor Ltd,Technology,Semiconductors,,78.6,83.17,-3.46,-1.27,3.7000000000000006,10.71,-47.71,15.54,2.66,-54.44,2.0,657170.0,0.82,24.76,Aug 12/a,46.4,749220000.0,HIGH,-22.05,-5.06,1.09,-16.74,0.2565,False,-6.34,False,-20.34,4.94,3.179,-3.5379,-52.84,0.855,23.0,-30.48,22.0,-20.9,24.22,14506589.0,shrinking revenue,,91.6,,,,,,,,,,
ARCT,Arcturus Therapeutics Holdings Inc,Healthcare,Biotechnology,,,-147.28,-96.41,0.0,4.76,23.4,116.10000000000001,138.91,2.47,-34.46,1.46,856500.0,0.65,15.84,Aug 06/a,22.3,450220000.0,HIGH,87.84,-2.18,0.39,93.15,0.7342,True,8.62,True,59.93,9.885,7.26,-8.4936,-13.86,0.725,9.0,3.59,26.0,151.48,15.29,21088609.0,>40% above 50-day SMA; shrinking revenue,,45.8,,,,,,,,,,
AREC,American Resources Corp,Industrials,Waste Management,,6.98,56.13,-99.93,0.0,-2.03,14.55,-4.91,-33.16,1.16,-70.58,1.0,2590000.0,0.65,2.06,Aug 18,6.0,220360000.0,HIGH,-30.85,-16.73,0.85,-25.54,0.354,False,-17.53,False,-7.46,7.16,3.922,-4.3466,-30.85,0.619,20.0,-29.17,,,2.04,4196728.0,shrinking revenue,,194.1,,,,,,,,,,
ARI,Apollo Commercial Real Estate Finance Inc,Real Estate,REIT - Mortgage,8.25,11.55,-12.45,-239.95,-0.4099999999999999,-6.35,4.31,-8.57,-5.65,1.45,-13.29,1.5,5320000.0,0.36,6.51,Aug 10/a,8.0,836830000.0,HIGH,-3.81,-3.24,0.66,1.5,0.058,False,-3.74,False,-10.77,1.479,1.37,-0.8119,-39.78,0.517,17.0,-4.78,24.0,-1.2,6.57,16417802.0,shrinking revenue,,21.8,,,,,,,,,,
ARRY,Array Technologies Inc,Technology,Solar,,4.91,-70.86,-5.57,0.0,0.18,23.37,-45.79,-34.23,1.8,-64.19,2.13,6570000.0,1.05,4.38,Aug 05/a,8.92,674550000.0,HIGH,-11.45,-6.17,0.69,-6.14,0.1369,False,-4.59,False,-16.81,4.901,2.834,-2.7842,-49.22,0.898,,,27.0,-16.0,4.41,27183148.0,shrinking revenue,,102.3,,,,,,,,,,
ARTW,Art's-way Manufacturing Co Inc,Industrials,Farm & Heavy Construction Machinery,,,-88.52,23.95,0.0,3.1,1.49,11.7,33.94,1.06,-29.020000000000003,1.0,555050.0,0.0,2.96,-,7.0,15390000.0,HIGH,-5.59,-2.25,0.1,-0.28,0.1773,True,1.15,True,15.12,5.804,3.289,-3.5239,-27.1,0.01,6.0,0.33,,,3.04,96699.0,illiquid (<$500K/day),,130.3,,,,,,,,,,
ASPN,Aspen Aerogels Inc,Basic Materials,Specialty Chemicals,,,-154.63,-36.11,0.0,5.57,12.09,-19.54,43.36,3.07,-48.01,2.2,1290000.0,0.38,4.86,Aug 06/b,7.94,403330000.0,HIGH,-16.32,-0.81,0.79,-11.01,0.2225,False,-3.95,False,-6.29,4.318,3.285,-2.8142,-39.88,0.564,27.0,-2.79,27.0,-2.79,4.87,3685032.0,shrinking revenue,,63.0,,,,,,,,,,
ASST,Strive Inc,Financial,Asset Management,,50.36,-10.31,-19.2,0.15,15.960000000000003,24.01,65.39,153.87,13.21,-82.53,1.0,5720000.0,1.89,27.57,Aug 10/b,29.4,2570000000.0,HIGH,119.92,6.89,0.94,125.23,0.9065,True,30.05,True,78.39,7.887,6.889,-5.8216,-1.93,1.545,2.0,7.92,25.0,133.36,29.03,238802965.0,>40% above 50-day SMA; >20% above 20-day SMA; shrinking revenue,,1.3,,,,,,,,,,
ATEC,Alphatec Holdings Inc,Healthcare,Medical Devices,,17.49,40.0,15.07,-0.29,-1.17,11.69,28.59,-15.4,0.77,-54.230000000000004,1.0,2560000.0,1.12,10.66,Aug 04/a,15.79,1650000000.0,HIGH,14.92,18.17,2.09,20.23,0.1996,True,14.61,True,16.37,4.67,5.893,-4.9544,-1.54,1.624,2.0,22.85,28.0,13.48,10.86,19326547.0,fresh >10% breakout,,45.4,,,,,,,,,,
ATKR,Atkore Inc,Industrials,Electrical Equipment & Parts,,14.91,-98.25,8.13,-0.95,4.07,3.41,19.31,68.36,1.69,0.17,3.33,781930.0,1.32,94.55,Aug 03/b,93.5,3190000000.0,HIGH,0.38,0.21,1.27,5.69,0.0104,True,0.37,True,10.22,0.291,0.404,-0.1348,-0.34,0.87,4.0,0.21,30.0,28.93,94.07,62360338.0,deal-pinned,,-0.6,,,,,,,,,,
BAER,Bridger Aerospace Group Holdings Inc,Industrials,Security & Protection Services,,,-14.82,-0.84,-32.06,-18.49,3.72,-45.7,-48.73,0.32,-70.64,1.0,929500.0,0.51,1.01,Aug 06/a,3.67,59410000.0,HIGH,-14.29,-7.27,0.75,-8.98,0.2069,False,-8.97,False,-32.49,5.14,4.608,-2.9839,-51.31,0.487,32.0,-46.03,26.0,-19.05,1.02,1117814.0,shrinking revenue,REVIEW,259.8,,,,,,,,,,
BANC,Banc of California Inc,Financial,Banks - Regional,,8.85,-1485.65,-60.17,-2.05,3.42,6.5,-5.78,9.61,0.77,-15.18,1.58,2970000.0,1.04,18.6,Jul 29/b,22.08,2950000000.0,HIGH,-6.25,-0.86,1.05,-0.94,0.0707,False,-1.38,False,-5.78,2.039,2.329,-1.3813,-15.82,0.882,39.0,-11.29,33.0,-0.7,18.46,40034655.0,shrinking revenue,,19.6,,,,,,,,,,
BATRK,Atlanta Braves Holdings Inc,Communication Services,Entertainment,,,-140.5,-2.34,-0.19,,7.17,-0.24,16.71,0.84,-6.9,2.0,572130.0,1.13,50.7,Aug 05/b,67.0,3260000000.0,HIGH,-5.33,-1.09,0.83,-0.02,0.1075,False,-2.39,False,-2.53,2.489,2.525,-1.5024,-8.35,0.67,23.0,-2.06,28.0,0.32,49.91,24031892.0,shrinking revenue,,34.2,,,,,,,,,,
BBW,Build A Bear Workshop Inc,Consumer Cyclical,Specialty Retail,6.38,6.75,-25.129999999999995,-7.21,-1.48,0.07,23.31,-20.82,-33.14,1.04,-66.06,1.0,543380.0,1.24,25.74,Aug 27/b,43.0,317100000.0,HIGH,-28.88,-6.79,0.51,-23.57,0.6026,False,-17.33,False,-19.6,8.132,3.903,-6.6018,-32.4,0.958,18.0,-27.46,12.0,-4.5,27.16,29911359.0,shrinking revenue,,58.3,,,,,,,,,,
BBWI,Bath & Body Works Inc,Consumer Cyclical,Specialty Retail,4.34,6.05,92.61,-2.26,0.0,-0.45000000000000007,8.7,-14.08,-18.12,1.39,-39.07,2.48,5880000.0,1.45,16.72,Aug 26/b,22.07,3370000000.0,HIGH,-4.78,-5.24,0.84,0.53,0.1538,False,-4.87,False,-8.66,6.014,3.294,-4.1254,-24.53,1.005,54.0,-21.65,13.0,1.88,17.91,131352076.0,shrinking revenue,,23.2,,,,,,,,,,
BCDA,BioCardia Inc,Healthcare,Biotechnology,,,67.06,,1.81,10.26,17.46,47.64,-3.15,0.59,-44.34,1.0,501910.0,1.04,1.23,Aug 12/a,15.5,18630000.0,HIGH,26.6,7.21,3.13,31.91,0.269,True,9.73,True,22.25,5.942,10.924,-3.7107,-5.56,0.736,16.0,22.68,22.0,35.23,1.19,208035.0,illiquid (<$500K/day),,1202.5,,,,,,,,,,
BEAM,Beam Therapeutics Inc,Healthcare,Biotechnology,,,-17.25,-94.21,-4.7,1.31,27.46,-25.39,-8.91,2.21,-39.31,1.25,2150000.0,1.2,23.22,Aug 04/b,51.07,2400000000.0,HIGH,-11.0,-10.1,0.77,-5.69,0.3141,False,-14.1,False,-15.05,6.896,3.897,-4.5986,-36.96,1.363,14.0,-14.86,29.0,-6.91,24.12,52500473.0,shrinking revenue,,111.7,,,,,,,,,,
BGS,B&G Foods Inc,Consumer Defensive,Packaged Foods,,6.12,59.89,-9.7,-0.33,-5.08,17.42,-20.4,-37.67,0.54,-50.470000000000006,3.4,2120000.0,0.7,3.16,Aug 11/a,4.2,256829999.99999997,HIGH,-8.41,-4.24,1.02,-3.1,0.1501,False,-6.94,False,-11.12,3.21,2.848,-2.3513,-24.4,1.039,,,23.0,-7.33,3.16,6596688.0,shrinking revenue,,32.9,,,,,,,,,,
BHR,Braemar Hotels & Resorts Inc,Real Estate,REIT - Hotel & Motel,,,95.64,-4.5,0.0,-0.73,3.41,-12.26,-22.82,0.81,-41.69,3.0,586140.0,0.43,1.86,Aug 05/a,2.5,127740000.0,HIGH,-8.7,2.72,0.71,-3.39,0.1851,False,-4.13,False,-8.42,3.326,3.175,-1.7583,-22.54,0.894,34.0,-17.11,27.0,-7.8,1.89,703846.0,shrinking revenue,,32.3,,,,,,,,,,
BIRD,Smartbird Inc,Technology,Software - Infrastructure,,,27.229999999999997,-93.05,-2.52,1.03,19.09,-29.87,-13.41,2.62,-88.92,3.0,1880000.0,0.12,2.36,Aug 12,8.0,27810000.0,HIGH,1.21,0.4,0.28,6.52,0.1433,True,1.95,False,-3.76,7.04,4.382,-4.7603,-67.61,0.377,12.0,5.46,,,2.51,1713301.0,shrinking revenue,,218.7,,,,,,,,,,
BKD,Brookdale Senior Living Inc,Healthcare,Medical Care Facilities,,69.03,152.05,-11.61,0.0,5.83,18.82,-12.93,-16.43,0.52,-30.659999999999997,1.17,5090000.0,1.19,11.85,Aug 10/a,19.25,2830000000.0,HIGH,-2.62,-1.49,0.59,2.69,0.0582,False,-0.88,False,-11.72,3.383,3.946,-1.6066,-26.98,0.811,54.0,-24.19,24.0,-5.1,11.91,51258894.0,shrinking revenue,,61.6,,,,,,,,,,
BKKT,Bakkt Inc,Technology,Software - Infrastructure,,,189.82,-70.56,6.64,9.02,22.35,-13.95,-20.02,6.05,-84.51,1.0,1270000.0,1.14,7.71,Aug 10/a,12.5,347480000.0,HIGH,16.15,0.12,0.53,21.46,0.2521,True,4.03,True,5.76,6.966,3.748,-6.4345,-15.61,0.712,14.0,1.1,24.0,12.21,8.27,11941347.0,shrinking revenue,,51.1,,,,,,,,,,
BKU,BankUnited Inc,Financial,Banks - Regional,12.25,9.99,6.67,-5.42,-1.18,-0.62,4.06,-7.37,3.65,1.19,-14.41,2.55,928920.0,1.43,44.6,Jul 22/b,50.18,3180000000.0,HIGH,-7.08,-2.37,2.23,-1.77,0.0795,False,-3.35,False,-5.18,2.202,1.956,-1.0199,-12.8,1.168,,,38.0,-3.2,44.47,32462866.0,shrinking revenue,,12.8,,,,,,,,,,
BMBL,Bumble Inc,Communication Services,Internet Content & Information,,3.22,65.75,-15.190000000000001,-70.1,1.5,16.15,2.72,-21.96,1.87,-58.74,2.92,3130000.0,0.84,3.02,Aug 05/a,3.49,398550000.0,HIGH,14.23,2.06,1.73,19.54,0.1522,True,5.34,True,2.89,3.901,6.229,-2.2858,-13.91,1.002,7.0,4.95,27.0,4.39,2.97,6396962.0,shrinking revenue,,17.5,,,,,,,,,,
BNC,CEA Industries Inc,Industrials,Farm & Heavy Construction Machinery,2.69,,96.82,-4.56,0.0,-1.7500000000000002,2.71,121.17,49.24,0.49,-72.54,1.0,1710000.0,0.82,4.91,Sep 11/a,29.0,202170000.0,HIGH,107.48,0.38,1.21,112.79,1.0819,True,52.8,True,75.67,10.079,10.816,-13.4778,-5.56,8.895,1.0,9.79,1.0,9.79,5.27,23363194.0,>40% above 50-day SMA; >20% above 20-day SMA; post-earnings jump; shrinking revenue,,450.3,,,,,,,,,,
BOLD,Boundless Bio Inc,Healthcare,Biotechnology,,,-50.51,,5.53,-2.92,4.65,100.71,150.89,0.41,-11.18,3.0,1280000.0,0.02,2.81,Aug 17,4.0,63920000.0,HIGH,0.35,-0.7,0.28,5.66,0.067,False,-1.23,True,5.24,3.013,1.761,-1.3033,-10.24,0.356,17.0,-0.7,,,2.84,281955.0,illiquid (<$500K/day),,40.8,,,,,,,,,,
BOXL,Boxlight Corp,Technology,Consumer Electronics,,,100.61,-15.990000000000002,-0.14,0.37,8.38,17.07,-29.439999999999998,0.9,-98.61,3.0,1740000.0,0.04,5.08,Aug 12/a,225.0,3390000.0,HIGH,-24.79,-7.65,3.41,-19.48,0.3696,False,-10.08,True,12.89,9.333,4.401,-9.5695,-45.1,0.06,23.0,85.32,22.0,-20.15,5.43,704720.0,shrinking revenue,,4043.6,,,,,,,,,,
BRBS,Blue Ridge Bankshares Inc (VA),Financial,Banks - Regional,43.16,,-200.0,-19.56,0.0,-1.16,2.95,21.88,18.23,0.66,-4.41,,764580.0,2.99,4.01,Apr 23/a,,354370000.0,HIGH,2.0,2.0,0.65,7.31,0.0671,True,2.89,True,9.82,1.847,2.328,-2.0154,-2.74,1.85,4.0,2.0,,,4.08,6593175.0,shrinking revenue,,,,,,,,,,,,
BRR,ProCap Financial Inc,Financial,Capital Markets,,,-80744.44,,-0.31,-13.63,2.83,96.25,11.35,0.91,-70.29,,936360.0,2.29,3.14,-,,277480000.0,HIGH,76.92,17.95,1.66,82.23,0.6763,True,34.39,True,59.28,6.389,6.522,-5.0136,-2.42,1.938,8.0,54.81,,,3.22,3277495.0,>40% above 50-day SMA; >20% above 20-day SMA,,,,,,,,,,,,
BRSP,BrightSpire Capital Inc,Real Estate,REIT - Mortgage,,6.74,19.53,-3.1,0.0,-6.529999999999999,3.19,-20.75,-21.03,1.38,-28.139999999999997,2.0,1610000.0,0.99,4.43,Jul 28/a,6.32,560500000.0,HIGH,-8.85,-4.32,1.79,-3.54,0.1308,False,-6.21,False,-11.52,2.094,1.58,-1.0774,-21.41,1.273,,,33.0,-11.4,4.43,5135349.0,shrinking revenue,,42.7,,,,,,,,,,
BTCS,BTCS Inc,Financial,Capital Markets,,,-604.82,-11.75,-6.0,-9.2,4.79,6.67,-30.43,3.31,-79.19,1.0,1530000.0,0.9,1.28,Aug 20/b,5.0,67160000.0,HIGH,21.43,-3.55,0.65,26.74,0.3682,True,0.59,True,15.91,9.491,9.191,-7.9817,-17.58,1.197,12.0,-6.21,17.0,7.94,1.36,4052906.0,shrinking revenue,,267.6,,,,,,,,,,
BUSE,First Busey Corp,Financial,Banks - Regional,12.7,11.2,31.97,-6.94,-0.16,0.88,4.84,8.07,21.62,0.74,-3.66,2.0,790810.0,0.62,30.54,Jul 28/a,33.29,2520000000.0,HIGH,-1.77,0.36,0.92,3.54,0.0387,True,0.52,True,0.79,1.42,1.048,-0.825,-3.69,0.753,29.0,-2.37,33.0,0.99,30.53,18055167.0,shrinking revenue,,9.0,,,,,,,,,,
BWEN,Broadwind Inc,Industrials,Specialty Industrial Machinery,16.13,148.11,59.21999999999999,-38.06,0.0,5.48,3.9,-0.25,79.55,1.78,-30.7,1.0,532210.0,0.25,3.95,Aug 11/b,6.83,93450000.0,HIGH,-25.62,-5.77,0.91,-20.31,0.3061,False,-9.69,False,-13.43,5.266,4.082,-2.4999,-31.23,0.426,24.0,-12.11,24.0,-12.11,3.92,1370475.0,shrinking revenue,,74.2,,,,,,,,,,
BXMT,Blackstone Mortgage Trust Inc,Real Estate,REIT - Mortgage,154.11,9.34,-1286.91,-2.87,0.02,-0.15,6.83,-26.6,-29.330000000000002,0.96,-35.64,2.0,2080000.0,1.07,13.3,Jul 30/b,18.5,2240000000.0,HIGH,-7.51,-5.05,1.02,-2.2,0.0953,False,-5.57,False,-12.84,2.099,2.658,-1.2107,-28.15,0.926,,,32.0,-12.02,13.17,25150624.0,shrinking revenue,,40.5,,,,,,,,,,
BYND,Beyond Meat Inc,Consumer Defensive,Packaged Foods,,,83.86,-8.17,-43.73,,28.11,-52.56000000000001,-58.8,2.83,-95.67,5.0,1300000.0,0.68,9.99,Aug 05/a,12.5,171770000.0,HIGH,-11.35,-8.03,0.85,-6.04,0.5,False,-18.05,False,-33.14,6.649,5.383,-5.5477,-57.31,0.745,,,27.0,-34.91,10.31,17365705.0,shrinking revenue,,21.2,,,,,,,,,,
BZFD,BuzzFeed Inc,Communication Services,Internet Content & Information,,,24.29,-21.78,0.15,-0.22999999999999998,13.74,-27.08,48.94,3.89,-52.49,3.0,660380.0,0.21,1.05,Aug 04/a,1.0,87500000.0,HIGH,0.0,2.78,0.63,5.31,0.1457,False,-0.16,False,-7.58,5.161,3.604,-3.6949,-34.71,0.389,11.0,0.0,28.0,0.0,1.11,438173.0,illiquid (<$500K/day); shrinking revenue,,-9.9,,,,,,,,,,
BZH,Beazer Homes USA Inc,Consumer Cyclical,Residential Construction,,22.95,-1349.09,-5.33,0.0,-5.26,9.17,24.21,58.36,2.19,-3.45,3.0,633320.0,1.41,33.35,Aug 07/b,29.5,889760000.0,HIGH,0.18,-0.06,1.54,5.49,0.0059,True,0.11,True,1.5,0.269,0.301,-0.1375,-3.79,1.313,6.0,0.09,26.0,0.15,33.23,20699219.0,deal-pinned; shrinking revenue,,-11.2,,,,,,,,,,
CALM,Cal-Maine Foods Inc,Consumer Defensive,Farm Products,11.36,21.39,-110.85000000000001,-49.93,0.0,1.76,11.25,-6.509999999999999,-15.24,0.22,-32.9,3.2,926110.0,0.73,74.39,Sep 30/b,90.4,3490000000.0,HIGH,-6.74,0.25,0.79,-1.43,0.1873,False,-4.88,False,-9.95,3.025,3.332,-1.68,-21.24,1.031,34.0,-15.44,,,75.02,74075560.0,shrinking revenue,,20.5,,,,,,,,,,
CALY,Callaway Golf Co,Consumer Cyclical,Leisure,,16.84,264.04,-44.87,-0.8199999999999998,0.4,3.38,-11.65,13.889999999999999,0.95,-25.590000000000003,2.33,1970000.0,0.95,15.09,Aug 04/a,20.4,2690000000.0,HIGH,-8.13,-1.99,0.97,-2.82,0.0824,False,-2.88,False,-11.4,2.752,1.376,-1.4114,-24.75,0.914,43.0,-19.6,28.0,-20.15,15.26,24098288.0,shrinking revenue,,33.7,,,,,,,,,,
CAR,Avis Budget Group Inc,Industrials,Rental & Leasing Services,,18.43,767.61,-1.35,-88.58,-11.05,13.83,-37.64,20.97,2.12,-86.02,3.5,503210.0,0.71,118.53,Jul 28/a,128.57,4190000000.0000005,HIGH,-15.99,-11.31,1.23,-10.68,0.2311,False,-14.03,False,-18.81,4.851,4.12,-2.8707,-39.83,0.929,10.0,-14.06,33.0,-23.35,118.7,45491226.0,shrinking revenue,,8.3,,,,,,,,,,
CAST,Freecast Inc,Communication Services,Broadcasting,,,-34.22,-35.43,0.0,19.38,14.48,-64.53,-56.11000000000001,,-95.97,1.0,9410000.0,0.06,1.33,Jun 03,6.0,63280000.0,HIGH,55.81,2.29,0.03,61.12,0.6947,False,-7.17,False,-25.88,10.768,7.463,-33.7886,-89.02,0.197,,,,,1.34,23057140.0,shrinking revenue,,347.8,,,,,,,,,,
CATX,Perspective Therapeutics Inc,Healthcare,Medical Devices,,,23.29,-72.07,-2.34,6.87,25.24,-7.139999999999999,-47.7,1.84,-55.67999999999999,1.14,1620000.0,0.91,2.73,Aug 10/a,12.23,311630000.0,HIGH,-9.32,-6.41,1.76,-4.01,0.2082,False,-6.66,False,-5.39,5.186,5.822,-3.7961,-22.75,1.241,18.0,-9.03,24.0,-2.67,2.92,3555845.0,shrinking revenue,,318.8,,,,,,,,,,
CBRL,Cracker Barrel Old Country Store Inc,Consumer Cyclical,Restaurants,39.1,41.08,239.83000000000004,-2.9,0.0,5.14,23.6,3.82,63.35000000000001,1.21,-25.069999999999997,3.18,919930.0,1.48,45.15,Sep 23/b,45.0,1010000000.0,HIGH,-14.41,-4.23,0.89,-9.1,0.2181,False,-7.96,False,-7.38,4.266,2.85,-2.4894,-16.15,0.986,20.0,-12.77,,,50.53,41733842.0,shrinking revenue,,-10.9,,,,,,,,,,
CBZ,Cbiz Inc,Industrials,Specialty Business Services,25.6,12.2,-52.62,-0.19,0.22999999999999998,-9.21,4.09,61.3,112.68,0.91,-4.92,1.67,1330000.0,0.57,54.68,Jul 29/b,55.0,2970000000.0,HIGH,-0.13,-0.09,1.53,5.18,0.0114,False,-0.12,True,9.49,0.446,0.33,-0.3067,-1.73,0.971,35.0,28.08,33.0,16.92,54.6,57483873.0,deal-pinned; shrinking revenue,,0.7,,,,,,,,,,
CC,Chemours Company,Basic Materials,Specialty Chemicals,,7.49,28.550000000000004,-1.49,2.03,2.93,9.96,-34.55,-16.78,1.4,-48.8,2.09,2530000.0,1.1,14.68,Aug 04/a,19.3,2210000000.0,HIGH,-7.25,-5.63,1.01,-1.94,0.0936,False,-5.77,False,-10.96,3.682,2.572,-2.083,-34.71,0.709,,,28.0,-0.07,14.58,25512786.0,shrinking revenue,,32.4,,,,,,,,,,
CCOI,Cogent Communications Holdings Inc,Communication Services,Telecom Services,,,213.29,-4.34,-0.74,-3.95,14.8,-43.8,-52.17,0.77,-79.76,2.5,1610000.0,1.02,9.24,Aug 06/b,17.36,473490000.0,HIGH,-13.3,-3.32,0.82,-7.99,0.1914,False,-4.17,False,-16.34,7.61,5.258,-4.8101,-41.31,1.316,31.0,-29.61,27.0,-14.57,9.32,17272176.0,shrinking revenue,,86.3,,,,,,,,,,
CDXS,Codexis Inc,Healthcare,Biotechnology,,,15.190000000000001,-2.69,-0.03,-2.23,3.78,-43.78,-6.67,2.55,-53.02,1.57,1140000.0,0.53,1.4,Aug 11/a,6.33,153310000.0,HIGH,-6.92,3.5,0.52,-1.61,0.2517,False,-4.52,False,-15.14,5.792,4.73,-4.2756,-45.19,0.45,10.0,-6.92,23.0,0.0,1.48,1446811.0,shrinking revenue,,327.7,,,,,,,,,,
CDZI,Cadiz Inc,Industrials,Pollution & Treatment Controls,,,-36.42,-76.27,0.39,1.76,16.32,-9.07,-31.980000000000004,1.74,-49.57,1.0,1020000.0,0.69,3.51,Aug 14,10.5,297220000.0,HIGH,12.5,-16.47,0.72,17.81,0.3237,False,-6.07,False,-0.53,7.302,3.611,-4.391,-26.53,0.999,6.0,-10.22,,,3.6,3705608.0,shrinking revenue,,191.7,,,,,,,,,,
CELU,Celularity Inc,Healthcare,Biotechnology,,,-42.54,-77.37,0.0,0.2,11.77,61.03999999999999,0.0,0.78,-51.36999999999999,2.0,3960000.0,0.04,1.24,-,6.0,35890000.0,HIGH,101.15,-9.09,0.02,106.46,1.4673,True,6.71,True,45.39,26.189,8.571,-32.194,-45.1,0.035,14.0,80.65,,,1.4,25120568.0,>40% above 50-day SMA; shrinking revenue,,328.6,,,,,,,,,,
CERT,Certara Inc,Healthcare,Health Information Services,,21.51,642.62,-10.81,0.0,1.23,29.83,61.23,29.43,1.44,-39.48,2.23,3660000.0,0.58,8.4,Aug 04/b,8.34,1280000000.0,HIGH,0.0,3.36,0.81,5.31,0.1606,False,-1.05,True,3.51,3.663,6.375,-2.9689,-9.96,0.616,18.0,-0.12,29.0,2.56,8.0,16872649.0,shrinking revenue,,4.2,,,,,,,,,,
CGBD,Carlyle Secured Lending Inc,Financial,Asset Management,22.69,7.98,-100.44999999999999,-6.460000000000001,-4.43,,4.45,4.56,7.1,0.71,-16.59,2.5,568100.0,0.8,11.46,Aug 08/a,12.5,788500000.0,HIGH,0.98,-1.04,0.67,6.29,0.0661,False,-0.92,True,4.27,2.224,1.363,-1.3215,-6.03,0.558,12.0,0.35,25.0,3.18,11.37,5587420.0,shrinking revenue,,9.9,,,,,,,,,,
CGTX,Cognition Therapeutics Inc,Healthcare,Biotechnology,,,58.93999999999999,,0.38,1.39,9.0,-14.46,-4.17,1.79,-54.2,1.0,1150000.0,0.54,1.03,Aug 06/a,3.33,98420000.0,HIGH,-0.98,0.0,0.65,4.33,0.1151,False,-0.11,True,0.64,4.618,5.941,-2.492,-42.61,0.418,27.0,-4.72,26.0,-6.48,1.01,358337.0,illiquid (<$500K/day),,229.7,,,,,,,,,,
CHPT,ChargePoint Holdings Inc,Consumer Cyclical,Specialty Retail,,,52.56000000000001,17.74,0.28,14.41,22.18,24.23,62.43,1.7,-30.06,3.0,1640000.0,0.44,8.82,Sep 02/a,7.3,236820000.0,HIGH,50.34,-5.66,0.3,55.65,0.9865,True,27.61,True,41.37,8.752,5.317,-17.4842,-15.24,1.41,7.0,70.33,7.0,70.33,8.84,34079879.0,>40% above 50-day SMA; >20% above 20-day SMA,,-17.4,,,,,,,,,,
CLB,Core Laboratories Inc,Energy,Oil & Gas Equipment & Services,21.74,16.67,-43.46,-4.26,0.75,-3.6900000000000004,9.06,-3.62,-22.26,1.11,-39.78,2.75,817090.0,0.6,12.26,Jul 29/a,15.17,562550000.0,HIGH,-3.17,-2.0,1.13,2.14,0.0632,False,-1.48,True,3.8,3.718,4.501,-1.5319,-5.56,0.631,18.0,-2.4,32.0,23.81,12.22,5255899.0,shrinking revenue,,24.1,,,,,,,,,,
CLDX,Celldex Therapeutics Inc,Healthcare,Biotechnology,,,-10.77,-96.99,0.0,19.58,11.38,19.89,27.560000000000002,0.87,-14.69,1.2,1010000.0,0.68,38.51,Aug 06/a,59.07,3020000000.0,HIGH,-6.54,0.15,1.41,-1.23,0.1267,False,-1.7,True,0.08,3.553,5.487,-2.19,-13.2,1.022,28.0,0.33,26.0,-5.73,39.18,28300826.0,shrinking revenue,,50.8,,,,,,,,,,
CLOV,Clover Health Investments Corp,Healthcare,Healthcare Plans,,46.42,346.63,55.60000000000001,-0.8699999999999999,7.109999999999999,5.78,-3.12,136.55,2.43,-16.64,2.0,5100000.0,1.9,4.66,Aug 05/a,5.38,2480000000.0,HIGH,19.44,18.88,1.48,24.75,0.2373,True,18.0,True,14.71,3.793,7.157,-3.2204,-8.77,1.096,3.0,17.51,27.0,23.19,5.1,16209199.0,fresh >10% breakout,,5.5,,,,,,,,,,
CLRO,ClearOne Inc,Technology,Communication Equipment,,,87.05,-100.0,0.0,-1.38,3.51,26.72,3.7599999999999993,0.23,-73.27,1.0,4500000.0,0.0,4.41,-,4.0,11800000.0,HIGH,-7.29,-8.58,1.31,-1.98,0.3305,False,-13.16,False,-25.66,6.769,11.572,-5.6821,-72.24,0.005,27.0,24.46,,,4.58,191651.0,illiquid (<$500K/day); shrinking revenue,,-12.7,,,,,,,,,,
CLSK,Cleanspark Inc,Financial,Capital Markets,,,-215.53999999999996,-30.53,-0.29,12.9,31.74,-26.369999999999997,25.95,3.83,-46.55,1.07,20880000.0,0.73,12.62,Aug 06/a,23.68,3240000000.0,HIGH,7.02,-1.56,1.01,12.33,0.241,True,7.18,True,2.55,6.928,8.026,-5.5414,-30.34,0.821,2.0,3.67,26.0,7.89,13.27,227596642.0,shrinking revenue,,78.4,,,,,,,,,,
CMRC,Commerce.com Inc,Technology,Software - Application,,5.7,112.72,0.09,-0.1,2.86,8.62,33.09,31.14,1.01,-35.44,2.88,1040000.0,0.68,3.58,Aug 06/b,4.0,296640000.0,HIGH,76.7,42.19,0.94,82.01,0.6855,True,45.15,True,33.55,6.615,7.418,-5.704,-1.36,1.851,4.0,42.19,27.0,56.9,3.64,3783023.0,>20% above 20-day SMA,,9.9,,,,,,,,,,
CMTG,Claros Mortgage Trust Inc,Real Estate,REIT - Mortgage,,,-39.27,-99.41,0.68,0.45000000000000007,4.15,-44.19,-34.65,1.16,-62.66,3.8,763560.0,1.16,1.49,Jul 29/a,2.22,210220000.0,HIGH,-14.86,-3.25,1.45,-9.55,0.2384,False,-8.42,False,-21.18,5.484,4.698,-3.1358,-47.26,1.315,,,32.0,-18.13,1.49,1178534.0,shrinking revenue,,49.0,,,,,,,,,,
CMTL,Comtech Telecommunications Corp,Technology,Communication Equipment,,,3.51,-16.39,-0.03,-8.3,1.38,-47.37,-70.1,1.57,-76.65,1.0,620830.0,0.31,1.45,Jun 15/b,4.25,43440000.0,HIGH,-10.18,-4.46,0.82,-4.87,0.2757,False,-8.62,False,-12.34,4.857,5.333,-2.9883,-42.31,0.797,,,63.0,-45.65,1.5,535947.0,shrinking revenue,,183.3,,,,,,,,,,
CNDT,Conduent Inc,Technology,Information Technology Services,,,-187.22,-29.580000000000002,0.0,2.54,3.27,10.81,32.26,1.45,-44.97,1.0,1060000.0,0.78,1.64,Aug 10/b,4.67,255050000.0,HIGH,8.22,-4.24,0.94,13.53,0.3481,False,-4.53,False,-1.94,6.912,5.696,-4.542,-21.39,1.263,6.0,-16.4,25.0,1.28,1.58,1606909.0,shrinking revenue,,195.6,,,,,,,,,,
CODI,Compass Diversified Holdings,Industrials,Conglomerates,,17.24,190.99,-11.42,2.47,-0.57,7.65,8.19,83.47,1.29,-16.23,1.67,738460.0,0.49,11.1,Aug 10/a,17.0,835120000.0,HIGH,-6.53,-1.91,2.37,-1.22,0.0918,False,-1.55,True,3.5,3.063,3.89,-1.7907,-14.64,1.015,21.0,-7.9,24.0,2.08,11.31,7292524.0,shrinking revenue,,50.3,,,,,,,,,,
CRBU,Caribou Biosciences Inc,Healthcare,Biotechnology,,,58.660000000000004,-43.79,0.0,11.89,12.81,-23.49,-32.09,2.31,-64.07,1.0,1670000.0,1.01,1.27,Aug 13/a,11.86,136160000.0,HIGH,-17.83,-16.23,1.48,-12.52,0.3215,False,-17.07,False,-20.48,6.578,6.202,-3.8846,-38.86,1.149,14.0,-21.34,21.0,-18.35,1.29,1735880.0,shrinking revenue,,819.4,,,,,,,,,,
CRCT,Cricut Inc,Technology,Computer Hardware,13.71,23.87,62.0,-9.2,-0.45999999999999996,0.89,10.03,25.28,38.48,0.26,-18.47,5.0,703390.0,0.68,5.65,Aug 04/a,4.07,1180000000.0,HIGH,2.54,3.67,0.73,7.85,0.1206,True,0.24,True,8.53,3.976,2.566,-2.3832,-9.89,0.817,29.0,17.95,28.0,14.37,5.65,4286598.0,shrinking revenue,,-28.0,,,,,,,,,,
CRDF,Cardiff Oncology Inc,Healthcare,Biotechnology,,,35.57,-14.05,19.3,-7.84,16.01,-5.63,-29.469999999999995,1.39,-59.52,2.33,1220000.0,2.6,1.34,Aug 11/a,5.14,104240000.0,HIGH,45.56,19.09,2.94,50.87,0.456,True,27.56,True,29.55,5.998,9.16,-5.6499,-8.39,0.836,1.0,8.26,23.0,32.32,1.31,754349.0,>20% above 20-day SMA; shrinking revenue,,292.4,,,,,,,,,,
CRK,Comstock Resources Inc,Energy,Oil & Gas E&P,8.31,26.19,-92.98,-25.21,0.0,1.97,32.18,9.66,-30.260000000000005,0.5,-49.07,2.88,2550000.0,0.76,14.31,Jul 29/a,17.17,4200000000.0,HIGH,5.54,-5.67,0.92,10.85,0.1847,False,-1.78,True,3.06,5.16,5.734,-3.3553,-11.29,0.957,9.0,-0.9,32.0,13.4,14.3,40737549.0,shrinking revenue,,20.1,,,,,,,,,,
CRMT,Americas Car Mart Inc,Consumer Cyclical,Auto & Truck Dealerships,,,-1092.6,-57.3,-1.34,-9.59,18.69,-30.29,-86.79,1.3,-95.17,2.0,1600000.0,0.14,1.68,Sep 09/b,7.5,14010000.0,HIGH,-43.95,-29.32,1.09,-38.64,0.7788,False,-24.43,False,-40.77,17.735,15.909,-11.773,-62.87,3.126,44.0,-41.72,4.0,18.92,1.76,1075364.0,shrinking revenue,,326.1,,,,,,,,,,
CRSR,Corsair Gaming Inc,Technology,Computer Hardware,43.55,16.12,138.92,-1.8000000000000003,-0.01,0.8100000000000002,21.89,56.81,153.03,1.86,-10.8,2.44,1810000.0,0.63,13.36,Aug 06/a,13.22,1450000000.0,HIGH,6.45,6.28,1.02,11.76,0.2313,True,8.12,True,16.0,4.61,3.991,-4.051,-13.01,0.661,2.0,3.66,26.0,22.81,13.03,15953461.0,shrinking revenue,,1.5,,,,,,,,,,
CRVO,CervoMed Inc,Healthcare,Biotechnology,,,8.25,-100.0,21.4,-0.48,13.71,-1.21,-43.16,-0.74,-75.5,1.0,5630000.0,0.02,2.45,Aug 10/b,15.0,37040000.0,HIGH,-3.07,0.0,0.54,2.24,0.0884,False,-2.39,False,-9.86,4.066,3.557,-2.5004,-67.61,0.54,,,25.0,-11.54,2.53,611512.0,shrinking revenue,,492.9,,,,,,,,,,
CSQR,Csquare Inc,Technology,Information Technology Services,,,,,0.0,5.67,2.28,,,,-23.66,1.3,1490000.0,0.89,17.94,Sep 02,28.5,2990000000.0,HIGH,-23.24,-6.08,2.04,-17.93,0.3099,False,-10.11,,,6.004,4.564,-2.7541,,,,,,,17.31,18506685.0,incomplete signals,,64.6,,,,,,,,,,
CSWC,Capital Southwest Corp,Financial,Asset Management,13.17,9.94,-17.81,-21.1,0.08,,6.61,3.2400000000000007,11.93,0.74,-7.3,1.67,661090.0,0.76,23.87,Aug 03/a,25.3,1520000000.0,HIGH,-1.99,-0.82,1.12,3.32,0.0755,False,-2.5,False,-0.92,1.665,1.325,-0.8325,-6.21,0.925,12.0,-4.32,29.0,0.88,24.15,14717968.0,shrinking revenue,,4.8,,,,,,,,,,
CTMX,CytomX Therapeutics Inc,Healthcare,Biotechnology,,,-7766.670000000001,-92.4,-0.53,5.96,18.47,-11.51,-60.150000000000006,2.19,-67.24,1.12,3960000.0,1.9,2.69,Aug 06/a,12.25,586150000.0,HIGH,-7.25,-12.33,1.86,-1.94,0.2021,False,-6.92,False,-7.46,6.297,6.719,-4.0799,-20.4,0.952,9.0,-4.76,26.0,-5.04,3.2,11452902.0,shrinking revenue,,282.8,,,,,,,,,,
CWH,Camping World Holdings Inc,Consumer Cyclical,Auto & Truck Dealerships,,7.42,-13.170000000000002,-2.12,0.0,-6.959999999999999,19.35,-25.58,-7.99,2.15,-68.39,1.42,2069999.9999999998,1.34,5.76,Jul 29/a,10.56,594970000.0,HIGH,-1.29,-6.4,1.26,4.02,0.1522,False,-4.92,False,-3.48,5.197,6.156,-3.3351,-24.38,0.897,6.0,-8.63,32.0,1.49,6.14,10176634.0,shrinking revenue,,72.0,,,,,,,,,,
CYCU,Cycurion Inc,Technology,Information Technology Services,,,90.57,-3.37,0.0,,11.13,-40.26,-58.5,0.92,-97.31,1.0,2290000.0,0.12,3.42,Aug 14/b,56.0,11040000.0,HIGH,-42.62,-4.27,0.15,-37.31,0.9541,False,-19.82,False,-22.73,15.589,4.911,-9.0253,-77.17,0.051,32.0,55.56,21.0,-38.69,3.36,1986054.0,shrinking revenue,,1566.7,,,,,,,,,,
CYH,Community Health Systems Inc,Healthcare,Medical Care Facilities,1.61,,-75.47,-9.83,-0.13,6.660000000000001,12.0,-3.26,-3.88,1.88,-32.96,3.22,1620000.0,0.64,2.97,Jul 22/a,3.18,418800000.0,HIGH,0.0,3.87,1.02,5.31,0.0569,True,0.51,False,-2.89,2.76,2.373,-1.5192,-24.74,0.656,16.0,-1.01,37.0,6.12,2.95,3103659.0,shrinking revenue,,7.8,,,,,,,,,,
CYPH,Cypherpunk Technologies Inc,Healthcare,Biotechnology,3.93,5.29,145.12,,-0.48,12.27,7.52,173.13,214.94,0.9,-40.0,1.0,5710000.0,2.0,2.22,Aug 12/b,4.15,239240000.0,HIGH,265.96,-1.9,0.79,271.27,1.2616,True,44.25,True,130.33,14.466,14.729,-12.7929,-20.0,2.887,7.0,53.57,23.0,292.1,2.58,26375909.0,>40% above 50-day SMA; >20% above 20-day SMA,,60.9,,,,,,,,,,
DBGI,Digital Brands Group Inc,Consumer Cyclical,Apparel Retail,,,58.040000000000006,-46.34,,5.56,15.27,-86.54,-96.16,0.03,-99.38,,677970.0,0.61,4.5,-,,4200000.0,HIGH,-62.45,40.11,0.52,-57.14,1.6234,False,-26.69,False,-65.86,23.341,29.091,-21.5868,-84.61,7.7,,,,,5.17,12228784.0,shrinking revenue,,,,,,,,,,,,
DBI,Designer Brands Inc,Consumer Cyclical,Footwear & Accessories,21.92,8.93,44.1,-1.23,-0.35,2.08,14.47,-9.55,16.6,1.23,-31.840000000000003,3.0,608610.0,1.47,6.25,Sep 10/b,6.75,319530000.0,HIGH,12.39,25.58,2.46,17.7,0.2633,True,16.0,True,12.31,5.546,12.404,-5.2169,-3.97,2.121,1.0,11.05,3.0,25.1,6.53,3855852.0,fresh >10% breakout; post-earnings jump; shrinking revenue,,3.4,,,,,,,,,,
DBRG,DigitalBridge Group Inc,Financial,Asset Management,10.31,,1100.21,99.04,0.0,0.86,6.8,0.89,2.99,1.45,-0.75,3.0,3530000.0,2.97,15.86,Aug 04/a,16.0,3020000000.0,HIGH,0.0,-0.06,1.07,5.31,0.0063,False,-0.13,True,0.22,0.198,0.251,-0.1433,-0.44,1.246,15.0,-0.13,28.0,0.25,15.91,66138627.0,deal-pinned,,0.6,,,,,,,,,,
DDD,3D Systems Corp,Technology,Computer Hardware,,,-115.10000000000001,-0.27,-1.9299999999999997,21.98,27.26,3.9699999999999998,29.220000000000002,2.79,-23.79,2.0,3080000.0,0.51,3.14,Aug 03/a,5.5,521700000.00000006,HIGH,-11.81,-5.03,0.89,-6.5,0.1457,False,-3.43,True,1.84,5.407,4.05,-3.1937,-17.69,0.616,24.0,-12.77,29.0,13.43,3.21,6686542.0,shrinking revenue,,71.3,,,,,,,,,,
DFDV,DeFi Development Corp,Financial,Asset Management,,,-224.98,66.87,0.44,-0.27,19.55,36.07,-0.43,-3.48,-75.57,1.0,1170000.0,1.64,4.64,Aug 12/a,10.4,151360000.0,HIGH,65.19,-12.85,1.02,70.5,0.7667,True,9.42,True,43.3,11.492,7.471,-7.511,-15.94,1.716,7.0,0.0,22.0,81.88,5.22,10298766.0,>40% above 50-day SMA,,99.2,,,,,,,,,,
DFH,Dream Finders Homes Inc,Consumer Cyclical,Residential Construction,8.83,10.58,-48.96,-7.57,-0.78,0.4699999999999999,24.54,-15.9,-20.48,1.89,-58.68,3.0,668310.0,1.43,12.54,Jul 30/b,18.0,1140000000.0,HIGH,-15.78,-4.37,1.52,-10.47,0.2763,False,-9.19,False,-13.35,5.422,6.063,-3.3865,-29.05,1.27,54.0,-26.16,32.0,-4.8,12.7,8231098.0,shrinking revenue,,41.7,,,,,,,,,,
DGXX,Digi Power X Inc,Utilities,Utilities - Independent Power Producers,,5.01,-247.82999999999998,-28.54,-0.22,15.6,6.36,-48.65,45.36,6.2,-60.81999999999999,1.0,3870000.0,0.4,3.61,Aug 14/b,9.0,367930000.0,HIGH,-3.87,-4.6,0.67,1.44,0.2046,False,-1.34,False,-5.1,6.367,5.63,-4.6414,-46.64,0.466,,,21.0,-6.05,3.73,8356276.0,shrinking revenue,,141.3,,,,,,,,,,
DH,Definitive Healthcare Corp,Healthcare,Health Information Services,,5.36,27.58,-9.14,0.0,-1.55,6.32,24.38,-9.09,1.37,-77.01,3.0,535350.0,1.12,1.0,Aug 10/a,1.9,144840000.0,HIGH,59.62,0.0,0.56,64.93,0.6975,True,16.76,True,29.14,7.619,2.941,-5.828,-16.39,1.266,6.0,-1.92,24.0,58.39,1.02,830461.0,shrinking revenue,,86.3,,,,,,,,,,
DHC,Diversified Healthcare Trust,Real Estate,REIT - Healthcare Facilities,,,59.28,-4.53,0.0,3.16,5.94,-11.44,7.12,2.27,-19.05,1.8,1670000.0,1.15,7.82,Aug 03/a,10.15,1890000000.0,HIGH,-7.36,1.05,1.2,-2.05,0.1282,False,-1.5,False,-9.43,2.958,3.125,-1.5035,-20.5,1.319,39.0,-15.6,29.0,-12.73,7.68,10402547.0,shrinking revenue,,32.2,,,,,,,,,,
DNA,Ginkgo Bioworks Holdings Inc,Healthcare,Biotechnology,,,-4.34,-59.37,-3.29,8.23,13.99,-15.07,3.56,1.9,-60.24,4.33,1110000.0,0.66,6.99,Aug 05/a,7.0,470710000.0,HIGH,1.3,1.01,0.9,6.61,0.1634,False,-0.02,False,-9.88,5.389,6.847,-6.3042,-37.07,0.86,52.0,-29.26,27.0,-17.53,7.01,8111720.0,shrinking revenue,,-0.1,,,,,,,,,,
DNUT,Krispy Kreme Inc,Consumer Defensive,Grocery Stores,,38.25,95.38,-12.839999999999998,1.12,1.71,19.7,-21.8,-9.3,1.24,-38.94,3.17,2730000.0,0.8,3.12,Aug 06/b,4.38,541320000.0,HIGH,0.0,-3.32,0.68,5.31,0.1662,False,-5.44,False,-3.36,3.92,3.125,-2.803,-16.88,0.624,18.0,-1.23,27.0,3.23,3.2,8222606.0,shrinking revenue,,36.9,,,,,,,,,,
DOMO,Domo Inc,Technology,Software - Application,,41.72,62.94,-3.6799999999999997,-8.5,-10.38,18.35,20.25,-9.68,1.79,-78.8,3.0,2360000.0,0.49,3.92,Sep 03/a,3.93,184380000.0,HIGH,2.89,2.35,1.88,8.2,0.0687,True,3.35,True,5.69,4.134,3.571,-1.8302,-11.71,0.933,1.0,2.35,6.0,3.43,3.92,4754271.0,shrinking revenue,,0.3,,,,,,,,,,
DRMA,Dermata Therapeutics Inc,Healthcare,Biotechnology,,,55.49000000000001,,0.07,2.22,6.53,-5.83,-5.83,0.66,-81.85,1.0,740170.0,0.05,1.13,Aug 11/a,4.0,4550000.0,HIGH,-21.23,-8.0,0.18,-15.92,0.4737,False,-15.53,False,-11.88,9.652,10.435,-5.3748,-33.14,0.028,15.0,-19.01,23.0,6.48,1.15,139292.0,illiquid (<$500K/day),,247.8,,,,,,,,,,
DRVN,Driven Brands Holdings Inc,Consumer Cyclical,Auto & Truck Dealerships,14.0,8.62,-22.25,-7.91,0.0,-3.9900000000000007,15.47,-6.98,20.04,0.96,-31.85,2.23,920040.0,1.21,12.52,Aug 06/b,16.28,2069999999.9999998,HIGH,-2.23,-5.67,0.94,3.08,0.1241,False,-3.07,False,-9.2,3.963,3.849,-2.41,-21.52,1.568,7.0,-3.18,27.0,-3.78,12.47,14002197.0,shrinking revenue,,30.6,,,,,,,,,,
DV,DoubleVerify Holdings Inc,Communication Services,Advertising Agencies,37.47,23.76,55.81,2.52,0.0,0.5,5.94,31.71,33.0,0.99,-1.1,3.06,3920000.0,0.73,13.5,Aug 06/a,13.64,2089999999.9999998,HIGH,1.65,1.27,6.82,6.96,0.0166,True,1.3,True,8.89,0.417,1.035,-0.25,-0.95,1.787,2.0,1.12,26.0,15.46,13.52,45906005.0,deal-pinned,,0.9,,,,,,,,,,
DXC,DXC Technology Co,Technology,Information Technology Services,17.06,4.07,748.32,-5.06,0.76,7.290000000000001,17.3,36.66,3.17,0.77,-23.21,3.27,4090000.0,0.53,12.04,Jul 30/a,11.21,1920000000.0,HIGH,16.65,8.12,1.22,21.96,0.1632,True,9.36,True,14.49,3.937,5.611,-2.8397,-0.9,0.649,1.0,6.41,31.0,7.83,12.12,25111585.0,shrinking revenue,,-7.5,,,,,,,,,,
EDBL,Edible Garden AG Inc,Consumer Defensive,Farm Products,,,99.37,12.839999999999998,,-0.07,3.8,-85.15,-98.64,1.7,-99.89,1.0,1540000.0,0.06,1.41,Aug 14/b,4.0,2750000.0,HIGH,-7.05,2.11,0.3,-1.74,0.143,False,-1.39,False,-39.14,5.512,3.448,-3.3134,-90.97,0.033,,,21.0,-13.17,1.45,260106.0,illiquid (<$500K/day),,175.9,,,,,,,,,,
EFOR,Everforth Inc,Technology,Information Technology Services,17.4,7.89,-48.0,-1.33,6.13,-1.06,10.2,62.11,-7.22,0.47,-38.48,2.71,934760.0,1.36,33.8,Jul 29/a,27.5,1390000000.0,HIGH,10.34,10.12,1.64,15.65,0.1182,True,7.59,True,25.82,4.926,8.429,-3.2562,-0.93,0.717,1.0,8.2,32.0,45.45,34.05,20172781.0,shrinking revenue,,-19.2,,,,,,,,,,
EMBC,Embecta Corp,Healthcare,Medical Instruments & Supplies,3.43,2.89,-53.64,-8.05,2.36,-16.31,12.05,62.62,-42.29,0.84,-67.27,3.25,1810000.0,0.39,5.09,Aug 07/b,4.0,288400000.0,HIGH,2.14,-5.59,0.68,7.45,0.212,True,0.13,True,21.57,5.35,6.107,-3.9999,-11.34,0.842,6.0,-7.91,26.0,49.71,5.24,7022693.0,shrinking revenue,,-23.7,,,,,,,,,,
ENPH,Enphase Energy Inc,Technology,Solar,36.39,16.13,-2.55,-19.63,-3.27,-3.45,18.24,-29.92,-19.98,1.62,-50.2,2.56,5060000.0,0.61,36.72,Jul 28/a,45.76,4850000000.0,HIGH,-5.15,-5.59,0.9,0.16,0.1277,False,-1.93,False,-6.88,5.385,6.192,-3.2481,-33.57,1.081,,,33.0,4.53,36.66,153079726.0,shrinking revenue,,24.8,,,,,,,,,,
EPC,Edgewell Personal Care Co,Consumer Defensive,Household & Personal Products,,13.24,-52.52,-9.1,0.0,1.66,9.62,15.879999999999999,31.620000000000005,0.35,-11.05,2.14,765640.0,0.77,26.64,Aug 05/b,32.17,1230000000.0,HIGH,-4.81,-3.61,1.06,0.5,0.1059,False,-5.08,False,-4.4,3.771,3.744,-2.0068,-10.82,0.928,43.0,-2.7,28.0,-6.38,26.71,14128569.0,shrinking revenue,,20.4,,,,,,,,,,
ERII,Energy Recovery Inc,Industrials,Pollution & Treatment Controls,25.03,43.58,-264.72,-57.24,-9.97,-1.49,6.78,-19.41,-31.19,0.9,-61.46,3.0,1020000.0,1.26,7.06,Aug 05/a,8.0,360380000.0,HIGH,-12.9,-7.92,1.95,-7.59,0.1278,False,-8.0,False,-13.55,3.566,4.795,-2.2472,-28.46,1.252,29.0,-20.43,27.0,-18.79,7.09,7928080.0,shrinking revenue,,12.8,,,,,,,,,,
ETD,Ethan Allen Interiors Inc,Consumer Cyclical,"Furnishings, Fixtures & Appliances",13.93,17.38,-3.54,-8.48,-0.78,2.88,13.35,16.43,12.6,1.02,-17.02,3.33,711330.0,0.56,21.72,Jul 29/a,22.0,547400000.0,HIGH,-2.5,2.26,0.52,2.81,0.1506,False,-2.99,False,-2.82,3.806,2.973,-3.0973,-11.66,0.869,8.0,-7.31,32.0,-3.1,22.2,15629202.0,shrinking revenue,,-0.9,,,,,,,,,,
EVGO,EVgo Inc,Consumer Cyclical,Specialty Retail,,,-52.07000000000001,-15.689999999999998,0.0,2.15,30.93,-30.879999999999995,-33.18,2.84,-72.78,1.89,3670000.0,0.59,1.41,Aug 05/b,3.21,443470000.0,HIGH,-6.45,2.84,0.82,-1.14,0.2406,True,1.72,False,-7.34,5.966,9.655,-5.174,-27.32,0.961,,,28.0,-5.23,1.45,5315936.0,shrinking revenue,,121.4,,,,,,,,,,
EXFY,Expensify Inc,Technology,Software - Application,,23.1,57.67,-5.31,5.97,-10.05,2.15,76.34,196.99,1.74,-17.79,2.33,1430000.0,0.63,2.31,Aug 06/a,2.83,210650000.0,HIGH,0.44,-3.8,1.23,5.75,0.2471,False,-6.6,True,6.6,5.605,10.965,-2.9962,-18.86,0.542,15.0,-13.64,26.0,15.15,2.28,1595090.0,shrinking revenue,,24.1,,,,,,,,,,
EYPT,EyePoint Inc,Healthcare,Biotechnology,,,-28.449999999999996,-90.49,0.09,8.46,22.44,-69.7,-72.79,1.66,-80.85,1.92,3450000.0,1.13,3.66,Aug 06/b,25.55,315540000.0,HIGH,-12.73,-6.8,0.35,-7.42,0.4271,False,-11.45,False,-56.77,7.092,4.235,-16.2189,-73.3,0.755,21.0,-68.47,27.0,-65.31,4.25,36241535.0,shrinking revenue,,501.2,,,,,,,,,,
EZRA,Reliance Global Group Inc,Financial,Insurance Brokers,,,90.38,-31.620000000000005,57.22999999999999,1.25,4.61,-24.79,-65.45,0.28,-96.47,1.0,1870000.0,0.01,2.67,-,4760.0,4490000.0,HIGH,24.89,1.85,0.2,30.2,0.3145,True,1.46,True,9.27,7.751,5.072,-6.4014,-40.0,0.016,16.0,10.62,,,2.76,255506.0,illiquid (<$500K/day); shrinking revenue,,172363.8,,,,,,,,,,
FBIN,Fortune Brands Innovations Inc,Industrials,Building Products & Equipment,32.35,11.87,-122.7,-4.11,57.65,0.9899999999999999,5.25,-7.139999999999999,-9.12,1.3,-38.4,2.33,2520000.0,0.88,39.94,Aug 04/a,57.14,4770000000.0,HIGH,-12.48,-3.44,0.84,-7.17,0.1965,False,-6.88,False,-14.64,3.426,3.436,-2.1259,-26.13,0.882,29.0,-21.91,28.0,-22.09,40.74,98596942.0,shrinking revenue,,40.3,,,,,,,,,,
FCEL,Fuelcell Energy Inc,Industrials,Electrical Equipment & Parts,,,83.0,-29.4,1.0,33.39,26.4,-12.86,120.69000000000001,2.47,-59.74,2.55,10680000.0,0.34,15.25,Sep 02/b,20.33,1220000000.0,HIGH,-31.66,-13.96,0.57,-26.35,0.5141,False,-14.13,False,-23.35,9.532,5.563,-7.0171,-59.66,0.798,54.0,-36.33,8.0,6.11,15.28,140944509.0,shrinking revenue,,33.0,,,,,,,,,,
FEAM,5E Advanced Materials Inc,Basic Materials,Specialty Chemicals,,,64.34,,0.0,0.76,1.3,-26.32,-30.769999999999996,1.99,-83.2,1.0,524370.0,1.03,1.26,May 12/a,3.75,52310000.0,HIGH,-20.36,-13.64,0.86,-15.05,0.2621,False,-16.22,False,-7.08,7.143,5.639,-3.7269,-44.35,0.247,25.0,-11.33,,,1.33,376729.0,illiquid (<$500K/day),,182.0,,,,,,,,,,
FEMY,Femasys Inc,Healthcare,Medical Instruments & Supplies,,,58.08,-18.92,17.07,33.58,7.33,-35.68,-79.3,-2.16,-88.47,1.0,719370.0,0.1,2.56,Aug 14/a,14.33,21440000.0,HIGH,23.61,-0.37,0.01,28.92,0.4317,False,-6.37,False,-12.46,10.407,9.663,-7.7921,-44.14,0.073,11.0,-4.3,20.0,23.61,2.67,5573362.0,shrinking revenue,,436.7,,,,,,,,,,
FGI,FGI Industries Ltd,Consumer Cyclical,"Furnishings, Fixtures & Appliances",,24.87,200.53,2.86,0.0,0.05,8.63,101.42,149.37,2.25,-50.080000000000005,1.0,1740000.0,0.07,9.95,Aug 12/a,13.0,19210000.0,HIGH,-1.43,18.54,0.61,3.88,0.4062,True,13.78,True,47.48,6.955,9.05,-6.4002,-55.09,0.019,22.0,89.22,22.0,89.22,8.95,887051.0,>40% above 50-day SMA,,45.3,,,,,,,,,,
FIBK,First Interstate BancSystem Inc,Financial,Banks - Regional,11.56,13.13,24.97,-7.8,-0.9199999999999999,-2.29,11.76,2.83,12.76,0.7,-7.73,3.5,1090000.0,0.96,37.46,Jul 23/a,37.5,3570000000.0,HIGH,-4.09,0.21,1.06,1.22,0.0634,False,-0.14,False,-1.96,1.794,1.475,-1.0102,-8.13,0.861,42.0,-5.21,36.0,-2.1,37.3,33211988.0,shrinking revenue,,0.5,,,,,,,,,,
FLO,Flowers Foods Inc,Consumer Defensive,Packaged Foods,23.81,8.39,-30.510000000000005,-4.02,-1.26,26.27,22.97,-20.26,-30.930000000000003,0.43,-55.60000000000001,3.14,6810000.0,1.33,6.14,Aug 20/a,8.58,1300000000.0,HIGH,-17.92,-5.06,1.0,-12.61,0.2828,False,-11.49,False,-18.96,4.107,5.333,-2.2699,-32.74,1.272,42.0,-27.27,16.0,-13.67,6.0,52178562.0,shrinking revenue,,43.0,,,,,,,,,,
FLYE,Fly-E Group Inc,Consumer Cyclical,Auto Manufacturers,,,59.77,-48.42,0.0,1.24,0.16,-28.749999999999996,-12.76,-0.95,-92.23,,1370000.0,0.01,1.71,-,,2790000.0,HIGH,5.17,-4.19,0.0,10.48,0.5173,True,0.67,True,0.61,19.141,10.601,-15.5464,-34.41,0.038,9.0,34.56,,,1.83,9442302.0,shrinking revenue,,,,,,,,,,,,
FMC,FMC Corp,Basic Materials,Agricultural Inputs,,6.81,-381.12,-17.46,-0.09,9.79,23.87,-2.26,-18.48,0.43,-70.91,2.65,3950000.0,0.77,11.25,Jul 29/a,13.55,1410000000.0,HIGH,7.86,-14.29,1.01,13.17,0.3238,False,-4.84,False,-1.58,6.076,4.918,-4.2295,-18.42,0.736,11.0,3.0,32.0,9.69,10.98,34101824.0,shrinking revenue,,23.4,,,,,,,,,,
FOSL,Fossil Group Inc,Consumer Cyclical,Footwear & Accessories,,21.3,-320.56,-4.86,-0.93,11.73,12.3,17.48,12.75,1.6,-19.4,1.0,942140.0,0.36,5.04,Aug 12/a,9.0,298060000.0,HIGH,-13.41,-2.74,0.66,-8.1,0.2667,False,-5.0,True,1.39,5.749,8.853,-3.6135,-20.48,0.966,32.0,12.95,22.0,-5.69,4.97,3702359.0,shrinking revenue,,81.1,,,,,,,,,,
FOXF,Fox Factory Holding Corp,Consumer Cyclical,Auto Parts,,10.28,46.88,-4.47,0.0,0.1,7.08,4.07,21.5,1.4,-30.25,2.57,559790.0,0.78,19.16,Aug 06/a,21.83,805320000.0,HIGH,-4.67,-3.31,1.0,0.64,0.1411,False,-5.33,True,0.16,3.827,3.165,-2.4551,-11.32,0.882,16.0,-8.16,26.0,3.87,19.59,8045667.0,shrinking revenue,,11.4,,,,,,,,,,
FSK,FS KKR Capital Corp,Financial,Asset Management,,7.91,83.73,-18.08,0.01,,4.95,9.79,18.57,0.91,-31.71,2.8,2350000.0,0.92,12.0,Aug 06/b,12.17,3320000000.0,HIGH,0.17,-1.23,1.41,5.48,0.0585,False,-0.67,True,4.31,1.915,1.746,-1.1955,-5.35,0.766,22.0,-1.15,27.0,8.97,12.03,18272569.0,shrinking revenue,,1.2,,,,,,,,,,
FTRE,Fortrea Holdings Inc,Healthcare,Biotechnology,,18.55,96.64,-4.52,-20.63,0.27,12.68,18.64,112.84,1.96,-7.76,2.46,1430000.0,1.37,19.73,Jul 29/b,21.25,1880000000.0,HIGH,-3.81,2.05,1.81,1.5,0.1382,False,-3.13,False,-4.61,4.586,3.963,-2.482,-18.61,1.031,34.0,-9.32,33.0,-14.66,17.41,19739700.0,shrinking revenue,,22.1,,,,,,,,,,
FUN,Six Flags Entertainment Corp,Consumer Cyclical,Leisure,,,-101.18,-7.04,10.14,-4.33,19.73,-45.46,-22.33,0.43,-53.49,1.94,2260000.0,1.07,12.73,Aug 06/b,21.07,1300000000.0,HIGH,-15.51,-16.26,0.86,-10.2,0.3109,False,-14.66,False,-21.77,6.102,5.387,-4.42,-49.21,0.94,,,27.0,-16.32,13.18,28412750.0,shrinking revenue,,59.9,,,,,,,,,,
FWDI,Forward Industries Inc,Financial,Capital Markets,,28.5,-2.96,332.09,0.0,1.46,9.73,26.14,16.92,0.86,-86.02,1.0,1590000.0,1.65,6.08,Aug 12/a,11.17,448990000.0,HIGH,62.38,1.31,0.79,67.69,0.5252,True,16.46,True,41.54,8.469,9.496,-6.1161,-2.66,1.261,1.0,6.11,22.0,67.87,6.95,13182168.0,>40% above 50-day SMA,,60.7,,,,,,,,,,
GBDC,Golub Capital BDC Inc,Financial,Asset Management,19.13,9.72,-35.14,-19.23,-28.190000000000005,,4.74,-2.28,2.73,0.45,-14.279999999999998,1.29,1170000.0,1.24,12.43,Aug 03/a,13.62,3230000000.0,HIGH,-4.95,-2.43,0.94,0.36,0.0613,False,-4.03,False,-4.0,1.724,1.203,-0.9642,-7.36,1.394,22.0,-4.74,29.0,-4.66,12.47,14722430.0,shrinking revenue,,9.2,,,,,,,,,,
GBTG,Global Business Travel Group Inc,Consumer Cyclical,Travel Services,58.97,19.73,5.11,37.88,-1.22,-0.31,2.09,1.18,70.32,0.96,-0.9399999999999998,2.75,1890000.0,0.54,9.47,Aug 04/b,9.5,4950000000.0,HIGH,0.21,-0.21,0.46,5.52,0.0059,False,-0.07,True,0.23,0.272,0.211,-0.1455,-1.05,0.661,7.0,-0.21,29.0,0.32,9.46,16447579.0,deal-pinned,,0.4,,,,,,,,,,
GCTS,GCT Semiconductor Holding Inc,Technology,Semiconductors,,,5.73,-17.85,0.0,11.82,12.91,-26.44,62.71,1.79,-51.15,1.0,2350000.0,0.42,1.92,Aug 10/a,3.2,176580000.0,HIGH,-10.53,3.31,0.79,-5.22,0.2101,False,-0.11,False,-9.24,5.539,5.615,-3.6106,-43.67,0.697,26.0,-21.1,24.0,-8.33,1.87,3093659.0,shrinking revenue,,71.1,,,,,,,,,,
GDRX,GoodRx Holdings Inc,Healthcare,Health Information Services,74.1,9.8,-31.94,-1.31,-1.08,0.18,4.93,27.839999999999996,57.21000000000001,1.68,-39.93,2.62,1380000.0,0.56,3.49,Aug 05/a,4.03,1190000000.0,HIGH,-4.3,1.14,0.69,1.01,0.1097,True,1.58,True,6.81,3.598,5.562,-2.5843,-8.48,0.689,24.0,-2.73,27.0,8.87,3.56,5211365.0,shrinking revenue,,13.2,,,,,,,,,,
GEMI,Gemini Space Station Inc,Financial,Capital Markets,,,21.93,-47.66,-0.03,6.63,24.65,-15.109999999999998,-39.68,2.4,-87.45,2.78,1940000.0,1.07,4.36,Aug 13/a,5.19,564640000.0,HIGH,33.24,2.78,0.71,38.55,0.3311,True,10.37,True,11.96,8.548,10.291,-6.401,-6.6,0.895,7.0,12.12,21.0,22.7,4.81,12907509.0,shrinking revenue,,7.9,,,,,,,,,,
GIII,G-III Apparel Group Ltd,Consumer Cyclical,Apparel Manufacturing,9.15,11.6,84.28,-9.65,0.56,3.08,21.46,-19.84,7.85,1.28,-26.05,1.67,603940.0,1.38,27.76,Sep 02/b,37.33,1190000000.0,HIGH,-17.59,0.76,1.08,-12.28,0.3695,False,-10.62,False,-17.07,4.155,2.659,-2.9192,-25.87,1.794,35.0,-20.37,8.0,-2.25,27.83,22718348.0,shrinking revenue,,34.1,,,,,,,,,,
GLUE,Monte Rosa Therapeutics Inc,Healthcare,Biotechnology,,,-185.83,-61.33,-0.55,5.89,30.04,-28.309999999999995,-20.55,1.35,-49.59,1.0,1440000.0,0.88,12.99,Aug 06/b,28.5,1110000000.0,HIGH,-9.62,-2.59,1.6,-4.31,0.1537,False,-3.2,False,-23.0,5.545,7.194,-3.4076,-44.89,0.983,41.0,-39.98,27.0,-10.95,13.9,16001859.0,shrinking revenue,,105.0,,,,,,,,,,
GNL,Global Net Lease Inc,Real Estate,REIT - Diversified,,,87.22,-9.95,0.0,2.87,5.94,-3.4300000000000006,-6.34,1.01,-10.22,1.89,2570000.0,0.71,9.01,Aug 05/a,10.25,2080000000.0,HIGH,2.38,-0.88,1.18,7.69,0.0479,False,-0.74,True,0.11,1.408,1.386,-0.7655,-5.35,0.765,42.0,1.23,27.0,4.64,9.02,15919130.0,shrinking revenue,,13.6,,,,,,,,,,
GNTX,Gentex Corp,Consumer Cyclical,Auto Parts,11.89,10.12,25.53,-1.0,-3.5000000000000004,3.5699999999999994,8.06,-13.94,6.309999999999999,0.84,-23.72,2.2,2570000.0,0.68,22.41,Jul 24/b,25.36,4720000000.0,HIGH,-5.17,-0.96,0.71,0.14,0.0924,False,-2.26,False,-4.13,2.335,1.993,-1.3284,-14.37,0.823,,,36.0,-1.4,22.58,55203219.0,shrinking revenue,,12.3,,,,,,,,,,
GOGO,Gogo Inc,Communication Services,Telecom Services,,7.34,-115.72,-1.43,0.0,-2.37,16.41,-29.01,-41.72,1.19,-74.55,2.0,2049999.9999999998,0.56,2.57,Aug 06/b,10.0,348260000.0,HIGH,-1.11,-2.91,0.62,4.2,0.1389,True,0.39,False,-18.14,6.447,4.869,-4.0454,-43.37,0.834,32.0,-31.19,27.0,-26.65,2.67,5451560.0,shrinking revenue,,274.5,,,,,,,,,,
GPK,Graphic Packaging Holding Co,Consumer Cyclical,Packaging & Containers,14.81,8.67,-76.54,-0.73,0.69,2.83,7.85,-11.94,-2.42,0.67,-53.47,3.15,5050000.0,1.78,9.66,Aug 04/b,12.49,2860000000.0,HIGH,-13.45,-3.74,1.21,-8.14,0.3026,False,-11.91,False,-13.39,3.977,2.836,-2.5833,-22.29,1.523,26.0,-19.8,29.0,-16.12,9.52,53499909.0,shrinking revenue,,31.2,,,,,,,,,,
GPRE,Green Plains Inc,Basic Materials,Chemicals,9.65,8.53,175.96,-15.24,0.0,6.87,19.69,3.34,-3.25,1.16,-24.31,2.0,1500000.0,1.24,14.87,Aug 06/b,19.0,1040000000.0,HIGH,-9.48,-7.41,1.05,-4.17,0.1727,False,-4.17,False,-8.8,5.388,5.065,-3.1251,-25.65,0.9,41.0,-15.11,27.0,-3.88,14.61,24118609.0,shrinking revenue,,30.0,,,,,,,,,,
GPRO,GoPro Inc,Technology,Consumer Electronics,,,-186.44,-31.259999999999998,-0.25,20.69,23.99,76.0,85.92,2.41,-56.720000000000006,5.0,32580000.0,0.63,1.32,Aug 10/a,0.5,247030000.0,HIGH,119.87,-7.22,0.23,125.18,1.7229,True,35.12,True,64.55,20.381,8.889,-17.3543,-34.15,1.37,6.0,-2.88,24.0,117.74,1.35,121784558.0,>40% above 50-day SMA; >20% above 20-day SMA; shrinking revenue,,-63.0,,,,,,,,,,
GRPN,Groupon Inc,Communication Services,Internet Content & Information,,21.8,-109.93000000000002,-0.8199999999999998,0.0,-2.74,35.91,7.449999999999999,82.22,0.2,-37.29,2.75,1450000.0,0.55,18.75,Aug 06/a,30.67,762470000.0,HIGH,-5.86,0.84,0.78,-0.55,0.1283,False,-0.7,False,-17.81,4.235,3.506,-2.2361,-36.09,0.752,42.0,-26.44,26.0,-23.65,19.11,19519273.0,shrinking revenue,,60.5,,,,,,,,,,
GT,Goodyear Tire & Rubber Co,Consumer Cyclical,Auto Parts,,18.86,-180.59,-4.82,0.0,-0.33,14.14,-20.33,-22.11,1.22,-50.56,2.25,9800000.0,1.23,5.25,Aug 05/a,7.8,1510000000.0,HIGH,-12.07,-9.06,1.16,-6.76,0.1954,False,-10.89,False,-18.04,5.236,3.383,-2.762,-29.63,1.276,38.0,-27.02,27.0,-21.3,5.32,47561917.0,shrinking revenue,,46.6,,,,,,,,,,
HBNC,Horizon Bancorp Inc (IN),Financial,Banks - Regional,,8.87,3.56,-1.9799999999999998,-0.59,0.6,3.65,2.43,24.15,0.82,-5.94,1.4,655900.0,0.71,19.79,Jul 22/a,22.9,1020000000.0,HIGH,-2.85,0.25,1.31,2.46,0.0522,True,0.43,False,-1.2,1.679,1.466,-1.0664,-5.99,0.755,30.0,-3.28,37.0,-1.35,19.78,8846582.0,shrinking revenue,,15.8,,,,,,,,,,
HCAT,Health Catalyst Inc,Healthcare,Health Information Services,,206.98,6.88,-12.68,0.0,-7.68,3.16,-6.52,41.56,1.52,-52.42,2.67,1000000.0,0.35,1.72,Aug 06/a,1.82,129440000.0,HIGH,7.06,7.06,1.63,12.37,0.1688,True,9.24,False,-6.04,4.961,7.418,-3.4213,-24.17,0.817,28.0,-20.18,26.0,5.2,1.82,850571.0,shrinking revenue,,0.0,,,,,,,,,,
HLIT,Harmonic Inc,Technology,Communication Equipment,,14.45,-183.79,-3.3099999999999996,-1.79,0.78,5.45,-22.89,22.57,1.33,-34.28,2.29,1740000.0,1.39,11.62,Aug 12/a,16.14,1270000000.0,HIGH,-16.23,-5.94,1.13,-10.92,0.1598,False,-7.08,False,-8.21,3.644,4.0,-2.4538,-31.78,0.832,22.0,-6.25,22.0,-6.25,11.25,15357833.0,shrinking revenue,,43.5,,,,,,,,,,
HNST,Honest Company Inc,Consumer Defensive,Household & Personal Products,,48.63,178.76,-10.87,-2.97,2.99,11.82,51.68000000000001,96.74,2.3,-9.65,2.14,2120000.0,0.72,5.43,Aug 05/a,5.2,582560000.0,HIGH,18.09,-3.31,0.73,23.4,0.2734,True,2.16,True,18.81,5.201,4.685,-2.9698,-7.65,0.886,7.0,-2.97,27.0,44.16,5.55,12351003.0,shrinking revenue,,-6.3,,,,,,,,,,
HOG,Harley-Davidson Inc,Consumer Cyclical,Recreational Vehicles,17.05,14.22,-16.48,-5.86,3.88,0.97,17.19,5.75,54.71,1.3,-11.78,2.7,2420000.0,0.56,27.57,Jul 23/b,28.3,2870000000.0,HIGH,2.07,1.51,1.26,7.38,0.0661,False,-0.06,True,3.52,3.425,2.428,-1.9897,-4.4,0.721,6.0,-0.29,37.0,4.03,27.59,46143786.0,shrinking revenue,,2.6,,,,,,,,,,
HP,Helmerich & Payne Inc,Energy,Oil & Gas Drilling,,30.26,145.34,-0.58,-4.88,-1.36,7.62,17.43,25.4,0.68,-9.8,2.71,1300000.0,0.79,43.45,Aug 05/a,44.8,4340000000.0,HIGH,-4.67,-2.47,0.97,0.64,0.1316,False,-2.81,True,9.84,4.412,5.489,-2.5238,-11.5,0.895,9.0,-2.18,27.0,28.09,42.63,54526714.0,shrinking revenue,,5.1,,,,,,,,,,
HSCS,HeartSciences Inc,Healthcare,Medical Devices,,,45.16,10.53,0.0,-7.829999999999999,3.68,86.96,29.32,1.81,-20.92,1.0,2310000.0,0.03,3.44,Jul 22,12.0,13410000.0,HIGH,60.18,-13.24,0.51,65.49,0.6958,True,14.0,True,32.67,10.732,7.627,-7.7073,-18.62,1.676,7.0,17.61,,,3.54,497304.0,illiquid (<$500K/day),,239.0,,,,,,,,,,
HTLD,Heartland Express Inc,Industrials,Trucking,,24.19,198.35,-12.48,-0.1,1.48,7.23,-20.86,31.370000000000005,1.34,-24.74,3.5,690360.0,1.03,12.52,Jul 30/b,13.2,968200000.0,HIGH,-2.89,1.06,0.83,2.42,0.0764,True,0.42,False,-5.79,3.253,3.293,-1.8235,-20.09,0.827,,,32.0,-2.2,12.45,8110819.0,shrinking revenue,,6.0,,,,,,,,,,
HUBG,Hub Group Inc,Industrials,Integrated Freight & Logistics,19.25,15.93,22.21,-5.31,0.0,0.26,6.0,-26.530000000000005,-2.05,1.23,-37.19,3.33,1040000.0,1.85,33.45,Jul 30,35.6,2049999999.9999998,HIGH,-10.67,-2.22,2.36,-5.36,0.2093,False,-7.73,False,-18.73,5.145,15.372,-2.0577,-31.69,1.444,43.0,-25.42,,,35.26,44989916.0,shrinking revenue,,1.0,,,,,,,,,,
HZO,Marinemax Inc,Consumer Cyclical,Specialty Retail,363.57,33.34,127.37,-6.98,0.0,-1.4,11.46,53.11,106.45,1.7,0.08,2.56,603700.0,1.61,52.5,Jul 23/b,45.0,1160000000.0,HIGH,-0.08,0.08,0.96,5.23,0.0031,True,0.06,True,19.98,0.194,0.096,-0.13,-0.48,1.255,25.0,46.33,37.0,58.6,52.21,37151324.0,deal-pinned; shrinking revenue,,-13.8,,,,,,,,,,
IAUX,i-80 Gold Corp,Basic Materials,Gold,,,-22.74,-12.53,2.62,-4.21,11.88,8.33,1.2,1.24,-24.55,1.0,10180000.0,0.4,1.69,Aug 10/a,3.11,1460000000.0,HIGH,2.42,-3.98,0.63,7.73,0.2031,False,-5.0,True,7.84,4.666,2.367,-3.715,-12.89,0.504,17.0,-2.31,24.0,1.81,1.69,16825196.0,shrinking revenue,,84.0,,,,,,,,,,
IBIO,iBio Inc,Healthcare,Biotechnology,,,39.47,-100.0,0.9899999999999999,16.62,9.35,-27.88,-50.21,1.26,-68.85,1.12,818440.0,0.46,1.19,Aug 28/b,5.53,72410000.0,HIGH,-17.24,-7.69,0.45,-11.93,0.2849,False,-11.18,False,-14.35,5.06,2.5,-2.4898,-43.13,0.396,18.0,-17.24,11.0,-11.76,1.2,999824.0,shrinking revenue,,360.8,,,,,,,,,,
IE,Ivanhoe Electric Inc,Basic Materials,Copper,,,13.449999999999998,-32.21,0.0,1.7000000000000002,8.99,-18.44,-26.150000000000002,1.3,-56.88999999999999,1.14,2220000.0,0.68,9.29,Aug 07/b,21.08,1480000000.0,HIGH,-8.78,-12.5,1.62,-3.47,0.2569,False,-9.81,False,-3.29,8.063,6.108,-5.0102,-22.78,1.359,14.0,-14.21,26.0,-9.72,9.66,21623091.0,shrinking revenue,,118.2,,,,,,,,,,
IHT,Innsuites Hospitality Trust,Real Estate,REIT - Hotel & Motel,,,85.71,-0.56,-0.9000000000000001,33.27,1.65,-7.139999999999999,23.81,0.33,-69.34,,504880.0,0.04,1.3,-,,15650000.0,HIGH,-16.25,-2.9,0.08,-10.94,0.3254,False,-5.1,False,-15.22,6.983,6.716,-3.4443,-29.47,0.289,54.0,-22.09,,,1.34,99322.0,illiquid (<$500K/day); shrinking revenue,,,,,,,,,,,,
IMNM,Immunome Inc,Healthcare,Biotechnology,,,-29.43,-100.0,-7.06,-0.68,15.18,32.54,17.63,2.54,-20.33,1.07,1280000.0,1.04,23.95,Aug 11/a,36.31,2720000000.0,HIGH,-10.4,-8.43,0.73,-5.09,0.2121,False,-10.21,False,-2.91,4.491,3.503,-3.1318,-18.33,0.694,18.0,-10.92,23.0,-6.48,24.55,28336000.0,shrinking revenue,,47.9,,,,,,,,,,
IMXI,International Money Express Inc,Technology,Software - Infrastructure,22.2,10.07,-62.66,-16.69,0.0,3.4000000000000004,7.18,-6.7,-12.67,0.75,-13.54,3.0,522970.0,1.1,13.79,Aug 05,16.0,416620000.0,HIGH,-4.84,-1.67,0.54,0.47,0.0592,False,-1.13,True,4.27,1.573,1.129,-1.2107,-5.34,0.509,21.0,21.11,,,14.17,6583593.0,shrinking revenue,,12.9,,,,,,,,,,
INDP,Indaptus Therapeutics Inc,Healthcare,Biotechnology,,,99.83,,0.0,368.46,4.48,-1.36,108.0,0.82,-57.53,1.0,688700.0,2.85,3.64,Aug 13/b,10.0,485000000.0,HIGH,214.0,69.73,0.74,219.31,1.7652,True,113.13,True,76.42,8.308,15.605,-16.6141,-31.74,5.078,5.0,157.38,22.0,207.84,3.14,3341342.0,>40% above 50-day SMA; >20% above 20-day SMA,,218.5,,,,,,,,,,
INSP,Inspire Medical Systems Inc,Healthcare,Medical Devices,16.2,50.75,108.87,-7.6,-0.3,-4.58,13.41,81.38,26.72,0.71,-49.26,2.78,858860.0,0.98,74.6,Aug 03/a,60.73,2160000000.0,HIGH,29.88,19.6,1.88,35.19,0.2735,True,17.65,True,29.62,4.281,4.635,-2.943,-1.29,1.452,4.0,19.6,29.0,42.32,74.32,40502827.0,shrinking revenue,,-18.3,,,,,,,,,,
IOND,Ionic Digital Inc,Financial,Capital Markets,,,,,0.0,2.06,0.69,,,,-3.94,1.0,828460.0,0.61,81.65,Aug 19/a,85.0,3670000000.0,HIGH,19.8,-2.56,0.83,25.11,0.2831,True,9.42,,,5.795,5.935,-3.1672,,,2.0,-0.03,17.0,18.66,79.86,40643149.0,incomplete signals,,6.4,,,,,,,,,,
IOVA,Iovance Biotherapeutics Inc,Healthcare,Biotechnology,,,68.51,65.65,0.0,4.52,22.4,132.26,131.68,0.84,-0.53,1.56,16360000.0,0.68,9.36,Aug 06/b,10.0,4240000000.0,HIGH,30.42,6.44,1.43,35.73,0.261,True,11.61,True,45.99,4.775,9.395,-5.4256,-1.59,0.785,1.0,7.67,27.0,113.36,9.26,122998275.0,>40% above 50-day SMA,,8.0,,,,,,,,,,
IQST,iQSTEL Inc,Communication Services,Telecom Services,,,52.16,51.1,0.0,-2.47,7.05,-13.930000000000001,-45.31,1.53,-85.47,1.0,4810000.0,0.06,1.05,Aug 19/b,18.0,11460000.0,HIGH,-7.14,14.66,0.99,-1.83,0.3225,True,6.85,True,0.49,5.92,11.731,-5.7749,-39.18,0.069,19.0,-7.14,18.0,2.97,1.04,408776.0,illiquid (<$500K/day),,1630.8,,,,,,,,,,
IRD,Opus Genetics Inc,Healthcare,Biotechnology,,,-18.7,-73.8,-10.19,16.46,16.27,48.66,12.14,0.56,-17.68,1.0,2160000.0,0.92,5.82,Aug 06/b,13.0,484200000.0,HIGH,63.56,37.56,0.55,68.87,0.7636,True,35.1,True,52.28,10.122,7.035,-8.7476,-15.56,5.971,4.0,37.56,27.0,60.48,5.97,24941340.0,>40% above 50-day SMA; >20% above 20-day SMA; shrinking revenue,,117.8,,,,,,,,,,
ISPC,iSpecimen Inc,Healthcare,Diagnostics & Research,,,94.17,-78.69,,382.06,5.71,-53.0,-83.09,1.62,-98.46,1.0,584270.0,0.36,1.33,-,2400.0,3350000.0,HIGH,-31.63,-7.55,0.1,-26.32,0.7262,False,-13.45,False,-26.45,8.654,4.762,-6.6303,-50.34,4.461,19.0,-31.63,,,1.47,2870939.0,shrinking revenue,,163165.3,,,,,,,,,,
ITGR,Integer Holdings Corp,Healthcare,Medical Devices,34.41,18.39,-33.29,-2.74,-2.33,4.64,7.74,38.92,50.03999999999999,0.58,-0.45999999999999996,3.09,931780.0,0.55,126.21,Aug 03/b,120.6,4290000000.0,HIGH,0.84,-0.06,0.96,6.15,0.0139,True,0.49,True,10.43,0.295,0.143,-0.2274,-0.53,0.654,6.0,0.5,30.0,4.06,126.13,93091579.0,deal-pinned; shrinking revenue,,-4.4,,,,,,,,,,
ITRI,Itron Inc,Technology,Scientific & Technical Instruments,15.43,13.3,-18.95,-7.23,-4.87,1.6500000000000001,14.47,14.360000000000001,1.12,1.31,-35.0,1.5,756410.0,0.78,92.3,Jul 28/b,129.6,4040000000.0,HIGH,-8.67,-4.85,1.0,-3.36,0.0971,False,-5.18,False,-2.88,2.543,1.872,-1.5866,-15.07,0.595,34.0,8.39,34.0,8.39,91.89,45892893.0,shrinking revenue,,41.0,,,,,,,,,,
JACK,Jack In The Box Inc,Consumer Cyclical,Restaurants,3.23,4.29,-10.09,-22.62,-0.72,8.61,35.03,5.19,6.34,1.42,-43.04,2.5,930370.0,0.74,13.59,Aug 12/a,20.0,260649999.99999997,HIGH,-14.27,-3.3,1.15,-8.96,0.2384,False,-8.73,False,-8.95,6.022,4.843,-3.5306,-36.4,0.695,23.0,-17.92,22.0,-21.86,14.66,9311226.0,shrinking revenue,,36.4,,,,,,,,,,
JELD,JELD-WEN Holding Inc,Industrials,Building Products & Equipment,,,-39.48,-0.72,-0.64,-12.86,9.79,14.529999999999998,42.36,2.23,-68.51,3.0,1800000.0,0.43,2.05,Aug 03/a,1.93,177860000.0,HIGH,9.63,-6.39,0.4,14.94,0.3526,False,-6.86,True,18.51,9.383,5.61,-6.8589,-19.92,0.571,11.0,-5.96,29.0,42.36,2.05,3965510.0,shrinking revenue,,-5.9,,,,,,,,,,
JRSH,Jerash holdings (US) Inc,Consumer Cyclical,Apparel Manufacturing,13.73,10.02,400.0,26.75,-0.01,20.22,1.21,34.93,65.9,0.98,-12.91,1.0,750590.0,0.12,5.06,Aug 10/b,6.5,64260000.00000001,HIGH,-9.04,-4.29,1.6,-3.73,0.0992,False,-6.01,True,1.96,4.121,4.678,-2.6728,-11.7,0.968,20.0,-3.21,25.0,2.6,5.13,439884.0,illiquid (<$500K/day),,26.7,,,,,,,,,,
JTAI,Jet.AI Inc,Technology,Software - Application,0.0,,99.07,139.01,0.0,5.9,4.24,111.29,-29.01,-0.56,-98.31,1.0,1460000.0,0.08,1.28,May 15/b,7.58,4550000.0,HIGH,-20.0,-6.77,0.6,-14.69,0.4055,False,-13.44,False,-22.9,7.177,4.032,-5.8136,-75.25,0.063,43.0,168.57,,,1.24,186368.0,illiquid (<$500K/day),,511.3,,,,,,,,,,
KBH,KB Home,Consumer Cyclical,Residential Construction,12.02,11.11,-71.17,-27.27,-10.22,2.55,12.9,-6.97,-8.8,1.33,-27.61,3.17,1180000.0,1.25,49.52,Sep 22/a,58.5,3040000000.0,HIGH,-10.59,-1.25,2.16,-5.28,0.205,False,-6.7,False,-10.36,3.27,3.268,-2.3697,-22.1,1.567,28.0,-14.61,,,49.57,51460298.0,shrinking revenue,,18.0,,,,,,,,,,
KD,Kyndryl Holdings Inc,Technology,Information Technology Services,36.91,5.31,-206.45,-3.34,0.0,4.96,14.37,14.429999999999998,7.55,1.7,-59.3,3.43,4190000.0000000005,0.71,13.24,Aug 05/b,14.2,2880000000.0,HIGH,6.68,6.1,1.02,11.99,0.1147,True,4.97,True,5.41,4.068,3.869,-2.4611,-7.75,0.852,1.0,3.19,28.0,-2.37,13.57,45687287.0,shrinking revenue,,4.6,,,,,,,,,,
KEEL,Keel Infrastructure Corp,Technology,Information Technology Services,,,-984.8499999999999,-60.370000000000005,6.2,28.12,20.81,-42.05,45.13,4.01,-55.50000000000001,1.17,40380000.0,0.55,3.28,Aug 10/b,6.33,2029999999.9999998,HIGH,-8.49,-7.51,0.72,-3.18,0.2427,True,1.81,False,-9.64,7.752,7.362,-6.2219,-53.19,0.923,,,25.0,1.47,3.45,128653214.0,shrinking revenue,,83.5,,,,,,,,,,
KIDZ,KIDZ AI Inc,Consumer Defensive,Education & Training Services,,,96.72,-33.6,-98.71,,3.79,-88.11,-99.25,-0.68,-99.98,,1060000.0,0.06,3.02,-,,2590000.0,HIGH,-28.5,-21.14,0.33,-23.19,0.5681,False,-30.21,False,-55.23,15.223,19.897,-7.4168,-88.45,0.055,,,,,2.91,1170289.0,shrinking revenue,,,,,,,,,,,,
KLC,KinderCare Learning Companies Inc,Consumer Defensive,Education & Training Services,,10.13,-122.63999999999999,-0.37,0.59,1.39,15.79,-41.85,26.090000000000003,3.73,-69.43,3.5,814510.0,0.58,2.32,Aug 13/a,4.13,274960000.0,HIGH,-7.03,-7.75,0.71,-1.72,0.2055,False,-8.04,False,-41.25,5.099,3.571,-3.7306,-57.65,0.755,29.0,-56.01,21.0,-8.46,2.38,2449021.0,shrinking revenue,,73.5,,,,,,,,,,
KLTR,Kaltura Inc,Technology,Software - Application,,27.76,25.540000000000003,5.47,-1.58,6.06,2.27,-4.73,1.44,1.19,-31.22,1.0,573740.0,0.56,1.41,Aug 05/b,3.5,215090000.0,HIGH,-13.41,-4.05,0.79,-8.1,0.2151,False,-8.48,False,-4.37,4.532,4.577,-2.0941,-30.73,0.325,28.0,1.43,28.0,1.43,1.42,369460.0,illiquid (<$500K/day),,146.5,,,,,,,,,,
KMPR,Kemper Corp,Financial,Insurance - Property & Casualty,,6.7,-802.6099999999999,-9.18,1.54,1.82,9.27,8.84,-6.49,1.05,-48.22,3.0,1040000.0,0.67,27.82,Aug 05/a,36.33,1640000000.0,HIGH,6.45,4.61,0.82,11.76,0.1015,True,1.51,False,-0.81,3.766,3.154,-2.2734,-10.58,0.982,34.0,-5.3,27.0,-4.68,27.9,24227785.0,shrinking revenue,,30.2,,,,,,,,,,
KPTI,Karyopharm Therapeutics Inc,Healthcare,Biotechnology,,,46.41,-11.86,-0.1,14.21,53.48,-84.02,-81.99,1.02,-85.99,1.33,1490000.0,0.89,1.54,Aug 13/b,8.8,34930000.0,HIGH,-11.6,-6.98,0.75,-6.29,0.2896,False,-12.5,False,-64.11,9.71,4.375,-5.6022,-85.27,1.203,48.0,-84.08,22.0,-19.6,1.6,2352791.0,shrinking revenue,,450.0,,,,,,,,,,
KRC,Kilroy Realty Corp,Real Estate,REIT - Office,24.29,75.33,-70.55,-6.04,-4.78,-8.11,8.27,-10.09,20.38,1.18,-23.38,2.71,1270000.0,1.1,34.5,Jul 27/a,39.62,4050000000.0,HIGH,-3.11,-3.43,1.02,2.2,0.0816,False,-3.73,False,-7.36,2.263,2.177,-1.1309,-14.54,1.036,44.0,-10.4,34.0,-9.7,34.91,40315078.0,shrinking revenue,,13.5,,,,,,,,,,
KREF,KKR Real Estate Finance Trust Inc,Real Estate,REIT - Mortgage,,,-269.84,-23.18,0.65,7.82,13.76,-2.22,6.83,0.91,-27.65,2.33,929940.0,0.73,7.04,Jul 21/a,8.8,415440000.0,HIGH,-4.28,-4.16,1.05,1.03,0.0889,False,-4.22,False,-3.4,2.502,1.678,-1.6763,-9.61,0.602,22.0,-6.66,38.0,-3.51,7.15,4059370.0,shrinking revenue,,23.1,,,,,,,,,,
KSS,Kohl's Corp,Consumer Cyclical,Department Stores,7.14,10.21,-4.65,-0.8699999999999999,-0.8199999999999998,-2.01,28.37,-4.88,25.46,1.36,-35.13,3.29,4220000.0,0.88,16.36,Aug 26/b,16.83,1850000000.0,HIGH,-10.94,-7.74,0.65,-5.63,0.1784,False,-5.21,False,-5.58,6.228,5.067,-3.6775,-16.45,0.993,30.0,-10.29,13.0,-2.88,17.17,86624242.0,shrinking revenue,,-2.0,,,,,,,,,,
KTB,Kontoor Brands Inc,Consumer Cyclical,Apparel Manufacturing,14.0,10.18,-11.52,-11.56,-16.7,6.509999999999999,10.55,-15.43,-0.42,0.89,-24.69,1.91,764340.0,1.54,67.0,Aug 12/b,97.5,3660000000.0,HIGH,-17.55,-4.68,0.96,-12.24,0.3007,False,-10.64,False,-16.23,4.076,2.636,-2.4118,-24.21,0.939,53.0,-17.77,23.0,-10.06,67.42,49244462.0,shrinking revenue,,44.6,,,,,,,,,,
KULR,KULR Technology Group Inc,Technology,Electronic Components,,,-319.07,-47.64,0.0,-0.07,15.3,-43.35,-17.27,2.34,-61.65999999999999,1.0,1300000.0,0.56,2.3,Aug 13/a,7.0,106450000.0,HIGH,-9.16,-4.8,1.06,-3.85,0.1739,False,-6.19,False,-12.96,5.042,4.622,-2.568,-43.87,0.665,23.0,-15.0,21.0,-9.85,2.38,1837224.0,shrinking revenue,,194.1,,,,,,,,,,
LCTX,Lineage Cell Therapeutics Inc,Healthcare,Biotechnology,,,77.21,-61.34,0.0,2.35,15.24,-13.819999999999999,-33.75,1.59,-49.28,1.43,1340000.0,1.04,1.06,Aug 06/a,5.5,268079999.99999997,HIGH,0.94,-1.83,1.91,6.25,0.1346,False,-1.29,False,-4.63,5.073,6.542,-2.8017,-22.46,1.378,12.0,-4.46,26.0,-2.73,1.07,1041294.0,shrinking revenue,,414.0,,,,,,,,,,
LFMD,LifeMD Inc,Healthcare,Health Information Services,,,-156.23,-24.01,0.0,11.55,18.48,-30.75,-22.73,1.96,-53.55,1.0,946260.0,1.07,3.4,Aug 05/a,8.12,163880000.0,HIGH,3.61,11.33,2.63,8.92,0.1679,True,8.23,False,-6.37,4.61,13.081,-3.9101,-32.55,1.434,,,27.0,1.18,3.44,2283964.0,shrinking revenue,,136.0,,,,,,,,,,
LIMN,Liminatus Pharma Inc,Healthcare,Biotechnology,,,-698.35,,0.0,,12.24,-41.55,-70.23,0.76,-97.52,,684550.0,0.02,3.51,-,,4720000.0,HIGH,-50.07,-2.76,0.72,-44.76,0.9467,False,-20.68,False,-33.3,9.84,9.233,-4.8803,-65.99,0.045,22.0,-35.41,,,3.52,254505.0,illiquid (<$500K/day),,,,,,,,,,,,
LNAI,Lunai Bioworks Inc,Healthcare,Biotechnology,,,-994.57,,0.0,7.8,6.92,-16.09,29.189999999999998,0.32,-87.52,,955880.0,0.02,2.19,-,,9930000.0,HIGH,-3.56,-16.54,0.93,1.75,0.2461,False,-6.06,False,-11.09,10.701,21.152,-5.2384,-54.6,0.175,5.0,-9.21,,,2.17,77567.0,illiquid (<$500K/day),,,,,,,,,,,,
LODE,Comstock Inc,Basic Materials,Other Precious Metals & Mining,,,-25.85,-19.65,,13.419999999999998,9.77,-37.5,-16.12,1.47,-48.8,1.0,1350000.0,2.01,2.55,Jul 23/b,7.0,193780000.0,HIGH,-22.77,-12.99,1.59,-17.46,0.3124,False,-18.18,False,-22.22,6.77,4.851,-2.372,-46.18,1.012,14.0,-24.08,37.0,-30.93,2.68,3103822.0,shrinking revenue,,161.2,,,,,,,,,,
LPX,Louisiana-Pacific Corp,Industrials,Building Products & Equipment,83.94,20.71,-51.849999999999994,-12.05,-0.11,2.32,11.0,-16.16,-14.510000000000002,1.61,-35.47,1.53,1150000.0,1.26,64.75,Aug 05/b,92.07,4530000000.0,HIGH,-7.61,-0.43,0.92,-2.3,0.1581,False,-4.76,False,-7.96,3.181,2.051,-2.1177,-20.25,0.957,26.0,-12.01,28.0,-13.05,66.79,72889156.0,shrinking revenue,,37.8,,,,,,,,,,
LRN,Stride Inc,Consumer Defensive,Education & Training Services,11.6,10.53,70.14,-2.69,0.0,-1.97,18.7,0.02,0.71,0.13,-47.25,1.8,923630.0,0.49,83.56,Aug 04/a,118.2,3470000000.0,HIGH,-0.87,0.67,0.78,4.44,0.0813,False,-1.94,False,-2.99,2.614,2.394,-1.1829,-15.9,0.84,9.0,-4.6,28.0,2.8,82.7,52170347.0,shrinking revenue,,42.9,,,,,,,,,,
LUNG,Pulmonx Corp,Healthcare,Medical Devices,,,36.74,-4.62,-3.6699999999999995,-12.64,2.54,49.22,18.63,0.34,-33.91,1.8,588460.0,0.39,1.91,Jul 29/a,3.4,82030000.0,HIGH,-11.66,-5.29,0.8,-6.35,0.3417,False,-11.54,True,4.69,8.314,8.629,-4.2749,-23.94,0.645,14.0,-13.6,32.0,57.6,1.97,821892.0,shrinking revenue,,72.6,,,,,,,,,,
LXP,LXP Industrial Trust,Real Estate,REIT - Industrial,61.34,138.75,-105.98,0.45000000000000007,0.0,-4.41,2.64,12.82,27.190000000000005,1.04,-1.3,2.43,761020.0,0.84,60.81,Jul 29/b,61.0,3590000000.0,HIGH,0.25,0.07,1.51,5.56,0.0091,False,-0.02,True,1.68,0.314,0.181,-0.2093,-1.3,1.352,17.0,-0.03,33.0,0.23,60.81,43399549.0,deal-pinned,,0.3,,,,,,,,,,
LXRX,Lexicon Pharmaceuticals Inc,Healthcare,Biotechnology,,,-915.7299999999999,-97.6,0.0,5.17,13.47,2.55,24.84,1.08,-25.0,1.8,3370000.0,0.74,2.01,Aug 06/b,3.86,894360000.0,HIGH,-15.38,-11.21,0.7,-10.07,0.222,False,-11.59,False,-13.44,3.896,3.535,-3.217,-26.12,0.907,29.0,-15.02,27.0,-16.1,1.98,5683626.0,shrinking revenue,,94.9,,,,,,,,,,
LZB,La-Z-Boy Inc,Consumer Cyclical,"Furnishings, Fixtures & Appliances",15.35,10.78,-113.04,-3.36,-7.62,-0.89,4.97,-19.75,-9.79,1.24,-32.47,2.33,686220.0,1.04,30.32,Aug 18/a,41.0,1210000000.0,HIGH,-25.41,-2.21,0.66,-20.1,0.3556,False,-6.22,False,-17.07,2.807,2.325,-4.0578,-27.04,1.139,26.0,-23.79,18.0,-8.67,30.97,29296778.0,shrinking revenue,,32.4,,,,,,,,,,
MARA,MARA Holdings Inc,Financial,Capital Markets,,,-186.86,-26.669999999999998,-3.8699999999999997,8.18,29.15,-23.22,21.78,5.34,-52.07000000000001,2.12,47270000.0,1.04,11.24,Aug 06/a,17.58,4340000000.0,HIGH,18.31,-2.79,1.04,23.62,0.3074,True,4.28,True,2.23,7.54,8.522,-6.4445,-30.01,0.958,2.0,0.61,26.0,13.97,11.5,567111761.0,shrinking revenue,,52.9,,,,,,,,,,
MATW,Matthews International Corp,Industrials,Conglomerates,,25.66,-253.9,-29.580000000000002,0.52,-4.51,14.39,-23.95,-18.36,1.04,-35.01,1.67,555340.0,1.87,20.1,Aug 06/a,31.33,627380000.0,HIGH,-13.43,-2.35,0.94,-8.12,0.151,False,-5.51,False,-18.35,3.308,2.411,-1.4682,-31.67,1.507,35.0,-28.1,26.0,-15.99,19.91,16264017.0,shrinking revenue,,57.4,,,,,,,,,,
MDXG,Mimedx Group Inc,Healthcare,Biotechnology,119.8,35.22,-255.9,-34.73,0.0,-0.8199999999999998,8.21,28.26,7.03,1.17,-40.78,1.0,1270000.0,0.9,4.72,Jul 29/a,7.4,687990000.0,HIGH,10.74,-0.64,0.89,16.05,0.1251,True,3.78,True,7.19,4.095,2.802,-1.9456,-2.52,0.915,6.0,4.74,32.0,9.69,4.64,4448233.0,shrinking revenue,,59.5,,,,,,,,,,
METC,Ramaco Resources Inc,Basic Materials,Coking Coal,,,8.51,-5.33,-20.2,-7.02,32.69,-31.56,-30.18,1.66,-82.63,1.67,1960000.0,1.01,10.04,Aug 04/a,19.89,583590000.0,HIGH,-15.86,-17.88,1.03,-10.55,0.3544,False,-17.73,False,-11.52,10.801,8.358,-6.246,-32.26,0.937,8.0,-26.55,28.0,11.36,10.29,27820627.0,shrinking revenue,,93.3,,,,,,,,,,
MFP,Midera Food Processing Inc,Industrials,Specialty Industrial Machinery,,16.88,,,1.66,118.26,3.59,,,,-17.12,2.0,907540.0,0.71,43.58,Aug 13/a,46.67,1970000000.0,HIGH,-7.76,-3.26,0.89,-2.45,0.2688,False,-9.07,False,-7.64,6.355,6.167,-4.0016,,0.346,14.0,-14.85,21.0,-3.64,41.51,24822949.0,incomplete signals,,12.4,,,,,,,,,,
MMS,Maximus Inc,Industrials,Specialty Business Services,8.6,6.96,4.98,-5.15,-0.07,-0.86,6.26,-4.9,-18.7,0.57,-41.82,1.33,670680.0,1.13,58.18,Aug 06/b,92.5,3050000000.0,HIGH,9.04,5.36,1.67,14.35,0.0913,True,2.81,True,2.05,2.698,4.431,-1.9002,-6.99,1.01,29.0,-4.6,27.0,1.75,59.35,28236771.0,shrinking revenue,,55.9,,,,,,,,,,
MNRO,Monro Inc,Consumer Cyclical,Auto Parts,62.32,30.69,70.53,-4.62,0.0,-5.55,29.04,-22.95,-18.22,1.09,-47.64,2.2,1090000.0,0.94,12.52,Jul 29/b,22.0,391430000.0,HIGH,11.25,2.8,0.65,16.56,0.1614,True,2.23,False,-8.26,5.721,3.655,-4.4867,-28.95,0.832,42.0,-25.28,33.0,-3.02,12.86,12894390.0,shrinking revenue,,71.1,,,,,,,,,,
MRTN,Marten Transport Ltd,Industrials,Trucking,89.87,21.21,-25.85,-2.77,0.0,5.96,5.82,-21.61,18.45,1.0,-24.62,2.67,674260.0,1.22,13.93,Jul 23/a,17.5,1140000000.0,HIGH,-8.38,-2.1,1.09,-3.07,0.1124,False,-2.83,False,-9.37,2.384,2.144,-1.4187,-22.36,0.798,42.0,-18.52,36.0,-14.17,13.99,6670121.0,shrinking revenue,,25.1,,,,,,,,,,
MSS,Maison Solutions Inc,Consumer Defensive,Grocery Stores,,1.18,-455.41999999999996,-13.48,-22.77,33.95,17.01,-65.42,-84.58,3.98,-99.23,1.0,2780000.0,0.09,1.52,Jul 01,162.5,1300000.0,HIGH,17.81,8.18,0.01,23.12,0.3211,True,8.91,False,-9.98,11.017,7.093,-7.5094,-59.0,0.066,,,,,1.72,9772279.0,shrinking revenue,,9347.7,,,,,,,,,,
MTH,Meritage Homes Corp,Consumer Cyclical,Residential Construction,13.75,11.0,-32.91,-13.77,-0.06,1.22,7.05,-9.77,2.57,1.33,-22.96,2.08,834380.0,1.29,65.78,Jul 29/a,82.38,4290000000.0,HIGH,-10.18,0.7,1.43,-4.87,0.2098,False,-5.83,False,-9.6,3.111,2.898,-2.4113,-24.01,1.125,,,32.0,-8.37,64.88,42784863.0,shrinking revenue,,27.0,,,,,,,,,,
MTN,Vail Resorts Inc,Consumer Cyclical,Resorts & Casinos,31.37,22.04,-16.37,-6.98,6.94,3.15,16.42,2.73,4.25,0.76,-15.47,2.56,700960.0,0.86,138.07,Sep 28/a,147.23,4920000000.0,HIGH,-4.15,5.65,1.59,1.16,0.2117,False,-1.03,False,-3.6,3.353,3.857,-2.3273,-12.45,1.545,34.0,-5.24,,,140.51,92696424.0,shrinking revenue,,4.8,,,,,,,,,,
MXCT,MaxCyte Inc,Healthcare,Medical Devices,,,28.42,-14.529999999999998,-0.12,-4.52,1.37,2.59,46.73,1.49,-36.19,1.33,1060000.0,0.26,1.19,Aug 12/a,4.1,122820000.0,HIGH,-10.98,-7.84,1.04,-5.67,0.22,False,-8.38,False,-4.94,5.35,5.106,-3.5037,-23.7,0.482,22.0,-7.48,22.0,-7.48,1.17,644797.0,shrinking revenue,,250.4,,,,,,,,,,
MYGN,Myriad Genetics Inc,Healthcare,Diagnostics & Research,,,87.25,-10.51,-0.11,-6.06,8.82,-10.19,-15.47,1.66,-54.83,3.3,1900000.0,2.47,3.88,Jul 30/a,3.37,371120000.0,HIGH,24.26,19.18,1.49,29.57,0.2187,True,18.03,False,-9.33,5.164,10.554,-4.2403,-41.06,1.177,3.0,18.81,31.0,32.52,3.79,5653178.0,fresh >10% breakout; shrinking revenue,,-11.1,,,,,,,,,,
NAGE,Niagen Bioscience Inc,Consumer Defensive,Packaged Foods,15.94,19.36,-72.01,-4.28,0.0,-8.55,8.0,-14.77,-37.5,2.01,-71.48,1.0,633930.0,0.9,3.0,Aug 04/a,12.08,237380000.0,HIGH,0.0,-1.94,1.02,5.31,0.1089,False,-3.32,False,-5.88,3.313,2.303,-1.999,-16.48,0.629,30.0,-10.59,28.0,2.7,3.04,1294721.0,shrinking revenue,,297.4,,,,,,,,,,
NATL,NCR Atleos Corp,Technology,Software - Application,17.92,8.62,42.73,-0.09,0.0,4.86,6.15,4.6,4.86,0.56,-4.74,3.0,686340.0,1.33,46.2,Aug 05/b,50.2,3410000000.0,HIGH,-0.09,1.74,1.04,5.22,0.0284,True,0.21,False,-0.33,1.186,1.21,-0.88,-4.0,1.213,39.0,-1.99,28.0,-1.15,46.27,30032381.0,shrinking revenue,,8.5,,,,,,,,,,
NAVI,Navient Corp,Financial,Credit Services,,10.34,89.9,-11.91,0.0,3.1400000000000006,12.37,25.47,21.07,1.16,-25.929999999999996,3.38,1140000.0,1.14,10.0,Aug 06/a,9.69,937840000.0,HIGH,6.77,3.27,1.5,12.08,0.0812,True,4.25,True,9.4,3.323,4.039,-2.0653,-0.71,1.152,1.0,3.82,26.0,7.71,9.78,10610688.0,shrinking revenue,REVIEW,-0.9,,,,,,,,,,
NEOG,Neogen Corp,Healthcare,Medical Devices,,29.88,98.16,-0.07,0.02,2.0,4.9,31.72,34.47,1.8,-4.67,1.8,2049999.9999999998,1.6,12.25,Jul 30/b,13.33,2670000000.0,HIGH,0.67,0.5,1.03,5.98,0.0521,True,1.49,True,8.84,3.204,2.51,-1.8391,-7.0,1.482,18.0,3.28,32.0,27.13,11.95,22199015.0,shrinking revenue,,11.5,,,,,,,,,,
NKTR,Nektar Therapeutics,Healthcare,Biotechnology,,,58.379999999999995,-9.34,-2.91,31.34,18.36,8.99,-7.71,-0.79,-38.86,1.33,849740.0,1.48,66.64,Aug 13/a,144.4,2280000000.0,HIGH,-5.74,-9.2,1.49,-0.43,0.1116,False,-6.45,False,-5.03,4.322,2.876,-2.2552,-11.91,1.295,28.0,-5.85,21.0,-6.19,68.5,45239085.0,shrinking revenue,,110.8,,,,,,,,,,
NMFC,New Mountain Finance Corp,Financial,Asset Management,,6.88,152.77,-82.98,-0.43,,3.76,-7.200000000000001,-7.200000000000001,0.65,-29.630000000000003,3.14,600330.0,0.62,7.22,Aug 03/a,8.29,681950000.0,HIGH,-2.95,-1.49,0.8,2.36,0.0717,False,-3.0,False,-0.81,1.783,1.103,-1.1714,-7.99,0.929,22.0,-5.97,29.0,0.28,7.25,2844225.0,shrinking revenue,,14.3,,,,,,,,,,
NN,NextNav Inc,Technology,Software - Infrastructure,,,50.1,-4.33,-0.31,8.06,15.43,-23.6,-10.17,1.16,-38.9,1.0,2630000.0,0.83,14.92,Aug 11/a,33.67,2520000000.0,HIGH,-19.06,2.1,0.8,-13.75,0.3368,False,-3.77,True,0.3,5.233,6.049,-3.4258,-21.99,0.955,24.0,0.71,23.0,-12.84,15.54,36051392.0,shrinking revenue,,116.7,,,,,,,,,,
NRIX,Nurix Therapeutics Inc,Healthcare,Biotechnology,,,-55.54,-79.47,-2.86,-6.39,18.16,45.72,61.44,1.81,-12.04,1.21,1520000.0,0.82,24.83,Jul 09/a,33.93,2580000000.0,HIGH,-6.07,-2.33,1.08,-0.76,0.104,False,-3.08,True,1.74,4.212,4.683,-1.8821,-9.6,1.042,18.0,-5.24,46.0,10.67,25.52,32418925.0,shrinking revenue,,33.0,,,,,,,,,,
NTLA,Intellia Therapeutics Inc,Healthcare,Biotechnology,,,18.15,-46.23,-0.61,28.809999999999995,32.8,-23.86,-15.1,1.8,-59.79,2.26,4400000.0,0.91,11.36,Aug 06/b,23.81,1590000000.0,HIGH,-1.82,-6.83,0.77,3.49,0.1676,False,-5.63,False,-4.51,4.983,3.917,-4.4639,-35.77,0.981,14.0,-5.49,27.0,8.2,11.87,42496766.0,shrinking revenue,,100.6,,,,,,,,,,
NUAI,New Era Energy & Digital Inc,Technology,Software - Infrastructure,,,2.39,-82.55,0.0,130.63,31.34,-3.02,-1.8000000000000003,1.23,-42.19,1.0,7440000.0,0.69,5.46,Aug 14/a,10.67,581810000.0,HIGH,2.56,-15.15,0.78,7.87,0.4085,True,4.68,True,11.07,8.578,6.786,-7.5046,-23.29,1.136,5.0,3.51,20.0,10.45,5.6,34042419.0,shrinking revenue,,90.5,,,,,,,,,,
NUS,Nu Skin Enterprises Inc,Consumer Defensive,Household & Personal Products,,4.09,-1304.66,-17.1,-1.18,-0.04,9.57,-7.960000000000001,-34.26,0.89,-67.58,3.0,663790.0,0.57,4.74,Aug 10/a,12.77,230730000.0,HIGH,4.06,2.53,0.89,9.37,0.0723,True,2.0,False,-2.66,3.989,3.696,-2.3263,-11.45,0.947,3.0,0.41,24.0,0.0,4.87,2457927.0,shrinking revenue,,162.2,,,,,,,,,,
NVAX,Novavax Inc,Healthcare,Biotechnology,,,-153.98,-76.3,0.0,0.07,31.12,0.22,-8.43,2.45,-22.89,2.29,4340000.0,0.77,9.23,Aug 06/b,14.71,1520000000.0,HIGH,18.84,-5.89,0.59,24.15,0.3055,True,2.74,True,11.42,6.517,4.797,-4.1939,-10.79,1.14,9.0,2.35,27.0,24.55,9.59,53534881.0,shrinking revenue,,53.4,,,,,,,,,,
NVTS,Navitas Semiconductor Corp,Technology,Semiconductors,,,-284.43,-27.339999999999996,-10.36,13.81,17.72,-54.449999999999996,3.05,3.96,-68.36,2.86,15640000.0,0.62,10.81,Jul 27/a,14.37,2820000000.0,HIGH,-25.31,-9.25,0.93,-20.0,0.31,False,-9.91,False,-12.05,6.87,5.592,-4.2401,-55.84,0.703,21.0,-20.28,34.0,8.79,10.89,143738298.0,shrinking revenue,,32.0,,,,,,,,,,
OABI,OmniAb Inc,Healthcare,Biotechnology,,,69.59,244.24,-0.12,-4.34,5.05,106.15999999999998,137.7,0.61,-19.89,1.0,1290000.0,0.61,4.35,Aug 06/a,7.64,632450000.0,HIGH,17.28,5.66,0.59,22.59,0.2985,True,2.38,True,41.64,7.175,9.263,-6.2438,-17.5,0.932,8.0,0.9,26.0,100.0,4.48,11412136.0,>40% above 50-day SMA,,70.5,,,,,,,,,,
OCSL,Oaktree Specialty Lending Corp,Financial,Asset Management,25.82,9.09,-19.34,-67.83,1.55,,3.39,5.54,15.22,0.57,-13.200000000000001,3.0,525110.0,1.34,12.38,Aug 05/b,12.5,1090000000.0,HIGH,-1.09,-0.47,0.95,4.22,0.0612,False,-2.02,True,1.71,1.59,1.18,-0.9763,-4.65,0.864,10.0,-2.38,28.0,5.39,12.71,6117611.0,shrinking revenue,,-1.7,,,,,,,,,,
OGN,Organon & Co,Healthcare,Drug Manufacturers - General,17.5,3.76,-28.360000000000003,-2.26,0.7,0.09,6.4,1.6399999999999997,115.45999999999998,1.54,-0.91,3.0,2760000.0,1.3,13.66,Aug 11,14.0,3590000000.0,HIGH,-0.36,-0.73,0.39,4.95,0.014,False,-0.57,True,0.2,0.254,0.22,-0.191,-0.98,0.858,6.0,-0.87,,,13.65,43935471.0,deal-pinned; shrinking revenue,,2.6,,,,,,,,,,
OGS,ONE Gas Inc,Utilities,Utilities - Regulated Gas,16.48,15.11,39.88,-2.86,0.0,1.8799999999999997,5.79,-1.33,-12.23,0.62,-15.9,1.7,575530.0,1.32,76.35,Aug 04/a,89.56,4800000000.0,HIGH,-3.38,-4.3,1.18,1.93,0.0605,False,-3.17,False,-2.76,1.99,1.216,-1.2896,-6.19,1.15,19.0,-3.38,28.0,-0.06,77.28,37340992.0,shrinking revenue,,15.9,,,,,,,,,,
OI,O-I Glass Inc,Consumer Cyclical,Packaging & Containers,,4.21,-19384.0,-2.23,1.18,2.29,9.9,-29.48,-39.5,0.67,-62.51,2.3,3250000.0,0.75,6.34,Jul 28/a,9.83,974210000.0,HIGH,-3.02,-4.89,1.04,2.29,0.2189,False,-7.23,False,-17.57,4.684,4.05,-3.8767,-36.62,0.963,51.0,-33.06,33.0,-16.62,6.42,19362397.0,shrinking revenue,,53.1,,,,,,,,,,
OIS,Oil States International Inc,Energy,Oil & Gas Equipment & Services,,11.74,112.45,-5.29,-0.8500000000000001,-0.73,4.3,4.88,-27.85,1.2,-40.69,1.75,648790.0,0.69,8.6,Jul 30/b,11.0,518780000.0,HIGH,-8.41,-3.56,1.24,-3.1,0.1049,False,-3.55,False,-1.33,3.814,4.172,-2.0833,-9.1,0.796,21.0,-3.78,32.0,10.69,8.39,4329889.0,shrinking revenue,,31.1,,,,,,,,,,
OLED,Universal Display Corp,Technology,Electronic Components,18.85,16.54,-24.92,-11.43,0.28,5.66,9.55,-16.22,-18.51,1.53,-49.22,1.64,769580.0,1.5,77.89,Jul 30/a,114.0,3580000000.0,HIGH,-11.57,-6.9,1.68,-6.26,0.1351,False,-8.59,False,-8.11,4.756,9.227,-2.8367,-18.84,1.203,24.0,-15.37,31.0,-4.42,76.62,62888375.0,shrinking revenue,,48.8,,,,,,,,,,
OLN,Olin Corp,Basic Materials,Chemicals,,27.38,-933.63,-0.93,0.0,-2.5,10.18,-32.25,-29.410000000000004,1.22,-43.74,2.68,3290000.0,0.91,17.14,Jul 30/a,21.69,1950000000.0,HIGH,-11.2,-5.65,0.75,-5.89,0.1427,False,-4.47,False,-13.47,3.851,3.554,-2.0935,-31.99,0.796,40.0,-23.24,31.0,-8.81,16.88,46683956.0,shrinking revenue,,28.5,,,,,,,,,,
ONT,Onterris Inc,Industrials,Waste Management,,86.41,-90.95,-20.42,-0.31,12.75,12.29,7.16,-24.42,1.78,-42.87,2.14,696560.0,0.53,17.8,Aug 05/a,20.33,625090000.0,HIGH,17.58,5.3,0.86,22.89,0.2567,True,11.7,True,1.34,4.143,3.738,-4.6074,-19.13,0.667,3.0,5.84,27.0,24.98,18.86,9964842.0,shrinking revenue,,7.8,,,,,,,,,,
OPEN,Opendoor Technologies Inc,Real Estate,Real Estate Services,,,-321.36,-43.65,-0.0,10.26,25.54,-42.52,-48.84,3.73,-75.62,3.0,55700000.0,0.76,2.65,Aug 04/a,4.56,2570000000.0,HIGH,-21.19,-9.12,1.28,-15.88,0.3289,False,-13.69,False,-26.14,5.159,5.735,-3.3907,-49.23,0.632,47.0,-41.75,28.0,-25.8,2.79,98070020.0,shrinking revenue,,63.4,,,,,,,,,,
ORGO,Organogenesis Holdings Inc,Healthcare,Drug Manufacturers - Specialty & Generic,,,-702.49,-56.68,0.0,5.26,20.01,-39.42,-43.41,1.26,-79.37,3.0,811530.0,0.55,1.46,Aug 06/a,2.0,187860000.0,HIGH,-12.79,-6.25,0.94,-7.48,0.2648,False,-11.14,False,-27.84,5.548,4.0,-3.7485,-44.24,0.957,39.0,-42.97,26.0,-19.35,1.5,1147784.0,shrinking revenue,,33.3,,,,,,,,,,
OSS,One Stop Systems Inc,Technology,Computer Hardware,173.24,143.5,-216.2,-33.74,-0.44,6.1,22.95,-50.029999999999994,-15.67,1.46,-58.76,1.0,1050000.0,0.52,8.61,Aug 05/b,19.25,214780000.0,HIGH,-35.12,-11.29,0.99,-29.81,0.472,False,-17.73,False,-28.01,5.646,3.096,-3.1236,-54.51,0.69,,,28.0,-33.54,8.72,8467449.0,shrinking revenue,,120.8,,,,,,,,,,
OVID,Ovid Therapeutics Inc,Healthcare,Biotechnology,,,-15.329999999999998,-88.31,0.0,26.839999999999996,11.43,19.91,38.97,0.22,-12.72,1.0,2220000.0,0.44,2.71,Aug 13/b,6.0,529260000.0,HIGH,-5.19,-0.36,0.82,0.12,0.1264,False,-1.74,True,4.66,4.408,3.832,-2.9363,-7.12,0.808,18.0,-3.52,22.0,4.58,2.74,4073574.0,shrinking revenue,,119.0,,,,,,,,,,
OXSQ,Oxford Square Capital Corp,Financial,Asset Management,,6.0,-32.89,-41.87,4.35,,4.34,-1.49,-24.57,0.32,-40.0,3.0,1590000.0,1.77,1.32,Jul 31/b,1.75,142180000.0,HIGH,-4.93,1.5,1.03,0.38,0.0964,False,-1.35,False,-5.87,2.487,1.481,-1.2387,-16.15,0.824,44.0,-8.16,31.0,-6.25,1.35,1872452.0,shrinking revenue,,29.6,,,,,,,,,,
PACB,Pacific Biosciences of California Inc,Healthcare,Medical Devices,,,-3.08,-1.91,-0.45000000000000007,0.77,17.39,1.52,-1.47,2.29,-50.92,2.25,6490000.0,0.86,1.34,Aug 05/a,2.16,416510000.0,HIGH,11.57,2.27,0.77,16.88,0.3234,True,1.31,False,-0.94,7.249,7.407,-6.7175,-26.63,0.666,14.0,5.47,27.0,15.38,1.35,8285334.0,shrinking revenue,,60.0,,,,,,,,,,
PATK,Patrick Industries Inc,Consumer Cyclical,Recreational Vehicles,16.83,13.32,33.27,-0.56,2.11,-0.72,13.95,-17.87,-38.3,1.14,-52.32,1.73,634430.0,1.34,70.8,Jul 30/b,107.55,2270000000.0,HIGH,-13.92,-9.24,1.33,-8.61,0.1994,False,-10.69,False,-13.25,3.614,2.494,-2.0596,-24.13,1.231,26.0,-15.64,32.0,-13.12,72.98,37968448.0,shrinking revenue,,47.4,,,,,,,,,,
PAVS,Paranovus Entertainment Technology Ltd,Consumer Defensive,Packaged Foods,,,26.05,70797.99,0.0,0.0,3.88,-77.04,-99.23,-0.14,-100.0,1.0,1220000.0,0.0,4.36,-,210.0,3800000.0,HIGH,-30.66,-3.71,0.29,-25.35,0.3868,False,-12.73,False,-16.59,7.928,4.762,-4.9205,-75.36,0.012,25.0,-28.29,,,4.41,131805.0,illiquid (<$500K/day),,4661.9,,,,,,,,,,
PAYO,Payoneer Global Inc,Technology,Software - Infrastructure,51.52,23.62,-114.06,5.24,-0.03,1.6200000000000003,5.52,1.42,55.34,0.88,-0.7,3.0,5580000.0,0.73,7.13,Aug 06/b,7.72,2420000000.0,HIGH,0.14,0.14,1.75,5.45,0.0123,True,0.27,True,0.3,0.45,0.56,-0.2931,-0.56,0.794,7.0,0.28,27.0,0.42,7.14,17808346.0,deal-pinned,,8.1,,,,,,,,,,
PBI,Pitney Bowes Inc,Industrials,Integrated Freight & Logistics,14.11,9.51,116.73,-2.25,-67.51,-0.1,12.31,0.45999999999999996,67.67,1.64,-9.18,2.6,2049999.9999999998,1.02,17.32,Jul 29/a,19.56,2370000000.0,HIGH,8.18,2.0,1.22,13.49,0.1144,True,2.49,False,-0.38,2.716,4.674,-1.4371,-9.12,0.998,42.0,-4.73,32.0,-1.87,17.33,24391799.0,shrinking revenue,,12.9,,,,,,,,,,
PEB,Pebblebrook Hotel Trust,Real Estate,REIT - Hotel & Motel,,,178.49,-0.1,-1.36,-2.17,15.5,-1.68,52.349999999999994,1.44,-8.73,3.0,2450000.0,0.74,18.19,Jul 29/a,19.02,2049999999.9999998,HIGH,-1.05,1.76,0.83,4.26,0.0612,False,-1.06,False,-2.89,2.961,2.786,-1.4267,-9.93,1.125,39.0,-7.04,32.0,-4.06,17.95,35192011.0,shrinking revenue,,6.0,,,,,,,,,,
PETS,Petmed Express Inc,Healthcare,Pharmaceutical Retailers,,,82.78,-19.86,0.36,-8.04,4.41,-11.48,-33.61,0.82,-60.49,5.0,629540.0,0.2,1.62,Aug 13/a,2.15,35120000.0,HIGH,-4.57,-5.11,1.14,0.74,0.1526,False,-6.21,False,-11.91,3.935,2.395,-2.1903,-28.94,0.734,37.0,-14.8,21.0,-8.74,1.67,145765.0,illiquid (<$500K/day); shrinking revenue,,28.7,,,,,,,,,,
PHIO,Phio Pharmaceuticals Corp,Healthcare,Biotechnology,,,21.14,,2.82,-0.2,2.14,-7.2700000000000005,-19.05,0.84,-75.66,1.0,619880.0,0.19,1.02,Aug 07/b,14.0,11850000.0,HIGH,-2.83,0.0,0.34,2.48,0.2321,False,-6.79,False,-3.45,5.61,3.883,-3.5652,-16.94,0.198,18.0,-1.9,26.0,-0.96,1.03,219230.0,illiquid (<$500K/day),,1259.2,,,,,,,,,,
PLAY,Dave & Buster's Entertainment Inc,Communication Services,Entertainment,,,-210.7,-2.39,-0.22,2.71,26.16,-44.32,-45.86,1.89,-72.55,2.17,1790000.0,9.27,6.86,Sep 14/a,14.62,238650000.0,HIGH,-16.55,-4.19,4.39,-11.24,0.3324,False,-8.45,False,-14.49,6.535,5.03,-4.4176,-31.47,1.84,30.0,-21.86,,,8.47,16974993.0,shrinking revenue,,72.6,,,,,,,,,,
POLA,Polar Power Inc,Industrials,Electrical Equipment & Parts,,,-355.98,-62.36999999999999,0.0,14.56,9.78,-30.17,-30.94,1.17,-78.26,1.0,1030000.0,0.09,1.25,-,35.0,5270000.0,HIGH,-21.43,1.54,0.09,-16.12,0.3441,False,-8.14,False,-16.06,4.978,4.545,-3.2752,-44.07,0.089,30.0,-19.02,,,1.32,821405.0,shrinking revenue,,2551.5,,,,,,,,,,
POST,Post Holdings Inc,Consumer Defensive,Packaged Foods,14.17,10.72,-27.889999999999997,-1.83,-5.5,-3.45,15.96,-16.45,-21.0,0.39,-34.2,1.67,936320.0,1.54,77.17,Aug 06/a,105.17,3390000000.0,HIGH,0.03,-3.63,1.42,5.34,0.1017,False,-2.78,False,-6.62,2.981,3.351,-1.8121,-18.76,0.935,34.0,-13.08,26.0,0.86,79.37,72554633.0,shrinking revenue,,32.5,,,,,,,,,,
PPLI,People Inc,Communication Services,Internet Content & Information,6.97,34.3,160.9,-25.590000000000003,-0.05,-11.82,15.17,-10.25,1.3,1.05,-20.8,1.67,964930.0,0.86,38.27,Aug 03/a,57.36,2850000000.0,HIGH,-1.34,1.54,1.11,3.97,0.0673,True,0.84,False,-6.36,2.596,2.951,-1.6257,-19.35,1.119,51.0,-15.17,29.0,-7.35,38.97,36900508.0,shrinking revenue,,47.2,,,,,,,,,,
PRIM,Primoris Services Corp,Industrials,Engineering & Construction,30.19,14.72,-129.13,-10.71,-7.739999999999999,-1.86,9.54,-24.29,-45.72,1.44,-62.67,1.62,1620000.0,0.97,76.72,Aug 04/a,118.27,4130000000.0,HIGH,-10.69,-1.7,2.01,-5.38,0.1557,False,-2.14,False,-9.12,4.18,4.544,-2.3361,-32.0,0.968,29.0,-15.56,28.0,-11.07,74.17,82577233.0,shrinking revenue,,59.5,,,,,,,,,,
PRKS,United Parks & Resorts Inc,Consumer Cyclical,Leisure,14.16,9.88,-7.21,-1.41,-1.15,-9.81,13.74,-22.14,12.32,1.24,-35.34,2.23,689880.0,0.87,36.02,Aug 04/b,48.45,1630000000.0,HIGH,-17.39,-10.24,0.91,-12.08,0.28,False,-11.84,False,-16.61,4.437,2.342,-2.5177,-26.56,1.085,51.0,-22.07,29.0,-19.31,36.72,23588174.0,shrinking revenue,,31.9,,,,,,,,,,
PROK,ProKidney Corp,Healthcare,Biotechnology,,,-20.38,-32.13,-0.34,2.97,36.18,4.19,-19.07,1.79,-50.0,2.0,1260000.0,0.96,1.74,Aug 10/a,6.25,526039999.99999994,HIGH,29.29,-9.05,0.82,34.6,0.4479,True,3.75,True,8.62,6.448,3.039,-4.6132,-19.2,1.219,8.0,-2.16,24.0,12.42,1.81,1997732.0,shrinking revenue,,245.3,,,,,,,,,,
PRTH,Priority Technology Holdings Inc,Technology,Software - Infrastructure,8.78,5.36,-13.65,9.36,-0.01,5.99,5.53,-4.45,18.54,1.61,-24.02,1.8,501780.0,0.58,6.01,Aug 06/b,9.1,495460000.0,HIGH,12.45,9.38,1.48,17.76,0.1432,True,8.16,False,-0.94,4.339,3.497,-2.452,-19.23,1.177,3.0,10.69,27.0,11.62,6.01,2224427.0,fresh >10% breakout,,51.4,,,,,,,,,,
PSN,Parsons Corp,Technology,Information Technology Services,32.27,13.75,-128.34,-0.53,3.9,5.35,5.19,-15.93,-11.31,0.7,-47.88,1.64,1390000.0,0.55,46.65,Jul 29/b,57.33,4980000000.0,HIGH,2.58,-1.37,0.93,7.89,0.1101,False,-0.65,False,-6.82,3.286,2.471,-2.6311,-24.65,0.864,12.0,-3.5,33.0,16.42,46.94,51341048.0,shrinking revenue,,22.1,,,,,,,,,,
PUMP,ProPetro Holding Corp,Energy,Oil & Gas Equipment & Services,,28.34,4.06,-6.24,-62.5,31.259999999999998,14.38,-31.47,-26.07,0.86,-43.73,1.82,3910000.0,1.08,10.41,Jul 29/b,16.17,1280000000.0,HIGH,-17.9,-12.72,1.39,-12.59,0.2111,False,-8.01,False,-10.86,5.422,8.048,-3.8007,-30.46,1.047,,,33.0,2.84,10.5,35050908.0,shrinking revenue,,54.0,,,,,,,,,,
PVH,PVH Corp,Consumer Cyclical,Apparel Manufacturing,,5.73,-148.29,-3.2400000000000007,0.88,1.66,9.5,-13.99,14.81,1.76,-28.92,2.19,992820.0,1.06,71.61,Sep 02/a,87.45,3300000000.0,HIGH,-6.61,2.46,1.31,-1.3,0.1735,False,-2.09,False,-7.65,4.077,3.602,-2.901,-19.88,1.157,30.0,-15.75,7.0,1.0,73.01,80634094.0,shrinking revenue,,19.8,,,,,,,,,,
PYXS,Pyxis Oncology Inc,Healthcare,Biotechnology,,,-33.64,-100.0,-0.13,0.58,5.53,91.38,99.4,1.33,-40.0,1.2,1330000.0,0.37,3.33,Aug 13/b,8.44,277750000.0,HIGH,13.58,-11.83,0.74,18.89,0.332,True,3.07,True,13.53,10.048,8.892,-6.4177,-17.35,1.325,6.0,-3.79,22.0,13.95,3.43,3240067.0,shrinking revenue,,146.1,,,,,,,,,,
PZZA,Papa John's International Inc,Consumer Cyclical,Restaurants,26.01,15.36,-12.98,-8.84,0.0,7.51,18.71,-37.52,-41.96,1.11,-62.83,2.56,1290000.0,0.96,20.72,Aug 06/b,30.82,682140000.0,HIGH,-6.07,-4.13,1.19,-0.76,0.1643,False,-4.75,False,-20.11,3.66,5.591,-2.5667,-42.38,1.186,,,27.0,-11.44,21.82,28874841.0,shrinking revenue,,41.2,,,,,,,,,,
QUCY,Quantum Cyber NV,Healthcare,Diagnostics & Research,,,97.59,-100.0,0.0,-17.76,8.87,-38.21,89.39,2.38,-73.43,1.0,2220000.0,0.24,1.31,Apr 14,9.0,110130000.0,HIGH,-10.2,-7.04,0.35,-4.89,0.2553,False,-7.48,False,-1.15,9.01,3.03,-5.2046,-33.67,0.774,8.0,-10.81,,,1.32,1225731.0,shrinking revenue,,581.8,,,,,,,,,,
RAMP,LiveRamp Holdings Inc,Technology,Software - Infrastructure,15.54,9.55,143.93,9.84,0.0,0.49,10.4,0.11,35.68,1.27,-1.6200000000000003,3.0,1050000.0,0.72,37.61,Aug 05/a,38.5,2290000000.0,HIGH,-0.08,-0.24,0.92,5.23,0.0096,False,-0.12,False,-0.27,0.296,0.452,-0.3035,-1.52,1.339,42.0,-0.29,27.0,-0.4,37.65,41061642.0,deal-pinned,,2.3,,,,,,,,,,
RBBN,Ribbon Communications Inc,Technology,Software - Application,22.31,11.7,-141.4,-12.8,0.0,-0.9199999999999999,3.27,-32.9,-15.9,1.35,-55.38000000000001,1.4,736340.0,2.48,1.83,Jul 28/a,3.3,326360000.0,HIGH,-3.85,2.56,0.67,1.46,0.0722,False,-0.25,False,-4.32,3.357,5.0,-1.323,-24.24,0.847,,,33.0,-2.44,2.0,1288952.0,shrinking revenue,,65.0,,,,,,,,,,
RC,Ready Capital Corp,Real Estate,REIT - Mortgage,,,-79.69,-60.260000000000005,0.01,-2.08,13.2,-6.98,-5.88,1.55,-63.84000000000001,3.29,1270000.0,0.71,1.6,Aug 06/a,1.8,264300000.0,HIGH,-4.12,-4.68,1.61,1.19,0.2225,False,-7.86,False,-2.38,5.39,5.521,-3.8656,-18.5,0.74,14.0,-13.76,26.0,5.16,1.63,1646239.0,shrinking revenue,,10.4,,,,,,,,,,
RCUS,Arcus Biosciences Inc,Healthcare,Biotechnology,,,,-74.38,-0.27,3.3099999999999996,15.39,0.58,8.33,0.95,-23.37,1.5,1370000.0,1.41,24.32,Aug 05/a,39.27,3100000000.0,HIGH,-18.57,-17.17,1.19,-13.26,0.2689,False,-17.36,False,-16.41,5.608,4.03,-3.052,-24.15,1.916,14.0,-20.09,27.0,-13.1,24.07,40929190.0,shrinking revenue,,63.1,,,,,,,,,,
REF,Reformation Inc,Consumer Cyclical,Apparel Retail,,,,,-9.4,14.35,13.21,,,,-7.88,1.33,616310.0,1.06,15.9,Sep 10/a,19.25,939370000.0,HIGH,-9.31,7.01,0.84,-4.0,0.2022,True,1.67,,,6.651,5.927,-4.0215,,,,,2.0,10.34,14.51,5194202.0,incomplete signals; post-earnings jump,,32.7,,,,,,,,,,
RGP,Resources Connection Inc,Industrials,Consulting Services,,,78.98,-23.84,0.0,-7.719999999999999,2.94,-4.36,15.190000000000001,0.53,-24.8,2.5,520900.0,0.41,4.17,Jul 22/a,5.67,144710000.0,HIGH,0.48,4.96,1.01,5.79,0.155,True,0.81,False,-1.66,4.086,7.092,-3.2025,-13.14,0.811,8.0,2.17,37.0,12.5,4.23,1154500.0,shrinking revenue,,34.0,,,,,,,,,,
RHI,Robert Half Inc,Industrials,Staffing & Employment Services,33.33,19.42,-35.39,-2.44,0.0,-0.22,21.94,19.43,75.21,0.82,-17.99,3.25,2260000.0,1.08,38.3,Jul 23/a,34.78,3920000000.0,HIGH,-8.81,-1.22,1.05,-3.5,0.2543,False,-9.11,False,-4.02,4.009,3.073,-2.4697,-17.07,0.883,11.0,-13.88,36.0,9.75,38.73,86291106.0,shrinking revenue,,-10.2,,,,,,,,,,
RLAY,Relay Therapeutics Inc,Healthcare,Biotechnology,,,-0.44,-48.3,-12.16,23.4,25.38,26.8,87.27,1.72,-10.81,1.07,3180000.0,0.86,18.97,Aug 06/a,27.08,4160000000.0,HIGH,-7.79,-0.26,0.82,-2.48,0.1576,False,-1.54,False,-1.65,4.247,2.886,-2.5496,-10.39,1.568,18.0,-7.52,26.0,-3.49,19.06,56162881.0,shrinking revenue,,42.1,,,,,,,,,,
RNST,Renasant Corp,Financial,Banks - Regional,12.27,10.43,8726.17,-0.63,-2.68,0.67,4.98,-2.78,14.800000000000002,1.02,-8.04,1.29,649010.0,0.78,40.96,Jul 28/a,47.86,3740000000.0,HIGH,-4.92,0.44,0.97,0.39,0.0717,False,-0.57,False,-3.39,2.07,1.269,-1.0163,-7.97,0.795,29.0,-6.69,33.0,-6.48,40.99,21400811.0,shrinking revenue,,16.8,,,,,,,,,,
RPD,Rapid7 Inc,Technology,Software - Infrastructure,40.95,6.82,-30.64,-1.55,-0.03,10.91,11.25,73.78,97.78,1.02,-40.53,3.27,2440000.0,1.15,12.46,Aug 10/a,11.96,839810000.0,HIGH,3.4,22.28,2.22,8.71,0.3343,True,7.76,True,11.85,7.468,18.296,-7.5716,-13.55,0.836,22.0,4.24,24.0,10.16,12.79,21508284.0,shrinking revenue,,-6.5,,,,,,,,,,
RWAY,Runway Growth Finance Corp,Financial,Asset Management,61.11,4.92,42.77,-124.47,-6.660000000000001,-0.76,10.41,17.86,-2.08,0.63,-38.29,2.38,596970.0,0.7,6.6,Aug 06/a,8.04,276600000.0,HIGH,4.19,2.28,1.09,9.5,0.0402,True,1.8,True,9.79,1.812,1.86,-1.9915,-3.86,0.707,22.0,-0.88,26.0,12.37,6.72,2980346.0,shrinking revenue,,19.6,,,,,,,,,,
RXRX,Recursion Pharmaceuticals Inc,Healthcare,Biotechnology,,,40.28,-60.099999999999994,-0.89,3.47,37.21,-1.52,-4.42,1.06,-54.87,2.14,18780000.0,0.63,3.24,Aug 05/b,7.22,1740000000.0,HIGH,9.65,-0.87,1.07,14.96,0.1787,True,1.45,True,3.69,5.528,8.065,-5.3069,-16.63,0.728,6.0,-0.87,28.0,7.57,3.41,54247698.0,shrinking revenue,,111.7,,,,,,,,,,
SBFM,Sunshine Biopharma Inc,Healthcare,Drug Manufacturers - Specialty & Generic,,,70.91,-1.56,0.0,4.57,2.38,-54.82,-90.72,1.32,-95.76,1.0,518919.99999999994,0.18,1.03,Aug 05,56.0,3990000.0,HIGH,-4.46,-6.96,0.09,0.85,0.1752,False,-6.3,False,-24.12,8.178,2.804,-3.8335,-53.48,0.218,,,,,1.07,831248.0,shrinking revenue,,5133.6,,,,,,,,,,
SDOT,Sadot Group Inc,Consumer Defensive,Farm Products,,,435.47,-100.0,0.0,0.09,10.68,-50.19,-71.06,-1.54,-95.51,3.0,2960000.0,0.02,11.69,Aug 14/b,3000.0,17010000.0,HIGH,13.81,-7.03,0.01,19.12,0.9587,False,-10.28,False,-26.59,16.652,4.705,-23.2067,-88.65,0.044,15.0,-8.73,21.0,9.26,12.03,53194920.0,shrinking revenue,,24837.7,,,,,,,,,,
SECZ,Securitize Corp,Technology,Software - Application,,23.25,-5304.17,,0.0,2.18,2.17,-33.19,-27.48,0.97,-43.27,1.0,1620000.0,0.72,7.97,Aug 12/a,11.4,1300000000.0,HIGH,52.32,-0.48,0.73,57.63,0.53,True,19.31,True,14.26,7.117,8.77,-4.9373,,1.068,5.0,10.65,22.0,44.04,8.21,12609231.0,incomplete signals,,38.9,,,,,,,,,,
SEER,Seer Inc,Healthcare,Biotechnology,,,8.4,-23.43,-0.14,-0.03,0.39,11.11,6.15,1.49,-21.16,1.0,1070000.0,0.17,1.9,Aug 11/a,4.0,105210000.0,HIGH,-5.91,-2.05,0.98,-0.6,0.0898,False,-3.75,False,-8.01,2.251,2.356,-1.1977,-18.38,0.13,30.0,-13.96,23.0,-10.75,1.91,326328.0,illiquid (<$500K/day); shrinking revenue,,109.4,,,,,,,,,,
SFNC,Simmons First National Corp,Financial,Banks - Regional,,10.09,5.91,-0.69,0.0,-0.2,3.73,5.45,23.93,0.94,-4.61,2.14,1410000.0,0.77,23.2,Jul 16/a,25.79,3350000000.0,HIGH,-2.88,0.17,0.91,2.43,0.0712,True,1.01,True,0.32,1.923,1.29,-1.3495,-4.4,0.903,31.0,-0.68,41.0,1.31,23.25,25093707.0,shrinking revenue,,10.9,,,,,,,,,,
SHOE,Shoe Station Group Inc,Consumer Cyclical,Apparel Retail,15.04,9.24,-67.28,-7.21,0.34,3.4099999999999997,39.4,-21.25,-24.65,1.36,-44.94,2.33,815030.0,2.08,13.27,Sep 10/b,15.0,360730000.0,HIGH,-16.71,-3.51,1.15,-11.4,0.3149,False,-8.19,False,-12.42,7.248,6.119,-3.725,-22.79,2.315,25.0,-18.03,3.0,5.13,12.91,15497927.0,post-earnings jump; shrinking revenue,,16.2,,,,,,,,,,
SHPH,Shuttle Pharmaceuticals Holdings Inc,Healthcare,Drug Manufacturers - Specialty & Generic,,,94.37,,-95.34,-6.3,6.24,-6.12,-65.39,1.17,-93.69,,2110000.0,0.01,3.53,-,,2250000.0,HIGH,-15.85,-2.54,0.1,-10.54,0.2077,False,-4.45,False,-3.38,7.362,4.029,-4.213,-43.9,0.006,28.0,-5.48,,,3.45,196989.0,illiquid (<$500K/day),,,,,,,,,,,,
SIGA,SIGA Technologies Inc,Healthcare,Drug Manufacturers - Specialty & Generic,,,-64.94,-49.45,0.0,0.71,8.63,-31.34,-38.3,1.05,-64.35,,726690.0,0.66,2.98,Aug 06/a,11.57,214120000.0,HIGH,7.51,-1.56,0.72,12.82,0.1339,True,1.94,False,-2.04,4.354,5.397,-2.6783,-28.57,0.792,6.0,-2.48,26.0,3.28,3.15,2258877.0,shrinking revenue,,267.3,,,,,,,,,,
SION,Sionna Therapeutics Inc,Healthcare,Biotechnology,,,-61.68,,-10.23,9.58,16.22,-80.89,-81.49,0.58,-87.48,2.82,1930000.0,1.27,6.88,Aug 06/b,21.57,311060000.0,HIGH,39.76,13.15,0.84,45.07,0.5212,True,26.02,False,-68.55,6.796,8.414,-6.4009,-84.97,0.46,4.0,13.15,27.0,-82.55,8.26,9187405.0,>20% above 20-day SMA,,161.1,,,,,,,,,,
SITC,SITE Centers Corp,Real Estate,REIT - Retail,1.19,,-103.3,-67.47,0.0,-1.58,10.07,-22.73,-34.3,0.99,-45.95,3.0,1150000.0,0.72,2.86,Aug 03/a,3.5,150080000.0,HIGH,-2.36,0.69,0.94,2.95,0.1125,False,-1.58,False,-17.91,2.881,3.621,-1.5519,-40.21,0.931,,,29.0,-8.52,2.9,2599804.0,shrinking revenue,,20.7,,,,,,,,,,
SKYQ,Sky Quarry Inc,Energy,Oil & Gas Integrated,,,5.76,-100.0,0.0,-9.07,4.28,169.17,-5.28,2.02,-83.39,,11080000.0,0.25,3.23,-,,28540000.0,HIGH,15.02,18.05,2.34,20.33,0.2648,True,14.12,False,-7.31,9.7,17.197,-5.7112,-55.14,1.245,37.0,-23.97,,,3.14,7937028.0,shrinking revenue,,,,,,,,,,,,
SLDP,Solid Power Inc,Consumer Cyclical,Auto Parts,,,24.98,-103.54999999999998,-0.13,-6.0,14.11,-14.790000000000001,-24.37,1.99,-72.69,1.0,3680000.0,0.48,2.42,Aug 04/a,6.88,552200000.0,HIGH,4.68,-4.28,0.84,9.99,0.1496,True,2.8,True,5.77,4.573,4.065,-2.7191,-17.17,0.882,8.0,5.58,28.0,14.95,2.46,6178167.0,shrinking revenue,,179.7,,,,,,,,,,
SLM,SLM Corp,Financial,Credit Services,7.32,7.79,-8.56,-2.76,0.0,1.46,9.48,19.3,30.620000000000005,0.96,-15.810000000000002,2.09,2530000.0,0.57,26.15,Jul 23/a,28.55,4910000000.0,HIGH,-3.23,0.46,0.81,2.08,0.066,False,-0.01,True,1.02,2.597,2.424,-1.7864,-6.61,0.626,21.0,-4.83,36.0,9.18,26.4,44373379.0,shrinking revenue,REVIEW,8.1,,,,,,,,,,
SMG,Scotts Miracle-Gro Company,Basic Materials,Agricultural Inputs,49.08,11.63,-25.509999999999998,-1.34,-0.22999999999999998,6.559999999999999,10.4,-11.21,-9.77,1.84,-25.55,1.88,926600.0,0.89,56.09,Jul 29/b,76.6,3270000000.0,HIGH,-5.56,-2.82,0.88,-0.25,0.1278,False,-5.9,False,-12.2,3.108,1.896,-1.6035,-25.79,0.853,42.0,-17.77,33.0,-20.5,55.91,49305738.0,shrinking revenue,,37.0,,,,,,,,,,
SMPL,Simply Good Foods Co,Consumer Defensive,Packaged Foods,,5.81,-242.88,-6.29,1.07,-4.34,9.24,-21.42,-35.41,0.18,-64.0,2.2,2360000.0,0.8,9.83,Jul 09/b,14.38,869570000.0,HIGH,-8.3,-7.62,1.42,-2.99,0.1885,False,-8.37,False,-11.04,5.321,4.829,-3.3732,-34.12,1.109,7.0,-11.88,47.0,-22.59,9.94,22058882.0,shrinking revenue,,44.7,,,,,,,,,,
SMR,NuScale Power Corp,Industrials,Specialty Industrial Machinery,,,1.36,-99.07,-84.57,15.52,16.09,-20.77,-29.57,2.36,-85.32,2.59,32880000.000000004,1.06,8.43,Aug 05/a,12.37,3620000000.0,HIGH,-7.4,-23.88,1.01,-2.09,0.2835,False,-10.21,False,-6.34,8.985,6.639,-6.5554,-28.19,1.414,5.0,-12.27,27.0,-9.28,8.51,345870819.0,shrinking revenue,,45.4,,,,,,,,,,
SON,Sonoco Products Co,Consumer Cyclical,Packaging & Containers,7.44,7.63,178.77,-1.24,1.49,11.78,10.35,-4.11,-10.06,0.34,-20.42,2.14,1160000.0,0.88,48.28,Jul 22/a,62.89,4770000000.0,HIGH,-14.85,-3.11,0.95,-9.54,0.2875,False,-11.11,False,-13.37,3.468,1.759,-1.8472,-20.36,1.34,36.0,-14.2,37.0,-12.38,48.32,58537015.0,shrinking revenue,,30.2,,,,,,,,,,
SPIR,Spire Global Inc,Industrials,Specialty Business Services,,,-114.03000000000002,-5.91,-6.69,26.200000000000003,11.07,-37.09,8.82,2.81,-55.26,1.5,856350.0,0.47,11.6,Aug 12/a,20.88,471220000.0,HIGH,-17.47,-6.59,0.87,-12.16,0.3295,False,-11.48,False,-13.36,6.173,3.748,-2.9456,-43.86,0.81,24.0,-19.17,22.0,-18.65,11.34,6983014.0,shrinking revenue,,84.1,,,,,,,,,,
SPRO,Spero Therapeutics Inc,Healthcare,Biotechnology,10.35,,-443.89000000000004,-100.0,-0.17,1.81,2.82,-61.17,-56.37,1.51,-63.31,2.0,1450000.0,0.16,1.13,Aug 12/a,5.0,65810000.0,HIGH,-4.2,-4.2,0.71,1.11,0.1089,False,-4.78,False,-16.27,3.396,2.632,-1.7201,-54.58,0.302,,,22.0,-4.2,1.14,448893.0,illiquid (<$500K/day); shrinking revenue,,338.6,,,,,,,,,,
SR,Spire Inc,Utilities,Utilities - Regulated Gas,8.94,14.61,1126.29,-0.4,-0.06,1.3,4.65,1.8799999999999997,-12.91,0.53,-15.83,1.6,546380.0,1.25,80.22,Aug 05/b,92.67,4740000000.0,HIGH,-1.13,-2.49,1.19,4.18,0.046,False,-1.32,False,-0.49,2.022,2.028,-1.2448,-3.89,1.154,13.0,-2.22,28.0,2.26,81.36,40650294.0,shrinking revenue,,13.9,,,,,,,,,,
SRPT,Sarepta Therapeutics Inc,Healthcare,Biotechnology,,26.68,-102.46,-34.34,0.0,4.49,24.51,31.39,24.37,0.36,-18.17,2.8,3410000.0,0.74,20.72,Aug 05/a,21.86,2190000000.0,HIGH,15.07,-0.1,0.7,20.38,0.3121,True,2.35,True,12.95,7.949,4.876,-4.9817,-11.43,1.076,8.0,-1.92,27.0,31.32,20.92,64982938.0,shrinking revenue,,4.5,,,,,,,,,,
SRXH,SRX Global Inc,Consumer Defensive,Packaged Foods,,,98.37,-52.62,0.0,5.07,7.9,-81.39,-80.03,0.93,-95.89,1.0,4720000.0,0.09,1.71,Aug 13/a,600.0,33670000.0,HIGH,-11.11,6.33,1.24,-5.8,0.3046,False,-1.15,False,-6.12,7.032,8.274,-3.4871,-84.7,0.135,,,21.0,-8.2,1.68,1225191.0,shrinking revenue,,35614.3,,,,,,,,,,
SSP,E.W. Scripps Co,Communication Services,Broadcasting,,,-2057.38,-9.2,-0.67,2.14,7.91,11.07,-17.27,0.7,-40.45,3.0,711560.0,0.68,3.21,Aug 06/a,4.93,297460000.0,HIGH,-3.07,-1.56,0.74,2.24,0.1033,False,-2.78,True,0.44,5.448,3.797,-2.6501,-17.92,1.089,18.0,-4.24,26.0,7.12,3.16,1797064.0,shrinking revenue,,56.0,,,,,,,,,,
SST,System1 Inc,Industrials,Specialty Business Services,,,30.89,-61.34,0.34,-15.869999999999997,9.37,15.28,80.43,1.56,-64.3,1.0,537800.0,0.37,3.32,Aug 05/a,6.5,34820000.0,HIGH,47.51,-34.8,0.22,52.82,1.4333,True,18.09,True,40.67,19.652,9.356,-12.8381,-40.18,2.595,9.0,45.54,27.0,96.39,3.26,4502818.0,>40% above 50-day SMA; shrinking revenue,,99.4,,,,,,,,,,
SSTK,Shutterstock Inc,Communication Services,Internet Content & Information,,,-618.96,-16.93,0.0,-9.68,8.75,-64.24,-70.01,1.15,-83.49,3.0,1130000.0,0.66,4.87,Aug 04/a,25.0,179930000.0,HIGH,-2.77,1.74,0.8,2.54,0.1924,False,-3.49,False,-15.84,6.029,5.133,-4.0939,-68.06,0.9,,,28.0,-12.62,5.26,5152069.0,shrinking revenue,,375.3,,,,,,,,,,
SSYS,Stratasys Ltd,Technology,Computer Hardware,,40.11,3.44,-0.35,0.0,1.7500000000000002,3.98,-15.509999999999998,-6.12,2.0,-41.3,1.5,740290.0,1.2,7.52,Aug 13/b,12.0,658650000.0,HIGH,-14.59,-3.33,0.57,-9.28,0.1851,False,-4.43,False,-7.93,3.273,2.119,-2.728,-18.99,0.911,24.0,-14.79,22.0,-14.59,7.55,6725666.0,shrinking revenue,,58.9,,,,,,,,,,
STDN,Standard Nuclear Inc,Basic Materials,Specialty Chemicals,,,,,1.22,-16.14,4.49,,,,-28.78,1.12,1100000.0,0.3,12.35,Aug 27/b,17.5,1930000000.0,HIGH,-7.66,-6.96,0.7,-2.35,0.3997,False,-9.16,,,11.734,6.265,-7.1817,,,10.0,-12.84,12.0,-10.29,12.29,11837268.0,incomplete signals,,42.4,,,,,,,,,,
STOK,Stoke Therapeutics Inc,Healthcare,Biotechnology,,,-131.96,-32.51,-0.8,9.63,20.94,-6.17,-17.11,1.25,-30.010000000000005,1.0,884450.0,1.23,28.15,Aug 03/a,46.46,1820000000.0,HIGH,-7.87,-1.5,0.63,-2.56,0.1764,False,-5.19,False,-4.11,4.233,2.331,-2.1549,-12.79,0.738,14.0,-8.42,29.0,0.14,29.6,25108729.0,shrinking revenue,,57.0,,,,,,,,,,
STXS,Stereotaxis Inc,Healthcare,Medical Instruments & Supplies,,,-1.49,-12.82,0.0,0.42,6.57,-28.26,-30.89,1.36,-63.23,1.0,858030.0,0.44,1.32,Aug 11/a,3.0,132270000.00000001,HIGH,-4.32,2.31,1.92,0.99,0.1575,False,-3.97,False,-8.09,4.672,6.015,-2.5336,-32.83,0.757,12.0,-8.28,23.0,-5.0,1.33,739075.0,shrinking revenue,,125.6,,,,,,,,,,
SUNE,SUNation Energy Inc,Technology,Solar,,,83.37,-37.52,100.0,16.57,2.23,25.590000000000003,159.35,2.51,-66.24,3.0,4620000.0,0.12,3.19,Mar 18/a,15000.0,20770000.0,HIGH,32.24,36.71,0.08,37.55,0.9298,True,27.38,True,28.12,13.845,6.79,-21.6125,-33.47,5.481,4.0,36.71,,,3.24,32511002.0,>20% above 20-day SMA; shrinking revenue,,462863.0,,,,,,,,,,
SVC,Service Properties Trust,Real Estate,REIT - Hotel & Motel,,,-659.08,-16.32,465.68000000000006,86.43,4.22,-16.87,-36.67,1.72,-55.81,2.0,1790000.0,1.11,6.65,Aug 05/a,10.42,861240000.0,HIGH,-17.55,-9.62,1.1,-12.24,0.2313,False,-12.56,False,-17.63,3.834,3.448,-1.7618,-26.05,0.9,46.0,-23.77,27.0,-15.36,6.67,11055803.0,shrinking revenue,,56.2,,,,,,,,,,
SWRD,Stewards Inc,Financial,Credit Services,,,-76.28,4.61,,,,-33.1,-47.57,1.61,-74.13,,615160.0,1.37,1.94,-,,409570000.0,LOW,,,,,,,,,,,,,,,,,,,,,low data confidence; incomplete signals,REVIEW,,,,,,,,,,,
TBPH,Theravance Biopharma Inc,Healthcare,Biotechnology,16.88,9.14,-110.55999999999999,-20.86,-10.63,-0.93,3.32,4.41,22.33,0.19,-18.97,3.0,642810.0,0.63,17.04,Aug 10/b,17.0,884700000.0,HIGH,0.65,-0.18,0.66,5.96,0.0102,True,0.04,True,0.45,0.354,0.235,-0.1655,-4.0,0.579,8.0,0.0,25.0,0.71,17.03,6301277.0,deal-pinned; shrinking revenue,,-0.2,,,,,,,,,,
TDAY,USA TODAY Co Inc,Communication Services,Publishing,,23.13,-84.8,-8.3,-0.05,0.4099999999999999,21.76,-13.419999999999998,3.46,1.39,-28.559999999999995,2.0,2110000.0,0.92,6.58,Aug 06/b,8.7,966060000.0,HIGH,-8.09,2.81,0.62,-2.78,0.1342,True,2.08,False,-12.5,3.88,3.49,-2.3307,-28.45,0.824,30.0,-24.17,27.0,-17.62,6.59,16022088.0,shrinking revenue,,32.0,,,,,,,,,,
TDOC,Teladoc Health Inc,Healthcare,Health Information Services,,,-15.72,-3.95,-9.85,5.61,14.05,-11.8,22.08,2.13,-33.45,2.58,4590000.0,0.77,6.58,Jul 29/a,7.58,1200000000.0,HIGH,-0.61,3.83,1.02,4.7,0.0996,True,2.32,False,-13.54,3.632,5.538,-2.4874,-34.26,0.708,43.0,-29.88,32.0,-1.22,6.5,21569711.0,shrinking revenue,,16.6,,,,,,,,,,
TDS,Telephone And Data Systems Inc,Communication Services,Telecom Services,13.9,174.96,5025.29,-73.92,-0.57,5.82,6.04,-5.02,-11.63,0.3,-22.98,2.25,1180000.0,1.38,37.83,Aug 07/b,47.5,4070000000.0000005,HIGH,9.24,-0.58,0.94,14.55,0.2194,True,6.84,True,8.76,2.885,2.015,-2.3283,-5.98,1.274,7.0,5.13,26.0,14.34,37.71,41020405.0,shrinking revenue,,26.0,,,,,,,,,,
THO,Thor Industries Inc,Consumer Cyclical,Recreational Vehicles,14.37,16.4,-26.66,-3.91,0.0,2.67,10.07,-6.13,-14.679999999999998,1.41,-41.94,2.61,646960.0,1.24,71.32,Sep 22/b,84.0,3710000000.0,HIGH,-5.36,-0.88,1.35,-0.05,0.1337,False,-3.76,False,-3.99,3.222,2.395,-1.7463,-10.03,1.181,24.0,-7.58,,,73.48,41992621.0,shrinking revenue,,14.3,,,,,,,,,,
THRY,Thryv Holdings Inc,Technology,Software - Application,,,-219.47,-28.389999999999997,10.99,0.8100000000000002,7.98,-48.18,-25.19,0.85,-84.39,2.5,750290.0,0.99,1.99,Aug 04/b,4.0,88430000.0,HIGH,0.25,1.79,2.46,5.56,0.1848,True,2.63,False,-31.37,6.662,13.266,-4.9461,-55.13,1.046,47.0,-51.23,29.0,-33.0,1.99,1421798.0,shrinking revenue,,101.0,,,,,,,,,,
TLYS,Tillys Inc,Consumer Cyclical,Apparel Retail,86.82,24.05,157.17,8.1,-28.64,4.73,2.68,-5.69,76.84,0.04,-23.04,2.0,535990.0,1.51,4.81,Sep 02/a,6.65,147130000.0,HIGH,33.7,17.99,0.56,39.01,0.3276,True,21.84,True,22.07,9.277,6.504,-5.4979,-21.28,1.218,2.0,14.69,7.0,29.13,4.92,5634028.0,>20% above 20-day SMA; fresh >10% breakout,,35.2,,,,,,,,,,
TMCI,Treace Medical Concepts Inc,Healthcare,Medical Devices,,,11.63,-4.24,2.52,-9.64,3.28,16.84,222.54,1.48,-39.8,3.0,597250.0,0.27,4.58,Aug 07/b,5.5,297860000.0,HIGH,2.89,0.0,0.89,8.2,0.1346,True,0.87,True,3.22,5.816,4.968,-3.6347,-10.93,0.521,7.0,-1.49,26.0,5.71,4.63,1187940.0,shrinking revenue,,18.8,,,,,,,,,,
TNGX,Tango Therapeutics Inc,Healthcare,Biotechnology,,,-5.04,-100.0,-0.48,22.97,34.34,-27.390000000000004,33.61,1.17,-30.53,1.17,3040000.0,0.59,23.89,Aug 11/b,45.18,4030000000.0000005,HIGH,-2.97,8.11,0.89,2.34,0.1855,True,2.71,False,-7.02,5.858,6.316,-3.187,-26.81,1.27,,,24.0,-6.83,24.54,54440435.0,shrinking revenue,,84.1,,,,,,,,,,
TRIP,TripAdvisor Inc,Consumer Cyclical,Travel Services,892.08,8.38,-31.259999999999998,-16.47,-0.58,-0.04,26.17,-28.26,-5.36,0.85,-55.31,3.0,3760000.0,0.83,9.01,Aug 06/b,13.15,1060000000.0,HIGH,-9.24,1.54,1.15,-3.93,0.2018,False,-4.31,False,-22.18,3.954,4.334,-2.2655,-39.08,1.752,34.0,-35.36,27.0,-11.42,9.23,35479557.0,shrinking revenue,,42.5,,,,,,,,,,
TRLV,Trulieve Cannabis Corp,Healthcare,Drug Manufacturers - Specialty & Generic,,20.17,-2821.78,-10.31,-5.37,25.03,0.89,17.65,82.97,1.8,-12.65,1.0,1300000.0,1.24,11.6,Aug 07/b,18.18,2230000000.0,HIGH,22.7,-6.52,1.03,28.01,0.2826,True,3.37,True,18.93,6.33,7.745,-3.4095,-8.93,1.693,7.0,-0.6,26.0,32.8,11.62,17567249.0,shrinking revenue,,56.5,,,,,,,,,,
TRN,Trinity Industries Inc,Industrials,Railroads,6.79,12.66,608.23,-4.17,-1.41,5.82,5.3,-19.05,-6.01,1.34,-26.46,3.0,700380.0,0.84,28.17,Jul 30/b,34.0,2240000000.0,HIGH,-5.99,0.25,1.17,-0.68,0.1044,False,-2.91,False,-12.15,2.46,1.531,-1.0237,-26.7,0.832,34.0,-24.31,32.0,-18.18,28.08,14994690.0,shrinking revenue,,21.1,,,,,,,,,,
TSHA,Taysha Gene Therapies Inc,Healthcare,Biotechnology,,,-40.13,-100.0,-0.65,11.07,17.7,-15.24,11.7,1.17,-30.680000000000003,1.08,3160000.0,1.63,5.06,Aug 11/a,13.33,1650000000.0,HIGH,-19.32,-8.58,2.69,-14.01,0.2861,False,-12.99,False,-15.37,5.104,2.794,-2.4976,-29.63,1.097,24.0,-21.35,23.0,-21.78,5.01,14259554.0,shrinking revenue,,166.1,,,,,,,,,,
TSSI,TSS Inc,Technology,Information Technology Services,16.06,25.9,-15.83,-20.08,-17.41,18.38,14.87,-39.2,-32.67,2.0,-62.519999999999996,1.0,885890.0,0.75,8.16,Aug 13/a,15.5,230270000.0,HIGH,-10.86,-2.42,0.79,-5.55,0.2239,False,-1.14,False,-13.55,5.562,3.077,-3.2146,-39.43,1.281,23.0,-25.88,21.0,-12.71,8.45,8098305.0,shrinking revenue,,83.4,,,,,,,,,,
TTEC,TTEC Holdings Inc,Technology,Information Technology Services,,1.18,-89.29,-11.04,0.0,-11.28,22.1,-45.96,-61.03999999999999,0.96,-68.13,2.33,543460.0,0.5,1.27,Aug 10/a,3.0,62610000.0,HIGH,-13.79,-6.72,0.62,-8.48,0.189,False,-8.32,False,-33.18,4.629,4.8,-3.2202,-55.04,0.517,29.0,-50.0,24.0,-27.75,1.25,532220.0,shrinking revenue,,140.0,,,,,,,,,,
TVRD,Tvardi Therapeutics Inc,Healthcare,Biotechnology,,,31.47,,0.0,-12.41,2.64,-34.08,-54.76,0.33,-95.97,1.78,2340000.0,0.05,1.76,Aug 14/b,9.25,23480000.0,HIGH,-1.61,-5.67,1.33,3.7,0.1045,False,-0.65,False,-19.26,5.632,10.383,-2.962,-67.84,0.044,6.0,-1.08,21.0,3.39,1.83,236301.0,illiquid (<$500K/day),,405.5,,,,,,,,,,
UA,Under Armour Inc,Consumer Cyclical,Apparel Manufacturing,,24.78,121.31,-3.27,0.37,9.8,23.25,-17.78,-22.29,1.52,-39.17,3.07,2990000.0,0.62,4.81,Aug 07/b,6.02,2089999999.9999998,HIGH,-2.63,0.21,0.81,2.68,0.1073,False,-3.69,False,-17.82,3.454,3.015,-2.6076,-34.33,0.813,44.0,-25.66,27.0,-18.89,4.81,11257075.0,shrinking revenue,,25.2,,,,,,,,,,
UAA,Under Armour Inc,Consumer Cyclical,Apparel Manufacturing,,25.42,121.31,-3.27,0.5,10.06,28.1,-17.61,-21.89,1.6,-39.14,3.14,8550000.0,1.07,4.96,Aug 07/b,5.95,2109999999.9999998,HIGH,-4.91,-0.59,1.09,0.4,0.1084,False,-2.05,False,-16.59,3.763,2.982,-2.5544,-32.93,1.063,43.0,-23.9,26.0,-17.68,5.03,38171388.0,shrinking revenue,,18.3,,,,,,,,,,
UAMY,United States Antimony Corp,Basic Materials,Other Industrial Metals & Mining,,63.55,-50.0,-24.7,0.54,8.11,24.57,-37.7,-57.56,0.37,-76.36,1.0,6660000.0,0.65,4.66,Aug 11/a,11.19,697460000.0,HIGH,-15.84,-13.05,0.74,-10.53,0.2198,False,-8.28,False,-15.52,7.309,3.171,-5.7236,-42.25,0.786,26.0,-23.83,23.0,-4.83,4.73,33735928.0,shrinking revenue,,136.6,,,,,,,,,,
UCB,United Community Banks Inc,Financial,Banks - Regional,11.56,10.57,50.970000000000006,-0.48,-3.1,1.9900000000000002,3.74,5.65,18.15,0.89,-4.95,2.14,923050.0,1.19,35.34,Jul 21/b,40.17,4260000000.0,HIGH,-3.41,0.26,1.31,1.9,0.0615,True,0.05,False,-0.54,1.769,1.894,-1.0541,-4.84,0.96,42.0,-1.72,39.0,0.08,35.38,25195578.0,shrinking revenue,,13.5,,,,,,,,,,
UIS,Unisys Corp,Technology,Information Technology Services,,2.38,-363.31,-2.03,-1.4,-0.53,8.94,-33.6,8.66,1.97,-49.6,1.5,780420.0,0.75,2.51,Jul 29/a,4.81,183020000.0,HIGH,-10.71,-1.19,0.83,-5.4,0.1706,False,-4.53,False,-18.26,4.457,5.2,-2.9313,-42.13,0.705,45.0,-38.42,32.0,-20.63,2.5,1488565.0,shrinking revenue,,92.4,,,,,,,,,,
UNFI,United Natural Foods Inc,Consumer Defensive,Food Distribution,33.55,11.04,138.76,-0.7,-0.66,-0.37,4.84,-10.97,8.0,0.97,-21.41,2.27,596920.0,1.25,44.81,Sep 08/b,54.0,2710000000.0,HIGH,-5.99,0.67,0.92,-0.68,0.1461,False,-1.41,False,-4.84,3.962,3.56,-1.8568,-15.55,1.487,31.0,-9.05,5.0,2.96,45.23,27730702.0,shrinking revenue,,19.4,,,,,,,,,,
UPB,Upstream Bio Inc,Healthcare,Biotechnology,,,2.11,-17.5,-0.06,3.6799999999999997,10.98,-10.16,-42.98,1.35,-83.73,1.5,603220.0,0.7,5.48,Aug 11/b,29.83,300150000.0,HIGH,-18.63,-6.14,0.8,-13.32,0.3231,False,-11.23,False,-14.65,6.411,2.926,-4.4958,-27.38,1.11,18.0,-15.18,24.0,-18.05,5.81,4008308.0,shrinking revenue,,413.4,,,,,,,,,,
UPWK,Upwork Inc,Communication Services,Internet Content & Information,11.26,6.31,-15.869999999999997,-1.68,-4.21,-8.02,16.33,1.59,-27.91,1.05,-62.28,2.45,3420000.0,0.68,8.61,Aug 10/a,9.88,1080000000.0,HIGH,6.23,4.57,1.5,11.54,0.1346,False,-0.09,False,-2.83,3.974,3.448,-2.5581,-12.21,0.873,25.0,-10.03,24.0,4.07,8.7,23079986.0,shrinking revenue,,13.6,,,,,,,,,,
USDE,StableCoinX Inc,Financial,Capital Markets,,,-2093.88,,0.0,21.7,5.91,-40.29,-41.71,0.97,-59.5,,4920000.0,0.66,6.12,-,,166380000.0,HIGH,146.36,-2.23,0.21,151.67,1.1555,True,13.51,True,94.79,19.038,10.349,-23.8432,,0.635,10.0,10.06,,,7.44,72676278.0,incomplete signals; >40% above 50-day SMA,,,,,,,,,,,,
UTZ,Utz Brands Inc,Consumer Defensive,Packaged Foods,,17.1,-195.24,1.39,0.0,1.09,9.81,97.65,85.81,0.73,-0.21,2.8,3590000.0,0.25,14.27,Aug 05/b,14.31,2049999999.9999998,HIGH,0.57,0.14,0.85,5.88,0.0143,True,0.24,True,11.8,0.266,0.492,-0.3514,-0.49,0.398,2.0,0.0,28.0,0.85,14.23,29323351.0,deal-pinned,,0.6,,,,,,,,,,
UWMC,UWM Holdings Corp,Financial,Mortgage Finance,,3.74,-310.77,-62.46000000000001,-37.4,2.71,25.48,-45.53,-64.74,1.85,-81.95,2.1,20010000.0,0.86,1.28,Aug 05/a,2.69,2060000000.0,HIGH,-10.74,-4.32,1.17,-5.43,0.1552,False,-6.93,False,-20.43,6.455,5.263,-3.5587,-44.12,0.554,,,27.0,10.83,1.33,15885121.0,shrinking revenue,,102.3,,,,,,,,,,
VC,Visteon Corp,Consumer Cyclical,Auto Parts,17.81,9.32,-23.51,-0.93,-11.85,2.92,14.48,-16.44,8.45,1.29,-23.78,1.77,533190.0,1.38,97.67,Jul 23/b,129.45,2610000000.0,HIGH,-7.23,-0.65,1.24,-1.92,0.0902,False,-2.6,False,-3.95,2.488,1.67,-1.3925,-21.22,0.777,22.0,-6.0,37.0,-0.1,100.01,38260063.0,shrinking revenue,,29.4,,,,,,,,,,
VEEE,Twin Vee PowerCats Co,Consumer Cyclical,Recreational Vehicles,,,84.25,-34.22,,-2.4,5.89,56.52,-31.4,0.93,-92.95,1.0,2220000.0,0.0,9.0,May 07/b,74.0,5170000.0,HIGH,-12.85,-5.74,0.21,-7.54,0.1957,False,-6.05,False,-29.95,6.066,2.244,-4.0698,-83.13,0.003,41.0,-74.13,,,9.36,209607.0,illiquid (<$500K/day); shrinking revenue,,690.6,,,,,,,,,,
VERI,Veritone Inc,Technology,Software - Infrastructure,,,56.35,1.04,0.96,5.04,20.05,-27.449999999999996,-60.36,2.33,-88.22,1.0,3380000.0,0.81,1.11,Aug 13/a,6.33,111510000.0,HIGH,5.99,25.55,1.63,11.3,0.4651,True,28.83,True,8.25,7.416,17.391,-7.0766,-26.98,1.018,27.0,-4.17,21.0,0.0,1.15,4223602.0,>20% above 20-day SMA,,450.4,,,,,,,,,,
VFC,VF Corp,Consumer Cyclical,Apparel Manufacturing,18.51,9.6,16.98,-5.32,0.33,2.92,9.86,-29.270000000000003,-20.71,1.59,-42.93,2.54,7000000.0,0.81,12.71,Jul 29/b,17.46,5000000000.0,HIGH,-9.74,-0.98,1.15,-4.43,0.1648,False,-3.95,False,-13.2,3.257,2.984,-2.0723,-28.42,0.946,34.0,-23.66,33.0,-13.33,13.07,83395280.0,shrinking revenue,,33.6,,,,,,,,,,
VIP,Vulcan Infrastructure and Power Inc,Financial,Capital Markets,23.05,,-113.84999999999998,-73.68,117.55,-0.16,3.11,19.21,34.33,2.97,-46.43,1.0,523429.99999999994,0.11,1.8,-,4.0,33170000.0,HIGH,-3.7,-7.61,1.12,1.61,0.1385,False,-0.3,False,-8.31,6.044,8.242,-3.0784,-45.83,0.25,5.0,-3.7,,,1.82,227716.0,illiquid (<$500K/day); shrinking revenue,,119.8,,,,,,,,,,
VISN,Vistance Networks Inc,Technology,Communication Equipment,7.31,9.61,1697.9200000000003,-76.98,-1.6500000000000001,10.88,12.81,-7.48,36.99,2.51,-10.7,2.5,12140000.0,0.67,6.73,Aug 06/b,14.67,1550000000.0,HIGH,-44.55,-0.08,1.11,-39.24,1.1688,False,-24.55,False,-38.83,10.126,5.104,-11.022,-50.31,0.77,,,27.0,-35.99,6.47,78773349.0,shrinking revenue,,126.7,,,,,,,,,,
VITL,Vital Farms Inc,Consumer Defensive,Farm Products,,31.78,-299.2,-10.14,0.66,-23.13,27.2,-5.66,-38.25,1.07,-79.59,2.2,1740000.0,0.57,10.01,Aug 06/b,13.22,429740000.0,HIGH,-10.13,-0.5,1.05,-4.82,0.1844,False,-4.09,False,-15.02,4.128,2.941,-2.4077,-28.64,0.837,34.0,-24.53,27.0,-18.06,10.03,13127014.0,shrinking revenue,,31.8,,,,,,,,,,
VNDA,Vanda Pharmaceuticals Inc,Healthcare,Biotechnology,,,-125.07,-3.92,0.0,3.52,13.44,-15.14,-43.36,0.68,-49.8,1.5,897880.0,0.85,4.99,Aug 05/a,12.19,301710000.0,HIGH,-2.09,-3.38,1.09,3.22,0.1014,False,-3.52,False,-4.89,3.8,2.913,-2.2784,-22.21,0.858,18.0,-5.33,27.0,1.18,5.15,4014739.0,shrinking revenue,,136.7,,,,,,,,,,
VNT,Vontier Corp,Technology,Scientific & Technical Instruments,13.34,8.46,-68.39,-2.17,0.0,3.07,7.76,8.7,-11.54,1.12,-33.38,1.85,1540000.0,0.9,32.11,Aug 06/b,40.22,4340000000.0,HIGH,0.06,-0.68,1.33,5.37,0.0756,False,-0.83,True,1.31,2.411,3.385,-1.6431,-11.56,0.891,27.0,-3.78,27.0,-3.78,32.35,40509763.0,shrinking revenue,,24.3,,,,,,,,,,
VREX,Varex Imaging Corp,Healthcare,Medical Devices,35.39,17.26,117.16,3.6900000000000004,-16.85,-3.0,3.02,76.92,65.8,0.97,-0.86,3.0,826340.0,0.66,18.47,Aug 10/b,18.95,778480000.0,HIGH,0.0,-0.16,0.72,5.31,0.0045,False,-0.14,True,24.74,0.23,0.163,-0.11,-0.91,0.939,26.0,50.69,25.0,48.75,18.46,14323153.0,deal-pinned,,2.7,,,,,,,,,,
VSTS,Vestis Corp,Industrials,Rental & Leasing Services,,17.08,1711.76,-1.8000000000000003,2.86,-2.93,6.15,0.9899999999999999,80.54,1.08,-21.48,3.25,1390000.0,1.09,13.27,Aug 11/b,13.0,1750000000.0,HIGH,-3.58,-5.27,1.27,1.73,0.1178,True,0.55,False,-7.52,3.67,3.132,-2.3052,-23.49,1.377,44.0,-12.28,24.0,-6.78,12.93,16359015.0,shrinking revenue,,0.5,,,,,,,,,,
VUZI,Vuzix Corp,Technology,Consumer Electronics,,,8.67,-14.06,-0.33,-1.56,22.59,-25.290000000000003,20.38,1.77,-54.79999999999999,1.0,1100000.0,0.46,2.54,Aug 13/a,6.0,214410000.0,HIGH,-19.42,-0.4,0.6,-14.11,0.3498,False,-6.67,False,-2.05,4.59,4.016,-2.4781,-28.03,0.647,21.0,-5.68,21.0,-5.68,2.49,2438060.0,shrinking revenue,,141.0,,,,,,,,,,
VYGR,Voyager Therapeutics Inc,Healthcare,Biotechnology,,,28.96,-39.13,-0.11,0.9399999999999998,7.34,-14.88,-28.470000000000002,1.27,-44.32,1.09,580000.0,0.78,3.09,Aug 06/a,14.89,190400000.0,HIGH,-1.24,-6.18,0.71,4.07,0.1388,False,-5.57,False,-2.79,4.545,2.194,-2.5417,-18.41,0.693,11.0,-7.8,26.0,1.92,3.19,1446716.0,shrinking revenue,,366.8,,,,,,,,,,
VYX,NCR Voyix Corp,Technology,Information Technology Services,18.55,7.37,74.83,-21.47,-0.83,4.12,21.56,1.6099999999999999,9.72,1.41,-43.98,1.29,2450000.0,1.24,7.56,Aug 05/b,12.96,1040000000.0,HIGH,7.27,-2.59,1.04,12.58,0.2511,False,-1.27,False,-0.4,6.728,6.78,-4.1698,-18.54,1.239,29.0,-4.4,28.0,-6.98,8.26,22518174.0,shrinking revenue,,56.9,,,,,,,,,,
WEAV,Weave Communications Inc,Healthcare,Health Information Services,,29.62,53.44,15.52,0.0,7.400000000000001,7.68,34.74,50.2,1.68,-8.09,3.0,2680000.0,0.51,7.33,Aug 06/a,7.4,586390000.0,HIGH,32.37,0.14,0.33,37.68,0.22,True,1.46,True,7.89,0.332,0.273,-7.0626,-4.44,0.526,7.0,0.14,26.0,38.37,7.32,42536658.0,deal-pinned,,1.1,,,,,,,,,,
WGO,Winnebago Industries Inc,Consumer Cyclical,Recreational Vehicles,20.09,11.64,-18.07,-9.86,-1.31,1.02,9.2,-7.46,-19.78,1.18,-45.57,2.33,658280.0,0.79,27.3,Jun 25/b,34.4,771740000.0,HIGH,-10.2,-4.61,1.14,-4.89,0.1821,False,-6.93,False,-7.8,3.637,2.327,-2.3835,-14.55,1.048,18.0,-9.45,56.0,4.0,28.36,14900134.0,shrinking revenue,,21.3,,,,,,,,,,
WHR,Whirlpool Corp,Consumer Cyclical,"Furnishings, Fixtures & Appliances",11.1,9.25,-0.72,-6.81,0.0,-2.67,24.18,-21.09,-41.35,1.17,-65.17,3.0,2450000.0,1.68,33.03,Aug 03/a,42.55,2150000000.0,HIGH,-14.12,-9.6,1.54,-8.81,0.2064,False,-12.45,False,-13.44,5.059,5.412,-2.6418,-27.81,1.285,29.0,-13.29,29.0,-13.29,34.0,91971996.0,shrinking revenue,,25.1,,,,,,,,,,
WLTH,Wealthfront Corp,Technology,Software - Application,,22.8,-56.39999999999999,0.8199999999999998,-0.35,-1.26,6.84,23.52,37.07,,-26.950000000000003,1.86,1620000.0,2.43,10.87,Sep 09/a,11.96,1620000000.0,HIGH,16.27,10.59,1.65,21.58,0.231,True,12.5,True,13.18,4.239,5.023,-3.9531,-3.88,3.537,3.0,12.58,3.0,12.58,10.65,21552085.0,fresh >10% breakout; post-earnings jump,,12.3,,,,,,,,,,
WLY,John Wiley & Sons Inc,Communication Services,Publishing,13.06,9.31,-206.6,-2.63,0.0,0.13,11.77,13.849999999999998,34.49,0.75,-14.13,1.0,572500.0,1.11,49.33,Sep 03/b,68.0,2500000000.0,HIGH,-4.67,-0.51,0.89,0.64,0.1796,False,-5.0,False,-5.51,4.575,2.571,-1.9535,-15.7,1.152,34.0,-5.06,7.0,-4.4,48.43,27705770.0,shrinking revenue,,40.4,,,,,,,,,,
WNC,Wabash National Corp,Industrials,Farm & Heavy Construction Machinery,,10.2,-143.54,-9.06,-0.45000000000000007,-3.91,10.81,32.03,52.68999999999999,1.47,-13.68,1.0,1110000.0,0.53,12.49,Jul 29/b,22.5,508810000.0,HIGH,-2.51,-8.82,1.59,2.8,0.2458,False,-3.57,False,-3.35,5.577,4.835,-4.0597,-14.24,0.553,8.0,-2.82,33.0,0.08,12.41,8486247.0,shrinking revenue,,81.3,,,,,,,,,,
WOLF,Wolfspeed Inc,Technology,Semiconductors,,,34.73,-24.06,0.0,48.19,70.54,-51.07000000000001,30.97,1.99,-94.3,3.0,4330000.0,0.48,24.02,Aug 19/a,27.5,1270000000.0,HIGH,-31.46,-17.04,0.78,-26.15,0.3663,False,-11.94,False,-16.59,8.263,6.219,-5.819,-60.23,0.602,20.0,-24.63,17.0,-9.07,23.96,95233403.0,shrinking revenue,,14.8,,,,,,,,,,
WU,Western Union Company,Financial,Credit Services,5.52,4.52,-33.96,-1.15,-0.53,-3.12,15.24,-8.54,-27.82,0.53,-33.82,3.81,9500000.0,1.13,6.85,Jul 30/a,6.95,2140000000.0000002,HIGH,-2.09,0.43,0.72,3.22,0.0782,False,-1.88,False,-6.47,2.469,1.28,-1.4765,-21.45,0.615,43.0,-10.79,31.0,10.53,7.03,51181716.0,shrinking revenue,REVIEW,-1.1,,,,,,,,,,
WVE,Wave Life Sciences Inc,Healthcare,Biotechnology,,,-10.46,-73.88,38.04,6.02,9.85,-25.670000000000005,-64.06,-1.45,-79.48,1.06,3110000.0,0.79,4.46,Jul 30/b,19.94,878830000.0,HIGH,-10.02,-6.72,0.88,-4.71,0.2014,False,-8.41,False,-16.88,4.757,3.057,-2.648,-29.32,0.982,51.0,-21.58,32.0,-20.49,4.58,16303900.0,shrinking revenue,,335.4,,,,,,,,,,
XHLD,TEN Holdings Inc,Communication Services,Broadcasting,,,41.35,-34.5,0.0,0.45000000000000007,7.84,564.08,537.16,5.84,-38.87,1.0,3840000.0,1.58,9.43,Aug 10/b,120.0,112950000.0,HIGH,21.2,-4.9,1.76,26.51,0.6166,True,0.54,True,81.78,18.694,82.141,-11.2279,-42.18,0.692,4.0,-4.9,25.0,341.58,8.92,25664362.0,>40% above 50-day SMA; shrinking revenue,,1245.3,,,,,,,,,,
XOS,Xos Inc,Industrials,Farm & Heavy Construction Machinery,,,39.55,-74.23,-7.03,13.4,11.09,-26.1,28.57,1.81,-69.53,2.0,2910000.0,0.07,2.52,Aug 13/a,4.0,35830000.0,HIGH,23.44,-10.42,0.03,28.75,0.638,False,-18.38,False,-3.83,9.255,4.651,-27.7137,-47.88,0.056,19.0,23.44,21.0,23.15,2.58,33193996.0,shrinking revenue,,55.0,,,,,,,,,,
XPOF,Xponential Fitness Inc,Consumer Cyclical,Leisure,,7.78,-770.8,-13.44,1.8500000000000003,-3.2199999999999998,28.14,-43.84,-32.33,1.22,-58.59000000000001,2.75,810930.0,0.87,3.83,Aug 06/a,5.6,188620000.0,HIGH,-21.61,-16.88,1.22,-16.3,0.4061,False,-19.05,False,-30.41,8.083,6.516,-4.9669,-44.27,1.08,54.0,-43.4,26.0,-20.68,3.99,2872424.0,shrinking revenue,,40.4,,,,,,,,,,
XPON,Expion Energy Inc,Industrials,Electrical Equipment & Parts,,,72.72,-32.1,0.0,3.55,39.55,-14.069999999999999,-41.4,0.72,-79.84,,2520000.0,0.08,4.96,Mar 17/b,48.0,4780000.0,HIGH,3.61,-17.3,0.1,8.92,1.0585,False,-18.51,True,1.23,31.11,10.283,-26.3151,-61.07,0.063,13.0,-12.9,,,4.59,51892430.0,shrinking revenue,,945.8,,,,,,,,,,
XPRO,Expro Ltd,Energy,Oil & Gas Equipment & Services,96.99,19.44,-88.65,-6.99,-1.05,-5.78,6.75,11.23,5.89,0.96,-9.36,2.29,1060000.0,1.04,17.43,Jul 28/b,17.4,1960000000.0,HIGH,-7.38,-4.97,0.97,-2.07,0.0958,False,-4.44,True,1.64,4.352,3.605,-2.336,-10.56,0.775,18.0,-6.37,34.0,11.54,17.2,14096510.0,shrinking revenue,,1.2,,,,,,,,,,
XRAY,DENTSPLY Sirona Inc,Healthcare,Medical Instruments & Supplies,,6.47,181.71,-4.06,3.15,2.67,11.17,-3.06,-16.2,0.86,-33.38,2.79,4960000.0,0.99,9.83,Aug 06/a,13.7,1960000000.0,HIGH,-7.24,-5.55,0.93,-1.93,0.1059,False,-5.23,False,-14.28,3.936,2.601,-2.0368,-28.12,0.731,29.0,-26.54,26.0,-14.36,10.38,37977409.0,shrinking revenue,,32.0,,,,,,,,,,
XTND,Xtend AI Robotics Inc,Technology,Computer Hardware,,,-87.41,146.18,,,,-11.68,-50.99,3.45,-74.59,1.0,528370.0,0.82,4.46,Sep 02,9.5,90230000.0,LOW,,,,,,,,,,,,,,,,,,,,,low data confidence; incomplete signals,,,,,,,,,,,,
YEXT,Yext Inc,Technology,Software - Infrastructure,36.56,8.41,390.62,-1.76,-22.94,-9.17,6.67,57.78,17.03,1.14,-29.24,3.0,1150000.0,0.84,6.39,Sep 01/b,7.0,632470000.0,HIGH,10.96,1.57,0.97,16.27,0.1601,True,0.91,True,11.13,6.421,3.009,-2.5272,-17.77,0.997,12.0,-0.31,9.0,-0.77,6.48,7019109.0,shrinking revenue,,8.0,,,,,,,,,,
ZD,Ziff Davis Inc,Communication Services,Advertising Agencies,,10.23,-329.73,-18.59,-3.39,-3.54,16.1,29.14,40.81,1.11,1.9799999999999998,2.14,630210.0,1.55,59.21,Aug 06/a,63.67,2029999999.9999998,HIGH,5.6,2.91,1.48,10.91,0.0462,True,2.98,True,5.81,2.239,2.633,-1.1612,-1.22,1.071,1.0,2.01,26.0,12.56,57.35,28430021.0,shrinking revenue,,11.0,,,,,,,,,,
ZYME,Zymeworks BC Inc,Healthcare,Biotechnology,,19.85,-2162.88,-90.58,0.0,-2.55,6.86,11.99,10.29,1.17,-16.88,1.0,605760.0,0.91,26.05,Aug 06/a,41.75,1860000000.0,HIGH,6.08,-4.48,0.95,11.39,0.2182,False,-4.22,True,4.6,5.736,3.371,-3.7169,-14.33,1.077,10.0,-5.02,26.0,16.08,26.85,21049767.0,shrinking revenue,,55.5,,,,,,,,,,
