ticker,company,sector,industry,pe,fwd_pe,eps_qq,sales_qq,insider_trans,inst_trans,short_float,perf_quarter,perf_half,beta,pct_from_52w_high,recom,avg_volume,rel_volume,price,earnings,target_price,market_cap,data_confidence,momentum_20d,momentum_5d,volume_ratio,rs_vs_iwm,bb_width,above_sma20,pct_vs_sma20,above_sma50,pct_vs_sma50,atr_pct,last_range_pct,low_vol,near_high,vol_5_50,breakout_session,breakout_move_pct,earnings_sessions_ago,post_earnings_move_pct,latest_price,avg_dollar_volume,gate_fail,review_flag,target_upside,rank_low_vol,rank_near_high,rank_squeeze,rank_vol_5_50,rank_vol_ratio,rank_vs_sma50,mom_rank,composite_score,composite_legacy,composite_dedup
ELME,Elme Communities,Real Estate,REIT - Residential,,,-3942.650000000001,1.72,0.0,-5.33,2.75,20.0,-13.86,0.84,-45.28,3.0,995810.0,0.01,1.74,-,,154610000.0,HIGH,4.14,3.53,1.84,9.04,0.095,True,3.74,True,6.04,1.989,0.568,-1.6221,0.0,2.538,2.0,1.15,,,1.76,1862073.0,,,,0.8482587064676617,1.0,0.8781094527363185,0.9850746268656716,0.9732587064676617,0.8905472636815921,0.8768656716417911,0.9292,0.9062,0.9243
FCF,First Commonwealth Financial Corp,Financial,Banks - Regional,12.8,10.64,36.59,0.6,-6.87,1.21,3.91,1.8500000000000003,19.83,0.75,-6.41,1.83,844900.0,0.0,20.91,Jul 28/a,24.08,2110000000.0,HIGH,-3.66,-0.05,1.35,1.24,0.0729,False,-1.75,False,-2.7,1.859,1.216,-0.9025,-7.97,1.309,43.0,-5.43,47.0,-3.79,20.56,22711742.0,,,17.1,0.9825870646766169,0.9017412935323383,0.9490049751243781,0.845771144278607,0.8992537313432836,0.6853233830845771,0.7027363184079602,0.8773,0.8356,0.8532
LTC,LTC Properties Inc,Real Estate,REIT - Healthcare Facilities,15.74,23.24,74.05,63.83,1.24,9.9,5.29,11.59,15.310000000000002,0.55,-1.52,2.11,587180.0,0.0,42.94,Aug 05/a,45.25,2310000000.0,HIGH,4.34,-0.21,1.08,9.24,0.0498,True,0.63,True,4.18,2.032,2.116,-1.183,-1.38,1.152,12.0,-0.19,41.0,11.05,43.0,28590503.0,,,5.2,0.927860696517413,0.996268656716418,0.986318407960199,0.7450248756218906,0.7437810945273632,0.8526119402985075,0.8830845771144279,0.8753,0.8723,0.8173
INN,Summit Hotel Properties Inc,Real Estate,REIT - Hotel & Motel,,,319.38,3.16,0.0,-5.2,2.21,-18.81,32.26,1.27,-19.94,2.67,1090000.0,0.0,5.74,Aug 05/a,6.69,693120000.0,HIGH,3.97,3.44,1.66,8.87,0.0886,True,4.64,False,-1.23,2.563,1.329,-1.2272,-16.04,2.011,4.0,3.44,41.0,-9.88,6.02,6761198.0,,,11.1,0.917910447761194,0.7189054726368159,0.900497512437811,0.9701492537313433,0.9614427860696517,0.7431592039800995,0.8706467661691543,0.8687,0.9068,0.8982
AMN,AMN Healthcare Services Inc,Healthcare,Medical Care Facilities,12.81,36.64,117.61,2.29,-0.96,8.83,9.1,6.02,81.54,0.41,-7.76,2.44,727790.0,0.0,34.33,Aug 06/a,36.14,1330000000.0,HIGH,8.37,6.92,1.39,13.27,0.0994,True,6.22,True,7.02,2.853,1.884,-1.674,-1.59,1.102,1.0,2.15,40.0,18.93,36.63,22053317.0,,,-1.3,0.8333333333333334,0.9937810945273632,0.8631840796019901,0.6940298507462687,0.9135572139303483,0.904228855721393,0.9228855721393034,0.867,0.9022,0.8363
BLFS,Biolife Solutions Inc,Healthcare,Medical Instruments & Supplies,39.8,123.37,376.1,11.98,-41.96,-6.09,8.22,34.25,95.88,1.83,-1.03,3.0,1120000.0,0.0,38.49,Aug 06/a,30.86,1880000000.0,HIGH,5.82,-4.73,2.81,10.72,0.1604,True,1.05,True,5.0,2.865,3.083,-1.8176,-6.19,1.473,5.0,-3.09,40.0,9.93,37.3,37502720.0,,,-17.3,0.7935323383084577,0.9365671641791045,0.6803482587064676,0.900497512437811,0.9888059701492538,0.871268656716418,0.8942786069651741,0.8618,0.8585,0.8885
HOPE,Hope Bancorp Inc,Financial,Banks - Regional,13.97,9.24,218.18,17.81,-1.12,-0.12,5.52,2.39,27.229999999999997,0.85,-4.8,2.2,1030000.0,0.0,13.89,Jul 27/b,15.5,1770000000.0,HIGH,-3.18,0.29,1.44,1.72,0.0654,False,-0.92,False,-1.93,2.109,1.389,-1.0062,-6.24,1.05,36.0,-4.34,49.0,1.71,13.68,12743094.0,,,13.3,0.9639303482587065,0.9353233830845771,0.9614427860696517,0.6262437810945274,0.9272388059701493,0.7126865671641791,0.7189054726368159,0.8545,0.8542,0.8075
CVBF,CVB Financial Corp,Financial,Banks - Regional,15.58,11.33,-21.58,37.86,1.15,26.56,5.87,0.31,16.49,0.67,-3.7599999999999993,1.83,1380000.0,0.0,22.53,Jul 22/a,26.0,3970000000.0,HIGH,-1.5,0.41,1.1,3.4,0.0602,False,-0.36,False,-1.09,1.975,1.571,-1.1622,-4.83,1.153,35.0,-3.8,51.0,0.18,22.28,33675128.0,,,16.7,0.9328358208955224,0.9651741293532339,0.9689054726368159,0.7468905472636815,0.7630597014925373,0.7475124378109452,0.7736318407960199,0.8541,0.829,0.7976
PLX,Protalix BioTherapeutics Inc,Healthcare,Biotechnology,11.53,52.34,2190.0,27.07,0.0,-3.36,3.72,11.37,22.29,-0.08,-17.96,1.0,706720.0,0.02,2.62,Aug 12/b,11.0,210860000.0,HIGH,1.5,0.74,1.19,6.4,0.0771,False,-0.09,True,6.73,3.479,2.952,-2.3045,-4.91,1.341,9.0,-1.45,37.0,11.52,2.71,2149544.0,,,305.9,0.6430348258706468,0.9614427860696517,0.9378109452736318,0.8557213930348259,0.8246268656716418,0.9011194029850746,0.8308457711442786,0.854,0.8611,0.8061
CON,Concentra Group Holdings Parent Inc,Healthcare,Medical Care Facilities,23.01,19.02,45.65,10.03,-4.09,1.87,2.76,16.0,61.34,0.63,-4.63,1.0,979860.0,0.0,35.01,Aug 06/a,41.0,4460000000.0,HIGH,3.42,0.82,1.37,8.32,0.0716,True,1.81,True,4.43,2.759,3.59,-1.5091,-2.89,0.973,13.0,0.08,40.0,16.73,35.65,35495923.0,,,15.0,0.8681592039800995,0.9838308457711443,0.9514925373134329,0.49191542288557216,0.904228855721393,0.8594527363184079,0.8656716417910447,0.8432,0.903,0.7809
CCO,Clear Channel Outdoor Holdings Inc,Communication Services,Advertising Agencies,,190.94,-129.36,8.75,-17.07,7.15,8.17,-1.67,0.43,2.02,-3.2799999999999994,3.25,7760000.0,0.0,2.36,Aug 05/b,2.43,1200000000.0,HIGH,0.42,1.27,1.09,5.32,0.0269,True,0.7,True,0.34,1.136,0.837,-0.6371,-2.05,0.979,2.0,1.7,42.0,-1.24,2.39,11364187.0,,,1.7,0.9987562189054726,0.9875621890547264,0.9987562189054726,0.5006218905472637,0.7543532338308457,0.7823383084577115,0.8159203980099502,0.8371,0.8523,0.759
SMA,Smartstop Self Storage REIT Inc,Real Estate,REIT - Industrial,63.24,55.07,229.69,18.65,-0.02,2.29,9.52,-2.37,6.959999999999999,0.5,-17.03,1.82,745910.0,0.04,32.1,Aug 05/a,37.34,1900000000.0,HIGH,-0.21,4.2,1.08,4.69,0.0538,True,1.06,False,-2.13,2.433,2.584,-1.3877,-9.49,1.254,49.0,-6.42,41.0,-3.96,32.51,25063404.0,,,14.9,0.8893034825870647,0.8768656716417911,0.9819651741293532,0.8072139303482587,0.7437810945273632,0.7052238805970149,0.7997512437810945,0.8341,0.8376,0.7864
DRH,Diamondrock Hospitality Co,Real Estate,REIT - Hotel & Motel,17.31,18.75,137.81,4.11,-1.46,1.44,7.03,1.87,34.0,1.03,-9.43,2.07,2730000.0,0.0,12.49,Jul 30/a,13.96,2560000000.0,HIGH,4.06,-0.55,0.88,8.96,0.0561,True,2.09,True,0.41,2.131,3.262,-0.8108,-8.85,1.25,45.0,-2.63,45.0,-2.63,12.57,39083994.0,,,11.1,0.9875621890547264,0.888681592039801,0.9751243781094527,0.804726368159204,0.5242537313432836,0.7854477611940298,0.8743781094527363,0.8276,0.7996,0.7755
LPG,Dorian LPG Ltd,Energy,Oil & Gas Midstream,7.39,12.77,1263.72,123.11,-3.2099999999999995,3.81,5.76,61.529999999999994,74.96,0.68,-7.180000000000001,1.5,633450.0,0.13,55.67,Aug 05/b,54.12,2380000000.0,HIGH,3.64,5.24,1.23,8.54,0.1228,True,3.39,True,13.02,4.005,4.405,-2.1419,-4.6,1.101,15.0,3.68,42.0,32.89,57.21,35907172.0,,,-5.4,0.6927860696517413,0.9701492537313433,0.7835820895522388,0.6921641791044776,0.8470149253731343,0.945273631840796,0.8669154228855721,0.8218,0.8359,0.7943
CYRX,CryoPort Inc,Industrials,Integrated Freight & Logistics,,,24.23,7.739999999999999,-10.34,2.08,5.75,6.94,122.63,1.97,-3.17,1.22,627120.0,0.0,17.41,Aug 06/a,19.33,881800000.0,HIGH,10.25,0.29,1.09,15.15,0.2089,True,4.31,True,8.66,3.16,4.016,-1.4555,-3.49,1.366,10.0,2.41,40.0,18.49,17.43,10980099.0,,,10.9,0.8781094527363185,0.9813432835820896,0.5118159203980099,0.8681592039800995,0.7543532338308457,0.917910447761194,0.9291044776119403,0.8186,0.7515,0.8546
MQ,Marqeta Inc,Technology,Software - Infrastructure,172.27,33.51,1364.29,17.02,-0.57,-2.89,5.5,1.08,5.89,1.22,-24.15,2.8,1000000.0,0.0,16.9,Aug 04/a,20.11,1760000000.0,HIGH,-0.18,-2.01,1.16,4.72,0.1166,True,1.33,True,0.41,2.869,4.562,-1.7858,-11.45,1.429,4.0,-2.01,42.0,-0.66,16.55,14770129.0,,,21.5,0.8009950248756219,0.8333333333333334,0.7991293532338308,0.8855721393034826,0.8059701492537313,0.7854477611940298,0.8009950248756219,0.8184,0.8019,0.8195
RLJ,RLJ Lodging Trust,Real Estate,REIT - Hotel & Motel,1872.88,320.66,10.4,5.48,0.0,9.19,8.95,-6.67,47.73,1.14,-14.27,3.08,1860000.0,0.0,11.05,Aug 06/a,11.68,1690000000.0,HIGH,2.65,1.36,1.05,7.55,0.0482,True,2.29,False,-0.95,2.292,1.872,-1.1192,-12.96,1.113,1.0,1.63,40.0,0.81,11.22,18949691.0,,,4.1,0.9390547263681592,0.7972636815920398,0.9912935323383084,0.7089552238805971,0.7114427860696517,0.7512437810945274,0.8557213930348259,0.8165,0.8531,0.7777
FULT,Fulton Financial Corp,Financial,Banks - Regional,11.12,10.05,-1.58,7.580000000000001,-2.57,6.16,5.41,-3.85,17.99,0.8,-7.969999999999999,2.5,1760000.0,0.12,23.22,Jul 22/a,25.69,4430000000.0,HIGH,-5.35,-0.7,1.05,-0.45,0.0749,False,-1.89,False,-4.07,1.92,1.666,-0.9429,-9.59,1.166,,,51.0,-5.98,22.81,41753358.0,,,12.6,0.9738805970149254,0.871268656716418,0.9440298507462687,0.7574626865671642,0.7114427860696517,0.6281094527363185,0.6361940298507462,0.8144,0.7511,0.7677
PK,Park Hotels & Resorts Inc,Real Estate,REIT - Hotel & Motel,,27.72,1036.25,1.19,0.0,10.57,18.61,8.4,51.01,1.39,-2.78,2.47,4280000.0,0.1,15.75,Aug 06/a,15.97,3170000000.0,HIGH,1.77,-1.21,1.03,6.67,0.0538,True,1.69,True,1.86,2.415,1.513,-1.0553,-4.14,0.949,29.0,-1.58,40.0,8.22,15.53,48612722.0,,,2.8,0.9539800995024875,0.9776119402985075,0.9819651741293532,0.4539800995024876,0.6958955223880597,0.8121890547263682,0.835820895522388,0.8126,0.8377,0.729
FFIN,First Financial Bankshares Inc,Financial,Banks - Regional,17.19,14.94,7.61,8.43,-0.19,3.68,6.53,-6.61,11.07,0.83,-11.83,2.71,806390.0,0.0,32.2,Jul 16/a,36.57,4620000000.0,HIGH,-3.86,0.31,1.0,1.04,0.075,False,-1.43,False,-4.56,2.064,1.462,-0.9285,-11.97,1.32,,,55.0,-8.98,32.15,27796006.0,,,13.7,0.9776119402985075,0.822139303482587,0.9427860696517413,0.8482587064676617,0.6710199004975125,0.611318407960199,0.6990049751243781,0.8122,0.7637,0.7771
CFFN,Capitol Federal Financial,Financial,Banks - Regional,13.34,11.2,34.51,6.5,0.0,0.71,6.18,2.36,22.25,0.67,-6.260000000000001,2.33,873870.0,0.0,8.68,Jul 29/b,9.5,1090000000.0,HIGH,-3.27,1.42,0.94,1.63,0.088,False,-1.53,False,-1.75,2.198,1.399,-1.1404,-7.34,1.203,15.0,-2.72,47.0,-1.94,8.58,9084395.0,,,10.7,0.9340796019900498,0.9166666666666666,0.904228855721393,0.7885572139303483,0.611318407960199,0.7176616915422885,0.7151741293532339,0.8121,0.7407,0.7629
CURB,Curbline Properties Corp,Real Estate,REIT - Retail,104.71,117.12,-35.79,52.98,-15.61,17.65,12.97,-10.11,10.96,0.58,-11.48,1.44,1540000.0,0.0,28.46,Jul 28/b,34.31,3270000000.0,HIGH,-4.07,-0.28,1.37,0.83,0.0786,False,-1.52,False,-4.31,2.0,1.698,-1.0179,-12.07,1.049,53.0,-9.62,48.0,-10.37,28.27,44442167.0,,,21.4,0.9626865671641791,0.8208955223880597,0.9353233830845771,0.621268656716418,0.904228855721393,0.6181592039800995,0.6890547263681592,0.8104,0.8275,0.7766
NWBI,Northwest Bancshares Inc,Financial,Banks - Regional,14.68,10.58,38.52,18.31,0.14,1.7000000000000002,6.25,1.59,23.27,0.69,-5.26,2.75,1080000.0,0.0,15.31,Jul 27/a,16.57,2240000000.0,HIGH,-2.75,0.46,0.88,2.15,0.0603,False,-0.72,False,-1.72,1.956,1.251,-0.8803,-6.0,1.128,43.0,-4.35,48.0,-1.43,15.19,17592991.0,,,9.1,0.9850746268656716,0.9415422885572139,0.9670398009950248,0.7251243781094527,0.5242537313432836,0.7189054726368159,0.7276119402985075,0.8103,0.7384,0.7383
WKC,World Kinect Corp,Energy,Oil & Gas Refining & Marketing,,15.66,115.48,50.47999999999999,-9.61,5.75,19.99,19.32,71.63,1.23,-2.69,3.67,1180000.0,0.0,40.09,Jul 23/a,37.67,2050000000.0,HIGH,1.27,1.79,1.3,6.17,0.0336,True,0.77,False,-1.69,2.514,1.534,-0.9751,-12.99,0.957,8.0,0.03,50.0,-1.16,35.85,42338014.0,,,5.1,0.9689054726368159,0.7960199004975125,0.9975124378109452,0.4695273631840796,0.8837064676616916,0.7220149253731343,0.8246268656716418,0.8063,0.8942,0.761
FULC,Fulcrum Therapeutics Inc,Healthcare,Biotechnology,,,-24.16,,18.4,-8.6,9.76,-1.58,-46.11,2.62,-76.24,3.0,1670000.0,0.0,3.74,Aug 05,4.0,285350000.0,HIGH,-4.16,-0.81,1.1,0.74,0.0553,False,-2.21,False,-2.44,1.8,2.981,-0.6262,-6.35,0.951,32.0,-4.65,,,3.69,5293824.0,,,8.4,1.0,0.9334577114427861,0.9763681592039801,0.458955223880597,0.7630597014925373,0.6965174129353234,0.6859452736318408,0.8047,0.7962,0.7296
TOWN,Townebank Portsmouth VA,Financial,Banks - Regional,10.2,10.38,304.51,86.68,,2.3,2.9,0.0,11.04,0.73,-6.83,2.25,619350.0,0.0,36.36,Jul 23/b,40.0,3360000000.0,HIGH,-4.18,-0.17,1.07,0.72,0.0662,False,-1.72,False,-3.32,1.737,1.638,-0.7323,-7.69,1.026,49.0,-1.69,51.0,0.22,36.03,18911453.0,,,11.0,0.9912935323383084,0.9092039800995025,0.9601990049751243,0.5808457711442786,0.7319651741293532,0.654228855721393,0.6834577114427861,0.8046,0.781,0.7396
AVNT,Avient Corp,Basic Materials,Specialty Chemicals,22.34,11.69,22.25,5.83,0.0,2.46,4.54,8.89,13.94,1.29,-11.49,1.56,830430.0,0.0,41.28,Aug 06/b,50.75,3790000000.0,HIGH,-5.14,-0.05,1.28,-0.24,0.0745,False,-0.03,False,-1.6,2.497,2.599,-1.0436,-11.73,0.97,36.0,-9.18,41.0,8.57,41.17,28236673.0,,,23.3,0.9589552238805971,0.8258706467661692,0.9465174129353234,0.48756218905472637,0.8756218905472637,0.7276119402985075,0.6473880597014925,0.8037,0.8056,0.7624
WK,Workiva Inc,Technology,Software - Application,85.24,17.19,169.31,18.64,-0.15,-1.58,7.82,42.58,20.39,0.51,-28.300000000000004,1.38,865380.0,0.05,69.62,Aug 04/a,89.8,3790000000.0,HIGH,-6.95,4.46,2.87,-2.05,0.1608,False,-0.47,True,1.9,4.487,4.786,-2.774,-11.58,1.802,26.0,-4.39,42.0,16.29,71.23,80396961.0,,,26.1,0.5049751243781094,0.8296019900497512,0.677860696517413,0.9589552238805971,0.9906716417910447,0.8134328358208955,0.5715174129353234,0.7959,0.7292,0.817
EXPO,Exponent Inc,Industrials,Engineering & Construction,28.81,24.39,16.39,20.89,-4.31,-2.51,6.57,7.5,-0.45,0.69,-21.68,1.6,503590.0,0.07,64.18,Jul 30/a,84.0,3050000000.0,HIGH,-1.54,4.58,0.98,3.36,0.1003,True,0.59,False,-0.38,3.136,5.022,-2.2296,-6.42,1.47,26.0,-4.32,45.0,4.23,67.3,39766647.0,,,24.8,0.664179104477612,0.931592039800995,0.8582089552238806,0.8986318407960199,0.6511194029850746,0.763681592039801,0.7723880597014925,0.7946,0.7618,0.7444
KBR,KBR Inc,Industrials,Engineering & Construction,10.47,8.59,2.65,1.6399999999999997,1.55,5.86,7.41,2.94,-6.22,0.47,-28.190000000000005,2.22,1540000.0,0.0,34.7,Jul 30/b,44.17,4370000000.0,HIGH,-7.01,-1.72,1.25,-2.11,0.1049,False,-4.34,False,-6.91,3.112,4.293,-1.386,-12.09,1.291,30.0,-9.66,46.0,-0.38,34.24,54123923.0,,,29.0,0.8905472636815921,0.818407960199005,0.8426616915422885,0.8333333333333334,0.8600746268656716,0.5186567164179104,0.568407960199005,0.7939,0.7382,0.7757
NHP,National Healthcare Properties Inc,Real Estate,REIT - Healthcare Facilities,,503.08,62.96000000000001,2.58,0.0,53.95,8.74,11.53,,,-6.36,2.0,718500.0,0.0,16.35,Aug 05/a,18.94,316830000.0,HIGH,-0.68,-0.19,0.8,4.22,0.0384,False,-0.31,False,-0.72,3.05,3.48,-1.2688,-7.85,1.176,31.0,-4.68,41.0,0.37,16.09,12028806.0,,,17.7,0.9104477611940298,0.9067164179104478,0.996268656716418,0.7674129353233831,0.41044776119402987,0.7562189054726368,0.7873134328358209,0.7913,0.7369,0.7111
LAND,Gladstone Land Corp,Real Estate,REIT - Specialty,,,17.86,3.22,0.0,2.88,9.62,13.82,-0.71,1.1,-24.62,2.6,704860.0,0.01,9.8,Aug 11/a,9.33,422730000.0,HIGH,-2.75,2.03,0.92,2.15,0.048,True,0.44,True,6.73,2.529,3.138,-1.2252,-4.3,0.883,25.0,7.78,37.0,16.73,9.56,6053809.0,,,-2.4,0.9203980099502488,0.9738805970149254,0.9931592039800995,0.3687810945273632,0.5845771144278606,0.9011194029850746,0.7276119402985075,0.7903,0.7644,0.6937
CHH,Choice Hotels International Inc,Consumer Cyclical,Lodging,14.26,13.47,-19.15,3.36,-0.16,-4.86,24.41,-9.76,0.42,0.72,-18.4,3.17,567340.0,0.0,101.04,Aug 05/b,113.73,4550000000.0,HIGH,1.87,-0.49,1.13,6.77,0.0917,True,2.44,False,-2.07,2.831,3.161,-1.1777,-11.46,1.036,4.0,-0.49,42.0,-5.63,102.5,58509562.0,,,11.0,0.9291044776119403,0.832089552238806,0.8868159203980099,0.599502487562189,0.7817164179104478,0.7114427860696517,0.8407960199004975,0.7901,0.8369,0.7554
CLMT,Calumet Inc,Basic Materials,Specialty Chemicals,,24.71,35.75,40.77,-3.29,-0.0,6.48,52.33,70.24,0.78,-8.83,2.33,1280000.0,0.01,54.58,Aug 07/b,53.4,4800000000.0,HIGH,4.05,5.08,0.97,8.95,0.1558,False,-0.38,True,10.81,4.586,7.272,-1.918,-7.67,1.248,14.0,-2.25,40.0,40.02,55.28,87270370.0,,,-3.4,0.7562189054726368,0.9104477611940298,0.697139303482587,0.8034825870646766,0.638681592039801,0.9328358208955224,0.8731343283582089,0.7898,0.75,0.7828
PFS,Provident Financial Services Inc,Financial,Banks - Regional,9.53,8.81,8.65,4.33,-1.1,1.65,5.01,-3.38,9.18,0.82,-10.4,1.67,934630.0,0.0,22.84,Jul 29/a,27.58,2980000000.0,HIGH,-4.81,0.22,1.05,0.09,0.0779,False,-1.45,False,-4.59,1.879,1.329,-0.8842,-11.42,1.065,44.0,-8.51,46.0,-6.19,22.58,20583920.0,,,22.1,0.9838308457711443,0.8345771144278606,0.9365671641791045,0.654228855721393,0.7114427860696517,0.6094527363184079,0.6604477611940298,0.7883,0.7586,0.7397
AVPT,AvePoint Inc,Technology,Software - Infrastructure,40.69,25.93,957.63,22.03,-0.18,5.33,7.77,16.08,36.12,1.17,-17.52,1.57,2070000.0,0.29,12.85,Aug 06/a,16.8,2720000000.0,HIGH,4.77,2.93,0.89,9.67,0.1221,True,5.18,True,5.77,3.414,1.848,-2.5188,-2.19,1.67,3.0,3.68,40.0,10.01,14.07,29467329.0,,,19.4,0.5783582089552238,0.986318407960199,0.7873134328358209,0.9477611940298507,0.5385572139303483,0.8843283582089553,0.8868159203980099,0.7871,0.7525,0.7373
UE,Urban Edge Properties,Real Estate,REIT - Retail,37.24,39.16,-69.32,7.62,-60.09,-1.96,2.94,-14.96,-1.34,1.0,-17.46,2.2,847540.0,0.0,19.9,Aug 06/a,24.2,2650000000.0,HIGH,-6.1,-1.05,1.13,-1.2,0.0909,False,-2.23,False,-7.18,1.7,1.371,-0.718,-17.64,1.361,55.0,-16.63,40.0,-8.54,19.7,17333209.0,,,22.8,0.9950248756218906,0.6616915422885572,0.8930348258706468,0.8669154228855721,0.7817164179104478,0.5124378109452736,0.6082089552238806,0.7851,0.7457,0.789
PFLT,PennantPark Floating Rate Capital Ltd,Financial,Asset Management,13.8,6.59,-60.72,112.49,0.66,,4.01,-6.419999999999999,-9.41,0.79,-28.18,1.57,995710.0,0.03,6.99,Aug 10/a,9.75,693530000.0,HIGH,-7.44,-1.58,1.27,-2.54,0.0721,False,-3.17,False,-5.08,2.151,3.216,-1.2981,-10.47,0.993,36.0,-8.56,38.0,-7.57,6.84,5226790.0,,,42.5,0.9079601990049752,0.8544776119402985,0.9502487562189055,0.5261194029850746,0.871268656716418,0.5920398009950248,0.5609452736318408,0.7837,0.7708,0.7243
EBC,Eastern Bankshares Inc,Financial,Banks - Regional,12.13,10.04,-4.73,26.36,-0.62,11.27,7.97,-3.04,12.57,0.7,-9.99,1.5,2470000.0,0.0,21.4,Jul 23/a,25.13,4890000000.0,HIGH,-3.48,1.59,1.08,1.42,0.0611,False,-0.09,False,-3.82,1.93,1.421,-0.9487,-9.72,0.983,35.0,-8.74,50.0,-5.11,21.47,53696100.0,,,17.0,0.972636815920398,0.8669154228855721,0.9639303482587065,0.5080845771144279,0.7437810945273632,0.6380597014925373,0.707089552238806,0.7822,0.7951,0.7156
WTTR,Select Water Solutions Inc,Energy,Oil & Gas Equipment & Services,76.88,26.9,61.95,8.67,-37.58,3.46,5.28,4.69,31.65,1.0,-8.87,1.17,1820000.0,0.0,20.55,Aug 04/a,24.5,2650000000.0,HIGH,-0.55,-1.14,1.19,4.35,0.0894,False,-1.08,False,-0.02,4.465,3.058,-2.311,-11.53,1.112,42.0,7.84,42.0,7.84,19.95,37920319.0,,,22.8,0.6405472636815921,0.8308457711442786,0.8980099502487562,0.707089552238806,0.8246268656716418,0.7736318407960199,0.7910447761194029,0.7791,0.8332,0.7365
BBDC,Barings BDC Inc,Financial,Asset Management,10.36,8.52,-10.39,43.22,1.56,,2.4,2.14,7.629999999999999,0.71,-9.81,1.83,666480.0,0.03,8.6,Aug 05/a,9.96,900480000.0,HIGH,-4.32,-0.12,1.29,0.58,0.0474,False,-1.29,False,-3.22,1.904,2.317,-1.0634,-9.54,0.842,29.0,-7.6,41.0,2.49,8.63,4677846.0,,,15.4,0.9514925373134329,0.8737562189054726,0.9950248756218906,0.30161691542288555,0.878731343283582,0.6610696517412935,0.6766169154228856,0.7769,0.8328,0.6982
TFSL,TFS Financial Corp,Financial,Banks - Regional,46.02,42.54,44.18,5.9,-3.82,0.05,2.87,-5.36,21.9,0.72,-14.88,3.0,841380.0,0.0,16.59,Jul 30/a,19.0,4650000000.0,HIGH,-4.27,2.25,1.4,0.63,0.0821,False,-0.01,False,-3.32,1.894,1.605,-1.1156,-13.7,0.941,43.0,-8.79,45.0,-6.81,16.82,12341527.0,,,13.0,0.9415422885572139,0.7798507462686567,0.9210199004975125,0.44340796019900497,0.9166666666666666,0.654228855721393,0.6791044776119403,0.7761,0.8229,0.739
SBCF,Seacoast Banking Corp Of Florida,Financial,Banks - Regional,21.02,11.92,9.83,30.010000000000005,-3.07,2.3,5.46,-1.26,10.32,0.91,-8.93,2.5,990710.0,0.0,33.03,Jul 28/a,37.04,3200000000.0,HIGH,-5.55,0.4,1.03,-0.65,0.1011,False,-1.95,False,-4.19,2.109,1.224,-1.0818,-9.9,1.063,37.0,-7.61,47.0,-2.88,32.68,28308740.0,,,13.3,0.9502487562189055,0.8644278606965174,0.8557213930348259,0.6492537313432836,0.6958955223880597,0.6256218905472637,0.6281094527363185,0.7735,0.7167,0.7303
CHEF,Chefs' Warehouse Inc,Consumer Defensive,Food Distribution,51.92,35.7,55.46,12.920000000000002,-6.52,-1.21,12.6,14.6,83.47,1.44,-7.180000000000001,1.25,648340.0,0.04,109.2,Jul 29/b,122.0,4450000000.0,HIGH,1.8,4.17,1.0,6.7,0.0797,True,5.09,True,5.76,3.33,3.814,-2.1843,-1.76,0.962,1.0,3.43,47.0,16.21,116.42,70284017.0,,,4.8,0.6834577114427861,0.9912935323383084,0.931592039800995,0.47823383084577115,0.6710199004975125,0.8824626865671642,0.8376865671641791,0.773,0.8159,0.6788
SHO,Sunstone Hotel Investors Inc,Real Estate,REIT - Hotel & Motel,49.87,49.26,304.06,6.67,-3.1300000000000003,0.0,8.49,-6.12,20.97,1.02,-7.290000000000001,2.5,2510000.0,0.0,11.19,Aug 06/b,11.88,2080000000.0,HIGH,2.98,0.8,0.93,7.88,0.0507,True,2.62,True,1.65,1.587,1.58,-0.6913,-4.69,0.827,2.0,1.61,41.0,0.89,11.39,21645962.0,,,4.3,0.996268656716418,0.9664179104477612,0.9850746268656716,0.27860696517412936,0.5963930348258707,0.8084577114427861,0.8594527363184079,0.7719,0.8182,0.6699
SIBN,SI-BONE Inc,Healthcare,Medical Devices,,,36.09,15.18,-8.89,6.7299999999999995,13.9,10.19,51.34000000000001,0.66,-15.03,1.0,586320.0,0.0,18.6,Aug 03/a,25.0,833630000.0,HIGH,-2.27,-3.62,0.96,2.63,0.0582,False,-2.35,False,-3.01,3.421,4.701,-1.4287,-10.94,1.05,30.0,-7.19,43.0,-1.95,18.08,10556111.0,,,38.3,0.8843283582089553,0.8463930348258707,0.972636815920398,0.6262437810945274,0.6293532338308457,0.6703980099502488,0.7425373134328358,0.7716,0.7776,0.7026
GO,Grocery Outlet Holding Corp,Consumer Defensive,Grocery Stores,,16.7,11.9,1.1,1.87,-2.68,23.29,14.92,57.989999999999995,0.66,-34.26,3.19,2430000.0,0.04,11.17,Aug 12/a,10.75,1110000000.0,HIGH,-6.14,4.68,1.08,-1.24,0.1159,True,1.84,True,5.76,4.137,5.852,-2.5601,-8.29,1.145,21.0,-3.25,36.0,14.26,11.62,26742497.0,,,-7.5,0.5609452736318408,0.8967661691542289,0.8034825870646767,0.7388059701492538,0.7437810945273632,0.8824626865671642,0.6057213930348259,0.771,0.7065,0.7315
SKT,Tanger Inc,Real Estate,REIT - Retail,31.82,31.12,8.9,11.15,-0.52,1.05,6.1,-13.22,2.93,1.09,-18.33,2.73,923540.0,0.0,34.73,Aug 04/a,41.0,3990000000.0,HIGH,-5.95,0.98,1.38,-1.05,0.1003,False,-1.61,False,-7.08,1.776,1.937,-0.8084,-17.45,1.081,48.0,-16.0,42.0,-13.42,35.11,33083199.0,,,16.8,0.9888059701492538,0.6691542288557214,0.8582089552238806,0.667910447761194,0.9092039800995025,0.5149253731343284,0.6181592039800995,0.768,0.7775,0.7702
PSEC,Prospect Capital Corp,Financial,Asset Management,123.43,6.17,85.04,208.67,4.5,,4.69,-6.9,-13.25,0.8,-30.879999999999995,5.0,4350000.0,0.28,2.16,Aug 20/a,2.0,1150000000.0,HIGH,-10.31,-6.1,1.24,-5.41,0.1149,False,-7.75,False,-9.76,2.75,4.0,-1.4794,-15.61,1.532,36.0,-12.66,30.0,-12.28,2.0,10400945.0,,,0.0,0.8768656716417911,0.7282338308457711,0.8059701492537313,0.9191542288557214,0.8526119402985075,0.4191542288557214,0.48756218905472637,0.767,0.6926,0.7669
SBH,Sally Beauty Holdings Inc,Consumer Cyclical,Specialty Retail,8.93,7.67,24.72,0.2299999999999999,-3.2300000000000004,0.61,21.55,18.81,24.4,1.03,-4.13,2.4,1330000.0,0.0,17.18,Aug 03/b,17.0,1610000000.0,HIGH,-2.75,-4.02,1.04,2.15,0.1139,False,-0.39,True,0.02,3.541,2.956,-2.0374,-6.07,1.065,7.0,-3.04,44.0,8.48,16.24,21700131.0,,,4.7,0.7189054726368159,0.9402985074626866,0.8103233830845771,0.654228855721393,0.7027363184079602,0.7748756218905473,0.7276119402985075,0.7669,0.745,0.7127
FHB,First Hawaiian INC,Financial,Banks - Regional,10.96,10.05,3.04,0.71,0.0,4.11,9.77,-14.550000000000002,2.68,0.75,-17.43,3.45,2270000.0,0.0,25.25,Jul 24/b,30.78,3070000000.0,HIGH,-3.11,1.2,1.12,1.79,0.0676,False,-0.57,False,-4.26,1.783,1.603,-0.9167,-16.56,1.013,,,50.0,-10.14,25.26,54764633.0,,,21.9,0.9800995024875622,0.7021144278606966,0.9564676616915423,0.5615671641791045,0.7761194029850746,0.621268656716418,0.7201492537313433,0.7663,0.8078,0.7348
MFIC,MidCap Financial Investment Corp,Financial,Asset Management,,7.12,-209.22,6.860000000000001,0.0,,3.44,-11.74,-17.71,0.67,-28.97,2.5,533670.0,0.01,8.88,Aug 06/b,10.41,731360000.0,HIGH,-10.4,-1.6,1.17,-5.5,0.0983,False,-4.22,False,-8.46,2.121,2.088,-1.2984,-14.14,1.17,,,41.0,-9.07,8.62,5233714.0,,,20.8,0.9067164179104478,0.7674129353233831,0.8656716417910448,0.7605721393034826,0.8140547263681592,0.47512437810945274,0.48258706467661694,0.7649,0.697,0.7391
KODK,Eastman Kodak Co,Industrials,Specialty Business Services,,12.45,135.29,18.25,0.01,4.34,10.06,2.97,2.64,1.58,-34.7,,866870.0,0.07,9.71,Aug 04/a,12.0,950610000.0,HIGH,5.6,2.29,1.1,10.5,0.1116,True,3.61,True,4.72,2.993,3.67,-1.927,-4.85,0.924,2.0,2.62,42.0,9.85,9.81,7460241.0,,,22.3,0.7512437810945274,0.9639303482587065,0.8159203980099503,0.4216417910447761,0.7630597014925373,0.8644278606965174,0.8930348258706468,0.7634,0.8309,0.7001
EFC,Ellington Financial Inc,Real Estate,REIT - Mortgage,7.61,6.32,-2.15,31.72,0.0,1.29,6.18,-8.63,8.14,0.95,-11.54,1.57,1240000.0,0.03,12.49,Aug 06/a,14.86,1610000000.0,HIGH,-13.96,-5.0,1.51,-9.06,0.1641,False,-7.67,False,-11.59,2.151,3.451,-1.0278,-16.26,1.668,32.0,-14.84,40.0,-11.8,11.59,19511143.0,,,28.2,0.9601990049751243,0.7120646766169154,0.6691542288557214,0.9465174129353234,0.9371890547263682,0.35199004975124376,0.35509950248756217,0.7629,0.6239,0.799
IRT,Independence Realty Trust Inc,Real Estate,REIT - Residential,79.84,79.78,-58.14,3.12,-0.16,0.65,6.72,-12.98,-1.02,0.96,-17.88,1.62,3050000.0,0.0,14.61,Aug 03/a,19.27,3530000000.0,HIGH,-9.82,-1.29,1.2,-4.92,0.1194,False,-3.02,False,-9.22,1.905,1.861,-1.2608,-16.37,1.461,40.0,-14.55,43.0,-13.42,14.51,65988768.0,,,32.8,0.9129353233830846,0.7064676616915423,0.7935323383084577,0.8942786069651741,0.8308457711442786,0.43407960199004975,0.5012437810945274,0.762,0.6878,0.768
TCPC,BlackRock TCP Capital Corp,Financial,Asset Management,,9.91,111.12,270.36,0.0,,5.82,20.6,17.44,1.05,-36.38,3.5,743110.0,0.02,4.04,Aug 06/b,4.33,338970000.0,HIGH,-2.21,0.0,0.73,2.69,0.0513,False,-1.0,True,1.71,2.979,2.261,-1.662,-6.35,1.104,36.0,-0.5,41.0,13.71,3.98,3148532.0,,,8.8,0.8370646766169154,0.9334577114427861,0.9838308457711443,0.695273631840796,0.30783582089552236,0.8109452736318408,0.7487562189054726,0.7614,0.687,0.6628
OPLN,Openlane Inc,Consumer Cyclical,Auto & Truck Dealerships,,20.12,108.57999999999998,15.130000000000004,-45.65,6.4,2.29,-18.83,29.83,1.27,-18.83,1.67,1240000.0,0.0,34.82,Aug 04/b,46.22,4280000000.000001,HIGH,0.2,2.45,0.99,5.1,0.0495,True,2.04,False,-1.04,2.185,1.604,-1.3248,-16.77,1.014,1.0,1.89,43.0,-11.29,35.53,39744100.0,,,30.1,0.9029850746268657,0.695273631840796,0.9875621890547264,0.5640547263681592,0.6629353233830846,0.7487562189054726,0.8084577114427861,0.7603,0.8185,0.7197
FBP,First Bancorp PR,Financial,Banks - Regional,11.41,10.62,25.64,4.7,-1.42,-2.79,4.92,2.66,27.76,0.83,-9.44,1.57,1410000.0,0.0,27.06,Oct 22/b,31.71,4130000000.0,HIGH,-5.16,1.05,0.91,-0.26,0.0931,False,-1.11,False,-4.01,1.976,1.257,-1.0542,-9.5,1.061,36.0,-7.43,,,27.04,40316960.0,,,17.3,0.9564676616915423,0.8756218905472637,0.8824626865671642,0.6424129353233831,0.5708955223880597,0.6305970149253731,0.6449004975124378,0.7597,0.694,0.7001
MD,Pediatrix Medical Group Inc,Healthcare,Medical Care Facilities,12.64,10.78,6.619999999999999,4.04,-2.73,0.52,5.91,6.6000000000000005,25.41,0.61,-5.83,2.71,788810.0,0.0,26.31,Aug 04/b,26.33,2140000000.0,HIGH,-3.92,0.15,0.81,0.98,0.0788,False,-1.09,False,-1.53,3.13,2.387,-1.3927,-5.77,1.057,18.0,-3.6,43.0,5.1,25.97,19939372.0,,,1.4,0.8868159203980099,0.9446517412935324,0.9340796019900497,0.6337064676616916,0.4210199004975124,0.7313432835820896,0.6940298507462687,0.7586,0.6841,0.6682
XMAX,XMax Inc,Consumer Cyclical,"Furnishings, Fixtures & Appliances",20.06,,2619.43,7.06,,19.39,14.92,-2.79,21.51,1.23,-7.449999999999999,,847090.0,0.03,8.7,-,,564420000.0,HIGH,-0.46,-1.94,0.73,4.44,0.055,False,-1.0,False,-2.31,1.879,1.863,-1.2145,-8.62,1.153,39.0,-5.5,,,8.59,5176553.0,,,,0.9228855721393034,0.8930348258706468,0.9788557213930348,0.7468905472636815,0.30783582089552236,0.7002487562189055,0.7972636815920398,0.7583,0.7049,0.6695
AVO,Mission Produce Inc,Consumer Defensive,Food Distribution,383.09,16.85,-137.94,25.8,9.71,18.34,9.68,7.180000000000001,-3.38,0.44,-15.39,1.0,903340.0,0.0,13.14,Sep 08/a,16.5,1150000000.0,HIGH,1.03,-2.21,0.83,5.93,0.0836,False,-0.47,False,-0.39,3.312,1.405,-1.8497,-9.92,1.181,18.0,-0.47,18.0,-0.47,12.81,12364171.0,,,28.8,0.7786069651741293,0.8631840796019901,0.9148009950248757,0.7686567164179104,0.44713930348258707,0.7618159203980099,0.8208955223880597,0.7557,0.7369,0.6891
PUBM,PubMatic Inc,Technology,Software - Application,,123.63,76.36,10.55,-11.14,4.17,6.62,44.45,130.52,1.57,-1.6200000000000003,1.5,677130.0,0.0,18.88,Aug 06/a,20.92,859970000.0,HIGH,11.64,0.05,1.2,16.54,0.2273,True,5.08,True,12.32,4.165,6.026,-2.2181,-5.44,1.105,2.0,-1.66,40.0,36.65,18.42,12902986.0,,,13.6,0.6666666666666666,0.9502487562189055,0.43905472636815923,0.697139303482587,0.8308457711442786,0.9427860696517413,0.9340796019900498,0.7545,0.7546,0.7844
NTCT,Netscout Systems Inc,Technology,Software - Infrastructure,24.05,13.62,670.57,12.68,-1.14,2.51,5.34,-5.17,20.98,0.69,-12.9,2.0,624410.0,0.0,39.44,Aug 06/b,47.67,2870000000.0,HIGH,10.05,3.93,0.81,14.95,0.115,True,5.75,True,5.0,2.53,1.807,-1.4364,-9.54,1.079,3.0,5.03,41.0,2.07,40.96,25445794.0,,,16.4,0.8830845771144279,0.8737562189054726,0.804726368159204,0.6660447761194029,0.4210199004975124,0.871268656716418,0.927860696517413,0.7533,0.7389,0.7104
FLYW,Flywire Corp,Technology,Software - Infrastructure,65.93,24.7,32.39,27.18,-14.38,9.34,10.39,-1.25,52.99,1.35,-11.91,1.87,1870000.0,0.0,17.38,Aug 04/a,21.29,2110000000.0,HIGH,-5.23,1.62,0.88,-0.33,0.0893,False,-0.0,False,-1.25,2.949,2.162,-1.3449,-10.9,1.037,30.0,-6.24,42.0,1.85,17.58,25322444.0,,,21.1,0.900497512437811,0.8482587064676617,0.8992537313432836,0.6019900497512438,0.5242537313432836,0.7412935323383084,0.6417910447761194,0.7526,0.6838,0.692
HTGC,Hercules Capital Inc,Financial,Asset Management,8.57,8.75,49.93,96.41,1.19,,5.12,7.93,23.94,0.77,-9.82,1.22,1500000.0,0.03,17.07,Jul 30/a,19.5,3190000000.0,HIGH,-5.05,-1.01,0.97,-0.15,0.0803,False,-3.05,False,-1.86,1.941,2.27,-0.9525,-6.64,0.862,12.0,-4.72,45.0,5.02,16.74,21892112.0,,,16.5,0.9701492537313433,0.9266169154228856,0.927860696517413,0.3314676616915423,0.638681592039801,0.7139303482587065,0.6529850746268657,0.7515,0.7312,0.6636
LILAK,Liberty Latin America Ltd,Communication Services,Telecom Services,,36.82,93.94,1.46,6.41,,5.53,20.08,49.01,0.62,-4.77,2.67,1470000.0,0.0,8.49,Aug 05/a,9.14,1660000000.0,HIGH,0.59,1.31,0.9,5.49,0.0836,False,-0.74,True,0.87,3.311,3.471,-1.942,-4.66,0.986,16.0,-2.07,41.0,2.91,8.5,11719254.0,,,7.5,0.7487562189054726,0.9676616915422885,0.9148009950248757,0.5155472636815921,0.5522388059701493,0.7997512437810945,0.8171641791044776,0.7498,0.767,0.6541
MAN,ManpowerGroup,Industrials,Staffing & Employment Services,25.74,11.71,178.22,7.539999999999999,0.0,7.32,9.92,58.91,100.84,0.66,-10.64,2.54,1210000.0,0.04,57.08,Jul 16/b,57.33,2650000000.0,HIGH,-12.62,-5.02,1.3,-7.72,0.1023,False,-5.37,False,-5.99,4.193,6.555,-2.1965,-15.22,1.199,26.0,-12.59,56.0,38.8,54.16,49939879.0,,,5.9,0.677860696517413,0.7381840796019901,0.8532338308457712,0.7842039800995025,0.8837064676616916,0.5534825870646766,0.4054726368159204,0.7484,0.6833,0.7248
ATMU,Atmus Filtration Technologies Inc,Consumer Cyclical,Auto Parts,17.1,13.64,7.980000000000001,16.41,-4.84,3.97,3.82,-17.0,-24.46,1.18,-32.77,1.67,710920.0,0.0,44.71,Aug 07/b,65.2,3650000000.0,HIGH,-5.46,3.77,1.12,-0.56,0.1085,True,1.54,False,-5.44,2.663,2.418,-1.5024,-18.03,1.193,43.0,-15.18,40.0,-10.69,45.7,35069038.0,,,42.7,0.8694029850746269,0.654228855721393,0.8296019900497512,0.7761194029850746,0.7761194029850746,0.5733830845771144,0.6293532338308457,0.7465,0.7335,0.7488
PRDO,Perdoceo Education Corp,Consumer Defensive,Education & Training Services,11.08,9.8,22.43,1.8000000000000005,-7.13,2.04,6.67,-8.52,-19.53,0.71,-20.81,1.0,720090.0,0.0,30.49,Aug 06/a,44.0,1910000000.0,HIGH,-3.89,6.33,0.96,1.01,0.1345,False,-0.56,False,-1.57,3.346,3.04,-1.6328,-13.94,1.143,,,40.0,-1.66,31.91,23218093.0,,,37.9,0.8407960199004975,0.7736318407960199,0.7599502487562189,0.7369402985074627,0.6293532338308457,0.7288557213930348,0.6958955223880597,0.7449,0.6951,0.734
REYN,Reynolds Consumer Products Inc,Consumer Cyclical,Packaging & Containers,13.17,12.82,21.0,0.64,0.0,5.25,11.82,-20.61,3.06,0.53,-21.19,2.62,1380000.0,0.01,21.53,Jul 29/b,27.14,4540000000.0,HIGH,2.15,1.09,1.06,7.05,0.0551,True,1.66,False,-6.66,2.406,2.531,-1.3068,-17.15,1.062,42.0,-15.17,47.0,-13.15,22.32,35021130.0,,,21.6,0.904228855721393,0.677860696517413,0.9776119402985075,0.6455223880597015,0.722636815920398,0.529228855721393,0.8470149253731343,0.7428,0.8489,0.7004
CALX,Calix Inc,Technology,Software - Infrastructure,44.1,14.39,8525.81,21.27,-1.6399999999999997,0.07,9.8,-6.83,-35.05,1.31,-53.47,1.22,1140000.0,0.0,33.14,Jul 20/a,62.33,2090000000.0,HIGH,-3.2,4.88,0.98,1.7,0.0958,True,0.28,False,-5.52,3.117,4.424,-1.6876,-15.63,1.255,32.0,-11.11,53.0,-7.1,34.81,40645662.0,,,79.1,0.8271144278606966,0.7251243781094527,0.8756218905472637,0.8103233830845771,0.6511194029850746,0.5671641791044776,0.7176616915422885,0.7427,0.7451,0.7139
WWW,Wolverine World Wide Inc,Consumer Cyclical,Footwear & Accessories,15.52,10.81,16.06,6.79,-4.08,0.29,7.35,22.4,26.74,1.7,-30.260000000000005,2.0,801370.0,0.01,20.0,Aug 13/b,24.3,1640000000.0,HIGH,-7.51,0.37,1.27,-2.61,0.0895,False,-1.18,False,-2.21,3.248,2.135,-2.442,-10.57,0.991,35.0,-3.42,36.0,6.31,19.2,14292441.0,,,26.6,0.6044776119402985,0.8532338308457711,0.8967661691542288,0.5223880597014925,0.871268656716418,0.7027363184079602,0.5590796019900498,0.7418,0.754,0.6752
GSBD,Goldman Sachs BDC Inc,Financial,Asset Management,18.62,8.14,-37.23,977.63,37.32,,5.73,-0.84,7.1,0.67,-11.06,3.6,911460.0,0.01,9.6,Aug 06/a,9.19,1080000000.0,HIGH,-9.12,-4.12,1.04,-4.22,0.1038,False,-5.41,False,-5.16,2.406,2.536,-1.5581,-12.58,1.059,24.0,-10.46,40.0,-0.22,9.07,7995145.0,,,1.3,0.8594527363184079,0.8084577114427861,0.847636815920398,0.6393034825870647,0.7027363184079602,0.5870646766169154,0.5223880597014925,0.7408,0.6741,0.6971
VSTM,Verastem Inc,Healthcare,Biotechnology,,,44.57,1775.43,-0.31,14.249999999999998,22.05,103.66,54.37,0.4,-28.1,1.0,2410000.0,0.01,7.78,Aug 06/a,14.67,704580000.0,HIGH,-6.1,-0.9,1.71,-1.2,0.16,False,-1.12,True,7.41,5.937,6.494,-3.1549,-10.98,1.052,9.0,-3.63,40.0,30.29,7.7,18609926.0,,,90.5,0.40049751243781095,0.8432835820895522,0.683457711442786,0.6305970149253731,0.9639303482587065,0.9104477611940298,0.6082089552238806,0.7387,0.7375,0.7264
UMH,UMH Properties Inc,Real Estate,REIT - Residential,123.0,93.33,72.58,7.5,0.03,-2.71,5.35,-0.26,7.62,0.97,-8.17,1.5,671200.0,0.0,15.4,Aug 05/a,18.93,1310000000.0,HIGH,-3.39,-0.9,0.82,1.51,0.0486,False,-1.13,False,-2.79,1.687,1.363,-0.9396,-8.11,0.948,27.0,-6.94,41.0,1.38,15.41,10289716.0,,,22.8,0.9763681592039801,0.8992537313432836,0.9888059701492538,0.45149253731343286,0.4322139303482587,0.681592039800995,0.7114427860696517,0.7383,0.7109,0.6354
LADR,Ladder Capital Corp,Real Estate,REIT - Mortgage,21.94,8.14,-15.15,15.509999999999998,-0.22,5.24,5.42,-10.77,-5.79,0.99,-20.64,1.29,1190000.0,0.02,9.11,Jul 23/b,12.0,1160000000.0,HIGH,-12.31,-4.12,1.31,-7.41,0.1629,False,-7.59,False,-10.38,2.179,3.132,-1.0928,-18.6,1.443,32.0,-13.02,51.0,-9.64,8.62,13553841.0,,,39.2,0.9490049751243781,0.6343283582089553,0.6703980099502487,0.8905472636815921,0.8880597014925373,0.39241293532338306,0.4154228855721393,0.7375,0.6337,0.78
STGW,Stagwell Inc,Communication Services,Advertising Agencies,140.0,6.72,-63.36999999999999,11.53,-1.5700000000000005,-0.08,8.66,18.68,35.86,1.3,-13.51,1.5,1380000.0,0.0,8.26,Jul 30/b,9.86,2020000000.0,HIGH,-4.68,1.7,1.32,0.22,0.0968,False,-0.9,False,-2.82,3.349,2.871,-1.9083,-12.46,0.914,38.0,-8.03,46.0,3.47,8.36,10551547.0,,,17.9,0.7599502487562189,0.8103233830845771,0.8700248756218906,0.4110696517412935,0.8917910447761194,0.6803482587064676,0.6648009950248757,0.7373,0.7945,0.6858
XHR,Xenia Hotels & Resorts Inc,Real Estate,REIT - Hotel & Motel,,25.24,-137.67,2.75,-17.71,-1.81,3.54,-12.689999999999998,20.25,1.2,-17.63,2.17,789940.0,0.0,18.17,Jul 30/b,21.12,1680000000.0,HIGH,1.28,-1.19,0.87,6.18,0.0605,True,1.86,False,-3.96,2.35,1.923,-0.8179,-17.5,1.079,50.0,-13.46,46.0,-9.36,18.2,16936851.0,,,16.0,0.986318407960199,0.6648009950248757,0.9651741293532339,0.6660447761194029,0.5049751243781094,0.6330845771144279,0.8258706467661692,0.7367,0.7714,0.6976
IVT,InvenTrust Properties Corp,Real Estate,REIT - Retail,157.21,,-98.58,12.52,0.0,12.55,6.51,-15.78,0.3,0.86,-17.97,1.75,661930.0,0.0,30.53,Aug 03/a,37.29,2380000000.0,HIGH,-6.83,-1.04,0.88,-1.93,0.1028,False,-2.23,False,-6.84,1.822,1.809,-0.6835,-18.32,1.39,55.0,-17.19,43.0,-10.8,30.4,22030581.0,,,22.7,0.9975124378109452,0.6461442786069652,0.8519900497512438,0.8756218905472637,0.5242537313432836,0.5217661691542289,0.5764925373134329,0.7362,0.6435,0.7298
VIR,Vir Biotechnology Inc,Healthcare,Biotechnology,,,159.17,19582.54,-0.34,5.31,14.66,2.5,26.67,1.6,-10.89,1.1,1900000.0,0.0,10.64,Aug 05/a,20.78,1800000000.0,HIGH,-1.89,6.28,1.06,3.01,0.1181,True,2.73,True,10.2,5.233,6.983,-2.7897,-6.45,0.997,23.0,2.1,41.0,27.44,11.17,22383053.0,,,86.0,0.5,0.9303482587064676,0.7960199004975125,0.5329601990049752,0.722636815920398,0.927860696517413,0.7587064676616916,0.735,0.7591,0.6709
TRIN,Trinity Capital Inc,Financial,Asset Management,10.11,8.38,-21.87,41.41,0.06,,6.6,-0.39,23.58,0.67,-6.54,1.67,1010000.0,0.01,17.66,Aug 05/b,18.5,1670000000.0,HIGH,-3.46,0.51,0.92,1.44,0.048,False,-0.93,False,-2.08,1.913,1.791,-1.1095,-6.91,0.81,29.0,-4.14,42.0,2.03,17.59,15957794.0,,,5.2,0.945273631840796,0.9216417910447762,0.9931592039800995,0.2524875621890547,0.5845771144278606,0.7089552238805971,0.7095771144278606,0.7343,0.7572,0.6228
SNDA,Sonida Senior Living Inc,Healthcare,Medical Care Facilities,,,-218.14,122.02,-24.73,27.449999999999996,7.51,0.33,25.75,0.74,-10.33,1.5,533160.0,0.0,39.8,Aug 10/b,49.5,1910000000.0,HIGH,0.03,0.24,1.25,4.93,0.092,False,-1.97,False,-3.91,2.755,3.183,-1.1111,-15.07,0.86,49.0,-9.57,39.0,-6.45,37.7,16414111.0,,,31.3,0.9440298507462687,0.7450248756218906,0.8855721393034826,0.3289800995024876,0.8600746268656716,0.6355721393034826,0.8034825870646766,0.7332,0.8451,0.6922
FFBC,First Financial Bancorp,Financial,Banks - Regional,11.45,9.47,-0.34,12.98,-4.74,1.06,5.9,-4.09,16.97,0.94,-10.61,2.0,992050.0,0.0,32.4,Jul 21/a,37.86,3400000000.0,HIGH,-3.37,-0.16,0.85,1.53,0.0667,False,-0.55,False,-3.16,2.066,1.443,-1.1242,-12.08,0.999,,,52.0,-6.15,31.87,30485434.0,,,18.8,0.9378109452736318,0.8196517412935324,0.9583333333333334,0.5379353233830846,0.48258706467661694,0.6629353233830846,0.7126865671641791,0.7332,0.7174,0.6553
WSBC,Wesbanco Inc,Financial,Banks - Regional,9.45,8.41,59.650000000000006,1.24,-1.49,11.42,6.67,-16.08,-2.46,0.7,-24.34,2.0,1010000.0,0.02,32.55,Jul 21/a,44.5,3120000000.0,HIGH,-7.79,-0.37,0.87,-2.89,0.1162,False,-2.67,False,-5.9,2.193,1.312,-0.9887,-11.41,1.137,37.0,-9.67,52.0,-5.62,38.11,46680684.0,,,16.8,0.9664179104477612,0.835820895522388,0.8016169154228856,0.7319651741293532,0.5049751243781094,0.5572139303482587,0.5522388059701493,0.733,0.6129,0.6901
WT,WisdomTree Inc,Financial,Asset Management,46.45,17.91,67.69,57.31,-0.89,-0.14,11.36,42.69,74.1,1.17,-6.6000000000000005,1.71,2760000.0,0.01,24.2,Jul 31/b,25.19,3670000000.0,HIGH,-2.05,1.33,0.92,2.85,0.135,True,2.79,True,6.55,3.727,6.563,-1.9859,-5.91,0.962,30.0,7.64,45.0,29.68,24.38,69743705.0,,,3.3,0.7350746268656716,0.9427860696517413,0.7580845771144279,0.47823383084577115,0.5845771144278606,0.8980099502487562,0.753731343283582,0.7328,0.7043,0.674
ATRC,Atricure Inc,Healthcare,Medical Instruments & Supplies,274.83,142.12,241.25,12.83,-3.890000000000001,4.44,8.77,107.32,106.02,1.27,-3.5699999999999994,1.4,1110000.0,0.0,59.5,Jul 23/a,53.33,3030000000.0,HIGH,7.03,-5.6,0.98,11.93,0.1854,False,-2.39,True,12.28,4.516,5.894,-2.4767,-10.63,1.156,8.0,-6.27,50.0,67.09,55.14,93912193.0,,,-3.3,0.5970149253731343,0.8519900497512438,0.5982587064676617,0.7487562189054726,0.6511194029850746,0.9415422885572139,0.9092039800995025,0.7314,0.7385,0.7346
MH,McGraw Hill Inc,Consumer Defensive,Education & Training Services,26.26,6.13,9980.0,2.65,0.01,-3.2300000000000004,9.62,37.03,-2.53,-0.83,-29.28,1.23,710910.0,0.01,12.73,Aug 13/b,17.92,2440000000.0,HIGH,-3.46,2.8,1.0,1.44,0.1432,False,-0.99,True,2.52,4.58,3.891,-3.151,-9.37,1.356,8.0,-5.1,36.0,10.78,12.85,8088133.0,,,39.5,0.40422885572139305,0.8793532338308457,0.7356965174129353,0.8631840796019901,0.6710199004975125,0.8271144278606966,0.7095771144278606,0.7301,0.7058,0.6914
HNI,HNI Corp,Consumer Cyclical,"Furnishings, Fixtures & Appliances",428.79,9.76,-30.75,120.72,-6.819999999999999,5.28,5.99,19.19,34.08,0.92,-10.57,1.0,612830.0,0.0,47.21,Jul 30/b,69.75,3410000000.0,HIGH,-5.72,-0.09,0.9,-0.82,0.0791,False,-0.07,False,-1.14,2.983,3.823,-1.8412,-7.12,0.941,26.0,-6.21,46.0,9.44,46.82,26910132.0,,,49.0,0.7810945273631841,0.9203980099502488,0.9328358208955224,0.44340796019900497,0.5522388059701493,0.7450248756218906,0.6268656716417911,0.7292,0.6963,0.6304
NHI,National Health Investors Inc,Real Estate,REIT - Healthcare Facilities,19.46,21.52,45.25,33.67,0.2,6.54,4.19,-13.35,-18.2,0.51,-26.42,1.67,539720.0,0.0,67.24,Aug 10/a,81.56,3300000000.0,HIGH,-7.28,-1.68,1.08,-2.38,0.1112,False,-3.66,False,-8.42,2.005,1.887,-0.9806,-19.22,1.149,53.0,-17.08,38.0,-6.05,65.72,28031828.0,,,24.1,0.9676616915422885,0.6169154228855721,0.818407960199005,0.7425373134328358,0.7437810945273632,0.47699004975124376,0.5634328358208955,0.7277,0.694,0.7327
TH,Target Hospitality Corp,Industrials,Specialty Business Services,,22.82,39.95,38.71,0.06,27.18,5.74,0.29,113.32,1.5,-5.79,1.0,1580000.0,0.0,20.5,Aug 10/b,26.33,2040000000.0,HIGH,-3.48,-2.38,3.16,1.42,0.2005,False,-5.49,True,4.27,5.444,4.246,-4.2446,-13.42,1.649,7.0,-11.13,39.0,17.24,18.84,56136291.0,,,39.8,0.21019900497512436,0.7885572139303483,0.5509950248756219,0.9440298507462687,0.9925373134328358,0.8557213930348259,0.707089552238806,0.7237,0.7459,0.7506
IEP,Icahn Enterprises L P,Energy,Oil & Gas Refining & Marketing,,,-75.03,35.3,0.0,12.43,19.8,-2.92,-6.17,0.71,-25.0,1.0,982540.0,0.01,6.99,Aug 05/b,12.0,4970000000.0,HIGH,-2.2,-2.91,1.07,2.7,0.0735,False,-3.77,False,-6.19,2.078,2.699,-1.2604,-15.14,0.949,10.0,-4.3,42.0,-10.59,6.67,5657689.0,,,79.9,0.914179104477612,0.7425373134328358,0.9477611940298507,0.4539800995024876,0.7319651741293532,0.5497512437810945,0.75,0.7234,0.8039,0.6625
SHOO,Steven Madden Ltd,Consumer Cyclical,Footwear & Accessories,22.71,16.31,168.98,19.12,-2.81,-3.05,5.1,6.41,36.81,1.18,-8.86,1.67,1100000.0,0.0,45.3,Jul 30/b,52.4,3310000000.0,HIGH,5.24,2.38,0.87,10.14,0.1417,True,5.75,True,2.35,3.134,2.61,-2.3356,-7.51,1.12,2.0,2.68,46.0,5.92,45.97,51621958.0,,,14.0,0.6343283582089553,0.914179104477612,0.7412935323383085,0.7170398009950248,0.5049751243781094,0.8246268656716418,0.8905472636815921,0.7227,0.7301,0.6702
INVA,Innoviva Inc,Healthcare,Biotechnology,5.11,9.28,-247.03999999999996,18.61,0.0,-1.42,10.02,-9.29,-7.37,0.39,-16.52,1.8,841790.0,0.01,20.99,Aug 05/a,35.0,1520000000.0,HIGH,-3.89,-3.44,0.74,1.01,0.0589,False,-2.02,False,-2.42,2.456,1.268,-1.5265,-9.61,1.041,,,41.0,-0.05,20.5,21861373.0,,,70.7,0.8619402985074627,0.8694029850746269,0.9701492537313433,0.6100746268656716,0.32213930348258707,0.6977611940298507,0.6958955223880597,0.7219,0.666,0.623
HRMY,Harmony Biosciences Holdings Inc,Healthcare,Biotechnology,13.38,9.65,88.57,30.320000000000004,-0.89,-3.42,9.22,16.86,55.61000000000001,1.01,-5.04,1.82,908600.0,0.0,41.3,Aug 04/b,47.36,2410000000.0,HIGH,-6.18,-0.92,0.78,-1.28,0.106,False,-3.73,True,0.26,3.365,3.451,-1.3447,-8.85,1.002,23.0,0.66,43.0,11.35,39.64,45761013.0,,,19.5,0.9017412935323383,0.888681592039801,0.8383084577114428,0.5422885572139303,0.3787313432835821,0.7786069651741293,0.6044776119402985,0.7214,0.6069,0.6503
GCMG,GCM Grosvenor Inc,Financial,Asset Management,25.38,12.14,136.14,12.95,-9.94,-0.43,2.02,7.51,38.68,0.88,-11.84,1.4,523919.99999999994,0.0,13.11,Aug 10/b,15.5,2660000000.0,HIGH,-1.66,1.01,0.9,3.24,0.0634,True,0.78,False,-1.13,3.155,3.525,-1.5123,-12.22,0.894,36.0,-6.25,39.0,-3.9,13.05,6263853.0,,,18.8,0.8656716417910447,0.8159203980099502,0.9626865671641791,0.3818407960199005,0.5522388059701493,0.746268656716418,0.7699004975124378,0.7208,0.7624,0.6365
RES,RPC Inc,Energy,Oil & Gas Equipment & Services,58.28,22.99,13.63,9.52,0.0,-0.34,11.43,-0.8500000000000001,-19.45,0.84,-28.43,3.5,1620000.0,0.0,5.84,Jul 30/b,6.4,1290000000.0,HIGH,-9.85,2.27,1.24,-4.95,0.2168,False,-2.44,False,-3.15,3.279,4.096,-1.9892,-12.93,1.223,18.0,-10.12,46.0,14.45,5.86,12515154.0,,,9.2,0.7338308457711443,0.7985074626865671,0.47512437810945274,0.7960199004975125,0.8526119402985075,0.664179104477612,0.4993781094527363,0.72,0.5981,0.7617
MCHB,Mechanics Bancorp,Financial,Banks - Regional,12.14,12.72,211.23,167.34,-0.0,-1.5,13.91,-5.07,5.13,1.43,-12.689999999999998,2.25,570440.0,0.0,15.17,Jul 29/b,17.62,3510000000.0,HIGH,-5.82,-0.13,0.88,-0.92,0.0751,False,-2.21,False,-6.49,2.081,1.678,-0.7574,-14.27,1.012,38.0,-10.83,47.0,-5.93,14.9,8103531.0,,,18.3,0.9900497512437811,0.7661691542288557,0.9415422885572139,0.5590796019900498,0.5242537313432836,0.5348258706467661,0.6256218905472637,0.7193,0.69,0.6521
ADEA,Adeia Inc,Technology,Software - Application,23.59,15.94,1.81,12.11,-3.16,5.3,6.97,-22.66,5.51,2.19,-25.679999999999996,1.25,1150000.0,0.01,25.52,Aug 03/a,43.0,2810000000.0,HIGH,-2.87,3.29,1.16,2.03,0.121,True,0.74,False,-2.57,3.78,3.127,-2.6702,-20.06,1.501,43.0,-7.38,43.0,-7.38,25.74,26812923.0,,,67.1,0.5335820895522388,0.5833333333333334,0.7898009950248757,0.9079601990049752,0.8059701492537313,0.6915422885572139,0.7213930348258707,0.7187,0.7673,0.7348
MDU,MDU Resources Group Inc,Utilities,Utilities - Regulated Gas,19.73,17.75,49.4,6.87,0.0,-0.37,8.38,-14.26,-9.06,0.72,-18.36,1.78,1630000.0,0.0,18.76,Aug 06/b,23.71,3950000000.0,HIGH,-4.91,0.43,0.72,-0.01,0.0898,False,-1.12,False,-5.48,1.927,1.021,-1.0256,-13.88,1.255,,,41.0,-7.04,18.61,39204147.0,,,27.4,0.9614427860696517,0.7761194029850746,0.8955223880597015,0.8103233830845771,0.2941542288557214,0.572139303482587,0.6567164179104478,0.7183,0.6196,0.6595
MFA,MFA Financial Inc,Real Estate,REIT - Mortgage,8.21,5.87,60.08,47.94,0.0,-0.78,4.93,-16.82,-13.03,1.52,-21.28,2.0,1580000.0,0.11,8.21,Aug 05/b,10.38,829930000.0,HIGH,-14.53,-4.49,1.61,-9.63,0.1701,False,-8.27,False,-12.6,2.605,3.66,-1.195,-20.81,1.492,,,42.0,-15.56,7.65,15616396.0,,,35.7,0.9253731343283582,0.5609452736318408,0.6442786069651741,0.9067164179104478,0.9527363184079602,0.31467661691542287,0.3333333333333333,0.7175,0.6124,0.7749
CLBK,Columbia Financial Inc,Financial,Banks - Regional,43.61,32.37,17.88,5.15,0.0,4.26,7.3,19.49,43.75,0.26,-5.58,1.0,5800000.0,0.0,11.33,Jul 30/a,14.17,3050000000.0,HIGH,-2.48,4.68,0.82,2.42,0.083,True,0.28,True,0.55,2.247,2.06,-1.3818,-4.92,0.848,33.0,-2.31,45.0,5.55,11.41,55412324.0,,,24.2,0.8930348258706468,0.9601990049751243,0.9166666666666666,0.31094527363184077,0.4322139303482587,0.7873134328358209,0.7375621890547264,0.7167,0.6997,0.6059
VCEL,Vericel Corp,Healthcare,Biotechnology,90.87,48.54,483.64,22.48,-15.75,0.37,10.84,-6.81,43.15,1.03,-14.84,1.25,534200.0,0.0,42.0,Jul 30/b,60.57,2150000000.0,HIGH,-0.1,-0.22,0.94,4.8,0.0714,True,1.36,False,-4.72,3.053,2.565,-1.7846,-18.59,1.101,,,46.0,-13.88,40.15,20238431.0,,,50.9,0.8022388059701493,0.6355721393034826,0.9527363184079602,0.6921641791044776,0.611318407960199,0.6019900497512438,0.8022388059701493,0.716,0.7901,0.6769
PD,Pagerduty Inc,Technology,Software - Application,7.17,9.75,-42.49,0.83,-9.91,0.65,11.91,52.61,138.18,0.98,-15.35,2.8,1570000.0,0.0,14.31,Aug 27/a,12.64,1130000000.0,HIGH,12.63,5.94,0.71,17.53,0.166,True,6.09,True,18.9,3.794,4.042,-2.5429,-3.28,1.26,3.0,2.61,25.0,21.46,15.34,24426739.0,,,-17.6,0.568407960199005,0.9825870646766169,0.6604477611940298,0.8152985074626866,0.2798507462686567,0.9800995024875622,0.9378109452736318,0.7144,0.6572,0.6609
KN,Knowles Corp,Technology,Electronic Components,47.79,22.91,137.75,14.32,-19.19,1.04,5.52,-9.37,45.64,1.6,-13.699999999999998,1.8,913150.0,0.05,37.05,Jul 23/a,45.0,3160000000.0,HIGH,12.85,7.55,1.14,17.75,0.1445,True,9.93,True,10.05,2.782,4.444,-2.2881,-1.89,0.77,2.0,7.81,50.0,6.57,40.05,24020567.0,,,12.4,0.6455223880597015,0.9900497512437811,0.7288557213930349,0.19900497512437812,0.7898009950248757,0.9253731343283582,0.9390547263681592,0.7131,0.8312,0.6399
OUT,Outfront Media Inc,Real Estate,REIT - Specialty,19.98,18.58,323.88,13.54,-1.55,1.27,5.6,-17.25,6.69,1.53,-21.72,1.29,1780000.0,0.0,27.36,Aug 05/a,38.0,4820000000.0,HIGH,-0.9,2.83,0.9,4.0,0.0542,True,1.61,False,-3.4,2.255,2.787,-1.0602,-15.98,0.924,,,41.0,-7.87,28.7,49133122.0,,,32.4,0.9527363184079602,0.7213930348258707,0.9800995024875622,0.4216417910447761,0.5522388059701493,0.650497512437811,0.7786069651741293,0.7131,0.7711,0.6443
CNO,CNO Financial Group Inc,Financial,Insurance - Life,18.57,10.61,44.99,11.28,-4.84,-0.1,2.42,3.55,36.49,0.81,-6.27,2.71,903380.0,0.0,53.98,Jul 30/a,57.8,4990000000.0,HIGH,-5.09,0.41,0.64,-0.19,0.0757,False,-1.26,False,-1.28,2.182,1.875,-0.9413,-6.48,0.98,21.0,-2.64,45.0,0.69,53.86,61172393.0,,,7.3,0.9751243781094527,0.9291044776119403,0.9402985074626866,0.5043532338308457,0.1890547263681592,0.7400497512437811,0.6511194029850746,0.713,0.5993,0.6021
CUZ,Cousins Properties Inc,Real Estate,REIT - Office,726.6,61.29,84.5,11.83,-0.27,-1.23,7.43,-5.77,33.13,1.17,-13.78,1.36,1510000.0,0.04,28.41,Jul 30/a,33.55,4680000000.0,HIGH,-3.78,-0.18,0.9,1.12,0.0583,False,-0.71,False,-4.56,2.211,2.606,-1.2254,-14.99,0.955,47.0,-11.67,45.0,-11.22,28.01,41662278.0,,,19.8,0.9191542288557214,0.7475124378109452,0.9713930348258707,0.4633084577114428,0.5522388059701493,0.611318407960199,0.7002487562189055,0.7108,0.7372,0.6365
DIOD,Diodes Inc,Technology,Semiconductors,51.62,16.62,1.23,21.66,-6.11,1.0,5.31,-7.77,40.53,1.91,-23.93,2.2,610070.0,0.14,95.84,Aug 05/a,162.5,4410000000.0,HIGH,13.13,7.75,1.33,18.03,0.1547,True,10.64,True,11.94,3.925,4.998,-2.5575,-5.69,0.777,2.0,7.28,41.0,21.32,103.84,46841733.0,,,56.5,0.5640547263681592,0.9477611940298507,0.7014925373134329,0.21082089552238806,0.8949004975124378,0.9402985074626866,0.9402985074626866,0.7099,0.855,0.6525
DNOW,Dnow Inc,Industrials,Industrial Distribution,,18.86,-148.81,108.12,-12.65,0.9399999999999998,5.37,19.05,27.51,0.89,-9.5,1.4,2420000.0,0.0,15.62,Aug 06/b,18.8,2820000000.0,HIGH,-2.23,-2.35,0.88,2.67,0.0667,False,-0.09,True,1.2,2.886,3.902,-2.0032,-8.37,0.868,41.0,10.83,41.0,10.83,15.76,36710296.0,,,19.3,0.7300995024875622,0.8955223880597015,0.9583333333333334,0.34639303482587064,0.5242537313432836,0.8022388059701493,0.746268656716418,0.7095,0.7433,0.6007
GNW,Genworth Financial Inc,Financial,Insurance - Life,17.9,8.34,-0.4099999999999999,2.29,-3.22,-2.85,2.64,-0.32,13.48,0.87,-11.79,1.0,3370000.0,0.0,9.43,Aug 05/a,11.5,3560000000.0,HIGH,-7.73,1.81,1.01,-2.83,0.2021,False,-3.51,False,-3.73,3.291,3.246,-2.0527,-10.66,1.262,15.0,-8.96,41.0,-1.44,9.55,47047412.0,,,20.4,0.7151741293532339,0.8507462686567164,0.5447761194029851,0.8177860696517413,0.6791044776119403,0.6430348258706468,0.554726368159204,0.7084,0.5891,0.7138
TILE,Interface Inc,Consumer Cyclical,"Furnishings, Fixtures & Appliances",14.05,14.37,59.98,5.37,-9.71,3.08,7.59,-2.55,40.6,1.99,-14.150000000000002,1.0,501210.0,0.04,34.77,Aug 07/b,45.25,2010000000.0,HIGH,-6.31,-0.8,0.91,-1.41,0.0829,True,0.27,False,-3.22,2.469,2.264,-1.7124,-13.85,0.969,32.0,-9.42,40.0,-0.6,34.89,18128144.0,,,29.7,0.8196517412935324,0.777363184079602,0.917910447761194,0.48569651741293535,0.5708955223880597,0.6610696517412935,0.5982587064676617,0.7054,0.6859,0.6343
UMBF,UMB Financial Corp,Financial,Banks - Regional,11.28,9.7,25.929999999999996,6.23,-5.36,3.2400000000000007,4.98,-4.56,24.36,0.83,-11.62,1.65,644030.0,0.01,135.5,Jul 28/a,167.47,2770000000.0,HIGH,-8.92,-1.86,0.93,-4.02,0.12,False,-3.56,False,-7.58,2.247,2.001,-0.9497,-14.6,1.046,37.0,-11.25,47.0,-9.06,130.94,94931528.0,,,27.9,0.9713930348258707,0.7543532338308457,0.7922885572139303,0.6144278606965174,0.5963930348258707,0.5024875621890548,0.527363184079602,0.7052,0.6275,0.6712
COLM,Columbia Sportswear Co,Consumer Cyclical,Apparel Manufacturing,14.78,13.6,378.34,1.5,-0.05,1.16,20.03,-7.53,4.38,0.93,-17.46,2.55,649070.0,0.0,57.0,Jul 30/a,69.83,2920000000.0,HIGH,-0.78,-2.42,0.71,4.12,0.0485,False,-0.04,False,-1.62,2.642,1.886,-1.489,-12.43,1.007,5.0,-0.57,45.0,-3.55,57.27,39434615.0,,,21.9,0.8731343283582089,0.8134328358208955,0.9900497512437811,0.5466417910447762,0.2798507462686567,0.7257462686567164,0.7842039800995025,0.7048,0.6947,0.6063
ADMA,Adma Biologics Inc,Healthcare,Biotechnology,13.31,9.94,19.33,1.98,0.34,-4.06,11.28,12.07,1.41,0.7,-54.15,1.33,2670000.0,0.07,9.38,Aug 05/a,18.67,2100000000.0,HIGH,1.04,-3.95,0.86,5.94,0.1702,True,2.52,True,3.35,4.497,6.224,-2.9101,-6.09,1.271,5.0,3.62,41.0,4.97,9.72,30520872.0,,,92.1,0.47761194029850745,0.9390547263681592,0.6430348258706468,0.8264925373134329,0.4937810945273632,0.8445273631840796,0.822139303482587,0.7041,0.6699,0.6606
KMT,Kennametal Inc,Industrials,Tools & Accessories,7.05,12.57,936.69,42.63,-7.400000000000001,2.98,10.14,-10.88,-14.000000000000002,1.33,-29.17,3.78,1350000.0,0.0,31.03,Aug 05/b,32.43,2370000000.0,HIGH,5.09,2.52,1.05,9.99,0.1275,True,7.65,True,4.65,2.899,3.067,-2.1041,-20.72,1.038,1.0,2.94,42.0,-4.57,32.6,44668809.0,,,-0.5,0.7052238805970149,0.5646766169154229,0.7736318407960199,0.6044776119402985,0.7114427860696517,0.8619402985074627,0.8893034825870647,0.7036,0.8012,0.7208
SONO,Sonos Inc,Technology,Consumer Electronics,41.21,70.54,978.29,8.85,-2.33,0.02,8.01,35.05,44.41,1.9,-7.470000000000001,1.5,1970000.0,0.0,18.34,Jul 29/a,19.67,2170000000.0,HIGH,15.23,-1.5,1.14,20.13,0.3159,True,7.9,True,10.78,3.717,4.011,-2.8838,-3.54,1.247,10.0,13.97,46.0,22.66,17.7,36249329.0,,,11.1,0.48258706467661694,0.9800995024875622,0.23383084577114432,0.8022388059701493,0.7898009950248757,0.9309701492537313,0.9465174129353234,0.7033,0.6857,0.7514
GTN,Gray Media Inc,Communication Services,Broadcasting,,,129.52,8.68,-0.33,-4.77,5.52,20.53,-1.29,1.02,-28.83,2.0,1160000.0,0.0,4.58,Aug 07/b,6.67,479170000.0,HIGH,-8.28,-1.09,1.22,-3.38,0.1304,False,-2.77,False,-2.96,4.028,3.744,-1.9428,-17.0,0.979,40.0,6.07,40.0,6.07,4.54,4663207.0,,,46.9,0.7475124378109452,0.6840796019900498,0.7699004975124378,0.5006218905472637,0.8407960199004975,0.6728855721393034,0.5410447761194029,0.7026,0.6996,0.6905
APLE,Apple Hospitality REIT Inc,Real Estate,REIT - Hotel & Motel,21.84,21.8,6.05,4.73,0.03,-0.16,7.53,-4.14,40.91,0.92,-6.309999999999999,2.55,2790000.0,0.0,16.19,Aug 05/a,17.17,3820000000.0,HIGH,5.83,0.98,0.7,10.73,0.0959,True,4.4,True,2.59,1.775,1.181,-0.9161,-4.46,0.832,2.0,2.17,41.0,3.25,16.51,40968051.0,,,4.0,0.9813432835820896,0.972636815920398,0.8743781094527363,0.2891791044776119,0.26430348258706465,0.8283582089552238,0.8955223880597015,0.7017,0.6998,0.5908
KRNY,Kearny Financial Corp,Financial,Banks - Regional,16.3,9.41,4.82,2.23,0.58,4.63,5.05,0.65,24.8,0.62,-8.55,2.0,627610.0,0.0,9.36,Jul 23/b,10.67,607740000.0,HIGH,-8.0,1.64,1.03,-3.1,0.1232,False,-2.42,False,-3.32,2.169,3.326,-1.115,-8.98,0.804,22.0,-4.61,51.0,2.19,9.32,4694586.0,,,14.5,0.9427860696517413,0.8855721393034826,0.7810945273631841,0.24129353233830847,0.6958955223880597,0.654228855721393,0.5485074626865671,0.7001,0.6625,0.6336
BIPC,Brookfield Infrastructure Corp,Utilities,Utilities - Regulated Gas,,17.09,83.1,8.55,0.0,3.66,7.71,-9.55,-7.65,1.3,-32.58,5.0,1080000.0,0.0,34.87,Jul 30/b,50.0,4740000000.0,HIGH,-1.87,4.74,0.97,3.03,0.0914,True,1.68,False,-4.41,2.238,2.278,-1.481,-18.97,1.01,48.0,-10.37,46.0,-13.95,36.65,42551182.0,,,36.4,0.8756218905472637,0.6231343283582089,0.8893034825870647,0.554726368159204,0.638681592039801,0.6156716417910447,0.7599502487562189,0.6995,0.7624,0.6712
LILA,Liberty Latin America Ltd,Communication Services,Telecom Services,,69.01,93.94,1.46,2.65,-16.68,3.32,9.7,49.91,0.64,-5.62,2.6,545370.0,0.0,8.48,Aug 05/a,9.17,1660000000.0,HIGH,0.12,0.47,0.94,5.02,0.0806,False,-0.85,True,0.38,2.923,3.517,-1.84,-5.06,0.679,16.0,-1.95,41.0,1.79,8.53,3151199.0,,,7.5,0.7823383084577115,0.9589552238805971,0.9266169154228856,0.13308457711442787,0.611318407960199,0.7835820895522388,0.806592039800995,0.6993,0.784,0.5776
NEO,Neogenomics Inc,Healthcare,Diagnostics & Research,,56.77,104.85,11.21,-1.23,9.59,13.26,34.74,167.04,1.79,-4.24,1.67,2450000.0,0.01,19.2,Jul 28/a,19.72,2470000000.0,HIGH,6.27,-4.25,1.09,11.17,0.1792,False,-0.63,True,7.35,4.66,4.061,-3.0497,-7.88,1.027,14.0,0.33,47.0,37.84,18.47,39775789.0,,,6.8,0.43407960199004975,0.904228855721393,0.6119402985074627,0.5833333333333334,0.7543532338308457,0.9079601990049752,0.8992537313432836,0.6993,0.7696,0.6699
SXC,SunCoke Energy Inc,Basic Materials,Coking Coal,,26.14,587.84,9.49,0.0,9.59,4.85,16.77,43.67,0.99,-10.67,2.0,1360000.0,0.0,9.54,Jul 30/b,9.5,809700000.0,HIGH,-4.16,2.7,0.99,0.74,0.1208,True,1.38,True,3.23,3.442,1.818,-2.0555,-7.3,0.821,22.0,-3.04,46.0,17.16,9.9,9479777.0,,,-4.0,0.7126865671641791,0.917910447761194,0.791044776119403,0.27052238805970147,0.6629353233830846,0.8383084577114428,0.6859452736318408,0.6989,0.7106,0.6211
NMIH,NMI Holdings Inc,Financial,Insurance - Specialty,8.11,7.48,13.750000000000002,8.12,-11.23,0.48,2.68,1.5,9.89,0.55,-11.79,1.5,535720.0,0.0,41.23,Jul 30/a,49.86,3100000000.0,HIGH,-13.38,-5.22,1.34,-8.48,0.2037,False,-7.99,False,-11.13,3.322,2.91,-2.0292,-16.92,2.143,36.0,-13.48,45.0,-10.61,38.83,31170293.0,,,28.4,0.722636815920398,0.6865671641791045,0.5398009950248757,0.9776119402985075,0.8967661691542289,0.36691542288557216,0.3787313432835821,0.6984,0.5825,0.741
FUL,H.B. Fuller Company,Basic Materials,Specialty Chemicals,13.94,9.53,18.45,5.17,-2.16,-2.84,5.46,-20.85,-12.16,0.98,-27.06,1.67,783770.0,0.0,50.06,Sep 23/a,69.71,2690000000.0,HIGH,-6.85,1.68,0.83,-1.95,0.0956,False,-1.02,False,-8.96,3.805,3.108,-1.2166,-21.86,1.633,35.0,-16.54,7.0,0.4,50.2,50794903.0,,,38.9,0.9216417910447762,0.5398009950248757,0.8768656716417911,0.9371890547263682,0.44713930348258707,0.4502487562189055,0.5746268656716418,0.6955,0.6271,0.6891
COLD,Americold Realty Trust Inc,Real Estate,REIT - Industrial,,154.88,-22229.63,1.87,-0.08,-7.180000000000001,9.74,-8.5,34.73,0.93,-12.68,2.47,3900000.0,0.0,14.74,Aug 06/b,16.31,4210000000.0,HIGH,-1.76,-4.05,1.02,3.14,0.1059,False,-2.97,False,-4.21,3.395,2.792,-2.2441,-13.53,1.023,28.0,-7.54,41.0,-0.43,13.97,52402654.0,,,16.8,0.6579601990049752,0.7854477611940298,0.8395522388059702,0.5771144278606966,0.6878109452736318,0.6243781094527363,0.7649253731343284,0.6954,0.7642,0.6368
RDN,Radian Group Inc,Financial,Insurance - Specialty,8.48,6.35,-17.01,80.8,2.65,-0.56,4.27,-11.95,-0.27,0.7,-19.56,1.25,1180000.0,0.0,33.02,Aug 05/a,44.5,4370000000.0,HIGH,-11.16,-1.3,1.64,-6.26,0.1998,False,-5.24,False,-9.95,2.983,4.605,-2.1279,-20.66,2.293,47.0,-17.06,41.0,-10.18,32.57,56053616.0,,,36.6,0.6965174129353234,0.568407960199005,0.5534825870646767,0.9813432835820896,0.9558457711442786,0.4098258706467662,0.4521144278606965,0.6942,0.6336,0.7609
DCTH,Delcath Systems Inc,Healthcare,Medical Devices,2548.62,,0.15,20.6,0.0,5.3,7.2,20.05,73.32,0.59,-10.75,1.0,504750.0,0.03,15.55,Aug 06/b,24.5,539450000.0,HIGH,-8.19,-4.3,1.21,-3.29,0.0838,False,-5.37,False,-2.95,3.09,3.569,-1.7361,-13.15,0.678,36.0,-11.57,41.0,19.79,15.13,5779358.0,,,61.9,0.8159203980099502,0.7922885572139303,0.9129353233830846,0.1318407960199005,0.8351990049751243,0.6741293532338308,0.5435323383084577,0.6937,0.7419,0.6143
PCRX,Pacira BioSciences Inc,Healthcare,Drug Manufacturers - Specialty & Generic,72.59,7.32,208.35,6.24,-2.58,0.97,19.8,0.4,10.1,0.25,-8.93,2.11,580460.0,0.0,25.19,Aug 04/a,30.0,1000000000.0,HIGH,-4.33,-0.71,0.86,0.57,0.0941,True,0.46,False,-0.2,3.275,3.967,-2.0155,-8.86,0.913,22.0,-4.76,42.0,1.37,25.21,13669064.0,,,19.0,0.7263681592039801,0.8868159203980099,0.8793532338308457,0.40671641791044777,0.4937810945273632,0.7692786069651741,0.6753731343283582,0.6937,0.6821,0.599
SFBS,ServisFirst Bancshares Inc,Financial,Banks - Regional,14.09,11.43,39.58,6.34,-0.37,0.8199999999999998,5.55,-6.67,12.590000000000002,0.9,-10.27,1.0,622950.0,0.0,41.31,Jul 20/a,48.33,4520000000.0,HIGH,-6.91,-2.12,0.79,-2.01,0.0913,False,-3.14,False,-6.78,2.5,1.32,-1.1174,-12.79,1.032,36.0,-11.22,53.0,-6.17,40.15,29568194.0,,,20.4,0.9402985074626866,0.8022388059701493,0.8911691542288557,0.5920398009950248,0.39490049751243783,0.5248756218905473,0.5733830845771144,0.6909,0.6152,0.613
AMPL,Amplitude Inc,Technology,Software - Application,,76.78,-42.49,21.16,-1.28,-2.94,7.75,75.26,106.71,1.5,-10.23,1.58,2080000.0,0.0,13.25,Aug 05/a,13.77,1660000000.0,HIGH,11.52,9.17,1.07,16.42,0.1731,True,8.6,True,16.88,4.712,3.168,-3.1685,-1.63,0.928,3.0,6.45,41.0,45.05,14.52,21530356.0,,,-5.2,0.39427860696517414,0.9925373134328358,0.6305970149253731,0.4284825870646766,0.7319651741293532,0.9664179104477612,0.931592039800995,0.6907,0.7814,0.6303
EPR,EPR Properties,Real Estate,REIT - Specialty,18.24,18.59,-12.68,10.11,-2.88,0.96,9.79,-3.68,16.71,1.02,-12.5,2.23,770710.0,0.03,56.85,Jul 29/a,64.79,4360000000.0,HIGH,-5.9,-0.93,0.88,-1.0,0.0936,False,-2.21,False,-5.56,1.959,2.834,-1.0459,-13.11,0.916,48.0,-11.0,46.0,-11.7,56.45,54423057.0,,,14.8,0.9577114427860697,0.7935323383084577,0.8805970149253731,0.4129353233830846,0.5242537313432836,0.5646766169154229,0.6206467661691543,0.689,0.6697,0.6149
PGEN,Precigen Inc,Healthcare,Biotechnology,,12.13,153.95,6322.66,-3.05,2.62,25.74,30.24,110.08,0.94,-6.77,1.5,5030000.0,0.02,7.71,Aug 04/a,13.67,2760000000.0,HIGH,20.28,9.35,1.26,25.18,0.3077,True,13.2,True,21.51,5.654,4.333,-3.3845,-4.9,1.137,4.0,9.35,42.0,30.78,8.54,39231735.0,,,60.1,0.3383084577114428,0.9626865671641791,0.24440298507462688,0.7319651741293532,0.8656716417910447,0.9888059701492538,0.9577114427860697,0.6886,0.7161,0.7312
DX,Dynex Capital Inc,Real Estate,REIT - Mortgage,4.32,7.05,653.65,170.93,0.1,6.88,6.72,-14.18,-7.06,0.95,-24.24,1.67,5880000.0,0.06,11.31,Jul 20/b,14.75,2810000000.0,HIGH,-14.57,-2.74,1.29,-9.67,0.2106,False,-7.98,False,-12.08,2.677,3.811,-1.1673,-18.91,1.347,33.0,-15.68,54.0,-16.01,11.02,86548325.0,,,33.8,0.931592039800995,0.6262437810945274,0.5037313432835822,0.8582089552238806,0.878731343283582,0.3327114427860697,0.3283582089552239,0.6885,0.5461,0.7503
EXTR,Extreme Networks Inc,Technology,Communication Equipment,65.1,13.44,329.59,10.28,-15.93,0.99,6.03,-36.09,33.94,1.75,-39.4,1.25,1730000.0,0.0,20.44,Aug 05/b,33.5,2700000000.0,HIGH,6.54,10.1,1.37,11.44,0.098,True,5.81,False,-2.91,3.108,5.061,-2.2514,-31.46,1.129,1.0,5.23,42.0,-11.72,23.12,31519401.0,,,44.9,0.654228855721393,0.2997512437810945,0.8669154228855721,0.7269900497512438,0.904228855721393,0.6772388059701493,0.9048507462686567,0.6882,0.8933,0.7407
ETON,Eton Pharmaceuticals Inc,Healthcare,Drug Manufacturers - Specialty & Generic,150.85,27.17,467.4299999999999,98.59,-29.99,9.34,5.68,55.32,145.48,0.88,-14.04,1.0,568560.0,0.14,57.05,Aug 13/a,71.0,1630000000.0,HIGH,-5.29,-6.45,1.15,-0.39,0.1595,False,-2.49,True,1.37,6.538,7.225,-4.2585,-16.59,1.593,30.0,-7.59,35.0,35.69,55.36,32755982.0,,,28.3,0.2064676616915423,0.7002487562189055,0.6865671641791045,0.929726368159204,0.7978855721393034,0.804726368159204,0.6399253731343284,0.6876,0.7013,0.6847
GTX,Garrett Motion Inc,Consumer Cyclical,Auto Parts,14.07,11.43,25.01,6.9,-2.47,-0.31,3.91,-26.68,44.82,0.83,-29.049999999999997,1.5,2620000.0,0.0,25.72,Jul 29/b,36.83,4800000000.0,HIGH,-3.22,4.68,1.17,1.68,0.1231,True,2.33,False,-2.55,2.961,3.879,-1.9272,-17.18,0.909,,,47.0,-5.94,27.07,67210412.0,,,36.1,0.75,0.6766169154228856,0.7823383084577115,0.39925373134328357,0.8140547263681592,0.6927860696517413,0.7164179104477612,0.6858,0.7655,0.664
DJT,Trump Media & Technology Group Corp,Communication Services,Internet Content & Information,,,-933.09,89.03,0.0,2.36,9.12,20.43,6.49,4.09,-49.81,,4390000.0,0.71,9.02,Aug 10/a,,2510000000.0,HIGH,-1.22,-2.3,1.26,3.68,0.1034,False,-0.27,False,-2.63,3.752,4.826,-2.5789,-15.55,0.917,46.0,-9.54,38.0,0.0,8.91,28127683.0,,,,0.5572139303482587,0.7338308457711443,0.8507462686567164,0.4141791044776119,0.8656716417910447,0.6902985074626866,0.7761194029850746,0.6853,0.8254,0.6318
ALH,Alliance Laundry Holdings Inc,Consumer Cyclical,"Furnishings, Fixtures & Appliances",24.6,14.7,286.93,22.38,-17.19,0.01,5.39,-16.89,11.88,,-22.6,1.38,1130000.0,0.0,21.85,Aug 13/b,32.25,4340000000.0,HIGH,-6.29,-2.61,1.4,-1.39,0.0746,False,-1.26,False,-10.06,2.901,4.085,-1.5615,-24.55,0.989,43.0,-19.86,36.0,-17.31,21.3,22969023.0,,,51.4,0.8582089552238806,0.4651741293532338,0.945273631840796,0.5192786069651741,0.9166666666666666,0.4054726368159204,0.599502487562189,0.685,0.7984,0.6749
GCT,GigaCloud Technology Inc,Technology,Software - Infrastructure,12.58,11.17,27.76,27.6,-1.48,12.72,13.02,63.9,27.72,1.64,-5.6,1.0,658860.0,0.07,53.12,Aug 06/b,65.5,1900000000.0,HIGH,3.86,2.15,0.69,8.76,0.0682,True,2.3,True,7.3,4.738,2.344,-1.8749,-4.48,0.809,7.0,2.38,41.0,16.24,53.75,33864806.0,,,21.9,0.7736318407960199,0.9713930348258707,0.9539800995024875,0.2512437810945274,0.24875621890547264,0.9067164179104478,0.8687810945273632,0.6843,0.7083,0.5451
ENR,Energizer Holdings Inc,Industrials,Electrical Equipment & Parts,18.75,6.52,-72.92,1.21,12.619999999999996,1.26,12.68,1.71,29.57,0.78,-15.68,3.0,1010000.0,0.0,22.04,Aug 04/b,21.2,1510000000.0,HIGH,4.15,-0.81,0.98,9.05,0.14,True,3.64,True,2.5,3.563,4.071,-2.3547,-4.26,0.824,9.0,2.22,43.0,4.69,22.11,19731962.0,,,-4.1,0.6318407960199005,0.9751243781094527,0.7475124378109452,0.27300995024875624,0.6511194029850746,0.8258706467661692,0.8781094527363185,0.6841,0.7708,0.5955
STTK,Shattuck Labs Inc,Healthcare,Biotechnology,,,52.190000000000005,,-0.17,32.76,7.9,-5.75,-3.8,1.09,-27.13,1.0,1350000.0,0.0,6.07,Aug 11/b,15.25,609200000.0,HIGH,-0.88,4.67,1.2,4.02,0.1962,True,6.33,False,-2.76,6.64,8.172,-3.1255,-17.42,1.626,28.0,-14.81,38.0,-5.74,6.73,9707971.0,,,126.6,0.4129353233830846,0.6703980099502488,0.5659203980099503,0.9340796019900498,0.8308457711442786,0.6840796019900498,0.7804726368159204,0.683,0.7312,0.7155
TREX,TREX Co Inc,Industrials,Building Products & Equipment,26.38,22.13,-14.57,7.79,-0.27,-6.06,10.05,-10.14,25.629999999999995,1.48,-17.77,2.23,1860000.0,0.03,44.65,Aug 04/b,54.67,4550000000.0,HIGH,-4.54,-1.98,0.95,0.36,0.0825,False,-0.98,False,-4.26,3.27,3.949,-2.1072,-14.52,0.956,36.0,-12.05,43.0,-2.83,43.56,72611600.0,,,25.5,0.7027363184079602,0.7574626865671642,0.9191542288557214,0.4664179104477612,0.6231343283582089,0.621268656716418,0.667910447761194,0.6817,0.7299,0.6034
PDM,Piedmont Realty Trust Inc,Real Estate,REIT - Office,,,34.22,2.73,0.0,4.13,4.03,-3.27,41.08,1.41,-9.43,2.5,1290000.0,0.0,9.17,Jul 28/a,10.75,1150000000.0,HIGH,-7.02,-1.1,0.65,-2.12,0.1063,False,-2.83,False,-5.15,2.69,3.222,-1.8742,-11.15,1.299,47.0,-6.44,47.0,-6.44,9.0,19977341.0,,,19.4,0.7748756218905473,0.8420398009950248,0.8370646766169154,0.8364427860696517,0.2058457711442786,0.5883084577114428,0.5671641791044776,0.6808,0.5397,0.6014
HCSG,Healthcare Services Group Inc,Healthcare,Medical Care Facilities,12.89,17.97,173.4,2.69,-1.69,-1.08,4.49,-9.74,19.6,0.81,-14.12,1.86,729730.0,0.0,22.11,Jul 22/b,27.0,1520000000.0,HIGH,-4.35,0.43,0.84,0.55,0.0962,False,-2.47,False,-5.19,2.29,1.39,-1.0545,-18.44,1.014,55.0,-16.49,52.0,-11.42,20.87,15111004.0,,,29.4,0.9552238805970149,0.6430348258706468,0.8718905472636815,0.5640547263681592,0.4651741293532338,0.5833333333333334,0.6741293532338308,0.6805,0.6708,0.6419
MWA,Mueller Water Products Inc,Industrials,Specialty Industrial Machinery,15.13,13.45,28.24,4.1,-3.73,1.06,3.9,-18.16,-21.01,0.99,-31.1,3.0,1220000.0,0.0,21.36,Aug 05/a,29.5,3330000000.0,HIGH,-9.56,0.09,1.38,-4.66,0.1765,False,-3.3,False,-10.26,2.061,1.477,-1.3992,-25.1,1.262,41.0,-17.99,41.0,-17.99,21.66,34608512.0,,,36.2,0.8855721393034826,0.4465174129353234,0.6181592039800995,0.8177860696517413,0.9092039800995025,0.39676616915422885,0.5111940298507462,0.679,0.6627,0.7523
CWT,California Water Service Group,Utilities,Utilities - Regulated Water,20.59,16.94,32.11,16.47,-1.86,6.92,3.94,-6.5,1.6,0.47,-15.03,1.6,507410.0,0.0,45.73,Jul 30/b,54.4,2830000000.0,HIGH,-8.14,0.66,1.0,-3.24,0.1241,False,-2.97,False,-6.38,1.891,1.98,-1.0974,-14.6,0.88,48.0,-9.51,46.0,-8.99,45.96,20235510.0,,,18.4,0.9465174129353234,0.7543532338308457,0.7786069651741294,0.35883084577114427,0.6710199004975125,0.5404228855721394,0.5460199004975125,0.675,0.6533,0.6292
WAFD,WaFd Inc,Financial,Banks - Regional,9.79,8.83,15.65,1.91,-1.8500000000000003,1.87,6.41,-18.37,0.03,0.86,-21.34,3.0,813080.0,0.01,31.06,Jul 16/a,36.75,2300000000.0,HIGH,-15.15,-0.16,1.74,-10.25,0.2128,False,-4.55,False,-12.03,2.463,2.922,-1.7412,-22.01,1.504,,,55.0,-19.2,30.8,51036565.0,,,19.3,0.8134328358208955,0.5317164179104478,0.4925373134328358,0.9092039800995025,0.9651741293532339,0.3370646766169154,0.30970149253731344,0.6749,0.5612,0.7562
BOX,Box Inc,Technology,Software - Infrastructure,44.96,17.94,75.37,9.23,-4.04,-1.23,12.68,17.24,35.02,0.72,-14.279999999999998,2.58,2890000.0,0.0,31.15,Aug 25/a,38.71,4269999999.999999,HIGH,-1.99,10.05,0.72,2.91,0.135,True,2.32,True,3.87,3.112,2.189,-2.0914,-5.09,0.955,21.0,-0.29,27.0,4.52,34.49,89368653.0,,,12.2,0.7064676616915423,0.9577114427860697,0.7580845771144279,0.4633084577114428,0.2941542288557214,0.849502487562189,0.7574626865671642,0.6715,0.6187,0.5784
ASH,Ashland Inc,Basic Materials,Specialty Chemicals,61.92,16.32,102.16,7.339999999999999,0.0,3.08,9.74,8.98,31.629999999999995,0.39,-10.54,1.64,787280.0,0.01,70.0,Jul 28/a,80.18,3210000000.0,HIGH,-4.68,2.13,0.76,0.22,0.0802,False,-0.45,False,-3.02,2.335,1.625,-0.92,-11.16,0.814,40.0,-4.06,47.0,2.22,69.52,46016329.0,,,15.3,0.9788557213930348,0.8407960199004975,0.929726368159204,0.2593283582089552,0.347636815920398,0.6685323383084577,0.6648009950248757,0.6708,0.6491,0.5636
ARHS,Arhaus Inc,Consumer Cyclical,Specialty Retail,20.12,17.14,12.560000000000002,7.380000000000001,-0.0,2.06,12.36,16.63,51.080000000000005,2.3,-14.7,2.13,1360000.0,0.0,9.82,Aug 06/b,10.54,1390000000.0,HIGH,17.3,6.33,1.85,22.2,0.4139,True,17.33,True,16.38,5.211,6.006,-4.7963,-2.29,1.271,2.0,8.13,41.0,24.42,10.24,13379407.0,,,2.9,0.13557213930348258,0.9850746268656716,0.12686567164179108,0.8264925373134329,0.9751243781094527,0.9651741293532339,0.9527363184079602,0.6691,0.7117,0.7256
SG,Sweetgreen Inc,Consumer Cyclical,Restaurants,85.12,,-12.42,3.81,3.2,2.25,25.24,-0.45,81.1,2.2,-19.93,2.43,5630000.0,0.16,8.51,Aug 06/a,7.08,1010000000.0,HIGH,33.04,10.44,1.18,37.94,0.4307,True,19.64,True,33.41,5.169,5.659,-3.4027,-0.98,1.157,1.0,4.84,40.0,68.52,9.1,42098124.0,,,-22.2,0.3333333333333333,0.9975124378109452,0.11318407960199006,0.7506218905472637,0.8196517412935324,0.9975124378109452,0.9888059701492538,0.6686,0.6754,0.7253
CDNA,Caredx Inc,Healthcare,Diagnostics & Research,30.41,47.48,1412.42,52.23,-6.99,0.52,13.38,115.43999999999998,275.92,2.41,-3.2400000000000007,1.75,1190000.0,0.01,63.08,Jul 30/a,56.14,3260000000.0,HIGH,31.98,3.95,1.17,36.88,0.4371,True,18.29,True,33.62,4.639,5.838,-3.2999,-3.8,1.146,3.0,4.89,45.0,76.25,67.15,78577640.0,,,-16.4,0.3644278606965174,0.9788557213930348,0.10572139303482586,0.7400497512437811,0.8140547263681592,0.9987562189054726,0.9875621890547264,0.667,0.671,0.7293
TPC,Tutor Perini Corp,Industrials,Engineering & Construction,36.02,16.36,227.43,19.17,-32.47,8.27,4.09,1.67,9.32,2.05,-18.62,1.0,695280.0,0.04,83.25,Aug 05/a,117.0,4380000000.0,HIGH,-1.68,3.27,1.03,3.22,0.0915,True,1.34,False,-1.45,3.016,3.886,-2.0528,-15.22,0.795,41.0,2.58,41.0,2.58,86.73,37219469.0,,,34.9,0.7139303482587065,0.7381840796019901,0.8880597014925373,0.2300995024875622,0.6958955223880597,0.7350746268656716,0.7686567164179104,0.6669,0.7826,0.5938
DXYZ,Destiny Tech100 Inc,Financial,Asset Management,2.91,,1407.36,106.53,4.96,,0.43,14.730000000000002,7.24,5.61,-58.75,,1090000.0,0.13,30.06,-,,1430000000.0,HIGH,0.31,9.85,1.38,5.21,0.1568,True,4.97,True,8.96,3.476,4.177,-2.8421,-9.09,0.635,26.0,-5.07,,,32.8,24825873.0,,,,0.49129353233830847,0.8818407960199005,0.695273631840796,0.1013681592039801,0.9092039800995025,0.9216417910447762,0.8109452736318408,0.6668,0.8057,0.6059
IDYA,Ideaya Biosciences Inc,Healthcare,Biotechnology,,,-39.46,,-0.15,6.61,11.03,1.23,21.47,-0.04,-13.31,1.13,901670.0,0.09,37.0,Aug 04/b,52.38,3570000000.0,HIGH,-6.27,-2.25,0.67,-1.37,0.0879,False,-1.9,False,-1.69,4.196,4.122,-2.1313,-12.46,1.051,33.0,2.24,43.0,5.54,37.36,32866599.0,,,40.2,0.695273631840796,0.8103233830845771,0.9054726368159204,0.6293532338308457,0.23072139303482586,0.7220149253731343,0.6007462686567164,0.6655,0.5812,0.5693
APAM,Artisan Partners Asset Management Inc,Financial,Asset Management,8.98,9.11,18.68,8.05,-0.39,2.39,5.37,1.66,-0.39,1.67,-21.26,3.0,875910.0,0.0,36.16,Jul 28/a,39.5,2930000000.0,HIGH,-16.09,-2.65,1.4,-11.19,0.2049,False,-6.23,False,-12.92,2.502,3.24,-1.5839,-21.21,1.278,28.0,-18.85,47.0,-13.53,34.88,31903492.0,,,13.2,0.8519900497512438,0.5522388059701493,0.5348258706467661,0.8283582089552238,0.9166666666666666,0.30597014925373134,0.28544776119402987,0.665,0.5496,0.7257
SVRA,Savara Inc,Healthcare,Biotechnology,,,-12.95,,-0.38,1.53,42.06,-18.76,-4.69,0.19,-30.070000000000004,1.0,1710000.0,0.05,4.9,Aug 11/a,10.94,1010000000.0,HIGH,-10.43,-5.13,1.27,-5.53,0.1452,False,-7.89,False,-10.59,5.238,8.212,-2.6123,-23.53,1.977,,,37.0,-13.64,4.81,10795066.0,,,127.4,0.5472636815920398,0.49129353233830847,0.7251243781094527,0.9689054726368159,0.871268656716418,0.3855721393034826,0.48072139303482586,0.6649,0.6712,0.6933
IMMR,Immersion Corp,Technology,Software - Application,21.85,,705.96,0.8100000000000002,-7.44,13.31,8.23,6.58,31.35,1.0,-9.44,2.0,543480.0,0.01,7.29,Sep 14/b,13.5,242070000.0,HIGH,-4.15,1.93,0.93,0.75,0.0819,True,0.61,False,-0.91,2.484,1.894,-2.0273,-8.2,0.618,26.0,-3.9,15.0,2.5,7.39,2777503.0,,,82.7,0.7238805970149254,0.8980099502487562,0.9228855721393034,0.09017412935323384,0.5963930348258707,0.7531094527363185,0.6878109452736318,0.6641,0.7309,0.5409
POWI,Power Integrations Inc,Technology,Semiconductors,115.0,27.62,613.58,2.66,-26.69,-1.97,10.7,-34.93,3.8,1.54,-43.65,1.4,776400.0,0.0,51.38,Aug 05/a,81.67,2870000000.0,HIGH,7.95,5.05,1.16,12.85,0.1267,True,7.6,False,-1.31,4.267,5.196,-2.9172,-27.31,1.198,1.0,5.75,41.0,-7.66,54.46,39121895.0,,,50.0,0.47388059701492535,0.39303482587064675,0.7748756218905473,0.7817164179104478,0.8059701492537313,0.736318407960199,0.9191542288557214,0.661,0.8419,0.6995
SENS,Senseonics Holdings Inc,Healthcare,Medical Devices,,,-77.96,117.82,0.58,29.83,10.85,66.5,50.75999999999999,1.04,-14.56,2.14,761420.0,0.31,9.89,Aug 06/a,14.2,522919999.99999994,HIGH,2.6,0.41,0.98,7.5,0.2264,True,3.44,True,18.35,4.585,3.138,-2.6952,-7.14,0.944,7.0,-0.95,40.0,91.84,9.88,6899804.0,,,43.7,0.5261194029850746,0.9191542288557214,0.4415422885572139,0.44776119402985076,0.6511194029850746,0.9763681592039801,0.8532338308457711,0.6603,0.6691,0.6503
PARR,Par Pacific Holdings Inc,Energy,Oil & Gas Refining & Marketing,4.58,6.15,699.13,56.8,-12.82,-3.45,9.39,38.42,19.45,0.76,-10.58,1.43,1000000.0,0.03,78.44,Aug 04/a,86.57,3930000000.0,HIGH,3.3,7.73,0.85,8.2,0.1508,True,2.67,True,5.58,5.281,5.845,-2.5057,-4.24,0.856,13.0,0.48,42.0,20.14,84.0,79102376.0,,,3.1,0.5845771144278606,0.9763681592039801,0.7101990049751243,0.32027363184079605,0.48258706467661694,0.8781094527363185,0.8644278606965174,0.6587,0.7036,0.5664
XIFR,XPLR Infrastructure LP,Utilities,Utilities - Renewable,15.7,16.49,-52.05,5.57,0.0,1.19,5.28,-11.39,2.54,0.89,-20.75,3.0,903940.0,0.0,10.5,Jul 28/b,12.7,2030000000.0,HIGH,-14.42,0.29,1.39,-9.52,0.2085,False,-5.52,False,-8.92,2.392,2.839,-1.5169,-19.52,1.032,21.0,-12.69,48.0,-12.1,10.39,8676545.0,,,22.2,0.8644278606965174,0.6026119402985075,0.5167910447761195,0.5920398009950248,0.9135572139303483,0.4539800995024876,0.3383084577114428,0.6572,0.5644,0.706
SPSC,SPS Commerce Inc,Technology,Software - Application,39.34,15.3,-63.75999999999999,5.56,-0.24,1.29,9.23,41.27,49.57,0.62,-29.049999999999997,2.79,583650.0,0.14,81.5,Jul 30/a,75.45,2930000000.0,HIGH,-0.78,1.65,0.86,4.12,0.085,True,1.26,True,4.91,3.224,5.246,-2.3602,-7.93,0.695,26.0,2.32,45.0,25.09,82.35,44048375.0,,,-8.4,0.6268656716417911,0.9029850746268657,0.9104477611940298,0.13681592039800994,0.4937810945273632,0.8694029850746269,0.7842039800995025,0.6567,0.735,0.5317
KFY,Korn Ferry,Industrials,Staffing & Employment Services,13.3,11.06,5.26,6.860000000000001,-2.25,0.02,4.02,0.08,13.19,1.25,-19.35,1.6,501740.0,0.0,70.57,Sep 09/b,90.25,3850000000.0,HIGH,-15.74,0.86,0.91,-10.84,0.2078,False,-5.45,False,-10.83,2.331,2.322,-1.3728,-17.82,1.509,25.0,-15.04,18.0,-11.35,71.92,51029701.0,,,25.5,0.8980099502487562,0.6579601990049752,0.5211442786069651,0.9104477611940298,0.5708955223880597,0.3756218905472637,0.291044776119403,0.6557,0.444,0.6887
MITK,Mitek Systems Inc,Technology,Software - Application,37.79,14.93,236.2,18.17,-7.04,4.64,9.58,-10.06,34.5,0.93,-16.29,1.0,788840.0,0.03,17.62,Aug 06/a,23.62,795060000.0,HIGH,-4.42,3.08,1.02,0.48,0.1113,True,1.37,False,-0.27,4.423,3.775,-2.7181,-14.13,0.887,35.0,-6.13,40.0,5.59,17.75,10696945.0,,,33.1,0.5199004975124378,0.7686567164179104,0.8171641791044776,0.3737562189054726,0.6878109452736318,0.7661691542288557,0.6716417910447762,0.6556,0.7201,0.5869
HAE,Haemonetics Corp,Healthcare,Medical Devices,51.36,18.23,2.63,5.6,0.0,3.4000000000000004,7.67,36.24,89.66,0.61,-4.66,1.67,716470.0,0.0,105.3,Aug 06/b,111.5,4790000000.0,HIGH,1.71,-1.05,0.59,6.61,0.0802,False,-0.72,True,5.86,2.375,1.997,-1.1748,-5.22,0.624,30.0,-3.27,41.0,25.22,104.68,58364535.0,,,6.5,0.9303482587064676,0.9552238805970149,0.929726368159204,0.0945273631840796,0.13495024875621892,0.8880597014925373,0.8345771144278606,0.6555,0.6532,0.512
HASI,HA Sustainable Infrastructure Capital Inc,Financial,Asset Management,70.51,10.87,21.14,40.97,0.0,3.27,11.17,-7.06,-0.36,1.42,-17.97,1.44,1020000.0,0.0,36.2,Aug 06/a,49.33,4650000000.0,HIGH,-5.4,0.06,0.85,-0.5,0.1044,False,-1.66,False,-6.17,2.243,2.04,-1.642,-15.75,0.969,38.0,-10.6,40.0,-5.15,36.27,40711777.0,,,36.0,0.8395522388059702,0.722636815920398,0.8445273631840796,0.48569651741293535,0.48258706467661694,0.5522388059701493,0.6318407960199005,0.6545,0.6509,0.59
HIW,Highwoods Properties Inc,Real Estate,REIT - Office,20.13,43.9,401.14,7.93,0.0,11.75,11.27,0.64,42.95,1.07,-15.079999999999998,2.8,1520000.0,0.0,30.09,Jul 28/a,32.33,3320000000.0,HIGH,-4.87,0.88,0.79,0.03,0.097,False,-1.77,False,-4.96,2.506,2.629,-1.571,-16.28,0.98,47.0,-11.8,47.0,-11.8,29.67,36389365.0,,,9.0,0.8557213930348259,0.7095771144278606,0.8681592039800995,0.5043532338308457,0.39490049751243783,0.5945273631840796,0.6592039800995025,0.6545,0.6426,0.5874
PRCH,Porch Group Inc,Financial,Insurance - Property & Casualty,,60.97,136.73,18.1,-10.2,1.71,19.19,13.36,144.82,3.16,-9.91,1.25,1740000.0,0.0,16.55,Jul 29/a,20.69,1880000000.0,HIGH,-3.51,2.85,0.7,1.39,0.1172,True,4.41,True,6.51,5.302,4.391,-2.4563,-5.77,0.921,22.0,-0.26,46.0,40.05,17.31,25521833.0,,,19.5,0.6019900497512438,0.9446517412935324,0.7972636815920398,0.4166666666666667,0.26430348258706465,0.8967661691542289,0.7052238805970149,0.6536,0.6006,0.5449
BCO,Brink's Co,Industrials,Security & Protection Services,24.53,10.98,3.8,7.06,0.0,12.0,13.2,15.06,5.23,0.96,-22.24,1.0,504860.0,0.07,106.04,Aug 05/b,146.33,4370000000.0,HIGH,-6.49,-2.82,0.9,-1.59,0.1147,False,-4.21,False,-7.88,3.185,3.399,-1.7581,-18.11,1.039,53.0,-14.88,42.0,-12.08,101.8,48054879.0,,REVIEW,43.7,0.8072139303482587,0.6517412935323383,0.8072139303482587,0.6069651741293532,0.5522388059701493,0.49502487562189057,0.5907960199004975,0.6534,0.6442,0.6154
FDMT,4D Molecular Therapeutics Inc,Healthcare,Biotechnology,,,-6.2,25106.67,-6.890000000000001,16.38,23.82,11.88,54.45,2.74,-14.88,1.27,939400.0,0.02,14.41,Aug 13/a,28.0,796070000.0,HIGH,-8.68,-6.11,1.08,-3.78,0.1932,False,-4.96,True,1.96,6.892,3.914,-3.2007,-19.26,1.194,9.0,-10.3,35.0,17.34,13.67,13863154.0,,,104.8,0.38681592039800994,0.6150497512437811,0.5708955223880596,0.7786069651741293,0.7437810945273632,0.8171641791044776,0.5298507462686567,0.6521,0.6063,0.6816
NSP,Insperity Inc,Industrials,Staffing & Employment Services,,17.73,177.96,1.69,14.81,3.1,8.41,15.42,78.34,0.56,-14.44,3.0,533230.0,0.0,47.83,Jul 29/a,51.75,1830000000.0,HIGH,-10.55,-0.92,0.99,-5.65,0.1416,False,-5.7,False,-8.61,4.241,5.572,-2.1666,-16.85,1.063,48.0,-7.5,46.0,-12.6,46.48,22787243.0,,,11.3,0.6878109452736318,0.693407960199005,0.7425373134328358,0.6492537313432836,0.6629353233830846,0.47139303482587064,0.47574626865671643,0.6512,0.6119,0.6178
LCLN,Lincoln International Inc,Financial,Capital Markets,,,,,0.0,45.7,2.46,-4.92,,,-15.17,2.14,561720.0,0.0,23.37,Aug 06/b,27.64,2390000000.0,HIGH,-13.28,2.52,0.88,-8.38,0.247,False,-5.64,False,-2.65,4.804,3.605,-1.8816,-14.41,1.193,22.0,-5.11,41.0,13.58,23.58,23445612.0,,,17.2,0.7699004975124378,0.7605721393034826,0.38557213930348255,0.7761194029850746,0.5242537313432836,0.6890547263681592,0.3843283582089552,0.6509,0.4267,0.6898
CTRI,Centuri Holdings Inc,Utilities,Utilities - Regulated Gas,65.81,20.32,-33.74,32.86,0.03,-2.41,5.63,-33.6,-31.03,1.01,-52.86,2.71,1820000.0,0.01,20.26,Aug 04/b,29.67,2050000000.0,HIGH,1.8,4.97,1.1,6.7,0.1077,True,4.22,False,-4.65,3.447,3.539,-2.0405,-26.99,1.016,1.0,1.8,43.0,-4.43,20.91,36062541.0,,,41.9,0.7164179104477612,0.4054726368159204,0.832089552238806,0.5690298507462687,0.7630597014925373,0.6057213930348259,0.8376865671641791,0.6486,0.8136,0.6636
MATV,Mativ Holdings Inc,Basic Materials,Specialty Chemicals,7.56,9.59,134.78,1.22,0.0,1.19,2.48,56.57,40.93,0.9,-22.52,1.0,564820.0,0.0,11.99,Aug 05/a,21.0,661920000.0,HIGH,-6.0,0.51,0.78,-1.1,0.1036,False,-1.51,True,2.82,3.283,3.529,-1.5734,-12.18,0.715,44.0,36.31,41.0,24.35,11.9,5843436.0,,,76.5,0.8544776119402985,0.8171641791044776,0.849502487562189,0.15485074626865672,0.3787313432835821,0.832089552238806,0.6144278606965174,0.6478,0.6142,0.555
TDC,Teradata Corp,Technology,Software - Infrastructure,6.0,9.78,409.80999999999995,0.49,-5.23,18.43,17.13,-16.99,12.560000000000002,0.62,-31.81,2.73,2760000.0,0.0,28.49,Aug 04/a,33.5,2650000000.0,HIGH,7.45,5.57,0.91,12.35,0.1049,True,4.38,True,5.1,2.941,1.559,-1.9104,-15.12,0.626,2.0,4.51,42.0,14.91,30.14,44515463.0,,,11.1,0.7587064676616916,0.7437810945273632,0.8426616915422885,0.09577114427860696,0.5708955223880597,0.8743781094527363,0.9129353233830846,0.6477,0.7892,0.5749
ALK,Alaska Air Group Inc,Industrials,Airlines,,7.25,-148.08,9.75,2.59,-0.79,10.39,-22.97,10.62,1.32,-34.03,1.39,2770000.0,0.03,40.0,Jul 21/a,57.12,4460000000.0,HIGH,-5.97,-0.43,0.92,-1.07,0.0883,False,-2.04,False,-8.81,4.022,3.643,-2.2376,-26.28,1.357,43.0,-21.27,52.0,-10.89,39.53,116968650.0,,,44.5,0.6592039800995025,0.4154228855721393,0.9017412935323383,0.8644278606965174,0.5845771144278606,0.4608208955223881,0.6162935323383084,0.6477,0.6924,0.6423
SUPN,Supernus Pharmaceuticals Inc,Healthcare,Drug Manufacturers - Specialty & Generic,,9.57,-353.07,32.4,0.0,1.44,9.15,-8.85,-13.849999999999998,0.55,-28.52,1.5,843170.0,0.09,42.66,Aug 03/b,61.75,2480000000.0,HIGH,-2.64,-4.98,1.14,2.26,0.0877,False,-0.57,False,-5.25,3.361,2.997,-1.9205,-19.28,0.802,5.0,-0.66,44.0,-5.04,42.38,27534055.0,,,45.7,0.7549751243781094,0.6131840796019901,0.9073383084577115,0.23569651741293532,0.7898009950248757,0.5814676616915423,0.7350746268656716,0.6471,0.8032,0.5905
INDV,Indivior Pharmaceuticals Inc,Healthcare,Drug Manufacturers - Specialty & Generic,12.72,7.75,588.52,13.58,-1.94,-11.65,9.23,-13.23,23.58,1.18,-16.37,1.25,2110000.0,0.01,35.8,Aug 03/b,49.0,4230000000.000001,HIGH,2.2,-3.17,0.87,7.1,0.0913,True,1.09,False,-3.02,2.74,2.492,-1.6236,-14.66,0.777,5.0,-0.31,44.0,-4.44,35.71,67801582.0,,,37.2,0.8470149253731343,0.7518656716417911,0.8911691542288557,0.21082089552238806,0.5049751243781094,0.6685323383084577,0.8482587064676617,0.6457,0.7581,0.5578
CNK,Cinemark Holdings Inc,Communication Services,Entertainment,21.07,14.5,87.86,15.509999999999998,-1.2,2.15,7.01,15.86,35.01,1.03,-2.81,1.77,2460000.0,0.0,37.88,Jul 30/b,40.23,4390000000.0,HIGH,2.88,-6.07,0.77,7.78,0.1448,True,0.43,False,-0.62,3.4,2.996,-1.9758,-7.73,0.892,6.0,-2.51,46.0,3.32,36.05,77515156.0,,,11.6,0.736318407960199,0.9079601990049752,0.7269900497512438,0.3787313432835821,0.3656716417910448,0.7580845771144279,0.8569651741293532,0.6456,0.6706,0.5597
AVA,Avista Corp,Utilities,Utilities - Diversified,12.69,12.55,142.99,0.49,-0.76,4.57,5.0,-15.939999999999998,-11.34,0.21,-19.29,3.0,676620.0,0.0,35.11,Aug 03/b,40.25,2940000000.0,HIGH,-5.97,1.49,0.81,-1.07,0.104,False,-2.22,False,-6.53,1.637,1.813,-0.7301,-18.07,0.926,,,44.0,-10.72,35.31,25203641.0,,,14.0,0.9925373134328358,0.6529850746268657,0.845771144278607,0.4259950248756219,0.4210199004975124,0.5323383084577115,0.6162935323383084,0.6451,0.6266,0.593
NTST,Netstreit Corp,Real Estate,REIT - Retail,129.0,42.26,52.629999999999995,26.8,-0.14,13.47,14.11,-15.15,-2.68,0.79,-19.23,1.58,1980000.0,0.0,18.15,Jul 22/a,22.81,1850000000.0,HIGH,-12.79,-3.36,1.3,-7.89,0.1942,False,-6.14,False,-12.28,2.522,2.169,-1.3741,-22.03,1.077,55.0,-20.87,51.0,-18.85,17.52,31462726.0,,,30.2,0.8967661691542289,0.5298507462686567,0.5696517412935324,0.664179104477612,0.8837064676616916,0.32213930348258707,0.39427860696517414,0.6444,0.5937,0.6917
PRVA,Privia Health Group Inc,Healthcare,Health Information Services,91.42,47.22,228.23,21.39,-6.39,2.51,4.13,-22.9,-1.6,0.8,-31.64,1.17,1260000.0,0.0,19.7,Aug 06/b,31.47,2520000000.0,HIGH,-1.74,2.16,0.91,3.16,0.0991,True,1.27,False,-4.92,2.954,1.798,-1.3794,-29.56,1.033,,,41.0,-7.73,20.3,25686012.0,,,55.0,0.8955223880597015,0.3383084577114428,0.8644278606965174,0.595771144278607,0.5708955223880597,0.595771144278607,0.7661691542288557,0.6434,0.7371,0.6645
AVBP,ArriVent BioPharma Inc,Healthcare,Biotechnology,,,-16.83,,0.0,8.02,25.31,-16.32,30.47,1.37,-20.6,1.0,529370.0,0.0,28.45,Aug 12/a,44.91,1400000000.0,HIGH,-8.66,-3.52,0.77,-3.76,0.1263,False,-3.42,False,-5.5,5.291,5.412,-2.5122,-16.85,1.377,,,36.0,-5.77,28.27,19395254.0,,,58.9,0.5796019900497512,0.693407960199005,0.7761194029850746,0.8731343283582089,0.3656716417910448,0.5696517412935324,0.5310945273631841,0.6429,0.555,0.597
OTF,Blue Owl Technology Finance Corp,Financial,Asset Management,12.8,7.52,-22.19,4.65,0.03,,1.5,-3.0,-14.93,-0.5,-30.130000000000003,1.89,2450000.0,0.0,10.34,Aug 05/a,13.61,4740000000.0,HIGH,-15.82,-6.26,1.35,-10.92,0.1664,False,-8.65,False,-11.18,2.598,3.445,-1.5097,-18.95,0.944,38.0,-15.89,41.0,-8.06,9.58,21819992.0,,,42.1,0.8669154228855721,0.6243781094527363,0.6567164179104478,0.44776119402985076,0.8992537313432836,0.3619402985074627,0.2898009950248756,0.6428,0.5827,0.644
VFF,Village Farms International Inc,Consumer Defensive,Farm Products,17.04,11.96,-75.62,6.81,0.35,0.12,4.73,69.52,18.28,1.35,-36.47,1.25,911930.0,0.01,3.17,Aug 10/b,5.83,387650000.0,HIGH,-2.74,-9.55,0.76,2.16,0.1575,False,-3.52,True,7.73,4.105,3.486,-2.3782,-11.25,0.931,8.0,-4.7,39.0,36.54,2.84,2210646.0,,,105.3,0.6194029850746269,0.8383084577114428,0.6940298507462687,0.43097014925373134,0.347636815920398,0.914179104477612,0.7307213930348259,0.6408,0.6048,0.578
TMDX,Transmedics Group Inc,Healthcare,Medical Devices,21.85,36.78,-55.84,20.7,-0.62,-4.97,23.93,24.83,-15.19,1.92,-46.15,1.75,889930.0,0.01,84.0,Aug 04/a,97.3,2910000000.0,HIGH,-11.32,-3.55,1.64,-6.42,0.1363,False,-6.49,False,-6.4,4.69,4.649,-2.5668,-16.16,0.855,30.0,-12.17,42.0,4.32,79.79,63484507.0,,,21.9,0.5597014925373134,0.7164179104477612,0.7562189054726368,0.3177860696517413,0.9558457711442786,0.5379353233830846,0.44776119402985076,0.6407,0.6927,0.5928
HTFL,Heartflow Inc,Healthcare,Health Information Services,,,-65.19,47.57,-10.07,33.73,8.68,35.27,90.93,2.73,-9.73,1.5,2000000.0,0.01,47.14,Aug 13/a,46.0,4099999999.999999,HIGH,0.84,-1.2,0.83,5.74,0.1072,True,0.79,True,17.23,4.519,5.414,-3.0572,-5.56,0.771,11.0,-0.5,35.0,59.05,49.32,96501759.0,,,-6.7,0.43283582089552236,0.9490049751243781,0.8345771144278606,0.20087064676616914,0.44713930348258707,0.9676616915422885,0.8190298507462687,0.6387,0.7121,0.5121
OCFC,OceanFirst Financial Corp,Financial,Banks - Regional,20.1,7.47,-115.36,32.13,-0.8500000000000001,28.44,5.91,-12.36,-1.89,0.99,-17.08,2.14,1040000.0,0.0,17.09,Jul 30/a,22.25,1680000000.0,HIGH,-13.64,0.36,0.94,-8.74,0.2118,False,-5.56,False,-10.25,2.563,1.788,-1.1396,-17.46,1.121,,,45.0,-13.1,16.78,19115554.0,,,32.6,0.9353233830845771,0.6672885572139303,0.49626865671641796,0.7195273631840796,0.611318407960199,0.39800995024875624,0.3681592039800995,0.638,0.4795,0.666
PRGS,Progress Software Corp,Technology,Software - Infrastructure,18.83,5.96,29.14,6.79,-3.4799999999999995,5.59,11.68,15.2,40.89,0.87,-17.71,1.33,642060.0,0.08,38.98,Sep 30/a,56.2,1600000000.0,HIGH,-16.23,-6.37,1.61,-11.33,0.185,False,-9.0,False,-12.03,5.045,4.58,-3.1818,-20.41,1.842,24.0,-17.56,2.0,0.87,36.9,25072896.0,,,52.3,0.39054726368159204,0.572139303482587,0.6032338308457712,0.9664179104477612,0.9527363184079602,0.3370646766169154,0.27860696517412936,0.637,0.5782,0.6617
KRP,Kimbell Royalty Partners LP,Energy,Oil & Gas E&P,20.83,14.75,1882.21,37.76,-0.08,-0.62,3.87,2.56,0.61,0.42,-6.329999999999999,1.57,855330.0,0.08,14.8,Aug 07/b,20.17,1900000000.0,HIGH,-2.02,0.83,0.54,2.88,0.077,False,-0.62,False,-1.77,1.79,2.195,-1.1901,-6.84,0.779,30.0,-3.89,40.0,0.48,14.58,14223867.0,,,38.3,0.9266169154228856,0.9241293532338308,0.9390547263681592,0.21517412935323382,0.09390547263681592,0.7164179104477612,0.7562189054726368,0.6359,0.6124,0.488
AMPX,Amprius Technologies Inc,Industrials,Electrical Equipment & Parts,,233.77,32.31,125.87000000000002,-16.37,8.78,16.66,-18.73,-31.840000000000003,2.35,-54.65,1.0,5650000.0,4.12,10.99,Aug 04/a,23.7,1610000000.0,HIGH,-2.22,0.73,0.94,2.68,0.1225,True,0.49,False,-4.62,5.946,3.878,-2.6271,-27.94,1.424,35.0,-19.01,42.0,-10.55,9.67,51759297.0,,,145.1,0.5447761194029851,0.3805970149253731,0.7860696517412935,0.8843283582089553,0.611318407960199,0.6082089552238806,0.7475124378109452,0.6359,0.7182,0.6622
HLF,Herbalife Ltd,Consumer Defensive,Packaged Foods,8.04,4.08,-152.75,5.38,-5.94,-11.56,8.86,-2.67,-13.61,0.8,-38.98,1.6,1640000.0,0.0,12.45,Aug 05/a,18.0,1300000000.0,HIGH,1.45,-0.32,0.65,6.35,0.0922,True,2.93,True,2.86,3.173,2.627,-1.7754,-5.42,0.671,28.0,-0.16,41.0,9.12,12.56,16918825.0,,,43.3,0.8034825870646766,0.9514925373134329,0.8843283582089552,0.1281094527363184,0.2058457711442786,0.8333333333333334,0.8283582089552238,0.6344,0.6584,0.4927
SKY,Champion Homes Inc,Consumer Cyclical,Residential Construction,25.71,20.6,-20.87,1.27,-1.99,2.08,5.42,0.4699999999999999,21.09,1.01,-11.42,1.71,650180.0,0.03,87.84,Aug 04/a,103.5,4770000000.0,HIGH,0.39,1.47,0.7,5.29,0.0871,True,2.89,True,0.77,3.415,3.598,-1.8814,-8.79,0.739,36.0,-6.16,42.0,6.97,88.1,45293422.0,,,17.5,0.7711442786069652,0.8905472636815921,0.9092039800995024,0.17412935323383086,0.26430348258706465,0.7947761194029851,0.8140547263681592,0.634,0.6777,0.5011
CRMD,CorMedix Inc,Healthcare,Biotechnology,3.73,138.34,1.92,156.52,0.0,3.03,22.67,2.62,16.84,1.4,-39.78,1.0,1140000.0,0.0,7.84,Aug 13/b,15.33,611080000.0,HIGH,-14.71,-8.87,1.29,-9.81,0.1311,False,-8.12,False,-8.51,3.129,3.894,-1.522,-19.93,0.794,22.0,-14.2,36.0,1.27,7.19,6786038.0,,,113.2,0.8631840796019901,0.5895522388059702,0.7674129353233831,0.22885572139303484,0.878731343283582,0.47388059701492535,0.3246268656716418,0.6336,0.6237,0.6112
SBGI,Sinclair Inc,Communication Services,Broadcasting,16.55,,-14.529999999999998,7.139999999999999,-0.29,4.01,9.41,-8.73,-2.97,1.1,-28.69,3.0,521880.0,0.0,12.75,Aug 05/a,18.17,922050000.0,HIGH,-9.99,-2.97,1.11,-5.09,0.1799,False,-6.57,False,-9.87,3.235,3.701,-1.6727,-23.74,1.089,35.0,-12.96,41.0,-10.64,12.43,6319948.0,,,46.2,0.8345771144278606,0.48756218905472637,0.6106965174129353,0.6784825870646766,0.7711442786069652,0.4141791044776119,0.49502487562189057,0.6328,0.6126,0.6746
GDYN,Grid Dynamics Holdings Inc,Technology,Information Technology Services,226.32,14.7,-43.61,6.99,-0.08,-8.26,7.29,42.28,40.22,0.97,-24.19,1.33,1770000.0,0.0,7.74,Jul 30/a,9.2,627920000.0,HIGH,-0.5,5.67,0.94,4.4,0.1106,True,1.64,True,4.89,3.856,5.985,-2.7096,-8.03,0.571,2.0,1.78,45.0,16.4,8.02,7375428.0,,,14.7,0.5236318407960199,0.900497512437811,0.820273631840796,0.07027363184079602,0.611318407960199,0.8681592039800995,0.7953980099502488,0.6324,0.7476,0.5183
FHI,Federated Hermes Inc,Financial,Asset Management,10.75,9.72,19.61,18.21,-1.1,1.37,6.23,0.5,0.84,0.64,-13.96,2.89,606110.0,0.0,57.82,Jul 30/a,61.57,4320000000.0,HIGH,-10.14,-2.59,0.79,-5.24,0.1319,False,-3.7,False,-8.08,2.61,1.659,-1.2436,-16.56,0.993,28.0,-13.37,45.0,-5.72,56.07,40409805.0,,,9.8,0.9166666666666666,0.7021144278606966,0.763681592039801,0.5261194029850746,0.39490049751243783,0.48880597014925375,0.4925373134328358,0.632,0.5446,0.5816
ARR,ARMOUR Residential REIT Inc,Real Estate,REIT - Mortgage,3.76,4.77,191.47,8.35,-12.25,8.01,11.55,-19.26,-11.0,1.39,-27.500000000000004,2.33,4000000.0,0.03,14.0,Jul 22/a,18.38,1980000000.0,HIGH,-16.88,-2.79,1.25,-11.98,0.2363,False,-8.51,False,-13.93,2.901,5.077,-1.3476,-22.78,1.284,35.0,-18.72,51.0,-15.75,13.59,68168506.0,,,35.2,0.8992537313432836,0.5124378109452736,0.4129353233830846,0.8308457711442786,0.8600746268656716,0.27487562189054726,0.26243781094527363,0.6317,0.4869,0.7163
TARS,Tarsus Pharmaceuticals Inc,Healthcare,Biotechnology,,52.61,10.97,69.41,-3.3300000000000005,3.81,13.89,21.96,12.77,0.45,-18.38,1.09,988560.0,0.0,74.71,Aug 06/b,100.0,3500000000.0,HIGH,-19.59,-4.96,0.98,-14.69,0.2134,False,-7.31,True,0.79,3.645,3.973,-3.1683,-20.24,1.394,22.0,-1.42,41.0,19.11,73.0,65285573.0,,,37.0,0.39552238805970147,0.5758706467661692,0.49004975124378114,0.8774875621890548,0.6511194029850746,0.7972636815920398,0.19402985074626866,0.6312,0.42,0.6803
FCPT,Four Corners Property Trust Inc,Real Estate,REIT - Retail,20.13,19.33,-1.12,7.65,0.26,0.2,4.2,-12.46,-6.370000000000001,0.8,-17.35,2.2,904300.0,0.0,22.2,Jul 29/a,27.7,2440000000.0,HIGH,-13.56,-2.18,0.79,-8.66,0.1923,False,-6.0,False,-11.38,2.148,2.135,-0.725,-19.77,1.352,54.0,-18.15,46.0,-15.62,21.55,27941667.0,,,28.5,0.9937810945273632,0.595771144278607,0.5796019900497513,0.8606965174129353,0.39490049751243783,0.35945273631840796,0.3706467661691542,0.6307,0.4406,0.6522
GPGI,GPGI Inc,Industrials,Metal Fabrication,,9.22,167.96,,0.1,6.94,14.39,-25.35,-27.77,0.88,-56.68,3.0,1520000.0,0.0,11.6,Aug 06/b,15.0,3360000000.0,HIGH,-5.36,10.92,1.1,-0.46,0.2214,True,3.42,False,-2.41,5.365,5.078,-3.2632,-18.28,1.305,,,41.0,-13.89,12.9,21200792.0,,,16.3,0.3706467661691542,0.6492537313432836,0.457089552238806,0.8420398009950248,0.7630597014925373,0.6990049751243781,0.6343283582089553,0.6302,0.6198,0.6687
ACCO,Acco Brands Corp,Industrials,Business Equipment & Supplies,7.09,4.57,-52.96999999999999,5.14,-2.19,0.61,7.67,3.04,49.66,1.18,-3.47,1.0,747940.0,0.0,4.4,Jul 30/a,8.0,406160000.0,HIGH,-2.71,-0.46,0.58,2.19,0.0603,True,0.74,True,0.58,2.89,1.395,-1.8215,-5.7,0.715,20.0,-0.92,45.0,1.9,4.3,2857193.0,,,86.0,0.7922885572139303,0.9465174129353234,0.9670398009950248,0.15485074626865672,0.1256218905472637,0.789179104477612,0.7338308457711443,0.6292,0.6213,0.4655
XNCR,Xencor Inc,Healthcare,Biotechnology,,,30.99,17.46,-0.77,-0.91,22.51,52.16,107.85,0.89,-22.46,1.5,1270000.0,0.0,23.74,Aug 05/a,31.25,1760000000.0,HIGH,-6.65,-2.97,0.77,-1.75,0.1132,True,0.54,True,2.73,4.601,5.495,-2.6789,-18.85,1.036,30.0,-8.0,41.0,25.2,24.84,35227364.0,,,25.8,0.5286069651741293,0.6293532338308457,0.8121890547263682,0.599502487562189,0.3656716417910448,0.8308457711442786,0.5864427860696517,0.6277,0.5879,0.5812
MRP,Millrose Properties Inc,Real Estate,REIT - Residential,9.59,8.51,11.59,32.11,2.03,1.61,5.12,-10.37,-2.76,0.37,-20.32,1.0,1340000.0,0.02,27.5,Aug 04/b,37.17,4240000000.0,HIGH,-23.14,-6.57,3.65,-18.24,0.2775,False,-12.91,False,-15.57,4.0,10.605,-1.9647,-23.5,2.667,21.0,-20.25,43.0,-14.1,24.61,66152916.0,,,51.0,0.7388059701492538,0.4925373134328358,0.30597014925373134,0.9888059701492538,0.996268656716418,0.24004975124378108,0.12935323383084577,0.6271,0.4424,0.741
ATEN,A10 Networks Inc,Technology,Software - Infrastructure,43.98,21.72,-18.53,15.5,-1.25,5.56,14.01,-26.44,11.0,1.13,-33.15,1.83,1280000.0,0.0,25.73,Aug 05/a,36.67,1870000000.0,HIGH,12.36,8.35,0.87,17.26,0.1594,True,6.11,True,2.21,3.831,2.932,-2.2165,-27.42,1.095,3.0,7.05,41.0,0.11,27.63,30415443.0,,,32.7,0.6703980099502488,0.3880597014925373,0.6878109452736318,0.6853233830845771,0.5049751243781094,0.8227611940298507,0.9353233830845771,0.6266,0.732,0.6709
SLDE,Slide Insurance Holdings Inc,Financial,Insurance - Property & Casualty,5.55,6.15,90.44,47.86,-11.11,9.23,9.37,15.48,29.75,0.07,-14.829999999999998,1.5,1270000.0,0.0,22.78,Jul 28/a,26.0,2660000000.0,HIGH,-4.3,3.28,0.77,0.6,0.193,False,-2.45,True,3.26,3.526,1.948,-2.5939,-11.74,1.038,16.0,-3.44,47.0,10.33,23.61,35669287.0,,,10.1,0.5509950248756219,0.8246268656716418,0.5733830845771144,0.6044776119402985,0.3656716417910448,0.8395522388059702,0.677860696517413,0.6265,0.5529,0.5902
DEI,Douglas Emmett Inc,Real Estate,REIT - Office,,,49.59,1.63,0.0,5.6,19.07,-17.01,6.860000000000001,1.2,-38.03,2.92,1930000.0,0.0,9.81,Aug 04/a,13.1,1640000000.0,HIGH,-14.01,1.55,1.06,-9.11,0.209,False,-4.27,False,-12.12,3.048,3.36,-1.718,-24.29,1.435,,,42.0,-16.78,9.82,23529036.0,,,33.4,0.8171641791044776,0.472636815920398,0.5099502487562189,0.8880597014925373,0.722636815920398,0.3308457711442786,0.3482587064676617,0.6235,0.5091,0.6897
SRTA,Strata Critical Medical Inc,Healthcare,Medical Care Facilities,,1618.62,-165.22,2.41,-0.64,-2.95,6.54,4.05,30.19,2.42,-17.08,1.0,996420.0,0.0,5.39,Aug 04/b,9.56,476840000.0,HIGH,-11.09,-9.56,1.24,-6.19,0.1412,False,-9.58,False,-14.0,4.435,4.545,-2.0604,-25.22,1.108,30.0,-20.64,43.0,-14.77,4.73,4185344.0,,,102.1,0.7101990049751243,0.44029850746268656,0.7450248756218906,0.7033582089552238,0.8526119402985075,0.27176616915422885,0.4577114427860697,0.6205,0.6624,0.6345
AVR,Anteris Technologies Global Corp,Healthcare,Medical Devices,,,48.26,63.27,-15.63,-6.15,7.9,-21.37,48.17,1.83,-30.44,1.5,984770.0,0.02,7.69,Aug 10/a,13.8,749460000.0,HIGH,-14.71,-0.39,1.81,-9.81,0.2126,False,-5.11,False,-9.07,4.299,4.475,-2.7277,-23.66,1.251,35.0,-13.66,38.0,-13.95,7.71,6636196.0,,,79.0,0.5167910447761194,0.4900497512437811,0.49502487562189057,0.8059701492537313,0.9701492537313433,0.44216417910447764,0.3246268656716418,0.62,0.5694,0.6838
PSNL,Personalis Inc,Healthcare,Diagnostics & Research,,,-32.61,29.960000000000004,-1.56,2.55,11.49,19.13,158.36,2.32,-13.29,2.8,3880000.0,0.0,16.38,Aug 04/a,16.25,1750000000.0,HIGH,-5.35,-0.25,0.57,-0.45,0.0578,False,-0.5,True,5.75,2.356,1.966,-1.204,-13.82,0.451,32.0,17.04,42.0,20.41,16.28,32961572.0,,,-0.2,0.9241293532338308,0.7786069651741293,0.9738805970149254,0.04228855721393035,0.11691542288557213,0.8805970149253731,0.6361940298507462,0.6194,0.5817,0.491
BNL,Broadstone Net Lease Inc,Real Estate,REIT - Diversified,25.28,24.73,95.71,8.14,0.4599999999999999,6.08,10.62,-10.44,2.65,0.93,-17.97,1.73,2130000.0,0.0,18.95,Jul 29/a,23.7,3640000000.0,HIGH,-10.81,-1.49,1.08,-5.91,0.1749,False,-4.75,False,-9.71,2.038,2.505,-1.0058,-19.65,0.874,53.0,-18.31,46.0,-13.67,18.56,37708222.0,,,27.7,0.9651741293532339,0.5982587064676617,0.6237562189054726,0.35385572139303484,0.7437810945273632,0.4228855721393035,0.47139303482587064,0.618,0.5988,0.6214
CTKB,Cytek BioSciences Inc,Healthcare,Medical Devices,,,-113.40999999999998,5.57,0.0,-5.29,4.41,26.119999999999997,23.36,1.19,-8.58,2.0,1030000.0,0.0,5.65,Aug 05/a,5.56,734410000.0,HIGH,24.89,2.26,0.76,29.79,0.3804,True,11.24,True,21.32,4.49,3.237,-2.8531,-1.92,1.14,5.0,3.89,41.0,41.11,5.87,7665036.0,,,-5.3,0.48756218905472637,0.9888059701492538,0.16044776119402981,0.7344527363184079,0.347636815920398,0.9875621890547264,0.9751243781094527,0.6177,0.5425,0.6393
SITE,SiteOne Landscape Supply Inc,Industrials,Industrial Distribution,24.96,18.04,9.75,4.73,1.73,-4.48,8.53,-20.53,-30.09,1.38,-45.89,1.79,878640.0,0.02,91.2,Jul 29/b,127.5,3980000000.0,HIGH,-10.96,-1.51,0.83,-6.06,0.1581,False,-2.84,False,-6.3,3.123,3.808,-1.7596,-18.46,1.018,,,47.0,-4.51,89.56,99443752.0,,,42.4,0.8059701492537313,0.6417910447761194,0.6927860696517413,0.5715174129353234,0.44713930348258707,0.5441542288557214,0.4614427860696517,0.6172,0.5266,0.5922
CRC,California Resources Corp,Energy,Oil & Gas E&P,,13.2,199.18,33.01,-0.97,-2.25,4.5,0.59,-23.17,1.01,-26.49,1.38,855340.0,0.13,52.91,Aug 10/b,75.71,4700000000.0,HIGH,-3.3,1.14,0.7,1.6,0.1558,False,-2.5,False,-1.23,3.187,2.727,-1.997,-9.62,0.897,14.0,-6.02,39.0,0.67,52.43,51784912.0,,,44.4,0.7325870646766169,0.8681592039800995,0.697139303482587,0.38681592039800994,0.26430348258706465,0.7431592039800995,0.7139303482587065,0.6154,0.574,0.5317
CTOS,Custom Truck One Source Inc,Industrials,Rental & Leasing Services,100.64,31.85,136.15,10.16,0.0,1.95,7.78,-20.85,43.62,1.43,-22.73,1.33,1050000.0,0.0,9.45,Aug 03/a,13.33,2150000000.0,HIGH,6.42,5.05,0.99,11.32,0.1003,True,5.47,True,0.23,3.241,2.812,-2.2743,-20.03,0.704,1.0,3.16,43.0,-8.0,9.78,7975425.0,,,36.3,0.650497512437811,0.5845771144278606,0.8582089552238806,0.14676616915422885,0.6629353233830846,0.777363184079602,0.900497512437811,0.6134,0.8165,0.5594
EVLV,Evolv Technologies Holdings Inc,Industrials,Security & Protection Services,,,78.96,34.44,-3.58,1.07,6.53,-13.19,-15.3,1.73,-44.72,1.0,2090000.0,0.16,4.87,Aug 11/a,9.85,882080000.0,HIGH,-8.6,-1.72,1.03,-3.7,0.1365,False,-6.72,False,-13.34,3.587,4.814,-1.7629,-25.93,1.106,40.0,-23.13,37.0,-20.1,4.57,11255129.0,,REVIEW,115.5,0.804726368159204,0.4284825870646766,0.7549751243781094,0.6996268656716418,0.6958955223880597,0.2935323383084577,0.5335820895522388,0.6129,0.6487,0.6234
MGNI,Magnite Inc,Communication Services,Advertising Agencies,21.52,17.47,75.23,11.24,-27.47,7.539999999999999,8.15,23.04,101.71999999999998,2.33,-12.44,1.33,2580000.0,0.0,23.5,Aug 05/a,29.22,3370000000.0,HIGH,2.44,5.68,0.69,7.34,0.1278,True,1.44,True,5.79,4.87,5.257,-3.2199,-7.86,0.964,4.0,5.68,41.0,19.64,24.73,55143389.0,,,18.2,0.3793532338308458,0.9054726368159204,0.7723880597014925,0.48258706467661694,0.24875621890547264,0.8855721393034826,0.8507462686567164,0.6124,0.6466,0.4991
ACIW,ACI Worldwide Inc,Technology,Software - Infrastructure,22.52,16.74,169.34,7.27,0.0,2.26,6.49,-0.61,23.4,0.98,-19.43,1.4,985350.0,0.0,49.21,Aug 06/b,67.33,4970000000.0,HIGH,-5.29,2.35,0.77,-0.39,0.1105,False,-0.83,False,-5.11,2.471,2.632,-1.0972,-17.89,0.828,48.0,-13.36,41.0,-9.18,50.15,38094594.0,,,34.3,0.9477611940298507,0.6567164179104478,0.822139303482587,0.2829601990049751,0.3656716417910448,0.5907960199004975,0.6399253731343284,0.611,0.6123,0.5468
EWTX,Edgewise Therapeutics Inc,Healthcare,Biotechnology,,,-54.67999999999999,,-1.35,-0.76,11.65,-3.95,27.440000000000005,0.35,-18.98,1.31,1320000.0,0.01,39.3,Aug 06/b,52.62,4269999999.999999,HIGH,-3.88,4.05,0.84,1.02,0.211,False,-3.24,False,-3.45,5.475,3.659,-3.0259,-14.66,1.305,12.0,-8.89,41.0,-6.8,41.4,72924880.0,,,27.1,0.44776119402985076,0.7518656716417911,0.4987562189054726,0.8420398009950248,0.4651741293532338,0.6480099502487562,0.6977611940298507,0.6089,0.5683,0.6007
NOG,Northern Oil and Gas Inc,Energy,Oil & Gas E&P,,6.08,118.5,16.79,0.84,-4.25,21.15,32.08,-23.85,0.91,-24.7,2.36,2690000.0,0.06,23.47,Aug 06/a,30.5,2500000000.0,HIGH,-8.06,2.67,0.81,-3.16,0.237,False,-3.14,False,-1.29,3.723,3.651,-2.5341,-12.87,1.115,32.0,-6.14,40.0,17.5,23.83,52538176.0,,,28.0,0.5696517412935324,0.8003731343283582,0.4116915422885572,0.710820895522388,0.4210199004975124,0.7388059701492538,0.5472636815920398,0.6087,0.4687,0.6101
ACHV,Achieve Life Sciences Inc,Healthcare,Biotechnology,,,-118.04999999999998,,-0.06,51.59,22.91,21.03,184.53,2.32,-12.73,1.0,1700000.0,0.0,7.54,Aug 11/b,14.27,775880000.0,HIGH,-14.72,-6.58,1.09,-9.82,0.1914,False,-5.82,False,-2.67,6.206,8.011,-3.7773,-16.2,1.057,32.0,-3.72,38.0,8.55,7.24,13236904.0,,,97.1,0.26741293532338306,0.7139303482587065,0.5870646766169154,0.6337064676616916,0.7543532338308457,0.6878109452736318,0.3215174129353234,0.6074,0.531,0.5858
INVX,Innovex International Inc,Energy,Oil & Gas Equipment & Services,32.48,15.51,62.24000000000001,9.21,-34.6,0.64,5.7,17.06,14.41,0.91,-14.71,1.4,689930.0,0.01,28.75,Aug 03/a,34.5,2010000000.0,HIGH,-9.18,-5.37,1.22,-4.28,0.1432,False,-4.97,False,-5.97,3.664,3.259,-2.2577,-18.99,0.802,45.0,2.82,43.0,-3.5,27.31,23872743.0,,,26.3,0.6529850746268657,0.6218905472636815,0.7356965174129353,0.23569651741293532,0.8407960199004975,0.554726368159204,0.5199004975124378,0.607,0.6809,0.5711
FWDI,Forward Industries Inc,Financial,Capital Markets,,38.25,-2.96,332.09,0.0,1.44,10.14,92.0,89.33,0.87,-73.46,1.0,1790000.0,0.39,8.16,Aug 12/a,11.83,602590000.0,HIGH,29.32,1.37,1.32,34.22,0.488,True,10.93,True,39.23,8.062,8.946,-7.4426,-6.85,1.125,11.0,31.61,36.0,97.1,8.16,17256796.0,,,45.0,0.03109452736318408,0.9228855721393034,0.07213930348258701,0.7238805970149254,0.8917910447761194,1.0,0.9850746268656716,0.607,0.6832,0.6617
PMT,Pennymac Mortgage Investment Trust,Real Estate,REIT - Mortgage,5.82,6.01,756.3,17.26,-0.4599999999999999,5.44,11.81,-24.09,-25.71,1.16,-39.75,2.75,1590000.0,0.03,8.32,Jul 29/a,10.67,725530000.0,HIGH,-19.09,-3.35,1.12,-14.19,0.2688,False,-10.64,False,-14.91,3.342,3.974,-1.38,-24.64,1.482,,,46.0,-16.22,7.8,17009739.0,,,36.8,0.8942786069651741,0.4614427860696517,0.3376865671641791,0.9029850746268657,0.7761194029850746,0.25870646766169153,0.2064676616915423,0.6052,0.4167,0.708
ESRT,Empire State Realty Trust Inc,Real Estate,REIT - Diversified,230.41,,-494.26,2.95,0.0,-1.36,8.19,-22.04,-16.39,1.41,-48.42,2.67,2770000.0,0.0,4.15,Jul 29/a,5.4,718040000.0,HIGH,-8.15,2.71,0.98,-3.25,0.1315,False,-0.07,False,-9.08,3.392,2.398,-2.4837,-29.8,1.305,47.0,-26.33,46.0,-16.6,4.17,20906404.0,,,29.5,0.595771144278607,0.3333333333333333,0.7649253731343284,0.8420398009950248,0.6511194029850746,0.44029850746268656,0.5447761194029851,0.6046,0.6427,0.6323
TWI,Titan International Inc,Industrials,Farm & Heavy Construction Machinery,,24.41,225.39,5.19,0.0,-4.48,4.62,-9.81,4.12,1.43,-39.49,1.0,564730.0,0.0,7.08,Jul 30/b,12.0,456960000.0,HIGH,-16.09,-0.14,0.91,-11.19,0.2056,False,-3.34,False,-3.23,3.822,2.432,-3.2914,-16.29,1.214,22.0,-5.67,46.0,-5.03,6.99,4340716.0,,,71.7,0.3656716417910448,0.7077114427860697,0.5310945273631841,0.7922885572139303,0.5708955223880597,0.6592039800995025,0.28544776119402987,0.6045,0.4448,0.597
CNR,Core Natural Resources Inc,Energy,Thermal Coal,45.36,14.27,459.06,3.51,0.0,-0.15,3.93,13.570000000000002,-20.64,0.22,-21.73,1.4,550530.0,0.16,89.86,Aug 06/b,111.6,4460000000.0,HIGH,-10.7,0.63,0.87,-5.8,0.1988,False,-4.15,False,-3.41,3.449,2.72,-1.7381,-15.17,0.875,22.0,-12.13,41.0,6.31,88.96,46633229.0,,,25.4,0.8146766169154229,0.7412935323383084,0.5597014925373134,0.35634328358208955,0.5049751243781094,0.6492537313432836,0.472636815920398,0.6044,0.5085,0.5813
GRND,Grindr Inc,Technology,Software - Application,31.19,20.33,18.97,32.54,-0.48,-2.4,28.37,10.87,28.7,0.19,-13.46,1.33,1590000.0,0.0,16.01,Aug 06/a,20.8,2780000000.0,HIGH,-11.93,-13.97,1.97,-7.03,0.1607,False,-12.64,False,-15.25,5.421,6.515,-3.1544,-27.41,1.589,4.0,-13.97,40.0,-19.0,13.43,25849067.0,,,54.9,0.4017412935323383,0.38992537313432835,0.6791044776119404,0.927860696517413,0.9763681592039801,0.2512437810945274,0.42786069651741293,0.6044,0.6678,0.6393
VGZ,Vista Gold Corp,Basic Materials,Gold,,,-7.41,,0.0,4.78,5.35,39.89,46.11,1.32,-15.97,1.0,2010000.0,0.09,2.63,Jul 29/a,4.5,383900000.0,HIGH,19.2,-0.74,0.99,24.1,0.427,True,8.27,True,17.87,5.35,2.622,-5.1769,-7.61,1.338,10.0,18.14,46.0,56.14,2.67,5894476.0,,,68.5,0.10572139303482588,0.9116915422885572,0.1169154228855721,0.8526119402985075,0.6629353233830846,0.9701492537313433,0.9564676616915423,0.6033,0.6165,0.6479
TALO,Talos Energy Inc,Energy,Oil & Gas E&P,,16.89,183.96,56.53,-10.38,0.88,7.37,22.16,-1.5,0.42,-12.839999999999998,1.69,2040000.0,0.02,16.32,Aug 04/a,20.18,2730000000.0,HIGH,-0.36,1.94,0.64,4.54,0.1392,False,-1.08,True,3.14,3.827,2.384,-2.3727,-10.39,0.882,14.0,-4.98,42.0,18.34,16.78,35398440.0,,,20.3,0.6218905472636815,0.8557213930348259,0.75,0.3650497512437811,0.1890547263681592,0.8364427860696517,0.7985074626865671,0.603,0.6011,0.5031
TNL,Travel+Leisure Co,Consumer Cyclical,Travel Services,17.55,7.33,5.86,4.42,-8.0,3.94,12.6,-17.04,-4.74,1.2,-20.4,1.17,733870.0,0.0,64.48,Jul 22/b,91.17,3950000000.0,HIGH,-5.14,-1.49,0.75,-0.24,0.0844,False,-1.84,False,-9.91,2.848,2.146,-1.298,-20.85,0.972,48.0,-17.55,52.0,-14.22,62.92,47145297.0,,,44.9,0.9092039800995025,0.5597014925373134,0.9116915422885572,0.48880597014925375,0.3333333333333333,0.4116915422885572,0.6473880597014925,0.6024,0.6325,0.5358
PBH,Prestige Consumer Healthcare Inc,Healthcare,Drug Manufacturers - Specialty & Generic,13.05,9.08,-35.65,6.480000000000001,-0.32,2.38,10.27,-5.67,-22.81,0.33,-34.42,1.71,566640.0,0.0,46.61,Aug 06/b,67.25,2210000000.0,HIGH,-13.39,-3.56,0.85,-8.49,0.1467,False,-3.69,False,-9.3,3.166,2.541,-2.2175,-19.16,1.099,42.0,-12.96,41.0,-14.57,45.26,29352252.0,,,48.6,0.6685323383084577,0.6181592039800995,0.7213930348258706,0.6902985074626866,0.48258706467661694,0.43283582089552236,0.376865671641791,0.6023,0.5119,0.5686
SNDX,Syndax Pharmaceuticals Inc,Healthcare,Biotechnology,,,33.35,91.76,-1.28,10.78,25.46,-15.06,-21.24,0.42,-27.71,1.08,1710000.0,0.03,18.5,Aug 04/a,37.55,1650000000.0,HIGH,-14.4,-1.46,1.38,-9.5,0.1863,False,-4.12,False,-8.68,4.59,5.341,-2.5527,-29.0,1.129,22.0,-12.44,42.0,-7.76,17.6,33747154.0,,,113.4,0.5659203980099502,0.35199004975124376,0.5932835820895522,0.7269900497512438,0.9092039800995025,0.4651741293532338,0.33955223880597013,0.6021,0.5866,0.6668
IRON,Disc Medicine Inc,Healthcare,Biotechnology,,,2.44,,-2.38,1.65,25.6,-11.41,9.84,0.91,-33.67,1.0,515000.0,0.0,66.0,Jul 30/b,103.17,2530000000.0,HIGH,-18.58,-0.63,1.18,-13.68,0.2564,False,-6.47,False,-13.85,3.95,4.247,-1.9491,-22.86,1.449,28.0,-20.3,46.0,-12.43,64.51,39745638.0,,,59.9,0.7450248756218906,0.5111940298507462,0.3606965174129353,0.8917910447761194,0.8196517412935324,0.2798507462686567,0.22139303482587064,0.6014,0.4427,0.6841
MC,Moelis & Co,Financial,Capital Markets,20.37,14.84,16.45,12.05,-0.8100000000000002,-0.57,7.31,-7.01,7.77,1.88,-25.21,2.82,866250.0,0.0,58.5,Jul 29/a,72.2,4750000000.0,HIGH,-18.4,-3.06,1.15,-13.5,0.2483,False,-7.23,False,-13.18,3.573,3.64,-1.6291,-20.19,1.112,36.0,-15.01,46.0,-13.69,56.32,54035704.0,,,28.2,0.8432835820895522,0.5777363184079602,0.3818407960199005,0.707089552238806,0.7978855721393034,0.2997512437810945,0.22823383084577115,0.6013,0.4452,0.662
BBAI,BigBear.ai Holdings Inc,Technology,Information Technology Services,,,92.47,13.170000000000002,-0.43,-0.08,31.69,-23.06,-11.78,3.25,-70.5,2.33,21260000.0,0.05,2.77,Jul 30/a,4.33,1330000000.0,HIGH,-9.25,-0.38,1.65,-4.35,0.1305,False,-5.37,False,-10.21,5.14,9.434,-2.3927,-22.74,0.867,36.0,-18.71,45.0,-5.02,2.65,42552559.0,,,63.4,0.6169154228855721,0.513681592039801,0.7686567164179104,0.3414179104477612,0.9583333333333334,0.39987562189054726,0.5167910447761194,0.5998,0.7248,0.5791
PNNT,PennantPark Investment Corp,Financial,Asset Management,21.39,5.93,-45.19,26.55,0.0,,4.22,-0.19,-18.96,0.66,-47.59,3.0,597650.0,0.14,3.32,Aug 10/a,4.75,216780000.0,HIGH,-13.1,-1.22,0.85,-8.2,0.1597,False,-5.97,False,-8.63,3.121,3.692,-1.8011,-16.67,0.956,41.0,-6.61,38.0,-12.4,3.25,1831310.0,,,46.2,0.7960199004975125,0.6977611940298507,0.6853233830845771,0.4664179104477612,0.48258706467661694,0.4701492537313433,0.388681592039801,0.5997,0.5058,0.5538
BXDC,Blackstone Digital Infrastructure Trust Inc,Real Estate,REIT - Specialty,,,,,103.27,95.25,4.51,-12.839999999999998,,,-17.37,2.17,1280000.0,0.0,18.92,Aug 04/b,23.58,1900000000.0,HIGH,-15.05,-4.74,0.79,-10.15,0.2089,False,-9.6,False,-13.19,3.917,3.416,-1.5356,-20.67,1.831,27.0,-16.49,43.0,-14.5,17.27,53611053.0,,,36.5,0.8606965174129353,0.5671641791044776,0.5118159203980099,0.9651741293532339,0.39490049751243783,0.29850746268656714,0.31218905472636815,0.5997,0.3969,0.6298
OABI,OmniAb Inc,Healthcare,Biotechnology,,,69.59,244.24,-0.12,-4.33,6.01,80.54,207.28,0.61,-14.550000000000002,1.0,1360000.0,0.0,4.64,Aug 06/a,7.64,674610000.0,HIGH,12.47,2.74,1.23,17.37,0.2799,True,7.4,True,25.92,5.317,5.749,-4.3174,-10.31,0.913,22.0,9.68,40.0,117.41,4.87,6009874.0,,,56.9,0.19029850746268656,0.8569651741293532,0.2997512437810945,0.40671641791044777,0.8470149253731343,0.9937810945273632,0.9365671641791045,0.5991,0.7187,0.6095
EQPT,Equipmentshare.Com Inc,Industrials,Rental & Leasing Services,223.48,23.93,29.24,26.33,-1.33,6.63,13.04,-14.38,-13.62,,-51.21,1.75,3190000.0,0.01,17.32,Aug 12/a,33.2,4400000000.0,HIGH,-5.37,1.59,0.94,-0.47,0.1623,True,2.36,False,-1.3,6.324,7.135,-4.5032,-15.18,1.074,34.0,-10.32,36.0,-10.54,18.5,64711261.0,,,79.5,0.1691542288557214,0.7400497512437811,0.6741293532338308,0.6623134328358209,0.611318407960199,0.7375621890547264,0.6330845771144279,0.5991,0.6389,0.5451
ADPT,Adaptive Biotechnologies Corp,Healthcare,Diagnostics & Research,,,-47.8,21.53,-37.87,2.47,8.71,34.21,131.43,2.11,-4.14,1.25,2490000.0,0.06,28.72,Jul 29/a,26.36,4580000000.0,HIGH,16.76,-0.56,0.64,21.66,0.289,True,4.52,True,10.78,4.932,3.88,-3.0347,-5.37,1.216,7.0,1.65,46.0,25.66,28.35,68041381.0,,,-7.0,0.44154228855721395,0.9539800995024875,0.2848258706467661,0.7935323383084577,0.1890547263681592,0.9309701492537313,0.9514925373134329,0.599,0.5228,0.5888
BBT,Beacon Financial Corp,Financial,Banks - Regional,20.24,8.41,16.29,83.94,0.0,-0.58,5.55,-9.61,-4.48,0.59,-14.89,2.14,886190.0,0.0,27.94,Jul 29/a,34.83,2340000000.0,HIGH,-11.13,1.91,0.6,-6.23,0.2209,False,-4.57,False,-7.77,2.427,1.623,-1.7126,-13.39,1.376,34.0,-11.63,46.0,-5.03,28.34,35886237.0,,,22.9,0.818407960199005,0.7898009950248757,0.4639303482587065,0.8718905472636815,0.1486318407960199,0.4975124378109453,0.4552238805970149,0.5984,0.3659,0.5841
NEXT,NextDecade Corp,Energy,Oil & Gas Equipment & Services,,24.19,-5.79,,0.0,-1.56,17.04,-8.97,-17.59,1.52,-27.49,2.17,2590000.0,0.07,6.7,Jul 30/b,9.08,1780000000.0,HIGH,-11.72,-1.22,1.31,-6.82,0.2608,False,-6.69,False,-6.75,4.86,9.954,-1.8841,-23.3,1.012,17.0,-14.06,46.0,2.21,6.48,17736646.0,,,40.1,0.7674129353233831,0.5,0.3470149253731343,0.5590796019900498,0.8880597014925373,0.5261194029850746,0.43532338308457713,0.5979,0.5447,0.6852
ORC,Orchid Island Capital Inc,Real Estate,REIT - Mortgage,3.84,5.53,251.3,95.82,0.0,2.47,8.22,-17.94,-16.75,1.56,-31.91,3.0,4930000.0,0.13,5.72,Jul 23/a,7.5,1130000000.0,HIGH,-21.98,-10.04,1.83,-17.08,0.2731,False,-14.56,False,-19.5,3.55,6.849,-1.8018,-27.0,1.658,32.0,-23.39,50.0,-21.87,5.11,34773186.0,,,46.8,0.7947761194029851,0.40422885572139305,0.31840796019900497,0.945273631840796,0.9713930348258707,0.15049751243781095,0.1417910447761194,0.5974,0.4437,0.7155
RPAY,Repay Holdings Corp,Technology,Software - Infrastructure,,3.82,88.56,33.16,-0.18,-2.6,6.18,5.87,24.67,1.89,-29.68,1.4,532690.0,0.0,3.79,Aug 10/a,6.85,334220000.0,HIGH,-1.55,1.87,0.44,3.35,0.141,True,1.3,True,0.04,4.151,3.796,-2.6364,-9.59,1.031,,,38.0,3.24,3.82,1518886.0,,,79.3,0.5435323383084577,0.871268656716418,0.7462686567164178,0.5895522388059702,0.056592039800995024,0.7761194029850746,0.7711442786069652,0.5972,0.5493,0.4914
CNMD,Conmed Corp,Healthcare,Medical Devices,24.82,9.6,11.05,0.21,0.0,-1.03,7.17,33.39,32.74,0.94,-14.46,3.25,522530.0,0.02,45.9,Jul 29/a,45.5,1370000000.0,HIGH,-6.08,-0.34,0.72,-1.18,0.0809,True,0.03,False,-3.33,3.001,1.943,-1.8317,-13.68,0.696,44.0,0.04,46.0,7.2,46.32,15507855.0,,,-1.8,0.7885572139303483,0.7817164179104478,0.9253731343283582,0.13805970149253732,0.2941542288557214,0.6517412935323383,0.6106965174129353,0.5966,0.6101,0.4681
LBRT,Liberty Energy Inc,Energy,Oil & Gas Equipment & Services,26.5,132.37,-40.52,14.01,-1.49,5.07,10.77,-25.730000000000004,-32.82,0.71,-43.41,1.77,4340000.0,0.02,19.51,Jul 22/a,29.12,3180000000.0,HIGH,-6.22,1.9,1.45,-1.32,0.2377,False,-0.52,False,-1.03,4.504,6.059,-3.1009,-26.63,1.065,,,51.0,-1.58,19.31,75641290.0,,,50.8,0.4216417910447761,0.41044776119402987,0.4104477611940298,0.654228855721393,0.9291044776119403,0.75,0.6032338308457711,0.596,0.6432,0.6887
RR,Richtech Robotics Inc,Industrials,Specialty Industrial Machinery,,,-34.04,16.65,0.0,3.03,24.28,-15.15,-16.0,-0.56,-77.39,3.0,6190000.0,0.03,1.68,Sep 02,2.0,378170000.0,HIGH,-4.0,7.01,1.08,0.9,0.1413,True,0.93,True,0.83,5.446,7.143,-4.131,-15.58,0.866,28.0,3.7,,,1.68,7089136.0,,,19.0,0.22014925373134328,0.7300995024875622,0.7437810945273632,0.3358208955223881,0.7437810945273632,0.7985074626865671,0.6915422885572139,0.5954,0.7229,0.5246
IVR,Invesco Mortgage Capital Inc,Real Estate,REIT - Mortgage,4.29,3.63,183.35,37.92,0.53,8.5,9.68,-19.67,-17.9,1.63,-33.37,2.83,2810000.0,0.08,6.33,Jul 30/a,8.17,681370000.0,HIGH,-20.69,-8.64,1.43,-15.79,0.2447,False,-12.37,False,-19.09,3.215,5.079,-1.6162,-30.45,1.54,,,45.0,-22.94,5.71,23562874.0,,,43.1,0.849502487562189,0.3246268656716418,0.3893034825870647,0.9216417910447762,0.9241293532338308,0.15733830845771143,0.1654228855721393,0.5944,0.4602,0.7132
OUST,Ouster Inc,Technology,Electronic Components,,5688.0,27.46,55.86,-28.7,9.24,9.81,-21.1,141.56,3.25,-33.12,1.43,3300000.0,0.31,42.66,Aug 06/a,58.5,3080000000.0,HIGH,21.85,8.53,1.35,26.75,0.3584,True,16.77,True,14.07,5.839,7.184,-4.2928,-14.39,1.009,1.0,8.61,40.0,2.28,44.39,86954147.0,,,31.8,0.19527363184079602,0.7630597014925373,0.18905472636815923,0.5522388059701493,0.8992537313432836,0.9552238805970149,0.9651741293532339,0.5924,0.7126,0.6505
BC,Brunswick Corp,Consumer Cyclical,Recreational Vehicles,,12.44,86.57,7.66,-2.91,0.95,7.72,-21.61,-5.3,1.36,-25.55,2.14,728710.0,0.0,67.19,Jul 30/b,90.94,4350000000.0,HIGH,-12.09,-1.06,0.93,-7.19,0.1612,False,-3.58,False,-12.83,3.179,2.247,-1.499,-22.73,1.024,43.0,-17.58,46.0,-17.96,65.43,54761190.0,,,39.0,0.8706467661691543,0.5149253731343284,0.6766169154228856,0.5789800995024875,0.5963930348258707,0.30783582089552236,0.4216417910447761,0.5909,0.5506,0.5885
NP,Neptune Insurance Holdings Inc,Financial,Insurance Brokers,119.92,40.91,28.27,32.82,-13.320000000000002,36.13,4.54,-8.21,15.98,,-21.74,1.93,718720.0,0.0,27.51,Jul 21/a,34.54,3780000000.0,HIGH,-17.45,-1.33,1.3,-12.55,0.2714,False,-6.74,False,-12.18,4.692,5.979,-1.6237,-21.96,1.049,47.0,-13.96,52.0,-8.57,27.43,16381191.0,,,25.9,0.845771144278607,0.5366915422885572,0.322139303482587,0.621268656716418,0.8837064676616916,0.32587064676616917,0.2512437810945274,0.5892,0.4623,0.6692
OPCH,Option Care Health Inc,Healthcare,Medical Care Facilities,17.46,11.07,14.13,1.86,3.51,-40.99,8.22,5.73,-16.86,0.58,-37.31,1.79,2320000.0,0.0,23.07,Jul 29/b,28.58,3460000000.0,HIGH,-6.48,-1.14,0.6,-1.58,0.1087,False,-3.68,False,-3.77,3.133,2.297,-1.4848,-9.29,0.727,13.0,-3.74,47.0,0.71,22.64,50298152.0,,,26.2,0.8743781094527363,0.8805970149253731,0.8283582089552239,0.1623134328358209,0.1486318407960199,0.6405472636815921,0.5920398009950248,0.5891,0.5299,0.4565
BCRX,Biocryst Pharmaceuticals Inc,Healthcare,Drug Manufacturers - Specialty & Generic,,14.74,1180.09,33.61,-0.2,4.81,15.87,-10.66,-8.56,0.53,-23.96,1.36,4230000.0,0.0,8.53,Aug 05/b,20.64,2180000000.0,HIGH,-17.97,-3.54,1.03,-13.07,0.1993,False,-4.46,False,-11.42,3.585,3.427,-2.8526,-23.79,1.671,38.0,-16.97,42.0,-9.42,8.17,50709976.0,,,152.6,0.48880597014925375,0.48507462686567165,0.5578358208955223,0.9490049751243781,0.6958955223880597,0.3582089552238806,0.23942786069651742,0.5891,0.4719,0.623
PLAB,Photronics Inc,Technology,Semiconductor Equipment & Materials,10.53,14.54,24.94,2.69,-13.15,-1.3,7.65,-4.73,-24.75,1.33,-46.79,1.0,1220000.0,0.02,29.8,Aug 26/b,41.33,1760000000.0,HIGH,8.1,3.25,0.84,13.0,0.169,True,6.77,True,4.37,2.844,1.969,-2.315,-16.93,0.799,1.0,2.14,27.0,7.4,31.49,25948398.0,,,31.2,0.6380597014925373,0.6853233830845771,0.6517412935323383,0.23383084577114427,0.4651741293532338,0.8575870646766169,0.9203980099502488,0.5886,0.7032,0.5487
HOS,Hornbeck Offshore Services Inc,Industrials,Marine Shipping,52.01,14.67,354.29,0.57,0.0,14.61,5.88,-5.05,-18.12,1.21,-25.7,2.0,1830000.0,0.0,8.27,Aug 06/b,11.67,1840000000.0,HIGH,-17.5,-4.41,1.61,-12.6,0.2379,False,-9.93,False,-18.6,4.404,7.642,-1.8703,-31.81,1.599,23.0,-26.31,41.0,-18.56,7.59,22949933.0,,,53.8,0.7761194029850746,0.2898009950248756,0.40858208955223885,0.931592039800995,0.9527363184079602,0.17288557213930347,0.2493781094527363,0.5886,0.5081,0.7083
GTY,Getty Realty Corp,Real Estate,REIT - Retail,17.31,19.82,50.23,10.88,0.0,4.07,10.31,-15.79,-10.77,0.74,-23.09,2.11,578190.0,0.01,28.33,Oct 21/a,35.88,1750000000.0,HIGH,-13.31,-0.88,0.88,-8.41,0.2343,False,-6.34,False,-12.07,2.404,2.057,-1.1266,-23.43,1.267,53.0,-21.91,,,28.2,22884162.0,,,27.2,0.9365671641791045,0.49502487562189057,0.4191542288557214,0.822139303482587,0.5242537313432836,0.3345771144278607,0.38308457711442784,0.5886,0.4363,0.6544
SVV,Savers Value Village Inc,Consumer Cyclical,Specialty Retail,61.81,15.43,16.74,7.429999999999999,-33.24,-0.6,13.93,-8.07,27.77,1.23,-32.76,1.75,1360000.0,0.0,9.34,Aug 06/a,14.23,1440000000.0,HIGH,-11.48,-1.07,1.49,-6.58,0.1648,False,-2.12,False,-9.03,3.853,3.568,-2.216,-27.11,0.914,44.0,-9.84,40.0,-15.22,9.25,12460377.0,,,53.8,0.6716417910447762,0.40298507462686567,0.6654228855721394,0.4110696517412935,0.9328358208955224,0.44465174129353235,0.44402985074626866,0.5881,0.6571,0.615
FLOC,Flowco Holdings Inc,Energy,Oil & Gas Equipment & Services,22.68,11.34,371.19,22.07,-8.01,8.84,9.7,-11.66,-12.34,0.96,-31.85,1.2,629580.0,0.0,19.14,Aug 11/b,30.56,1730000000.0,HIGH,-12.51,-2.74,1.16,-7.61,0.2075,False,-6.43,False,-11.15,3.992,3.9,-2.3623,-23.08,1.107,35.0,-18.89,38.0,-17.33,18.46,12244881.0,,,65.5,0.6243781094527363,0.5062189054726368,0.5223880597014925,0.7014925373134329,0.8059701492537313,0.3644278606965174,0.4085820895522388,0.5875,0.5619,0.6241
PGNY,Progyny Inc,Healthcare,Healthcare Plans,27.63,16.74,78.89,5.3,-2.36,-2.55,6.32,-10.77,43.0,1.02,-23.06,1.33,1160000.0,0.0,25.44,Aug 06/a,34.42,1950000000.0,HIGH,-2.74,-1.14,0.77,2.16,0.1506,False,-4.38,False,-7.36,2.76,2.319,-1.8279,-23.7,1.067,16.0,-6.83,40.0,-10.21,25.23,32164624.0,,,36.4,0.7898009950248757,0.48880597014925375,0.7114427860696517,0.6567164179104478,0.3656716417910448,0.5111940298507462,0.7307213930348259,0.5873,0.6154,0.5808
PUSA,Aureus Greenway Holdings Inc,Consumer Cyclical,Leisure,,,96.15,17.64,0.0,24.5,9.59,-5.92,11.73,5.21,-53.82,1.0,547030.0,0.72,3.81,Sep 02,7.5,105320000.0,HIGH,-14.59,-13.42,3.31,-9.69,0.2012,False,-12.26,False,-9.74,9.998,20.253,-5.2338,-24.22,2.204,24.0,-16.4,,,3.16,2673061.0,,,137.3,0.10199004975124377,0.4763681592039801,0.5485074626865671,0.9800995024875622,0.9937810945273632,0.42039800995024873,0.3271144278606965,0.5869,0.5935,0.6241
HRZN,Horizon Technology Finance Corp,Financial,Asset Management,14.26,6.35,-13.79,24.28,66.81,,4.44,2.33,16.83,0.99,-29.9,2.33,650040.0,0.01,4.68,Aug 04/a,5.08,313720000.0,HIGH,-4.55,1.76,0.69,0.35,0.1016,False,-1.59,False,-1.66,2.613,1.732,-1.8253,-10.12,0.474,39.0,-0.43,42.0,5.48,4.62,2258765.0,,,10.0,0.7910447761194029,0.8582089552238806,0.8544776119402985,0.04477611940298507,0.24875621890547264,0.7238805970149254,0.6666666666666666,0.5869,0.5976,0.4521
AIB,AIB Data Centers Inc,Technology,Software - Infrastructure,,,98.74,2317.48,0.0,180.99,1.07,-19.52,53.64,4.97,-73.09,1.0,1120000.0,0.6,1.69,Aug 14/b,5.88,128410000.0,HIGH,28.13,-0.61,1.41,33.03,0.3559,True,13.22,True,7.63,11.977,13.415,-8.8208,-24.42,4.411,4.0,-0.61,35.0,-9.89,1.64,3997506.0,,,258.5,0.021144278606965175,0.46766169154228854,0.19278606965174128,0.9975124378109452,0.9203980099502488,0.9116915422885572,0.9825870646766169,0.5852,0.727,0.7127
DNLI,Denali Therapeutics Inc,Healthcare,Biotechnology,,,5.93,,-0.18,2.3,11.45,-19.35,14.980000000000002,1.01,-23.52,1.15,1620000.0,0.0,20.88,Aug 06/a,36.06,3340000000.0,HIGH,-10.23,-4.67,0.91,-5.33,0.1343,False,-3.92,False,-12.51,4.321,4.59,-2.4987,-26.23,1.306,32.0,-17.73,40.0,-19.13,20.0,37125059.0,,,80.3,0.5895522388059702,0.4172885572139303,0.7611940298507462,0.8445273631840796,0.5708955223880597,0.3177860696517413,0.4900497512437811,0.5835,0.5956,0.5807
CARG,CarGurus Inc,Communication Services,Internet Content & Information,16.83,10.25,142.2,7.24,-0.57,-3.83,10.15,-8.84,-11.47,1.21,-24.81,1.88,1100000.0,0.0,30.99,Aug 06/a,42.0,2760000000.0,HIGH,-11.03,-2.56,1.08,-6.13,0.2067,False,-7.51,False,-13.73,4.183,4.164,-2.2329,-27.17,1.421,40.0,-17.48,40.0,-17.48,30.02,42440183.0,,,39.9,0.6610696517412935,0.40049751243781095,0.5261194029850746,0.8830845771144279,0.7437810945273632,0.2835820895522388,0.4601990049751244,0.583,0.565,0.6429
CXT,Crane NXT Co,Industrials,Business Equipment & Supplies,19.69,10.1,41.93,21.96,0.35,11.45,16.1,-3.11,15.7,1.08,-31.0,1.38,732680.0,0.01,47.61,Aug 05/a,68.71,2740000000.0,HIGH,-2.56,2.69,0.79,2.34,0.1479,True,1.18,False,-2.54,3.888,2.727,-2.5523,-15.56,0.899,16.0,-3.16,41.0,-6.86,48.78,27708390.0,,,40.9,0.5671641791044776,0.7325870646766169,0.7151741293532339,0.39116915422885573,0.39490049751243783,0.6940298507462687,0.736318407960199,0.5825,0.6275,0.5118
ORN,Orion Group Holdings Inc,Industrials,Engineering & Construction,93.75,19.28,-585.31,8.08,-0.33,2.99,7.1,-50.01,-21.24,1.42,-50.74999999999999,1.0,541590.0,0.0,8.57,Jul 28/a,14.99,347000000.0,HIGH,0.22,11.38,0.9,5.12,0.1379,True,3.67,False,-2.27,3.479,2.903,-2.6423,-34.0,1.106,,,47.0,2.42,9.3,4558559.0,,,61.2,0.5422885572139303,0.24129353233830847,0.7537313432835822,0.6996268656716418,0.5522388059701493,0.7014925373134329,0.8097014925373134,0.5818,0.7157,0.6239
HLNE,Hamilton Lane Inc,Financial,Asset Management,13.05,11.75,50.47999999999999,56.48,1.19,6.77,11.31,14.2,-9.62,1.23,-44.98,1.38,722170.0,0.0,85.65,Aug 04/b,135.0,4730000000.0,HIGH,-15.54,2.45,1.07,-10.64,0.25,False,-4.17,False,-9.8,4.285,5.561,-1.6062,-20.79,1.008,24.0,-17.92,43.0,-8.29,87.04,59088593.0,,,55.1,0.8507462686567164,0.5621890547263682,0.37810945273631846,0.5497512437810945,0.7319651741293532,0.4166666666666667,0.2997512437810945,0.5816,0.4529,0.6373
MGNX,Macrogenics Inc,Healthcare,Biotechnology,,,153.45,47.62,-1.36,11.87,11.44,-22.84,27.99,1.2,-26.179999999999996,2.17,750590.0,0.0,3.75,Aug 13/a,8.0,238880000.0,HIGH,-18.64,-11.82,1.66,-13.74,0.2238,False,-10.32,False,-10.52,5.736,3.492,-4.1059,-22.68,1.636,20.0,-15.76,35.0,-12.25,3.58,2336783.0,,,123.5,0.22761194029850745,0.5174129353233831,0.4477611940298507,0.9402985074626866,0.9614427860696517,0.38930348258706465,0.21766169154228857,0.5806,0.5098,0.6297
PFSI,PennyMac Financial Services Inc,Financial,Mortgage Finance,8.91,5.96,-83.96,0.45,-0.16,-0.84,8.75,-24.77,-24.17,1.43,-59.58,2.0,588650.0,0.0,64.81,Jul 29/a,90.57,3370000000.0,HIGH,-15.4,-2.61,1.16,-10.5,0.2009,False,-7.12,False,-14.73,2.925,5.145,-1.3042,-29.31,1.038,,,46.0,-18.28,62.0,40783432.0,,,46.1,0.9054726368159204,0.3445273631840796,0.5497512437810945,0.6044776119402985,0.8059701492537313,0.26243781094527363,0.30161691542288555,0.5788,0.5274,0.6446
RPC,Ridgepost Capital Inc,Financial,Asset Management,31.58,6.54,115.43999999999998,11.29,0.01,-2.71,8.11,0.13,10.13,0.75,-33.65,1.75,560710.0,0.1,7.61,Aug 05/b,12.75,838930000.0,HIGH,-10.35,3.96,0.93,-5.45,0.1649,False,-2.5,False,-8.72,3.267,2.493,-1.8384,-19.87,0.887,44.0,-11.6,42.0,-14.29,7.62,4397118.0,,,67.3,0.7835820895522388,0.5907960199004975,0.664179104477612,0.3737562189054726,0.5963930348258707,0.4633084577114428,0.48507462686567165,0.5787,0.5722,0.5543
SLG,SL Green Realty Corp,Real Estate,REIT - Office,,,-130.2,5.63,-0.7,-2.64,16.03,-5.04,42.26,1.66,-17.51,2.41,957240.0,0.0,50.26,Oct 21/a,58.53,3840000000.0,HIGH,-12.15,-1.03,0.74,-7.25,0.1394,False,-5.0,False,-9.79,3.37,3.155,-2.0176,-18.77,1.05,29.0,-15.04,,,48.81,44248207.0,,,19.9,0.7251243781094527,0.6305970149253731,0.7487562189054726,0.6262437810945274,0.32213930348258707,0.417910447761194,0.417910447761194,0.5785,0.4884,0.5229
ECVT,Ecovyst Inc,Basic Materials,Specialty Chemicals,,11.66,38.13,24.9,0.65,0.62,4.92,-16.82,-22.0,1.06,-32.78,1.5,1450000.0,0.0,10.14,Aug 05/b,15.17,1110000000.0,HIGH,-0.88,0.8,0.84,4.02,0.1098,False,-0.9,False,-4.25,2.909,1.532,-1.9978,-23.8,0.866,14.0,1.5,42.0,-11.62,10.12,13217255.0,,,49.9,0.7313432835820896,0.48383084577114427,0.8240049751243781,0.3358208955223881,0.4651741293532338,0.6231343283582089,0.7804726368159204,0.5772,0.6989,0.5389
FRNM,Freenome Inc,Healthcare,Diagnostics & Research,,,-116.28,,0.0,7.1,2.23,46.29,47.92,0.46,-8.63,1.0,753750.0,0.0,15.99,Sep 02,18.0,1720000000.0,HIGH,0.06,0.8,0.95,4.96,0.1851,True,3.45,True,17.54,5.797,5.3,-3.8531,-6.74,0.601,11.0,0.18,,,16.32,13843886.0,,,10.3,0.26243781094527363,0.9253731343283582,0.6007462686567164,0.08208955223880597,0.6231343283582089,0.9689054726368159,0.804726368159204,0.5771,0.6891,0.4841
URGN,UroGen Pharma Ltd,Healthcare,Biotechnology,,16.69,72.78,199.22,-1.32,-1.34,15.05,16.32,144.36,1.57,-17.43,1.25,840070.0,0.0,41.96,Aug 05/b,58.25,2050000000.0,HIGH,-6.1,1.22,0.8,-1.2,0.126,False,-2.2,False,-5.54,4.0,4.275,-2.1511,-18.52,0.889,32.0,-15.37,42.0,3.71,41.4,31639362.0,,,40.7,0.6902985074626866,0.6393034825870647,0.777363184079602,0.376865671641791,0.41044776119402987,0.5659203980099502,0.6082089552238806,0.5767,0.5996,0.5109
WAY,Waystar Holding Corp,Healthcare,Health Information Services,35.13,13.12,18.57,18.11,-0.4099999999999999,4.76,11.27,23.47,4.8,0.17,-38.86,1.21,2640000.0,0.0,24.67,Jul 29/a,33.68,4730000000.0,HIGH,-1.04,-3.61,0.83,3.86,0.1546,False,-1.11,True,0.76,4.555,3.789,-3.0971,-9.05,0.775,14.0,-0.36,46.0,18.48,24.81,51743670.0,,,35.8,0.4253731343283582,0.8843283582089553,0.7027363184079602,0.20522388059701493,0.44713930348258707,0.7935323383084577,0.777363184079602,0.5764,0.6559,0.4678
ADAM,Adamas Trust Inc,Real Estate,REIT - Mortgage,4.87,7.91,1318.13,34.52,0.0,0.97,3.79,-13.3,13.04,1.24,-21.0,2.33,966670.0,0.01,8.18,Jul 29/a,9.75,735580000.0,HIGH,-19.9,-2.5,1.21,-15.0,0.2969,False,-10.16,False,-15.61,3.1,3.329,-1.4498,-24.61,1.186,38.0,-20.22,46.0,-9.71,7.81,11291899.0,,,24.8,0.8805970149253731,0.4639303482587065,0.2655472636815921,0.7723880597014925,0.8351990049751243,0.23756218905472637,0.18407960199004975,0.5759,0.4039,0.6814
HAPN,Happen Inc,Financial,Banks - Regional,9.07,6.28,50.24000000000001,31.95,-11.56,0.96,5.68,-26.39,8.58,1.88,-30.5,1.0,1600000.0,0.02,15.06,Jul 27/a,24.75,1740000000.0,HIGH,-13.35,3.22,1.01,-8.45,0.2191,False,-4.0,False,-13.07,3.451,3.836,-1.9221,-27.63,1.358,44.0,-19.64,48.0,-17.97,15.38,26074555.0,,,60.9,0.753731343283582,0.3843283582089552,0.4701492537313433,0.8656716417910447,0.6791044776119403,0.30223880597014924,0.3812189054726368,0.5759,0.4973,0.6502
TASK,TaskUs Inc,Technology,Information Technology Services,7.02,5.48,9.7,5.02,-0.05,1.32,11.2,69.52,25.7,1.84,-30.55,2.88,681500.0,0.0,8.12,Aug 05/a,8.5,744500000.0,HIGH,1.9,-0.49,0.75,6.8,0.1443,False,-0.63,True,6.35,5.238,4.591,-3.3335,-8.41,0.805,10.0,-0.74,41.0,27.53,8.06,4330859.0,,,5.5,0.35572139303482586,0.8942786069651741,0.7300995024875622,0.24502487562189054,0.3333333333333333,0.8942786069651741,0.8420398009950248,0.5755,0.6558,0.4571
SKWD,Skyward Specialty Insurance Group Inc,Financial,Insurance - Property & Casualty,12.8,9.95,15.7,52.93,-0.19,3.73,5.18,-8.62,30.55,0.33,-16.27,1.64,541930.0,0.0,55.0,Aug 04/a,70.92,2440000000.0,HIGH,-4.06,2.65,0.72,0.84,0.1066,False,-1.41,False,-5.29,2.394,1.4,-1.4366,-16.26,0.7,42.0,-10.65,42.0,-10.65,55.01,19431566.0,,,28.9,0.8818407960199005,0.7120646766169154,0.835820895522388,0.14054726368159204,0.2941542288557214,0.5789800995024875,0.6902985074626866,0.5739,0.6151,0.4739
HAYW,Hayward Holdings Inc,Industrials,Electrical Equipment & Parts,17.37,13.02,2.28,6.27,-6.709999999999999,-1.03,4.14,-23.41,-6.38,1.17,-28.76,2.3,2990000.0,0.0,12.63,Jul 29/b,17.92,2680000000.0,HIGH,-10.92,-0.96,0.65,-6.02,0.1294,False,-3.32,False,-11.81,2.512,1.653,-1.4931,-24.44,1.191,42.0,-22.93,47.0,-17.94,12.4,50118906.0,,,44.5,0.8718905472636815,0.4664179104477612,0.7711442786069651,0.7736318407960199,0.2058457711442786,0.34701492537313433,0.4639303482587065,0.5727,0.4787,0.5496
FWRG,First Watch Restaurant Group Inc,Consumer Cyclical,Restaurants,35.4,39.49,11.9,15.2,0.0,-3.66,10.82,-22.9,-3.01,1.03,-46.87,1.0,1150000.0,0.0,10.0,Aug 04/b,19.5,617120000.0,HIGH,-12.28,4.14,1.36,-7.38,0.2535,False,-0.87,False,-10.54,4.291,4.068,-3.0267,-22.28,1.243,,,43.0,-15.44,10.57,14384469.0,,,84.5,0.4465174129353234,0.527363184079602,0.37064676616915426,0.7997512437810945,0.9017412935323383,0.38743781094527363,0.4166666666666667,0.5722,0.5484,0.6339
GANX,Gain Therapeutics Inc,Healthcare,Biotechnology,,,43.08,,0.0,1.21,6.82,-7.16,0.45,0.19,-57.65,1.0,751760.0,0.0,1.84,Aug 11/b,7.2,80230000.0,HIGH,-5.0,-3.39,0.86,-0.1,0.1478,False,-3.34,False,-6.7,5.906,4.678,-3.2133,-27.85,1.547,38.0,-3.39,38.0,-3.39,1.71,784719.0,,,321.1,0.38308457711442784,0.3818407960199005,0.7164179104477613,0.9228855721393034,0.4937810945273632,0.527363184079602,0.654228855721393,0.5709,0.6248,0.5818
CARS,Cars.com,Communication Services,Internet Content & Information,19.12,4.26,129.33,0.67,-2.17,-4.38,15.18,-1.04,38.49,1.63,-19.48,2.43,646730.0,0.0,11.02,Aug 06/b,13.08,590130000.0,HIGH,-14.49,-3.74,1.27,-9.59,0.2156,False,-8.83,False,-13.78,4.593,3.44,-2.5591,-24.81,1.184,48.0,-15.0,41.0,-14.57,10.03,7351244.0,,,30.4,0.5621890547263682,0.4577114427860697,0.4794776119402985,0.7711442786069652,0.871268656716418,0.28233830845771146,0.3345771144278607,0.5707,0.5391,0.6217
ARLO,Arlo Technologies Inc,Industrials,Building Products & Equipment,46.08,12.45,-5.54,20.5,-6.309999999999999,0.98,11.87,-2.22,-5.2,1.59,-36.01,1.14,1310000.0,0.0,12.76,Aug 06/a,21.0,1370000000.0,HIGH,-8.52,1.43,1.06,-3.62,0.1448,False,-3.15,False,-6.4,3.823,3.834,-2.6183,-23.06,0.888,45.0,-11.68,40.0,-16.09,12.78,17238230.0,,,64.3,0.5460199004975125,0.5074626865671642,0.7269900497512438,0.3756218905472637,0.722636815920398,0.5379353233830846,0.5366915422885572,0.5694,0.6496,0.5456
BDN,Brandywine Realty Trust,Real Estate,REIT - Office,,,64.61,6.92,0.4,1.83,7.01,-11.42,16.19,1.28,-35.65,3.8,1980000.0,0.02,2.87,Oct 21/a,3.0,502510000.0,HIGH,-10.9,-1.42,0.65,-6.0,0.1234,False,-4.58,False,-8.0,2.646,2.518,-1.2646,-16.01,0.839,28.0,-12.58,,,2.78,5293496.0,,,7.9,0.9116915422885572,0.7201492537313433,0.7798507462686567,0.2960199004975124,0.2058457711442786,0.4937810945273632,0.4664179104477612,0.5679,0.4823,0.4768
UNIT,Uniti Group Inc,Real Estate,REIT - Specialty,3.34,,-809.52,202.5,0.0,-1.34,9.69,-19.51,13.5,1.41,-31.129999999999995,2.78,2240000.0,0.0,8.91,Jul 30/b,10.84,2160000000.0,HIGH,-20.94,-7.05,1.5,-16.04,0.3019,False,-13.61,False,-16.96,4.545,6.965,-2.0313,-29.1,1.634,,,46.0,-13.46,8.04,22335848.0,,,34.8,0.7213930348258707,0.34950248756218905,0.25373134328358204,0.9390547263681592,0.9347014925373134,0.20833333333333334,0.16044776119402984,0.5678,0.4207,0.7009
WRBY,Warby Parker Inc,Healthcare,Medical Instruments & Supplies,438.22,44.25,358.04,9.81,-3.53,18.61,17.25,-11.66,30.84,1.91,-14.19,1.81,2780000.0,0.08,26.6,Aug 06/b,30.46,3290000000.0,HIGH,11.01,9.61,0.8,15.91,0.2597,True,8.14,True,5.41,6.517,4.828,-5.0942,-12.61,1.339,4.0,9.61,41.0,0.26,27.03,90676518.0,,,12.7,0.10820895522388059,0.8072139303482587,0.34825870646766166,0.8544776119402985,0.41044776119402987,0.8768656716417911,0.9303482587064676,0.5676,0.5998,0.5625
ORIC,ORIC Pharmaceuticals Inc,Healthcare,Biotechnology,,,17.45,,-0.26,6.41,25.7,28.999999999999996,8.62,0.98,-12.26,1.13,1540000.0,0.01,13.1,Aug 03/a,21.08,1360000000.0,HIGH,-5.09,-8.03,0.8,-0.19,0.1437,False,-4.64,False,-5.84,6.198,6.227,-2.9201,-16.86,0.999,33.0,-8.78,43.0,15.14,12.2,19816793.0,,,72.8,0.472636815920398,0.6915422885572139,0.7338308457711442,0.5379353233830846,0.41044776119402987,0.5584577114427861,0.6511194029850746,0.5675,0.6037,0.4949
ZBIO,Zenas Biopharma Inc,Healthcare,Biotechnology,,,-41.57,,1.27,22.34,35.85,4.17,21.62,-0.98,-39.57,1.25,830040.0,0.0,26.95,Aug 13/b,47.0,1760000000.0,HIGH,-13.94,2.7,2.06,-9.04,0.311,False,-6.81,False,-9.38,7.499,4.807,-3.4437,-16.9,1.147,28.0,-10.6,36.0,-3.1,28.3,22107852.0,,,66.1,0.3246268656716418,0.6878109452736318,0.23756218905472637,0.7412935323383084,0.9807213930348259,0.43034825870646765,0.35758706467661694,0.5671,0.5085,0.6192
PDYN,Palladyne AI Corp,Technology,Software - Infrastructure,,,-35.08,469.75,-0.4,7.62,18.41,-7.07,-6.59,3.65,-49.67,1.5,1040000.0,0.07,5.4,Aug 06/b,10.75,266380000.0,HIGH,-6.65,0.95,0.74,-1.75,0.1476,False,-3.9,False,-6.66,4.389,3.752,-1.7449,-20.09,0.938,35.0,-15.26,41.0,-9.51,5.33,4576225.0,,,101.7,0.8109452736318408,0.582089552238806,0.7176616915422885,0.43967661691542287,0.32213930348258707,0.529228855721393,0.5864427860696517,0.567,0.5465,0.5255
EGY,VAALCO Energy Inc,Energy,Oil & Gas E&P,,16.33,395.23,39.5,0.0,7.73,7.98,18.18,-9.16,0.21,-12.95,1.0,1330000.0,0.02,5.85,Aug 06/a,9.59,615380000.0,HIGH,-4.5,-0.52,0.7,0.4,0.1627,False,-4.55,False,-0.91,3.439,1.92,-2.1524,-13.05,0.789,14.0,-8.61,40.0,11.05,5.73,8263412.0,,,67.4,0.6890547263681592,0.7947761194029851,0.6728855721393034,0.2263681592039801,0.26430348258706465,0.7531094527363185,0.6703980099502488,0.5667,0.5493,0.4832
FRSH,Freshworks Inc,Technology,Software - Application,19.01,14.96,301.69,15.98,-0.12,1.42,11.43,21.55,57.69,0.9,-11.29,2.05,11520000.0,0.0,12.41,Aug 04/a,14.64,3240000000.0,HIGH,0.39,2.0,0.66,5.29,0.1121,True,2.06,True,2.87,3.722,4.851,-2.7277,-8.65,0.653,26.0,-1.01,42.0,10.94,12.78,54634110.0,,,14.6,0.5167910447761194,0.8917910447761194,0.8146766169154229,0.11442786069651742,0.22014925373134328,0.8345771144278606,0.8140547263681592,0.5654,0.6361,0.4215
VVV,Valvoline Inc,Consumer Cyclical,Auto & Truck Dealerships,36.65,14.55,13.98,24.05,2.27,-1.63,10.29,-27.08,-13.46,1.04,-29.600000000000005,1.56,2290000.0,0.01,28.92,Aug 05/b,43.69,3690000000.0,HIGH,-4.53,7.37,0.97,0.37,0.2109,True,4.69,False,-6.38,3.7,3.156,-3.0914,-25.56,1.322,,,42.0,-17.31,30.58,88971554.0,,,42.9,0.42661691542288555,0.43594527363184077,0.5006218905472637,0.849502487562189,0.638681592039801,0.5404228855721394,0.6691542288557214,0.5653,0.6095,0.6138
CIM,Chimera Investment Corp,Real Estate,REIT - Mortgage,,5.06,-128.21,28.32,0.0,0.78,4.15,-24.18,-16.36,1.78,-26.77,2.5,894700.0,0.07,10.38,Aug 05/b,13.5,868950000.0,HIGH,-20.45,-8.95,1.2,-15.55,0.2619,False,-13.43,False,-18.97,3.348,3.348,-1.9021,-29.85,1.804,,,42.0,-21.86,9.26,15574260.0,,,45.8,0.7611940298507462,0.332089552238806,0.3445273631840796,0.9601990049751243,0.8308457711442786,0.16169154228855723,0.1691542288557214,0.5651,0.4203,0.6785
MBX,MBX Biosciences Inc,Healthcare,Biotechnology,,,-33.99,,-0.4,1.56,13.54,-0.56,87.89,0.07,-26.280000000000005,1.09,635250.0,0.01,53.55,Aug 06/b,88.1,2580000000.0,HIGH,-5.2,1.69,1.17,-0.3,0.1861,False,-2.1,False,-7.4,6.13,7.212,-3.3524,-19.45,0.989,43.0,-9.16,41.0,-12.81,58.51,32843300.0,,,50.6,0.34577114427860695,0.6057213930348259,0.5951492537313433,0.5192786069651741,0.8140547263681592,0.5099502487562189,0.6430348258706468,0.565,0.68,0.5473
ALGT,Allegiant Travel,Industrials,Airlines,54.88,7.1,94.13,36.86,0.0,44.96,9.72,-32.4,-2.77,1.54,-37.56,1.53,546010.0,0.06,77.2,Aug 04/a,124.93,2110000000.0,HIGH,-0.7,1.38,0.94,4.2,0.0816,False,-0.21,False,-7.48,4.487,3.698,-2.2748,-31.72,0.913,,,42.0,-25.37,77.61,38759203.0,,,61.0,0.6480099502487562,0.2922885572139303,0.9241293532338308,0.40671641791044777,0.611318407960199,0.5074626865671642,0.7860696517412935,0.565,0.7751,0.5434
AVAH,Aveanna Healthcare Holdings Inc,Healthcare,Medical Care Facilities,10.13,13.73,39.56,13.73,-43.86,7.16,4.74,43.88,98.09,1.94,-15.3,1.64,2990000.0,0.01,12.46,Aug 13/b,14.6,2720000000.0,HIGH,-7.29,-0.79,0.62,-2.39,0.2165,False,-5.67,True,3.31,3.738,1.986,-1.8367,-14.41,0.874,16.0,-9.16,36.0,39.12,12.59,44481034.0,,,16.0,0.7848258706467661,0.7605721393034826,0.4763681592039801,0.35385572139303484,0.1685323383084577,0.8432835820895522,0.5621890547263682,0.5646,0.4183,0.5376
AGIO,Agios Pharmaceuticals Inc,Healthcare,Biotechnology,,,12.45,259.25,-4.54,3.669999999999999,12.97,-14.46,10.57,0.63,-29.26,1.6,1100000.0,0.0,32.54,Jul 30/b,46.25,1940000000.0,HIGH,-3.93,-4.85,0.56,0.97,0.0877,False,-4.65,False,-4.9,3.949,3.679,-2.0789,-25.93,1.06,9.0,-6.33,46.0,-2.9,31.8,33910977.0,,,45.4,0.7077114427860697,0.4284825870646766,0.9073383084577115,0.6405472636815921,0.10572139303482588,0.5970149253731343,0.6927860696517413,0.5645,0.581,0.5127
VTS,Vitesse Energy Inc,Energy,Oil & Gas E&P,,116.1,30.25,11.31,-0.0,22.13,19.23,9.18,-6.21,0.6,-27.72,1.8,523850.0,0.04,16.95,Aug 03/a,20.6,713670000.0,HIGH,-5.12,0.72,0.48,-0.22,0.1723,False,-3.42,True,0.28,3.127,1.719,-1.884,-11.4,0.835,20.0,-3.1,43.0,8.7,16.87,9976424.0,,,22.1,0.7686567164179104,0.8370646766169154,0.6361940298507462,0.2935323383084577,0.06965174129353234,0.7798507462686567,0.6492537313432836,0.5642,0.4715,0.4779
LFST,LifeStance Health Group Inc,Healthcare,Medical Care Facilities,90.62,53.69,722.45,26.08,-36.24,12.81,6.23,13.93,86.39,1.24,-13.13,1.45,4640000.0,0.0,11.78,Aug 06/b,14.2,4500000000.0,HIGH,-7.07,-0.08,0.64,-2.17,0.1602,False,-4.97,False,-1.7,3.753,5.156,-1.7025,-12.76,0.733,15.0,-8.79,41.0,14.08,11.83,73213961.0,,,20.0,0.8233830845771144,0.8034825870646766,0.681592039800995,0.16666666666666666,0.1890547263681592,0.7201492537313433,0.5659203980099502,0.5641,0.4876,0.4748
BFH,Bread Financial Holdings Inc,Financial,Credit Services,8.05,7.52,20.14,3.66,-2.21,-9.4,7.49,-3.16,35.6,1.14,-10.15,2.12,584210.0,0.0,102.91,Jul 23/b,116.73,3950000000.0,HIGH,-11.56,-3.16,0.73,-6.66,0.17,False,-6.15,False,-8.11,3.61,2.519,-1.9173,-14.39,0.918,35.0,-12.17,51.0,-3.75,98.05,64603501.0,,REVIEW,19.1,0.7574626865671642,0.7630597014925373,0.6461442786069651,0.4154228855721393,0.30783582089552236,0.486318407960199,0.44154228855721395,0.5627,0.4628,0.4918
KOPN,Kopin Corp,Technology,Electronic Components,102.0,,113.83,50.62,-5.58,5.35,14.83,13.33,169.75,3.59,-25.929999999999996,1.0,4179999.999999999,0.09,4.9,Aug 10/a,8.43,910030000.0,HIGH,14.72,3.37,0.87,19.62,0.207,True,5.94,True,9.23,5.383,6.721,-3.9266,-11.21,0.86,6.0,0.82,38.0,16.63,4.91,16144342.0,,,71.7,0.2512437810945274,0.8395522388059702,0.5236318407960199,0.3289800995024876,0.5049751243781094,0.9228855721393034,0.9440298507462687,0.5619,0.6862,0.502
COUR,Coursera Inc,Consumer Defensive,Education & Training Services,,6.15,-617.71,59.59,-5.73,34.39,10.43,-10.92,-8.17,1.23,-58.93000000000001,1.67,5930000.0,0.01,5.06,Jul 29/a,8.17,1340000000.0,HIGH,-13.45,8.19,0.94,-8.55,0.2036,False,-2.67,False,-10.17,4.54,4.382,-3.1437,-24.34,1.633,26.0,-17.16,46.0,-4.74,5.02,34860002.0,,,62.7,0.40671641791044777,0.4701492537313433,0.541044776119403,0.9371890547263682,0.611318407960199,0.4017412935323383,0.3743781094527363,0.5614,0.4955,0.5892
MNKD,Mannkind Corp,Healthcare,Biotechnology,,,-3033.33,42.92,-1.15,-3.37,9.58,-20.22,48.36,1.08,-48.04,1.25,4520000.0,0.02,3.38,Aug 05/a,7.97,1090000000.0,HIGH,-6.4,13.43,0.87,-1.5,0.2887,True,4.14,False,-1.55,5.865,7.895,-4.6182,-13.64,1.488,32.0,-6.63,41.0,-2.31,3.8,19438652.0,,,109.7,0.15796019900497513,0.7835820895522388,0.2860696517412935,0.904228855721393,0.5049751243781094,0.7300995024875622,0.5970149253731343,0.5612,0.4761,0.5743
PTON,Peloton Interactive Inc,Consumer Cyclical,Leisure,43.82,14.66,122.18,0.13,-1.42,8.39,14.88,-16.46,8.8,2.55,-47.61,2.3,8600000.0,0.0,4.82,Aug 06/b,7.9,2120000000.0,HIGH,-8.89,2.5,0.85,-3.99,0.1074,False,-0.68,False,-9.18,3.731,3.455,-2.4939,-26.89,1.044,43.0,-23.72,41.0,-10.63,4.92,47564374.0,,,60.6,0.5907960199004975,0.40671641791044777,0.8333333333333334,0.6125621890547264,0.48258706467661694,0.43532338308457713,0.5286069651741293,0.5602,0.6062,0.5303
AQST,Aquestive Therapeutics Inc,Healthcare,Drug Manufacturers - Specialty & Generic,,,-34.09,38.15,-2.1,0.1,22.85,12.98,16.92,1.47,-37.75,1.0,2740000.0,0.01,4.7,Aug 11/a,9.33,589900000.0,HIGH,-14.79,-4.21,0.97,-9.89,0.1876,False,-5.43,False,-0.16,4.874,3.736,-2.6839,-17.05,0.705,30.0,1.22,37.0,7.57,4.55,11299280.0,,,105.1,0.527363184079602,0.6828358208955224,0.5907960199004976,0.14987562189054726,0.638681592039801,0.7711442786069652,0.31716417910447764,0.5601,0.4957,0.5218
TRTX,TPG RE Finance Trust Inc,Real Estate,REIT - Mortgage,11.42,5.65,-43.04,2.64,0.0,1.14,7.24,-26.0,-17.74,1.5,-33.19,1.5,850640.0,0.03,6.26,Jul 28/a,9.88,480570000.0,HIGH,-22.18,-3.0,1.32,-17.28,0.3102,False,-12.55,False,-19.13,3.452,6.336,-1.579,-30.5,1.463,,,47.0,-25.21,6.14,7534455.0,,,60.9,0.8532338308457711,0.32338308457711445,0.23880597014925375,0.8955223880597015,0.8917910447761194,0.15547263681592038,0.13805970149253732,0.5597,0.3944,0.699
QUBT,Quantum Computing Inc,Technology,Computer Hardware,,,79.73,9000.0,0.0,3.64,32.24,-10.58,33.18,3.74,-65.67,1.5,8540000.0,0.3,8.87,Aug 10/a,18.86,2010000000.0,HIGH,2.12,-4.55,1.03,7.02,0.2134,False,-2.83,False,-2.91,5.064,7.946,-2.4454,-16.19,0.747,10.0,-5.98,38.0,-8.4,8.18,59535878.0,,,130.6,0.6032338308457711,0.7151741293532339,0.49004975124378114,0.17661691542288557,0.6958955223880597,0.6772388059701493,0.845771144278607,0.5597,0.6941,0.5382
ULCC,Frontier Group Holdings Inc,Industrials,Airlines,,15.88,-27.42,37.67,-8.44,9.58,24.66,-19.15,71.78,2.65,-27.85,3.42,3280000.0,0.4,6.06,Jul 29/b,6.44,1400000000.0,HIGH,3.86,1.81,1.1,8.76,0.1533,True,5.36,False,-0.39,5.126,3.57,-3.0592,-25.6,0.808,10.0,6.36,47.0,-0.64,6.19,14595614.0,,,4.0,0.43159203980099503,0.43407960199004975,0.7077114427860697,0.2493781094527363,0.7630597014925373,0.7618159203980099,0.8687810945273632,0.5579,0.7887,0.5515
ATOM,Atomera Inc,Technology,Semiconductor Equipment & Materials,,,-0.37,,-8.48,14.79,17.56,-45.54,10.81,2.05,-66.48,1.0,596820.0,0.03,4.14,Aug 04/a,10.0,161720000.0,HIGH,16.58,13.49,1.29,21.48,0.2303,True,11.8,True,1.67,5.065,5.626,-3.3102,-30.63,1.008,2.0,8.03,42.0,-10.11,4.71,1845189.0,,,112.3,0.36069651741293535,0.31840796019900497,0.43034825870646765,0.5497512437810945,0.878731343283582,0.8097014925373134,0.9502487562189055,0.5579,0.7728,0.6497
SWIM,Latham Group Inc,Industrials,Building Products & Equipment,154.96,22.92,-20.25,14.39,0.11,2.59,6.78,0.16,20.98,1.65,-28.62,2.43,851470.0,0.0,6.4,Aug 04/a,8.61,752940000.0,HIGH,-9.72,3.22,0.69,-4.82,0.1429,True,0.51,False,-2.93,4.514,2.184,-2.417,-18.5,0.932,38.0,-12.31,42.0,12.46,6.41,5450199.0,,,34.3,0.6082089552238806,0.6405472636815921,0.7375621890547264,0.43345771144278605,0.24875621890547264,0.6753731343283582,0.5087064676616916,0.5573,0.4994,0.4914
SHEN,Shenandoah Telecommunications Co,Communication Services,Telecom Services,,,12.85,5.53,0.1,-0.9000000000000001,6.73,-23.62,-18.79,0.74,-31.22,1.5,665730.0,0.01,11.93,Jul 29/b,27.5,660500000.0,HIGH,-13.74,-4.32,0.66,-8.84,0.1474,False,-7.51,False,-11.16,4.742,6.538,-1.8359,-21.98,1.12,41.0,-16.46,47.0,-8.28,10.86,14013494.0,,,153.2,0.7860696517412935,0.5335820895522388,0.7189054726368159,0.7170398009950248,0.22014925373134328,0.36318407960199006,0.3656716417910448,0.5565,0.428,0.5216
INFQ,Infleqtion Inc,Technology,Software - Infrastructure,,,-396.57,,-43.78,15.24,11.08,3.69,45.48,4.28,-47.89,1.0,9920000.0,0.16,14.33,Aug 12/a,21.83,3230000000.0,HIGH,2.33,-6.94,0.92,7.23,0.167,False,-2.47,True,4.71,6.491,5.095,-3.451,-12.68,0.642,6.0,-8.04,36.0,7.96,13.15,110880087.0,,,66.0,0.31965174129353235,0.8053482587064676,0.6554726368159204,0.10696517412935323,0.5845771144278606,0.8631840796019901,0.849502487562189,0.5559,0.7118,0.4686
BDTX,Black Diamond Therapeutics Inc,Healthcare,Biotechnology,,,7.1,,0.0,-5.74,11.15,7.429999999999999,-7.39,3.32,-61.94,1.38,914040.0,0.02,1.88,Aug 05/a,10.0,108010000.0,HIGH,-10.85,3.28,0.84,-5.95,0.1679,False,-3.19,False,-4.5,4.24,3.439,-2.2329,-18.53,0.843,28.0,-12.3,41.0,5.59,1.89,1098686.0,,,429.1,0.6610696517412935,0.6374378109452736,0.6529850746268657,0.30534825870646765,0.4651741293532338,0.6131840796019901,0.46766169154228854,0.5559,0.5225,0.5112
SGMT,Sagimet Biosciences Inc,Healthcare,Biotechnology,,,18.57,,-9.01,125.23,17.87,17.65,87.42,3.5,-19.95,1.36,1260000.0,0.01,9.16,Aug 11/b,27.62,564480000.0,HIGH,-16.45,-8.05,1.19,-11.55,0.2865,False,-11.62,False,-6.22,8.759,5.47,-4.7852,-20.17,1.747,12.0,-12.62,38.0,-3.99,9.14,14539371.0,,,202.2,0.13805970149253732,0.5796019900497512,0.2885572139303483,0.9552238805970149,0.8246268656716418,0.5485074626865671,0.26990049751243783,0.5558,0.4419,0.6166
BVS,Bioventus Inc,Healthcare,Medical Devices,18.43,15.53,333.92,3.7599999999999993,0.0,6.05,6.2,46.11,59.84,0.64,-10.08,1.0,685560.0,0.02,14.29,Aug 05/b,17.6,1200000000.0,HIGH,-6.68,-6.35,0.78,-1.78,0.1226,False,-2.23,False,-3.88,3.662,3.808,-2.1843,-17.39,0.735,42.0,-2.16,42.0,-2.16,13.13,6271116.0,,,34.0,0.6834577114427861,0.6716417910447762,0.7848258706467661,0.17101990049751245,0.3787313432835821,0.6368159203980099,0.5827114427860697,0.5544,0.5822,0.4675
AEO,American Eagle Outfitters Inc,Consumer Cyclical,Apparel Retail,8.26,8.4,74.24,7.53,-0.15,-0.37,10.85,-5.5,0.01,1.27,-43.32,2.88,5490000.0,0.0,16.13,Sep 09/a,18.36,2700000000.0,HIGH,1.84,2.31,0.67,6.74,0.3003,True,9.0,True,5.81,3.569,2.372,-4.0769,-5.19,1.159,4.0,2.31,17.0,21.89,17.71,132738663.0,,,3.7,0.23383084577114427,0.9564676616915423,0.2562189054726368,0.7531094527363185,0.23072139303482586,0.8868159203980099,0.8395522388059702,0.5529,0.4819,0.5261
DAN,Dana Inc,Consumer Cyclical,Auto Parts,,6.8,-100.0,3.88,0.0,0.27,4.29,-3.52,-17.38,2.03,-31.4,1.78,1550000.0,0.0,27.14,Aug 06/b,39.0,2920000000.0,HIGH,-12.98,2.8,0.66,-8.08,0.2178,False,-5.16,False,-5.03,3.828,2.69,-2.2499,-13.68,1.032,20.0,-11.55,41.0,2.05,27.88,43677322.0,,,39.9,0.6554726368159204,0.7817164179104478,0.47263681592039797,0.5920398009950248,0.22014925373134328,0.5932835820895522,0.3917910447761194,0.5525,0.3646,0.5152
CECO,Ceco Environmental Corp,Industrials,Pollution & Treatment Controls,,23.32,-408.65,53.71,-1.06,55.28999999999999,3.81,-20.0,20.31,1.49,-27.399999999999995,1.0,845790.0,0.0,73.5,Aug 10/b,111.86,4300000000.0,HIGH,-0.59,1.94,1.06,4.31,0.1749,True,1.06,True,1.99,4.582,2.281,-3.7372,-14.08,0.638,34.0,-7.45,39.0,4.66,73.66,51192629.0,,,51.9,0.2736318407960199,0.7711442786069652,0.6237562189054726,0.1044776119402985,0.722636815920398,0.8196517412935324,0.7898009950248757,0.5525,0.7198,0.4801
NRDS,Nerdwallet Inc,Communication Services,Internet Content & Information,9.55,8.66,-38.88,5.56,-10.28,-3.69,15.98,-6.39,-19.28,1.24,-47.66,2.0,706480.0,0.0,8.5,Aug 06/a,11.8,543350000.0,HIGH,-12.65,1.29,0.89,-7.75,0.2279,False,-3.95,False,-8.01,3.935,2.433,-2.3882,-16.46,0.992,29.0,-12.65,40.0,-2.38,8.63,7093574.0,,,36.7,0.6181592039800995,0.7052238805970149,0.43656716417910446,0.5236318407960199,0.5385572139303483,0.4925373134328358,0.40360696517412936,0.5524,0.454,0.5432
HYLN,Hyliion Holdings Corp,Industrials,Electrical Equipment & Parts,,,-1.96,226.33999999999995,0.09,10.53,12.91,-12.73,132.22,3.6,-50.77,1.0,2840000.0,0.1,4.18,Aug 11/a,8.0,746540000.0,HIGH,22.76,14.39,1.01,27.66,0.2215,True,11.14,True,18.21,6.26,5.519,-3.9955,-16.88,0.82,1.0,7.6,37.0,16.45,4.53,7936423.0,,,76.6,0.24253731343283583,0.6902985074626866,0.4552238805970149,0.26803482587064675,0.6791044776119403,0.9738805970149254,0.9676616915422885,0.5515,0.7274,0.5409
EOLS,Evolus Inc,Healthcare,Drug Manufacturers - Specialty & Generic,,30.67,54.03,21.18,-1.26,9.3,9.56,9.68,95.01,1.33,-16.0,1.33,904400.0,0.0,7.82,Aug 05/a,15.0,516510000.0,HIGH,-23.23,-10.3,2.58,-18.33,0.2198,False,-11.33,False,-9.1,4.802,11.303,-3.0302,-23.31,0.961,20.0,-21.1,41.0,15.53,7.14,6454225.0,,,110.1,0.44402985074626866,0.4987562189054726,0.4651741293532339,0.47574626865671643,0.986318407960199,0.43905472636815923,0.1281094527363184,0.5515,0.4867,0.5863
WOOF,Petco Health and Wellness Co Inc,Consumer Cyclical,Specialty Retail,22.35,9.02,172.19,0.05,-0.32,0.8699999999999999,13.47,-16.36,-14.81,1.57,-41.92,3.08,2000000.0,0.04,2.3,Sep 02/a,3.43,658760000.0,HIGH,-18.89,-3.52,1.66,-13.99,0.2109,False,-7.61,False,-16.04,3.359,4.11,-2.5296,-31.99,1.17,44.0,-21.51,21.0,-13.1,2.19,6186938.0,,,56.6,0.5708955223880597,0.2835820895522388,0.5006218905472637,0.7605721393034826,0.9614427860696517,0.2300995024875622,0.20833333333333334,0.5512,0.522,0.6308
IRWD,Ironwood Pharmaceuticals Inc,Healthcare,Drug Manufacturers - Specialty & Generic,5.31,3.09,123.29,32.62,-2.38,0.19,11.77,-5.35,33.01,0.21,-29.58,2.0,2230000.0,0.03,4.07,Aug 06/b,6.1,672530000.0,HIGH,-14.55,-11.65,1.27,-9.65,0.1967,False,-11.99,False,-12.52,5.632,6.044,-2.8114,-21.72,0.986,9.0,-17.46,41.0,-12.29,3.64,8894022.0,,,67.6,0.4962686567164179,0.5422885572139303,0.5646766169154229,0.5155472636815921,0.871268656716418,0.31592039800995025,0.3314676616915423,0.551,0.5634,0.5498
KURA,Kura Oncology Inc,Healthcare,Biotechnology,,,-1.87,36.54,1.7399999999999998,3.11,17.15,-2.19,38.63,0.45,-22.81,1.2,1860000.0,0.02,10.73,Aug 12/a,32.0,954550000.0,HIGH,-19.62,0.38,1.01,-14.72,0.2421,False,-6.47,False,-4.68,4.566,3.568,-2.5082,-23.38,1.002,28.0,-14.11,36.0,7.14,10.65,21286479.0,,,200.5,0.5833333333333334,0.4962686567164179,0.3980099502487562,0.5422885572139303,0.6791044776119403,0.6032338308457711,0.19154228855721392,0.5504,0.3998,0.602
TRVI,Trevi Therapeutics Inc,Healthcare,Biotechnology,,,-20.34,,-0.1,11.35,11.71,-25.929999999999996,21.8,0.96,-31.75,1.0,2030000.0,0.02,13.8,Aug 06/a,29.5,1970000000.0,HIGH,-19.41,-3.4,1.19,-14.51,0.2478,False,-8.35,False,-17.49,4.389,5.967,-2.1064,-31.21,1.43,33.0,-24.73,40.0,-24.81,13.91,26245378.0,,,112.1,0.7039800995024875,0.30472636815920395,0.3843283582089553,0.8868159203980099,0.8246268656716418,0.19154228855721392,0.20211442786069653,0.5493,0.4435,0.6517
AURA,Aura Biosciences Inc,Healthcare,Biotechnology,,,-3.3099999999999996,,-16.19,41.75,10.41,-14.01,-5.65,0.4,-37.96,1.0,753050.0,0.0,5.92,Aug 11/b,16.6,613510000.0,HIGH,-19.44,-0.98,2.14,-14.54,0.297,False,-7.37,False,-14.71,4.92,2.956,-2.4418,-27.21,1.195,33.0,-20.7,38.0,-20.91,6.09,6342660.0,,,172.6,0.6057213930348259,0.39800995024875624,0.263681592039801,0.7798507462686567,0.9850746268656716,0.263681592039801,0.19900497512437812,0.5493,0.4542,0.6586
GLIBK,Liberty Capital Corp,Communication Services,Telecom Services,,,-54.27000000000001,0.0,7.85,,8.89,11.51,-36.07,-1.03,-42.81,,526550.0,0.0,23.55,Aug 06/b,,941110000.0,HIGH,-11.53,-0.43,0.65,-6.63,0.1776,False,-5.05,False,-6.18,3.192,3.335,-1.3834,-14.43,0.821,37.0,-6.78,41.0,-1.06,23.24,7997588.0,,,,0.8917910447761194,0.7587064676616916,0.6156716417910448,0.27052238805970147,0.2058457711442786,0.5509950248756219,0.4427860696517413,0.5489,0.4236,0.4798
VIA,Via Transportation Inc,Technology,Software - Application,,70.39,9.93,26.67,0.18,-0.32,19.39,68.25,106.82,1.32,-46.72,1.1,936160.0,0.0,29.41,Aug 06/b,35.0,2400000000.0,HIGH,4.27,0.79,0.6,9.17,0.2194,True,4.62,True,13.31,4.843,6.273,-2.9141,-5.39,0.827,3.0,0.27,41.0,37.31,29.33,26149901.0,,,19.3,0.47512437810945274,0.9527363184079602,0.4689054726368159,0.27860696517412936,0.1486318407960199,0.9502487562189055,0.8805970149253731,0.5457,0.5375,0.4632
LWLG,Lightwave Logic Inc,Basic Materials,Specialty Chemicals,,,-8.84,27.91,-8.51,12.01,17.02,-43.36,-28.13,2.4,-72.21,1.0,3370000.0,0.03,5.2,Aug 11/b,10.0,801670000.0,HIGH,6.54,14.0,1.25,11.44,0.2099,True,9.43,False,-4.37,5.702,8.421,-4.6893,-31.49,1.304,1.0,4.78,38.0,-24.6,5.7,15023964.0,,,75.4,0.14676616915422885,0.2972636815920398,0.5074626865671642,0.8395522388059702,0.8600746268656716,0.6169154228855721,0.9048507462686567,0.5447,0.7722,0.6158
HDSN,Hudson Technologies Inc,Basic Materials,Specialty Chemicals,26.87,15.98,-47.91,7.539999999999999,22.1,-5.45,7.82,-3.02,-7.739999999999999,0.82,-47.17,2.0,574310.0,0.1,5.31,Aug 05/a,7.31,223670000.0,HIGH,-2.24,2.55,0.49,2.66,0.0678,False,-0.07,False,-5.32,2.404,1.53,-1.2556,-19.29,0.673,,,41.0,-7.6,5.23,2227218.0,,,39.8,0.9154228855721394,0.6119402985074627,0.9552238805970149,0.12935323383084577,0.07524875621890548,0.5758706467661692,0.7444029850746269,0.5438,0.6069,0.424
UNCY,Unicycive Therapeutics Inc,Healthcare,Biotechnology,,2.65,87.79,,0.0,4.94,15.79,-37.51,-24.7,1.81,-44.95,1.0,1410000.0,0.02,4.81,Aug 12/b,29.6,134030000.0,HIGH,-18.22,-9.05,1.58,-13.32,0.2258,False,-12.83,False,-17.2,5.872,12.559,-3.2299,-28.11,1.531,,,37.0,-15.6,4.22,4536252.0,,,601.4,0.3743781094527363,0.3718905472636816,0.44402985074626866,0.917910447761194,0.9477611940298507,0.2027363184079602,0.23383084577114427,0.5431,0.5111,0.6107
COTY,Coty Inc,Consumer Defensive,Household & Personal Products,,10.52,-98.19,1.34,0.0,4.3,12.92,32.65,30.0,0.89,-41.83,3.19,9270000.0,0.0,2.6,Aug 19/a,2.66,2290000000.0,HIGH,-9.22,-0.75,0.81,-4.32,0.1585,True,0.4,False,-2.69,4.162,3.383,-2.9513,-13.92,0.784,32.0,-2.92,31.0,-3.27,2.66,13784519.0,,,0.0,0.4626865671641791,0.7748756218905473,0.691542288557214,0.22139303482587064,0.4210199004975124,0.6865671641791045,0.5186567164179104,0.543,0.5412,0.4479
CAL,Caleres Inc,Consumer Cyclical,Apparel Retail,8.3,5.71,767.27,5.61,-0.6,-1.03,12.82,-7.19,14.760000000000002,0.74,-16.74,2.0,539570.0,0.0,12.52,Sep 09/b,17.0,432000000.0,HIGH,-1.69,-2.47,0.7,3.21,0.0882,False,-0.42,False,-4.84,4.255,5.155,-2.7537,-18.15,0.858,44.0,-4.83,18.0,1.58,12.22,7308848.0,,,39.1,0.5124378109452736,0.650497512437811,0.9029850746268657,0.3252487562189055,0.26430348258706465,0.5982587064676617,0.7674129353233831,0.5423,0.6572,0.4251
LTRX,Lantronix Inc,Technology,Communication Equipment,,22.39,90.52,8.03,0.74,38.9,5.61,25.840000000000003,31.91,1.66,-18.74,1.0,1130000.0,0.03,7.11,Aug 26/a,10.79,333310000.0,HIGH,37.74,-0.42,0.62,42.64,0.5588,True,18.19,True,22.33,5.663,2.782,-3.0856,-4.64,1.061,10.0,22.91,26.0,27.03,7.19,7497432.0,,,50.1,0.42786069651741293,0.9689054726368159,0.052238805970149294,0.6424129353233831,0.1685323383084577,0.9900497512437811,0.9950248756218906,0.5417,0.4642,0.5572
MIR,Mirion Technologies Inc,Industrials,Specialty Industrial Machinery,177.32,23.43,-18.13,19.69,0.08,2.81,16.93,-10.42,-12.58,1.09,-48.34,1.27,3910000.0,0.0,15.64,Jul 28/a,24.27,3890000000.0,HIGH,-13.76,1.74,0.9,-8.86,0.2261,False,-6.8,False,-5.94,4.566,3.219,-2.839,-17.28,0.997,21.0,-6.23,47.0,0.21,14.6,57402301.0,,,66.2,0.4925373134328358,0.6728855721393034,0.4427860696517413,0.5329601990049752,0.5522388059701493,0.5559701492537313,0.3644278606965174,0.5416,0.4443,0.5334
WBI,WaterBridge Infrastructure LLC,Energy,Oil & Gas Equipment & Services,396.92,43.22,-36.37,128.0,-26.38,15.54,17.05,-10.96,4.62,0.14,-19.63,1.4,731100.0,0.12,29.65,Aug 05/a,36.56,3660000000.0,HIGH,-10.43,-0.35,0.71,-5.53,0.215,False,-5.35,False,-8.81,3.989,4.194,-1.7543,-21.79,1.083,19.0,-10.43,41.0,-11.83,28.85,23041785.0,,,26.7,0.8097014925373134,0.5410447761194029,0.4838308457711443,0.6691542288557214,0.2798507462686567,0.4608208955223881,0.48072139303482586,0.5407,0.4214,0.5549
OPK,Opko Health Inc,Healthcare,Diagnostics & Research,,,94.11,4.32,0.0,0.55,9.38,5.96,42.86,1.52,-8.57,1.67,3540000.0,0.01,1.6,Jul 27/a,4.38,1190000000.0,HIGH,-4.88,-4.29,0.6,0.02,0.1453,False,-3.26,True,4.18,3.342,1.923,-2.3964,-10.86,0.545,9.0,-7.69,48.0,25.81,1.56,3786661.0,,,180.8,0.6119402985074627,0.849502487562189,0.7238805970149254,0.055970149253731345,0.1486318407960199,0.8526119402985075,0.6579601990049752,0.5404,0.5249,0.4173
ANAB,AnaptysBio Inc,Healthcare,Biotechnology,7.95,,561.29,23.47,-1.02,5.61,19.49,-22.31,33.95,0.9,-29.17,1.17,597310.0,0.04,51.25,Sep 21/a,83.0,1530000000.0,HIGH,-14.56,-4.47,0.74,-9.66,0.1956,False,-8.64,False,-11.74,4.657,3.194,-1.6984,-31.56,1.419,35.0,-13.37,9.0,-10.0,48.53,31643482.0,,,71.0,0.8246268656716418,0.2947761194029851,0.5671641791044777,0.8818407960199005,0.32213930348258707,0.3482587064676617,0.32960199004975127,0.5398,0.3986,0.5942
FRPT,Freshpet Inc,Consumer Defensive,Packaged Foods,15.26,32.68,19.15,15.45,-30.59,4.89,16.61,0.84,-1.5,1.76,-32.66,1.68,1300000.0,0.0,57.91,Aug 05/b,83.2,2780000000.0,HIGH,-14.21,5.4,1.15,-9.31,0.2433,False,-2.17,False,-8.59,3.367,5.982,-1.7437,-21.87,0.785,29.0,-18.53,42.0,-3.4,60.26,64909435.0,,,38.1,0.8121890547263682,0.5385572139303483,0.39303482587064675,0.2232587064676617,0.7978855721393034,0.472636815920398,0.3439054726368159,0.5396,0.4948,0.5765
OCTV,Octave Intelligence Plc,Technology,Software - Application,,12.99,,,0.0,28.99,1.33,12.619999999999996,,,-38.13,1.67,2040000.0,0.04,18.56,Aug 12/b,23.02,4980000000.0,HIGH,-2.86,2.42,0.45,2.04,0.1314,True,1.67,True,1.58,3.656,1.944,-2.7805,-7.53,0.757,25.0,-2.21,37.0,-0.26,19.03,58560493.0,,,21.0,0.5012437810945274,0.9129353233830846,0.7661691542288558,0.18718905472636815,0.061567164179104475,0.8059701492537313,0.722636815920398,0.5392,0.5374,0.389
MRAM,Everspin Technologies Inc,Technology,Semiconductors,,138.0,-404.36000000000007,41.93,-13.99,-2.32,18.0,-20.37,103.17,1.9,-65.17,1.0,1210000.0,0.17,17.94,Aug 05/a,25.67,436830000.0,HIGH,15.03,3.86,1.15,19.93,0.3588,True,11.9,True,13.71,5.522,5.311,-4.2789,-6.55,0.734,2.0,2.11,41.0,20.32,18.83,14883147.0,,,36.3,0.19651741293532338,0.927860696517413,0.18781094527363185,0.1685323383084577,0.7978855721393034,0.9539800995024875,0.945273631840796,0.5388,0.6738,0.5292
CLOV,Clover Health Investments Corp,Healthcare,Healthcare Plans,,44.73,346.63,55.60000000000001,-1.11,7.109999999999999,5.71,-15.439999999999998,156.57,2.47,-19.68,2.0,4750000.0,0.11,4.49,Aug 05/a,5.38,2380000000.0,HIGH,2.94,1.15,0.92,7.84,0.1918,False,-2.76,False,-0.2,4.871,4.224,-3.5702,-15.61,0.813,17.0,0.92,41.0,5.8,4.38,19050799.0,,,22.8,0.3034825870646766,0.7282338308457711,0.585820895522388,0.2574626865671642,0.5845771144278606,0.7692786069651741,0.8582089552238806,0.5381,0.6944,0.4787
APPS,Digital Turbine Inc,Technology,Software - Application,,11.77,29.020000000000003,26.780000000000005,0.0,1.7399999999999998,9.51,-13.4,284.19,3.04,-27.089999999999996,1.0,3600000.0,0.36,11.18,Aug 04/a,17.0,1350000000.0,HIGH,4.3,-0.45,0.94,9.2,0.1555,False,-1.46,True,0.58,7.84,7.252,-4.7227,-27.18,1.027,10.0,4.78,42.0,17.46,11.17,33632967.0,,,52.2,0.14427860696517414,0.39925373134328357,0.6990049751243781,0.5833333333333334,0.611318407960199,0.789179104477612,0.8818407960199005,0.5377,0.7458,0.532
AIOT,PowerFleet Inc,Technology,Software - Application,,17.5,18.1,6.41,0.0,-2.29,11.47,-25.53,-3.78,1.4,-52.38,1.29,1720000.0,0.02,2.8,Aug 10/b,8.4,375830000.0,HIGH,-6.95,7.25,0.99,-2.05,0.1545,False,-3.14,False,-12.03,4.347,3.559,-2.6962,-37.28,1.255,40.0,-31.96,39.0,-8.17,2.81,4621145.0,,,198.9,0.5248756218905473,0.1865671641791045,0.7039800995024876,0.8103233830845771,0.6629353233830846,0.3370646766169154,0.5715174129353234,0.5376,0.6387,0.5838
LIF,Life360 Inc,Technology,Software - Application,23.87,22.85,-28.71,37.77,-15.52,-4.76,10.57,-28.99,5.93,2.25,-63.67,1.5,758350.0,0.01,40.89,Aug 10/a,60.77,3330000000.0,HIGH,-2.42,7.8,1.55,2.48,0.1334,True,3.91,False,-8.09,4.045,3.759,-2.7595,-34.27,0.828,39.0,-31.8,38.0,-11.34,43.1,24425124.0,,,41.0,0.5111940298507462,0.23383084577114427,0.7624378109452736,0.2829601990049751,0.9446517412935324,0.48756218905472637,0.7388059701492538,0.5371,0.8076,0.5566
AMSC,American Superconductor Corp,Industrials,Specialty Industrial Machinery,9.81,23.05,19.03,30.010000000000005,-8.92,4.47,8.4,-25.46,-11.95,3.33,-57.879999999999995,1.0,745790.0,0.12,29.69,Aug 05/a,61.4,1440000000.0,HIGH,1.56,2.46,0.76,6.46,0.1423,True,1.79,False,-0.12,4.156,3.299,-2.9389,-20.44,0.859,9.0,-0.76,41.0,-8.78,30.01,20710905.0,,,104.6,0.4664179104477612,0.5696517412935324,0.7388059701492538,0.3271144278606965,0.347636815920398,0.7723880597014925,0.8333333333333334,0.537,0.6593,0.4784
FA,First Advantage Corp,Industrials,Specialty Business Services,136.93,13.16,5322.22,14.88,-11.79,5.84,13.18,9.27,77.58,1.1,-21.27,1.9,1930000.0,0.0,19.8,Aug 06/b,26.25,3400000000.0,HIGH,-15.39,-2.79,1.07,-10.49,0.2707,False,-10.07,False,-12.51,4.216,5.638,-2.6482,-28.07,1.583,15.0,-14.75,41.0,-12.01,18.09,35210046.0,,,45.1,0.5398009950248757,0.3781094527363184,0.3233830845771144,0.9266169154228856,0.7319651741293532,0.3177860696517413,0.3034825870646766,0.5363,0.438,0.629
MRVI,Maravai LifeSciences Holdings Inc,Healthcare,Biotechnology,,,69.44,8.53,-0.08,8.83,11.12,22.19,145.95,0.55,-19.32,1.89,3330000.0,0.0,7.6,Aug 06/a,7.42,1970000000.0,HIGH,7.92,3.54,0.77,12.82,0.2154,True,9.0,True,11.68,4.895,5.316,-3.0395,-16.14,0.825,1.0,5.33,40.0,26.81,7.9,18003705.0,,,-6.1,0.43781094527363185,0.7176616915422885,0.48134328358208955,0.27487562189054726,0.3656716417910448,0.9390547263681592,0.917910447761194,0.5361,0.6213,0.5044
HLMN,Hillman Solutions Corp,Industrials,Tools & Accessories,34.44,10.34,33.96,9.79,0.12,-2.43,3.07,-14.29,-12.61,1.41,-34.19,1.62,1560000.0,0.0,7.14,Aug 03/a,12.12,1390000000.0,HIGH,-8.33,-0.98,0.67,-3.43,0.1057,False,-1.75,False,-10.63,3.153,2.912,-1.7981,-26.51,1.007,43.0,-15.28,43.0,-15.28,7.04,14404718.0,,,72.2,0.7972636815920398,0.4116915422885572,0.8407960199004976,0.5466417910447762,0.23072139303482586,0.3818407960199005,0.5385572139303483,0.5348,0.5369,0.4891
ESAB,ESAB Corp,Industrials,Metal Fabrication,25.52,11.05,-54.09,12.86,-0.02,11.1,8.15,-27.9,-22.65,1.13,-48.45,1.23,776680.0,0.01,70.84,Aug 06/b,127.5,4400000000.0,HIGH,-6.82,3.94,0.97,-1.92,0.1662,True,1.62,False,-10.06,4.241,3.498,-3.113,-30.02,1.162,43.0,-23.22,41.0,-24.41,69.9,66815570.0,,,82.4,0.417910447761194,0.3308457711442786,0.6585820895522387,0.7555970149253731,0.638681592039801,0.4054726368159204,0.5783582089552238,0.5345,0.6205,0.5544
HPP,Hudson Pacific Properties Inc,Real Estate,REIT - Office,,,43.53,0.31,2.88,7.9,12.71,-18.61,124.11,1.99,-37.42,2.42,716680.0,0.01,12.55,Aug 05/b,16.82,696250000.0,HIGH,-8.96,-0.17,0.85,-4.06,0.1139,False,-2.5,False,-12.47,4.747,3.397,-2.3945,-31.95,1.096,,,42.0,-17.88,11.48,7492121.0,,,46.5,0.6156716417910447,0.2860696517412935,0.8103233830845771,0.6890547263681592,0.48258706467661694,0.3208955223880597,0.525497512437811,0.5341,0.5981,0.5271
ATEC,Alphatec Holdings Inc,Healthcare,Medical Devices,,16.16,40.0,15.07,0.63,-1.13,12.33,3.68,-9.88,0.79,-57.71000000000001,1.0,2350000.0,0.17,9.85,Aug 04/a,15.79,1520000000.0,HIGH,6.14,-0.2,0.89,11.04,0.2159,False,-0.08,True,3.6,3.924,3.789,-4.937,-9.07,0.866,16.0,13.46,42.0,4.81,10.03,24906699.0,,,57.4,0.12189054726368159,0.8830845771144279,0.4776119402985075,0.3358208955223881,0.5385572139303483,0.8470149253731343,0.8980099502487562,0.534,0.6641,0.4608
PTEN,Patterson-UTI Energy Inc,Energy,Oil & Gas Drilling,,40.98,59.53000000000001,0.71,-17.88,1.41,9.21,18.32,-0.53,0.76,-15.61,2.12,8800000.0,0.06,11.3,Jul 29/a,14.07,4310000000.0,HIGH,-9.74,3.32,0.8,-4.84,0.2717,False,-4.71,False,-1.8,3.855,2.319,-2.3949,-16.28,0.932,25.0,-8.56,46.0,20.15,11.21,95853030.0,,,25.5,0.6131840796019901,0.7095771144278606,0.31965174129353235,0.43345771144278605,0.41044776119402987,0.7151741293532339,0.5062189054726368,0.5336,0.4215,0.5431
DK,Delek US Holdings Inc,Energy,Oil & Gas Refining & Marketing,19.19,8.19,254.25999999999996,47.83,-28.000000000000004,-2.09,9.12,32.32,43.9,0.6,-17.04,2.0,1840000.0,0.0,68.25,Aug 05/b,75.0,4179999999.999999,HIGH,3.24,9.96,0.6,8.14,0.2156,True,0.52,True,6.6,5.706,4.745,-3.3116,-9.82,0.944,14.0,-0.38,42.0,24.17,74.19,212241560.0,,,1.1,0.3582089552238806,0.8656716417910447,0.4794776119402985,0.44776119402985076,0.1486318407960199,0.8992537313432836,0.8619402985074627,0.5332,0.5332,0.4635
TDW,Tidewater Inc,Energy,Oil & Gas Equipment & Services,16.95,13.66,-70.37,0.25,-1.9299999999999995,11.09,12.95,25.9,1.76,0.59,-17.45,2.27,671700.0,0.12,83.85,Aug 03/a,93.9,4170000000.0,HIGH,-12.56,-1.02,0.83,-7.66,0.1923,False,-5.68,False,-5.81,3.24,2.912,-2.0404,-18.86,0.815,22.0,-14.24,43.0,15.3,82.42,49380332.0,,,13.9,0.7176616915422885,0.6281094527363185,0.5796019900497513,0.26181592039800994,0.44713930348258707,0.5597014925373134,0.40671641791044777,0.5323,0.4707,0.4966
UPBD,Upbound Group Inc,Technology,Software - Application,10.45,3.48,39.24,0.51,-0.21,3.5699999999999994,14.24,-22.96,-11.07,1.77,-35.05,1.5,987010.0,0.01,16.07,Jul 30/b,28.25,936870000.0,HIGH,-16.17,0.76,1.02,-11.27,0.2677,False,-6.67,False,-14.2,3.637,2.766,-1.6781,-31.13,1.167,,,46.0,-20.92,15.91,16161492.0,,,77.6,0.8296019900497512,0.30597014925373134,0.34079601990049746,0.7587064676616916,0.6878109452736318,0.26990049751243783,0.2829601990049751,0.5321,0.4218,0.6365
FNKO,Funko Inc,Consumer Cyclical,Leisure,,23.66,135.94,7.37,-1.31,-1.55,16.73,-6.460000000000001,87.71,0.94,-25.17,1.5,1060000.0,0.01,5.5,Aug 06/a,7.88,308480000.0,HIGH,3.17,7.33,0.45,8.07,0.1088,True,7.14,False,-0.21,4.577,5.29,-2.588,-20.27,0.913,1.0,4.64,40.0,10.98,5.86,5784515.0,,,34.5,0.5522388059701493,0.5746268656716418,0.8264925373134329,0.40671641791044777,0.061567164179104475,0.7674129353233831,0.8606965174129353,0.5315,0.6107,0.447
GRNT,Granite Ridge Resources Inc,Energy,Oil & Gas E&P,,6.33,19.0,36.67,0.28,4.83,8.92,0.0,-23.97,0.19,-27.750000000000004,1.57,1150000.0,0.06,4.44,Aug 06/a,7.93,585640000.0,HIGH,-12.01,3.71,0.8,-7.11,0.2852,False,-6.1,False,-8.42,4.035,4.027,-2.4029,-17.07,1.117,14.0,-12.7,40.0,-4.08,4.47,7370187.0,,,77.4,0.6106965174129353,0.6809701492537313,0.2935323383084577,0.7145522388059702,0.41044776119402987,0.47699004975124376,0.42350746268656714,0.5312,0.3806,0.5532
WLTH,Wealthfront Corp,Technology,Software - Application,,21.33,-56.39999999999999,0.8199999999999998,-1.23,-1.29,9.15,13.15,16.23,,-31.180000000000003,1.75,1950000.0,0.0,10.24,Sep 09/a,12.11,1600000000.0,HIGH,4.7,0.3,0.45,9.6,0.1492,False,-1.14,True,3.82,5.057,8.375,-4.2542,-9.48,0.96,17.0,6.03,17.0,6.03,10.03,40558186.0,,,20.7,0.208955223880597,0.8781094527363185,0.7139303482587065,0.4732587064676617,0.061567164179104475,0.8482587064676617,0.8855721393034826,0.5307,0.5869,0.398
PENN,PENN Entertainment Inc,Consumer Cyclical,Resorts & Casinos,,10.48,308.56,5.24,0.0,-1.7000000000000002,12.36,-30.37,11.55,1.38,-31.31,1.87,3050000.0,0.0,15.36,Aug 06/b,24.75,2060000000.0,HIGH,-13.47,-3.08,1.25,-8.57,0.2927,False,-9.38,False,-17.4,4.338,4.672,-2.14,-32.0,1.394,,,41.0,-24.72,14.77,54461883.0,,,67.6,0.6940298507462687,0.28171641791044777,0.2736318407960199,0.8774875621890548,0.8600746268656716,0.19651741293532338,0.373134328358209,0.5306,0.4894,0.657
EVC,Entravision Communications Corp,Communication Services,Advertising Agencies,339.91,,597.14,126.24,-13.06,19.92,12.34,-38.4,143.75,1.73,-46.07,1.0,1580000.0,0.0,7.41,Aug 10/a,3.5,683860000.0,HIGH,-12.35,1.37,1.56,-7.45,0.2275,False,-6.69,False,-17.14,4.21,4.201,-2.057,-39.36,1.117,40.0,-35.32,38.0,-20.04,7.38,9390747.0,,,-52.6,0.7114427860696517,0.15796019900497513,0.43781094527363185,0.7145522388059702,0.9465174129353234,0.2058457711442786,0.4141791044776119,0.529,0.581,0.6446
EEFT,Euronet Worldwide Inc,Technology,Software - Infrastructure,10.83,5.75,-24.69,3.17,0.13,-2.99,14.56,-4.64,6.01,0.84,-23.81,2.36,653370.0,0.01,68.99,Jul 30/b,83.43,2580000000.0,HIGH,-13.97,-2.2,0.87,-9.07,0.2046,False,-5.82,False,-10.14,3.06,2.252,-1.3922,-24.38,0.882,48.0,-19.8,46.0,-17.18,63.5,39043629.0,,,31.4,0.8880597014925373,0.4689054726368159,0.5373134328358209,0.3650497512437811,0.5049751243781094,0.40298507462686567,0.35323383084577115,0.5279,0.454,0.5403
INTA,Intapp Inc,Technology,Software - Application,,18.46,-1009.23,12.95,-3.7599999999999993,-1.6399999999999997,4.36,44.34,43.25,0.32,-24.68,2.5,718040.0,0.0,36.1,Aug 04/a,40.29,2760000000.0,HIGH,-12.51,3.11,0.79,-7.61,0.1645,False,-1.9,False,-3.14,3.844,6.399,-2.1693,-17.69,0.615,26.0,-9.68,42.0,11.32,36.49,20732351.0,,,10.4,0.6865671641791045,0.6592039800995025,0.667910447761194,0.08706467661691543,0.39490049751243783,0.6660447761194029,0.4085820895522388,0.5269,0.4823,0.4586
PLSE,Pulse Biosciences Inc,Healthcare,Medical Instruments & Supplies,,,-25.06,,1.33,30.020000000000003,14.92,74.42,147.93,1.57,-13.41,1.0,505510.0,0.03,51.0,Aug 06/a,54.0,3710000000.0,HIGH,-10.03,-8.45,0.8,-5.13,0.1537,False,-7.74,True,2.15,6.938,6.177,-4.2642,-18.68,0.894,14.0,-11.64,40.0,25.26,47.9,33706455.0,,,12.7,0.2027363184079602,0.6330845771144279,0.7064676616915423,0.3818407960199005,0.41044776119402987,0.8208955223880597,0.4937810945273632,0.5259,0.5326,0.454
MANE,Veradermics Inc,Healthcare,Biotechnology,,,-44.05,,-7.690000000000001,22.94,13.58,-5.7,77.84,,-11.2,1.0,777050.0,0.01,116.54,Aug 11/b,163.5,4870000000.0,HIGH,18.53,1.53,0.78,23.43,0.2907,True,6.65,True,8.72,5.448,4.599,-3.0134,-10.05,0.815,3.0,-0.9,38.0,7.17,116.76,84840683.0,,,40.0,0.4490049751243781,0.8606965174129353,0.27736318407960203,0.26181592039800994,0.3787313432835821,0.9191542288557214,0.9539800995024875,0.5245,0.5784,0.5022
PDFS,PDF Solutions Inc,Technology,Software - Application,192.55,29.41,250.0,18.95,-0.11,20.91,8.62,-26.27,45.25,1.68,-32.2,1.38,619380.0,0.0,48.6,Aug 06/a,61.5,2050000000.0,HIGH,21.58,11.56,0.57,26.48,0.3031,True,16.81,True,17.93,4.149,2.829,-3.6886,-1.42,0.993,6.0,15.91,40.0,20.92,55.5,27935248.0,,,10.8,0.28233830845771146,0.9950248756218906,0.2512437810945274,0.5261194029850746,0.11691542288557213,0.9713930348258707,0.9626865671641791,0.5238,0.4955,0.4742
FIGS,Figs Inc,Consumer Cyclical,Apparel Manufacturing,41.46,35.38,253.77,28.809999999999995,-0.83,2.96,11.08,20.94,-8.84,1.06,-23.34,2.12,2980000.0,0.08,13.4,Aug 06/a,18.14,2230000000.0,HIGH,-6.24,-0.73,0.79,-1.34,0.1746,True,1.26,True,1.23,4.751,4.401,-3.9453,-17.46,0.909,25.0,-10.46,40.0,20.28,13.52,37689589.0,,,34.2,0.24875621890547264,0.6672885572139303,0.6256218905472637,0.39925373134328357,0.39490049751243783,0.8034825870646766,0.6019900497512438,0.5232,0.547,0.4616
QTWO,Q2 Holdings Inc,Technology,Software - Application,41.54,16.72,156.57,12.61,-5.33,5.18,8.67,22.82,27.52,1.33,-24.03,1.53,805230.0,0.0,57.92,Jul 29/a,76.5,3610000000.0,HIGH,-9.25,2.32,0.68,-4.35,0.16,False,-3.07,False,-7.64,3.081,3.246,-1.6747,-16.49,0.748,36.0,-9.86,46.0,-4.55,56.38,36618175.0,,,35.7,0.832089552238806,0.7039800995024875,0.683457711442786,0.17786069651741293,0.23880597014925373,0.5012437810945274,0.5167910447761194,0.5229,0.4834,0.4375
BKSY,BlackSky Technology Inc,Industrials,Specialty Business Services,,,57.31,50.080000000000005,-3.2,24.75,19.57,-19.58,-2.1,2.69,-56.879999999999995,1.29,1090000.0,0.06,22.8,Aug 06/b,38.71,933080000.0,HIGH,6.93,-4.49,1.43,11.83,0.1693,True,0.11,False,-9.15,6.555,8.075,-3.7591,-32.32,1.019,38.0,-23.38,41.0,-12.95,21.92,21424859.0,,,76.6,0.26990049751243783,0.277363184079602,0.650497512437811,0.5740049751243781,0.9241293532338308,0.43781094527363185,0.9079601990049752,0.5223,0.8356,0.5515
AGEN,Agenus Inc,Healthcare,Biotechnology,3.21,,98.53,34.36,0.0,17.96,17.05,170.47,151.32,1.36,-3.73,1.0,4230000.0,0.08,8.52,Aug 06/b,26.33,384770000.0,HIGH,1.46,-11.35,0.93,6.36,0.4765,True,3.63,True,8.38,7.749,6.34,-6.0792,-18.91,1.348,5.0,-2.11,41.0,11.62,8.36,9597374.0,,,215.0,0.05099502487562189,0.6262437810945274,0.07960199004975121,0.8594527363184079,0.5963930348258707,0.9166666666666666,0.8296019900497512,0.5216,0.5346,0.6059
OMDA,Omada Health Inc,Healthcare,Health Information Services,302.13,44.55,189.42,43.12,-1.08,13.21,23.87,-8.26,67.69,1.95,-26.14,1.42,1410000.0,0.04,19.88,Aug 06/a,28.42,1220000000.0,HIGH,-10.54,5.05,0.82,-5.64,0.1851,False,-0.68,False,-6.36,4.358,3.24,-3.5732,-19.96,1.072,39.0,-13.94,40.0,4.25,20.37,31047688.0,,,39.5,0.30223880597014924,0.5876865671641791,0.6007462686567164,0.6592039800995025,0.4322139303482587,0.5422885572139303,0.47761194029850745,0.5207,0.5009,0.484
INOD,Innodata Inc,Technology,Information Technology Services,52.01,42.41,102.69,57.8,-49.78,12.2,14.76,-10.49,84.81,2.99,-45.18,1.33,1350000.0,0.32,68.6,Aug 06/a,123.67,2360000000.0,HIGH,25.89,4.91,0.85,30.79,0.4733,True,13.26,True,14.73,7.271,7.607,-4.5937,-11.8,1.041,9.0,14.77,40.0,12.42,70.07,104940137.0,,,76.5,0.16169154228855723,0.8233830845771144,0.08208955223880599,0.6100746268656716,0.48258706467661694,0.9577114427860697,0.9788557213930348,0.5196,0.5609,0.553
NPKI,NPK International Inc,Industrials,Building Products & Equipment,25.91,18.6,37.5,19.57,-5.41,2.88,3.45,-24.92,-18.72,1.45,-28.97,1.0,900290.0,0.0,11.72,Jul 29/a,20.0,995140000.0,HIGH,-10.82,1.81,0.9,-5.92,0.2432,False,-5.06,False,-9.67,3.084,3.053,-1.893,-21.45,0.931,,,46.0,-2.16,11.79,9756329.0,,,69.6,0.7649253731343284,0.5472636815920398,0.39427860696517414,0.43097014925373134,0.5522388059701493,0.4247512437810945,0.4701492537313433,0.5191,0.472,0.5432
ZVRA,Zevra Therapeutics Inc,Healthcare,Biotechnology,12.13,12.02,-89.97,53.25,-10.8,4.23,9.79,-19.73,22.77,0.97,-25.2,1.0,1200000.0,0.01,11.25,Aug 05/a,25.0,667830000.0,HIGH,-19.44,-11.59,0.99,-14.54,0.2287,False,-13.43,False,-11.82,4.355,3.954,-2.356,-28.41,1.088,19.0,-19.44,41.0,-5.13,9.99,11053518.0,,,150.3,0.6305970149253731,0.3656716417910448,0.4340796019900498,0.6753731343283582,0.6629353233830846,0.34577114427860695,0.19900497512437812,0.5191,0.4087,0.5787
BLKB,Blackbaud Inc,Technology,Software - Application,13.48,7.23,46.3,3.3000000000000003,-0.45,9.07,10.63,47.76,9.79,1.03,-38.92,2.14,581420.0,0.0,43.19,Jul 29/b,51.5,1960000000.0,HIGH,-11.34,-1.42,0.66,-6.44,0.1422,False,-4.23,False,-5.75,3.252,3.305,-1.8926,-15.7,0.635,26.0,-11.32,47.0,16.23,41.76,18700541.0,,,23.3,0.7661691542288557,0.7238805970149254,0.7400497512437811,0.1013681592039801,0.22014925373134328,0.5609452736318408,0.44527363184079605,0.5188,0.4662,0.4122
CRGY,Crescent Energy Co,Energy,Oil & Gas E&P,,6.18,117.15,55.34,-44.56,-0.88,11.19,35.0,-1.46,0.92,-12.73,1.58,6160000.0,0.01,13.5,Aug 03/a,17.56,4460000000.0,HIGH,-2.76,3.16,0.63,2.14,0.2069,False,-2.65,True,3.14,3.888,3.607,-2.6705,-13.45,0.812,14.0,-8.22,43.0,18.71,13.39,91704229.0,,,31.1,0.5310945273631841,0.7873134328358209,0.5248756218905473,0.25497512437810943,0.17723880597014927,0.8364427860696517,0.7251243781094527,0.5187,0.5007,0.4499
HUN,Huntsman Corp,Basic Materials,Chemicals,,91.39,96.24,14.06,0.96,-9.12,7.88,-22.0,-29.08,0.8,-44.67,2.71,3670000.0,0.0,8.9,Jul 30/a,11.8,1560000000.0,HIGH,-11.33,-1.16,1.09,-6.43,0.1851,False,-5.9,False,-12.98,3.534,2.931,-1.9586,-36.3,0.983,53.0,-28.86,45.0,-12.6,8.53,23577855.0,,,38.3,0.7412935323383084,0.2027363184079602,0.6007462686567164,0.5080845771144279,0.7543532338308457,0.30472636815920395,0.4465174129353234,0.5187,0.5851,0.5771
ADTN,ADTRAN Holdings Inc,Technology,Communication Equipment,,12.27,46.59,6.07,-2.2,5.41,16.77,-48.03,-44.74,1.48,-64.24,1.44,2010000.0,0.0,7.15,Aug 04/b,14.7,582230000.0,HIGH,-0.85,3.53,1.52,4.05,0.1106,False,-1.13,False,-8.83,3.713,4.545,-3.2246,-47.89,0.924,,,43.0,-19.63,7.04,12412075.0,,,108.8,0.3781094527363184,0.09079601990049752,0.820273631840796,0.4216417910447761,0.9390547263681592,0.4564676616915423,0.7823383084577115,0.5177,0.8407,0.5488
CCC,CCC Intelligent Solutions Holdings Inc,Technology,Software - Application,96.74,13.03,81.12,9.78,0.0,0.93,8.81,39.18,17.38,0.45,-28.550000000000004,1.69,10900000.0,0.01,6.82,Jul 30/b,8.75,4019999999.999999,HIGH,-12.65,-0.91,0.52,-7.75,0.1503,False,-2.45,False,-3.71,4.421,3.049,-2.7223,-14.58,0.895,26.0,-10.14,46.0,8.43,6.56,86877845.0,,,33.4,0.5186567164179104,0.7562189054726368,0.7126865671641791,0.3843283582089552,0.08644278606965174,0.6442786069651741,0.40360696517412936,0.5171,0.4012,0.4084
PLBY,Playboy Inc,Consumer Cyclical,Apparel Manufacturing,426.5,20.47,102.09000000000002,10.91,-16.35,2.83,4.87,-22.45,-34.8,1.97,-62.78,2.0,804320.0,0.13,1.02,Aug 10/a,2.75,122630000.0,HIGH,-11.11,0.97,1.01,-6.21,0.1993,False,-4.5,False,-10.31,4.176,4.808,-1.833,-35.0,0.95,38.0,-11.86,38.0,-11.86,1.04,629453.0,,,164.4,0.7873134328358209,0.22014925373134328,0.5578358208955223,0.457089552238806,0.6791044776119403,0.39552238805970147,0.4564676616915423,0.5162,0.5537,0.5798
AXGN,Axogen Inc,Healthcare,Medical Devices,,63.17,-334.71,23.06,-8.67,5.66,7.09,-3.4300000000000006,34.54,1.15,-17.99,1.27,1220000.0,0.0,43.39,Jul 29/b,54.4,2550000000.0,HIGH,-22.56,-13.77,2.11,-17.66,0.2304,False,-14.58,False,-18.3,5.326,7.89,-3.6745,-29.33,1.381,27.0,-25.12,47.0,-9.14,37.39,62954741.0,,,45.5,0.2885572139303483,0.34328358208955223,0.42910447761194026,0.8743781094527363,0.9838308457711443,0.17661691542288557,0.13432835820895522,0.516,0.4776,0.5808
VERX,Vertex Inc,Technology,Software - Application,529.3,11.2,1033.33,10.52,-0.01,-6.709999999999999,7.26,-0.18,0.35,0.82,-57.11999999999999,2.12,1950000.0,0.0,11.38,Aug 03/a,17.15,1850000000.0,HIGH,-12.78,8.59,0.96,-7.88,0.2196,False,-1.29,False,-5.29,4.434,4.538,-3.2009,-16.89,0.867,26.0,-11.43,43.0,-3.07,12.01,17669172.0,,,42.8,0.3855721393034826,0.6890547263681592,0.46641791044776115,0.3414179104477612,0.6293532338308457,0.5789800995024875,0.39552238805970147,0.5151,0.4869,0.4838
DCH,Dauch Corp,Consumer Cyclical,Auto Parts,,4.6,-98.8,92.4,0.0,-6.21,8.12,8.74,-0.18,1.68,-39.46,2.15,3440000.0,0.01,5.6,Aug 07/b,9.3,1330000000.0,HIGH,-19.89,9.59,1.22,-14.99,0.3839,False,-6.0,False,-8.82,5.217,5.0,-3.1795,-25.83,1.255,20.0,-16.04,40.0,-1.23,5.6,23189489.0,,,66.1,0.3917910447761194,0.43034825870646765,0.15920398009950254,0.8103233830845771,0.8407960199004975,0.4583333333333333,0.1859452736318408,0.5151,0.3744,0.6253
SBET,Sharplink Inc,Financial,Capital Markets,,95.4,56.02,1553.26,-0.29,17.36,15.1,93.9,57.95,10.59,-51.16,1.0,9420000.0,0.08,9.54,Aug 10/b,15.57,2070000000.0,HIGH,7.72,-1.58,0.97,12.62,0.2796,True,2.08,True,18.49,6.83,10.695,-4.8583,-10.1,0.754,11.0,13.2,39.0,51.29,9.35,79560046.0,,,66.5,0.1281094527363184,0.8594527363184079,0.3009950248756219,0.18159203980099503,0.638681592039801,0.9776119402985075,0.9166666666666666,0.5144,0.6486,0.4815
KLIC,Kulicke & Soffa Industries Inc,Technology,Semiconductor Equipment & Materials,41.17,15.19,1822.12,122.63,-5.22,1.81,4.43,-30.56,38.62,1.58,-33.98,2.25,946490.0,0.03,89.66,Aug 05/a,106.67,4690000000.0,HIGH,23.46,9.91,0.74,28.36,0.2853,True,15.76,True,14.39,3.684,3.741,-2.9688,-12.45,0.804,6.0,13.9,41.0,11.15,100.77,65949876.0,,,5.9,0.4601990049751244,0.8121890547263682,0.2922885572139303,0.24129353233830847,0.32213930348258707,0.9564676616915423,0.9713930348258707,0.5141,0.5729,0.495
PPTA,Perpetua Resources Corp,Basic Materials,Other Precious Metals & Mining,,,-889.5900000000001,,-0.14,-0.77,10.14,7.86,-15.95,0.14,-40.49,1.0,1120000.0,0.36,22.24,Aug 15/a,37.93,2780000000.0,HIGH,-18.77,-6.6,1.24,-13.87,0.2283,False,-11.62,False,-11.98,5.266,6.526,-2.9481,-26.05,1.011,29.0,-20.7,34.0,-16.44,20.38,21175915.0,,,86.1,0.46455223880597013,0.4253731343283582,0.4353233830845771,0.5572139303482587,0.8526119402985075,0.3407960199004975,0.2126865671641791,0.5126,0.4715,0.5538
RZLT,Rezolute Inc,Healthcare,Biotechnology,,,24.14,,0.07,0.8199999999999998,20.44,-25.45,27.16,0.53,-66.81,1.0,1580000.0,0.0,3.8,Sep 24/a,8.14,367760000.0,HIGH,-12.45,-4.07,1.02,-7.55,0.174,False,-2.05,False,-10.87,6.384,5.86,-3.168,-28.84,1.056,30.0,-13.95,6.0,2.82,4.01,6531992.0,,,103.0,0.39676616915422885,0.3582089552238806,0.6268656716417911,0.6318407960199005,0.6878109452736318,0.3743781094527363,0.4116915422885572,0.5126,0.5591,0.5227
CEVA,Ceva Inc,Technology,Semiconductors,,44.86,32.97,13.07,0.0,2.96,11.72,-16.34,97.59,1.97,-30.23,1.22,770650.0,0.08,36.0,Aug 10/b,46.67,1010000000.0,HIGH,37.66,6.95,0.88,42.56,0.4382,True,17.62,True,19.25,4.763,3.342,-3.111,-20.95,0.963,1.0,4.45,39.0,16.23,37.1,20971264.0,,,25.8,0.4191542288557214,0.5584577114427861,0.10447761194029848,0.48072139303482586,0.5242537313432836,0.9825870646766169,0.9937810945273632,0.5116,0.5861,0.6017
WSC,WillScot Holdings Corp,Industrials,Rental & Leasing Services,,14.01,-1.11,3.92,-3.27,-2.92,7.27,-36.87,6.08,1.39,-39.03,2.4,2650000.0,0.0,18.15,Aug 06/a,29.8,3290000000.0,HIGH,-13.41,-3.19,1.05,-8.51,0.1716,False,-5.19,False,-18.39,3.799,2.746,-1.676,-37.5,0.996,,,40.0,-29.01,17.3,50357461.0,,,72.3,0.8308457711442786,0.1828358208955224,0.6380597014925373,0.5298507462686567,0.7114427860696517,0.17412935323383086,0.3756218905472637,0.5112,0.5551,0.5616
PTLO,Portillos Inc,Consumer Cyclical,Restaurants,18.41,14.96,-23.84,5.57,1.98,-8.76,15.96,-25.679999999999996,-31.85,1.57,-48.32,2.45,1290000.0,0.01,3.53,Aug 05/a,6.25,268079999.99999997,HIGH,-20.59,-0.28,1.13,-15.69,0.3094,False,-7.83,False,-18.86,4.473,3.419,-2.1194,-33.02,1.537,36.0,-26.26,41.0,-19.86,3.51,6002947.0,,,78.1,0.6977611940298507,0.2605721393034826,0.24129353233830841,0.9203980099502488,0.7817164179104478,0.16417910447761194,0.16666666666666666,0.511,0.3736,0.641
UCTT,Ultra Clean Hldgs Inc,Technology,Semiconductor Equipment & Materials,,11.57,105.26,24.31,-9.01,2.99,8.24,-42.05,28.660000000000004,1.88,-47.48,1.0,1230000.0,0.04,75.74,Aug 03/a,137.0,3430000000.0,HIGH,0.36,-6.89,2.04,5.26,0.2546,False,-1.57,False,-5.71,5.505,13.331,-4.489,-33.92,1.15,6.0,-5.01,43.0,-14.02,72.69,69620602.0,,,88.5,0.17164179104477612,0.2431592039800995,0.3675373134328358,0.7437810945273632,0.9776119402985075,0.5621890547263682,0.8121890547263682,0.511,0.7284,0.6138
FTK,Flotek Industries Inc,Energy,Oil & Gas Equipment & Services,29.91,26.76,430.11999999999995,70.29,-4.51,3.88,24.96,30.95,70.49,1.44,-25.129999999999995,1.0,509250.0,0.0,29.7,Aug 04/a,39.42,1080000000.0,HIGH,31.44,8.83,0.83,36.34,0.3015,True,8.29,True,10.12,5.834,5.301,-4.4626,-22.01,1.133,13.0,14.68,42.0,9.68,30.94,14104512.0,,,27.4,0.17412935323383086,0.5317164179104478,0.25497512437810943,0.7288557213930348,0.44713930348258707,0.9266169154228856,0.986318407960199,0.5106,0.6052,0.5692
KOS,Kosmos Energy Ltd,Energy,Oil & Gas E&P,,10.03,266.54,54.82,-1.87,-0.26,4.89,32.98,-4.95,0.87,-17.19,2.31,14550000.0,0.15,2.77,Aug 03/b,3.19,1650000000.0,HIGH,-9.71,-2.71,0.9,-4.81,0.2494,False,-8.71,False,-6.85,6.204,3.984,-3.4716,-20.32,1.121,14.0,-14.04,44.0,-0.79,2.51,36367584.0,,,27.1,0.31592039800995025,0.5733830845771144,0.37935323383084574,0.7195273631840796,0.5522388059701493,0.5199004975124378,0.5099502487562189,0.5101,0.4835,0.5269
NMAX,Newsmax Inc,Communication Services,Broadcasting,,50.56,103.81,16.53,-0.77,6.35,7.78,39.72,84.86,2.65,-17.53,1.0,1140000.0,0.02,10.87,Aug 13/a,18.5,1400000000.0,HIGH,-10.44,-12.66,1.02,-5.54,0.1725,False,-11.16,False,-4.8,6.055,8.666,-3.2733,-21.39,0.781,33.0,-8.11,35.0,0.32,9.52,13297021.0,,,94.3,0.3681592039800995,0.5485074626865671,0.6324626865671642,0.21890547263681592,0.6878109452736318,0.6001243781094527,0.47885572139303484,0.5093,0.5876,0.4688
DOCS,Doximity Inc,Healthcare,Health Information Services,31.19,16.92,-52.02,7.339999999999999,-0.06,0.98,10.09,27.73,11.02,1.23,-65.63,2.48,4550000.0,0.0,26.3,Aug 06/a,30.68,4690000000.0,HIGH,6.0,6.6,0.9,10.9,0.17,True,6.22,True,11.37,3.974,5.03,-2.9954,-30.17,0.703,3.0,5.32,40.0,35.19,27.93,78478308.0,,,9.8,0.45149253731343286,0.32587064676616917,0.6461442786069651,0.14365671641791045,0.5522388059701493,0.9365671641791045,0.8967661691542289,0.5093,0.7182,0.521
OMCL,Omnicell Inc,Healthcare,Health Information Services,39.8,16.11,337.17,7.449999999999999,-1.35,3.2,7.47,-16.12,-4.38,0.99,-35.07,1.25,716880.0,0.0,33.66,Jul 30/b,57.86,1540000000.0,HIGH,-2.24,-0.8,0.64,2.66,0.0821,True,1.07,False,-4.66,2.772,1.637,-1.6707,-30.09,0.738,,,46.0,-9.46,33.6,17777221.0,,,72.2,0.835820895522388,0.3283582089552239,0.9210199004975125,0.17288557213930347,0.1890547263681592,0.6044776119402985,0.7444029850746269,0.5086,0.6308,0.4506
ADNT,Adient plc,Consumer Cyclical,Auto Parts,29.45,5.89,-26.6,5.03,-1.81,-2.27,8.95,-3.140000000000001,-13.04,1.6,-35.54,1.69,1010000.0,0.0,17.61,Aug 05/b,26.1,1360000000.0,HIGH,-13.49,1.23,0.79,-8.59,0.1841,False,-4.09,False,-9.4,4.898,3.351,-3.147,-22.9,1.108,46.0,-19.79,42.0,-15.64,17.31,18882622.0,,,50.8,0.4054726368159204,0.5099502487562189,0.6044776119402986,0.7033582089552238,0.39490049751243783,0.4291044776119403,0.3718905472636816,0.5079,0.4486,0.4832
GERN,Geron Corp,Healthcare,Biotechnology,,17.16,-1.22,17.22,0.0,-0.16,13.05,-2.33,-9.31,0.59,-36.83,1.4,10760000.0,0.0,1.27,Aug 05/b,4.25,815750000.0,HIGH,-23.57,-4.0,1.38,-18.67,0.2893,False,-8.71,False,-15.6,4.345,2.5,-2.6559,-27.27,1.09,42.0,-10.45,42.0,-10.45,1.2,13967869.0,,,254.2,0.5373134328358209,0.39614427860696516,0.28233830845771146,0.6809701492537313,0.9092039800995025,0.23880597014925373,0.12313432835820895,0.5075,0.4067,0.5916
SPHR,Sphere Entertainment Co,Communication Services,Entertainment,,,-131.7,10.95,0.0,5.75,23.88,-19.52,29.909999999999997,1.62,-23.64,1.17,685800.0,0.0,138.7,Jul 30/b,181.25,4980000000.0,HIGH,-9.95,-7.55,1.06,-5.05,0.1542,False,-8.52,False,-13.4,4.673,3.711,-1.955,-29.39,0.804,37.0,-21.01,46.0,-8.5,128.25,71501470.0,,,41.3,0.7425373134328358,0.3420398009950249,0.7052238805970149,0.24129353233830847,0.722636815920398,0.291044776119403,0.4962686567164179,0.5075,0.6269,0.4994
CELC,Celcuity Inc,Healthcare,Biotechnology,,,-38.76,,-26.63,21.66,28.2,-22.56,-25.120000000000005,0.09,-47.43,1.0,1170000.0,0.01,79.39,Aug 13/a,160.75,3880000000.0,HIGH,-24.66,-9.47,1.41,-19.76,0.2715,False,-12.76,False,-17.38,5.991,6.609,-2.8085,-36.6,1.467,22.0,-21.61,35.0,-16.74,72.1,82554794.0,,,123.0,0.4975124378109453,0.19776119402985073,0.32089552238805974,0.8967661691542289,0.9203980099502488,0.19776119402985073,0.10572139303482588,0.5052,0.4147,0.6281
BV,BrightView Holdings Inc,Industrials,Specialty Business Services,,17.04,-119.75,1.31,0.2,0.26,5.46,-28.84,-11.03,1.19,-30.6,1.82,1080000.0,0.0,10.41,Aug 04/a,15.45,963970000.0,HIGH,-9.51,0.19,1.01,-4.61,0.1788,False,-3.51,False,-9.67,3.259,1.459,-2.1708,-31.47,0.856,,,42.0,-3.02,10.28,10325736.0,,,50.3,0.6853233830845771,0.29850746268656714,0.6131840796019901,0.32027363184079605,0.6791044776119403,0.4247512437810945,0.5124378109452736,0.5035,0.5927,0.5274
SERV,Serve Robotics Inc,Industrials,Integrated Freight & Logistics,,,-120.28000000000002,404.36000000000007,-3.1,9.32,40.13,-30.85,-47.22,2.43,-76.44,1.5,3740000.0,0.05,4.39,Aug 06/a,10.76,380740000.0,HIGH,-6.67,4.18,0.91,-1.77,0.1657,True,1.99,False,-3.27,4.909,7.324,-2.9301,-25.08,0.777,,,40.0,-9.24,4.61,13349067.0,,,133.4,0.4689054726368159,0.44838308457711445,0.6629353233830846,0.21082089552238806,0.5708955223880597,0.6579601990049752,0.5845771144278606,0.5033,0.604,0.4771
NXDR,Nextdoor Holdings Inc,Communication Services,Internet Content & Information,,,86.03,14.529999999999998,-0.4099999999999999,4.82,2.81,8.77,82.35,1.42,-33.33,2.2,2470000.0,0.0,2.48,Aug 04/a,3.35,959380000.0,HIGH,8.93,0.83,0.64,13.83,0.2032,True,1.52,True,1.97,4.684,3.689,-3.1247,-9.96,0.765,11.0,-1.61,42.0,5.63,2.44,5690269.0,,,37.3,0.4141791044776119,0.8619402985074627,0.5422885572139303,0.19402985074626866,0.1890547263681592,0.818407960199005,0.9253731343283582,0.5033,0.5896,0.4039
DEC,Diversified Energy Co,Energy,Oil & Gas Integrated,,3.26,,,0.0,3.63,10.61,3.64,-23.07,0.34,-26.08,1.15,944600.0,0.22,13.97,Aug 05/a,24.57,1100000000.0,HIGH,-13.03,-1.11,0.56,-8.13,0.1997,False,-5.49,False,-5.41,2.753,1.677,-1.5693,-15.54,0.76,21.0,-12.0,41.0,2.52,13.42,12446668.0,,,83.1,0.8569651741293532,0.7350746268656716,0.554726368159204,0.19029850746268656,0.10572139303482588,0.5746268656716418,0.39054726368159204,0.5029,0.3544,0.4319
COLL,Collegium Pharmaceutical Inc,Healthcare,Drug Manufacturers - Specialty & Generic,17.85,3.3,-234.56,6.32,-2.39,2.27,17.82,-38.76,-32.07,0.72,-56.61000000000001,1.38,722050.0,0.17,22.04,Aug 06/b,49.0,717390000.0,HIGH,-6.42,-2.7,0.76,-1.52,0.0903,False,-2.54,False,-17.7,4.227,3.361,-1.4539,-41.59,1.019,,,41.0,-24.36,22.02,20649843.0,,,122.5,0.8793532338308457,0.13557213930348258,0.8942786069651741,0.5740049751243781,0.347636815920398,0.1865671641791045,0.5945273631840796,0.5029,0.6104,0.4969
EPM,Evolution Petroleum Corp,Energy,Oil & Gas E&P,,89.75,30.079999999999995,14.69,0.0,0.75,8.42,-3.49,-22.96,0.48,-29.049999999999997,1.0,512070.00000000006,0.02,3.59,Sep 15/a,4.94,144220000.0,HIGH,-2.72,3.77,0.52,2.18,0.1162,False,-1.66,False,-1.62,4.387,1.676,-2.7395,-12.68,0.57,11.0,-2.98,13.0,-1.38,3.58,1967030.0,,,38.0,0.513681592039801,0.8053482587064676,0.8016169154228856,0.06840796019900497,0.08644278606965174,0.7257462686567164,0.7325870646766169,0.5002,0.5595,0.3486
CRNC,Cerence Inc,Technology,Software - Application,,10.4,151.03,11.81,-0.65,2.87,14.71,-25.069999999999997,22.12,3.05,-42.13,2.6,701510.0,0.0,7.95,Aug 06/a,10.75,359580000.0,HIGH,-5.16,3.72,0.77,-0.26,0.1188,True,0.09,False,-2.78,4.378,3.832,-2.8777,-23.97,0.764,,,40.0,-10.31,8.09,4721466.0,,,32.9,0.48383084577114427,0.48134328358208955,0.7947761194029851,0.1921641791044776,0.3656716417910448,0.6828358208955224,0.6449004975124378,0.5001,0.6061,0.4311
STLN,Starling Oncology Inc,Healthcare,Medical Care Facilities,,,46.7,34.62,-0.68,3.87,11.1,23.67,133.97,0.42,-2.87,1.0,1710000.0,0.0,6.93,Aug 06/a,9.25,692450000.0,HIGH,7.08,-4.37,0.6,11.98,0.1755,False,-2.18,True,3.91,5.679,2.52,-3.1203,-10.94,0.655,9.0,-7.03,40.0,27.25,6.35,8723608.0,,,45.7,0.4154228855721393,0.8463930348258707,0.6218905472636815,0.11567164179104478,0.1486318407960199,0.8507462686567164,0.9104477611940298,0.4998,0.5953,0.3826
DFDV,DeFi Development Corp,Financial,Asset Management,,,-224.98,66.87,0.71,-0.3,18.63,95.1,65.51,-3.66,-67.77,1.0,1480000.0,0.63,5.89,Aug 12/a,10.4,192210000.0,HIGH,-10.56,-5.83,0.92,-5.66,0.3764,False,-5.01,True,20.62,11.297,12.571,-7.401,-21.29,1.088,10.0,-13.37,36.0,82.93,5.25,14399767.0,,,98.1,0.033582089552238806,0.5509950248756219,0.16791044776119401,0.6753731343283582,0.5845771144278606,0.9838308457711443,0.47388059701492535,0.4994,0.4153,0.5693
IRTC,iRhythm Holdings Inc,Healthcare,Medical Devices,,92.53,97.39,20.08,-8.68,-2.42,9.47,-6.950000000000001,-6.7,1.45,-48.02,1.06,602050.0,0.07,110.19,Aug 06/a,176.14,3630000000.0,HIGH,-10.32,-1.98,0.65,-5.42,0.1383,False,-2.52,False,-6.79,3.241,2.519,-1.8777,-19.26,0.663,30.0,-13.76,40.0,-13.67,110.37,60860237.0,,,59.6,0.7723880597014925,0.6150497512437811,0.7512437810945274,0.12189054726368159,0.2058457711442786,0.5236318407960199,0.486318407960199,0.4983,0.4817,0.4059
PHR,Phreesia Inc,Healthcare,Health Information Services,60.09,15.57,189.62,10.41,30.06,-0.52,5.48,0.79,-12.88,0.83,-58.14,1.89,818770.0,0.0,10.15,Sep 02/a,14.07,630020000.0,HIGH,-7.95,-0.3,0.73,-3.05,0.0961,False,-1.34,False,-9.0,3.426,4.071,-2.3578,-22.6,0.774,36.0,-17.86,21.0,-9.28,10.07,7389431.0,,,39.7,0.6281094527363185,0.5211442786069652,0.8731343283582089,0.20335820895522388,0.30783582089552236,0.44776119402985076,0.5497512437810945,0.4969,0.5742,0.3968
NUVB,Nuvation Bio Inc,Healthcare,Biotechnology,,,-4.04,555.64,-0.59,5.55,23.09,1.07,33.41,1.6,-41.85,1.17,6350000.0,0.01,5.67,Aug 06/b,13.1,2000000000.0,HIGH,-24.52,-8.21,2.87,-19.62,0.2698,False,-13.32,False,-19.01,5.592,12.257,-2.9754,-32.19,1.171,33.0,-20.68,41.0,-15.88,5.14,30120850.0,,,154.9,0.4577114427860697,0.2798507462686567,0.32711442786069655,0.7630597014925373,0.9906716417910447,0.15920398009950248,0.11069651741293532,0.4963,0.4396,0.5927
PRM,Perimeter Solutions Inc,Basic Materials,Specialty Chemicals,,15.87,-408.23,31.46,-30.24,5.17,4.7,-15.380000000000004,35.77,1.9,-23.74,1.4,1510000.0,0.0,29.11,Jul 31/b,43.75,4760000000.0,HIGH,-13.57,-1.54,1.01,-8.67,0.2751,False,-8.32,False,-13.29,4.8,4.135,-2.7308,-28.08,1.204,12.0,-13.95,45.0,-10.32,27.45,39971042.0,,,59.4,0.5149253731343284,0.3756218905472637,0.31218905472636815,0.7904228855721394,0.6791044776119403,0.2947761194029851,0.3694029850746269,0.4945,0.4451,0.5698
XERS,Xeris Biopharma Holdings Inc,Healthcare,Drug Manufacturers - Specialty & Generic,,25.5,-1387.6,28.74,-3.65,1.41,4.66,17.88,68.96,0.69,-9.49,1.43,1920000.0,0.01,9.12,Aug 06/b,12.29,1660000000.0,HIGH,6.45,-7.63,0.43,11.35,0.367,True,6.21,True,7.36,6.325,3.304,-3.9684,-19.86,2.925,7.0,4.85,41.0,23.37,9.08,28886941.0,,,35.4,0.24502487562189054,0.5920398009950248,0.177860696517413,0.9912935323383084,0.05161691542288557,0.9092039800995025,0.9017412935323383,0.4945,0.4295,0.5493
ABAT,American Battery Technology Company,Industrials,Waste Management,,,-39.66,196.6,-2.84,2.28,16.11,-16.59,-15.960000000000004,1.29,-80.54,1.0,3330000.0,0.12,2.24,Sep 14/b,6.0,318720000.0,HIGH,-21.22,-3.52,0.92,-16.32,0.3425,False,-7.05,False,-8.97,6.138,5.936,-3.7286,-24.09,1.805,19.0,-21.22,15.0,-7.2,2.19,9224328.0,,,174.0,0.27487562189054726,0.47885572139303484,0.20398009950248752,0.9614427860696517,0.5845771144278606,0.4490049751243781,0.15422885572139303,0.4921,0.2983,0.5675
DAKT,Daktronics Inc,Technology,Electronic Components,17.3,11.53,19.96,7.12,-0.18,0.38,4.7,-12.85,-14.47,1.67,-39.79,1.0,607960.0,0.0,17.02,Sep 02/b,32.0,818540000.0,HIGH,-7.18,5.34,0.68,-2.28,0.1696,True,0.36,False,-6.3,2.756,2.171,-1.9238,-19.5,0.712,44.0,-9.16,22.0,-6.12,17.96,10765157.0,,,78.2,0.7524875621890548,0.6044776119402985,0.6486318407960199,0.15298507462686567,0.23880597014925373,0.5441542288557214,0.5646766169154229,0.4903,0.4921,0.4221
CRI,Carters Inc,Consumer Cyclical,Apparel Retail,5.86,8.48,46921.31,5.16,0.0,-2.76,16.65,-27.77,-9.43,0.84,-29.549999999999997,2.44,1230000.0,0.0,31.31,Jul 31/b,42.29,1150000000.0,HIGH,-5.84,1.9,0.78,-0.94,0.1459,True,2.51,False,-8.66,3.509,3.039,-2.5025,-24.26,0.845,39.0,-20.95,45.0,-16.41,31.59,48183666.0,,,33.9,0.5870646766169154,0.47450248756218905,0.722636815920398,0.3072139303482587,0.3787313432835821,0.46766169154228854,0.6231343283582089,0.4896,0.5797,0.4352
RYAM,Rayonier Advanced Materials Inc,Basic Materials,Chemicals,,9.85,90.91,10.61,-0.03,-2.36,8.11,7.12,-20.72,1.83,-27.68,1.0,886690.0,0.0,8.57,Aug 04/a,14.0,579710000.0,HIGH,-16.24,-12.64,1.05,-11.34,0.2324,False,-14.54,False,-16.41,5.146,5.899,-3.1432,-28.08,1.246,9.0,-16.04,42.0,-18.72,7.12,7122321.0,,,96.6,0.4079601990049751,0.3756218905472637,0.4203980099502488,0.8009950248756219,0.7114427860696517,0.22014925373134328,0.2767412935323383,0.4894,0.4502,0.5351
EYE,National Vision Holdings Inc,Consumer Cyclical,Specialty Retail,26.71,13.68,41.28,2.55,2.22,3.3000000000000003,20.42,-12.35,-39.74,0.98,-44.94,1.58,2150000.0,0.0,16.53,Aug 12/b,28.18,1310000000.0,HIGH,-2.03,1.74,0.91,2.87,0.0995,False,-1.46,False,-11.68,4.545,3.567,-2.6672,-31.38,0.852,44.0,-25.59,37.0,-15.94,16.4,38615514.0,,,71.8,0.5360696517412935,0.30223880597014924,0.8619402985074627,0.31405472636815923,0.5708955223880597,0.34950248756218905,0.7549751243781094,0.4891,0.7318,0.4426
RVLV,Revolve Group Inc,Consumer Cyclical,Internet Retail,20.69,18.77,82.45,12.44,-1.32,-2.97,10.47,-11.71,-4.9,1.7,-34.2,1.86,855560.0,0.0,20.84,Aug 04/a,30.85,1480000000.0,HIGH,-2.81,-2.31,0.71,2.09,0.0931,False,-0.49,False,-8.94,3.525,4.578,-2.58,-24.1,0.828,48.0,-19.39,42.0,-17.98,20.75,17332856.0,,,48.7,0.5559701492537313,0.47761194029850745,0.8824626865671642,0.2829601990049751,0.2798507462686567,0.4521144278606965,0.7238805970149254,0.4885,0.6382,0.3927
EGHT,8X8 Inc,Technology,Software - Application,68.47,6.11,73.75,4.86,-2.12,-5.86,2.51,34.92,40.75,1.88,-20.83,2.33,1710000.0,0.03,2.28,Aug 04/a,2.58,329330000.0,HIGH,20.63,2.24,0.59,25.53,0.4357,True,13.43,True,13.2,5.388,4.825,-4.3404,-6.17,1.044,2.0,1.33,42.0,1.79,2.28,3614003.0,,,13.2,0.1890547263681592,0.9378109452736318,0.10696517412935325,0.6125621890547264,0.13495024875621892,0.9477611940298507,0.9601990049751243,0.4882,0.4567,0.4711
FND,Floor & Decor Holdings Inc,Consumer Cyclical,Home Improvement Retail,21.91,21.35,52.04,2.97,-6.23,0.03,12.45,-19.8,-6.6000000000000005,1.59,-39.64,2.72,2460000.0,0.0,46.95,Jul 30/a,58.58,5000000000.0,HIGH,-9.44,-1.88,0.69,-4.54,0.0968,False,-3.5,False,-13.23,4.077,4.375,-2.3154,-28.08,0.978,43.0,-20.3,45.0,-17.74,45.49,118438355.0,,,28.8,0.6368159203980099,0.3756218905472637,0.8700248756218906,0.4975124378109453,0.24875621890547264,0.2972636815920398,0.513681592039801,0.4877,0.5411,0.4201
YETI,YETI Holdings Inc,Consumer Cyclical,Leisure,18.4,12.6,53.55,8.52,0.0,-4.18,11.32,-15.839999999999998,18.86,1.68,-21.69,1.78,1570000.0,0.0,42.28,Aug 13/b,54.93,3090000000.0,HIGH,0.12,-5.68,0.62,5.02,0.1127,False,-1.24,False,-8.24,4.126,3.474,-2.1845,-24.3,0.847,9.0,-4.49,36.0,-10.12,40.87,74359893.0,,,34.4,0.681592039800995,0.47139303482587064,0.8134328358208955,0.30907960199004975,0.1685323383084577,0.48009950248756217,0.806592039800995,0.4874,0.6172,0.4098
NVST,Envista Holdings Corp,Healthcare,Medical Instruments & Supplies,41.23,14.23,110.55,7.1,-0.21,6.15,6.51,-12.18,-3.54,0.88,-21.99,2.07,2850000.0,0.0,23.73,Aug 05/a,30.0,3810000000.0,HIGH,-14.0,-1.14,0.76,-9.1,0.2104,False,-4.45,False,-11.04,3.133,2.579,-1.8942,-19.1,0.854,37.0,-17.74,41.0,-14.32,23.46,75060087.0,,,27.9,0.763681592039801,0.6200248756218906,0.5062189054726368,0.31592039800995025,0.347636815920398,0.3694029850746269,0.35012437810945274,0.4871,0.3962,0.4492
SABS,SAB Biotherapeutics Inc,Healthcare,Biotechnology,,,74.09,,0.0,0.83,4.42,-13.849999999999998,-12.73,0.57,-34.76,1.08,555930.0,0.06,3.36,Aug 06/b,11.75,305720000.0,HIGH,-19.89,-7.31,0.67,-14.99,0.2127,False,-11.7,False,-16.85,5.784,5.369,-2.064,-25.31,1.299,26.0,-23.2,41.0,-20.95,2.98,2085819.0,,,294.3,0.7089552238805971,0.43905472636815923,0.4937810945273632,0.8364427860696517,0.23072139303482586,0.2126865671641791,0.1859452736318408,0.4869,0.2917,0.4972
SOUN,SoundHound AI Inc,Technology,Software - Application,,,45.04,45.02,-1.22,-1.2,40.77,-6.11,1.8500000000000003,2.84,-72.9,1.5,28710000.0,0.12,6.01,Aug 05/a,12.67,2700000000.0,HIGH,-13.35,0.17,1.22,-8.45,0.1662,False,-4.92,False,-11.34,4.159,7.363,-2.492,-28.69,0.642,41.0,-9.18,41.0,-9.18,5.84,119074495.0,,,117.0,0.5920398009950248,0.36256218905472637,0.6585820895522387,0.10696517412935323,0.8407960199004975,0.36069651741293535,0.3812189054726368,0.4869,0.6023,0.4751
MPT,Medical Properties Trust Inc,Real Estate,REIT - Healthcare Facilities,,,96.95,7.870000000000001,0.0,4.28,29.66,-23.16,-21.63,1.48,-45.13,2.62,8020000.0,0.0,3.55,Aug 10/b,5.12,2120000000.0,HIGH,-18.45,-6.57,1.19,-13.55,0.2149,False,-9.02,False,-18.73,4.696,5.81,-3.1675,-33.67,1.24,53.0,-31.16,39.0,-21.2,3.27,41602667.0,,,56.6,0.39800995024875624,0.24751243781094528,0.4850746268656716,0.7972636815920398,0.8246268656716418,0.16791044776119404,0.2263681592039801,0.4867,0.4835,0.547
NMRK,Newmark Group Inc,Real Estate,Real Estate Services,16.08,5.86,-5.36,18.91,0.0,3.2099999999999995,4.07,-15.27,-9.58,1.74,-34.81,1.5,1610000.0,0.02,12.93,Jul 29/b,19.75,2340000000.0,HIGH,-17.05,1.28,0.73,-12.15,0.2569,False,-7.48,False,-13.89,3.845,4.308,-2.1853,-23.1,1.204,32.0,-16.67,47.0,-15.04,12.65,29624092.0,,,56.1,0.6803482587064676,0.503731343283582,0.35572139303482586,0.7904228855721394,0.30783582089552236,0.277363184079602,0.2599502487562189,0.4859,0.303,0.514
ICHR,Ichor Holdings Ltd,Technology,Semiconductor Equipment & Materials,,17.34,109.98999999999998,22.68,-12.869999999999996,3.64,7.62,-46.26,25.290000000000003,1.81,-50.11,1.38,932690.0,0.14,56.67,Aug 03/a,98.88,2120000000.0,HIGH,11.6,5.89,1.06,16.5,0.2438,True,10.38,True,1.64,4.402,5.904,-3.5692,-37.7,0.983,5.0,8.6,43.0,-11.72,62.92,40538747.0,,,57.2,0.30472636815920395,0.1791044776119403,0.3905472636815921,0.5080845771144279,0.722636815920398,0.8072139303482587,0.9328358208955224,0.4854,0.7071,0.5857
JANX,Janux Therapeutics Inc,Healthcare,Biotechnology,,,36.18,,-0.18,1.87,10.19,6.36,23.67,2.38,-53.88,1.5,931310.0,0.0,16.3,Aug 06/a,31.53,996530000.0,HIGH,-16.35,2.11,0.87,-11.45,0.27,False,-2.28,False,-0.89,4.172,2.688,-3.2538,-16.64,0.812,22.0,-10.38,40.0,6.81,16.93,15858255.0,,,86.2,0.3718905472636816,0.6990049751243781,0.32587064676616917,0.25497512437810943,0.5049751243781094,0.7549751243781094,0.27238805970149255,0.4853,0.3582,0.4717
APPN,Appian Corp,Technology,Software - Infrastructure,,25.38,-3759.52,19.11,-0.5,-1.37,10.82,60.099999999999994,55.26,0.91,-21.86,3.11,857500.0,0.03,35.99,Aug 06/b,34.0,2580000000.0,HIGH,-4.4,4.74,0.59,0.5,0.1696,True,0.14,True,3.59,5.344,5.93,-4.4081,-16.75,0.906,26.0,-4.6,41.0,22.43,36.68,32876126.0,,,-7.3,0.18407960199004975,0.6965174129353234,0.6486318407960199,0.39676616915422885,0.13495024875621892,0.845771144278607,0.6728855721393034,0.4845,0.5042,0.3904
LZ,LegalZoom.com Inc,Industrials,Specialty Business Services,60.02,6.81,2113.33,6.64,-0.83,-1.45,10.27,-7.86,2.74,1.2,-54.6,2.5,2850000.0,0.0,5.63,Aug 05/a,7.6,964220000.0,HIGH,-8.65,2.75,0.9,-3.75,0.1616,False,-4.54,False,-10.37,4.107,3.839,-2.2667,-34.04,0.899,48.0,-25.93,41.0,-1.15,5.6,16334548.0,,,35.7,0.6517412935323383,0.23880597014925373,0.6753731343283582,0.39116915422885573,0.5522388059701493,0.39427860696517414,0.5323383084577115,0.4839,0.5812,0.4974
VRDN,Viridian Therapeutics Inc,Healthcare,Biotechnology,,,4.56,278.67,20.14,11.44,18.3,8.41,-25.629999999999995,1.09,-40.59,1.0,1920000.0,0.04,20.37,Aug 06/b,36.2,2310000000.0,HIGH,-15.36,-5.69,0.83,-10.46,0.2169,False,-9.46,False,-11.66,4.674,3.222,-2.9888,-21.96,1.058,33.0,-15.98,41.0,-7.93,19.4,38909420.0,,,86.6,0.4539800995024876,0.5366915422885572,0.47388059701492535,0.6368159203980099,0.44713930348258707,0.35074626865671643,0.30472636815920395,0.4832,0.3982,0.4722
LIFE,Ethos Technologies Inc,Financial,Insurance Brokers,,32.08,4.25,113.35,-3.4099999999999997,-2.76,14.01,79.79,235.44,,-20.14,1.22,1270000.0,0.0,33.98,Aug 03/a,35.62,2170000000.0,HIGH,-14.38,-0.35,0.79,-9.48,0.3073,False,-7.26,True,2.21,8.432,8.353,-3.7554,-19.81,1.015,20.0,-9.52,43.0,49.45,34.12,64765194.0,,,4.4,0.27114427860696516,0.5939054726368159,0.24626865671641796,0.5665422885572139,0.39490049751243783,0.8227611940298507,0.3407960199004975,0.4826,0.3287,0.5138
DUOT,Duos Technologies Group Inc,Technology,Software - Application,9.33,8.46,553.3,7.66,0.73,14.75,19.36,-21.78,31.04,1.36,-40.05,1.0,966220.0,0.05,9.16,Aug 17/a,25.0,288290000.0,HIGH,4.0,1.33,1.05,8.9,0.1823,True,4.0,True,0.66,4.348,4.72,-3.2384,-28.99,0.521,34.0,0.0,33.0,-11.38,9.11,5233440.0,,,174.4,0.373134328358209,0.35323383084577115,0.6082089552238805,0.05223880597014925,0.7114427860696517,0.7910447761194029,0.8718905472636815,0.4816,0.7447,0.482
BFAM,Bright Horizons Family Solutions Inc,Consumer Cyclical,Personal Services,20.83,11.17,-17.28,6.509999999999999,-1.54,-4.48,6.21,-6.1,-18.89,1.16,-40.05,2.27,863850.0,0.0,65.86,Jul 30/a,89.22,3200000000.0,HIGH,-8.53,0.83,0.59,-3.63,0.1088,False,-2.27,False,-9.33,3.252,1.478,-2.2315,-22.61,0.85,49.0,-15.19,45.0,-13.79,64.26,66353832.0,,,38.8,0.6629353233830846,0.5199004975124378,0.8264925373134329,0.31218905472636815,0.13495024875621892,0.43159203980099503,0.5348258706467661,0.4813,0.5024,0.3854
HCC,Warrior Met Coal Inc,Basic Materials,Coking Coal,21.32,10.73,1451.22,70.56,-11.59,3.15,7.37,9.7,-10.6,0.7,-20.44,1.67,673260.0,0.06,88.65,Aug 05/a,109.43,4680000000.0,HIGH,-14.46,-2.62,0.57,-9.56,0.2568,False,-4.38,False,-5.51,3.96,1.981,-2.3561,-19.81,1.049,22.0,-15.89,41.0,5.99,89.35,61246351.0,,,22.5,0.6293532338308457,0.5939054726368159,0.35696517412935325,0.621268656716418,0.11691542288557213,0.568407960199005,0.3358208955223881,0.4811,0.2765,0.484
ARDX,Ardelyx Inc,Healthcare,Biotechnology,,13.17,15.22,23.77,-4.52,-1.17,10.69,-34.61,-37.59,0.67,-59.29,1.0,4380000.0,0.03,3.42,Aug 06/a,12.9,852220000.0,HIGH,-11.64,-2.05,0.97,-6.74,0.1647,False,-4.67,False,-15.53,3.584,3.293,-2.0065,-38.03,0.934,,,40.0,-16.5,3.34,14761920.0,,,286.2,0.7288557213930348,0.17412935323383086,0.6666666666666667,0.43656716417910446,0.638681592039801,0.24129353233830847,0.43905472636815923,0.481,0.5672,0.5113
TIC,TIC Solutions Inc,Industrials,Specialty Business Services,,,-3105.26,86.14,0.0,0.72,15.5,8.32,34.7,2.79,-40.78,1.57,1950000.0,0.0,8.85,Aug 06/b,12.25,1930000000.0,HIGH,-11.75,-5.38,0.82,-6.85,0.191,False,-8.31,False,-8.2,4.471,1.816,-2.5218,-23.77,0.857,41.0,0.98,41.0,0.98,8.26,13510629.0,,,48.3,0.5746268656716418,0.486318407960199,0.5883084577114428,0.32276119402985076,0.4322139303482587,0.48134328358208955,0.43345771144278605,0.4809,0.4795,0.4527
WTI,W & T Offshore Inc,Energy,Oil & Gas E&P,,,156.44,32.89,-0.58,14.97,14.47,18.75,12.43,0.35,-25.2,1.0,3910000.0,0.15,3.8,Aug 05/a,4.84,573580000.0,HIGH,-6.81,-0.56,0.72,-1.91,0.2211,False,-6.79,False,-4.06,5.437,3.652,-2.9943,-17.21,0.881,18.0,-10.1,41.0,9.54,3.56,14619761.0,,,36.0,0.4527363184079602,0.6753731343283582,0.4626865671641791,0.361318407960199,0.2941542288557214,0.6293532338308457,0.5796019900497512,0.4793,0.4589,0.4344
BLMN,Bloomin Brands Inc,Consumer Cyclical,Restaurants,23.06,7.1,30.329999999999995,1.34,0.0,6.709999999999999,10.84,-15.5,47.15,1.24,-38.72,2.7,2120000.0,0.0,7.74,Aug 05/b,11.73,662700000.0,HIGH,-13.38,7.21,1.05,-8.48,0.2616,True,0.38,False,-10.79,5.669,5.189,-3.9522,-32.86,1.578,42.0,-4.93,42.0,-4.93,8.48,21453698.0,,,38.3,0.24751243781094528,0.263681592039801,0.345771144278607,0.9253731343283582,0.7114427860696517,0.376865671641791,0.3787313432835821,0.4784,0.4687,0.5653
FIVN,Five9 Inc,Technology,Software - Infrastructure,52.14,9.31,203.08,10.3,-4.83,9.75,12.24,67.7,147.54,1.54,-10.7,1.75,2630000.0,0.01,35.72,Aug 06/a,35.55,2670000000.0,HIGH,3.28,-0.87,0.84,8.18,0.2872,True,1.04,True,6.17,6.675,6.953,-4.6842,-14.1,0.842,10.0,5.82,40.0,21.11,34.36,85264383.0,,,3.5,0.1480099502487562,0.7699004975124378,0.2873134328358209,0.30161691542288555,0.4651741293532338,0.8917910447761194,0.8631840796019901,0.4773,0.571,0.4516
SABR,Sabre Corp,Technology,Software - Infrastructure,1.29,11.84,86.2,3.61,0.0,3.2099999999999995,9.32,0.02,39.5,1.07,-15.18,2.71,4400000.0,0.0,2.12,Aug 06/b,2.14,855760000.0,HIGH,-7.51,-6.19,0.65,-2.61,0.1861,False,-9.48,False,-6.53,6.78,3.807,-4.127,-21.2,1.159,10.0,-12.83,41.0,-7.08,1.97,14227671.0,,,8.6,0.22139303482587064,0.5534825870646766,0.5951492537313433,0.7531094527363185,0.2058457711442786,0.5323383084577115,0.5590796019900498,0.4769,0.4639,0.4282
SHAK,Shake Shack Inc,Consumer Cyclical,Restaurants,57.71,39.01,-8.66,17.16,2.61,-13.43,9.47,-0.07,-32.67,1.67,-49.05,2.07,1630000.0,0.01,54.75,Aug 05/b,82.77,2340000000.0,HIGH,-12.13,6.02,0.73,-7.23,0.2624,True,1.96,False,-7.12,4.387,2.919,-3.2034,-20.19,1.134,30.0,-17.43,42.0,-7.91,60.98,91470547.0,,,35.7,0.3843283582089552,0.5777363184079602,0.34328358208955223,0.7300995024875622,0.30783582089552236,0.513681592039801,0.4191542288557214,0.4762,0.363,0.484
TTI,Tetra Technologies Inc,Energy,Oil & Gas Equipment & Services,147.43,18.38,-14.05,6.78,-0.19,17.73,7.96,-47.01,-30.049999999999997,1.25,-51.92,1.4,1910000.0,0.0,6.03,Aug 03/a,11.6,892880000.0,HIGH,-13.17,1.52,1.16,-8.27,0.2773,False,-4.72,False,-15.84,3.905,3.833,-2.2747,-37.89,1.088,,,43.0,-23.08,6.0,12200917.0,,,93.3,0.6492537313432836,0.17786069651741293,0.3072139303482587,0.6753731343283582,0.8059701492537313,0.23383084577114427,0.38681592039800994,0.4749,0.4887,0.5911
MIAX,Miami International Holdings Inc,Financial,Capital Markets,45.07,18.22,34.81,18.26,-10.99,31.34,7.92,-5.0,-6.22,1.65,-38.76,2.14,1620000.0,0.01,34.99,Aug 05/a,51.4,3470000000.0,HIGH,-22.13,-2.65,1.17,-17.23,0.3759,False,-12.86,False,-20.27,4.33,3.347,-2.0088,-30.51,1.095,45.0,-28.24,41.0,-27.39,33.01,62104861.0,,,55.7,0.7276119402985075,0.3215174129353234,0.1691542288557214,0.6853233830845771,0.8140547263681592,0.12935323383084577,0.13930348258706468,0.4745,0.3507,0.5891
DFTX,Definium Therapeutics Inc,Healthcare,Biotechnology,,,-186.82,,-1.01,38.63,9.29,-22.41,102.01,2.19,-27.32,1.06,2390000.0,0.01,36.12,Aug 06/a,71.88,4850000000.0,HIGH,-1.81,-2.63,0.66,3.09,0.1098,False,-1.99,False,-9.07,5.171,3.422,-3.3185,-24.75,1.005,33.0,-17.37,40.0,-18.94,37.4,92742636.0,,,92.2,0.35696517412935325,0.458955223880597,0.8240049751243781,0.5447761194029851,0.22014925373134328,0.44216417910447764,0.7618159203980099,0.4745,0.618,0.391
AMC,AMC Entertainment Holdings Inc,Communication Services,Entertainment,,,-46.3,14.22,4.9,27.35,4.88,43.84,207.95,2.02,-8.18,2.33,34950000.0,0.1,2.92,Jul 20/b,3.03,2610000000.0,HIGH,4.53,-15.81,0.6,9.43,0.3475,True,0.56,True,4.37,7.736,6.498,-4.7461,-18.53,1.355,5.0,-5.78,54.0,42.78,2.77,89529962.0,,,9.4,0.1417910447761194,0.6374378109452736,0.1977611940298507,0.8619402985074627,0.1486318407960199,0.8575870646766169,0.8843283582089553,0.4742,0.4576,0.5025
ALTO,Alto Ingredients Inc,Basic Materials,Specialty Chemicals,5.59,11.27,197.43,12.48,0.93,6.52,9.54,-30.47,-17.52,0.14,-39.07,1.0,2050000.0,0.03,3.72,Aug 05/a,9.0,288550000.0,HIGH,-6.68,2.72,0.93,-1.78,0.1628,False,-2.7,False,-9.17,3.657,3.714,-1.7058,-37.99,0.691,,,41.0,-16.59,3.77,4278040.0,,,138.7,0.822139303482587,0.17661691542288557,0.6716417910447761,0.13432835820895522,0.5963930348258707,0.43656716417910446,0.5827114427860697,0.4729,0.6135,0.4974
HGV,Hilton Grand Vacations Inc,Consumer Cyclical,Resorts & Casinos,20.03,6.72,-45.32,7.27,-1.71,3.4099999999999997,11.91,-34.12,-6.47,1.6,-36.05,2.27,1120000.0,0.0,35.43,Jul 30/b,55.9,2750000000.0,HIGH,-17.1,-3.01,0.76,-12.2,0.2398,False,-5.99,False,-17.16,3.811,2.238,-1.6444,-34.68,1.26,,,46.0,-24.74,34.86,43537937.0,,,60.4,0.8383084577114428,0.22388059701492538,0.404228855721393,0.8152985074626866,0.347636815920398,0.20398009950248755,0.2574626865671642,0.4722,0.3285,0.5513
PWP,Perella Weinberg Partners,Financial,Capital Markets,55.25,9.89,52.23,0.8100000000000002,-5.19,5.19,9.7,-12.619999999999996,-17.31,1.64,-44.19,2.0,1280000.0,0.0,14.47,Jul 31/b,22.25,1380000000.0,HIGH,-5.83,8.06,0.52,-0.93,0.3757,True,7.99,False,-0.36,6.05,4.362,-4.1493,-19.74,2.636,36.0,-8.29,45.0,6.1,15.82,34050352.0,,,40.6,0.21766169154228857,0.5970149253731343,0.17039800995024879,0.9875621890547264,0.08644278606965174,0.7649253731343284,0.6243781094527363,0.4707,0.3268,0.5141
MAZE,Maze Therapeutics Inc,Healthcare,Biotechnology,,,1.29,,-1.7000000000000002,11.92,16.48,-12.34,-16.33,2.17,-52.62,1.0,610600.0,0.0,25.42,Aug 11/a,61.5,1410000000.0,HIGH,0.84,-1.56,0.72,5.74,0.2688,True,3.52,False,-2.12,7.472,4.275,-6.6863,-19.1,1.269,28.0,-10.71,37.0,-3.22,26.43,23058174.0,,,132.7,0.03855721393034826,0.6200248756218906,0.3376865671641791,0.8246268656716418,0.2941542288557214,0.7064676616915423,0.8190298507462687,0.4703,0.5172,0.466
LEGN,Legend Biotech Corp ADR,Healthcare,Biotechnology,,31.94,125.11,51.64,-0.12,3.75,7.92,-35.22,13.33,0.57,-49.23,1.71,2290000.0,0.02,19.04,Aug 11/b,46.89,3690000000.0,HIGH,-13.71,-0.27,1.07,-8.81,0.2231,False,-1.52,False,-6.42,4.773,6.031,-3.1901,-32.55,0.94,,,38.0,-10.12,18.57,43919043.0,,,152.5,0.3880597014925373,0.27238805970149255,0.4502487562189055,0.44154228855721395,0.7319651741293532,0.5360696517412935,0.36691542288557216,0.47,0.5014,0.5244
SMRT,SmartRent Inc,Technology,Software - Application,,,49.04,4.01,3.4099999999999997,1.26,5.0,-4.1,-20.95,1.64,-46.82,3.0,1710000.0,0.0,1.17,Aug 05/b,1.45,224190000.0,HIGH,-9.77,0.84,0.7,-4.87,0.1523,True,0.84,False,-3.7,3.637,3.75,-2.4764,-21.05,0.482,35.0,-16.67,42.0,14.29,1.2,885652.0,,,20.8,0.5982587064676617,0.5559701492537313,0.708955223880597,0.046019900497512436,0.26430348258706465,0.6455223880597015,0.503731343283582,0.4698,0.4935,0.3885
DC,Dakota Gold Corp,Basic Materials,Gold,,,-8.15,,-0.56,3.05,6.81,46.71,37.06,1.24,-13.79,1.0,1490000.0,0.14,6.25,Sep 02,12.09,838580000.0,HIGH,-0.5,-4.21,0.67,4.4,0.2219,False,-3.49,True,0.7,5.467,5.659,-3.4534,-15.43,0.832,9.0,-6.62,,,5.92,9705908.0,,,104.2,0.31716417910447764,0.736318407960199,0.45273631840796025,0.2891791044776119,0.23072139303482586,0.7922885572139303,0.7953980099502488,0.4697,0.5232,0.4073
UEC,Uranium Energy Corp,Energy,Uranium,,,-51.78,,0.0,3.38,12.35,-13.83,-27.77,1.36,-54.120000000000005,1.4,8340000.0,0.26,9.33,Sep 29/b,17.27,4620000000.0,HIGH,-19.41,0.98,0.93,-14.51,0.3211,False,-8.28,False,-13.79,5.707,5.484,-2.5201,-32.61,1.373,26.0,-29.17,4.0,0.98,9.3,94606085.0,,,85.7,0.5771144278606966,0.26990049751243783,0.22263681592039797,0.8706467661691543,0.5963930348258707,0.2810945273631841,0.20211442786069653,0.4696,0.3266,0.5813
BLBD,Blue Bird Corp,Industrials,Farm & Heavy Construction Machinery,7.05,12.26,371.03,29.94,-0.74,-3.55,13.56,-25.95,5.24,1.35,-30.45,1.12,547400.0,0.0,58.0,Aug 05/a,90.14,1840000000.0,HIGH,-11.16,-0.79,0.76,-6.26,0.1921,False,-5.13,False,-11.14,3.632,1.964,-1.862,-32.21,0.95,54.0,-27.84,41.0,-14.36,56.53,31489622.0,,,59.5,0.777363184079602,0.27860696517412936,0.5833333333333333,0.457089552238806,0.347636815920398,0.3656716417910448,0.4521144278606965,0.4683,0.4601,0.4869
ESTA,Establishment Labs Holdings Inc,Healthcare,Medical Devices,,,32.04,31.66,-16.03,5.29,16.03,-24.69,19.04,1.05,-32.53,1.0,530270.0,0.21,65.84,Aug 06/b,102.44,1960000000.0,HIGH,-13.77,-1.96,0.95,-8.87,0.2218,False,-6.99,False,-14.89,4.091,4.527,-2.1105,-34.36,1.0,55.0,-30.6,41.0,-18.96,64.06,22381930.0,,,59.9,0.7002487562189055,0.23072139303482586,0.4539800995024875,0.5398009950248757,0.6231343283582089,0.2599502487562189,0.36256218905472637,0.468,0.4682,0.5308
ARQT,Arcutis Biotherapeutics Inc,Healthcare,Biotechnology,123.85,19.35,188.25,59.32999999999999,-0.8,-1.06,16.86,-4.15,20.88,1.59,-19.26,1.29,2150000.0,0.0,25.65,Aug 05/a,37.0,3220000000.0,HIGH,5.27,-7.94,0.5,10.17,0.2137,False,-1.22,False,-2.08,6.009,3.06,-3.8713,-13.95,0.979,9.0,-3.08,41.0,-4.81,25.16,91024977.0,,,47.1,0.2562189054726368,0.7723880597014925,0.48756218905472637,0.5006218905472637,0.08084577114427861,0.7089552238805971,0.8917910447761194,0.4678,0.5272,0.3867
RELY,Remitly Global Inc,Technology,Software - Infrastructure,15.33,20.0,3025.84,20.23,-7.82,3.83,9.44,-6.54,41.91,0.37,-22.49,1.08,3580000.0,0.0,21.3,Aug 05/a,32.15,4510000000.0,HIGH,-16.81,-0.55,0.98,-11.91,0.2479,False,-1.58,False,-8.67,4.177,3.422,-3.0845,-20.78,0.847,22.0,-15.32,41.0,-9.56,21.77,92086517.0,,,47.7,0.43034825870646765,0.5634328358208955,0.3830845771144279,0.30907960199004975,0.6511194029850746,0.4664179104477612,0.263681592039801,0.4672,0.4157,0.4642
CNXC,Concentrix Corp,Technology,Information Technology Services,,2.34,36.61,1.87,-30.39,2.89,18.17,7.490000000000001,2.65,0.49,-47.31,2.0,1720000.0,0.01,27.12,Sep 29/a,33.75,1650000000.0,HIGH,-22.54,-2.12,0.88,-17.64,0.2827,False,-10.8,False,-7.71,9.354,9.835,-5.341,-26.39,2.02,28.0,-4.3,3.0,0.12,24.91,61292024.0,,,35.5,0.09203980099502487,0.4141791044776119,0.29726368159203975,0.9713930348258707,0.5242537313432836,0.5,0.13557213930348258,0.4665,0.3007,0.5219
XRX,Xerox Holdings Corp,Industrials,Business Equipment & Supplies,,7.57,108.81999999999998,21.95,0.0,5.22,36.19,3.790000000000001,135.0,2.49,-17.13,3.0,3110000.0,0.01,3.29,Jul 30/b,3.82,432020000.0,HIGH,-9.04,-7.36,0.93,-4.14,0.1833,False,-8.89,False,-4.09,6.079,6.623,-3.4895,-20.11,0.585,14.0,-8.76,46.0,14.39,3.02,8239432.0,,,26.5,0.31343283582089554,0.5808457711442786,0.6057213930348259,0.07587064676616916,0.5963930348258707,0.6268656716417911,0.5236318407960199,0.4665,0.5701,0.4031
ADT,ADT Inc,Industrials,Security & Protection Services,8.85,6.49,8.88,1.96,0.1,-8.43,3.66,-1.69,-1.08,1.04,-28.04,2.75,7850000.0,0.0,6.39,Jul 30/b,8.23,4670000000.0,HIGH,-16.22,0.97,0.64,-11.32,0.2552,False,-6.74,False,-12.63,2.752,2.24,-1.6269,-21.53,0.994,49.0,-11.22,46.0,-15.65,6.25,54844049.0,,REVIEW,31.7,0.8445273631840796,0.5460199004975125,0.36442786069651745,0.5286069651741293,0.1890547263681592,0.31343283582089554,0.2798507462686567,0.4643,0.278,0.4689
INO,Inovio Pharmaceuticals Inc,Healthcare,Biotechnology,,,87.83,,0.0,1.45,19.34,8.64,-24.42,1.61,-55.26,1.67,3740000.0,0.06,1.22,Aug 12/a,3.17,125820000.0,HIGH,-18.88,-0.85,1.07,-13.98,0.2696,False,-6.0,True,4.64,6.773,6.034,-4.1974,-20.0,0.558,20.0,-14.71,36.0,50.65,1.16,3373581.0,,,173.3,0.2126865671641791,0.585820895522388,0.3302238805970149,0.06218905472636816,0.7319651741293532,0.8606965174129353,0.21019900497512436,0.4639,0.4027,0.4669
NABL,N-able Inc,Technology,Information Technology Services,,9.16,143.66,5.31,0.0,1.8799999999999997,7.6,7.32,-13.91,0.47,-54.669999999999995,2.57,2590000.0,0.0,3.96,Aug 10/b,4.68,748060000.0,HIGH,4.19,4.44,0.61,9.09,0.1469,True,5.08,True,5.27,5.328,6.028,-3.7211,-19.43,0.701,2.0,3.17,39.0,31.78,4.23,12850539.0,,,10.6,0.27611940298507465,0.6082089552238806,0.7201492537313433,0.1417910447761194,0.15982587064676618,0.8756218905472637,0.8793532338308457,0.4636,0.6157,0.3633
AIP,Arteris Inc,Technology,Semiconductors,,190.2,-36.28,46.25,-19.7,11.61,6.51,-50.080000000000005,43.19,1.91,-52.959999999999994,1.0,780060.0,0.02,23.64,Aug 06/a,39.43,1160000000.0,HIGH,15.4,6.66,0.89,20.3,0.2314,True,7.61,False,-1.51,4.643,3.569,-3.8668,-31.05,0.984,10.0,10.58,40.0,-17.19,24.66,15772303.0,,,59.9,0.25870646766169153,0.31343283582089554,0.42412935323383083,0.5118159203980099,0.5385572139303483,0.7332089552238806,0.9477611940298507,0.4633,0.6679,0.5106
NWL,Newell Brands Inc,Consumer Defensive,Household & Personal Products,,7.92,125.43,3.05,-6.03,8.28,9.65,-10.4,59.709999999999994,0.86,-23.84,2.8,9610000.0,0.0,5.43,Jul 31/b,6.66,2310000000.0,HIGH,-11.62,-0.74,0.84,-6.72,0.1974,False,-4.58,False,-6.96,3.968,2.963,-2.2099,-24.26,0.61,19.0,-11.62,45.0,5.06,5.4,33327499.0,,,23.3,0.6728855721393034,0.47450248756218905,0.5634328358208955,0.08582089552238806,0.4651741293532338,0.5174129353233831,0.44029850746268656,0.4632,0.4847,0.4353
JBGS,JBG SMITH Properties,Real Estate,REIT - Diversified,,,-255.72,2.29,-5.09,4.19,21.42,-27.440000000000005,-28.12,1.07,-52.14,4.33,858450.0,0.0,10.71,Aug 10/b,12.0,799160000.0,HIGH,-9.74,3.83,0.69,-4.84,0.1858,False,-3.24,False,-11.05,3.317,2.178,-1.797,-31.25,0.952,,,39.0,-5.8,10.56,12080865.0,,,13.6,0.7985074626865671,0.3034825870646766,0.5970149253731343,0.4601990049751244,0.24875621890547264,0.3681592039800995,0.5062189054726368,0.4627,0.4562,0.4689
ONDS,Ondas Inc,Technology,Communication Equipment,85.13,,-138.72,1235.35,-5.21,17.29,44.04,-5.11,-13.52,2.91,-50.19,1.0,83040000.0,0.12,7.61,Aug 13/b,19.42,4430000000.0,HIGH,-4.99,-5.73,0.7,-0.09,0.0999,False,-2.2,False,-9.47,5.115,4.42,-2.2175,-27.53,0.734,40.0,-17.16,36.0,-18.74,7.24,450469817.0,,,168.2,0.6685323383084577,0.38681592039800994,0.8606965174129353,0.1685323383084577,0.26430348258706465,0.42661691542288555,0.6554726368159204,0.4626,0.5997,0.382
SLGN,Silgan Holdings Inc,Consumer Cyclical,Packaging & Containers,14.11,8.77,-13.65,6.76,0.0,3.69,9.28,-22.37,-5.7,0.65,-27.53,1.31,1280000.0,0.0,35.91,Jul 29/b,55.31,3800000000.0,HIGH,-15.32,-3.0,0.69,-10.42,0.1919,False,-6.48,False,-13.39,2.792,1.405,-1.6921,-27.81,0.936,27.0,-18.26,47.0,-18.24,34.87,48031231.0,,,58.6,0.8258706467661692,0.38308457711442784,0.5845771144278606,0.43781094527363185,0.24875621890547264,0.2922885572139303,0.30597014925373134,0.4621,0.3724,0.4512
NESR,National Energy Services Reunited Corp,Energy,Oil & Gas Equipment & Services,35.26,10.81,173.86,59.07,-37.18,9.47,4.73,12.659999999999998,49.22,0.45,-13.11,1.14,2030000.0,0.01,32.1,Aug 10/b,43.29,3240000000.0,HIGH,-29.01,-17.24,1.48,-24.11,0.4163,False,-21.3,False,-22.21,6.55,6.323,-3.1608,-33.22,1.758,35.0,-31.28,39.0,-14.99,24.67,64896708.0,,,75.5,0.39925373134328357,0.2562189054726368,0.12313432835820892,0.9564676616915423,0.931592039800995,0.10074626865671642,0.0708955223880597,0.4612,0.3448,0.597
CTNM,Contineum Therapeutics Inc,Healthcare,Biotechnology,,,34.71,,-0.98,0.03,8.25,-15.73,-5.25,0.81,-28.93,1.38,512880.0,0.04,12.64,Jul 30/a,22.0,475530000.0,HIGH,-21.44,3.06,1.15,-16.54,0.3707,False,-4.47,False,-11.89,8.98,4.992,-5.3575,-26.23,1.637,21.0,-23.9,45.0,-15.3,13.12,9284510.0,,,67.7,0.08955223880597014,0.4172885572139303,0.17537313432835822,0.9415422885572139,0.7978855721393034,0.34328358208955223,0.14925373134328357,0.4608,0.3517,0.5431
SHLS,Shoals Technologies Group Inc,Technology,Solar,38.74,13.18,-13.66,47.39,-1.9,-7.1,9.06,-21.64,9.97,1.87,-44.76,1.68,5250000.0,0.03,7.28,Aug 04/b,11.58,1230000000.0,HIGH,16.41,11.86,0.9,21.31,0.2269,True,10.27,True,5.95,5.452,4.94,-4.0818,-28.97,0.832,1.0,2.09,43.0,-9.98,8.3,32079420.0,,,39.5,0.23134328358208955,0.35572139303482586,0.4402985074626866,0.2891791044776119,0.5522388059701493,0.8893034825870647,0.9490049751243781,0.4597,0.6774,0.4905
FWRD,Forward Air Corp,Industrials,Integrated Freight & Logistics,,61.93,-1443.46,8.76,0.0,-0.53,7.67,1.29,-10.0,1.41,-53.12,2.2,655930.0,0.0,14.62,Aug 05/a,28.0,493740000.0,HIGH,-11.07,4.19,0.71,-6.17,0.2353,True,1.15,False,-3.76,5.257,4.274,-3.5141,-22.65,1.029,37.0,-14.46,41.0,3.24,15.91,8166146.0,,,76.0,0.31218905472636815,0.5186567164179104,0.41542288557213936,0.5876865671641791,0.2798507462686567,0.6417910447761194,0.458955223880597,0.4593,0.3922,0.4554
BL,BlackLine Inc,Technology,Software - Application,48.61,9.79,104.71,9.18,-0.65,-8.74,12.43,-2.77,-24.48,0.72,-54.29999999999999,2.69,1030000.0,0.08,27.22,Aug 04/a,38.8,1580000000.0,HIGH,-16.2,3.2,0.76,-11.3,0.2062,False,-3.56,False,-8.94,4.04,2.499,-3.1326,-21.01,0.945,26.0,-12.48,42.0,-10.04,27.41,25626273.0,,,41.6,0.4110696517412935,0.5572139303482587,0.5279850746268657,0.4502487562189055,0.347636815920398,0.4521144278606965,0.2810945273631841,0.4577,0.3751,0.4153
ANNX,Annexon Inc,Healthcare,Biotechnology,,,19.92,,2.74,15.5,19.93,-29.98,-22.0,1.32,-45.68,1.36,3500000.0,0.07,3.9,Aug 12/b,15.5,739360000.0,HIGH,-13.96,4.49,1.14,-9.06,0.2737,True,1.48,False,-11.93,5.736,3.819,-4.2697,-36.32,1.454,,,37.0,-21.39,4.19,14543389.0,,,269.9,0.20087064676616914,0.20149253731343283,0.3159203980099502,0.8930348258706468,0.7898009950248757,0.3420398009950249,0.35509950248756217,0.4572,0.4738,0.5564
HRI,Herc Holdings Inc,Industrials,Rental & Leasing Services,92.2,12.31,148.62,20.16,0.43,0.56,7.44,-10.51,29.12,2.03,-28.13,1.85,613500.0,0.0,135.36,Jul 28/b,191.64,4530000000.0,HIGH,-1.81,3.34,0.56,3.09,0.1673,True,0.43,False,-8.18,5.581,4.979,-3.3018,-21.38,1.016,35.0,-17.98,48.0,-6.66,138.37,128502605.0,,,38.5,0.36318407960199006,0.5497512437810945,0.6542288557213931,0.5690298507462687,0.10572139303482588,0.48258706467661694,0.7618159203980099,0.4541,0.5327,0.3801
HROW,Harrow Inc,Healthcare,Drug Manufacturers - Specialty & Generic,,15.03,-459.56,10.85,0.07,2.06,23.55,-19.73,-2.36,0.16,-39.78,1.0,583870.0,0.02,33.03,Aug 10/a,65.0,1240000000.0,HIGH,-20.91,-3.54,0.97,-16.01,0.2776,False,-9.87,False,-17.9,4.143,2.69,-1.9724,-35.83,1.058,31.0,-26.8,38.0,-22.68,30.48,19597088.0,,,113.3,0.7375621890547264,0.21144278606965175,0.30472636815920395,0.6368159203980099,0.638681592039801,0.18470149253731344,0.16169154228855723,0.4523,0.3477,0.5494
CCCC,C4 Therapeutics Inc,Healthcare,Biotechnology,,,50.66,2.75,0.0,28.17,35.52,-31.489999999999995,23.66,3.08,-42.36,1.14,2900000.0,0.08,2.98,Aug 11/b,13.33,366620000.0,HIGH,-21.54,-5.3,1.6,-16.64,0.2574,False,-10.8,False,-18.7,7.119,13.559,-3.4515,-32.57,1.063,38.0,-18.51,38.0,-18.51,2.95,6914249.0,,,351.9,0.31840796019900497,0.27114427860696516,0.3532338308457711,0.6492537313432836,0.9496268656716418,0.17039800995024876,0.1480099502487562,0.452,0.4501,0.5219
GTM,ZoomInfo Technologies Inc,Technology,Software - Application,,3.26,-3081.86,1.21,-0.11,-10.97,15.1,26.13,-35.61,0.87,-70.08,3.36,7640000.0,0.0,3.68,Aug 05/a,4.63,1070000000.0,HIGH,-10.17,3.34,0.62,-5.27,0.1787,False,-4.37,False,-3.56,5.237,5.66,-3.7792,-15.01,0.82,36.0,-3.89,41.0,1.37,3.71,20781112.0,,,24.8,0.26616915422885573,0.746268656716418,0.6144278606965174,0.26803482587064675,0.1685323383084577,0.6467661691542289,0.49129353233830847,0.4517,0.4314,0.3374
VPG,Vishay Precision Group Inc,Technology,Scientific & Technical Instruments,237.42,39.07,-794.62,11.67,0.0,-6.17,12.67,-50.74000000000001,68.45,1.41,-53.89000000000001,1.0,538540.0,0.15,69.99,Aug 05/b,93.33,932290000.0,HIGH,25.49,11.55,1.17,30.39,0.3226,True,18.08,True,11.34,4.463,3.857,-3.4132,-31.08,0.63,4.0,11.55,42.0,7.49,79.07,21962732.0,,,18.0,0.3308457711442786,0.31094527363184077,0.2201492537313433,0.09825870646766169,0.8140547263681592,0.9353233830845771,0.9776119402985075,0.4516,0.7013,0.5446
DNTH,Dianthus Therapeutics Inc,Healthcare,Biotechnology,,,-1.51,294.3,-4.59,-1.69,18.98,-8.55,7.85,1.33,-25.77,1.06,921300.0,0.0,87.5,Aug 04/a,140.12,4890000000.0,HIGH,-18.4,0.43,0.82,-13.5,0.3317,False,-9.7,False,-15.75,5.401,3.979,-2.1185,-25.17,1.095,35.0,-19.52,42.0,-20.1,88.21,89671173.0,,,58.8,0.6990049751243781,0.4427860696517413,0.2139303482587065,0.6853233830845771,0.4322139303482587,0.23507462686567165,0.22823383084577115,0.4514,0.2851,0.5129
IMRX,Immuneering Corp,Healthcare,Biotechnology,,,33.46,,0.09,11.38,27.95,-13.66,-12.1,0.43,-48.58,1.0,886650.0,0.1,4.36,Aug 06/b,17.17,282080000.0,HIGH,-15.56,-2.16,0.82,-10.66,0.2052,False,-7.22,False,-12.08,4.022,3.071,-2.5004,-25.05,0.882,32.0,-19.09,41.0,-7.29,4.07,3170420.0,,,321.9,0.5883084577114428,0.4502487562189055,0.5335820895522387,0.3650497512437811,0.4322139303482587,0.3327114427860697,0.29850746268656714,0.4504,0.4091,0.4296
BHF,Brighthouse Financial Inc,Financial,Insurance - Life,4.25,2.48,1490.47,86.22,0.0,-1.37,13.87,-15.689999999999998,-11.96,0.82,-20.3,3.4,889990.0,0.0,53.24,Aug 05/a,64.0,3060000000.0,HIGH,-6.64,-3.88,0.38,-1.74,0.1166,False,-1.87,False,-9.03,3.435,2.199,-1.8446,-25.12,0.756,,,41.0,-19.14,50.02,55130413.0,,,27.9,0.7798507462686567,0.44527363184079605,0.7991293532338308,0.1853233830845771,0.04539800995024876,0.44465174129353235,0.5883084577114428,0.4499,0.4887,0.3638
MGTX,MeiraGTx Holdings plc,Healthcare,Biotechnology,15.46,,455.9,8608.59,-1.28,11.98,5.45,-9.91,44.89,1.33,-28.93,1.25,859910.0,0.0,10.91,Aug 13/b,27.75,1050000000.0,HIGH,-22.32,-2.88,0.84,-17.42,0.3477,False,-11.86,False,-16.19,5.696,3.197,-2.3779,-29.52,1.324,35.0,-14.84,36.0,-14.84,10.79,11789065.0,,,157.2,0.6206467661691543,0.33955223880597013,0.19651741293532343,0.8507462686567164,0.4651741293532338,0.2263681592039801,0.13681592039800994,0.4498,0.2532,0.5407
AGNT,AGNT Inc,Real Estate,Real Estate Services,,64.06,-10.2,10.75,-11.5,3.15,14.78,-34.71,-39.4,2.06,-70.31,2.33,1540000.0,0.0,3.63,Aug 04/a,5.38,606640000.0,HIGH,-9.43,3.99,0.85,-4.53,0.1978,False,-3.11,False,-9.85,5.47,3.836,-3.6398,-26.71,0.998,32.0,-16.86,42.0,-9.88,3.65,6991627.0,,,47.4,0.2922885572139303,0.4092039800995025,0.5621890547263682,0.5360696517412935,0.48258706467661694,0.4154228855721393,0.5149253731343284,0.4496,0.5194,0.4316
IMMX,Immix Biopharma Inc,Healthcare,Biotechnology,,,17.97,,0.0,77.94,16.34,6.77,37.42,0.21,-25.83,1.0,1740000.0,0.01,11.2,Sep 02,23.86,801240000.0,HIGH,-30.41,-15.61,1.43,-25.51,0.3616,False,-18.66,False,-16.56,9.139,9.194,-4.095,-35.89,1.609,28.0,-28.88,,,9.68,20722725.0,,,146.5,0.22885572139303484,0.208955223880597,0.1840796019900498,0.9328358208955224,0.9241293532338308,0.21766169154228857,0.05845771144278607,0.4494,0.3558,0.5759
PII,Polaris Inc,Consumer Cyclical,Recreational Vehicles,,15.49,231.18,9.18,0.0,-6.959999999999999,8.31,-26.92,-6.69,1.32,-32.0,2.81,843620.0,0.0,53.03,Jul 28/b,71.86,3020000000.0,HIGH,-14.09,2.7,0.81,-9.19,0.2345,False,-3.34,False,-14.41,3.753,2.327,-1.9003,-31.12,0.988,49.0,-26.46,48.0,-24.98,53.71,45958762.0,,,33.8,0.7624378109452736,0.3072139303482587,0.417910447761194,0.5174129353233831,0.4210199004975124,0.26741293532338306,0.34701492537313433,0.4489,0.3905,0.4921
VELO,Velo3D Inc,Technology,Computer Hardware,,,60.11,52.25,0.0,20.74,35.95,-40.22,22.22,2.58,-65.35,1.0,1620000.0,0.03,11.0,Aug 11/a,23.25,353640000.0,HIGH,-3.53,2.1,1.55,1.37,0.2045,True,3.25,False,-5.49,6.233,8.661,-4.2544,-36.4,0.792,37.0,-18.19,37.0,-18.19,11.2,10628632.0,,,107.6,0.20771144278606965,0.20024875621890548,0.5385572139303483,0.22761194029850745,0.9446517412935324,0.5708955223880597,0.7039800995024875,0.4483,0.7266,0.4877
AORT,Artivion Inc,Healthcare,Medical Devices,,79.65,-1039.19,11.32,-4.97,4.18,7.11,2.72,-34.83,1.21,-52.33,1.0,698220.0,0.0,23.0,Aug 06/a,42.15,1120000000.0,HIGH,-12.75,-2.79,0.88,-7.85,0.1923,False,-6.67,False,-13.91,4.255,5.02,-1.9587,-25.98,0.699,35.0,-21.47,40.0,-16.03,22.31,15141034.0,,,88.9,0.7400497512437811,0.42661691542288555,0.5796019900497513,0.13930348258706468,0.5242537313432836,0.27611940298507465,0.39676616915422885,0.4477,0.4899,0.4199
CENX,Century Aluminum Co,Basic Materials,Aluminum,6.58,3.43,4938.74,19.74,0.0,3.62,14.21,-18.3,-23.4,2.06,-46.0,1.17,1960000.0,0.08,38.03,Aug 06/a,66.6,3760000000.0,HIGH,-23.86,-4.76,1.13,-18.96,0.3853,False,-11.69,False,-18.72,4.079,3.144,-2.511,-35.88,1.198,40.0,-22.48,40.0,-22.48,35.62,70223636.0,,,87.0,0.582089552238806,0.21019900497512436,0.15547263681592038,0.7817164179104478,0.7817164179104478,0.1691542288557214,0.11753731343283583,0.4467,0.3282,0.5787
BFLY,Butterfly Network Inc,Healthcare,Medical Devices,,,11.49,39.47,-19.88,20.1,16.53,3.82,135.97,2.06,-7.960000000000001,1.0,6820000.0,0.03,9.25,Jul 30/b,10.4,2510000000.0,HIGH,21.6,-2.19,0.81,26.5,0.4304,True,7.92,True,6.93,7.961,3.408,-6.4371,-10.95,0.872,9.0,9.95,46.0,26.06,8.95,47290906.0,,,16.2,0.04477611940298507,0.8445273631840796,0.11442786069651745,0.35199004975124376,0.4210199004975124,0.9029850746268657,0.9639303482587065,0.4466,0.5462,0.4302
OMER,Omeros Corp,Healthcare,Biotechnology,13.61,18.52,134.01,,-3.82,8.41,18.03,97.51,98.11,2.57,-7.85,1.5,1970000.0,0.04,19.57,Aug 12/a,36.67,1420000000.0,HIGH,-1.79,-4.22,0.65,3.11,0.2242,False,-1.51,True,9.88,4.951,2.902,-4.1968,-12.38,0.574,9.0,0.65,36.0,35.74,18.61,27912662.0,,,97.0,0.21393034825870647,0.8146766169154229,0.44651741293532343,0.07338308457711443,0.2058457711442786,0.9241293532338308,0.763681592039801,0.4464,0.5012,0.3543
AMBQ,Ambiq Micro Inc,Technology,Semiconductors,,,29.770000000000003,89.68,-11.08,35.24,10.54,-18.54,191.46,5.47,-24.38,1.67,534810.0,0.02,69.28,Aug 11/b,85.67,1680000000.0,HIGH,18.68,-0.18,0.71,23.58,0.2694,True,4.75,True,7.72,5.763,6.395,-4.1141,-23.15,0.926,11.0,9.35,38.0,6.66,68.18,38688145.0,,,25.7,0.22388059701492538,0.5024875621890548,0.3327114427860697,0.4259950248756219,0.2798507462686567,0.9129353233830846,0.9552238805970149,0.4463,0.5659,0.4607
SEZL,Sezzle Inc,Financial,Credit Services,24.02,16.54,51.02,51.65,-1.0,8.93,25.11,-35.3,79.34,6.7,-43.57,1.86,643260.0,0.02,110.44,Aug 06/a,168.0,3720000000.0,HIGH,-10.92,-0.82,1.33,-6.02,0.1766,False,-5.66,False,-15.28,4.928,7.206,-2.2794,-45.12,0.717,,,40.0,-8.99,107.41,55051148.0,,REVIEW,56.4,0.6467661691542289,0.11069651741293532,0.6169154228855722,0.15671641791044777,0.8949004975124378,0.25,0.4639303482587065,0.446,0.6391,0.4871
MAIA,MAIA Biotechnology Inc,Healthcare,Biotechnology,,1.1,25.95,,4.11,7.39,4.16,-17.57,-6.87,0.27,-61.75999999999999,1.0,527260.0,0.08,1.22,Aug 11,14.0,74220000.0,HIGH,-9.85,0.85,0.59,-4.95,0.2542,False,-7.57,False,-10.03,6.663,3.361,-3.3406,-22.22,1.412,,,,,1.19,890346.0,,,1076.5,0.35447761194029853,0.5286069651741293,0.3694029850746269,0.8805970149253731,0.13495024875621892,0.4079601990049751,0.4993781094527363,0.446,0.3511,0.4445
CERS,Cerus Corp,Healthcare,Medical Devices,,,50.67,9.53,-2.72,-0.53,9.44,-14.31,43.93,1.82,-26.16,1.0,2400000.0,0.0,2.56,Jul 30/a,5.12,516309999.99999994,HIGH,-11.97,-6.94,0.99,-7.07,0.171,False,-9.6,False,-12.5,4.699,4.825,-2.7632,-30.7,0.787,,,45.0,6.05,2.28,4509244.0,,,124.6,0.5099502487562189,0.31716417910447764,0.6411691542288558,0.22512437810945274,0.6629353233830846,0.31965174129353235,0.42661691542288555,0.446,0.5619,0.4294
BILL,BILL Holdings Inc,Technology,Software - Application,,9.97,-175.47,13.78,-2.7,-7.35,14.94,22.1,18.57,1.13,-23.32,1.8,2270000.0,0.01,43.87,Aug 19/a,57.48,3740000000.0,HIGH,-11.27,4.86,0.68,-6.37,0.2227,False,-5.74,False,-7.82,4.102,3.118,-2.3946,-17.07,0.757,36.0,-10.43,31.0,-7.97,43.62,81970862.0,,,31.8,0.6144278606965174,0.6809701492537313,0.45149253731343286,0.18718905472636815,0.23880597014925373,0.4962686567164179,0.4490049751243781,0.4449,0.3867,0.3842
KYTX,Kyverna Therapeutics Inc,Healthcare,Biotechnology,,,35.37,,0.0,5.44,22.51,-23.11,-13.44,2.02,-50.61,1.0,1030000.0,0.02,6.75,Aug 11/a,30.4,417520000.0,HIGH,-24.61,-8.8,1.23,-19.71,0.2693,False,-12.82,False,-19.34,6.998,9.389,-2.9611,-37.17,1.089,38.0,-21.17,37.0,-22.44,6.22,6793649.0,,,388.7,0.4614427860696517,0.1890547263681592,0.33519900497512434,0.6784825870646766,0.8470149253731343,0.1517412935323383,0.10820895522388059,0.4438,0.3979,0.5347
PRTH,Priority Technology Holdings Inc,Technology,Software - Infrastructure,11.35,7.19,-13.65,9.36,-0.01,6.4,5.78,8.82,67.46,1.63,-1.77,2.5,950630.0,0.08,7.77,Aug 06/b,8.51,640810000.0,HIGH,40.18,0.13,0.46,45.08,0.6123,True,14.63,True,25.63,2.719,0.244,-7.6929,-0.77,1.002,10.0,33.45,41.0,44.61,7.78,16702219.0,,,9.4,0.02736318407960199,0.9987562189054726,0.03606965174129351,0.5422885572139303,0.06467661691542288,0.9925373134328358,0.996268656716418,0.4436,0.4287,0.4067
IART,Integra Lifesciences Holdings Corp,Healthcare,Medical Devices,,6.17,100.90999999999998,0.76,0.0,-1.76,10.23,-14.14,74.89,1.21,-21.47,2.75,877180.0,0.0,16.09,Jul 29/b,19.56,1250000000.0,HIGH,-24.16,-22.07,2.64,-19.26,0.2143,False,-19.53,False,-24.29,6.889,10.804,-5.3261,-38.12,1.279,,,47.0,-23.1,12.68,15711546.0,,,54.3,0.09701492537313433,0.17164179104477612,0.486318407960199,0.8296019900497512,0.9875621890547264,0.08208955223880597,0.11318407960199005,0.4424,0.4874,0.4991
TBLA,Taboola.com Ltd,Communication Services,Internet Content & Information,8.6,10.34,206.47000000000003,2.44,-14.57,13.95,4.94,-30.12,16.0,1.49,-39.05,1.89,2850000.0,0.0,3.48,Aug 05/b,5.8,940140000.0,HIGH,-16.32,-5.0,1.13,-11.42,0.2309,False,-10.3,False,-18.2,4.009,5.418,-1.9453,-42.93,0.9,,,42.0,-15.78,3.23,6809470.0,,,79.6,0.746268656716418,0.125,0.4253731343283582,0.39365671641791045,0.7817164179104478,0.18034825870646767,0.2736318407960199,0.4421,0.4716,0.5255
MBOT,Microbot Medical Inc,Healthcare,Medical Devices,,,12.619999999999996,,0.0,-19.52,11.59,-31.569999999999997,-46.46,1.03,-63.01,1.0,646760.0,0.42,1.28,Aug 18,6.33,85960000.0,HIGH,-19.44,-7.2,1.65,-14.54,0.3069,False,-14.42,False,-23.63,5.296,7.759,-2.2019,-40.82,0.997,39.0,-38.62,,,1.16,686974.0,,,445.7,0.6766169154228856,0.1455223880597015,0.24751243781094523,0.5329601990049752,0.9583333333333334,0.08893034825870647,0.19900497512437812,0.4416,0.4414,0.5642
MAX,MediaAlpha Inc,Communication Services,Internet Content & Information,5.72,7.87,290.35,25.929999999999996,-5.33,-1.41,10.81,-25.840000000000003,1.3,1.12,-37.5,1.67,861560.0,0.0,9.19,Jul 29/a,15.62,562900000.0,HIGH,-20.17,4.57,1.08,-15.27,0.3894,False,-8.5,False,-19.63,5.745,3.846,-2.6444,-34.56,1.302,54.0,-31.87,46.0,-28.95,9.62,8833317.0,,,62.4,0.5410447761194029,0.2263681592039801,0.15049751243781095,0.8383084577114428,0.7437810945273632,0.14676616915422885,0.17537313432835822,0.4411,0.3384,0.5675
XXI,Twenty One Capital Inc,Consumer Defensive,Education & Training Services,19.57,,-1640.0199999999998,,0.0,-14.150000000000002,1.79,25.239999999999995,3.74,-1.23,-74.05,,1900000.0,0.31,6.65,-,,4330000000.0,HIGH,8.2,-2.08,0.63,13.1,0.3658,True,7.28,True,18.29,6.92,10.455,-4.8041,-7.43,0.819,10.0,13.6,,,6.6,17143542.0,,,,0.13308457711442787,0.9154228855721394,0.17910447761194026,0.26616915422885573,0.17723880597014927,0.9751243781094527,0.9216417910447762,0.441,0.4756,0.3879
EROC,ERock Inc,Industrials,Specialty Industrial Machinery,,,,,0.0,32.67,32.16,-11.32,,,-40.58,1.12,2370000.0,0.05,12.3,Aug 11/a,22.5,2700000000.0,HIGH,2.6,6.48,0.92,7.5,0.2084,True,1.9,True,2.65,7.397,7.036,-6.0614,-28.73,0.841,37.0,12.44,37.0,12.44,12.65,34383934.0,,,77.9,0.053482587064676616,0.36069651741293535,0.5186567164179104,0.29850746268656714,0.5845771144278606,0.8296019900497512,0.8532338308457711,0.4409,0.6723,0.4415
OII,Oceaneering International Inc,Energy,Oil & Gas Equipment & Services,13.32,19.59,20.2,10.03,-6.08,3.35,7.7,15.560000000000002,26.67,1.23,-14.730000000000002,3.0,1060000.0,0.0,46.26,Oct 21/a,46.0,4600000000.0,HIGH,-13.77,-3.32,0.64,-8.87,0.1995,False,-5.62,False,-9.9,3.281,2.888,-2.7178,-18.3,0.855,34.0,-15.1,,,44.32,43531232.0,,,3.8,0.5211442786069652,0.6480099502487562,0.5559701492537313,0.3177860696517413,0.1890547263681592,0.4129353233830846,0.36256218905472637,0.4408,0.3685,0.3602
VCYT,Veracyte Inc,Healthcare,Diagnostics & Research,32.14,23.22,2584.8,15.49,-13.84,0.53,10.65,-24.74,50.95,1.96,-25.629999999999995,1.43,1360000.0,0.01,45.3,Jul 30/a,58.42,3640000000.0,HIGH,7.71,1.28,0.7,12.61,0.2399,True,6.29,True,1.92,5.811,3.667,-4.2599,-24.68,0.977,7.0,4.54,45.0,-1.1,45.81,64510151.0,,,27.5,0.20522388059701493,0.4601990049751244,0.40236318407960203,0.4962686567164179,0.26430348258706465,0.8152985074626866,0.9154228855721394,0.4406,0.5662,0.4453
ASO,Academy Sports and Outdoors Inc,Consumer Cyclical,Specialty Retail,8.19,6.96,17.1,2.97,-11.31,1.7000000000000002,13.5,4.6,-8.17,0.99,-21.31,2.22,1710000.0,0.0,49.14,Sep 09/b,59.65,3030000000.0,HIGH,8.43,0.25,0.69,13.33,0.2212,False,-1.38,True,1.92,3.65,3.53,-4.1918,-14.33,0.676,18.0,8.99,18.0,8.99,48.73,104510604.0,,,22.4,0.21517412935323382,0.7649253731343284,0.4614427860696517,0.13059701492537312,0.24875621890547264,0.8152985074626866,0.9241293532338308,0.4394,0.5827,0.3525
PACK,Ranpak Holdings Corp,Consumer Cyclical,Packaging & Containers,,,-3.6000000000000005,13.98,0.0,-2.74,3.97,-39.95,19.29,3.13,-43.79,1.67,505540.0,0.0,4.39,Jul 30/b,7.08,376480000.0,HIGH,-9.91,-5.98,0.9,-5.01,0.1931,False,-0.7,False,-15.31,4.406,4.401,-3.0023,-42.8,1.09,,,46.0,-20.89,4.09,2127342.0,,,73.1,0.4502487562189055,0.1281094527363184,0.572139303482587,0.6809701492537313,0.5522388059701493,0.24875621890547264,0.4975124378109453,0.4387,0.5363,0.4831
REZI,Resideo Technologies Inc,Industrials,Industrial Distribution,8.09,9.72,109.18,1.96,0.2,-0.11,7.17,-12.93,-21.06,1.53,-41.94,1.5,2550000.0,0.01,18.29,Aug 12/a,30.83,2780000000.0,HIGH,-7.7,0.71,0.65,-2.8,0.1079,False,-1.87,False,-12.24,3.363,2.725,-1.6317,-32.91,0.705,43.0,-27.22,36.0,-10.31,18.35,39064893.0,,,68.0,0.8420398009950248,0.26243781094527363,0.8308457711442786,0.14987562189054726,0.2058457711442786,0.32338308457711445,0.5572139303482587,0.4357,0.5339,0.3803
LXU,LSB Industries Inc,Basic Materials,Chemicals,19.63,13.55,-304.8,11.1,-22.11,1.54,6.87,-7.26,-38.9,0.43,-42.14,2.0,830060.0,0.0,9.96,Jul 29/a,13.5,717100000.0,HIGH,-12.74,0.2,0.74,-7.84,0.2748,False,-7.63,False,-7.06,4.129,3.955,-2.2884,-20.42,0.805,18.0,-13.13,46.0,-10.69,9.86,8959517.0,,,36.9,0.6442786069651741,0.5708955223880597,0.31343283582089554,0.24502487562189054,0.32213930348258707,0.5161691542288557,0.39800995024875624,0.4353,0.3499,0.4319
BTBT,Bit Digital Inc,Financial,Capital Markets,,,-530.2,25.15,0.0,8.17,18.41,-7.19,29.659999999999997,3.86,-62.67,1.0,27950000.0,0.07,1.7,Aug 13/b,4.08,612530000.0,HIGH,-0.61,-2.98,0.76,4.29,0.2824,False,-1.3,True,7.08,7.046,9.509,-4.6085,-13.3,0.643,11.0,6.54,36.0,11.64,1.63,44283837.0,,,150.3,0.15920398009950248,0.7910447761194029,0.29850746268656714,0.10945273631840796,0.347636815920398,0.9054726368159204,0.7885572139303483,0.4352,0.5093,0.3804
FG,F&G Annuities & Life Inc,Financial,Insurance - Life,7.72,4.53,-338.55,2.02,0.0,1.65,3.13,-18.65,-9.27,1.25,-37.85,2.67,642040.0,0.0,21.96,Aug 05/a,27.0,2870000000.0,HIGH,-12.46,1.43,0.67,-7.56,0.1725,False,-3.76,False,-12.13,3.569,2.692,-1.7064,-34.49,0.885,,,41.0,-24.88,21.92,16436627.0,,,23.2,0.8208955223880597,0.22761194029850745,0.6324626865671642,0.3706467661691542,0.23072139303482586,0.3289800995024876,0.41044776119402987,0.4352,0.4231,0.4378
URG,Ur-Energy Inc,Energy,Uranium,,,26.83,37.74,-1.25,5.17,15.72,-11.36,-17.61,1.13,-50.21,1.0,7340000.0,0.06,1.17,Aug 10/a,2.18,465500000.0,HIGH,-25.0,-6.25,0.77,-20.1,0.3577,False,-13.08,False,-18.77,4.898,3.81,-1.7952,-31.82,1.218,29.0,-26.06,38.0,-24.46,1.05,8190872.0,,,107.6,0.7997512437810945,0.2885572139303483,0.19029850746268662,0.7947761194029851,0.3656716417910448,0.16666666666666666,0.1013681592039801,0.4343,0.2073,0.5317
CHPT,ChargePoint Holdings Inc,Consumer Cyclical,Specialty Retail,,,52.56000000000001,17.74,0.03,14.39,23.83,44.9,88.46,1.8,-29.909999999999997,3.0,1720000.0,0.08,8.84,Sep 02/a,7.5,237320000.0,HIGH,-6.07,6.29,0.72,-1.17,0.2181,False,-0.77,True,27.89,9.079,22.497,-5.742,-17.5,0.627,12.0,4.26,21.0,79.0,9.29,21923834.0,,,-19.3,0.06716417910447761,0.6648009950248757,0.4713930348258707,0.09701492537313433,0.2941542288557214,0.9950248756218906,0.6119402985074627,0.4316,0.4744,0.3633
HIVE,HIVE Digital Technologies Ltd,Financial,Capital Markets,,,-395.54,73.47,-20.85,13.56,20.01,-17.28,70.89,3.78,-60.33,1.22,19250000.0,0.07,3.11,Aug 14/a,7.0,853070000.0,HIGH,-4.18,-1.97,0.79,0.72,0.2526,False,-4.53,True,0.91,6.04,6.711,-3.6856,-17.22,0.547,11.0,-4.18,34.0,10.78,2.98,38077731.0,,,134.9,0.2860696517412935,0.6741293532338308,0.37189054726368154,0.05783582089552239,0.39490049751243783,0.8009950248756219,0.6834577114427861,0.431,0.5034,0.385
PLUG,Plug Power Inc,Industrials,Electrical Equipment & Parts,,,32.89,2.49,-0.44,3.65,21.54,-24.34,-10.11,2.28,-57.21000000000001,2.59,54080000.0,0.17,1.96,Aug 10/a,3.58,2740000000.0,HIGH,-12.44,2.15,0.76,-7.54,0.2105,False,-6.93,False,-9.95,5.263,3.684,-2.8888,-25.2,0.9,37.0,-14.41,38.0,-9.95,1.9,98801387.0,,,88.4,0.48134328358208955,0.44154228855721395,0.5049751243781094,0.39365671641791045,0.347636815920398,0.4098258706467662,0.4129353233830846,0.4298,0.421,0.4081
NCNO,Ncino Inc,Technology,Software - Application,64.37,12.37,136.4,8.19,-3.22,-1.42,19.56,22.91,38.62,0.79,-31.430000000000003,1.76,2750000.0,0.0,19.42,Aug 25/a,24.08,2050000000.0,HIGH,-19.2,0.43,0.76,-14.3,0.2974,False,-8.73,False,-8.03,4.986,5.086,-2.9693,-22.46,0.973,21.0,-18.64,27.0,-10.24,18.68,47606139.0,,,28.9,0.458955223880597,0.5248756218905473,0.26243781094527363,0.49191542288557216,0.347636815920398,0.49129353233830847,0.20398009950248755,0.4295,0.2646,0.4475
UPST,Upstart Holdings Inc,Financial,Credit Services,42.86,12.17,185.5,41.75,0.52,0.64,33.22,-32.8,-4.97,2.41,-59.38,2.17,4300000.0,0.22,23.54,Aug 04/a,39.24,2290000000.0,HIGH,-18.68,-0.96,0.93,-13.78,0.23,False,-8.21,False,-16.96,4.25,3.441,-2.3689,-34.25,0.958,,,42.0,-24.47,22.81,110396148.0,,REVIEW,72.0,0.6231343283582089,0.23569651741293532,0.43159203980099503,0.47139303482587064,0.5963930348258707,0.20833333333333334,0.21641791044776118,0.4278,0.395,0.4748
UMAC,Unusual Machines Inc,Technology,Computer Hardware,,,49.95,687.32,-8.78,16.15,19.41,22.59,100.12,14.77,-32.5,1.0,3910000.0,0.14,23.57,Aug 06/b,39.0,1180000000.0,HIGH,-5.85,-6.64,1.22,-0.95,0.1735,False,-5.17,False,-8.15,7.691,7.063,-5.0739,-35.95,0.834,36.0,-17.24,41.0,-7.68,22.37,61541047.0,,,74.3,0.11318407960199005,0.20771144278606965,0.6281094527363185,0.2922885572139303,0.8407960199004975,0.48383084577114427,0.6218905472636815,0.4277,0.6894,0.4325
TARA,Protara Therapeutics Inc,Healthcare,Biotechnology,,,-0.37,,-3.35,4.26,8.46,-20.39,-36.8,1.44,-58.06,1.0,639580.0,0.0,3.28,Aug 11/b,25.71,193830000.0,HIGH,-31.47,-16.92,1.18,-26.57,0.4195,False,-23.0,False,-28.5,9.368,12.222,-3.14,-38.22,3.795,,,38.0,-30.95,2.7,5312428.0,,,852.2,0.4092039800995025,0.17039800995024876,0.12189054726368154,0.9950248756218906,0.8196517412935324,0.0472636815920398,0.046019900497512436,0.4272,0.3009,0.5678
MFP,Midera Food Processing Inc,Industrials,Specialty Industrial Machinery,,16.5,,,1.54,172.21,3.98,21.71,,,-18.98,2.0,867890.0,0.03,42.6,Aug 13/a,46.67,1930000000.0,HIGH,-7.79,1.31,0.65,-2.89,0.144,False,-2.7,False,-7.55,4.655,3.454,-3.1062,-20.71,0.665,28.0,-14.48,35.0,-3.23,41.69,20860138.0,,,11.9,0.42039800995024873,0.5659203980099502,0.7325870646766169,0.12437810945273632,0.2058457711442786,0.503731343283582,0.5522388059701493,0.4255,0.5024,0.3136
ABX,Abacus Global Management Inc,Financial,Insurance - Life,29.03,7.08,-62.74000000000001,29.87,-1.16,1.39,14.02,-16.35,-6.12,0.06,-33.36,1.38,645190.0,0.0,8.29,Aug 06/a,14.31,810700000.0,HIGH,-13.94,0.61,0.85,-9.04,0.3214,False,-5.39,False,-11.48,5.278,3.628,-2.8141,-31.08,1.095,,,40.0,-13.13,8.27,5668126.0,,,73.0,0.49502487562189057,0.31094527363184077,0.2213930348258707,0.6853233830845771,0.48258706467661694,0.35696517412935325,0.35758706467661694,0.4254,0.3542,0.505
IPSC,Century Therapeutics Inc,Healthcare,Biotechnology,,,55.50000000000001,,-0.02,11.4,23.88,-26.56,-12.38,1.66,-41.78,1.33,1010000.0,0.02,1.77,Aug 12/b,5.12,320510000.0,HIGH,-27.49,-8.38,1.54,-22.59,0.3607,False,-16.62,False,-21.9,7.255,13.399,-3.038,-35.17,1.074,26.0,-28.5,37.0,-21.94,1.53,946818.0,,,234.6,0.43905472636815923,0.21766169154228857,0.18656716417910446,0.6623134328358209,0.9421641791044776,0.1044776119402985,0.08208955223880597,0.4254,0.3715,0.537
WERN,Werner Enterprises Inc,Industrials,Trucking,,14.58,-85.41,24.0,-0.08,6.49,8.48,-24.7,15.14,1.28,-30.659999999999997,2.62,1090000.0,0.0,32.93,Jul 28/a,43.2,1980000000.0,HIGH,-11.71,5.43,0.74,-6.81,0.2434,False,-1.67,False,-5.18,3.29,2.885,-2.1095,-25.56,0.651,20.0,-8.18,47.0,-3.55,35.35,30749191.0,,,22.2,0.7014925373134329,0.43594527363184077,0.39179104477611937,0.11256218905472637,0.32213930348258707,0.5845771144278606,0.43656716417910446,0.4248,0.3888,0.4302
TLS,Telos Corp,Technology,Software - Infrastructure,,18.09,106.53,32.74,-3.98,3.72,5.87,-10.42,-4.72,0.94,-51.67,2.0,601200.0,0.01,4.04,Aug 10/b,6.33,301940000.0,HIGH,-12.71,3.2,0.58,-7.81,0.2399,False,-0.79,False,-5.14,3.657,5.012,-4.4286,-18.32,1.036,21.0,-11.04,39.0,3.97,4.19,3059937.0,,,51.1,0.1791044776119403,0.6461442786069652,0.40236318407960203,0.599502487562189,0.1256218905472637,0.5895522388059702,0.39925373134328357,0.4237,0.3181,0.3734
REPL,Replimune Group Inc,Healthcare,Biotechnology,,,23.97,,-3.29,18.65,25.68,10.36,71.19,0.92,-24.31,1.0,4410000.0,0.0,12.36,Aug 14/b,19.43,1160000000.0,HIGH,-13.1,4.06,0.6,-8.2,0.2134,False,-1.37,False,-0.62,5.695,7.881,-2.9006,-19.96,0.584,22.0,-16.59,35.0,-12.69,13.07,28466192.0,,,48.7,0.48009950248756217,0.5876865671641791,0.49004975124378114,0.07462686567164178,0.1486318407960199,0.7580845771144279,0.388681592039801,0.4232,0.3471,0.3654
TRAX,First Tracks Biotherapeutics Inc,Healthcare,Biotechnology,,,,,-0.73,306.22,14.82,102.82,,,-30.879999999999995,1.09,791720.0,0.0,34.5,Aug 12/a,71.82,1230000000.0,HIGH,-17.75,-9.2,1.6,-12.85,0.2511,False,-11.41,False,-19.65,8.302,8.744,-4.1125,-33.32,1.029,39.0,-26.58,36.0,-24.42,33.28,27412409.0,,,115.8,0.22512437810945274,0.2537313432835821,0.3768656716417911,0.5876865671641791,0.9496268656716418,0.1455223880597015,0.24129353233830847,0.4231,0.4945,0.477
BAND,Bandwidth Inc,Technology,Software - Infrastructure,,31.54,56.67,22.16,-9.26,27.24,15.98,-0.64,258.83,3.04,-23.5,1.67,1090000.0,0.02,60.5,Jul 29/b,68.6,1950000000.0,HIGH,45.62,4.47,0.91,50.52,0.4795,True,15.99,True,24.21,6.72,8.033,-5.8732,-19.31,0.785,2.0,4.99,47.0,72.5,63.74,54422089.0,,,7.6,0.060945273631840796,0.6106965174129353,0.07711442786069655,0.2232587064676617,0.5708955223880597,0.9912935323383084,0.9975124378109452,0.4224,0.5934,0.4616
HE,Hawaiian Electric Industries Inc,Utilities,Utilities - Regulated Electric,7.03,9.53,370.68,25.9,0.0,2.41,10.92,-32.94,-37.97,0.49,-47.63,3.75,2200000.0,0.01,9.1,Aug 07/a,9.08,1570000000.0,HIGH,-19.75,-0.56,0.74,-14.85,0.2899,False,-8.88,False,-19.97,3.066,1.91,-1.6868,-37.15,1.193,,,39.0,-23.8,8.9,29531605.0,,,2.0,0.8283582089552238,0.1921641791044776,0.2786069651741293,0.7761194029850746,0.32213930348258707,0.13681592039800994,0.1890547263681592,0.4224,0.2558,0.5159
ZURA,Zura Bio Ltd,Healthcare,Biotechnology,,,-22.29,,0.0,8.77,18.55,-25.58,-29.34,-0.02,-43.68,1.0,1440000.0,0.01,4.19,Aug 11/b,18.83,401520000.0,HIGH,-34.03,0.24,1.53,-29.13,0.5909,False,-13.01,False,-22.58,7.515,6.934,-3.3409,-41.78,1.688,29.0,-29.74,38.0,-26.08,4.11,8877307.0,,,358.2,0.35323383084577115,0.13432835820895522,0.04104477611940294,0.9533582089552238,0.9402985074626866,0.0945273631840796,0.033582089552238806,0.4195,0.3078,0.5854
LXEO,Lexeo Therapeutics Inc,Healthcare,Biotechnology,,,49.57,,-0.96,6.69,29.85,-30.320000000000004,-41.42,1.57,-69.88,1.11,984080.0,0.0,3.31,Aug 12/b,20.67,271710000.0,HIGH,-27.81,12.42,1.51,-22.91,0.5098,False,-10.72,False,-20.17,8.244,5.496,-4.5464,-34.69,2.776,32.0,-28.4,37.0,-26.15,3.53,6388004.0,,,485.6,0.16666666666666666,0.22263681592039802,0.06716417910447758,0.9900497512437811,0.9371890547263682,0.1318407960199005,0.07960199004975124,0.4193,0.3331,0.5564
GSIT,GSI Technology Inc,Technology,Semiconductors,,,-56.08,0.4599999999999999,-7.66,16.4,12.57,-21.02,2.66,2.1,-70.19,1.0,710340.0,0.03,5.41,Jul 30/a,9.0,207920000.0,HIGH,4.86,3.31,0.78,9.76,0.2017,True,4.06,False,-3.14,4.482,3.209,-3.5998,-22.51,0.635,35.0,-17.01,45.0,0.0,5.61,2755896.0,,,60.4,0.2960199004975124,0.5236318407960199,0.5460199004975124,0.1013681592039801,0.3787313432835821,0.6660447761194029,0.8880597014925373,0.4186,0.6326,0.3605
HNRG,Hallador Energy Co,Utilities,Utilities - Independent Power Producers,685.91,25.47,-268.68,2.03,0.36,5.37,10.84,-16.13,-19.19,0.42,-42.52,1.0,758030.0,0.0,14.2,Aug 10/a,27.75,669360000.0,HIGH,-18.73,-6.25,0.76,-13.83,0.2546,False,-9.45,False,-11.83,4.517,5.041,-2.5206,-22.69,0.869,19.0,-18.73,38.0,-13.75,13.49,10544923.0,,,105.7,0.5758706467661692,0.5161691542288557,0.3675373134328358,0.3482587064676617,0.347636815920398,0.3445273631840796,0.21517412935323382,0.4167,0.3006,0.4041
CRVS,Corvus Pharmaceuticals Inc,Healthcare,Biotechnology,,,-89.11,,0.15,1.12,26.51,-19.74,-17.04,1.41,-56.87,1.12,1060000.0,0.01,11.62,Aug 06/a,33.14,977680000.0,HIGH,-24.25,-8.17,1.07,-19.35,0.2977,False,-12.7,False,-19.19,6.921,4.312,-3.472,-32.72,1.174,32.0,-26.5,40.0,-21.36,10.9,15612456.0,,,204.0,0.31467661691542287,0.26865671641791045,0.26119402985074625,0.7661691542288557,0.7319651741293532,0.15422885572139303,0.11194029850746269,0.4161,0.3427,0.4918
MNTN,MNTN Inc,Technology,Software - Application,14.58,9.89,123.63,20.56,-0.8699999999999999,16.98,10.61,21.26,28.98,1.02,-42.24,1.27,1120000.0,0.01,10.95,Aug 04/a,17.82,819090000.0,HIGH,-23.63,-2.94,0.72,-18.73,0.2991,False,-12.08,False,-13.67,5.319,8.493,-3.0378,-27.6,1.295,21.0,-24.68,42.0,-1.59,9.89,9389884.0,,,80.2,0.44029850746268656,0.3855721393034826,0.2574626865671642,0.8345771144278606,0.2941542288557214,0.2848258706467662,0.12189054726368159,0.4161,0.2142,0.4635
AESI,Atlas Energy Solutions Inc,Energy,Oil & Gas Equipment & Services,,,-347.44,1.56,0.0,23.66,29.97,-24.15,-4.01,1.14,-36.96,2.62,3420000.0,0.06,12.69,Aug 03/a,17.42,1590000000.0,HIGH,-10.55,-2.11,0.71,-5.65,0.3203,False,-6.42,False,-2.19,7.147,4.983,-5.1405,-21.63,1.058,21.0,-7.6,43.0,10.16,12.04,48248079.0,,,44.7,0.10696517412935323,0.5435323383084577,0.22512437810945274,0.6368159203980099,0.2798507462686567,0.7039800995024875,0.47574626865671643,0.416,0.3418,0.4319
SUJA,Suja Life Inc,Consumer Defensive,Beverages - Non-Alcoholic,,19.46,,,13.1,38.11,13.94,-15.340000000000002,,,-53.41,1.8,583250.0,0.0,8.61,Aug 04/a,18.0,332560000.0,HIGH,-7.71,8.5,0.84,-2.81,0.2943,True,7.58,True,10.6,6.605,6.804,-4.634,-18.69,0.444,20.0,-4.81,42.0,57.98,9.7,3318872.0,,,85.6,0.15671641791044777,0.6318407960199005,0.26927860696517414,0.03855721393034826,0.4651741293532338,0.9291044776119403,0.5559701492537313,0.4151,0.4427,0.3974
GOLD,Gold.com Inc,Financial,Capital Markets,14.56,9.31,-2.15,99.24,5.45,2.49,17.68,5.71,10.24,0.71,-34.85,1.0,539420.0,0.17,42.55,Sep 02/a,64.4,1240000000.0,HIGH,-8.32,-1.31,0.62,-3.42,0.1981,False,-6.37,False,-4.28,3.928,3.5,-3.8048,-15.57,0.704,19.0,-8.32,21.0,1.95,42.29,29854070.0,,,52.3,0.263681592039801,0.7313432835820896,0.5609452736318408,0.14676616915422885,0.1685323383084577,0.6194029850746269,0.5398009950248757,0.4151,0.4348,0.2996
LASR,nLIGHT Inc,Technology,Semiconductors,,63.3,67.54,33.78,-23.32,5.92,5.25,-38.68,-38.0,2.36,-54.13,1.33,1300000.0,0.02,39.88,Aug 06/a,88.86,2300000000.0,HIGH,1.3,2.6,0.94,6.2,0.1038,True,1.86,False,-16.53,3.653,2.366,-2.4669,-49.34,0.648,43.0,-42.12,40.0,-27.74,40.58,35378246.0,,,119.0,0.6007462686567164,0.07960199004975124,0.847636815920398,0.11069651741293532,0.611318407960199,0.21890547263681592,0.8271144278606966,0.4115,0.7685,0.3854
ALDX,Aldeyra Therapeutics Inc,Healthcare,Biotechnology,,,44.44,,12.61,-3.93,6.2,-41.46,-32.2,1.18,-79.76,1.4,1100000.0,0.06,1.2,Jul 31,6.6,72390000.0,HIGH,-20.95,0.86,2.06,-16.05,0.3258,False,-13.17,False,-19.92,8.761,13.675,-5.9645,-48.8,2.588,,,,,1.17,1452799.0,,,464.1,0.05845771144278607,0.0845771144278607,0.21641791044776115,0.986318407960199,0.9807213930348259,0.138681592039801,0.15920398009950248,0.4109,0.4228,0.541
CMCO,Columbus Mckinnon Corp,Industrials,Farm & Heavy Construction Machinery,,6.35,-2991.84,125.27,1.15,-8.71,8.15,16.52,19.33,1.42,-31.19,1.5,566400.0,0.02,16.79,Jul 30/b,26.0,484640000.0,HIGH,-11.15,2.26,0.85,-6.25,0.2213,True,0.57,False,-5.65,4.689,3.584,-3.391,-24.9,0.735,43.0,-16.8,46.0,14.5,16.74,6906273.0,,,55.3,0.3358208955223881,0.4527363184079602,0.45957711442786064,0.17101990049751245,0.48258706467661694,0.5634328358208955,0.4539800995024876,0.4109,0.4642,0.3882
PRCT,Procept BioRobotics Corp,Healthcare,Medical Devices,,,-33.31,19.34,0.83,-3.65,13.62,-23.56,-34.52,0.91,-54.71,2.5,1470000.0,0.0,17.26,Aug 04/a,21.64,988550000.0,HIGH,-24.6,-0.52,0.86,-19.7,0.3361,False,-10.02,False,-13.49,5.895,5.565,-3.7595,-25.16,1.157,39.0,-15.92,42.0,-6.13,17.16,27450878.0,,,26.1,0.26865671641791045,0.44402985074626866,0.21019900497512434,0.7506218905472637,0.4937810945273632,0.2873134328358209,0.10945273631840796,0.4091,0.255,0.4501
ANRO,Alto Neuroscience Inc,Healthcare,Biotechnology,,,1.28,,0.0,6.39,11.72,-5.24,29.75,1.22,-29.03,1.27,595950.0,0.01,26.6,Aug 12/a,38.38,1040000000.0,HIGH,-30.24,-6.98,1.05,-25.34,0.4472,False,-16.46,False,-19.74,7.099,8.992,-3.1895,-33.83,1.343,22.0,-29.55,36.0,-15.01,24.8,18528168.0,,,54.8,0.38930348258706465,0.24502487562189054,0.10323383084577109,0.8569651741293532,0.7114427860696517,0.14427860696517414,0.05970149253731343,0.4084,0.2683,0.5255
REAL,Therealreal Inc,Consumer Cyclical,Luxury Goods,,36.83,-69.05,16.58,-3.0,-6.709999999999999,15.13,-29.07,1.05,2.8,-50.21,1.44,2970000.0,0.05,8.66,Aug 06/a,18.0,1050000000.0,HIGH,-9.74,1.02,0.79,-4.84,0.1732,False,-4.75,False,-16.0,4.579,3.596,-2.3148,-35.6,0.867,41.0,-29.64,40.0,-27.64,8.9,23814328.0,,,102.2,0.6393034825870647,0.21393034825870647,0.6293532338308458,0.3414179104477612,0.39490049751243783,0.23134328358208955,0.5062189054726368,0.4084,0.5098,0.4017
TENB,Tenable Holdings Inc,Technology,Software - Infrastructure,571.11,15.19,127.47,8.58,0.37,0.96,16.77,-1.43,99.58,1.01,-24.41,2.56,4280000.0,0.03,33.01,Jul 29/a,36.0,3640000000.0,HIGH,7.59,6.9,0.43,12.49,0.2079,True,5.09,True,4.88,5.615,2.958,-5.1909,-15.62,0.752,36.0,-0.41,46.0,17.06,36.85,163393283.0,,,-2.3,0.1044776119402985,0.7263681592039801,0.5199004975124378,0.18034825870646767,0.05161691542288557,0.8669154228855721,0.914179104477612,0.4083,0.5371,0.3008
ASAN,Asana Inc,Technology,Software - Application,,19.79,17.05,9.9,-0.4699999999999999,3.52,24.78,28.57,45.87,1.17,-41.86,2.71,6310000.0,0.01,9.0,Sep 03/a,10.08,2060000000.0,HIGH,-2.16,-0.23,0.45,2.74,0.2307,False,-4.6,False,-5.17,7.27,7.077,-5.2348,-17.98,1.047,26.0,-8.69,20.0,-2.16,8.62,83297432.0,,,16.9,0.10074626865671642,0.6554726368159204,0.4272388059701493,0.6162935323383084,0.061567164179104475,0.585820895522388,0.7512437810945274,0.4079,0.4471,0.3411
OSTX,OS Therapies Inc,Healthcare,Biotechnology,,,-8.86,,0.0,0.01,4.83,-24.8,19.46,-0.67,-25.14,1.0,632950.0,0.14,1.68,Aug 14/b,8.5,78840000.0,HIGH,-13.83,-1.82,0.32,-8.93,0.2107,False,-6.01,False,-1.51,5.551,2.469,-3.2153,-19.6,0.768,22.0,-2.41,35.0,1.25,1.62,1270825.0,,,424.7,0.3818407960199005,0.599502487562189,0.5024875621890548,0.19651741293532338,0.03233830845771144,0.7332089552238806,0.36069651741293535,0.4076,0.3047,0.336
GALT,Galectin Therapeutics Inc,Healthcare,Biotechnology,,,-16.57,,-0.2,7.16,19.63,-21.84,39.29,0.38,-45.3,1.0,546340.0,0.0,3.9,Aug 14/b,11.0,393310000.0,HIGH,-15.4,-0.76,0.72,-10.5,0.2047,False,-1.08,True,4.84,5.293,4.872,-3.6397,-29.73,0.659,20.0,-10.34,35.0,13.37,3.9,1211047.0,,,182.1,0.2935323383084577,0.3345771144278607,0.5360696517412935,0.1181592039800995,0.2941542288557214,0.8656716417910447,0.30161691542288555,0.407,0.3697,0.3929
LIDR,AEye Inc,Technology,Software - Infrastructure,,,54.96,818.18,-0.38,-8.66,6.19,-12.960000000000004,-35.08,2.72,-69.97,1.0,2950000.0,0.02,1.2,Aug 06/a,4.39,56050000.0,HIGH,-18.25,-5.49,0.84,-13.35,0.2053,False,-8.55,False,-8.88,3.858,5.357,-2.2089,-31.71,0.118,23.0,-2.61,40.0,-8.2,1.12,835892.0,,,292.0,0.6741293532338308,0.2935323383084577,0.5323383084577115,0.01616915422885572,0.4651741293532338,0.4552238805970149,0.2325870646766169,0.4061,0.3923,0.4027
KNF,Knife River Corp,Basic Materials,Building Materials,22.01,16.4,-13.23,12.57,0.0,-0.25,7.98,-37.17,-32.63,0.54,-43.88,2.0,805200.0,0.0,54.03,Aug 04/b,84.78,3070000000.0,HIGH,-18.6,-5.7,0.79,-13.7,0.2358,False,-8.63,False,-20.12,4.694,3.954,-2.6728,-41.14,1.264,,,43.0,-27.59,50.33,61613288.0,,,68.4,0.5298507462686567,0.13930348258706468,0.41417910447761197,0.8208955223880597,0.39490049751243783,0.13557213930348258,0.21952736318407962,0.4058,0.3305,0.4703
LAZ,Lazard Inc,Financial,Capital Markets,18.12,9.61,-93.64,0.29,-12.24,9.65,10.29,-8.42,-5.47,1.45,-37.07,2.6,1710000.0,0.0,36.97,Jul 23/b,47.38,3600000000.0,HIGH,-19.84,0.78,0.62,-14.94,0.3176,False,-5.64,False,-12.79,4.317,4.214,-1.9532,-23.17,0.963,36.0,-17.16,51.0,-16.21,36.07,73057697.0,,,31.4,0.7437810945273632,0.5012437810945274,0.22885572139303478,0.48072139303482586,0.1685323383084577,0.31094527363184077,0.18781094527363185,0.4057,0.1943,0.426
MBC,MasterBrand Inc,Consumer Cyclical,"Furnishings, Fixtures & Appliances",,30.13,-229.8,11.53,-0.15,45.12,8.98,-26.82,-14.84,1.45,-48.19,3.0,2300000.0,0.0,7.23,Aug 04/a,10.3,1470000000.0,HIGH,-17.51,0.86,0.59,-12.61,0.2738,False,-2.36,False,-14.24,5.584,4.416,-3.0991,-26.42,1.406,43.0,-21.3,42.0,-23.19,7.02,23953476.0,,,46.7,0.4228855721393035,0.4129353233830846,0.3146766169154229,0.8793532338308457,0.13495024875621892,0.26865671641791045,0.24751243781094528,0.4056,0.2339,0.4265
QDEL,QuidelOrtho Corp,Healthcare,Medical Devices,,7.49,63.94,2.45,0.0,-4.73,20.88,-40.76,-26.93,0.76,-69.64,3.25,1520000.0,0.03,10.8,Aug 06/a,14.67,740620000.0,HIGH,-22.91,-0.55,1.54,-18.01,0.361,False,-4.28,False,-20.78,5.352,6.685,-3.219,-43.41,1.095,,,40.0,-12.37,10.77,17288402.0,,,36.2,0.3805970149253731,0.12189054726368159,0.18532338308457708,0.6853233830845771,0.9421641791044776,0.11753731343283583,0.1318407960199005,0.4055,0.391,0.5314
SLNH,Soluna Holdings Inc,Financial,Capital Markets,,,73.72,144.56,0.1,34.81,13.19,-14.29,94.77,5.12,-76.65,1.0,11040000.0,0.11,1.2,Aug 13/a,4.0,296050000.0,HIGH,-10.83,-9.32,1.09,-5.93,0.2214,False,-10.08,False,-10.62,6.409,6.542,-3.688,-25.69,0.662,10.0,-15.08,35.0,-17.69,1.07,8087279.0,,,273.8,0.2835820895522388,0.43283582089552236,0.457089552238806,0.12064676616915423,0.7543532338308457,0.38308457711442784,0.4689054726368159,0.4053,0.551,0.3854
BTGO,BitGo Holdings Inc,Financial,Capital Markets,,62.42,-138.34,2201.89,-0.08,5.43,3.93,38.22,-4.85,,-70.21,1.31,1610000.0,0.13,7.3,Aug 12/a,10.63,857860000.0,HIGH,1.1,1.65,0.5,6.0,0.2307,False,-1.49,True,13.56,8.866,9.621,-5.354,-11.62,0.52,9.0,-6.11,36.0,47.9,7.38,16285812.0,,,44.0,0.09079601990049752,0.8283582089552238,0.4272388059701493,0.05099502487562189,0.08084577114427861,0.9527363184079602,0.8233830845771144,0.4052,0.4818,0.2938
ASTH,Astrana Health Inc,Healthcare,Medical Care Facilities,44.47,18.52,108.14,48.52,0.0,5.48,8.34,-19.06,50.67,1.03,-29.37,1.36,547700.0,0.0,36.45,Aug 06/a,51.67,1810000000.0,HIGH,-6.73,2.13,0.74,-1.83,0.2002,False,-1.12,False,-3.28,5.399,3.567,-3.2648,-28.21,0.726,,,40.0,5.13,35.88,14849684.0,,,44.0,0.3694029850746269,0.3681592039800995,0.5522388059701493,0.16044776119402984,0.32213930348258707,0.6567164179104478,0.5808457711442786,0.4049,0.4947,0.3772
LPTH,Lightpath Technologies Inc,Technology,Electronic Components,,91.4,61.18,73.32,-56.21000000000001,30.15,17.03,-33.08,2.74,1.38,-48.52,1.0,3130000.0,0.11,9.75,Sep 10/a,15.8,682850000.0,HIGH,14.17,12.31,0.83,19.07,0.2086,True,10.68,False,-2.08,5.06,4.71,-4.1825,-29.28,0.767,2.0,7.08,16.0,20.0,11.04,29071933.0,,,43.1,0.21641791044776118,0.34577114427860695,0.5149253731343284,0.19527363184079602,0.44713930348258707,0.7089552238805971,0.9427860696517413,0.4047,0.6657,0.3919
SPT,Sprout Social Inc,Technology,Software - Application,,6.08,75.02,10.8,-2.48,5.3,8.43,24.54,72.51,1.0,-33.24,2.64,1260000.0,0.0,9.54,Aug 06/a,10.67,578430000.0,HIGH,-11.18,6.55,0.62,-6.28,0.2576,False,-2.54,True,0.78,5.41,5.946,-4.0222,-14.92,0.66,15.0,-6.57,40.0,23.2,10.09,11312264.0,,,5.7,0.24129353233830847,0.75,0.3519900497512438,0.11940298507462686,0.1685323383084577,0.7960199004975125,0.4502487562189055,0.4045,0.3363,0.3313
GLOO,Gloo Holdings Inc,Technology,Software - Application,,,54.02,187.97,3.4300000000000006,4.03,1.15,5.54,-3.64,,-52.31,1.0,608880.0,0.44,4.76,Sep 09/a,11.17,435680000.0,HIGH,33.12,-11.59,0.56,38.02,0.7017,True,0.4,True,13.4,12.221,9.345,-7.852,-26.16,1.479,13.0,25.61,17.0,37.1,4.12,6758800.0,,,171.1,0.024875621890547265,0.4191542288557214,0.021144278606965217,0.9017412935323383,0.10572139303482588,0.9514925373134329,0.9900497512437811,0.404,0.4341,0.496
NRGV,Energy Vault Holdings Inc,Utilities,Utilities - Renewable,,,17.79,104.05,-0.22,19.63,23.79,-3.11,23.86,1.26,-34.39,1.8,4970000.0,0.01,4.36,Aug 11/a,6.21,792820000.0,HIGH,2.6,-2.72,0.68,7.5,0.2469,False,-6.51,True,5.59,7.351,4.695,-4.8321,-19.59,0.759,11.0,-6.86,37.0,10.06,3.94,17805190.0,,,57.6,0.12935323383084577,0.6007462686567164,0.38681592039800994,0.1890547263681592,0.23880597014925373,0.8793532338308457,0.8532338308457711,0.404,0.529,0.3591
JBI,Janus International Group Inc,Industrials,Building Products & Equipment,17.56,6.42,-47.02,2.37,0.0,-2.75,5.23,-23.18,-18.88,1.41,-59.209999999999994,1.8,1730000.0,0.0,4.21,Aug 11/b,7.62,574390000.0,HIGH,-17.29,-2.32,0.49,-12.39,0.2382,False,-4.73,False,-13.45,4.352,3.088,-2.5857,-26.14,1.085,43.0,-22.32,38.0,-16.8,4.21,10442490.0,,,81.0,0.554726368159204,0.42039800995024873,0.40671641791044777,0.6710199004975125,0.07524875621890548,0.2898009950248756,0.2537313432835821,0.403,0.2461,0.3977
ERAS,Erasca Inc,Healthcare,Biotechnology,,,-18.39,,-0.08,1.84,13.37,-22.62,-5.46,0.6,-41.71,1.4,4570000.0,0.01,14.15,Aug 11/a,23.7,4950000000.0,HIGH,-8.96,4.32,0.82,-4.06,0.2085,False,-2.89,False,-12.83,6.564,4.715,-3.3745,-31.76,0.99,27.0,-17.0,37.0,-19.5,14.74,70773483.0,,,60.8,0.34328358208955223,0.291044776119403,0.5167910447761195,0.5211442786069652,0.4322139303482587,0.30783582089552236,0.525497512437811,0.4021,0.4949,0.4011
AVXL,Anavex Life Sciences Corp,Healthcare,Biotechnology,,,154.29,,0.0,-3.32,15.73,-9.16,-17.36,1.15,-77.07,1.0,909440.0,0.0,2.38,Aug 25/b,20.0,220620000.0,HIGH,-36.36,-22.55,2.05,-31.46,0.4565,False,-24.72,False,-35.04,8.108,8.791,-3.894,-50.54,2.055,28.0,-41.48,28.0,-41.48,1.82,2193877.0,,,998.9,0.25497512437810943,0.07213930348258707,0.09701492537313428,0.972636815920398,0.9788557213930348,0.024875621890547265,0.026119402985074626,0.4001,0.3332,0.5578
RILY,BRC Group Holdings Inc,Financial,Financial Conglomerates,0.45,,-80.66,5.22,-2.99,39.07,17.55,-24.37,-20.14,1.2,-49.2,,631390.0,0.0,5.71,Aug 06/a,,229540000.0,HIGH,-30.87,-11.48,1.2,-25.97,0.4523,False,-18.09,False,-26.96,6.496,5.144,-3.4505,-38.01,1.514,43.0,-35.11,40.0,-32.31,4.86,3673974.0,,,,0.3208955223880597,0.17537313432835822,0.09950248756218905,0.914179104477612,0.8308457711442786,0.05721393034825871,0.05472636815920398,0.3997,0.301,0.5308
JBLU,Jetblue Airways Corp,Industrials,Airlines,,,-220.85,14.47,-0.33,11.59,29.49,-23.27,2.37,1.76,-34.74,3.76,27340000.0,0.12,4.32,Jul 28/b,5.07,1630000000.0,HIGH,-10.37,-1.66,0.82,-5.47,0.1214,False,-4.99,False,-16.89,4.182,3.133,-2.1865,-37.31,0.635,44.0,-31.18,48.0,-23.57,4.15,78058617.0,,,22.2,0.6791044776119403,0.1853233830845771,0.7885572139303483,0.1013681592039801,0.4322139303482587,0.21019900497512436,0.48383084577114427,0.3995,0.5598,0.3557
CNTN,Canton Strategic Holdings Inc,Healthcare,Biotechnology,,,86.23,,-1.16,16.18,9.53,-3.2400000000000007,-15.14,1.49,-60.96,1.0,833280.0,0.62,2.69,-,5.0,214340000.0,HIGH,-1.32,-16.36,0.56,3.58,0.3044,False,-1.0,True,5.03,9.378,4.4,-5.6144,-19.35,0.966,6.0,-2.6,,,2.25,1997039.0,,,122.2,0.07338308457711443,0.6094527363184079,0.24875621890547261,0.48383084577114427,0.10572139303482588,0.8731343283582089,0.7748756218905473,0.399,0.4163,0.384
BSIN,Big Sky Industrial Inc,Energy,Oil & Gas E&P,,18.13,76.54,5.23,0.09,7.32,1.85,35.51,40.78,0.9,-13.170000000000002,1.0,1420000.0,0.01,1.45,Aug 11/b,2.75,76110000.0,HIGH,-7.79,2.9,0.43,-2.89,0.2195,False,-6.61,True,0.3,5.835,4.225,-3.5985,-14.97,0.497,15.0,-9.55,38.0,17.36,1.42,1089035.0,,,93.7,0.2972636815920398,0.7487562189054726,0.46766169154228854,0.0472636815920398,0.05161691542288557,0.7810945273631841,0.5522388059701493,0.3989,0.3767,0.2943
PURR,Hyperliquid Strategies Inc,Financial,Capital Markets,19.52,24.54,43889.58,,0.0,50.68,11.88,49.7,156.16,,-14.09,1.0,17900000.0,0.29,12.68,Aug 27/b,22.32,3020000000.0,HIGH,-2.38,-1.57,0.73,2.52,0.3177,False,-4.4,True,18.04,8.946,9.63,-5.4455,-19.44,0.764,11.0,-7.33,26.0,2.85,11.89,292803010.0,,,87.7,0.08333333333333333,0.6069651741293532,0.2276119402985075,0.1921641791044776,0.30783582089552236,0.972636815920398,0.7400497512437811,0.3984,0.4567,0.389
YELP,Yelp Inc,Communication Services,Internet Content & Information,8.63,7.13,-15.380000000000004,1.38,-3.3099999999999996,-2.6,20.01,-24.87,-27.149999999999995,0.44,-47.72,2.92,1210000.0,0.0,18.03,Aug 06/a,25.29,978370000.0,HIGH,-15.7,3.81,0.83,-10.8,0.2943,False,-6.88,False,-18.84,4.373,2.848,-2.7162,-37.53,1.242,48.0,-30.86,40.0,-27.08,18.26,29185707.0,,,38.5,0.5223880597014925,0.18159203980099503,0.26927860696517414,0.7985074626865671,0.44713930348258707,0.1654228855721393,0.292910447761194,0.3974,0.3321,0.4834
AMBA,Ambarella Inc,Technology,Semiconductor Equipment & Materials,,67.73,67.66,13.21,-5.08,-2.19,13.55,7.04,42.12,2.38,-25.81,1.83,1880000.0,0.18,71.73,Sep 03/a,91.33,3170000000.0,HIGH,9.16,-0.04,0.7,14.06,0.1592,True,1.93,False,-4.8,5.557,4.559,-3.5743,-24.84,0.572,6.0,-1.73,20.0,9.16,68.65,130435991.0,,,33.0,0.3009950248756219,0.4564676616915423,0.6890547263681592,0.07213930348258707,0.26430348258706465,0.6001243781094527,0.9266169154228856,0.3972,0.6567,0.3094
ACAD,Acadia Pharmaceuticals Inc,Healthcare,Biotechnology,9.4,22.53,15.24,16.4,-2.2,1.37,5.69,-17.21,0.55,0.86,-32.61,1.65,1800000.0,0.06,20.86,Aug 04/a,32.16,3600000000.0,HIGH,-28.8,-2.83,1.11,-23.9,0.5399,False,-19.76,False,-25.97,5.288,1.805,-3.3072,-35.56,1.517,28.0,-32.72,42.0,-26.52,19.95,55086276.0,,,61.2,0.3619402985074627,0.21517412935323382,0.057213930348258724,0.9166666666666666,0.7711442786069652,0.060945273631840796,0.07213930348258707,0.3972,0.2774,0.5277
WRAP,Wrap Technologies Inc,Technology,Scientific & Technical Instruments,,,43.56,102.77,-0.33,-0.16,18.78,9.85,-3.3300000000000005,1.26,-55.11000000000001,3.0,1880000.0,0.01,1.45,Aug 11/a,2.5,89580000.0,HIGH,-11.98,9.7,1.31,-7.08,0.2733,False,-3.78,False,-10.38,4.84,4.082,-2.9385,-46.15,0.776,,,37.0,-15.03,1.47,754532.0,,,70.1,0.46766169154228854,0.10323383084577115,0.3171641791044776,0.20708955223880596,0.8880597014925373,0.39241293532338306,0.4253731343283582,0.3959,0.5317,0.4888
ANGX,Angel Studios Inc,Communication Services,Entertainment,,,51.96999999999999,,1.6200000000000003,11.98,6.75,39.89,59.11,-0.2,-49.44,1.0,1640000.0,0.03,4.98,Aug 04/a,8.5,930050000.0,HIGH,-10.92,-10.72,0.98,-6.02,0.3171,False,-17.12,False,-10.43,8.197,6.985,-4.6735,-29.04,1.033,19.0,-10.92,42.0,-3.77,4.08,11170787.0,,,108.3,0.15049751243781095,0.35074626865671643,0.23258706467661694,0.595771144278607,0.6511194029850746,0.39054726368159204,0.4639303482587065,0.3952,0.4507,0.447
ZNB,Zeta Network Group,Communication Services,Entertainment,,,-409.55,28.550000000000004,-99.67,-41.78,6.55,-74.21,-92.64,2.72,-99.97,,680770.0,0.02,1.35,-,,1310000.0,HIGH,-3.75,19.38,19.59,1.15,0.3967,True,10.79,False,-18.2,11.874,54.545,-11.4129,-60.71,4.572,,,,,1.54,2197228.0,,,,0.012437810945273632,0.03855721393034826,0.1405472636815921,0.9987562189054726,1.0,0.18034825870646767,0.7014925373134329,0.3951,0.6228,0.5479
BCAX,Bicara Therapeutics Inc,Healthcare,Biotechnology,,,-62.5,,-0.89,3.72,25.72,-35.28,3.38,-0.78,-38.72,1.29,706560.0,0.0,18.99,Aug 11/b,33.92,1260000000.0,HIGH,-23.91,-6.22,1.11,-19.01,0.3949,False,-17.15,False,-25.45,6.271,7.93,-2.9291,-40.88,1.173,,,38.0,-25.8,17.63,14370050.0,,,92.4,0.4701492537313433,0.14427860696517414,0.1467661691542289,0.7649253731343284,0.7711442786069652,0.06592039800995025,0.11567164179104478,0.3939,0.3216,0.518
TNDM,Tandem Diabetes Care Inc,Healthcare,Medical Devices,,114.97,60.75000000000001,5.59,0.0,-0.89,18.15,1.01,-23.86,1.64,-46.07,1.92,1930000.0,0.01,15.99,Aug 06/a,29.0,1110000000.0,HIGH,-17.09,0.49,0.96,-12.19,0.2944,False,-4.01,False,-15.48,6.416,6.545,-3.8966,-33.49,1.115,33.0,-25.86,40.0,-12.19,16.5,38726036.0,,,75.8,0.2537313432835821,0.2524875621890547,0.26741293532338306,0.710820895522388,0.6293532338308457,0.24253731343283583,0.25870646766169153,0.3927,0.3725,0.4591
AEHR,Aehr Test Systems,Technology,Semiconductor Equipment & Materials,,,143.11,33.69,-31.290000000000003,3.29,16.42,6.419999999999999,210.12,3.51,-31.58,1.0,2810000.0,0.52,100.85,Jul 14/a,130.29,3290000000.0,HIGH,24.29,8.85,0.84,29.19,0.2969,True,12.93,True,11.46,6.922,5.578,-5.3768,-27.27,0.769,1.0,5.52,57.0,48.88,107.21,245087403.0,,,21.5,0.08706467661691543,0.39614427860696516,0.2655472636815921,0.19776119402985073,0.4651741293532338,0.9378109452736318,0.9738805970149254,0.3916,0.6088,0.422
QTRX,Quanterix Corp,Healthcare,Medical Devices,,,-34.44,34.44,1.9,-16.4,11.91,-24.31,-16.15,1.06,-62.71,3.0,811670.0,0.0,3.27,Aug 10/b,3.0,154650000.0,HIGH,35.32,3.41,0.64,40.22,0.5177,True,18.88,True,18.56,6.588,6.868,-4.6391,-17.65,0.842,6.0,14.47,39.0,50.41,3.64,2677986.0,,,-17.6,0.15547263681592038,0.6604477611940298,0.06343283582089554,0.30161691542288555,0.1890547263681592,0.9788557213930348,0.9925373134328358,0.3915,0.4728,0.4062
FATE,Fate Therapeutics Inc,Healthcare,Biotechnology,,,12.839999999999998,9.18,-2.39,-1.8799999999999997,8.22,-2.39,101.89,2.53,-26.87,1.91,2460000.0,0.0,2.36,Aug 13/b,6.19,283030000.0,HIGH,-6.45,-2.52,0.44,-1.55,0.1442,False,-3.75,False,-6.29,6.188,3.879,-2.5863,-28.17,0.618,9.0,-8.3,36.0,-7.94,2.32,3688255.0,,,166.8,0.5534825870646766,0.3694029850746269,0.7313432835820896,0.09017412935323384,0.056592039800995024,0.5460199004975125,0.5932835820895522,0.3912,0.4737,0.3116
ABEO,Abeona Therapeutics Inc,Healthcare,Biotechnology,,,-120.75,2745.0,-5.2,0.83,31.08,-2.83,28.21,1.29,-28.1,1.0,1490000.0,0.0,5.5,Aug 13/b,18.88,314510000.0,HIGH,-16.17,-4.91,0.82,-11.27,0.1924,False,-8.18,False,-16.14,4.686,2.386,-2.5115,-34.25,0.832,37.0,-32.03,36.0,-20.79,5.03,8119677.0,,,275.3,0.5808457711442786,0.23569651741293532,0.5771144278606966,0.2891791044776119,0.4322139303482587,0.22761194029850745,0.2829601990049751,0.3904,0.416,0.3825
LINC,Lincoln Educational Services Corp,Consumer Defensive,Education & Training Services,30.89,21.74,24.55,22.4,-10.32,7.1,9.61,-54.98,-45.02,0.82,-60.13,1.0,862960.0,0.0,22.46,Aug 10/b,49.5,712460000.0,HIGH,-14.55,0.87,1.15,-9.65,0.2423,False,-8.6,False,-24.53,5.255,5.066,-2.1489,-60.49,0.862,,,39.0,-28.79,21.91,17675115.0,,,125.9,0.6915422885572139,0.03980099502487562,0.3967661691542289,0.3314676616915423,0.7978855721393034,0.07711442786069651,0.3314676616915423,0.3891,0.491,0.4745
QS,QuantumScape Corp,Consumer Cyclical,Auto Parts,,,22.04,,-0.95,-4.42,19.44,-35.97,-22.36,2.82,-74.51,3.5,19390000.0,0.1,4.86,Jul 22/a,6.43,3010000000.0,HIGH,-16.61,0.22,1.03,-11.71,0.2379,False,-8.65,False,-15.47,5.306,4.376,-2.6675,-34.62,0.776,,,51.0,-10.65,4.57,55386413.0,,,40.7,0.5348258706467661,0.22512437810945274,0.40858208955223885,0.20708955223880596,0.6958955223880597,0.24378109452736318,0.26741293532338306,0.3859,0.4383,0.4204
NKTX,Nkarta Inc,Healthcare,Biotechnology,,,-74.47,,-0.01,2.51,6.09,-4.21,32.52,0.93,-26.61,1.0,673690.0,0.07,2.73,Aug 10/a,10.83,195540000.0,HIGH,-11.82,-3.56,0.59,-6.92,0.2235,False,-8.57,False,-0.56,6.663,4.078,-4.311,-21.97,0.803,22.0,-4.63,38.0,10.52,2.58,1762978.0,,,319.8,0.19154228855721392,0.5348258706467661,0.4490049751243781,0.23818407960199006,0.13495024875621892,0.7599502487562189,0.43159203980099503,0.3847,0.3478,0.3312
ALXO,Alx Oncology Holdings Inc,Healthcare,Biotechnology,,,72.71,,-0.01,14.63,6.42,-40.45,-35.78,0.45,-50.74999999999999,1.29,1220000.0,0.0,1.31,Aug 06/b,4.6,181140000.0,HIGH,-39.3,-12.23,1.76,-34.4,0.653,False,-25.5,False,-34.22,9.713,14.262,-4.0426,-44.04,1.631,,,41.0,-36.46,1.22,2007515.0,,,277.0,0.23880597014925373,0.11691542288557213,0.023631840796019876,0.9353233830845771,0.9676616915422885,0.026119402985074626,0.018656716417910446,0.3847,0.3049,0.542
EBS,Emergent Biosolutions Inc,Healthcare,Drug Manufacturers - Specialty & Generic,,6.43,-1477.33,66.29,-2.19,2.78,20.3,-20.45,-15.130000000000004,2.3,-52.129999999999995,2.33,1130000.0,0.0,6.73,Aug 05/a,11.0,345070000.0,HIGH,1.93,-7.73,0.56,6.83,0.2256,False,-2.56,True,3.27,4.784,2.686,-3.4135,-23.09,0.594,13.0,-0.47,41.0,19.21,6.33,7123038.0,,,73.8,0.32960199004975127,0.5049751243781094,0.44527363184079605,0.07960199004975124,0.10572139303482588,0.8407960199004975,0.8432835820895522,0.3843,0.5026,0.3389
IKT,Inhibikase Therapeutics Inc,Healthcare,Biotechnology,,,-1.81,,0.0,12.990000000000002,17.09,7.85,26.38,0.89,-21.07,1.0,751640.0,0.0,2.06,Aug 11/a,6.0,287440000.0,HIGH,-20.0,-2.44,0.76,-15.1,0.2987,False,-10.1,False,-14.0,5.404,4.2,-2.976,-23.37,0.96,21.0,-20.0,37.0,-16.67,2.0,1266450.0,,,200.0,0.4564676616915423,0.4975124378109453,0.2587064676616916,0.4732587064676617,0.347636815920398,0.27176616915422885,0.18034825870646767,0.3842,0.254,0.3873
ZVIA,Zevia PBC,Consumer Defensive,Beverages - Non-Alcoholic,,,-272.38,1.07,-24.22,-5.11,1.81,-14.74,13.68,0.91,-52.67000000000001,1.33,583530.0,0.0,1.33,Aug 05/a,3.96,102870000.0,HIGH,-11.68,-4.72,0.7,-6.78,0.206,False,-6.89,False,-13.0,5.638,4.132,-2.9121,-32.78,0.953,,,41.0,-17.69,1.21,584779.0,,,227.3,0.4763681592039801,0.26616915422885573,0.5298507462686567,0.4614427860696517,0.26430348258706465,0.3034825870646766,0.43781094527363185,0.3836,0.4134,0.3764
COCO,Vita Coco Company Inc,Consumer Defensive,Beverages - Non-Alcoholic,32.29,26.62,112.29,28.08,-8.27,-1.52,12.04,-19.34,24.55,0.75,-31.840000000000003,1.67,1270000.0,0.0,58.5,Jul 23/b,83.22,3360000000.0,HIGH,1.52,-2.93,0.48,6.42,0.1724,True,0.01,False,-7.74,4.183,3.975,-2.4131,-30.03,0.725,,,51.0,-19.32,55.97,82906604.0,,,48.7,0.6094527363184079,0.32960199004975127,0.6343283582089552,0.15920398009950248,0.06965174129353234,0.4987562189054726,0.832089552238806,0.3835,0.544,0.3343
BOOT,Boot Barn Holdings Inc,Consumer Cyclical,Apparel Retail,15.58,12.21,31.920000000000005,17.75,-0.1,1.84,10.86,-25.15,-17.47,1.75,-41.42,1.24,684840.0,0.0,123.16,Jul 29/a,221.5,3730000000.0,HIGH,-21.01,-3.39,1.08,-16.11,0.3402,False,-6.73,False,-17.28,4.653,2.523,-3.5211,-29.16,0.973,32.0,-22.9,46.0,-19.23,121.88,93690945.0,,,81.7,0.30970149253731344,0.3482587064676617,0.2052238805970149,0.49191542288557216,0.7437810945273632,0.20024875621890548,0.15796019900497513,0.3832,0.3479,0.4364
CAPR,Capricor Therapeutics Inc,Healthcare,Biotechnology,,,-24.04,,-4.73,10.21,37.38,-64.37,-70.65,0.59,-78.99,2.2,6550000.0,0.06,8.48,Aug 13/a,33.56,493070000.0,HIGH,-4.79,2.76,0.72,0.11,0.1659,True,1.32,True,15.7,8.085,5.251,-4.8756,-60.36,0.777,28.0,31.62,35.0,112.59,8.95,32360892.0,,,275.0,0.12686567164179105,0.041044776119402986,0.6616915422885572,0.21082089552238806,0.2941542288557214,0.9601990049751243,0.6616915422885572,0.3825,0.5514,0.398
MLYS,Mineralys Therapeutics Inc,Healthcare,Biotechnology,,,-330.32,,-0.51,12.11,15.14,-3.790000000000001,9.21,0.68,-45.73,1.22,1080000.0,0.0,25.86,Aug 11/a,48.5,2290000000.0,HIGH,-16.24,-7.8,0.61,-11.34,0.3112,False,-13.82,False,-12.02,6.052,3.343,-4.0784,-26.13,1.47,19.0,-16.24,37.0,-12.64,23.63,41667021.0,,,105.2,0.2325870646766169,0.4216417910447761,0.23631840796019898,0.8986318407960199,0.15982587064676618,0.33955223880597013,0.2767412935323383,0.3814,0.2295,0.4076
LMND,Lemonade Inc,Financial,Insurance - Property & Casualty,,,5.69,104.93999999999998,-1.26,2.47,15.82,-28.300000000000004,-26.56,1.86,-55.38000000000001,2.83,1340000.0,0.05,44.58,Jul 29/b,59.22,3450000000.0,HIGH,-12.96,5.88,0.72,-8.06,0.2097,False,-2.46,False,-8.65,4.147,5.442,-2.5964,-36.03,0.814,21.0,-12.51,47.0,-1.88,46.49,51959584.0,,,27.4,0.5497512437810945,0.2064676616915423,0.5087064676616915,0.2593283582089552,0.2941542288557214,0.4689054726368159,0.39303482587064675,0.3812,0.3981,0.393
QTTB,Q32 Bio Inc,Healthcare,Biotechnology,2.92,,43.46,,74.12,5.48,17.97,-33.41,22.83,0.27,-62.79,1.0,1190000.0,0.0,8.77,Aug 05/b,42.25,261079999.99999997,HIGH,-31.36,-10.83,1.78,-26.46,0.4639,False,-19.0,False,-38.24,9.621,11.422,-4.4225,-65.08,3.385,,,42.0,-49.06,8.23,11170239.0,,,413.4,0.1828358208955224,0.029850746268656716,0.09203980099502485,0.9925373134328358,0.9689054726368159,0.018034825870646767,0.0472636815920398,0.3807,0.3372,0.5406
NCMI,National Cinemedia Inc,Communication Services,Advertising Agencies,,56.5,7.200000000000001,12.740000000000002,-1.41,4.41,11.03,-39.73,-27.56,1.63,-52.12,1.4,941640.0,0.0,2.26,Aug 11/a,4.7,212600000.0,HIGH,-14.92,-4.52,0.57,-10.02,0.2062,False,-7.98,False,-25.5,5.856,3.791,-2.6107,-50.59,1.688,44.0,-47.38,37.0,-4.95,2.11,3009771.0,,,122.7,0.5485074626865671,0.0708955223880597,0.5279850746268657,0.9533582089552238,0.11691542288557213,0.06467661691542288,0.31467661691542287,0.3804,0.3193,0.4209
REI,Ring Energy Inc,Energy,Oil & Gas E&P,,5.66,173.32,26.729999999999997,1.2,19.56,3.24,27.27,-11.39,0.98,-30.0,1.67,4600000.0,0.02,1.4,Aug 05/a,2.08,364750000.0,HIGH,-12.67,0.0,0.32,-7.77,0.2693,False,-7.62,False,-5.31,4.308,3.053,-2.5247,-17.09,0.607,14.0,-13.82,41.0,6.5,1.31,5650336.0,,,58.8,0.5733830845771144,0.6791044776119403,0.33519900497512434,0.0845771144278607,0.03233830845771144,0.5771144278606966,0.4017412935323383,0.3803,0.271,0.3169
STAA,Staar Surgical Co,Healthcare,Medical Instruments & Supplies,308.27,37.99,146.1,111.04,0.0,-0.9399999999999998,15.27,-30.11,14.59,1.18,-42.85,2.82,1010000.0,0.01,20.5,Aug 12/a,27.89,1030000000.0,HIGH,-4.26,7.67,0.54,0.64,0.257,True,2.5,False,-2.45,4.686,3.071,-3.4155,-24.87,0.87,,,36.0,-11.29,22.47,25961633.0,,,24.1,0.3283582089552239,0.4552238805970149,0.3544776119402985,0.35012437810945274,0.09390547263681592,0.695273631840796,0.6809701492537313,0.3796,0.4069,0.3669
BTU,Peabody Energy Corp,Energy,Thermal Coal,,9.87,-227.43,12.710000000000004,-0.7,-2.02,10.09,10.3,-35.0,0.3,-37.59,1.57,2510000.0,0.06,25.68,Jul 29/b,31.36,3130000000.0,HIGH,-14.0,-1.35,0.49,-9.1,0.2583,False,-6.65,False,-3.92,4.857,2.519,-3.0475,-18.42,0.693,24.0,-14.21,47.0,19.16,24.81,65160990.0,,,26.4,0.43656716417910446,0.6442786069651741,0.35074626865671643,0.13557213930348258,0.07524875621890548,0.6343283582089553,0.35012437810945274,0.3795,0.2678,0.3204
BRBR,Bellring Brands Inc,Consumer Defensive,Packaged Foods,5.59,6.02,78.73,4.18,0.27,6.41,11.36,-35.78,-48.21,0.4,-78.48,1.94,4120000.0,0.0,7.95,Aug 04/b,14.71,924410000.0,HIGH,-28.49,-4.01,1.11,-23.59,0.3953,False,-14.39,False,-28.15,5.36,4.98,-2.7758,-47.58,1.11,,,43.0,-41.73,7.43,30182220.0,,,98.0,0.503731343283582,0.09203980099502487,0.14552238805970152,0.7052238805970149,0.7711442786069652,0.05099502487562189,0.07587064676616916,0.3781,0.3053,0.5078
FUBO,fuboTV Inc,Communication Services,Broadcasting,2.24,,10.99,289.96,-6.49,1.82,20.97,2.18,4.17,2.41,-81.65,1.4,1460000.0,0.07,9.67,Aug 05/b,17.0,1060000000.0,HIGH,-23.02,-8.36,1.27,-18.12,0.377,False,-15.06,False,-13.48,6.51,6.12,-3.4503,-30.86,0.843,15.0,-24.89,42.0,-9.32,8.66,12733283.0,,,96.3,0.32213930348258707,0.31529850746268656,0.16604477611940294,0.30534825870646765,0.871268656716418,0.2885572139303483,0.13059701492537312,0.3781,0.3634,0.4468
ALLO,Allogene Therapeutics Inc,Healthcare,Biotechnology,,,44.26,,-0.04,53.72,24.92,-25.679999999999996,-26.99,0.54,-63.0,1.27,6870000.0,0.04,1.65,Aug 12/a,8.75,570060000.0,HIGH,-23.86,-7.98,0.79,-18.96,0.2467,False,-11.74,False,-19.89,5.333,5.333,-2.3608,-32.74,0.938,32.0,-26.11,36.0,-24.24,1.5,9944771.0,,,483.3,0.6256218905472637,0.26741293532338306,0.3880597014925373,0.43967661691542287,0.39490049751243783,0.14054726368159204,0.11753731343283583,0.376,0.2819,0.4002
HTZ,Hertz Global Holdings Inc,Industrials,Rental & Leasing Services,,,105.78,9.66,-0.27,6.19,33.97,-24.78,-62.39,2.46,-78.85,3.7,30410000.0,0.04,1.73,Aug 06/b,2.22,616670000.0,HIGH,-23.48,4.14,1.5,-18.58,0.3747,False,-6.31,False,-11.49,5.053,3.977,-2.4914,-40.24,0.438,38.0,-16.98,41.0,12.82,1.76,23097399.0,,,26.1,0.5932835820895522,0.1517412935323383,0.17288557213930345,0.03731343283582089,0.9347014925373134,0.35572139303482586,0.1256218905472637,0.3743,0.3825,0.4803
BETR,Better Home & Finance Holding Co,Financial,Mortgage Finance,,,31.33,17.19,1.09,21.34,50.89,-60.36,-65.63,1.73,-88.63,1.5,561180.0,0.5,10.54,Aug 06/a,25.71,200310000.0,HIGH,-18.55,16.96,1.75,-13.65,0.398,False,-3.07,False,-18.94,9.0,13.554,-5.0434,-57.05,1.258,,,40.0,-23.74,11.79,6902314.0,,,118.1,0.11442786069651742,0.046019900497512436,0.13805970149253732,0.8134328358208955,0.9664179104477612,0.16293532338308458,0.22263681592039802,0.3735,0.4204,0.5143
RH,RH,Consumer Cyclical,Specialty Retail,22.23,14.3,16.76,2.56,-3.73,4.45,32.3,-23.41,-4.47,1.89,-47.79,2.45,799820.0,0.1,125.0,Sep 10/a,157.27,2370000000.0,HIGH,-18.6,-1.33,0.88,-13.7,0.2429,False,-6.31,False,-20.78,4.527,3.661,-2.4417,-40.07,0.933,40.0,-35.92,16.0,-10.12,120.46,114350188.0,,,30.6,0.6069651741293532,0.15422885572139303,0.3955223880597015,0.43532338308457713,0.5242537313432836,0.11753731343283583,0.21952736318407962,0.3723,0.3637,0.421
WING,Wingstop Inc,Consumer Cyclical,Restaurants,23.31,18.37,20.11,6.4399999999999995,-0.13,0.38,18.33,-40.68,-36.45,1.81,-67.58,1.48,1260000.0,0.01,98.16,Jul 29/b,199.44,2670000000.0,HIGH,-2.12,5.0,0.54,2.78,0.2025,True,1.18,False,-6.28,5.021,3.299,-4.073,-34.12,1.022,,,47.0,-20.75,106.89,143527439.0,,,86.6,0.23507462686567165,0.23756218905472637,0.5435323383084577,0.5758706467661692,0.09390547263681592,0.5472636815920398,0.7524875621890548,0.3722,0.4922,0.363
NNE,Nano Nuclear Energy Inc,Industrials,Specialty Industrial Machinery,,,0.92,,-15.61,0.61,34.49,-21.67,-17.69,5.43,-72.56,1.25,2030000.0,0.31,16.7,Aug 12/a,37.75,896760000.0,HIGH,-11.85,-3.34,0.88,-6.95,0.2408,False,-6.36,False,-10.75,6.045,5.154,-4.6719,-26.08,0.87,36.0,-17.83,36.0,-17.83,15.62,32293070.0,,,141.7,0.1517412935323383,0.42412935323383083,0.40049751243781095,0.35012437810945274,0.5242537313432836,0.3781094527363184,0.43034825870646765,0.3715,0.4496,0.3511
AVTX,Avalo Therapeutics Inc,Healthcare,Biotechnology,,,56.50999999999999,,-6.64,118.19,26.9,-15.0,10.9,0.67,-36.26,1.0,1130000.0,0.0,15.47,Aug 06/b,44.91,829660000.0,HIGH,-22.05,-0.6,0.79,-17.15,0.3241,False,-8.5,False,-17.45,5.974,5.684,-3.4207,-28.69,1.14,32.0,-23.95,41.0,-19.84,14.99,19413210.0,,,199.6,0.32587064676616917,0.36256218905472637,0.21766169154228854,0.7344527363184079,0.39490049751243783,0.1927860696517413,0.14054726368159204,0.3714,0.24,0.412
PGY,Pagaya Technologies Ltd,Technology,Software - Infrastructure,13.36,7.42,147.94,15.079999999999998,-0.72,-7.23,15.63,3.91,54.7,5.5,-51.35000000000001,1.0,3010000.0,0.13,17.28,Jul 30/b,29.25,1440000000.0,HIGH,-21.76,5.76,0.94,-16.86,0.3754,False,-9.17,False,-11.53,5.912,4.199,-3.9384,-24.07,0.881,28.0,-17.6,46.0,11.06,17.98,50272642.0,,,62.7,0.25,0.48009950248756217,0.17164179104477617,0.361318407960199,0.611318407960199,0.35385572139303484,0.14427860696517414,0.3714,0.2926,0.3941
CURI,CuriosityStream Inc,Communication Services,Broadcasting,,12.48,977.94,22.26,0.73,-0.2299999999999999,6.09,14.87,8.42,1.76,-43.92,1.0,1050000.0,0.01,3.09,Aug 12/a,5.38,183360000.0,HIGH,7.38,0.34,0.6,12.28,0.1922,True,2.65,True,4.23,4.237,3.78,-3.4081,-32.48,0.411,7.0,1.04,36.0,3.93,2.91,1754940.0,,,84.9,0.332089552238806,0.2736318407960199,0.582089552238806,0.03109452736318408,0.1486318407960199,0.8544776119402985,0.9116915422885572,0.3703,0.5839,0.3416
MYO,Myomo Inc,Healthcare,Medical Devices,,,15.439999999999998,21.26,4.89,-1.33,3.33,50.45,139.67,1.58,-11.41,1.0,603150.0,0.01,1.67,Aug 05/a,4.64,66150000.00000001,HIGH,13.19,4.49,0.48,18.09,0.4082,True,10.85,True,15.02,7.068,5.521,-4.0887,-13.53,0.465,7.0,-0.61,41.0,53.77,1.63,518018.0,,,184.7,0.2300995024875622,0.7854477611940298,0.13370646766169159,0.043532338308457715,0.06965174129353234,0.9589552238805971,0.9415422885572139,0.3702,0.4376,0.3256
PCT,PureCycle Technologies Inc,Industrials,Pollution & Treatment Controls,,,0.52,173.45,0.2,79.04,29.14,-35.0,-6.19,2.6,-68.02,2.0,4170000.0,0.03,4.95,Aug 06/a,11.5,995100000.0,HIGH,-31.3,-5.79,1.1,-26.4,0.519,False,-18.59,False,-28.99,7.437,8.656,-3.6556,-44.71,1.638,39.0,-39.11,40.0,-36.1,4.39,26030636.0,,,162.0,0.291044776119403,0.11318407960199005,0.062189054726368154,0.9427860696517413,0.7630597014925373,0.04477611940298507,0.049129353233830844,0.3695,0.2672,0.5104
OCUL,Ocular Therapeutix Inc,Healthcare,Biotechnology,,,10.89,0.12,-0.39,-0.2,14.91,-3.04,27.140000000000004,0.96,-41.61,1.08,2450000.0,0.01,9.6,Aug 03/b,27.17,2110000000.0,HIGH,-34.59,-9.08,1.41,-29.69,0.5677,False,-27.84,False,-28.7,9.549,7.04,-5.7137,-40.72,2.386,34.0,-30.68,44.0,-14.81,6.96,31550930.0,,,290.4,0.0708955223880597,0.1480099502487562,0.04601990049751248,0.9838308457711443,0.9203980099502488,0.046019900497512436,0.03109452736318408,0.3692,0.3024,0.5053
CLPT,ClearPoint Neuro Inc,Healthcare,Medical Devices,,,-81.9,18.07,-3.06,1.65,15.99,-23.83,63.18,1.27,-50.83,1.0,601750.0,0.07,14.8,Aug 03/a,23.5,451460000.0,HIGH,-21.92,-28.8,1.14,-17.02,0.3703,False,-19.99,False,-24.25,9.764,6.697,-6.6432,-39.17,1.818,28.0,-28.15,43.0,-15.37,10.9,9697129.0,,,115.6,0.041044776119402986,0.15920398009950248,0.1766169154228856,0.9626865671641791,0.7898009950248757,0.08333333333333333,0.14303482587064675,0.3688,0.3471,0.4692
PAY,Paymentus Holdings Inc,Technology,Software - Infrastructure,46.13,27.62,75.44,28.800000000000004,-0.27,-18.2,5.77,26.530000000000005,24.0,1.33,-32.95,2.12,1340000.0,0.01,30.38,Aug 03/a,40.83,3830000000.0,HIGH,-14.81,3.04,0.99,-9.91,0.3344,False,-8.07,False,-14.54,4.838,4.006,-2.7737,-31.96,0.826,43.0,-10.69,43.0,-10.69,30.83,37665655.0,,,32.4,0.5074626865671642,0.2848258706467662,0.21144278606965172,0.27611940298507465,0.6629353233830846,0.26616915422885573,0.31592039800995025,0.3682,0.3887,0.4282
GENB,Generate Biomedicines Inc,Healthcare,Biotechnology,,,,,0.0,6.79,13.0,-11.3,31.120000000000005,,-33.83,1.0,1090000.0,0.12,15.0,Aug 06/b,27.0,1930000000.0,HIGH,-16.47,-8.18,1.04,-11.57,0.2631,False,-13.46,False,-11.53,6.992,7.305,-3.7148,-39.61,0.886,29.0,-15.07,41.0,-1.44,13.69,19245443.0,,,97.2,0.27860696517412936,0.15547263681592038,0.34203980099502485,0.3718905472636816,0.7027363184079602,0.35385572139303484,0.26865671641791045,0.3674,0.4209,0.4268
NRXP,NRX Pharmaceuticals Inc,Healthcare,Biotechnology,,,55.24,,0.0,13.449999999999998,25.55,-25.239999999999995,36.54,2.06,-40.84,1.0,892910.0,0.32,2.99,Aug 17/b,34.67,129470000.0,HIGH,-16.76,1.22,0.88,-11.86,0.2891,False,-9.7,False,-12.67,5.341,4.131,-2.226,-37.39,0.796,28.0,-15.8,34.0,-11.16,2.9,2249704.0,,,1095.5,0.6654228855721394,0.18407960199004975,0.28358208955223885,0.23196517412935325,0.5242537313432836,0.31218905472636815,0.26492537313432835,0.3669,0.3483,0.4335
FRVO,Fervo Energy Co,Utilities,Utilities - Renewable,,,,,0.0,83.87,9.69,-51.86999999999999,,,-64.15,1.21,4980000.0,0.18,15.29,Aug 12/b,39.07,4510000000.0,HIGH,-20.43,2.41,1.14,-15.53,0.3624,False,-8.71,False,-20.43,8.033,6.851,-5.0124,-50.05,1.491,,,37.0,-28.32,14.45,106441690.0,,,170.4,0.1181592039800995,0.07587064676616916,0.18283582089552242,0.9054726368159204,0.7898009950248757,0.12686567164179105,0.17039800995024876,0.3665,0.36,0.4851
ELVN,Enliven Therapeutics Inc,Healthcare,Biotechnology,,,-0.97,,-10.03,37.43,14.14,-10.91,16.66,0.22,-27.31,1.15,1210000.0,0.02,45.3,Aug 05/a,73.45,3320000000.0,HIGH,-20.82,2.09,0.74,-15.92,0.389,False,-6.8,False,-14.76,4.479,3.215,-2.4752,-24.63,0.909,29.0,-21.48,41.0,-21.32,46.97,75864125.0,,,56.4,0.599502487562189,0.4626865671641791,0.15298507462686572,0.39925373134328357,0.32213930348258707,0.26119402985074625,0.16417910447761194,0.3663,0.2082,0.3955
UUUU,Energy Fuels Inc,Energy,Uranium,,74.25,-34.98,496.11,1.53,5.18,21.37,-23.03,-36.23,1.75,-59.75,1.0,7120000.0,0.19,11.23,Aug 05/a,25.77,2970000000.0,HIGH,-25.85,-2.72,0.97,-20.95,0.415,False,-11.7,False,-18.26,4.946,3.914,-2.7739,-34.97,0.985,28.0,-27.89,41.0,-13.75,10.73,85797885.0,,,140.2,0.5062189054726368,0.22139303482587064,0.1256218905472637,0.513681592039801,0.638681592039801,0.17786069651741293,0.0945273631840796,0.3639,0.2671,0.4591
ZNTL,Zentalis Pharmaceuticals Inc,Healthcare,Biotechnology,,,-58.82999999999999,,18.66,4.65,7.13,-37.52,37.15,1.92,-58.56,1.83,1230000.0,0.05,2.88,Aug 06/a,7.3,272670000.0,HIGH,-36.84,-3.08,1.14,-31.94,0.5973,False,-19.33,False,-32.86,7.908,6.151,-3.5617,-54.84,1.823,55.0,-44.86,40.0,-40.28,2.52,3796805.0,,,189.7,0.30597014925373134,0.05223880597014925,0.03731343283582089,0.9639303482587065,0.7898009950248757,0.03233830845771144,0.024875621890547265,0.3636,0.2581,0.523
PRG,PROG Holdings Inc,Industrials,Rental & Leasing Services,9.06,5.89,-4.19,19.03,-0.27,3.25,7.13,-29.13,12.61,1.76,-31.53,1.43,604690.0,0.0,32.68,Jul 29/b,53.43,1300000000.0,HIGH,-21.1,-2.94,0.82,-16.2,0.3101,False,-10.48,False,-20.15,4.002,2.968,-1.7565,-35.05,0.868,,,47.0,-27.54,31.0,23399982.0,,,72.4,0.8084577114427861,0.21890547263681592,0.24004975124378114,0.34639303482587064,0.4322139303482587,0.13432835820895522,0.15547263681592038,0.3634,0.2639,0.4303
VKTX,Viking Therapeutics Inc,Healthcare,Biotechnology,,,-88.32,,-4.81,2.14,20.0,-11.29,7.86,0.64,-18.71,1.2,3550000.0,0.32,35.08,Jul 29/a,95.67,4090000000.0,HIGH,-14.14,-9.36,0.78,-9.24,0.4333,False,-8.93,False,-10.21,11.086,3.975,-9.2184,-30.53,1.683,9.0,-0.56,46.0,-9.57,29.94,293424194.0,,,219.5,0.017412935323383085,0.31965174129353235,0.1094527363184079,0.9502487562189055,0.3787313432835821,0.39987562189054726,0.34577114427860695,0.3626,0.2848,0.4366
FIRY,Firy Inc,Communication Services,Electronic Gaming & Multimedia,,,-31.61,22.92,0.0,16.61,17.57,22.93,427.2000000000001,4.66,-37.0,2.0,503230.0,0.0,12.6,Aug 13/a,2.5,209440000.0,HIGH,23.1,-0.32,0.49,28.0,0.4509,True,11.11,True,20.67,6.068,4.531,-4.5869,-11.69,0.208,11.0,21.19,35.0,31.26,12.47,1918127.0,,,-80.0,0.16293532338308458,0.8271144278606966,0.10074626865671643,0.021144278606965175,0.07524875621890548,0.9850746268656716,0.9689054726368159,0.362,0.4404,0.3111
CMRC,Commerce.com Inc,Technology,Software - Application,,5.18,112.72,0.09,-0.1,3.4300000000000006,9.48,7.26,31.58,1.09,-41.39,2.88,1060000.0,0.0,3.25,Aug 06/b,4.0,269300000.0,HIGH,26.46,2.52,0.59,31.36,0.3842,True,1.59,True,16.21,4.53,4.092,-5.5904,-12.87,0.434,18.0,26.95,41.0,40.09,3.25,3456377.0,,,23.1,0.07462686567164178,0.8003731343283582,0.15796019900497515,0.03482587064676617,0.13495024875621892,0.9639303482587065,0.9800995024875622,0.3611,0.4799,0.3021
PLNT,Planet Fitness Inc,Consumer Cyclical,Leisure,14.66,11.81,25.989999999999995,7.139999999999999,3.63,-4.43,10.63,-16.25,-41.46,1.03,-62.19,1.7,2100000.0,0.01,43.2,Aug 06/b,66.31,3260000000.0,HIGH,-16.63,4.72,0.61,-11.73,0.3785,False,-8.26,False,-15.39,5.25,3.101,-3.1527,-26.11,1.183,42.0,-24.23,41.0,-17.18,42.41,125208230.0,,,56.4,0.40298507462686567,0.4228855721393035,0.16293532338308458,0.7699004975124378,0.15982587064676618,0.24751243781094528,0.26616915422885573,0.361,0.2033,0.3951
AEVA,Aeva Technologies Inc,Technology,Software - Infrastructure,,,64.76,11.34,-6.7,3.49,15.08,-41.57,17.51,2.4,-52.07999999999999,2.0,1760000.0,0.08,15.0,Aug 05/a,30.0,1050000000.0,HIGH,-5.93,3.43,0.88,-1.03,0.171,False,-1.46,False,-14.64,6.223,4.98,-3.5804,-48.06,0.867,41.0,-24.73,41.0,-24.73,14.76,21590898.0,,,103.3,0.29850746268656714,0.08830845771144279,0.6411691542288558,0.3414179104477612,0.5242537313432836,0.26492537313432835,0.6194029850746269,0.3598,0.5974,0.3573
SOC,Sable Offshore Corp,Energy,Oil & Gas Drilling,,4.73,70.2,,-5.21,17.67,27.49,-43.19,-78.54,-0.17,-80.91,1.29,11840000.0,0.05,3.96,Aug 10/a,9.4,759780000.0,HIGH,-25.95,-1.68,1.26,-21.05,0.5612,False,-18.12,False,-21.75,9.223,8.689,-4.4665,-35.42,1.143,16.0,-28.66,38.0,-24.52,3.51,35138182.0,,,167.8,0.17288557213930347,0.21641791044776118,0.04975124378109452,0.7369402985074627,0.8656716417910447,0.10820895522388059,0.09328358208955224,0.3583,0.3119,0.4709
ELDN,Eledon Pharmaceuticals Inc,Healthcare,Biotechnology,,,-91.47,,0.0,6.68,10.27,-31.19,-5.65,0.84,-41.96,1.0,1140000.0,0.06,2.67,Aug 13/a,9.5,216970000.0,HIGH,-17.55,-5.68,1.13,-12.65,0.2213,False,-7.74,False,-20.68,6.397,5.221,-3.0855,-41.13,0.779,,,35.0,-29.66,2.49,2330748.0,,,281.5,0.4291044776119403,0.14054726368159204,0.45957711442786064,0.21517412935323382,0.7817164179104478,0.12064676616915423,0.24502487562189054,0.3578,0.4704,0.3867
RUM,RUM Group Inc,Communication Services,Internet Content & Information,,,-140.14,60.919999999999995,0.0,4.87,21.57,33.76,75.8,1.24,-21.85,2.0,4150000.000000001,0.03,8.28,Aug 10/a,22.0,4110000000.000001,HIGH,-11.92,-4.48,0.75,-7.02,0.2939,False,-7.23,False,-2.99,7.538,7.591,-4.9349,-28.5,0.892,32.0,-6.48,38.0,21.98,7.57,50283607.0,,,190.6,0.12313432835820895,0.3644278606965174,0.2711442786069652,0.3787313432835821,0.3333333333333333,0.6716417910447762,0.4291044776119403,0.3571,0.353,0.3767
ENOV,Enovis Corp,Healthcare,Medical Devices,,5.0,96.78,3.2300000000000004,1.96,3.1300000000000003,16.86,-18.71,-21.01,1.13,-46.15,1.23,1470000.0,0.0,18.46,Aug 06/b,38.33,1060000000.0,HIGH,-4.26,-2.15,0.67,0.64,0.1145,False,-3.43,False,-22.86,4.558,3.32,-3.3832,-43.89,1.008,44.0,-39.04,41.0,-32.46,17.77,37926138.0,,,115.7,0.33955223880597013,0.1181592039800995,0.8084577114427861,0.5497512437810945,0.23072139303482586,0.09203980099502487,0.6809701492537313,0.3564,0.5841,0.303
PEPG,PepGen Inc,Healthcare,Biotechnology,,,63.49,,-0.02,-5.15,6.26,41.59,-44.24,1.98,-67.69,1.38,929430.0,0.04,2.52,Aug 06/b,10.19,174550000.0,HIGH,-26.69,-11.97,0.83,-21.79,0.4244,False,-18.13,False,-16.21,7.487,3.728,-4.1179,-36.13,1.512,30.0,-24.88,41.0,15.15,2.28,2421059.0,,,346.9,0.22263681592039802,0.20522388059701493,0.12064676616915426,0.9129353233830846,0.44713930348258707,0.22388059701492538,0.08706467661691543,0.3554,0.2052,0.4516
ARVN,Arvinas Inc,Healthcare,Biotechnology,47.38,,407.54,1014.73,-0.79,1.14,8.51,-8.32,-24.75,1.8,-47.62,2.31,822870.0,0.07,7.6,Aug 04/b,13.93,496930000.0,HIGH,-21.09,-1.33,0.65,-16.19,0.2763,False,-9.31,False,-13.99,4.492,2.969,-2.5294,-23.92,0.83,34.0,-17.39,43.0,-8.06,7.41,7341160.0,,,88.0,0.572139303482587,0.48258706467661694,0.3097014925373134,0.2860696517412935,0.2058457711442786,0.2736318407960199,0.15671641791044777,0.355,0.2174,0.3344
GMRS,GMR Solutions Inc,Healthcare,Medical Care Facilities,,,,,-11.15,42.08,7.17,-22.55,,,-28.660000000000004,1.38,792240.0,0.0,11.4,Aug 12/a,18.88,615850000.0,HIGH,-26.52,-1.3,0.94,-21.62,0.4886,False,-15.55,False,-20.71,7.439,4.954,-3.783,-38.11,1.438,33.0,-28.54,36.0,-23.09,9.89,14711178.0,,,90.9,0.26492537313432835,0.17288557213930347,0.07089552238805974,0.8893034825870647,0.611318407960199,0.11940298507462686,0.09079601990049752,0.3548,0.241,0.4712
INDI,Indie Semiconductor Inc,Technology,Semiconductors,,160.28,12.46,23.97,-11.42,6.98,28.85,-19.95,-5.64,2.97,-50.24999999999999,1.5,6150000.0,0.13,3.01,Aug 06/a,5.72,697740000.0,HIGH,-17.5,2.41,1.05,-12.6,0.2493,False,-5.2,False,-15.42,5.099,5.051,-3.1773,-42.2,0.816,36.0,-25.94,40.0,-13.41,2.97,16323848.0,,,92.6,0.39303482587064675,0.13059701492537312,0.3805970149253731,0.263681592039801,0.7114427860696517,0.2462686567164179,0.2493781094527363,0.3543,0.4274,0.4036
EVMN,Evommune Inc,Healthcare,Biotechnology,,,-97.87,,-0.58,-1.24,13.76,-66.28,-64.13,,-74.43,1.42,866990.0,0.0,8.49,Aug 06/a,24.0,308120000.0,HIGH,-43.6,-17.52,1.84,-38.7,0.6374,False,-27.29,False,-40.69,8.482,7.803,-5.4192,-54.05,1.687,32.0,-51.34,40.0,-48.28,6.92,8986536.0,,,246.8,0.08582089552238806,0.055970149253731345,0.028606965174129306,0.9514925373134329,0.9732587064676617,0.014925373134328358,0.012437810945273632,0.3517,0.3055,0.5064
PMI,Picard Medical Inc,Healthcare,Medical Devices,,,40.21,38.62,0.0,9.84,16.44,-41.89,-90.16,-1.69,-99.34,,1850000.0,0.07,4.53,Aug 20/b,,10590000.0,HIGH,26.75,25.38,3.67,31.65,0.6185,True,17.04,True,18.94,12.611,35.467,-11.6567,-51.31,0.106,28.0,12.67,31.0,90.76,5.78,1264587.0,,,,0.009950248756218905,0.06840796019900497,0.03358208955223885,0.013681592039800995,0.9975124378109452,0.9813432835820896,0.9813432835820896,0.3507,0.7019,0.5006
KDK,Kodiak AI Inc,Technology,Software - Infrastructure,,,-9469.81,,0.0,16.55,8.2,-53.2,-64.51,0.47,-78.39,1.4,1490000.0,0.42,2.45,Aug 06/a,10.5,492000000.0,HIGH,-57.07,-27.75,2.07,-52.17,1.0376,False,-46.8,False,-55.42,19.064,8.537,-5.7268,-68.4,3.823,38.0,-62.64,40.0,-62.39,1.64,12047389.0,,,540.2,0.06965174129353234,0.026119402985074626,0.008706467661691586,0.996268656716418,0.9825870646766169,0.008706467661691543,0.006218905472636816,0.3487,0.2999,0.5143
GPCR,Structure Therapeutics Inc ADR,Healthcare,Biotechnology,,,-36.11,,0.0,1.49,9.51,-28.42,-19.43,-1.47,-61.01,1.12,851730.0,0.06,37.0,Aug 06/a,106.73,2640000000.0,HIGH,-41.55,-21.09,1.11,-36.65,0.4808,False,-23.93,False,-38.11,7.037,6.061,-4.4266,-50.23,1.885,37.0,-46.92,40.0,-47.42,27.67,54992181.0,,,285.7,0.18159203980099503,0.07462686567164178,0.07587064676616917,0.9676616915422885,0.7711442786069652,0.01990049751243781,0.014925373134328358,0.3485,0.2601,0.4851
PRLD,Prelude Therapeutics Inc,Healthcare,Biotechnology,,,65.57,,19.12,18.44,8.11,-11.53,19.6,0.93,-43.27,1.0,519250.0,0.0,3.88,Aug 11/b,9.2,309240000.0,HIGH,-32.78,-6.14,1.44,-27.88,0.4646,False,-17.62,False,-26.34,8.338,5.041,-4.2258,-46.27,1.105,33.0,-34.81,38.0,-24.02,3.67,2253530.0,,,150.7,0.21144278606965175,0.10199004975124377,0.09079601990049746,0.697139303482587,0.9272388059701493,0.05970149253731343,0.041044776119402986,0.3481,0.3218,0.4739
AIRJ,AirJoule Technologies Corp,Industrials,Building Products & Equipment,,,-392.82,,-0.02,3.61,14.86,-11.74,38.1,0.87,-39.85,1.33,1410000.0,0.06,4.06,Aug 13/a,9.55,305340000.0,HIGH,-14.22,-2.97,0.83,-9.32,0.1948,False,-6.38,False,-17.25,5.102,4.847,-2.3054,-41.05,0.605,38.0,-33.9,35.0,-35.1,3.92,3583317.0,,,143.6,0.6417910447761194,0.1417910447761194,0.568407960199005,0.08333333333333333,0.44713930348258707,0.20149253731343283,0.3420398009950249,0.3473,0.4415,0.3434
PRME,Prime Medicine Inc,Healthcare,Biotechnology,,,41.64,3.5000000000000004,0.0,6.25,33.69,-21.91,-14.06,2.37,-58.14,1.43,3340000.0,0.23,2.9,Aug 06/b,7.11,526860000.0,HIGH,-19.46,3.65,0.64,-14.56,0.2864,False,-6.3,False,-7.52,8.521,5.201,-4.918,-30.13,1.062,28.0,-8.31,41.0,1.02,2.98,10441615.0,,,138.6,0.12437810945273632,0.3271144278606965,0.28980099502487566,0.6455223880597015,0.1890547263681592,0.5049751243781094,0.19651741293532338,0.3468,0.2223,0.366
UTI,Universal Technical Institute Inc,Consumer Defensive,Education & Training Services,32.51,27.83,-78.77,7.15,-65.97,11.48,11.71,-51.629999999999995,-46.22,1.17,-61.03999999999999,1.29,1570000.0,0.0,20.0,Aug 05/a,38.57,1100000000.0,HIGH,-12.7,4.93,0.71,-7.8,0.2015,False,-4.71,False,-23.63,5.458,5.108,-2.777,-60.94,1.048,,,41.0,-30.46,19.38,39201708.0,,,99.0,0.5024875621890548,0.03731343283582089,0.5472636815920398,0.6181592039800995,0.2798507462686567,0.08893034825870647,0.40049751243781095,0.3457,0.4083,0.3724
ABTC,American Bitcoin Corp,Financial,Capital Markets,,,84.59,4766.74,1.55,3.68,16.39,-16.7,-30.78,3.98,-92.06,1.0,1760000.0,0.16,8.93,Aug 03/b,21.0,650280000.0,HIGH,6.51,-3.73,0.74,11.41,0.3576,False,-3.57,True,8.9,8.535,9.871,-6.1402,-22.98,0.592,11.0,-3.62,44.0,54.17,8.51,15054427.0,,,146.8,0.04975124378109453,0.5087064676616916,0.1915422885572139,0.07773631840796019,0.32213930348258707,0.9203980099502488,0.9029850746268657,0.345,0.5153,0.3425
WGS,GeneDx Holdings Corp,Healthcare,Diagnostics & Research,,76.15,-264.35,11.44,233.53000000000003,-8.12,20.36,28.76,55.88999999999999,1.95,-47.91,1.0,728800.0,0.01,89.0,Aug 03/a,90.44,2650000000.0,HIGH,-15.0,-14.94,0.77,-10.1,0.4264,False,-16.19,False,-10.06,9.568,5.989,-4.7944,-30.51,1.116,14.0,-18.55,43.0,7.71,73.09,68351562.0,,,23.7,0.13681592039800994,0.3215174129353234,0.11940298507462688,0.7126865671641791,0.3656716417910448,0.4054726368159204,0.31343283582089554,0.3436,0.2709,0.4052
FOUR,Shift4 Payments Inc,Technology,Software - Infrastructure,63.22,6.28,-72.95,34.03,1.69,-2.83,26.72,-18.52,-11.65,1.37,-51.46999999999999,2.08,1740000.0,0.06,39.3,Aug 06/b,54.41,3100000000.0,HIGH,-21.27,-2.32,0.76,-16.37,0.3173,False,-9.92,False,-18.69,5.035,4.202,-3.4179,-36.97,1.2,48.0,-27.62,41.0,-16.58,36.17,88518320.0,,,50.4,0.3271144278606965,0.19527363184079602,0.23134328358208955,0.7860696517412935,0.347636815920398,0.17164179104477612,0.1517412935323383,0.3432,0.2344,0.4081
CHRS,Coherus Oncology Inc,Healthcare,Biotechnology,,,63.16,39.53,0.0,-1.4,19.8,-20.0,-28.83,0.98,-55.65,1.33,1150000.0,0.04,1.16,Aug 05/a,7.75,179230000.0,HIGH,-18.31,1.75,0.85,-13.41,0.3034,False,-8.73,False,-12.13,8.19,3.879,-4.8032,-29.27,0.984,,,41.0,-8.3,1.16,1774219.0,,,568.1,0.13432835820895522,0.34701492537313433,0.25,0.5118159203980099,0.48258706467661694,0.3289800995024876,0.2300995024875622,0.3425,0.3118,0.3644
IIIV,i3 Verticals Inc,Technology,Software - Infrastructure,40.05,12.2,1226.79,2.25,3.61,-12.619999999999996,20.45,-30.11,-35.05,0.76,-56.2,1.5,505510.0,0.0,14.88,Aug 06/a,25.5,391670000.0,HIGH,-13.98,-0.9,0.55,-9.08,0.1756,False,-4.69,False,-15.46,4.852,3.431,-2.5696,-36.51,0.857,43.0,-33.18,40.0,-18.26,14.28,9313266.0,,,78.6,0.5584577114427861,0.19900497512437812,0.6206467661691542,0.32276119402985076,0.09888059701492537,0.24502487562189054,0.35199004975124376,0.3408,0.3567,0.3063
CMPX,Compass Therapeutics Inc,Healthcare,Biotechnology,,,6.329999999999999,,0.01,-0.38,30.5,-47.22,-78.12,0.86,-83.43,1.4,3430000.0,0.16,1.14,Aug 06/b,5.5,205300000.0,HIGH,-63.99,-22.79,3.39,-59.09,1.2569,False,-45.95,False,-56.55,16.211,17.62,-7.322,-66.39,2.056,28.0,-64.29,41.0,-54.66,0.86,8163550.0,,,539.5,0.03482587064676617,0.028606965174129355,0.0024875621890547706,0.9738805970149254,0.9950248756218906,0.007462686567164179,0.0024875621890547263,0.3404,0.3002,0.5028
KVYO,Klaviyo Inc,Technology,Software - Application,743.4,14.9,65.02,26.43,-3.08,-9.34,24.15,5.56,-15.590000000000002,0.62,-52.75,1.24,6050000.0,0.02,15.76,Aug 05/a,26.57,4490000000.0,HIGH,-15.58,2.01,0.5,-10.68,0.2112,False,-3.57,False,-10.64,5.301,4.806,-3.8623,-24.89,0.883,26.0,-11.69,41.0,-6.1,15.71,105239586.0,,,69.1,0.2599502487562189,0.4539800995024876,0.49751243781094523,0.3687810945273632,0.08084577114427861,0.3805970149253731,0.2972636815920398,0.3403,0.2924,0.2725
NG,Novagold Resources Inc,Basic Materials,Gold,,,62.52,,0.0,0.51,7.63,13.64,-16.61,0.92,-52.56000000000001,1.0,5570000.0,0.23,6.83,Oct 08/b,14.24,3000000000.0,HIGH,-18.84,-1.5,0.88,-13.94,0.283,False,-9.47,False,-12.21,6.009,3.664,-3.5177,-33.64,0.864,32.0,-11.61,,,6.55,42008329.0,,,117.4,0.31094527363184077,0.24875621890547264,0.2960199004975125,0.3333333333333333,0.5242537313432836,0.3246268656716418,0.21144278606965175,0.3397,0.3307,0.3733
VERA,Vera Therapeutics Inc,Healthcare,Biotechnology,,,-27.01,,-1.05,8.49,29.11,-24.96,-16.68,1.04,-42.23,1.14,2420000.0,0.1,32.38,Aug 10/a,77.5,2330000000.0,HIGH,-15.24,-6.4,0.66,-10.34,0.1826,False,-9.11,False,-8.05,7.054,4.832,-3.8533,-29.57,0.658,28.0,-9.79,38.0,0.43,30.42,82422016.0,,,154.8,0.26119402985074625,0.3364427860696517,0.6069651741293532,0.11691542288557213,0.22014925373134328,0.4900497512437811,0.30845771144278605,0.3386,0.3715,0.2721
OLMA,Olema Pharmaceuticals Inc,Healthcare,Biotechnology,,,-18.14,,-0.15,0.19,22.86,-28.660000000000004,-36.33,1.99,-76.0,1.17,1200000.0,0.01,8.7,Aug 10/a,36.5,761500000.0,HIGH,-23.49,-4.47,0.83,-18.59,0.3638,False,-13.74,False,-21.37,5.988,5.106,-3.0493,-34.36,1.049,40.0,-30.3,38.0,-21.14,8.23,12313717.0,,,343.5,0.43532338308457713,0.23072139303482586,0.18034825870646765,0.621268656716418,0.44713930348258707,0.11318407960199005,0.12437810945273632,0.338,0.238,0.4042
AMIX,Autonomix Medical Inc,Healthcare,Medical Devices,,,77.77,,0.0,5.21,3.55,-34.94,-54.84,-0.98,-88.33,1.0,4450000.0,0.09,3.8,Sep 02,58.8,7450000.0,HIGH,-17.65,-1.31,11.33,-12.75,0.2553,False,-8.92,False,-31.98,7.874,11.111,-2.4868,-84.68,0.114,43.0,3.56,,,3.78,889923.0,,,1455.6,0.5945273631840796,0.009950248756218905,0.36318407960199006,0.014925373134328358,0.9987562189054726,0.03731343283582089,0.24378109452736318,0.3364,0.5061,0.4114
NXH,Neighborhood Intelligence Inc,Consumer Cyclical,Internet Retail,,,-58.22999999999999,27.96,0.92,6.11,15.82,-44.76,-24.03,2.99,-73.75,2.14,2460000.0,0.1,3.32,Aug 04/a,10.12,317050000.0,HIGH,-30.13,-10.68,0.9,-25.23,0.3892,False,-18.22,False,-31.28,7.169,9.42,-2.8673,-51.92,1.122,,,42.0,-40.26,2.76,8864822.0,,,266.7,0.486318407960199,0.06467661691542288,0.15174129353233834,0.7220149253731343,0.5522388059701493,0.03980099502487562,0.06218905472636816,0.3361,0.2361,0.4501
RGNX,Regenxbio Inc,Healthcare,Biotechnology,,,131.11,405.7300000000001,0.58,-0.45,12.98,-38.38,-6.06,1.11,-54.97,1.55,1710000.0,0.0,7.29,Aug 06/b,22.09,481250000.0,HIGH,-16.89,-0.54,0.73,-11.99,0.2766,False,-7.04,False,-19.88,6.382,3.499,-3.1326,-52.52,1.199,32.0,-32.88,41.0,-29.24,7.43,11331561.0,,,197.3,0.4110696517412935,0.06343283582089553,0.3084577114427861,0.7842039800995025,0.30783582089552236,0.1417910447761194,0.26119402985074625,0.3361,0.2894,0.4112
SLDB,Solid Biosciences Inc,Healthcare,Biotechnology,,,9.06,,0.0,13.03,19.55,-22.91,2.67,2.45,-36.24,1.0,1250000.0,0.0,7.3,Aug 06/a,18.62,782740000.0,HIGH,-33.17,-5.91,0.87,-28.27,0.4836,False,-17.89,False,-21.72,6.824,7.007,-3.5248,-38.34,1.338,22.0,-30.67,40.0,-18.36,6.85,11355297.0,,,171.8,0.3072139303482587,0.1691542288557214,0.0733830845771144,0.8526119402985075,0.5049751243781094,0.10945273631840796,0.03855721393034826,0.3361,0.1889,0.4436
FBIO,Fortress Biotech Inc,Healthcare,Biotechnology,0.86,,-117.40000000000002,14.04,0.0,3.06,22.16,-22.29,-16.94,1.23,-49.4,1.0,534000.0,0.03,2.29,Aug 13/a,5.0,76450000.0,HIGH,-25.37,-6.45,1.24,-20.47,0.3394,False,-15.45,False,-24.67,4.258,3.941,-2.0343,-47.14,0.565,,,35.0,-30.72,2.03,628596.0,,,146.3,0.7201492537313433,0.09577114427860696,0.2064676616915423,0.06716417910447761,0.8526119402985075,0.07338308457711443,0.09701492537313433,0.3359,0.3565,0.4283
RUN,Sunrun Inc,Technology,Solar,5.37,18.51,-60.68,52.81,-9.36,1.98,30.6,-40.73,-36.59,2.43,-64.39,1.92,8960000.0,0.08,7.99,Aug 05/a,15.61,1920000000.0,HIGH,-13.27,0.52,0.9,-8.37,0.2317,False,-7.49,False,-15.03,5.461,3.502,-3.3113,-42.25,0.836,,,41.0,-17.8,7.71,62765278.0,,,102.5,0.35945273631840796,0.12935323383084577,0.42288557213930345,0.2947761194029851,0.5522388059701493,0.25497512437810943,0.3855721393034826,0.3356,0.4468,0.3654
EQ,Equillium Inc,Healthcare,Biotechnology,,,73.86,,-3.08,-3.4099999999999997,10.87,-45.13,-10.11,1.89,-52.26,1.0,682550.0,0.01,1.69,Aug 13/a,8.6,107160000.0,HIGH,-36.2,-16.07,1.24,-31.3,0.649,False,-26.52,False,-33.85,9.625,15.603,-5.3326,-54.81,1.793,18.0,-41.49,35.0,-29.85,1.41,1420865.0,,,509.9,0.0945273631840796,0.053482587064676616,0.026119402985074647,0.9577114427860697,0.8526119402985075,0.02736318407960199,0.02736318407960199,0.3353,0.2746,0.4831
LENZ,LENZ Therapeutics Inc,Healthcare,Biotechnology,,,-91.55,9.72,0.98,-1.51,39.12,-31.620000000000005,-53.11,0.69,-92.19,1.57,875240.0,0.01,3.94,Aug 11/a,25.0,123750000.0,HIGH,-39.93,-9.6,1.47,-35.03,0.5568,False,-15.88,False,-25.3,6.051,9.218,-3.9092,-46.88,1.04,22.0,-31.55,37.0,-28.97,3.58,3208016.0,,,598.3,0.2524875621890547,0.09825870646766169,0.05348258706467657,0.6082089552238806,0.9303482587064676,0.06716417910447761,0.017412935323383085,0.335,0.3021,0.4646
RXT,Rackspace Technology Inc,Technology,Software - Infrastructure,,28.92,-17.86,0.57,-0.63,13.31,27.36,-40.24,274.19,3.12,-54.31,3.0,10260000.0,0.07,3.93,Aug 10/a,4.77,1000000000.0,HIGH,29.15,8.71,0.77,34.05,0.3961,True,11.55,True,8.11,7.018,7.039,-5.0876,-27.34,0.598,7.0,1.73,38.0,-5.29,4.12,25380702.0,,,15.8,0.11194029850746269,0.3917910447761194,0.14241293532338306,0.08084577114427861,0.3656716417910448,0.9154228855721394,0.9838308457711443,0.3347,0.546,0.3685
DSGN,Design Therapeutics Inc,Healthcare,Biotechnology,,,3.87,,0.0,26.61,15.79,-15.310000000000002,14.529999999999998,1.67,-30.09,1.0,716820.0,0.07,12.06,Aug 03/b,21.0,754740000.0,HIGH,-18.49,-0.16,0.75,-13.59,0.3468,False,-6.05,False,-10.54,5.823,5.713,-3.6617,-23.45,0.842,35.0,-14.25,44.0,1.31,12.34,9869506.0,,,70.2,0.2898009950248756,0.4937810945273632,0.1990049751243781,0.30161691542288555,0.3333333333333333,0.38743781094527363,0.22512437810945274,0.3342,0.2498,0.328
LTBR,Lightbridge Corp,Industrials,Electrical Equipment & Parts,,,-14.029999999999998,,-0.64,0.62,14.19,-22.12,-36.17,2.08,-78.2,,836490.0,0.1,6.83,Aug 05/a,10.5,255840000.0,HIGH,-15.7,-1.39,0.9,-10.8,0.2694,False,-6.12,False,-16.58,5.086,3.286,-3.2293,-33.92,0.827,43.0,-25.87,41.0,-28.68,6.39,5735711.0,,,64.3,0.376865671641791,0.2431592039800995,0.3327114427860697,0.27860696517412936,0.5522388059701493,0.21641791044776118,0.292910447761194,0.3333,0.3826,0.356
SGRY,Surgery Partners Inc,Healthcare,Medical Care Facilities,,30.21,-490.86,2.75,0.02,-0.4599999999999999,17.04,-10.33,29.24,1.91,-36.65,1.5,2150000.0,0.0,14.85,Aug 10/b,18.82,1940000000.0,HIGH,-6.59,-9.33,0.52,-1.69,0.1711,False,-5.26,False,-8.3,6.035,3.303,-4.658,-21.6,0.621,9.0,-2.49,39.0,-14.23,13.32,33450521.0,,,41.3,0.15422885572139303,0.5447761194029851,0.6393034825870647,0.09328358208955224,0.08644278606965174,0.47885572139303484,0.5895522388059702,0.3328,0.4535,0.2032
VEEA,Veea Inc,Technology,Information Technology Services,,,-165.89,1135.6,0.0,,76.54,-41.3,-69.68,0.3,-83.66,,4310000.0,0.08,3.05,-,,9490000.0,HIGH,95.88,16.43,0.1,100.78,1.7284,True,5.46,True,16.04,41.03,10.511,-38.6328,-62.5,2.336,14.0,45.41,,,3.33,85050389.0,,,,0.0012437810945273632,0.03482587064676617,0.0012437810945273853,0.9825870646766169,0.014303482587064677,0.9614427860696517,1.0,0.3326,0.4047,0.4899
FSLY,Fastly Inc,Technology,Software - Application,,38.84,61.59,23.27,-12.39,9.21,14.53,36.11,-10.68,0.32,-29.64,2.38,6500000.0,0.09,24.5,Aug 05/a,27.9,3900000000.0,HIGH,25.35,3.57,0.44,30.25,0.3383,True,4.31,True,6.26,10.499,5.928,-6.1725,-17.62,0.664,8.0,-1.04,41.0,13.8,25.81,214607181.0,,,8.1,0.048507462686567165,0.6629353233830846,0.20771144278606968,0.12313432835820895,0.056592039800995024,0.8930348258706468,0.9763681592039801,0.332,0.4698,0.2803
BKV,BKV Corp,Energy,Oil & Gas E&P,7.92,11.67,-45.16,45.28,-0.11,6.34,27.05,-15.35,-26.49,1.08,-32.92,1.08,1420000.0,0.02,22.01,Aug 06/b,33.58,2410000000.0,HIGH,-17.23,-1.51,0.2,-12.33,0.2589,False,-7.19,False,-11.03,3.964,3.06,-3.2294,-21.19,0.852,19.0,-17.23,41.0,-6.22,21.57,63427253.0,,,55.7,0.3756218905472637,0.554726368159204,0.34950248756218905,0.31405472636815923,0.018656716417910446,0.3712686567164179,0.2562189054726368,0.3306,0.2129,0.2699
SANA,Sana Biotechnology Inc,Healthcare,Biotechnology,,,45.3,,0.0,0.74,22.15,-14.62,6.34,2.17,-55.03,1.2,3170000.0,0.14,2.95,Aug 10/a,9.38,881770000.0,HIGH,-24.94,-1.37,0.84,-20.04,0.2985,False,-6.95,False,-15.72,6.75,5.017,-4.4455,-31.44,0.997,27.0,-29.51,38.0,-19.94,2.89,12820732.0,,,224.6,0.17661691542288557,0.3009950248756219,0.25995024875621886,0.5329601990049752,0.4651741293532338,0.236318407960199,0.1044776119402985,0.3287,0.2593,0.3528
AMRC,Ameresco Inc,Industrials,Engineering & Construction,42.67,13.28,-25.72,9.14,0.25,3.35,16.97,-16.37,-16.93,2.62,-50.55,1.67,664290.0,0.03,22.22,Aug 03/a,42.7,1180000000.0,HIGH,-6.83,6.15,0.63,-1.93,0.2152,False,-4.26,False,-6.84,5.457,4.404,-3.3426,-32.45,0.728,10.0,-9.18,43.0,-5.1,21.57,13670054.0,,,98.0,0.35074626865671643,0.27549751243781095,0.48258706467661694,0.16417910447761194,0.17723880597014927,0.5217661691542289,0.5764925373134329,0.3287,0.4285,0.3035
RCKT,Rocket Pharmaceuticals Inc,Healthcare,Biotechnology,,,273.32,,-3.32,2.58,14.32,-24.33,-32.36,0.47,-53.21,2.29,1830000.0,0.12,2.55,Aug 10/a,8.85,279930000.0,HIGH,-33.68,-1.92,0.95,-28.78,0.563,False,-18.89,False,-23.79,8.574,5.078,-3.6916,-38.61,1.171,25.0,-29.28,38.0,-26.86,2.56,5860502.0,,,245.7,0.2810945273631841,0.16666666666666666,0.04850746268656714,0.7630597014925373,0.6231343283582089,0.08582089552238806,0.036069651741293535,0.328,0.2159,0.4383
BBNX,Beta Bionics Inc,Healthcare,Medical Devices,,,-35.38,37.76,-1.9299999999999995,-4.79,23.63,28.249999999999996,102.63,3.35,-33.34,1.62,1280000.0,0.0,21.8,Jul 29/a,23.28,1180000000.0,HIGH,-2.37,-7.6,0.33,2.53,0.4087,False,-4.69,True,3.3,8.43,5.222,-5.9973,-19.52,0.84,9.0,-13.97,46.0,32.87,18.96,31573489.0,,,22.8,0.05721393034825871,0.6026119402985075,0.1318407960199005,0.2972636815920398,0.03544776119402985,0.8420398009950248,0.7412935323383084,0.3277,0.3467,0.308
NB,NioCorp Developments Ltd,Basic Materials,Other Industrial Metals & Mining,,,78.38,,0.0,-2.56,7.4,-25.16,-24.5,0.13,-72.81,1.33,3130000.0,0.04,3.42,Sep 09,11.12,497910000.0,HIGH,-15.98,0.0,0.84,-11.08,0.2348,False,-5.35,False,-17.44,4.848,3.17,-2.9272,-38.42,0.803,40.0,-31.42,,,3.47,8741751.0,,,220.5,0.47139303482587064,0.16791044776119404,0.41666666666666663,0.23818407960199006,0.4651741293532338,0.19402985074626866,0.2873134328358209,0.3256,0.3795,0.3422
GEVO,Gevo Inc,Basic Materials,Specialty Chemicals,,,-8302.2,7.109999999999999,-8.63,1.95,10.28,-3.4000000000000004,-43.65,1.12,-52.190000000000005,1.8,3200000.0,0.02,1.42,Aug 06/a,5.34,351070000.0,HIGH,-20.12,-2.24,0.6,-15.22,0.3175,False,-12.14,False,-15.16,4.962,3.817,-2.5575,-29.57,0.922,22.0,-20.12,40.0,-9.03,1.31,4391562.0,,,307.6,0.5640547263681592,0.3364427860696517,0.23009950248756217,0.4185323383084577,0.1486318407960199,0.2537313432835821,0.17786069651741293,0.3252,0.1848,0.3462
CLNE,Clean Energy Fuels Corp,Energy,Oil & Gas Refining & Marketing,,,26.58,3.34,-0.17,1.4,4.82,-13.68,-36.68,1.89,-47.27,1.57,1910000.0,0.0,1.64,Aug 06/a,4.36,361530000.0,HIGH,-5.45,-1.89,0.43,-0.55,0.1589,False,-5.17,False,-8.14,4.029,2.564,-2.9049,-37.6,0.557,55.0,-33.62,40.0,-1.27,1.56,2844424.0,,,179.5,0.47885572139303484,0.18034825870646767,0.6902985074626866,0.06032338308457712,0.05161691542288557,0.48507462686567165,0.6305970149253731,0.3244,0.4748,0.269
CADL,Candel Therapeutics Inc,Healthcare,Biotechnology,,,-463.69,,-2.05,11.55,20.12,5.69,127.65,-0.34,-21.79,1.0,1360000.0,0.0,10.95,Aug 13/b,21.75,837870000.0,HIGH,-20.34,-9.03,0.71,-15.44,0.2548,False,-9.19,False,-11.03,6.779,3.34,-3.6867,-27.29,0.805,26.0,-23.34,36.0,-4.68,10.18,13596575.0,,,113.7,0.2848258706467662,0.39427860696517414,0.3656716417910447,0.24502487562189054,0.2798507462686567,0.3712686567164179,0.17164179104477612,0.3235,0.2623,0.2952
BULL,Webull Corp,Technology,Software - Application,87.06,23.63,103.73000000000002,51.21,-0.16,5.63,11.65,5.63,47.93,0.61,-55.55,1.4,13090000.0,0.18,7.13,Aug 19/a,13.3,3780000000.0,HIGH,-24.64,4.11,0.94,-19.74,0.4727,False,-9.72,False,-9.72,5.949,5.014,-3.7173,-27.97,0.727,21.0,-18.44,31.0,-15.05,7.34,103496949.0,,,81.2,0.277363184079602,0.3793532338308458,0.08457711442786064,0.1623134328358209,0.611318407960199,0.4216417910447761,0.10696517412935323,0.3228,0.2516,0.3682
BOBS,Bob's Discount Furniture Inc,Consumer Cyclical,Specialty Retail,13.41,12.99,63.74999999999999,8.79,0.02,1.78,21.04,-16.42,33.27,,-41.51,1.38,1010000.0,0.04,13.74,Aug 06/b,22.92,1800000000.0,HIGH,-19.56,2.16,0.76,-14.66,0.3342,False,-4.77,False,-13.86,5.91,4.299,-4.8122,-27.16,1.01,36.0,-22.67,41.0,-21.43,14.19,14291611.0,,,61.5,0.1318407960199005,0.4017412935323383,0.2126865671641791,0.554726368159204,0.347636815920398,0.27860696517412936,0.19527363184079602,0.3212,0.2462,0.3282
KLXE,KLX Energy Services Holdings Inc,Energy,Oil & Gas Equipment & Services,,,60.47,5.22,0.0,7.77,3.9,-40.52,-44.55,0.7,-65.37,1.0,578490.0,0.11,1.55,Aug 10/a,2.98,162250000.0,HIGH,-9.8,-9.21,0.51,-4.9,0.138,False,-7.88,False,-17.67,7.557,8.696,-3.0273,-47.92,0.882,6.0,-6.12,38.0,-10.97,1.38,1458444.0,,,115.9,0.44527363184079605,0.08955223880597014,0.7524875621890548,0.3650497512437811,0.08333333333333333,0.18781094527363185,0.5024875621890548,0.3206,0.4517,0.2704
SFIX,Stitch Fix Inc,Consumer Cyclical,Apparel Retail,,,76.26,4.24,-3.7000000000000006,-1.04,13.25,-51.190000000000005,-35.8,2.34,-62.79,3.0,1970000.0,0.25,2.14,Sep 23/a,3.5,285650000.0,HIGH,-14.43,5.67,0.84,-9.53,0.3849,False,-5.43,False,-20.17,7.403,2.874,-6.6056,-40.95,2.07,43.0,-36.96,7.0,18.1,2.61,9798938.0,,,34.1,0.043532338308457715,0.14303482587064675,0.15671641791044777,0.9763681592039801,0.4651741293532338,0.1318407960199005,0.3370646766169154,0.3194,0.3214,0.4042
AMLX,Amylyx Pharmaceuticals Inc,Healthcare,Drug Manufacturers - Specialty & Generic,,,16.0,,-0.61,0.2,12.72,57.70000000000001,117.64,-0.11,-28.32,1.25,2420000.0,0.03,29.49,Aug 06/b,42.36,3700000000.0,HIGH,-18.5,-6.9,0.65,-13.6,0.2567,False,-11.72,False,-5.25,5.172,4.21,-2.9767,-32.45,0.446,33.0,29.68,41.0,27.19,27.79,44718863.0,,,52.4,0.4552238805970149,0.27549751243781095,0.35820895522388063,0.04042288557213931,0.2058457711442786,0.5814676616915423,0.22388059701492538,0.3194,0.2588,0.3207
AMTX,Aemetis Inc,Basic Materials,Specialty Chemicals,,,67.43,20.02,-0.2,9.28,13.72,9.1,-44.13,1.81,-51.47999999999999,1.0,1040000.0,0.04,1.84,Aug 06/b,13.25,133060000.0,HIGH,-6.01,-6.78,0.57,-1.11,0.2755,False,-9.07,False,-4.47,7.807,3.198,-5.5048,-22.52,0.812,11.0,-8.51,41.0,10.97,1.72,1715240.0,,,670.3,0.07960199004975124,0.5223880597014925,0.31094527363184077,0.25497512437810943,0.11691542288557213,0.6144278606965174,0.6131840796019901,0.3165,0.3736,0.2665
KLRA,Kailera Therapeutics Inc,Healthcare,Biotechnology,,,,,38.89,77.54,10.51,-48.22,,,-60.25,1.0,883000.0,0.0,11.22,Aug 12/a,42.75,1450000000.0,HIGH,-35.98,-6.56,0.98,-31.08,0.5363,False,-19.48,False,-33.78,8.779,10.683,-4.5087,-52.88,1.557,,,36.0,-42.18,10.39,16307317.0,,,311.5,0.16791044776119404,0.06218905472636816,0.05845771144278611,0.9241293532338308,0.6511194029850746,0.028606965174129355,0.028606965174129355,0.3154,0.2243,0.4429
EDIT,Editas Medicine Inc,Healthcare,Biotechnology,,,75.77,232.31,-0.19,24.23,21.63,-18.75,16.59,1.99,-42.7,2.17,2620000.0,0.01,2.6,Aug 05/a,4.89,399310000.0,HIGH,-18.89,4.38,0.69,-13.99,0.2566,False,-3.78,False,-7.51,6.829,4.58,-4.3054,-25.46,0.704,26.0,-17.61,41.0,-4.73,2.62,8521796.0,,,86.6,0.1927860696517413,0.43781094527363185,0.3594527363184079,0.14676616915422885,0.24875621890547264,0.5062189054726368,0.20833333333333334,0.3153,0.2658,0.2736
TLYS,Tillys Inc,Consumer Cyclical,Apparel Retail,77.08,21.35,157.17,8.1,-21.5,4.73,3.32,4.15,1.67,0.08,-31.679999999999996,2.0,571280.0,0.0,4.27,Sep 02/a,6.65,130610000.0,HIGH,4.09,2.46,0.22,8.99,0.2418,True,4.16,True,11.13,5.848,2.183,-5.2816,-26.72,0.335,16.0,6.76,21.0,20.21,4.58,2707231.0,,,45.2,0.09950248756218906,0.4079601990049751,0.39925373134328357,0.026119402985074626,0.024875621890547265,0.9340796019900498,0.8756218905472637,0.3153,0.4775,0.2711
BLZE,Backblaze Inc,Technology,Software - Infrastructure,,60.74,34.4,17.67,-0.45,11.71,9.4,-11.89,287.94,1.57,-45.02,1.29,2750000.0,0.0,13.19,Aug 03/a,22.83,816460000.0,HIGH,6.73,6.06,0.55,11.63,0.1723,True,6.65,False,-3.98,5.24,3.134,-3.5244,-40.14,0.561,1.0,1.27,43.0,-7.89,14.36,23803650.0,,,59.0,0.30845771144278605,0.15298507462686567,0.6361940298507462,0.06343283582089553,0.09888059701492537,0.6318407960199005,0.9067164179104478,0.3153,0.5832,0.2757
FBRT,Franklin BSP Realty Trust Inc,Real Estate,REIT - Mortgage,15.85,6.2,-37.77,15.5,2.08,-2.06,8.98,-14.48,-16.53,1.06,-38.56,1.8,1760000.0,0.0,6.97,Jul 29/a,11.67,578830000.0,HIGH,-27.01,-6.56,0.59,-22.11,0.3449,False,-15.53,False,-19.58,4.877,6.571,-2.3498,-28.22,0.912,22.0,-24.82,46.0,-16.73,6.27,19768323.0,,,86.1,0.6330845771144279,0.36691542288557216,0.20149253731343286,0.40298507462686567,0.13495024875621892,0.1480099502487562,0.0845771144278607,0.3146,0.1348,0.3298
HYMC,Hycroft Mining Holding Corp,Basic Materials,Gold,,,46.7,,0.45,19.85,26.37,-14.2,-39.3,2.76,-65.84,2.0,1980000.0,0.27,20.06,Jul 29,24.5,1870000000.0,HIGH,-17.54,-4.54,0.75,-12.64,0.2519,False,-10.42,False,-18.03,7.219,5.051,-4.3616,-37.15,1.047,32.0,-22.65,,,18.71,44899469.0,,,30.9,0.1865671641791045,0.1921641791044776,0.3731343283582089,0.6162935323383084,0.3333333333333333,0.1828358208955224,0.2462686567164179,0.3141,0.3104,0.3298
PTRN,Pattern Group Inc,Consumer Cyclical,Internet Retail,,21.69,62.529999999999994,46.58,-6.329999999999999,20.38,16.13,-32.31,42.55,1.09,-44.46,1.33,1950000.0,0.03,16.55,Aug 05/a,28.12,2940000000.0,HIGH,-14.21,3.34,0.63,-9.31,0.2783,False,-8.3,False,-16.22,5.601,3.347,-2.6704,-41.85,0.979,,,41.0,-21.55,17.33,33318183.0,,,62.3,0.5323383084577115,0.13308457711442787,0.3022388059701493,0.5006218905472637,0.17723880597014927,0.22263681592039802,0.3439054726368159,0.3114,0.2814,0.3582
CXM,Sprinklr Inc,Technology,Software - Application,53.77,9.46,-37.58,0.8,-0.56,-12.47,11.55,-2.5,-13.95,0.73,-38.85,2.4,3490000.0,0.0,5.06,Sep 02/b,8.44,1170000000.0,HIGH,-12.01,4.42,0.66,-7.11,0.2087,False,-3.18,False,-17.5,4.328,2.596,-3.3763,-37.16,0.911,26.0,-30.39,22.0,-25.18,5.2,17627451.0,,,62.3,0.3420398009950249,0.19029850746268656,0.513681592039801,0.4017412935323383,0.22014925373134328,0.19029850746268656,0.42350746268656714,0.3097,0.3896,0.2886
INMB,INmune Bio Inc,Healthcare,Biotechnology,,,95.47,,0.0,-5.87,9.1,26.539999999999996,83.04,0.88,-21.15,1.0,544400.0,0.0,2.05,Aug 06/a,7.0,56900000.0,HIGH,-20.9,-3.5,0.8,-16.0,0.3535,False,-10.94,False,-8.82,7.058,3.575,-4.6906,-25.77,0.774,19.0,-20.9,40.0,1.05,1.93,790131.0,,,262.7,0.1455223880597015,0.43159203980099503,0.19465174129353235,0.20335820895522388,0.41044776119402987,0.4583333333333333,0.16293532338308458,0.3073,0.2467,0.3044
MEC,Mayville Engineering Company Inc,Industrials,Metal Fabrication,,16.88,-71.96,23.16,-1.56,38.29,10.16,-53.620000000000005,-4.88,1.41,-55.73,1.0,583830.0,0.0,17.16,Aug 04/a,37.0,437590000.0,HIGH,-16.38,-2.43,0.74,-11.48,0.3027,False,-6.18,False,-22.01,7.258,4.258,-3.3514,-53.55,1.162,,,42.0,-35.53,16.44,10016662.0,,,125.1,0.34701492537313433,0.05970149253731343,0.25248756218905477,0.7555970149253731,0.32213930348258707,0.10199004975124377,0.27114427860696516,0.3065,0.2808,0.3817
SKYX,SKYX Platforms Corp,Industrials,Electrical Equipment & Parts,,,25.8,9.58,0.0,-15.35,3.49,19.67,1.15,2.32,-63.25999999999999,1.0,1220000.0,0.02,1.21,Aug 12/a,4.0,163700000.0,HIGH,-13.87,0.85,0.33,-8.97,0.2933,False,-6.96,False,-2.88,5.575,2.966,-4.5743,-22.37,0.703,15.0,-12.59,36.0,7.27,1.18,1057858.0,,,239.0,0.16417910447761194,0.5261194029850746,0.2723880597014925,0.14365671641791045,0.03544776119402985,0.6791044776119403,0.35945273631840796,0.3035,0.2361,0.2556
CGEM,Cullinan Therapeutics Inc,Healthcare,Biotechnology,,,27.0,,-0.34,6.7,19.85,-19.98,14.71,-0.07,-36.44,1.0,853010.0,0.02,14.74,Aug 06/b,34.58,948590000.0,HIGH,-29.79,3.75,0.89,-24.89,0.6328,False,-17.59,False,-20.17,7.975,6.254,-5.8026,-33.12,1.202,28.0,-28.92,41.0,-11.93,15.51,24048103.0,,,123.0,0.06343283582089553,0.2574626865671642,0.031094527363184077,0.7873134328358209,0.5385572139303483,0.1318407960199005,0.06592039800995025,0.3016,0.1973,0.3803
JBIO,Jade Biosciences Inc,Healthcare,Biotechnology,,,33.03,,0.0,47.26,20.15,-31.47,13.170000000000002,1.46,-45.88,1.0,940360.0,0.0,15.15,Aug 10/b,49.89,963690000.0,HIGH,-29.05,-1.6,1.05,-24.15,0.4976,False,-14.31,False,-27.44,6.954,6.091,-3.3782,-43.52,0.975,38.0,-35.02,39.0,-35.02,14.12,17517988.0,,,253.3,0.3407960199004975,0.12064676616915423,0.06965174129353235,0.49502487562189057,0.7114427860696517,0.05472636815920398,0.06965174129353234,0.2987,0.2622,0.4005
SLS,SELLAS Life Sciences Group Inc,Healthcare,Biotechnology,,,24.18,,0.0,11.09,29.58,-25.5,163.69,2.56,-27.500000000000004,1.0,8140000.000000001,0.05,11.51,Aug 11/a,32.5,2320000000.0,HIGH,-15.3,1.29,0.61,-10.4,0.3077,False,-2.77,False,-4.64,6.346,5.281,-4.8203,-25.08,0.771,30.0,-12.39,37.0,6.24,11.74,75785007.0,,,176.8,0.13059701492537312,0.44838308457711445,0.24440298507462688,0.20087064676616914,0.15982587064676618,0.6069651741293532,0.3072139303482587,0.2985,0.2442,0.2746
STUB,Stubhub Holdings Inc,Communication Services,Internet Content & Information,,9.8,99.95,33.18,-1.24,8.92,9.77,-57.830000000000005,-15.130000000000004,3.63,-74.69,1.85,7100000.0,0.01,5.44,Aug 12/a,11.23,2080000000.0,HIGH,-18.03,2.08,0.57,-13.13,0.2396,False,-6.27,False,-21.8,5.333,5.915,-3.0303,-53.56,1.07,,,36.0,-29.56,5.41,40256792.0,,,107.6,0.4427860696517413,0.05845771144278607,0.4054726368159204,0.6579601990049752,0.11691542288557213,0.10572139303482588,0.236318407960199,0.2979,0.2512,0.3308
ENVX,Enovix Corp,Industrials,Electrical Equipment & Parts,,,9.34,20.84,0.0,1.43,27.89,-53.44,-45.7,2.47,-80.01,1.91,6890000.0,0.14,2.84,Aug 12/a,10.94,623240000.0,HIGH,-15.66,9.59,0.64,-10.76,0.2696,False,-6.09,False,-20.38,6.911,6.75,-4.3706,-48.81,1.371,,,36.0,-36.79,2.8,21101974.0,,,290.7,0.1853233830845771,0.08333333333333333,0.3302238805970149,0.8694029850746269,0.1890547263681592,0.1281094527363184,0.2947761194029851,0.2976,0.2737,0.343
ASPI,ASP Isotopes Inc,Basic Materials,Specialty Chemicals,,,73.38,327.51,-5.21,-0.42,19.05,-52.89,-32.95,3.63,-79.78,1.0,3880000.0,0.15,2.93,Jun 03,13.0,449200000.0,HIGH,-30.71,11.92,0.87,-25.81,0.5842,False,-8.58,False,-21.2,7.459,6.014,-5.2248,-46.46,1.515,,,,,2.91,15123750.0,,,346.7,0.10323383084577115,0.10074626865671642,0.04228855721393032,0.9154228855721394,0.5049751243781094,0.11442786069651742,0.05721393034825871,0.2968,0.1871,0.4095
WEN,Wendy's Co,Consumer Cyclical,Restaurants,9.9,12.46,-40.35,1.72,0.0,-7.55,28.2,-20.84,-3.9,0.39,-35.42,3.15,11130000.0,0.02,6.53,Aug 07/b,7.57,1250000000.0,HIGH,-23.79,-4.23,0.76,-18.89,0.3204,False,-11.99,False,-19.92,4.272,4.412,-2.3237,-33.04,0.743,28.0,-30.77,40.0,-17.19,6.12,41524430.0,,,23.7,0.6355721393034826,0.25870646766169153,0.22388059701492535,0.17537313432835822,0.347636815920398,0.138681592039801,0.11940298507462686,0.2966,0.2192,0.3243
QNST,QuinStreet Inc,Communication Services,Advertising Agencies,10.32,7.73,499.82,42.67,-16.29,-0.25,11.27,-0.62,22.13,0.71,-35.13,1.0,966380.0,0.01,14.46,Aug 06/a,22.8,825470000.0,HIGH,-20.07,5.35,0.73,-15.17,0.4326,False,-9.45,False,-15.9,5.029,2.939,-3.3504,-32.84,0.973,40.0,-1.64,40.0,-1.64,14.97,18001904.0,,,52.3,0.3482587064676617,0.26492537313432835,0.11194029850746268,0.49191542288557216,0.30783582089552236,0.2325870646766169,0.1791044776119403,0.2929,0.1976,0.3451
PHAT,Phathom Pharmaceuticals Inc,Healthcare,Biotechnology,,9.4,79.93,88.02,0.0,4.99,19.75,-32.57,-30.72,0.48,-59.97,1.45,1380000.0,0.02,7.33,Jul 30/b,20.45,593010000.0,HIGH,-27.16,-5.85,1.25,-22.26,0.3961,False,-11.66,False,-20.59,5.861,5.925,-4.048,-45.24,0.824,,,46.0,-23.37,6.92,10483807.0,,,195.5,0.23756218905472637,0.10945273631840796,0.14241293532338306,0.27300995024875624,0.8600746268656716,0.12437810945273632,0.08333333333333333,0.2911,0.3341,0.3738
WYFI,Whitefiber Inc,Technology,Information Technology Services,,120.87,-72.22,59.489999999999995,-0.02,5.18,50.49,-46.73,78.11,6.28,-59.040000000000006,1.17,2450000.0,0.13,19.2,Aug 12/b,40.75,745880000.0,HIGH,-8.24,-4.78,1.16,-3.34,0.2294,False,-4.47,False,-16.2,6.995,8.171,-4.6028,-54.89,0.571,35.0,-36.46,37.0,-25.97,17.93,24299012.0,,,127.3,0.16044776119402984,0.05099502487562189,0.4328358208955224,0.07027363184079602,0.8059701492537313,0.22512437810945274,0.5422885572139303,0.2909,0.5886,0.3155
NPWR,NET Power Inc,Industrials,Specialty Industrial Machinery,,,-150.75,,-4.61,0.48,6.82,-2.99,3.85,1.15,-68.85,1.5,784360.0,0.03,1.62,Aug 13/a,2.83,364270000.0,HIGH,-27.98,-10.9,1.01,-23.08,0.3875,False,-19.07,False,-17.14,6.475,6.475,-3.3445,-34.43,0.651,29.0,-18.24,35.0,-14.2,1.39,996406.0,,,103.6,0.34950248756218905,0.22885572139303484,0.154228855721393,0.11256218905472637,0.6791044776119403,0.2058457711442786,0.07711442786069651,0.2883,0.2808,0.3368
RLMD,Relmada Therapeutics Inc,Healthcare,Biotechnology,,,61.35,,2.97,16.59,15.59,-42.75,-41.35,0.5,-52.129999999999995,1.0,1630000.0,0.0,3.83,Aug 06/a,10.75,408550000.0,HIGH,-18.74,-5.01,0.91,-13.84,0.2858,False,-11.28,False,-20.49,5.53,3.611,-4.0396,-45.29,0.897,,,40.0,-27.13,3.6,5460375.0,,,198.6,0.24004975124378108,0.10820895522388059,0.29104477611940294,0.38681592039800994,0.5708955223880597,0.1256218905472637,0.21393034825870647,0.2871,0.3442,0.3308
RARE,Ultragenyx Pharmaceutical Inc,Healthcare,Biotechnology,,,22.67,28.53,-0.42,1.09,18.43,-51.92,-23.89,0.31,-63.02,2.0,3890000.0,0.02,14.75,Aug 04/a,26.79,1450000000.0,HIGH,-0.52,5.62,0.64,4.38,0.1926,True,4.64,False,-28.17,5.718,4.008,-4.3442,-56.28,1.086,,,42.0,-38.95,15.22,88615137.0,,,76.0,0.18781094527363185,0.0472636815920398,0.5746268656716418,0.6728855721393034,0.1890547263681592,0.04975124378109453,0.7935323383084577,0.2869,0.5465,0.2749
TRON,Tron Inc,Consumer Cyclical,Leisure,,,-7.580000000000001,16.81,0.0,38.8,16.55,-2.37,-33.64,8.63,-69.03,,992530.0,0.05,1.44,-,,683110000.0,HIGH,-4.73,-0.35,0.76,0.17,0.1925,False,-4.41,False,-10.94,5.664,3.901,-4.2748,-41.37,0.562,31.0,-12.96,,,1.41,1099247.0,,,,0.19900497512437812,0.13681592039800994,0.5758706467661692,0.06529850746268656,0.347636815920398,0.373134328358209,0.6629353233830846,0.283,0.5422,0.2463
CABA,Cabaletta Bio Inc,Healthcare,Biotechnology,,,53.72,,0.0,63.23,25.03,-33.12,-22.39,3.44,-50.83,1.4,5110000.0,0.03,2.08,Aug 13/b,13.25,352660000.0,HIGH,-42.36,0.0,0.91,-37.46,0.728,False,-19.09,False,-27.52,8.25,9.0,-4.9548,-46.67,1.287,22.0,-39.39,36.0,-26.2,2.0,15282011.0,,,562.5,0.12064676616915423,0.09950248756218906,0.01990049751243783,0.832089552238806,0.5708955223880597,0.053482587064676616,0.013681592039800995,0.2828,0.1827,0.3943
EVH,Evolent Health Inc,Healthcare,Health Information Services,,10.14,42.84,46.86,-0.61,-3.11,13.74,-34.48,51.68000000000001,1.0,-60.35,1.43,3080000.0,0.0,3.61,Aug 06/b,5.75,408140000.0,HIGH,-19.91,-5.21,0.74,-15.01,0.3085,False,-8.63,False,-13.28,5.636,7.37,-2.7987,-44.68,0.782,28.0,-26.69,41.0,12.34,3.46,9024431.0,,,66.2,0.4987562189054726,0.11442786069651742,0.2425373134328358,0.22014925373134328,0.32213930348258707,0.2960199004975124,0.1822139303482587,0.2823,0.2423,0.3343
SPRY,ARS Pharmaceuticals Inc,Healthcare,Biotechnology,,,-37.56,114.15,-0.08,-4.65,35.36,-52.34000000000001,-49.44,0.81,-68.97,1.0,1910000.0,0.0,4.08,Aug 13/a,23.5,405750000.0,HIGH,-27.58,-1.45,1.22,-22.68,0.4269,False,-9.06,False,-22.68,6.037,7.002,-3.6152,-49.57,0.817,32.0,-35.4,35.0,-27.96,4.07,6598214.0,,,477.4,0.2947761194029851,0.07711442786069651,0.11815920398009949,0.26492537313432835,0.8407960199004975,0.09328358208955224,0.08084577114427861,0.2815,0.32,0.3734
MNR,Mach Natural Resources LP,Energy,Oil & Gas E&P,20.04,7.95,-22.82,64.19,-3.9,-5.07,1.5,-15.47,-27.250000000000004,-0.42,-29.43,1.5,608550.0,0.0,10.6,Aug 06/a,17.56,1770000000.0,HIGH,-18.14,-0.29,0.35,-13.24,0.3463,False,-8.29,False,-16.06,3.396,1.846,-2.5042,-24.95,0.751,45.0,-23.66,40.0,-20.6,10.29,15154755.0,,,70.7,0.585820895522388,0.45149253731343286,0.20024875621890548,0.1791044776119403,0.03917910447761194,0.22885572139303484,0.23507462686567165,0.2808,0.1659,0.2582
PBLS,Parabilis Medicines Inc,Healthcare,Biotechnology,,,,,91.17,113.62,7.86,4.52,,,-28.190000000000005,1.0,639150.0,0.11,30.51,Aug 13/b,41.75,3770000000.0,HIGH,-25.09,-7.03,0.73,-20.19,0.4082,False,-15.07,False,-16.6,11.266,7.695,-5.3265,-28.74,1.018,11.0,-25.93,36.0,-15.11,30.28,45326258.0,,,37.9,0.09577114427860696,0.35945273631840796,0.13370646766169159,0.5715174129353234,0.30783582089552236,0.21455223880597016,0.09825870646766169,0.2805,0.1718,0.2974
SHAZ,SharonAI Holdings Inc,Technology,Information Technology Services,,,-1144.5,,0.0,43.55,7.69,-34.1,132.29,,-70.01,1.0,1940000.0,0.07,53.38,Aug 06/b,112.44,1910000000.0,HIGH,-9.17,-3.97,0.81,-4.27,0.2517,False,-8.37,False,-10.74,8.311,6.259,-5.3376,-36.71,0.78,9.0,-15.22,41.0,-2.57,50.81,82168726.0,,,121.3,0.09328358208955224,0.19651741293532338,0.3743781094527363,0.21766169154228857,0.4210199004975124,0.3793532338308458,0.5211442786069652,0.2804,0.4471,0.2778
HLLY,Holley Inc,Consumer Cyclical,Auto Parts,29.27,6.39,-122.27,3.2099999999999995,0.0,1.61,4.36,-2.37,-14.24,1.38,-44.87,1.62,1070000.0,0.0,2.47,Aug 05/b,4.58,296750000.0,HIGH,-23.28,-3.31,0.54,-18.38,0.3116,False,-9.86,False,-16.6,5.339,3.846,-3.5765,-28.98,0.957,40.0,-22.26,42.0,-17.31,2.34,3568784.0,,,95.7,0.2997512437810945,0.35447761194029853,0.2350746268656716,0.4695273631840796,0.09390547263681592,0.21455223880597016,0.12686567164179105,0.2779,0.1494,0.2694
TROX,Tronox Holdings plc,Basic Materials,Chemicals,,,-101.93,18.74,0.0,7.46,16.71,-39.76,-55.27000000000001,0.88,-61.95,3.2,2550000.0,0.0,4.03,Aug 05/a,7.0,643590000.0,HIGH,-18.3,-1.01,0.58,-13.4,0.2702,False,-8.04,False,-24.31,5.071,3.053,-2.2449,-44.73,0.875,41.0,-32.82,41.0,-32.82,3.93,9677218.0,,,78.1,0.6567164179104478,0.11194029850746269,0.3246268656716418,0.35634328358208955,0.1256218905472637,0.08084577114427861,0.23134328358208955,0.276,0.2276,0.3049
VRRM,Verra Mobility Corp,Technology,Information Technology Services,12.33,3.44,-232.79,11.68,0.0,-1.7399999999999998,9.52,-25.739999999999995,-76.51,0.39,-87.19,3.0,5550000.0,0.0,3.26,Aug 05/a,7.0,495460000.0,HIGH,-30.96,-6.02,0.68,-26.06,0.377,False,-17.68,False,-32.72,6.177,8.363,-2.8155,-53.17,1.073,47.0,-32.78,41.0,-45.12,2.81,26579958.0,,,149.1,0.4937810945273632,0.060945273631840796,0.16604477611940294,0.6604477611940298,0.23880597014925373,0.033582089552238806,0.053482587064676616,0.2756,0.1428,0.3567
EOSE,Eos Energy Enterprises Inc,Industrials,Electrical Equipment & Parts,,,-14.26,351.4,-9.83,5.82,33.65,-48.44,-35.39,2.88,-84.19,2.27,27100000.0,0.5,3.14,Aug 05/b,6.5,1140000000.0,HIGH,-17.27,4.56,0.87,-12.37,0.47,False,-12.95,False,-12.8,8.356,4.361,-5.585,-31.85,0.894,19.0,-17.27,42.0,-15.97,3.21,101138598.0,,,102.5,0.07587064676616916,0.2873134328358209,0.0883084577114428,0.3818407960199005,0.5049751243781094,0.30970149253731344,0.25497512437810943,0.2747,0.28,0.3181
FIP,FTAI Infrastructure Inc,Industrials,Conglomerates,,,-92.91,56.60000000000001,0.1,-0.58,17.75,-25.55,-32.93,1.9,-51.47999999999999,1.0,1300000.0,0.14,3.25,Aug 05/a,9.94,383630000.0,HIGH,-21.26,-7.09,0.83,-16.36,0.3234,False,-11.53,False,-24.39,7.882,5.4,-4.2763,-42.93,1.024,37.0,-38.56,41.0,-21.26,2.68,4330561.0,,,270.9,0.19776119402985073,0.125,0.21890547263681592,0.5789800995024875,0.44713930348258707,0.07960199004975124,0.15298507462686567,0.2746,0.261,0.3259
VOR,Vor Biopharma Inc,Healthcare,Biotechnology,,,99.54,,-10.1,20.32,24.37,-0.54,27.76,1.76,-62.96000000000001,1.33,1240000.0,0.0,18.5,Aug 11/b,39.0,1090000000.0,HIGH,-25.39,2.08,0.57,-20.49,0.4328,False,-11.29,False,-14.93,6.929,4.815,-4.0609,-28.12,1.01,20.0,-22.9,38.0,-20.03,18.69,28109468.0,,,108.7,0.236318407960199,0.3706467661691542,0.11069651741293529,0.554726368159204,0.11691542288557213,0.2574626865671642,0.09577114427860696,0.2745,0.1066,0.2914
XFOR,X4 Pharmaceuticals Inc,Healthcare,Biotechnology,,,96.32,346.33,-0.48,7.86,10.97,-27.190000000000005,-23.77,0.44,-36.24,1.0,963590.0,0.01,3.08,Aug 06/a,11.6,305340000.0,HIGH,-29.95,-6.14,0.7,-25.05,0.4098,False,-14.75,False,-25.66,6.671,4.064,-4.1121,-41.29,1.268,40.0,-32.13,40.0,-32.13,2.83,4319065.0,,,309.9,0.2263681592039801,0.13805970149253732,0.13059701492537312,0.8233830845771144,0.26430348258706465,0.06218905472636816,0.06467661691542288,0.2742,0.1443,0.3441
BRZE,Braze Inc,Technology,Software - Application,,24.9,35.11,26.16,-1.26,9.26,9.32,15.98,5.74,0.89,-34.85,1.09,2540000.0,0.16,24.32,Sep 08/a,37.3,2760000000.0,HIGH,-20.46,9.71,0.53,-15.56,0.3369,True,0.12,False,-7.44,4.965,3.678,-6.0418,-27.41,0.897,26.0,-17.49,18.0,7.14,25.42,71549293.0,,,46.7,0.05472636815920398,0.38992537313432835,0.20895522388059706,0.38681592039800994,0.08955223880597014,0.5087064676616916,0.16791044776119404,0.2731,0.1567,0.26
RXST,RxSight Inc,Healthcare,Medical Devices,,,-0.8,0.31,-0.56,6.32,10.31,-6.27,-23.64,1.11,-63.84000000000001,3.1,1090000.0,0.02,4.78,Aug 05/a,7.57,198810000.0,HIGH,-26.59,0.21,0.78,-21.69,0.4812,False,-12.41,False,-21.91,5.278,2.991,-2.6543,-37.1,0.867,24.0,-33.62,41.0,-23.03,4.68,4215064.0,,,61.8,0.5385572139303483,0.19402985074626866,0.07462686567164178,0.3414179104477612,0.3787313432835821,0.10323383084577115,0.08955223880597014,0.2718,0.1718,0.3405
ARKO,ARKO Corp,Consumer Cyclical,Specialty Retail,54.94,32.08,-75.02,17.36,-0.09,7.33,8.92,-47.68,-23.63,0.92,-52.37,2.0,956530.0,0.0,4.17,Aug 07/b,8.5,467810000.0,HIGH,-14.72,-2.11,0.36,-9.82,0.1879,False,-4.17,False,-19.25,3.169,1.799,-2.2038,-49.33,0.616,52.0,-47.41,40.0,-26.33,4.17,3760947.0,,,103.8,0.6753731343283582,0.08084577114427861,0.5895522388059702,0.08830845771144279,0.04291044776119403,0.15298507462686567,0.3215174129353234,0.2717,0.3183,0.2399
ENHA,Enhanced Group Inc,Consumer Defensive,Packaged Foods,,,-67000.0,,3.93,11.01,3.01,-47.74,-85.56,-1.75,-89.51,1.0,844730.0,0.06,1.47,Aug 13/a,4.0,580610000.0,HIGH,-6.96,-3.92,0.26,-2.06,0.1803,False,-1.51,False,-21.79,6.511,4.762,-3.7483,-58.94,1.015,,,35.0,-25.0,1.47,1306074.0,,,172.1,0.27238805970149255,0.04477611940298507,0.6094527363184079,0.5665422885572139,0.02736318407960199,0.10696517412935323,0.5696517412935324,0.2712,0.4189,0.2433
LCID,Lucid Group Inc,Consumer Cyclical,Auto Manufacturers,,,-17.83,56.24,-0.0,9.41,56.88,-38.1,-57.13,0.99,-84.03,2.92,16579999.999999998,0.16,4.03,Aug 04/a,6.81,1590000000.0,HIGH,-11.75,5.9,0.71,-6.85,0.1757,False,-1.7,False,-23.53,5.863,5.206,-3.3896,-51.41,0.779,48.0,-36.46,42.0,-38.36,4.13,45727807.0,,,64.9,0.3370646766169154,0.06592039800995025,0.6194029850746269,0.21517412935323382,0.2798507462686567,0.09079601990049752,0.43345771144278605,0.268,0.4432,0.2307
IHRT,iHeartMedia Inc,Communication Services,Broadcasting,,43.62,3.46,4.67,0.0,6.619999999999999,5.32,-46.99,-19.37,2.27,-65.09,4.0,691030.0,0.0,2.29,Aug 10/a,3.62,390530000.0,HIGH,-30.84,-12.61,0.91,-25.94,0.4062,False,-19.88,False,-32.59,6.929,11.856,-2.8699,-54.39,0.858,,,38.0,-33.9,1.94,1663645.0,,,86.6,0.48507462686567165,0.05472636815920398,0.13557213930348255,0.3252487562189055,0.5708955223880597,0.03482587064676617,0.055970149253731345,0.2677,0.2343,0.354
ALM,Almonty Industries Inc,Basic Materials,Other Industrial Metals & Mining,54.08,9.37,235.56,497.88999999999993,0.0,15.939999999999998,9.43,-17.84,-11.07,1.37,-45.68,1.17,6790000.0,0.17,13.26,Aug 11/a,25.4,3830000000.0,HIGH,-23.73,1.44,0.88,-18.83,0.5116,False,-8.27,False,-10.61,7.372,4.328,-5.4563,-31.11,0.796,19.0,-23.73,37.0,0.83,13.4,96385289.0,,,89.6,0.08084577114427861,0.30845771144278605,0.06467661691542292,0.23196517412935325,0.5242537313432836,0.3843283582089552,0.12064676616915423,0.2658,0.2249,0.3053
EVER,EverQuote Inc,Communication Services,Internet Content & Information,6.13,8.25,37.21,24.55,-1.19,4.01,25.02,-19.33,23.9,0.65,-34.49,1.62,770420.0,0.06,18.82,Aug 03/a,29.5,663210000.0,HIGH,-21.72,4.9,0.65,-16.82,0.473,False,-9.78,False,-17.9,6.606,4.359,-4.6775,-31.08,1.062,54.0,-25.46,43.0,-18.27,19.5,20499528.0,,,51.3,0.14925373134328357,0.31094527363184077,0.08333333333333337,0.6455223880597015,0.2058457711442786,0.18470149253731344,0.14676616915422885,0.2633,0.1455,0.2963
SLE,Super League Enterprise Inc,Communication Services,Internet Content & Information,,,95.03,0.27,0.0,-3.71,4.2,62.3,33.78,1.51,-93.11,1.0,1290000.0,0.05,4.95,Aug 14/b,10.67,12240000.0,HIGH,35.2,17.52,0.22,40.1,0.39,True,7.99,True,33.08,10.709,7.396,-8.9713,-28.09,0.093,4.0,17.52,35.0,133.48,5.3,1321920.0,,,101.3,0.01990049751243781,0.373134328358209,0.14925373134328357,0.011194029850746268,0.024875621890547265,0.996268656716418,0.9912935323383084,0.2624,0.4488,0.2631
MAMA,Mama's Creations Inc,Consumer Defensive,Packaged Foods,77.66,38.95,76.32,55.05,-9.83,25.81,8.37,-33.05,-10.22,0.53,-36.43,1.0,722600.0,0.0,13.35,Sep 03/a,22.29,629420000.0,HIGH,-14.71,-1.67,0.54,-9.81,0.2686,False,-6.37,False,-18.37,5.281,2.475,-4.1397,-34.3,0.983,,,20.0,-14.71,12.93,12776814.0,,,72.4,0.21890547263681592,0.2325870646766169,0.3395522388059702,0.5080845771144279,0.09390547263681592,0.17537313432835822,0.3246268656716418,0.2614,0.2599,0.2491
PAR,Par Technology Corp,Technology,Software - Application,,9.85,21.17,18.69,140.23,-5.19,22.27,-16.8,3.69,1.33,-65.32,1.44,974590.0,0.0,14.06,Aug 06/a,25.31,581560000.0,HIGH,-27.92,4.47,0.56,-23.02,0.4784,False,-9.9,False,-17.41,5.424,4.211,-3.3414,-28.96,0.956,20.0,-24.6,40.0,-16.76,14.25,15538676.0,,,77.6,0.35199004975124376,0.35696517412935325,0.07835820895522383,0.4664179104477612,0.10572139303482588,0.19527363184079602,0.07835820895522388,0.2591,0.0866,0.2799
CLYM,Climb Bio Inc,Healthcare,Biotechnology,,,-38.22,,-2.28,74.1,16.42,-12.43,66.67,-0.05,-36.17,1.06,1510000.0,0.04,11.7,Aug 06/b,27.47,672010000.0,HIGH,-29.51,-6.81,1.01,-24.61,0.4756,False,-18.05,False,-22.22,7.492,5.119,-3.9911,-40.32,0.806,28.0,-33.29,41.0,-12.27,10.94,20946181.0,,,151.1,0.24378109452736318,0.15049751243781095,0.0808457711442786,0.24751243781094528,0.6791044776119403,0.09950248756218906,0.06716417910447761,0.2502,0.2549,0.3175
BW,Babcock & Wilcox Enterprises Inc,Industrials,Specialty Industrial Machinery,,14.3,128.82,121.94,0.22,22.43,16.77,-56.77,-58.95,1.15,-72.31,1.0,4860000.0,0.02,6.1,Aug 10/a,22.0,908690000.0,HIGH,-19.72,-0.87,0.95,-14.82,0.428,False,-15.87,False,-28.18,7.437,5.614,-5.7322,-54.0,1.027,,,38.0,-35.81,5.7,32461691.0,,,286.0,0.06840796019900497,0.05721393034825871,0.11567164179104472,0.5833333333333334,0.6231343283582089,0.048507462686567165,0.19029850746268656,0.2494,0.2978,0.3308
RSI,Rush Street Interactive Inc,Consumer Cyclical,Gambling,66.98,23.66,-18.96,46.27,-65.28,11.56,8.21,-36.59,-5.34,1.69,-42.49,1.15,2900000.0,0.0,19.86,Jul 29/a,35.83,4600000000.0,HIGH,-25.0,2.35,0.49,-20.1,0.5342,False,-13.41,False,-20.61,5.885,2.924,-2.7668,-42.05,1.033,19.0,-25.0,46.0,-25.22,20.01,85299947.0,,,79.1,0.5087064676616916,0.1318407960199005,0.05970149253731338,0.595771144278607,0.07524875621890548,0.12313432835820895,0.1013681592039801,0.2491,0.081,0.3257
BIOA,BioAge Labs Inc,Healthcare,Drug Manufacturers - Specialty & Generic,,,3.2400000000000007,1.6200000000000003,-0.4699999999999999,9.73,9.94,-71.9,-56.59,0.99,-72.99,1.44,898390.0,0.01,7.01,Aug 05/a,35.62,321800000.0,HIGH,-31.07,-7.94,1.22,-26.17,0.4335,False,-17.06,False,-37.37,7.159,6.808,-3.3976,-74.0,0.719,,,41.0,-39.8,6.61,5618970.0,,,438.9,0.3345771144278607,0.017412935323383085,0.10820895522388063,0.15796019900497513,0.8407960199004975,0.021144278606965175,0.05223880597014925,0.2467,0.3056,0.3386
ZIP,ZipRecruiter Inc,Communication Services,Internet Content & Information,10.17,1319.55,600.29,5.19,-1.87,1.16,4.7,-10.91,91.8,1.54,-37.43,2.6,851320.0,0.0,3.51,Aug 05/a,4.75,288620000.0,HIGH,-15.88,2.01,0.59,-10.98,0.2322,False,-4.29,False,-14.95,5.191,3.099,-3.45,-33.58,0.62,31.0,-28.86,41.0,-16.47,3.55,2803434.0,,,33.8,0.32338308457711445,0.2512437810945274,0.42164179104477617,0.09203980099502487,0.13495024875621892,0.2562189054726368,0.2885572139303483,0.2466,0.2824,0.2016
LFTO,Liftoff Mobile Inc,Communication Services,Advertising Agencies,64.55,,82.51,35.43,1.92,25.2,7.7,-36.16,,,-45.98,1.68,855180.0,0.0,16.26,Aug 12/a,33.19,2750000000.0,HIGH,-19.16,-3.26,0.72,-14.26,0.2913,False,-10.91,False,-22.5,5.681,5.017,-3.3716,-42.83,0.867,40.0,-35.06,36.0,-24.48,15.15,16623983.0,,,119.1,0.3445273631840796,0.12686567164179105,0.27487562189054726,0.3414179104477612,0.2941542288557214,0.09701492537313433,0.20522388059701493,0.2465,0.2528,0.2693
RWT,Redwood Trust Inc,Real Estate,REIT - Mortgage,,3.62,95.49,37.59,11.73,-12.29,19.21,-24.02,-30.06,1.5,-46.92,1.44,4560000.0,0.0,3.7,Jul 28/b,5.77,464770000.0,HIGH,-21.73,-4.34,0.29,-16.83,0.2779,False,-9.18,False,-19.09,5.119,5.666,-4.8889,-33.02,1.013,,,48.0,-24.41,3.53,33037510.0,,,63.5,0.1256218905472637,0.2605721393034826,0.30348258706467657,0.5615671641791045,0.028606965174129355,0.15733830845771143,0.1455223880597015,0.2395,0.1578,0.2183
STIM,Neuronetics Inc,Healthcare,Medical Devices,,,69.26,9.08,3.75,-9.65,21.5,102.65,113.65,1.18,-19.88,1.0,2160000.0,0.0,2.76,Aug 11/b,5.75,210010000.0,HIGH,-25.0,-15.46,0.96,-20.1,0.3974,False,-21.54,False,-19.51,8.065,6.481,-3.8703,-37.21,0.562,35.0,-28.71,38.0,-0.46,2.16,3678752.0,,,166.2,0.2574626865671642,0.18781094527363185,0.1393034825870647,0.06529850746268656,0.6293532338308457,0.14925373134328357,0.1013681592039801,0.2381,0.2711,0.2753
AUUD,Auddia Inc,Technology,Software - Application,,,96.86,,0.0,15.37,10.94,-11.1,-81.01,0.47,-94.01,1.0,3270000.0,0.09,1.12,-,3272.5,6510000.0,HIGH,21.0,0.0,0.22,25.9,0.4708,True,7.59,True,13.05,13.861,9.917,-7.5665,-30.86,0.056,10.0,16.35,,,1.21,1441304.0,,,270354.5,0.028606965174129355,0.31529850746268656,0.08706467661691542,0.008706467661691543,0.024875621890547265,0.9465174129353234,0.9614427860696517,0.2352,0.4182,0.2522
MPLT,MapLight Therapeutics Inc,Healthcare,Biotechnology,,,-83.91,,12.86,-1.44,28.72,-70.85,-46.09,,-75.27,1.31,883160.0,0.02,10.0,Aug 13/a,25.75,528480000.0,HIGH,-28.69,-6.03,1.1,-23.79,0.5072,False,-15.01,False,-21.65,6.789,7.536,-3.1171,-75.71,0.417,20.0,-25.27,35.0,-15.2,9.82,5901874.0,,,162.2,0.4166666666666667,0.01616915422885572,0.06840796019900497,0.03233830845771144,0.7630597014925373,0.11069651741293532,0.0740049751243781,0.2346,0.279,0.3307
SWMR,Swarmer Inc,Technology,Software - Infrastructure,,76.85,,,-0.74,20.85,24.22,-57.13,-40.49,,-75.09,1.0,518280.0,0.4,20.75,Aug 13/a,60.0,330690000.0,HIGH,-52.36,-15.51,0.78,-47.46,1.1496,False,-38.43,False,-53.55,17.629,8.594,-9.6421,-69.81,2.065,34.0,-63.08,35.0,-63.08,15.36,27529223.0,,,290.6,0.014925373134328358,0.022388059701492536,0.00497512437810943,0.9751243781094527,0.3787313432835821,0.009950248756218905,0.007462686567164179,0.2343,0.1181,0.3447
PALI,Palisade Bio Inc,Healthcare,Biotechnology,,,91.38,,-0.73,7.249999999999999,18.42,-33.94,-26.35,1.6,-48.4,1.0,3160000.0,0.09,1.47,Aug 10/a,10.4,256720000.00000003,HIGH,-31.1,-4.0,0.49,-26.2,0.6321,False,-16.84,False,-25.04,8.929,3.472,-5.5463,-35.71,1.593,19.0,-31.1,38.0,-31.43,1.44,6819368.0,,,622.2,0.07711442786069651,0.2126865671641791,0.03233830845771146,0.929726368159204,0.07524875621890548,0.0708955223880597,0.05099502487562189,0.233,0.0527,0.2882
DYN,Dyne Therapeutics Inc,Healthcare,Biotechnology,,,-10.86,,-18.66,1.39,14.87,-24.98,-6.94,1.08,-41.59,1.29,2700000.0,0.03,15.95,Jul 29/a,36.93,2980000000.0,HIGH,-37.4,-6.98,0.66,-32.5,0.4594,False,-13.64,False,-32.51,5.55,6.217,-4.2697,-44.33,1.122,32.0,-41.54,46.0,-39.44,15.2,69589649.0,,,143.0,0.20087064676616914,0.11567164179104478,0.095771144278607,0.7220149253731343,0.22014925373134328,0.036069651741293535,0.022388059701492536,0.2318,0.1037,0.2948
BHVN,Biohaven Ltd,Healthcare,Biotechnology,,,52.91,,0.0,-5.82,15.91,-13.08,55.26,3.19,-30.010000000000005,1.71,2890000.0,0.01,12.99,Aug 10/a,23.08,1960000000.0,HIGH,-17.97,-3.01,0.58,-13.07,0.2839,False,-4.76,False,-8.72,6.843,6.838,-5.7664,-29.44,0.592,27.0,-10.5,38.0,-11.18,12.87,40388178.0,,,79.3,0.06592039800995025,0.3407960199004975,0.2947761194029851,0.07773631840796019,0.1256218905472637,0.4633084577114428,0.23942786069651742,0.228,0.2219,0.1831
BRUN,Boost Run Inc,Technology,Software - Infrastructure,,34.84,-2453.81,,-1.47,247.33,13.18,-52.3,50.84000000000001,3.87,-61.42999999999999,1.0,2060000.0,0.09,16.2,Aug 14/b,42.2,1360000000.0,HIGH,-6.41,1.66,0.69,-1.51,0.2697,False,-0.0,False,-9.01,7.547,8.237,-5.8967,-46.08,0.731,,,35.0,-26.78,16.51,33572799.0,,,155.6,0.05970149253731343,0.1044776119402985,0.32835820895522383,0.1654228855721393,0.24875621890547264,0.4465174129353234,0.595771144278607,0.2255,0.4114,0.2301
ALHC,Alignment Healthcare Inc,Healthcare,Healthcare Plans,43.44,19.73,127.27,31.55,-24.16,10.92,12.41,-65.13,-51.2,1.1,-67.71,1.43,7010000.0,0.02,8.11,Jul 30/a,22.23,1680000000.0,HIGH,-41.36,0.13,0.78,-36.46,0.9578,False,-18.23,False,-36.75,10.372,4.156,-6.071,-63.57,1.312,,,45.0,-46.53,7.94,113922736.0,,,180.0,0.05223880597014925,0.03233830845771144,0.01243781094527363,0.8470149253731343,0.3787313432835821,0.022388059701492536,0.01616915422885572,0.2242,0.1238,0.3251
IMSR,Terrestrial Energy Inc,Utilities,Utilities - Regulated Electric,,,-524.4,,0.0,18.56,8.82,-38.94,-28.79,2.43,-86.41,1.0,1620000.0,0.13,4.28,Aug 11/b,11.67,453420000.0,HIGH,-26.6,-8.25,0.8,-21.7,0.4664,False,-15.54,False,-24.42,7.364,5.794,-4.7466,-38.83,0.949,36.0,-34.94,38.0,-30.64,3.78,6666469.0,,,208.7,0.14054726368159204,0.16417910447761194,0.08955223880597019,0.4539800995024876,0.41044776119402987,0.07835820895522388,0.08830845771144279,0.2228,0.1853,0.2708
BNGO,Bionano Genomics Inc,Healthcare,Medical Instruments & Supplies,,,67.74,21.36,1.16,-1.36,10.33,42.63,43.86,1.7,-25.17,1.0,896160.0,0.01,1.67,Aug 10/a,4.0,19650000.0,HIGH,23.33,-11.9,0.15,28.23,0.5951,False,-3.24,True,12.82,14.527,11.486,-6.6448,-33.63,0.401,10.0,-14.45,38.0,27.59,1.48,4165004.0,,,170.3,0.03980099502487562,0.25,0.03855721393034828,0.029850746268656716,0.016791044776119403,0.9440298507462687,0.9701492537313433,0.2198,0.4047,0.2576
RNXT,RenovoRx Inc,Healthcare,Biotechnology,,,22.22,115.40000000000002,1.54,-0.13,1.55,72.16,47.79,0.95,-35.52,1.0,728590.0,0.09,1.67,Aug 12/a,7.12,75360000.0,HIGH,-33.89,1.94,0.32,-28.99,0.5105,False,-8.79,True,6.38,7.776,3.797,-5.3699,-39.0,0.511,25.0,6.76,36.0,41.07,1.58,1532289.0,,,350.6,0.08830845771144279,0.16044776119402984,0.0659203980099502,0.048507462686567165,0.03233830845771144,0.8955223880597015,0.03482587064676617,0.2152,0.0434,0.2662
PWCM,PowerCompute Inc,Financial,Capital Markets,,,-1174.28,9.76,394.45,0.97,6.58,-70.98,-85.41,2.34,-97.01,1.0,532770.0,0.03,1.07,Aug 14/b,4.0,2600000.0,HIGH,-23.98,-11.19,0.3,-19.08,0.3632,False,-13.89,False,-31.4,16.619,9.253,-6.8708,-73.62,2.167,,,35.0,-28.81,0.9,583006.0,,,344.4,0.03731343283582089,0.018656716417910446,0.18159203980099503,0.9788557213930348,0.029850746268656716,0.03855721393034826,0.11442786069651742,0.2141,0.1092,0.2711
LEU,Centrus Energy Corp,Energy,Uranium,66.23,50.36,-51.88,13.98,-0.04,13.03,27.52,-9.42,-20.63,1.51,-68.73,1.88,736210.0,0.16,145.16,Aug 05/a,242.93,2970000000.0,HIGH,-19.91,-0.78,0.65,-15.01,0.3782,False,-8.26,False,-17.61,5.511,4.05,-4.4282,-33.23,0.828,26.0,-25.77,41.0,-21.77,139.27,115638976.0,,,74.4,0.18034825870646767,0.25497512437810943,0.16417910447761197,0.2829601990049751,0.2058457711442786,0.1890547263681592,0.1822139303482587,0.2129,0.1839,0.2146
ALKT,Alkami Technology Inc,Technology,Software - Application,,12.66,36.61,15.869999999999996,21.27,-7.5,10.96,-19.33,-10.07,0.57,-47.17,1.89,1740000.0,0.01,13.71,Jul 29/a,20.71,1470000000.0,HIGH,-29.46,3.73,0.6,-24.56,0.637,False,-18.49,False,-25.06,6.762,3.096,-5.0164,-34.01,1.085,38.0,-29.2,46.0,-22.01,13.89,37799854.0,,,49.1,0.11691542288557213,0.24004975124378108,0.02985074626865669,0.6710199004975125,0.1486318407960199,0.06965174129353234,0.06840796019900497,0.2127,0.0809,0.2516
DMRA,Damora Therapeutics Inc,Healthcare,Biotechnology,,,80.38,,0.09,17.49,9.83,-9.13,-13.73,1.41,-42.6,1.0,669710.0,0.03,22.0,Aug 10/a,46.89,1360000000.0,HIGH,-31.3,-0.48,0.84,-26.4,0.5631,False,-12.81,False,-24.62,8.158,5.69,-5.0929,-40.81,0.925,32.0,-35.06,38.0,-30.09,20.65,19235424.0,,,127.1,0.10945273631840796,0.14676616915422885,0.04726368159203975,0.42412935323383083,0.4651741293532338,0.07462686567164178,0.049129353233830844,0.2112,0.1734,0.2683
TE,T1 Energy Inc,Industrials,Electrical Equipment & Parts,,,24.39,88.4,-33.58,13.570000000000002,26.48,-57.879999999999995,-35.07,2.35,-70.06,1.67,30470000.0,0.21,3.74,Aug 12/b,8.78,1100000000.0,HIGH,-14.78,9.8,0.85,-9.88,0.3903,False,-6.98,False,-13.63,6.835,5.102,-5.0208,-45.4,0.669,,,37.0,-20.0,3.92,81025347.0,,,124.0,0.11567164179104478,0.10696517412935323,0.14800995024875618,0.12686567164179105,0.48258706467661694,0.2860696517412935,0.31840796019900497,0.211,0.3165,0.2528
VENU,Venu Holding Corp,Consumer Cyclical,Restaurants,,,-6.38,6.87,3.62,8.13,11.5,-38.52,-51.3,3.22,-89.26,1.0,591570.0,0.14,1.5,Aug 13/b,6.85,84770000.0,HIGH,-30.0,-2.1,0.66,-25.1,0.4551,False,-12.83,False,-24.59,7.99,6.429,-4.2609,-51.39,1.028,,,36.0,-28.57,1.4,761203.0,,,389.3,0.20398009950248755,0.06716417910447761,0.09825870646766166,0.585820895522388,0.22014925373134328,0.07587064676616916,0.06343283582089553,0.2085,0.1209,0.2715
LRMR,Larimar Therapeutics Inc,Healthcare,Biotechnology,,,23.18,,0.09,6.04,28.9,-3.44,-33.12,0.67,-51.86999999999999,1.09,1740000.0,0.02,3.09,Aug 04/b,14.4,321000000.0,HIGH,-22.72,-6.62,0.58,-17.82,0.4111,False,-17.99,False,-23.66,7.109,6.419,-4.4464,-33.71,0.961,38.0,-26.18,43.0,-25.63,2.96,5135241.0,,,386.5,0.17537313432835822,0.2462686567164179,0.12810945273631846,0.47574626865671643,0.1256218905472637,0.08706467661691543,0.13308457711442787,0.2064,0.1294,0.216
AIFF,Firefly Neuroscience Inc,Technology,Software - Application,,,33.38,71.91,0.0,3.12,2.11,40.65,-20.64,0.54,-45.08,,2560000.0,5.28,1.73,-,,27150000.0,HIGH,20.35,-19.53,0.09,25.25,0.8525,True,7.09,True,16.14,16.387,11.765,-18.6063,-36.15,0.432,6.0,14.29,,,1.36,15954874.0,,,,0.004975124378109453,0.20398009950248755,0.013681592039801016,0.033582089552238806,0.01181592039800995,0.9626865671641791,0.9589552238805971,0.2051,0.3912,0.2533
GSHD,Goosehead Insurance Inc,Financial,Insurance Brokers,33.01,16.88,122.15,20.59,-6.309999999999999,-3.1300000000000003,9.68,-5.59,10.22,1.43,-43.27,2.4,511430.0,0.0,45.3,Jul 22/a,68.29,1610000000.0,HIGH,-30.21,2.52,0.57,-25.31,0.5452,False,-12.26,False,-25.58,6.811,5.471,-4.4381,-38.85,1.064,30.0,-35.63,51.0,-11.46,45.51,27566769.0,,,50.1,0.17786069651741293,0.16293532338308458,0.05597014925373134,0.6517412935323383,0.11691542288557213,0.06343283582089553,0.060945273631840796,0.2048,0.0762,0.2525
OCGN,Ocugen Inc,Healthcare,Biotechnology,,,-45.35,8.38,-5.64,11.65,32.08,-38.4,-44.98,2.25,-62.25000000000001,1.0,6890000.0,0.09,1.03,Aug 06/b,12.08,348870000.0,HIGH,-25.0,-0.97,0.36,-20.1,0.3801,False,-3.78,False,-16.25,6.303,2.941,-5.4515,-31.54,0.922,32.0,-23.88,41.0,-17.74,1.02,9714404.0,,,1084.3,0.08208955223880597,0.2960199004975124,0.1616915422885572,0.4185323383084577,0.04291044776119403,0.22139303482587064,0.1013681592039801,0.2038,0.1019,0.1912
INDP,Indaptus Therapeutics Inc,Healthcare,Biotechnology,,,99.83,,0.0,257.29,16.78,24.7,114.38,1.04,-55.47,1.0,782600.0,0.03,3.82,Aug 13/b,10.0,586050000.0,HIGH,95.08,-27.66,0.35,99.98,1.0791,False,-20.12,True,21.03,26.324,20.0,-18.0329,-43.6,0.557,7.0,-36.87,36.0,133.33,2.38,4256897.0,,,320.2,0.007462686567164179,0.11940298507462686,0.006218905472636815,0.06032338308457712,0.03917910447761194,0.986318407960199,0.9987562189054726,0.2032,0.4131,0.2733
CDNL,Cardinal Infrastructure Group Inc,Industrials,Engineering & Construction,22.78,10.55,-52.32,113.87,5.79,19.01,13.91,-70.58,-23.55,,-71.21,1.0,741160.0,0.0,27.75,Aug 11/b,54.25,1320000000.0,HIGH,-15.65,10.86,0.64,-10.75,0.3955,False,-2.95,False,-26.53,7.021,4.816,-4.7486,-58.99,1.05,,,38.0,-19.7,30.73,19589663.0,,,76.5,0.13930348258706468,0.043532338308457715,0.14427860696517414,0.6262437810945274,0.1890547263681592,0.05845771144278607,0.2960199004975124,0.2001,0.2184,0.2533
FFAI,Faraday Future Intelligent Electric Inc,Consumer Cyclical,Auto Manufacturers,,,90.36,1448.15,-15.67,0.78,17.8,-95.47,-95.14,5.74,-99.3,1.5,1360000.0,13.04,1.76,Aug 13/a,48.0,10780000.0,HIGH,-33.51,-12.77,0.56,-28.61,0.5704,False,-21.38,False,-57.7,18.455,9.756,-7.7364,-96.17,3.492,,,35.0,-68.62,1.23,5997158.0,,,3802.4,0.026119402985074626,0.0012437810945273632,0.04477611940298509,0.9937810945273632,0.10572139303482588,0.004975124378109453,0.03731343283582089,0.1961,0.0601,0.2826
ANVS,Annovis Bio Inc,Healthcare,Biotechnology,,,-23.75,,18.59,15.289999999999996,16.0,-28.49,-34.48,1.2,-75.82,1.0,927080.0,0.09,1.33,Aug 14/b,10.5,56760000.0,HIGH,-15.11,-14.49,0.56,-10.21,0.3185,False,-3.36,False,-23.82,7.627,5.085,-4.7294,-40.4,0.942,40.0,-36.56,35.0,-34.08,1.18,1413267.0,,,789.8,0.14303482587064675,0.14925373134328357,0.22636815920398012,0.44527363184079605,0.10572139303482588,0.0845771144278607,0.31094527363184077,0.1924,0.224,0.1947
LVWR,LiveWire Group Inc,Consumer Cyclical,Recreational Vehicles,,,4.0,55.2,-0.18,0.14,28.08,23.02,13.140000000000002,1.65,-75.93,3.0,4290000.0,0.06,1.55,Jul 23/b,7.25,318390000.0,HIGH,22.66,0.64,0.44,27.56,0.5495,True,14.35,True,13.28,11.688,7.325,-7.2641,-56.02,0.036,12.0,31.93,51.0,103.9,1.57,677653.0,,,361.8,0.036069651741293535,0.048507462686567165,0.05472636815920395,0.004975124378109453,0.056592039800995024,0.9490049751243781,0.9664179104477612,0.1916,0.42,0.2617
EMAT,Evolution Metals & Technologies Corp,Basic Materials,Other Industrial Metals & Mining,,,87.76,,0.0,120.87999999999998,1.78,-53.73,-54.61,0.11,-87.13,1.0,787880.0,0.15,3.1,Aug 17/b,11.5,1940000000.0,HIGH,-32.45,-36.25,0.67,-27.55,0.6484,False,-36.05,False,-38.46,24.195,7.843,-8.1399,-64.71,1.263,,,34.0,-26.88,2.04,5112230.0,,,463.7,0.0236318407960199,0.03109452736318408,0.027363184079602032,0.8196517412935324,0.23072139303482586,0.01616915422885572,0.043532338308457715,0.1914,0.0948,0.2725
TYRA,Tyra Biosciences Inc,Healthcare,Biotechnology,,,-46.33,,0.01,7.65,21.58,-32.26,-40.07,0.74,-46.49,1.2,900810.0,0.18,21.75,Aug 04/a,47.45,1500000000.0,HIGH,-28.69,-4.76,0.69,-23.79,0.371,False,-13.68,False,-21.06,6.715,5.947,-7.4113,-39.41,0.913,20.0,-17.82,42.0,-20.54,20.43,35677750.0,,,132.3,0.03233830845771144,0.15671641791044777,0.17412935323383083,0.40671641791044777,0.24875621890547264,0.11567164179104478,0.0740049751243781,0.1891,0.1565,0.2009
CNTB,Connect Biopharma Holdings Ltd,Healthcare,Biotechnology,,,-18.29,5666.67,2.93,5.92,16.35,-55.88000000000001,-69.57,-0.2,-72.51,1.0,1010000.0,0.2,1.05,Aug 12/a,6.52,66120000.00000001,HIGH,-49.62,-14.17,0.39,-44.72,1.1524,False,-32.41,False,-51.31,24.064,20.928,-9.6399,-68.36,7.785,22.0,-60.72,36.0,-60.21,0.93,12153704.0,,,601.1,0.01616915422885572,0.02736318407960199,0.003731343283582045,1.0,0.04788557213930348,0.011194029850746268,0.009950248756218905,0.1844,0.0195,0.2688
ELTX,Elicio Therapeutics Inc,Healthcare,Biotechnology,,,35.07,,0.0,6.0,8.8,-52.5,-81.8,1.29,-88.13,1.4,583620.0,0.0,1.9,Aug 13/a,14.38,49940000.0,HIGH,-20.33,3.78,0.47,-15.43,0.3535,False,-2.38,False,-25.2,6.622,6.25,-3.7008,-46.07,0.898,,,35.0,-37.86,1.92,735174.0,,,649.0,0.2798507462686567,0.10572139303482588,0.19465174129353235,0.38930348258706465,0.06654228855721393,0.06840796019900497,0.17288557213930347,0.1841,0.1475,0.201
TENX,Tenax Therapeutics Inc,Healthcare,Biotechnology,,,-27.690000000000005,,353.58,16.03,16.25,-86.52,-87.79,0.93,-90.62,1.8,5440000.0,0.08,1.82,Jul 31/b,9.62,68110000.0,HIGH,2.06,7.03,0.57,6.96,0.1549,True,4.1,False,-57.18,4.78,4.04,-3.9577,-89.19,0.392,,,45.0,-85.55,1.98,6833501.0,,,385.9,0.2462686567164179,0.006218905472636816,0.7002487562189055,0.028606965174129355,0.11691542288557213,0.006218905472636816,0.8445273631840796,0.1841,0.583,0.0995
MVIS,Microvision Inc,Technology,Scientific & Technical Instruments,,,-97.72,850.3199999999999,0.0,-7.39,20.43,-64.49,-81.72,1.11,-93.12,1.0,1390000.0,0.04,1.59,Aug 06/a,30.0,48630000.0,HIGH,-10.3,1.37,0.35,-5.4,0.1865,False,-7.01,False,-35.5,8.977,4.73,-3.2906,-78.07,0.547,,,40.0,-54.6,1.48,2126816.0,,,1927.0,0.36691542288557216,0.013681592039800995,0.592039800995025,0.05783582089552239,0.03917910447761194,0.0236318407960199,0.48880597014925375,0.1822,0.3849,0.1219
FRMI,Fermi Inc,Real Estate,REIT - Specialty,,69.01,-8000.0,,-4.47,40.84,19.15,-52.739999999999995,-27.73,,-87.93,1.44,18660000.0,0.06,4.47,Aug 13/b,14.67,2860000000.0,HIGH,-21.29,-5.4,0.71,-16.39,0.4156,False,-16.61,False,-27.2,6.939,6.452,-4.6686,-47.49,0.88,37.0,-43.4,36.0,-38.94,4.03,85470025.0,,,264.0,0.15298507462686567,0.09328358208955224,0.12437810945273631,0.35883084577114427,0.2798507462686567,0.055970149253731345,0.15049751243781095,0.1775,0.1815,0.2119
ALOY,REalloys Inc,Basic Materials,Other Industrial Metals & Mining,,,-69.62,54.98,0.0,111.40999999999998,17.88,-39.24,-13.36,1.36,-67.86,1.0,2640000.0,0.12,8.65,Aug 13/a,26.5,600250000.0,HIGH,-19.6,-3.56,0.63,-14.7,0.2908,False,-6.58,False,-18.98,6.568,4.138,-4.5012,-47.1,0.706,35.0,-37.3,35.0,-37.3,8.12,17737961.0,,,226.4,0.17039800995024876,0.09701492537313433,0.27611940298507465,0.1517412935323383,0.17723880597014927,0.16044776119402984,0.1927860696517413,0.1722,0.2131,0.165
TNON,Tenon Medical Inc,Healthcare,Medical Devices,,,3.29,126.77,-4.74,5.13,59.92,-80.76,-87.73,1.37,-94.03,1.0,5460000.0,0.06,3.01,Aug 13/a,10.0,3100000.0,HIGH,-0.54,29.37,0.35,4.36,0.9883,False,-4.52,False,-28.14,19.056,27.027,-30.9337,-79.26,1.511,32.0,-32.11,35.0,-28.29,3.7,85684685.0,,,170.3,0.0024875621890547263,0.012437810945273632,0.00995024875621886,0.9116915422885572,0.03917910447761194,0.05223880597014925,0.7922885572139303,0.1713,0.3317,0.2514
CELZ,Creative Medical Technology Holdings Inc,Healthcare,Biotechnology,,,14.52,,0.0,2.1,1.28,23.43,-49.24,1.89,-84.0,1.0,9890000.0,0.03,1.0,Sep 02,20.0,6590000.0,HIGH,-14.74,-6.3,0.07,-9.84,0.2896,False,-1.86,False,-6.53,9.861,5.811,-5.29,-51.22,0.02,41.0,41.51,,,0.95,1260353.0,,,2005.3,0.09825870646766169,0.06965174129353234,0.2804726368159204,0.0024875621890547263,0.007462686567164179,0.5323383084577115,0.31965174129353235,0.1651,0.2142,0.1601
GDC,GD Culture Group Limited,Communication Services,Electronic Gaming & Multimedia,,,-118.40000000000002,,0.0,2.98,11.61,-44.5,-99.8,1.97,-99.93,,1390000.0,0.19,1.38,-,,5750000.0,HIGH,-5.3,13.49,0.15,-0.4,0.2557,True,2.29,False,-9.42,13.976,9.79,-6.0095,-60.17,0.197,32.0,-23.53,,,1.43,2596465.0,,,,0.055970149253731345,0.04228855721393035,0.3619402985074627,0.01990049751243781,0.016791044776119403,0.42786069651741293,0.6380597014925373,0.1541,0.3688,0.1301
EIKN,Eikon Therapeutics Inc,Healthcare,Biotechnology,,,-10.51,,0.31,6.27,21.59,-37.99,-19.47,,-54.6,1.67,526540.0,0.0,7.9,Aug 13/a,24.6,427910000.0,HIGH,-32.5,-7.33,0.62,-27.6,0.472,False,-16.76,False,-25.03,9.238,6.548,-4.9952,-49.48,0.905,28.0,-34.32,35.0,-29.04,7.33,6035259.0,,,235.6,0.11940298507462686,0.07835820895522388,0.08582089552238803,0.39552238805970147,0.1685323383084577,0.07213930348258707,0.04228855721393035,0.1533,0.0932,0.1889
BATL,Battalion Oil Corp,Energy,Oil & Gas E&P,,,262.62,12.689999999999998,-30.61,3.66,8.35,-25.34,-83.09,0.44,-96.43,3.0,10520000.0,0.71,1.06,Aug 12/a,18.6,60730000.0,HIGH,-20.16,-2.83,0.39,-15.26,0.4102,False,-13.26,False,-20.66,5.062,1.942,-2.8444,-49.01,0.435,,,36.0,-23.13,1.03,5869871.0,,,1705.8,0.4900497512437811,0.08208955223880597,0.12935323383084574,0.036069651741293535,0.04788557213930348,0.12189054726368159,0.17661691542288557,0.1512,0.1238,0.174
TDUP,ThredUp Inc,Consumer Cyclical,Internet Retail,,,-6.280000000000001,16.88,-2.0,4.87,20.44,-68.14,-29.87,2.09,-77.7,1.29,2470000.0,0.01,2.23,Aug 05/a,7.24,292870000.0,HIGH,-20.22,-1.36,0.61,-15.32,0.3432,False,-10.11,False,-33.21,5.546,4.608,-3.0981,-68.62,0.541,,,41.0,-30.23,2.17,5180354.0,,,233.6,0.42412935323383083,0.024875621890547265,0.20273631840796025,0.05472636815920398,0.15982587064676618,0.029850746268656716,0.17412935323383086,0.1494,0.1784,0.1671
BLND,Blend Labs Inc,Technology,Software - Application,,24.21,37.18,7.339999999999999,11.94,-8.39,7.3,-33.14,-31.52,1.05,-70.73,1.33,2270000.0,0.0,1.13,Aug 06/a,2.96,267260000.0,HIGH,-33.12,-5.5,0.7,-28.22,0.5597,False,-17.14,False,-29.84,7.316,6.311,-3.6833,-50.48,0.666,44.0,-42.13,40.0,-36.81,1.03,2511305.0,,,187.4,0.2873134328358209,0.07338308457711443,0.05099502487562191,0.1256218905472637,0.26430348258706465,0.04228855721393035,0.03980099502487562,0.1407,0.1105,0.1799
TPET,Trio Petroleum Corp,Energy,Oil & Gas E&P,,,75.07,81.18,-14.550000000000002,,10.9,-37.62,-79.55,-4.77,-92.49,,697570.0,0.99,1.69,-,,8990000.0,HIGH,-8.52,-5.29,0.1,-3.62,0.2512,False,-9.68,False,-19.75,6.642,2.484,-4.296,-48.15,0.244,,,,,1.61,2994127.0,,,,0.19402985074626866,0.08706467661691543,0.3756218905472637,0.024875621890547265,0.014303482587064677,0.14303482587064675,0.5366915422885572,0.1398,0.3317,0.0941
JTAI,Jet.AI Inc,Technology,Software - Application,0.01,,99.07,139.01,0.0,5.9,7.22,128.61,4.16,-0.58,-97.82,1.0,1430000.0,0.06,1.56,May 15/b,7.58,5540000.0,HIGH,24.0,-3.13,0.09,28.9,0.4486,True,8.13,False,-3.8,12.18,8.387,-6.6293,-69.06,0.176,9.0,4.73,,,1.55,909746.0,,,389.0,0.04228855721393035,0.0236318407960199,0.10199004975124382,0.018656716417910446,0.01181592039800995,0.6393034825870647,0.972636815920398,0.1396,0.4232,0.178
CRBP,Corbus Pharmaceuticals Holdings Inc,Healthcare,Biotechnology,,,-25.120000000000005,,-1.21,4.23,15.89,-19.38,-16.88,2.59,-64.79,1.0,723360.0,0.03,7.24,Aug 06/b,34.02,140030000.0,HIGH,-44.68,-11.42,0.6,-39.78,0.6507,False,-20.69,False,-32.91,9.142,10.114,-5.4353,-47.16,0.928,22.0,-45.66,41.0,-35.95,6.13,10674737.0,,,455.0,0.0845771144278607,0.0945273631840796,0.02487562189054726,0.4284825870646766,0.1486318407960199,0.03109452736318408,0.011194029850746268,0.1354,0.0565,0.1732
EU,enCore Energy Corp,Energy,Uranium,,,-531.36,328.38,17.56,4.27,21.12,-7.64,-31.370000000000005,1.69,-70.65,1.0,4920000.0,0.01,1.23,Aug 13/b,2.98,238660000.0,HIGH,-17.74,-15.0,0.21,-12.84,0.4595,False,-7.19,False,-12.14,11.765,6.863,-7.4667,-32.0,0.54,26.0,-25.55,36.0,-10.53,1.02,8800884.0,,,192.2,0.029850746268656716,0.28171641791044777,0.09452736318407962,0.053482587064676616,0.021144278606965175,0.3271144278606965,0.24253731343283583,0.1346,0.1317,0.1079
REAX,Real REMAX Group Inc,Real Estate,Real Estate Services,,32.62,-637.65,29.56,-0.26,-57.13,5.29,-11.17,-30.42,0.79,-63.93,1.0,734450.0,0.01,16.7,Aug 06/b,47.0,610610000.0,HIGH,-12.1,2.37,0.61,-7.2,0.4041,False,-7.24,False,-17.3,8.127,5.424,-5.8081,-43.12,0.642,28.0,-31.63,41.0,-5.14,16.41,14230007.0,,,186.4,0.06218905472636816,0.12313432835820895,0.13681592039800994,0.10696517412935323,0.15982587064676618,0.19900497512437812,0.42039800995024873,0.1313,0.2572,0.132
BMEA,Biomea Fusion Inc,Healthcare,Biotechnology,,,77.45,,0.0,1.46,19.56,0.72,6.06,-0.32,-53.18000000000001,1.5,1490000.0,0.2,1.4,Aug 05/a,6.71,101480000.0,HIGH,-37.44,-1.55,0.38,-32.54,0.6178,False,-21.35,False,-15.21,10.585,3.543,-5.5392,-38.65,0.755,20.0,-33.51,41.0,1.6,1.27,3553505.0,,,428.3,0.07835820895522388,0.1654228855721393,0.03482587064676612,0.18345771144278608,0.04539800995024876,0.2524875621890547,0.021144278606965175,0.1267,0.0325,0.1399
EDBL,Edible Garden AG Inc,Consumer Defensive,Farm Products,,,99.37,12.839999999999998,,-0.07,4.29,-83.82,-97.41,1.75,-99.9,1.0,1830000.0,0.2,1.19,Aug 14/b,4.0,2320000.0,HIGH,-17.99,-5.79,0.05,-13.09,0.331,False,-13.37,False,-30.15,8.39,4.825,-2.9481,-86.74,0.055,,,35.0,-31.74,1.14,1365191.0,,,250.9,0.46455223880597013,0.008706467661691543,0.21517412935323388,0.007462686567164179,0.004975124378109453,0.041044776119402986,0.23756218905472637,0.1237,0.1611,0.1295
FLNC,Fluence Energy Inc,Utilities,Utilities - Renewable,,,-798.82,7.85,-35.49,6.7299999999999995,25.18,-59.84,-45.65,2.74,-77.05,3.04,8160000.0,0.22,7.69,Aug 05/a,10.24,1420000000.0,HIGH,-26.47,1.47,0.7,-21.57,0.5798,False,-10.26,False,-29.71,7.262,5.848,-5.0883,-55.5,0.755,,,41.0,-42.39,7.61,71450167.0,,,34.6,0.11069651741293532,0.04975124378109453,0.04353233830845771,0.18345771144278608,0.26430348258706465,0.043532338308457715,0.09203980099502487,0.1159,0.1292,0.1505
BIVI,BioVie Inc,Healthcare,Biotechnology,,,58.93000000000001,,5.73,7.739999999999999,12.91,-20.16,18.0,0.7,-57.66,1.0,4600000.0,0.0,1.6,-,5.51,13690000.0,HIGH,-27.0,-5.19,0.54,-22.1,0.4628,False,-15.18,False,-13.08,9.276,4.11,-4.5476,-61.48,0.034,24.0,-32.41,,,1.46,614153.0,,,277.4,0.1654228855721393,0.036069651741293535,0.09328358208955223,0.0037313432835820895,0.09390547263681592,0.3009950248756219,0.08582089552238806,0.1156,0.0905,0.141
AIAI,AIAI Holdings Corp,Industrials,Conglomerates,,,,,-0.55,79.47,3.67,-76.24,,,-81.86,,532780.0,0.01,3.55,-,,277840000.0,HIGH,-16.27,-6.42,0.21,-11.37,0.2896,True,0.86,False,-18.2,13.265,6.286,-6.3359,-70.31,0.446,30.0,-22.74,,,3.5,1687782.0,,,,0.046019900497512436,0.01990049751243781,0.2804726368159204,0.04042288557213931,0.021144278606965175,0.18034825870646767,0.27487562189054726,0.0981,0.2004,0.072
NXTC,Nextcure Inc,Healthcare,Biotechnology,,,75.16,,73.79,-14.730000000000002,2.75,194.71,-48.48,1.33,-67.23,1.0,2120000.0,0.0,5.16,Aug 06/a,20.0,23600000.0,HIGH,-34.91,0.2,0.63,-30.01,0.7726,False,-15.35,False,-16.87,12.464,10.806,-5.6729,-48.59,0.234,19.0,-34.91,40.0,-8.94,5.09,588976.0,,,292.9,0.07213930348258707,0.08582089552238806,0.016169154228855676,0.022388059701492536,0.17723880597014927,0.21144278606965175,0.029850746268656716,0.0975,0.07,0.1208
SION,Sionna Therapeutics Inc,Healthcare,Biotechnology,,,-61.68,,-22.54,9.47,15.23,-87.85,-85.56,0.93,-90.5,2.82,2130000.0,0.03,5.22,Aug 06/b,21.57,236070000.0,HIGH,-31.62,-4.1,0.79,-26.72,0.6997,False,-22.24,False,-67.87,10.77,6.721,-6.3223,-91.07,0.382,18.0,-32.74,41.0,-89.63,4.91,9236445.0,,,339.3,0.0472636815920398,0.0037313432835820895,0.02238805970149249,0.02736318407960199,0.39490049751243783,0.0024875621890547263,0.04477611940298507,0.083,0.1431,0.118
BFRI,Biofrontera Inc,Healthcare,Drug Manufacturers - Specialty & Generic,,5.95,91.8,32.92,0.0,1.96,3.62,16.67,45.3,0.85,-28.309999999999995,1.0,565150.0,0.81,1.19,Aug 13/b,6.0,17680000.0,HIGH,-36.96,-10.18,0.47,-32.06,0.5918,False,-19.62,False,-22.32,9.029,11.823,-5.783,-38.86,0.515,20.0,-32.78,36.0,-18.8,1.01,937714.0,,,494.1,0.06467661691542288,0.16169154228855723,0.03980099502487566,0.04975124378109453,0.06654228855721393,0.09825870646766169,0.0236318407960199,0.0801,0.0414,0.0698
PFSA,Profusa Inc,Healthcare,Medical Devices,,,98.72,,-25.629999999999995,-29.22,6.07,-81.65,-95.57,5.34,-99.93,,2500000.0,0.39,2.1,-,,1270000.0,HIGH,-37.87,0.0,0.07,-32.97,0.7403,False,-22.8,False,-57.96,34.97,9.645,-18.3805,-94.03,0.808,33.0,-62.69,,,1.69,14767963.0,,,,0.006218905472636816,0.0024875621890547263,0.01741293532338306,0.2493781094527363,0.007462686567164179,0.0037313432835820895,0.01990049751243781,0.0478,0.0154,0.0667
IPST,IP Strategy Holdings Inc,Financial,Capital Markets,,,28.410000000000004,56.8,0.0,-0.83,1.51,35.98,-34.96,5.39,-98.99,1.0,2440000.0,0.32,3.59,-,164.0,2590000.0,HIGH,-17.32,-9.94,0.21,-12.42,0.5269,False,-4.66,False,-22.51,16.999,8.929,-8.498,-87.85,0.05,34.0,40.0,,,3.08,1068495.0,,,5224.7,0.022388059701492536,0.007462686567164179,0.06094527363184077,0.006218905472636816,0.021144278606965175,0.09577114427860696,0.2524875621890547,0.0357,0.1256,0.0364
BIAF,BioAffinity Technologies Inc,Healthcare,Diagnostics & Research,,,87.3,18.99,0.0,3.27,6.19,-34.88,-86.92,-1.22,-92.82,1.0,3100000.0,0.07,7.85,Aug 07/b,2700.0,9160000.0,HIGH,-60.35,-18.29,0.04,-55.45,1.0399,False,-25.64,False,-21.43,24.306,5.533,-20.6632,-70.25,0.057,22.0,-8.12,40.0,-20.85,6.05,40217991.0,,,44528.1,0.0037313432835820895,0.021144278606965175,0.007462686567164201,0.009950248756218905,0.003109452736318408,0.11194029850746269,0.0037313432835820895,0.0262,0.0047,0.0322
TCRT,Alaunos Therapeutics Inc,Healthcare,Biotechnology,,,35.2,,0.0,-5.33,0.29,-54.40999999999999,-63.739999999999995,-0.92,-76.46,2.33,784460.0,0.29,1.08,-,3.5,3160000.0,HIGH,-49.69,-19.61,0.03,-44.79,0.8333,False,-35.23,False,-49.32,20.209,14.634,-9.1657,-62.56,0.098,,,,,0.82,3300667.0,,,326.8,0.018656716417910446,0.033582089552238806,0.014925373134328401,0.012437810945273632,0.0012437810945273632,0.012437810945273632,0.008706467661691543,0.0155,0.0083,0.0112
DCOY,Decoy Therapeutics Inc,Healthcare,Biotechnology,,,94.51,,0.0,5.2,1.86,-69.24,-53.17000000000001,0.61,-94.72,1.0,2340000.0,0.3,2.95,Mar 30,30.0,5420000.0,HIGH,-34.2,-23.38,0.04,-29.3,0.7281,False,-33.39,False,-45.15,45.061,15.254,-11.0951,-76.74,0.139,8.0,-42.9,,,1.77,22019812.0,,,1594.9,0.013681592039800995,0.014925373134328358,0.018656716417910446,0.017412935323383085,0.003109452736318408,0.013681592039800995,0.03233830845771144,0.0136,0.0195,0.012
GCTK,GlucoTrack Inc,Healthcare,Medical Devices,,,92.08,,0.0,,15.1,-61.86000000000001,-87.98,0.67,-98.69,,2020000.0,0.66,1.78,-,,1420000.0,HIGH,-59.4,-32.78,0.07,-54.5,0.9823,False,-46.69,False,-71.32,27.757,15.702,-11.5769,-91.04,0.239,46.0,-71.7,,,1.21,10092635.0,,,,0.011194029850746268,0.004975124378109453,0.011194029850746245,0.0236318407960199,0.007462686567164179,0.0012437810945273632,0.004975124378109453,0.01,0.0076,0.0109
FCUV,Focus Universal Inc,Technology,Scientific & Technical Instruments,,,66.36,1811.04,0.0,6.23,3.01,20.78,-70.12,-0.29,-97.82,,2010000.0,0.01,4.58,-,4.5,4500000.0,HIGH,-74.21,-11.95,0.08,-69.31,1.9381,False,-21.91,False,-38.24,8.453,7.161,-15.2772,-80.93,0.012,23.0,-55.48,,,4.39,1900404.0,,,2.5,0.008706467661691543,0.011194029850746268,0.0,0.0012437810945273632,0.009950248756218905,0.018034825870646767,0.0012437810945273632,0.0082,0.0035,0.0095
AAP,Advance Auto Parts Inc,Consumer Cyclical,Auto Parts,30.26,10.62,263.7,-0.5,0.0,2.27,17.39,-32.35,-19.16,1.08,-36.06,3.04,1950000.0,0.04,41.69,Aug 20/b,54.53,2520000000.0,HIGH,-12.45,-2.74,0.87,-7.55,0.1846,False,-7.55,False,-19.02,4.297,3.258,-2.6372,-35.83,1.001,43.0,-30.53,31.0,-8.75,38.68,73546855.0,shrinking revenue,,41.0,,,,,,,,,,
ABR,Arbor Realty Trust Inc,Real Estate,REIT - Mortgage,63.16,6.96,-257.57,-3.04,0.43,3.03,23.64,-24.06,-44.83,1.19,-67.75,3.4,4190000.000000001,0.11,4.05,Jul 31/b,5.88,756490000.0,HIGH,-32.19,-12.75,1.14,-27.29,0.4085,False,-18.5,False,-26.14,5.156,5.899,-2.0206,-35.04,1.494,40.0,-30.6,45.0,-25.68,3.56,23038343.0,shrinking revenue,,65.2,,,,,,,,,,
ABSI,Absci Corp,Healthcare,Biotechnology,,,11.98,-46.37,0.21,18.28,25.16,-15.329999999999998,245.68,2.3,-20.28,1.18,3730000.0,0.04,9.61,Aug 11/a,14.4,1650000000.0,HIGH,25.51,16.65,0.84,30.41,0.4327,True,17.52,True,23.06,7.638,4.652,-5.6008,-3.0,1.224,1.0,2.98,37.0,17.64,11.07,38830084.0,shrinking revenue,,30.1,,,,,,,,,,
ABUS,Arbutus Biopharma Corp,Healthcare,Biotechnology,6.26,,-298.47,-90.56,0.0,0.59,11.74,4.75,14.27,0.76,-10.05,1.0,3720000.0,0.0,4.9,Aug 12/b,5.5,971130000.0,HIGH,-13.59,-8.44,1.11,-8.69,0.1668,False,-10.09,False,-7.92,3.162,6.742,-1.618,-18.35,2.755,30.0,-6.71,37.0,-3.05,4.45,39231059.0,shrinking revenue,,23.6,,,,,,,,,,
ACDC,ProFrac Holding Corp,Energy,Oil & Gas Equipment & Services,,,33.5,-0.76,1.31,3.45,18.26,-18.79,-28.96,1.5,-42.7,4.5,1530000.0,0.01,4.71,Aug 06/b,5.38,857800000.0,HIGH,-11.07,2.0,0.6,-6.17,0.2995,False,-5.32,False,-3.3,6.031,5.677,-3.5305,-19.37,0.968,19.0,-11.07,41.0,2.58,4.58,6085308.0,shrinking revenue,,17.5,,,,,,,,,,
ACHC,Acadia Healthcare Company Inc,Healthcare,Medical Care Facilities,,15.14,-64.09,-0.39,0.0,-0.2299999999999999,24.71,0.9399999999999998,22.0,0.63,-21.99,1.93,2440000.0,0.01,27.95,Jul 28/a,33.79,2600000000.0,HIGH,-0.25,0.54,1.01,4.65,0.0761,False,-0.14,False,-3.82,4.182,5.56,-2.1904,-21.69,0.637,53.0,-18.5,47.0,2.6,28.06,40433665.0,shrinking revenue,,20.4,,,,,,,,,,
ACRS,Aclaris Therapeutics Inc,Healthcare,Biotechnology,,,-19.7,-8.33,-0.8199999999999998,4.66,14.51,1.42,44.64,0.87,-22.86,1.15,2240000.0,0.0,5.09,Aug 06/b,10.58,749410000.0,HIGH,-28.85,-19.15,1.94,-23.95,0.3142,False,-18.59,False,-23.09,8.75,7.175,-5.2063,-33.48,1.503,28.0,-30.43,41.0,-27.91,4.39,16952182.0,shrinking revenue,,141.0,,,,,,,,,,
ACVA,ACV Auctions Inc,Consumer Cyclical,Auto & Truck Dealerships,,30.39,-12.38,10.45,0.0,0.8100000000000002,9.65,45.16,151.84,1.81,-0.4599999999999999,3.0,7060000.0,0.0,10.45,Aug 10/a,9.92,1770000000.0,HIGH,49.71,-0.1,0.17,54.61,0.5537,True,6.77,True,23.9,0.345,0.287,-9.8987,-0.48,1.181,12.0,0.29,38.0,43.94,10.45,158927740.0,deal-pinned,,-5.1,,,,,,,,,,
ADIG,ADI Global Distribution Inc,Technology,Computer Hardware,,,,,0.0,60.309999999999995,5.5,,,,-36.92,2.0,1010000.0,0.0,19.55,Aug 13/b,28.5,1480000000.0,HIGH,-13.66,-3.78,0.73,-8.76,0.238,False,-11.33,,,6.586,4.599,-2.8481,,,,,36.0,-29.36,17.83,15093328.0,incomplete signals,,59.8,,,,,,,,,,
ADRX,ADARx Pharmaceuticals Inc,Healthcare,Biotechnology,,,,,,,,,,,-21.41,,4210000.0,0.01,18.24,-,,1380000000.0,LOW,,,,,,,,,,,,,,,,,,,,,low data confidence; incomplete signals,,,,,,,,,,,,
AEMD,Aethlon Medical Inc,Healthcare,Medical Devices,,,90.52,,0.0,2.46,4.74,45.56,-42.57,1.44,-85.07,3.0,2560000.0,0.02,6.17,Aug 13/a,13.25,9900000.0,HIGH,254.4,1.1,0.01,259.3,2.1739,True,41.68,True,86.02,16.334,4.806,-84.1299,-32.11,0.026,8.0,-1.83,35.0,127.92,6.45,33063192.0,>40% above 50-day SMA; >20% above 20-day SMA,,105.4,,,,,,,,,,
AHCO,AdaptHealth Corp,Healthcare,Medical Devices,,,-1103.98,-7.5,0.08,0.13,11.16,-44.71,-49.6,1.42,-57.97,1.14,2800000.0,0.0,5.65,Aug 04/b,9.0,769690000.0,HIGH,-13.71,-0.88,0.66,-8.81,0.154,False,-3.48,False,-13.95,3.703,3.571,-2.5942,-52.14,0.604,21.0,-7.28,43.0,-16.54,5.6,15251925.0,shrinking revenue,,60.7,,,,,,,,,,
AHRT,AH Realty Trust Inc,Real Estate,REIT - Diversified,,,-745.55,-48.1,0.16,-0.15,3.65,-17.71,14.72,1.11,-19.35,2.25,703040.0,0.06,5.91,Aug 03/a,7.5,566640000.0,HIGH,-8.77,2.2,0.83,-3.87,0.1252,False,-2.82,False,-7.96,3.139,3.814,-1.6982,-16.13,3.131,,,43.0,-13.11,6.03,8184605.0,shrinking revenue,,24.4,,,,,,,,,,
AI,C3.ai Inc,Technology,Software - Infrastructure,,,30.579999999999995,-25.46,-15.289999999999996,9.08,29.73,19.39,36.47,2.1,-47.63,3.73,5100000.0,0.05,10.59,Sep 02/a,8.3,1700000000.0,HIGH,5.26,5.76,1.16,10.16,0.0945,True,2.92,True,7.62,4.367,3.724,-2.751,-3.25,0.958,15.0,4.46,21.0,4.66,11.01,50893381.0,shrinking revenue,,-24.6,,,,,,,,,,
AIRS,Airsculpt Technologies Inc,Healthcare,Medical Care Facilities,,,-58.59000000000001,-2.53,0.34,-2.61,29.33,-56.42,-31.36,2.27,-83.58,2.33,773410.0,0.0,1.97,Aug 10/b,4.5,142030000.0,HIGH,-36.67,-5.85,0.89,-31.77,0.5982,False,-19.86,False,-40.97,10.642,7.345,-6.1208,-65.96,1.079,40.0,-62.89,39.0,-35.64,1.77,2207092.0,shrinking revenue,,154.2,,,,,,,,,,
AIV,Apartment Investment & Management Co,Real Estate,REIT - Residential,,,1182.77,-36.06,0.0,-0.02,1.15,-26.6,-22.11,1.18,-30.829999999999995,1.0,1300000.0,0.0,2.18,Mar 02/a,6.7,316620000.0,HIGH,-24.61,-9.81,0.99,-19.71,0.3149,False,-13.51,False,-21.47,3.997,4.663,-1.5511,-32.04,2.078,,,,,1.93,4827620.0,shrinking revenue,,247.2,,,,,,,,,,
AIXC,AIxCrypto Holdings Inc,Technology,Software - Infrastructure,,,79.4,,0.0,2.36,11.64,54.21,43.48,0.51,-73.21,,1370000.0,0.36,1.65,May 11/a,250.0,34830000.0,LOW,,,,,,,,,,,,,,,,,,,,,low data confidence; incomplete signals,,,,,,,,,,,,
AKR,Acadia Realty Trust,Real Estate,REIT - Retail,56.89,59.98,312.1,-5.14,-3.27,4.42,9.29,-12.07,0.4699999999999999,1.12,-16.46,1.29,1440000.0,0.0,19.24,Jul 28/a,24.71,2690000000.0,HIGH,-8.18,-3.27,1.19,-3.28,0.1015,False,-4.14,False,-9.15,1.806,1.771,-0.7454,-19.11,0.953,53.0,-16.68,47.0,-15.85,18.63,24947984.0,shrinking revenue,,32.6,,,,,,,,,,
ALEC,Alector Inc,Healthcare,Biotechnology,,,32.03,-57.84,-0.78,7.94,7.41,-6.4399999999999995,-2.7,0.6,-42.76,2.83,1190000.0,0.03,1.95,Aug 06/a,3.1,217280000.0,HIGH,-26.42,-5.73,0.85,-21.52,0.3859,False,-10.73,False,-10.25,7.001,9.116,-3.5947,-34.42,0.66,22.0,-24.58,40.0,1.69,1.81,2813634.0,shrinking revenue,,71.3,,,,,,,,,,
ALIT,Alight Inc,Technology,Software - Application,,2.31,99.06,-3.22,0.0,-17.12,4.51,0.25,1.5700000000000005,1.66,-83.72,2.8,681360.0,0.0,11.02,Aug 04/a,17.0,296870000.0,HIGH,-40.68,-10.33,0.98,-35.78,0.5614,False,-23.28,False,-36.34,9.128,6.158,-4.8736,-62.63,1.255,,,42.0,-38.67,8.85,5617723.0,shrinking revenue,,92.1,,,,,,,,,,
ALMS,Alumis Inc,Healthcare,Biotechnology,,,-243.88,-37.66,2.34,3.4799999999999995,6.6,-73.8,-71.33,-0.64,-77.32,1.3,2470000.0,0.0,7.11,Aug 13/a,31.12,949150000.0,HIGH,-38.29,-4.33,0.82,-33.39,0.607,False,-17.2,False,-61.33,6.882,9.854,-3.6629,-77.35,0.747,,,35.0,-71.94,6.85,27339747.0,shrinking revenue,,354.3,,,,,,,,,,
ALMU,Aeluma Inc,Technology,Semiconductors,,,-297.97,-55.8,-5.17,5.15,24.68,-40.85,7.79,0.31,-58.63,1.0,560530.0,0.07,13.15,Sep 16/a,23.5,253340000.0,HIGH,1.39,2.82,0.63,6.29,0.16,True,0.74,False,-9.63,7.394,5.716,-5.1771,-30.73,0.607,35.0,-25.45,12.0,13.64,13.12,8224854.0,shrinking revenue,,79.1,,,,,,,,,,
ALT,Altimmune Inc,Healthcare,Biotechnology,,,54.71,-100.0,0.4599999999999999,36.32,28.17,4.42,1.66,0.05,-52.33,1.3,4430000.0,0.02,3.07,Aug 12/b,17.11,597170000.0,HIGH,-20.03,-7.6,1.09,-15.13,0.2637,False,-13.46,False,-11.39,4.769,3.656,-2.8548,-22.96,0.834,20.0,-15.33,37.0,-6.66,2.73,12308697.0,shrinking revenue,,526.7,,,,,,,,,,
AMCX,AMC Global Media Inc,Communication Services,Entertainment,,4.89,-155.88,-8.75,-0.08,3.07,22.95,20.63,81.76,1.39,-5.92,3.75,646410.0,0.0,12.16,Jul 30/b,9.8,501600000.0,HIGH,-10.58,-7.23,1.04,-5.68,0.1187,False,-6.26,False,-5.64,4.064,3.405,-2.4336,-13.69,1.003,30.0,-8.45,46.0,14.93,11.16,7908864.0,shrinking revenue,,-12.2,,,,,,,,,,
AMPG,Amplitech Group Inc,Technology,Communication Equipment,,40.63,-39.38,-26.81,-2.9,2.25,15.88,-53.77000000000001,80.56,-0.27,-67.85,1.0,2100000.0,0.06,3.25,Aug 13/a,7.0,97650000.0,HIGH,-9.5,-3.17,1.0,-4.6,0.1633,False,-8.61,False,-23.85,4.705,4.262,-2.4467,-60.12,0.44,,,35.0,-23.65,3.05,2274889.0,shrinking revenue,,129.5,,,,,,,,,,
AMPY,Amplify Energy Corp,Energy,Oil & Gas E&P,8.56,9.59,168.67,-22.93,0.24,-3.09,12.36,2.29,-37.16,0.06,-39.29,1.0,781810.0,0.04,4.12,Aug 10/a,7.75,170890000.0,HIGH,-11.02,4.06,0.67,-6.12,0.2703,False,-3.85,False,-2.53,3.768,2.523,-2.5117,-14.17,0.723,24.0,-8.4,38.0,4.81,4.36,2425905.0,shrinking revenue,,77.8,,,,,,,,,,
AMTM,Amentum Holdings Inc,Industrials,Specialty Business Services,22.96,7.26,553.88,-1.99,0.0,2.51,6.2,-5.25,-25.82,0.27,-49.7,2.42,2050000.0,0.02,19.17,Aug 10/a,29.58,4690000000.0,HIGH,-9.57,-1.89,1.3,-4.67,0.146,False,-6.34,False,-12.79,3.341,4.796,-1.836,-27.67,0.938,40.0,-23.91,38.0,-19.13,18.14,34217996.0,shrinking revenue,,63.1,,,,,,,,,,
ANGI,Angi Inc,Communication Services,Internet Content & Information,,12.34,-2595.05,-10.86,0.0,-1.86,14.24,-9.21,-22.01,1.74,-68.06,2.75,787420.0,0.0,5.42,Aug 04/a,8.0,219810000.0,HIGH,23.47,8.81,0.75,28.37,0.3175,True,15.1,True,17.75,5.832,6.612,-3.3072,-7.21,0.986,5.0,11.62,42.0,26.3,6.05,4481963.0,shrinking revenue,,32.2,,,,,,,,,,
AOSL,Alpha & Omega Semiconductor Ltd,Technology,Semiconductors,,84.95,83.17,-3.46,-1.23,3.72,11.94,-40.81,21.36,2.66,-50.74999999999999,2.0,619170.0,0.04,26.76,Aug 12/a,46.4,809750000.0,HIGH,20.0,10.53,1.01,24.9,0.2477,True,14.08,True,7.11,4.086,4.233,-3.1571,-20.46,0.814,2.0,9.96,36.0,-1.24,30.24,14645666.0,shrinking revenue,,53.4,,,,,,,,,,
APMD,Apnimed Inc,Healthcare,Biotechnology,,,,,12.97,24.35,2.27,,,,-40.21,1.0,557220.0,0.0,21.1,Sep 08/a,50.33,878410000.0,HIGH,-21.64,-0.74,1.08,-16.74,0.4333,False,-14.15,,,12.333,7.578,-5.4782,,,,,18.0,-23.4,21.51,16221501.0,incomplete signals,,134.0,,,,,,,,,,
ARCT,Arcturus Therapeutics Holdings Inc,Healthcare,Biotechnology,,,-147.28,-96.41,0.0,3.2099999999999995,20.99,103.08,104.88,2.48,-42.7,1.31,936580.0,0.09,13.85,Aug 06/a,23.2,393660000.0,HIGH,-17.64,-9.89,0.94,-12.74,0.2938,False,-11.06,True,10.59,9.747,6.6,-4.8358,-27.45,0.602,12.0,-16.47,40.0,114.31,13.03,11646582.0,shrinking revenue,,78.1,,,,,,,,,,
AREC,American Resources Corp,Industrials,Waste Management,,6.36,56.13,-99.93,0.0,-2.02,15.97,-14.39,-16.64,1.14,-73.27,1.0,2430000.0,0.05,1.87,Aug 18,6.0,200210000.0,HIGH,-26.34,-2.19,0.73,-21.44,0.402,False,-11.03,False,-20.2,5.263,4.469,-2.8692,-39.32,0.637,34.0,-37.85,,,1.79,3130124.0,shrinking revenue,,235.2,,,,,,,,,,
ARI,Apollo Commercial Real Estate Finance Inc,Real Estate,REIT - Mortgage,7.91,8.21,-12.45,-239.95,-0.4099999999999999,-5.9,3.7,-13.34,-12.2,1.45,-16.88,1.5,5000000.0,0.0,6.24,Aug 10/a,8.0,802120000.0,HIGH,-9.88,0.0,1.3,-4.98,0.134,False,-3.8,False,-6.83,1.832,2.419,-0.7569,-42.38,1.3,31.0,-10.14,38.0,-6.77,6.2,17931237.0,shrinking revenue,,29.0,,,,,,,,,,
ARRY,Array Technologies Inc,Technology,Solar,,4.51,-70.86,-5.57,0.0,0.29,23.24,-44.75,-45.43,1.8,-67.29,2.22,6700000.0,0.01,4.0,Aug 05/a,8.6,616030000.0,HIGH,-11.3,6.53,0.88,-6.4,0.2676,False,-2.75,False,-12.91,5.068,3.799,-3.1451,-38.51,1.006,,,41.0,-22.29,4.08,27353791.0,shrinking revenue,,110.8,,,,,,,,,,
ARTW,Art's-way Manufacturing Co Inc,Industrials,Farm & Heavy Construction Machinery,,,-88.52,23.95,0.0,3.1,2.99,28.74,57.75,1.07,-19.42,1.0,545020.0,0.0,3.36,-,7.0,17480000.0,HIGH,-5.72,-0.63,0.44,-0.82,0.1447,True,0.5,True,9.75,5.157,3.834,-3.773,-24.94,0.007,20.0,3.3,,,3.13,37742.0,illiquid (<$500K/day),,123.6,,,,,,,,,,
ASPN,Aspen Aerogels Inc,Basic Materials,Specialty Chemicals,,,-154.63,-36.11,-47.63,5.52,11.09,-13.82,56.169999999999995,3.07,-44.87,2.2,1230000.0,0.0,5.15,Aug 06/b,7.94,427700000.0,HIGH,15.65,10.06,0.89,20.55,0.2267,True,10.28,True,9.1,5.191,3.04,-2.8893,-29.75,0.847,1.0,2.34,41.0,13.57,5.69,4960884.0,shrinking revenue,,39.5,,,,,,,,,,
ASST,Strive Inc,Financial,Asset Management,,53.11,-10.31,-19.2,0.14,15.560000000000002,27.65,149.08,193.69,13.33,-47.18,1.0,6340000.0,0.43,28.94,Aug 10/b,33.2,2820000000.0,HIGH,10.65,3.55,1.3,15.55,0.1704,True,4.67,True,43.1,6.357,9.79,-2.7436,-6.39,0.856,11.0,6.19,39.0,141.4,30.03,250109781.0,>40% above 50-day SMA; shrinking revenue,,10.6,,,,,,,,,,
ATKR,Atkore Inc,Industrials,Electrical Equipment & Parts,,14.92,-98.25,8.13,-1.21,3.85,3.99,21.51,56.26,1.7,-0.08,3.33,828480.0,0.0,94.57,Aug 03/b,93.5,3190000000.0,HIGH,0.92,0.02,1.67,5.82,0.012,True,0.23,True,3.29,0.197,0.275,-0.1588,-0.27,0.967,6.0,0.08,44.0,29.69,94.62,75929086.0,deal-pinned,,-1.2,,,,,,,,,,
AVAT,Avalanche Treasury Corp,Financial,Asset Management,,,-2268.12,,0.0,41.35,0.15,151.41,-82.71,1.42,-82.97,,1070000.0,0.53,1.82,Aug 26/a,,79580000.0,HIGH,144.98,9.58,0.31,149.88,1.4565,True,29.06,True,120.23,20.219,9.29,-19.0442,-29.07,1.117,11.0,107.72,26.0,231.52,1.83,4282324.0,>40% above 50-day SMA; >20% above 20-day SMA,,,,,,,,,,,,
AXTI,AXT Inc,Technology,Semiconductor Equipment & Materials,4093.55,34.36,208.25,164.77,-9.08,26.789999999999996,14.03,6.550000000000001,25.58,1.88,-46.81,1.33,10030000.0,0.52,76.14,Jul 30/a,95.03,4990000000.0,HIGH,39.31,16.56,0.82,44.21,0.4543,True,20.19,True,25.85,7.814,7.966,-6.9432,-12.19,0.765,2.0,10.93,45.0,82.94,85.87,638607314.0,>20% above 20-day SMA; fresh >10% breakout,,10.7,,,,,,,,,,
AZIO,Azio AI Holdings Inc,Technology,Software - Infrastructure,,,77.01,154.33,0.0,11.39,7.24,-15.54,-18.65,0.91,-72.99,1.0,568470.0,0.33,1.33,-,0.7,22820000.0,HIGH,-0.84,-7.09,2.27,4.06,0.2162,False,-4.93,False,-12.25,6.477,6.78,-3.7697,-42.72,0.246,11.0,-8.17,,,1.18,159158.0,illiquid (<$500K/day),,-40.7,,,,,,,,,,
AZTA,Azenta Inc,Healthcare,Medical Instruments & Supplies,,61.8,104.7,11.97,1.52,-7.109999999999999,12.48,32.03,69.25,1.53,-19.29,2.0,744710.0,0.07,33.68,Aug 04/a,34.8,1480000000.0,HIGH,23.68,13.14,3.39,28.58,0.2405,True,16.46,True,19.15,3.904,18.942,-3.0637,-7.74,1.59,1.0,12.38,42.0,28.61,38.75,33634354.0,fresh >10% breakout,,-10.2,,,,,,,,,,
BANC,Banc of California Inc,Financial,Banks - Regional,,8.5,-1485.65,-60.17,-2.02,2.88,7.16,-13.79,3.4000000000000004,0.78,-18.19,1.58,2950000.0,0.0,17.94,Jul 29/b,22.0,2840000000.0,HIGH,-6.24,0.45,0.84,-1.34,0.106,False,-2.06,False,-5.47,2.537,1.973,-1.211,-19.11,0.853,53.0,-14.75,47.0,-4.57,17.74,50295018.0,shrinking revenue,,24.0,,,,,,,,,,
BATRK,Atlanta Braves Holdings Inc,Communication Services,Entertainment,,,-140.5,-2.34,-0.19,,7.88,4.43,28.7,0.84,-0.37,2.0,540590.0,0.0,54.26,Aug 05/b,67.0,3480000000.0,HIGH,3.15,-4.16,1.02,8.05,0.1357,True,0.69,True,1.08,2.326,3.21,-1.3098,-5.16,1.243,8.0,-1.52,42.0,4.58,52.03,25610650.0,shrinking revenue,,28.8,,,,,,,,,,
BBW,Build A Bear Workshop Inc,Consumer Cyclical,Specialty Retail,6.41,6.79,-25.129999999999995,-7.21,-1.48,0.07,24.82,-14.65,-30.61,1.03,-65.22,1.0,580650.0,0.01,25.87,Aug 27/b,43.0,318680000.0,HIGH,-13.15,0.79,0.46,-8.25,0.222,False,-2.91,False,-19.29,4.608,2.582,-2.7703,-36.39,0.71,32.0,-31.73,26.0,-10.13,25.56,15387814.0,shrinking revenue,,68.2,,,,,,,,,,
BBWI,Bath & Body Works Inc,Consumer Cyclical,Specialty Retail,4.24,5.9,92.61,-2.26,0.0,-0.05,8.14,-30.55,-2.86,1.39,-40.44,2.48,6010000.0,0.01,16.32,Aug 26/b,22.07,3290000000.0,HIGH,-17.68,-0.8,0.87,-12.78,0.2287,False,-6.36,False,-13.46,4.101,3.985,-3.1577,-26.33,0.971,,,27.0,-8.65,16.06,111100005.0,shrinking revenue,,37.4,,,,,,,,,,
BEAM,Beam Therapeutics Inc,Healthcare,Biotechnology,,,-17.25,-94.21,-4.7,0.9399999999999998,27.55,-31.39,8.07,2.19,-37.32,1.25,2070000.0,0.07,23.98,Aug 04/b,51.07,2480000000.0,HIGH,-17.4,1.11,0.74,-12.5,0.2258,False,-1.34,False,-7.81,5.217,5.184,-3.5541,-31.26,0.861,28.0,-13.52,43.0,-5.44,24.5,50839282.0,shrinking revenue,,108.4,,,,,,,,,,
BEEM,Beam Global,Technology,Solar,,,49.02,21.02,0.0,2.53,6.71,-4.88,-14.6,1.48,-71.04,1.67,1100000.0,0.02,1.17,Aug 19/a,2.5,26480000.0,HIGH,-19.86,-0.88,1.01,-14.96,0.3588,False,-12.22,False,-10.12,4.52,2.655,-2.0373,-35.43,0.208,27.0,-16.91,31.0,-6.61,1.13,429395.0,illiquid (<$500K/day),,121.2,,,,,,,,,,
BENF,Beneficient,Financial,Asset Management,,,99.19,-71.72,0.25,2.5,13.72,-62.27,-54.52,-0.04,-88.3,,9400000.0,1.2,1.46,Aug 14/b,9.0,22570000.0,HIGH,-38.63,0.7,0.03,-33.73,1.9415,True,12.03,False,-30.9,39.281,7.343,-101.6627,-61.87,0.181,8.0,165.8,35.0,-40.42,1.43,57030965.0,shrinking revenue,,529.4,,,,,,,,,,
BGS,B&G Foods Inc,Consumer Defensive,Packaged Foods,,6.05,59.89,-9.7,0.13,-5.19,17.23,-24.09,-40.12,0.53,-51.1,3.4,2160000.0,0.03,3.12,Aug 11/a,4.2,253580000.0,HIGH,-18.24,-12.09,1.19,-13.34,0.2023,False,-12.21,False,-19.33,4.833,10.037,-3.0229,-32.75,1.095,,,37.0,-21.11,2.69,7002948.0,shrinking revenue,,56.1,,,,,,,,,,
BHR,Braemar Hotels & Resorts Inc,Real Estate,REIT - Hotel & Motel,,,95.64,-4.5,0.0,-0.72,4.16,-13.78,-25.55,0.81,-47.02,3.0,514090.00000000006,0.0,1.69,Aug 05/a,2.5,116070000.0,HIGH,-12.63,0.0,0.96,-7.73,0.1941,False,-6.48,False,-15.45,3.442,2.41,-1.7141,-31.69,1.451,48.0,-27.19,41.0,-19.02,1.66,896148.0,shrinking revenue,,50.6,,,,,,,,,,
BKD,Brookdale Senior Living Inc,Healthcare,Medical Care Facilities,,64.72,152.05,-11.61,0.0,6.07,20.93,-29.28,-19.08,0.52,-34.99,1.17,5000000.0,0.0,11.11,Aug 10/a,19.25,2650000000.0,HIGH,-7.73,-1.63,1.57,-2.83,0.1657,False,-5.35,False,-12.93,2.795,2.855,-1.0601,-31.18,1.148,,,38.0,-13.47,10.86,50825809.0,shrinking revenue,,77.3,,,,,,,,,,
BKKT,Bakkt Inc,Technology,Software - Infrastructure,,,189.82,-70.56,6.619999999999999,8.25,22.82,1.21,14.48,6.07,-83.17,1.0,1300000.0,0.26,8.38,Aug 10/a,12.5,377680000.0,HIGH,-6.96,-3.12,1.01,-2.06,0.2986,False,-5.95,False,-1.41,9.306,9.935,-5.8312,-20.84,0.847,10.0,-9.99,38.0,5.16,7.75,11127890.0,shrinking revenue,,61.3,,,,,,,,,,
BKU,BankUnited Inc,Financial,Banks - Regional,11.99,9.79,6.67,-5.42,-1.18,-0.58,4.73,-9.85,-1.95,1.19,-16.25,2.55,924690.0,0.0,43.64,Oct 21/b,50.18,3110000000.0,HIGH,-6.47,0.72,1.13,-1.57,0.0986,False,-1.71,False,-4.96,2.052,1.452,-0.9428,-12.77,1.231,,,,,43.38,46341192.0,shrinking revenue,,15.7,,,,,,,,,,
BMBL,Bumble Inc,Communication Services,Internet Content & Information,,2.83,65.75,-15.19,-54.02,1.6399999999999997,13.97,-12.5,-20.12,1.89,-59.01,2.92,2610000.0,0.0,2.66,Aug 05/a,3.49,351040000.0,HIGH,-12.41,0.4,0.65,-7.51,0.2512,False,-9.24,False,-9.77,5.09,3.346,-2.4221,-20.87,0.931,14.0,-14.48,41.0,-10.72,2.54,6137636.0,shrinking revenue,,37.4,,,,,,,,,,
BNC,CEA Industries Inc,Industrials,Farm & Heavy Construction Machinery,3.2,,96.82,-4.56,0.0,-1.35,7.57,97.97,106.34000000000002,0.58,-51.17,1.0,1880000.0,0.94,5.86,Sep 11/a,29.0,241280000.0,HIGH,67.62,3.91,0.13,72.52,0.5542,True,6.45,True,52.67,8.643,8.017,-13.3897,-15.71,0.34,12.0,22.9,15.0,21.87,5.85,29644622.0,>40% above 50-day SMA; shrinking revenue,,395.7,,,,,,,,,,
BOXL,Boxlight Corp,Technology,Consumer Electronics,,,100.61,-15.990000000000002,-0.12,0.34,11.14,4.35,-33.88,0.9,-95.21,3.0,1280000.0,0.0,4.8,Aug 12/a,225.0,4050000.0,HIGH,-22.17,3.16,0.24,-17.27,0.4339,False,-5.47,False,-4.7,10.338,9.283,-5.785,-52.07,0.013,37.0,61.77,36.0,-30.29,4.74,277162.0,illiquid (<$500K/day); shrinking revenue,,4646.8,,,,,,,,,,
BRBS,Blue Ridge Bankshares Inc (VA),Financial,Banks - Regional,41.44,,-200.0,-19.56,0.0,-1.11,3.16,7.24,12.95,0.68,-8.22,,883410.0,0.0,3.85,Apr 23/a,,340240000.0,HIGH,-0.76,2.61,1.01,4.14,0.0929,False,-0.28,True,2.42,2.342,1.781,-1.1724,-6.32,1.097,18.0,-1.75,,,3.93,5448979.0,shrinking revenue,,,,,,,,,,,,
BRSP,BrightSpire Capital Inc,Real Estate,REIT - Mortgage,,6.25,19.53,-3.1,0.0,-6.52,3.7,-25.0,-25.41,1.38,-33.33,2.0,1660000.0,0.01,4.11,Jul 28/a,6.32,520010000.0,HIGH,-18.59,-6.16,0.91,-13.69,0.2496,False,-9.87,False,-18.08,3.691,3.675,-1.874,-31.72,1.221,,,47.0,-23.8,3.81,8056566.0,shrinking revenue,,65.9,,,,,,,,,,
BRVE,Braveheart Bio Inc,Healthcare,Biotechnology,,,,,11.18,17.0,111.87,,,,-33.84,1.0,547620.0,0.01,21.17,Sep 08/a,45.25,1910000000.0,HIGH,-20.46,0.95,0.75,-15.56,0.5111,False,-14.48,,,11.341,5.689,-6.7958,,,19.0,-20.46,18.0,-26.43,21.27,15485674.0,incomplete signals,,112.7,,,,,,,,,,
BTCS,BTCS Inc,Financial,Capital Markets,,,-604.82,-11.75,-6.0,-8.89,6.49,40.37,16.79,3.31,-75.12,1.0,1580000.0,0.37,1.53,Aug 20/b,5.0,80280000.0,HIGH,-0.69,-7.74,0.85,4.21,0.3407,False,-1.99,True,9.84,8.561,10.49,-5.4659,-15.88,0.758,11.0,2.88,31.0,13.49,1.43,2778279.0,shrinking revenue,,249.7,,,,,,,,,,
BURU,Nuburu Inc,Industrials,Specialty Industrial Machinery,,,96.04,,0.0,23.55,2.75,-81.47,-85.26,1.46,-99.39,,574000.0,8.79,1.03,-,,9540000.0,HIGH,2500.0,8.9,1.16,2504.9,2.2987,True,30.93,True,196.43,11.937,9.808,-816.6568,-46.67,0.258,15.0,2788.89,,,1.04,1507281.0,>40% above 50-day SMA; >20% above 20-day SMA,,,,,,,,,,,,
BUSE,First Busey Corp,Financial,Banks - Regional,12.51,10.98,31.97,-6.94,-0.19,0.92,5.65,1.9,22.22,0.74,-5.08,2.0,817260.0,0.0,30.09,Jul 28/a,33.29,2480000000.0,HIGH,-3.03,-0.1,1.19,1.87,0.0572,False,-1.02,False,-2.21,1.888,1.648,-0.7894,-6.21,1.118,43.0,-4.92,47.0,-1.65,29.73,24890413.0,shrinking revenue,,12.0,,,,,,,,,,
BWIN,Baldwin Insurance Group Inc,Financial,Insurance Brokers,,12.85,-804.09,30.130000000000003,-5.78,0.2,13.37,21.33,51.02,1.0,-2.61,2.25,2350000.0,0.0,31.85,Jul 30/a,32.75,4470000000.0,HIGH,2.88,-0.16,0.47,7.78,0.1453,True,1.41,True,4.42,0.633,0.189,-2.5659,-2.86,1.333,15.0,7.15,45.0,19.03,31.77,173014930.0,deal-pinned,,3.1,,,,,,,,,,
BXMT,Blackstone Mortgage Trust Inc,Real Estate,REIT - Mortgage,144.84,8.78,-1286.91,-2.87,0.01,-0.13,6.92,-28.24,-33.69,0.95,-39.51,2.0,2240000.0,0.02,12.5,Jul 30/b,18.5,2110000000.0,HIGH,-23.24,-12.17,1.28,-18.34,0.2756,False,-15.35,False,-21.4,3.598,5.505,-2.0076,-37.68,1.323,,,46.0,-27.19,10.9,35145801.0,shrinking revenue,,69.7,,,,,,,,,,
BYND,Beyond Meat Inc,Consumer Defensive,Packaged Foods,,,83.86,-8.17,-19.08,-10.48,31.07,-60.260000000000005,-55.78999999999999,2.82,-96.34,5.0,1430000.0,0.85,8.45,Aug 05/a,12.5,154560000.0,HIGH,-30.03,-3.17,0.6,-25.13,0.5431,False,-18.13,False,-35.67,9.874,4.121,-5.3691,-59.38,0.685,,,41.0,-47.92,8.25,13487825.0,shrinking revenue,,51.5,,,,,,,,,,
BZFD,BuzzFeed Inc,Communication Services,Internet Content & Information,,,24.29,-21.78,0.15,-0.25,17.24,-30.260000000000005,80.58,3.89,-52.04,3.0,556430.0,0.25,1.06,Aug 04/a,1.0,90140000.0,HIGH,1.83,4.72,0.38,6.73,0.1384,True,2.02,False,-0.87,5.47,5.405,-3.728,-27.21,0.882,25.0,0.0,42.0,0.0,1.11,327199.0,illiquid (<$500K/day); shrinking revenue,,-9.9,,,,,,,,,,
BZH,Beazer Homes USA Inc,Consumer Cyclical,Residential Construction,,22.96,-1349.09,-5.33,0.0,-5.21,8.51,14.279999999999998,68.71,2.19,-3.39,3.0,666490.0,0.0,33.37,Aug 07/b,29.5,890300000.0,HIGH,0.42,0.12,0.83,5.32,0.0065,True,0.23,True,0.58,0.203,0.12,-0.0995,-3.3,1.153,2.0,0.15,40.0,0.66,33.4,25775819.0,deal-pinned; shrinking revenue,,-11.7,,,,,,,,,,
CALM,Cal-Maine Foods Inc,Consumer Defensive,Farm Products,10.28,25.92,-110.85,-49.93,0.0,1.76,11.7,-15.14,-12.7,0.21,-33.9,3.2,969020.0,0.02,67.32,Sep 30/b,84.4,3160000000.0,HIGH,-10.67,-1.02,1.32,-5.77,0.1789,False,-6.81,False,-15.42,3.461,3.825,-1.6073,-30.01,1.877,48.0,-24.85,3.0,-2.04,66.67,89113320.0,shrinking revenue,,26.6,,,,,,,,,,
CALY,Callaway Golf Co,Consumer Cyclical,Leisure,,15.94,264.04,-44.87,-0.8199999999999998,0.4099999999999999,4.19,-25.61,5.85,0.96,-29.54,2.33,1990000.0,0.0,14.29,Aug 04/a,20.4,2550000000.0,HIGH,-9.12,0.98,0.82,-4.22,0.14,False,-2.5,False,-10.12,2.729,3.322,-1.1928,-28.75,1.012,,,42.0,-24.39,14.45,32471921.0,shrinking revenue,,41.2,,,,,,,,,,
CAST,Freecast Inc,Communication Services,Broadcasting,,,-34.22,-35.43,0.0,19.68,7.84,-78.04,-69.1,,-96.27,1.0,4390000.0,0.04,1.23,Jun 03,6.0,58520000.0,HIGH,-13.87,0.0,0.53,-8.97,0.3159,False,-8.81,False,-13.26,8.475,6.78,-4.1611,-64.78,0.091,,,,,1.18,868480.0,shrinking revenue,,408.5,,,,,,,,,,
CATX,Perspective Therapeutics Inc,Healthcare,Medical Devices,,,23.29,-72.07,-2.34,6.88,24.65,-26.39,-35.79,1.84,-57.58,1.13,1760000.0,0.06,2.61,Aug 10/a,12.23,298310000.0,HIGH,-11.82,10.4,1.09,-6.92,0.2705,False,-1.16,False,-7.2,6.703,4.71,-4.5128,-22.47,1.122,32.0,-14.02,38.0,-8.0,2.76,6778579.0,shrinking revenue,,343.1,,,,,,,,,,
CBRL,Cracker Barrel Old Country Store Inc,Consumer Cyclical,Restaurants,36.58,26.76,79.97,-2.15,0.0,5.15,25.95,-5.45,90.73,1.21,-15.37,3.2,983800.0,0.01,51.0,Sep 23/b,49.71,1140000000.0,HIGH,1.96,3.78,0.89,6.86,0.3119,True,12.3,True,3.65,5.255,7.461,-4.3985,-7.47,1.022,1.0,7.81,8.0,22.6,55.76,57962279.0,shrinking revenue,,-10.9,,,,,,,,,,
CBZ,Cbiz Inc,Industrials,Specialty Business Services,25.6,12.2,-52.62,-0.19,0.0,-9.42,4.21,73.26,103.42,0.92,-3.95,3.0,1320000.0,0.0,54.68,Jul 29/b,55.0,3000000000.0,HIGH,-0.29,-0.04,0.6,4.61,0.0046,True,0.05,True,1.11,0.157,0.11,-0.114,-1.57,0.614,49.0,28.29,47.0,17.11,54.69,54090980.0,deal-pinned; shrinking revenue,,0.6,,,,,,,,,,
CC,Chemours Company,Basic Materials,Specialty Chemicals,,7.38,28.550000000000004,-1.49,2.03,2.87,10.56,-28.63,-33.06,1.39,-49.56,2.08,2430000.0,0.0,14.46,Aug 04/a,19.1,2180000000.0,HIGH,-10.39,-2.97,1.18,-5.49,0.1542,False,-5.46,False,-10.59,3.513,2.079,-1.8325,-28.67,0.866,,,42.0,-6.03,13.71,26995315.0,shrinking revenue,,39.3,,,,,,,,,,
CCOI,Cogent Communications Holdings Inc,Communication Services,Telecom Services,,,213.29,-4.34,-0.74,-3.959999999999999,14.17,-41.78,-56.58,0.77,-83.25,2.43,1790000.0,0.07,7.65,Aug 06/b,17.36,391800000.0,HIGH,-15.82,13.86,1.05,-10.92,0.3718,False,-2.88,False,-15.68,7.962,5.556,-4.6537,-38.56,1.092,45.0,-36.1,41.0,-22.46,8.46,20595274.0,shrinking revenue,,105.2,,,,,,,,,,
CDXS,Codexis Inc,Healthcare,Biotechnology,,,15.19,-2.69,-0.03,-2.23,3.96,-39.91,-11.39,2.54,-53.02,1.5,1150000.0,0.47,1.4,Aug 11/a,6.14,153310000.0,HIGH,-6.85,0.0,0.69,-1.95,0.1374,False,-2.12,False,-8.08,5.882,4.412,-2.4705,-47.08,0.575,24.0,-14.47,37.0,-8.11,1.36,1108010.0,shrinking revenue,,351.5,,,,,,,,,,
CDZI,Cadiz Inc,Industrials,Pollution & Treatment Controls,,,-36.42,-76.27,0.38,1.76,17.13,-3.09,-23.89,1.73,-45.98,1.0,1020000.0,0.0,3.76,Aug 14,10.5,318380000.0,HIGH,-8.15,6.98,0.58,-3.25,0.2484,True,2.2,True,6.44,5.763,3.133,-4.558,-21.84,1.756,20.0,-4.49,,,3.83,4079778.0,shrinking revenue,,174.2,,,,,,,,,,
CELU,Celularity Inc,Healthcare,Biotechnology,,,-42.54,-77.37,0.0,0.2,5.09,129.26,13.93,0.75,-45.49,2.0,3900000.0,0.02,1.39,-,6.0,40240000.0,HIGH,-4.76,14.29,1.29,0.14,0.3861,True,16.85,True,43.08,7.714,17.187,-6.8944,-37.25,0.023,28.0,106.45,,,1.6,239140.0,illiquid (<$500K/day); >40% above 50-day SMA; shrinking revenue,,275.0,,,,,,,,,,
CERT,Certara Inc,Healthcare,Health Information Services,,23.25,642.62,-10.81,0.0,1.24,29.67,42.77,57.91,1.44,-34.58,2.23,3460000.0,0.07,9.08,Aug 04/b,8.34,1390000000.0,HIGH,17.88,2.52,0.98,22.78,0.2992,True,10.06,True,13.23,4.199,4.327,-2.8742,-1.53,1.021,2.0,1.74,43.0,20.0,9.36,23154339.0,shrinking revenue,,-10.9,,,,,,,,,,
CGBD,Carlyle Secured Lending Inc,Financial,Asset Management,22.33,7.85,-100.45,-6.460000000000001,-4.47,,4.34,3.87,2.83,0.71,-15.06,2.5,531540.0,0.07,11.28,Aug 07/b,12.5,776110000.0,HIGH,-8.9,-4.91,1.31,-4.0,0.1031,False,-5.6,False,-4.25,2.378,2.3,-1.332,-11.98,1.1,26.0,-6.0,40.0,-0.09,10.65,4332737.0,shrinking revenue,,17.4,,,,,,,,,,
CJMB,Callan Jmb Inc,Industrials,Integrated Freight & Logistics,,,-1079.46,-23.13,0.31,2.24,4.27,165.58,64.12,-0.44,-62.55,,2150000.0,0.03,2.1,-,,12080000.0,HIGH,15.64,7.02,0.7,20.54,0.1892,True,8.01,True,13.99,8.662,12.91,-4.7559,-37.76,0.12,4.0,7.02,,,2.44,208259.0,illiquid (<$500K/day); shrinking revenue,,,,,,,,,,,,
CLB,Core Laboratories Inc,Energy,Oil & Gas Equipment & Services,18.42,14.33,-43.46,-4.26,0.75,-3.69,9.69,-5.72,-36.72,1.12,-48.97,2.75,792210.0,0.0,10.39,Jul 29/a,15.0,476740000.0,HIGH,-20.89,-1.1,1.04,-15.99,0.3875,False,-11.33,False,-14.3,4.356,4.435,-1.9253,-23.34,1.236,32.0,-20.77,46.0,0.51,9.92,6587906.0,shrinking revenue,,51.2,,,,,,,,,,
CLDX,Celldex Therapeutics Inc,Healthcare,Biotechnology,,,-10.77,-96.99,0.0,19.58,11.79,-16.62,3.03,0.88,-30.84,1.2,1260000.0,0.0,31.22,Aug 06/a,62.5,2450000000.0,HIGH,-20.24,0.51,1.14,-15.34,0.3945,False,-10.93,False,-17.34,6.664,4.929,-3.5538,-29.88,1.533,42.0,-18.95,40.0,-23.85,31.65,71255644.0,shrinking revenue,,97.5,,,,,,,,,,
CLRO,ClearOne Inc,Technology,Communication Equipment,,,87.05,-100.0,0.0,-1.38,3.62,76.09,55.24,0.22,-64.25,1.0,4450000.0,56.08,5.9,-,4.0,15780000.0,HIGH,-19.84,-20.0,0.08,-14.94,0.4629,False,-9.54,False,-21.09,18.032,25.735,-13.5695,-71.02,2.519,3.0,-10.53,,,4.08,7967296.0,shrinking revenue,,-2.0,,,,,,,,,,
CLSK,Cleanspark Inc,Financial,Capital Markets,,,-215.53999999999996,-30.53,-0.26,12.72,32.03,-11.0,57.97,3.85,-42.06,1.07,20600000.0,0.08,13.68,Aug 06/a,23.77,3510000000.0,HIGH,0.39,-4.5,1.07,5.29,0.2305,False,-5.55,False,-1.52,6.644,8.728,-3.9901,-20.87,0.788,11.0,-4.57,40.0,3.58,12.74,235307175.0,shrinking revenue,,86.6,,,,,,,,,,
CMTG,Claros Mortgage Trust Inc,Real Estate,REIT - Mortgage,,,-39.27,-99.41,0.68,0.4699999999999999,3.84,-44.73,-43.78,1.16,-63.91,3.8,757470.0,0.0,1.31,Jul 29/a,2.22,184820000.0,HIGH,-24.07,-3.15,0.62,-19.17,0.358,False,-12.58,False,-24.68,5.343,4.065,-2.7518,-50.5,0.879,,,46.0,-32.42,1.23,1241313.0,shrinking revenue,,80.5,,,,,,,,,,
CNDT,Conduent Inc,Technology,Information Technology Services,,,-187.22,-29.58,0.0,2.55,3.83,28.300000000000004,29.31,1.45,-42.38,1.0,1050000.0,0.0,1.64,Aug 10/b,4.67,255410000.0,HIGH,-14.95,5.1,1.6,-10.05,0.1989,True,1.13,True,0.95,5.498,8.182,-4.4101,-17.91,1.451,20.0,-12.7,39.0,5.77,1.65,1972638.0,shrinking revenue,,183.0,,,,,,,,,,
CNX,CNX Resources Corp,Energy,Oil & Gas E&P,5.48,7.96,-47.83,-18.32,-0.5,-1.31,10.83,-2.79,-18.05,0.67,-24.83,3.2,1760000.0,0.0,32.79,Jul 30/b,38.83,4850000000.0,HIGH,-15.98,-0.63,0.83,-11.08,0.2484,False,-6.9,False,-9.95,2.701,1.968,-1.4399,-17.47,1.148,23.0,-13.41,46.0,-8.99,31.5,70262271.0,shrinking revenue,,23.3,,,,,,,,,,
CODI,Compass Diversified Holdings,Industrials,Conglomerates,,17.47,190.99,-11.42,2.47,-0.78,7.19,8.07,70.2,1.29,-15.09,1.67,691280.0,0.0,11.25,Aug 10/a,17.0,846400000.0,HIGH,-6.34,-2.41,0.88,-1.44,0.0721,False,-2.15,False,-2.54,2.928,3.477,-1.3698,-17.51,1.07,35.0,-10.99,38.0,-1.35,10.93,6373248.0,shrinking revenue,,55.5,,,,,,,,,,
COHU,Cohu Inc,Technology,Semiconductor Equipment & Materials,,35.48,99.06,38.37,-10.35,7.670000000000001,18.91,-3.85,118.48,1.56,-12.2,1.12,1100000.0,0.03,65.5,Jul 30/a,70.88,3100000000.0,HIGH,44.87,11.22,1.31,49.77,0.4888,True,22.42,True,34.6,4.57,3.198,-4.9306,-1.62,0.959,3.0,11.38,45.0,58.19,73.48,61737721.0,>20% above 20-day SMA; fresh >10% breakout,,-3.5,,,,,,,,,,
CRBU,Caribou Biosciences Inc,Healthcare,Biotechnology,,,58.66,-43.79,0.0,11.91,13.3,-29.15,-29.549999999999997,2.3,-64.53,1.0,1570000.0,0.03,1.25,Aug 13/a,12.0,134440000.0,HIGH,-22.29,-0.81,0.74,-17.39,0.303,False,-6.91,False,-17.72,4.215,2.049,-3.0854,-36.79,0.708,28.0,-25.61,35.0,-22.78,1.22,1536226.0,shrinking revenue,,883.6,,,,,,,,,,
CRCT,Cricut Inc,Technology,Computer Hardware,15.02,26.15,62.0,-9.2,-0.57,0.89,11.0,39.41,63.32,0.26,-5.5,5.0,724930.0,0.01,6.19,Aug 04/a,4.07,1300000000.0,HIGH,17.69,3.0,0.8,22.59,0.2567,True,11.16,True,15.68,3.036,3.067,-2.0622,-2.1,0.893,2.0,2.19,42.0,31.98,6.52,3984675.0,shrinking revenue,,-37.6,,,,,,,,,,
CRDF,Cardiff Oncology Inc,Healthcare,Biotechnology,,,35.57,-14.05,19.29,-7.829999999999999,16.86,-0.8,-25.75,1.44,-62.53999999999999,2.33,1200000.0,0.0,1.24,Aug 11/a,5.14,96470000.0,HIGH,2.75,-6.67,0.74,7.65,0.3184,False,-9.46,True,5.46,7.462,8.929,-4.8981,-25.83,0.551,11.0,-13.85,37.0,13.13,1.12,1083331.0,shrinking revenue,,358.9,,,,,,,,,,
CRK,Comstock Resources Inc,Energy,Oil & Gas E&P,7.78,24.63,-92.98,-25.21,0.0,1.96,32.7,-5.57,-42.81,0.5,-52.31,2.79,2590000.0,0.01,13.4,Jul 29/a,16.91,3930000000.0,HIGH,-16.25,0.71,0.83,-11.35,0.291,False,-6.25,False,-7.16,5.041,3.13,-2.9621,-20.72,0.92,23.0,-11.43,46.0,1.35,12.78,34536715.0,shrinking revenue,,32.3,,,,,,,,,,
CRMT,Americas Car Mart Inc,Consumer Cyclical,Auto & Truck Dealerships,,,-1092.6,-57.3,-1.33,-9.79,20.58,-53.90999999999999,-90.95,1.29,-96.19,2.0,547090.0,2.99,1.18,Sep 09/b,7.5,9840000.0,HIGH,-56.25,1.94,1.01,-51.35,1.1298,False,-32.63,False,-55.4,17.211,11.429,-12.7908,-77.85,1.204,,,18.0,-29.05,1.05,1062771.0,shrinking revenue,,614.3,,,,,,,,,,
CRSR,Corsair Gaming Inc,Technology,Computer Hardware,43.19,15.99,138.92,-1.8000000000000005,-0.01,0.8100000000000002,19.58,43.27,149.1,1.87,-11.52,2.44,1640000.0,0.02,13.25,Aug 06/a,13.22,1430000000.0,HIGH,8.41,2.15,1.2,13.31,0.14,True,3.77,True,11.71,4.1,4.714,-2.4599,-7.93,0.647,2.0,2.15,40.0,29.97,13.79,14255837.0,shrinking revenue,,-4.1,,,,,,,,,,
CSQR,Csquare Inc,Technology,Information Technology Services,,,,,0.0,9.87,3.35,,,,-27.62,1.3,1670000.0,0.0,17.01,Sep 02,28.5,2830000000.0,HIGH,-3.39,7.87,0.83,1.51,0.1976,False,-0.25,False,-10.4,5.543,4.94,-3.3411,,1.273,,,,,17.41,33883521.0,incomplete signals,,63.7,,,,,,,,,,
CSWC,Capital Southwest Corp,Financial,Asset Management,12.76,9.63,-17.81,-21.1,0.08,,6.49,-1.41,8.38,0.74,-9.95,1.67,650230.0,0.02,23.13,Aug 03/a,25.3,1470000000.0,HIGH,-4.31,2.31,0.8,0.59,0.0832,False,-0.51,False,-3.02,1.792,1.105,-0.979,-8.66,0.82,26.0,-6.81,43.0,-1.75,23.52,13868468.0,shrinking revenue,,7.6,,,,,,,,,,
CTMX,CytomX Therapeutics Inc,Healthcare,Biotechnology,,,-7766.670000000001,-92.4,-0.0,5.95,21.29,-26.090000000000003,-38.84,2.19,-66.33,1.12,3980000.0,0.0,2.76,Aug 06/a,12.25,602360000.0,HIGH,-31.0,-4.83,0.64,-26.1,0.4905,False,-13.3,False,-20.05,7.148,5.078,-4.3843,-36.32,0.946,23.0,-23.81,40.0,-24.04,2.56,11837785.0,shrinking revenue,,378.5,,,,,,,,,,
CWH,Camping World Holdings Inc,Consumer Cyclical,Auto & Truck Dealerships,,6.84,-13.170000000000002,-2.12,0.0,-6.92,18.93,-32.71,-22.0,2.15,-68.57,1.38,2090000.0,0.01,5.39,Jul 29/a,10.4,556750000.0,HIGH,-27.73,-2.71,0.59,-22.83,0.3829,False,-11.08,False,-17.56,6.265,4.175,-3.4591,-28.65,0.836,20.0,-25.15,46.0,-16.86,5.03,10870785.0,shrinking revenue,,106.8,,,,,,,,,,
CYCU,Cycurion Inc,Technology,Information Technology Services,,,90.57,-3.37,0.0,,8.87,-37.81,-64.4,0.92,-97.58,1.0,2270000.0,0.05,2.99,Aug 14/b,56.0,9660000.0,HIGH,7.91,37.91,18.69,12.81,0.4303,True,19.64,False,-10.21,10.69,60.471,-10.305,-74.05,2.599,1.0,42.01,35.0,-30.29,3.82,9919015.0,fresh >10% breakout; shrinking revenue,,1366.0,,,,,,,,,,
CYH,Community Health Systems Inc,Healthcare,Medical Care Facilities,1.6,,-75.47,-9.83,-0.13,6.660000000000001,12.35,-12.98,3.15,1.89,-33.41,3.2,1650000.0,0.03,2.95,Jul 22/a,3.16,415980000.0,HIGH,-5.88,-5.88,0.63,-0.98,0.1034,False,-6.29,False,-6.37,4.727,4.412,-2.2533,-27.66,0.923,9.0,-5.88,51.0,-2.16,2.72,3420815.0,shrinking revenue,,16.2,,,,,,,,,,
CYPH,Cypherpunk Technologies Inc,Healthcare,Biotechnology,7.21,9.71,145.12,,-1.79,12.24,10.79,542.52,521.38,0.92,-2.63,1.0,8199999.999999999,1.17,4.08,Aug 12/b,4.15,439680000.0,HIGH,25.21,-8.46,0.77,30.11,0.8094,False,-0.06,True,64.18,18.845,13.729,-11.5097,-27.68,1.51,7.0,-16.07,37.0,360.49,3.03,61798426.0,>40% above 50-day SMA,,37.0,,,,,,,,,,
DAIC,CID Holdco Inc,Technology,Information Technology Services,,,94.64,-90.22,0.0,27.31,14.62,97.02,-23.82,3.4,-95.95,,7790000.0,0.08,3.31,May 11/a,,6490000.0,HIGH,-10.0,-14.42,0.02,-5.1,0.9115,False,-8.5,True,26.15,29.741,4.301,-38.6467,-60.98,0.064,29.0,554.93,,,2.79,33973653.0,shrinking revenue,,,,,,,,,,,,
DBGI,Digital Brands Group Inc,Consumer Cyclical,Apparel Retail,,,58.040000000000006,-46.34,,5.54,19.6,-84.06,-93.25,0.02,-99.35,,753970.0,0.28,4.67,-,,4360000.0,HIGH,29.18,2.53,0.1,34.08,0.6357,True,1.96,False,-46.5,17.75,17.454,-20.2672,-84.39,0.213,,,,,4.87,12617729.0,shrinking revenue,,,,,,,,,,,,
DBI,Designer Brands Inc,Consumer Cyclical,Footwear & Accessories,21.5,8.76,44.1,-1.23,-0.5,2.01,15.0,-1.76,8.5,1.26,-33.15,3.0,597150.0,0.0,6.13,Sep 10/b,6.75,313390000.0,HIGH,15.21,-3.66,0.8,20.11,0.2492,True,0.61,True,1.31,4.797,3.465,-4.6867,-10.88,1.052,15.0,3.06,17.0,16.09,6.06,4960949.0,shrinking revenue,,11.4,,,,,,,,,,
DBRG,DigitalBridge Group Inc,Financial,Asset Management,10.39,,1100.21,99.04,0.0,0.66,8.97,1.17,3.93,1.45,-0.09,3.0,4300000.0,0.01,15.98,Aug 04/a,16.0,3040000000.0,LOW,,,,,,,,,,,,,,,,,,,,,low data confidence; incomplete signals,,,,,,,,,,,,
DDD,3D Systems Corp,Technology,Computer Hardware,,,-115.1,-0.27,-3.2,21.93,27.38,22.73,80.0,2.79,-14.81,2.0,2860000.0,0.03,3.51,Aug 03/a,5.5,583170000.0,HIGH,9.25,7.39,1.41,14.15,0.195,True,9.55,True,13.41,5.707,5.556,-4.102,-3.08,0.819,1.0,6.78,43.0,33.57,3.78,7985050.0,shrinking revenue,,45.5,,,,,,,,,,
DFH,Dream Finders Homes Inc,Consumer Cyclical,Residential Construction,8.02,14.52,-48.96,-7.57,-0.77,0.48,26.51,-34.48,-14.859999999999998,1.88,-58.08,3.0,748590.0,0.05,11.4,Jul 30/b,18.0,1030000000.0,HIGH,-22.1,-1.19,0.94,-17.2,0.3015,False,-9.09,False,-20.07,6.286,7.209,-3.4772,-36.69,1.153,,,46.0,-19.42,10.75,12334963.0,shrinking revenue,,67.4,,,,,,,,,,
DGXX,Digi Power X Inc,Utilities,Utilities - Independent Power Producers,,223.5,-247.83,-28.54,-0.22,15.61,6.18,-17.07,116.99,6.2,-51.41,1.0,3290000.0,0.12,4.47,Aug 14/b,8.5,456210000.0,HIGH,2.4,-9.0,1.25,7.3,0.2973,False,-4.4,False,-1.31,8.095,10.417,-4.1942,-19.73,0.834,7.0,-9.0,35.0,-3.27,3.84,9711178.0,shrinking revenue,,121.4,,,,,,,,,,
DH,Definitive Healthcare Corp,Healthcare,Health Information Services,,5.73,27.58,-9.14,0.0,-1.55,5.79,48.85,1.8000000000000005,1.4,-73.7,3.0,647570.0,0.03,1.07,Aug 10/a,1.9,154820000.0,HIGH,-11.14,1.97,0.23,-6.24,0.2161,False,-4.1,True,11.98,5.88,3.108,-4.1657,-23.52,1.037,20.0,-10.29,38.0,44.88,0.93,851817.0,shrinking revenue,,104.3,,,,,,,,,,
DHC,Diversified Healthcare Trust,Real Estate,REIT - Healthcare Facilities,,,59.28,-4.53,0.0,3.17,6.17,-14.330000000000002,18.34,2.28,-15.839999999999998,1.8,1740000.0,0.0,8.13,Aug 03/a,10.15,1970000000.0,HIGH,2.93,-2.89,0.89,7.83,0.1227,False,-1.6,False,-5.37,3.169,3.364,-1.395,-19.98,1.115,9.0,-4.8,43.0,-12.16,7.73,16999734.0,shrinking revenue,,31.3,,,,,,,,,,
DNA,Ginkgo Bioworks Holdings Inc,Healthcare,Biotechnology,,,-4.34,-59.37,-3.3300000000000005,8.35,14.59,2.37,76.25,1.9,-40.55,4.33,1260000.0,0.27,10.45,Aug 05/a,7.0,703820000.0,HIGH,77.7,18.07,0.99,82.6,0.9903,True,38.82,True,52.92,8.824,11.822,-7.2049,-7.94,2.165,4.0,18.07,41.0,45.29,12.35,20459560.0,>40% above 50-day SMA; >20% above 20-day SMA; shrinking revenue,,-43.3,,,,,,,,,,
DNUT,Krispy Kreme Inc,Consumer Defensive,Grocery Stores,,36.01,95.38,-12.839999999999998,1.12,1.71,20.61,-15.35,-9.07,1.24,-42.52,3.17,2700000.0,0.05,2.94,Aug 06/b,4.18,509610000.0,HIGH,-14.5,0.0,0.94,-9.6,0.2008,False,-5.57,False,-10.06,3.102,2.768,-1.3593,-21.89,0.76,32.0,-10.8,41.0,-6.77,2.89,6179821.0,shrinking revenue,,44.6,,,,,,,,,,
DRK,DarkHorse Technologies Inc,Technology,Software - Infrastructure,,,-545.15,-18.75,0.0,14.35,5.1,14.39,118.31,3.38,-75.4,1.0,611580.0,0.06,3.1,Aug 14/b,5.0,32770000.000000004,HIGH,13.79,-8.97,0.31,18.69,0.3136,False,-5.55,True,7.59,10.035,9.28,-5.114,-19.27,0.29,11.0,-8.65,35.0,26.32,2.64,1296986.0,shrinking revenue,,89.4,,,,,,,,,,
DRMA,Dermata Therapeutics Inc,Healthcare,Biotechnology,,,55.49000000000001,,-0.0,2.2,4.69,-15.380000000000004,-6.78,0.66,-81.26,1.0,724720.0,0.0,1.1,Aug 11/a,4.0,4430000.0,HIGH,-8.68,-1.34,0.69,-3.78,0.138,False,-4.35,False,-11.83,6.277,7.24,-2.1043,-35.76,0.02,29.0,-22.18,37.0,2.31,1.11,29587.0,illiquid (<$500K/day),,260.4,,,,,,,,,,
DRVN,Driven Brands Holdings Inc,Consumer Cyclical,Auto & Truck Dealerships,13.77,8.54,-22.25,-7.91,0.0,-3.9900000000000007,17.02,-12.509999999999998,-5.31,0.96,-28.84,2.29,976650.0,0.0,12.31,Aug 06/b,16.09,2030000000.0,HIGH,-13.86,-0.68,0.75,-8.96,0.1561,False,-4.69,False,-9.62,3.718,2.14,-2.1561,-26.49,1.017,21.0,-9.32,41.0,-9.88,11.68,14868320.0,shrinking revenue,,37.8,,,,,,,,,,
DV,DoubleVerify Holdings Inc,Communication Services,Advertising Agencies,36.46,23.12,55.81,2.52,0.0,0.38,4.77,20.29,41.09,1.0,-3.77,3.06,3920000.0,0.0,13.14,Aug 06/a,13.64,2040000000.0,HIGH,0.97,0.67,0.37,5.87,0.0171,True,0.47,True,3.99,0.336,0.074,-0.2895,-1.17,0.681,16.0,0.9,40.0,15.2,13.49,49752230.0,deal-pinned,,1.1,,,,,,,,,,
DXC,DXC Technology Co,Technology,Information Technology Services,15.09,3.6,748.32,-5.06,0.69,7.94,15.47,20.75,-12.63,0.79,-32.08,3.27,3800000.0,0.0,10.65,Jul 30/a,11.21,1700000000.0,HIGH,-4.8,7.25,0.76,0.1,0.1791,False,-0.28,True,0.75,4.498,5.315,-3.5092,-9.24,0.929,15.0,-2.55,45.0,-1.25,11.1,29871415.0,shrinking revenue,,1.0,,,,,,,,,,
EFOR,Everforth Inc,Technology,Information Technology Services,17.05,7.73,-48.0,-1.33,6.13,-1.24,9.23,68.89,-16.99,0.48,-39.72,2.71,900340.0,0.0,33.12,Jul 29/a,27.5,1360000000.0,HIGH,5.22,4.33,1.03,10.12,0.1608,True,4.61,True,9.65,5.268,7.299,-3.8187,-9.05,0.83,2.0,4.1,46.0,46.3,34.25,23231771.0,shrinking revenue,,-19.7,,,,,,,,,,
EMBC,Embecta Corp,Healthcare,Medical Instruments & Supplies,3.98,3.35,-53.64,-8.05,2.38,-16.39,10.67,78.25,-31.16,0.84,-60.42999999999999,3.25,1540000.0,0.03,5.9,Aug 07/b,4.0,334290000.0,HIGH,-2.59,-4.72,1.03,2.31,0.2381,True,3.65,True,14.24,4.365,5.841,-3.4965,-5.52,0.752,6.0,0.53,40.0,61.43,5.65,5992999.0,shrinking revenue,,-29.2,,,,,,,,,,
ENPH,Enphase Energy Inc,Technology,Solar,31.81,14.54,-2.55,-19.63,0.03,-3.44,18.64,-33.6,-15.17,1.63,-56.47,2.5,4740000.0,0.1,32.1,Jul 28/a,44.8,4240000000.0,HIGH,-7.97,8.28,0.97,-3.07,0.2421,False,-3.58,False,-9.44,4.62,3.107,-2.973,-28.16,1.157,,,47.0,-4.56,33.47,166122815.0,shrinking revenue,,33.9,,,,,,,,,,
EPC,Edgewell Personal Care Co,Consumer Defensive,Household & Personal Products,,13.76,-52.52,-9.1,0.0,1.68,9.99,-0.32,31.730000000000004,0.35,-7.55,2.14,659970.0,0.01,27.69,Aug 05/b,32.17,1280000000.0,HIGH,-6.58,-4.67,0.67,-1.68,0.0857,False,-1.16,False,-3.31,3.3,2.558,-1.8908,-9.95,0.97,55.0,-7.57,42.0,-5.47,26.97,16847911.0,shrinking revenue,,19.3,,,,,,,,,,
ERII,Energy Recovery Inc,Industrials,Pollution & Treatment Controls,23.93,41.67,-264.72,-57.24,-9.97,-1.48,6.92,-23.38,-31.61,0.9,-63.16,3.0,937020.0,0.01,6.75,Aug 05/a,8.0,344560000.0,HIGH,-11.27,0.74,0.65,-6.37,0.179,False,-3.99,False,-12.09,2.775,1.773,-2.2281,-27.52,0.759,43.0,-24.02,41.0,-22.45,6.77,6732289.0,shrinking revenue,,18.2,,,,,,,,,,
ETD,Ethan Allen Interiors Inc,Consumer Cyclical,"Furnishings, Fixtures & Appliances",13.52,16.53,-3.54,-8.48,-0.78,3.3099999999999996,13.24,9.67,9.43,1.03,-18.11,3.33,611120.0,0.01,21.08,Jul 29/a,22.0,531309999.99999994,HIGH,-6.36,-0.66,0.71,-1.46,0.082,False,-1.84,False,-6.64,2.357,2.754,-1.4583,-16.2,0.775,22.0,-12.07,46.0,-8.08,21.06,10953517.0,shrinking revenue,,4.5,,,,,,,,,,
ETRA,Electra Therapeutics Inc,Healthcare,Biotechnology,,,,,,,,,,,-25.480000000000004,,1360000.0,0.0,11.55,-,,724960000.0,LOW,,,,,,,,,,,,,,,,,,,,,low data confidence; incomplete signals,,,,,,,,,,,,
EVGO,EVgo Inc,Consumer Cyclical,Specialty Retail,,,-52.07000000000001,-15.689999999999998,0.0,2.14,30.08,-26.06,-19.19,2.86,-73.17,1.89,3780000.0,0.02,1.39,Aug 05/b,3.07,437180000.0,HIGH,-8.61,2.99,1.33,-3.71,0.2177,False,-0.74,False,-5.98,6.17,7.246,-4.5716,-24.18,0.956,11.0,-6.12,42.0,-9.8,1.38,5910679.0,shrinking revenue,,122.5,,,,,,,,,,
EXFY,Expensify Inc,Technology,Software - Application,,22.1,57.67,-5.31,-0.53,-10.06,2.17,25.569999999999997,172.57,1.73,-21.35,2.33,1060000.0,0.0,2.21,Aug 06/a,2.83,201520000.0,HIGH,-5.46,4.65,0.55,-0.56,0.1191,False,-1.4,False,-0.92,5.048,7.556,-3.2236,-19.93,0.754,29.0,-14.77,40.0,13.64,2.25,1302057.0,shrinking revenue,,25.8,,,,,,,,,,
EXYN,Exyn Technologies Inc,Technology,Software - Infrastructure,,,,,0.0,14.72,3.56,-55.43,,,-68.06,1.0,647790.0,0.05,2.3,Aug 19/a,10.0,18290000.0,HIGH,-16.13,3.08,0.97,-11.23,0.2472,False,-7.23,False,-7.53,9.829,13.248,-2.5436,-62.86,0.092,28.0,1.74,31.0,48.1,2.34,188756.0,illiquid (<$500K/day),,327.4,,,,,,,,,,
EYPT,EyePoint Inc,Healthcare,Biotechnology,,,-28.449999999999996,-90.49,0.06,8.51,24.54,-74.15,-70.83,1.65,-80.92,1.92,3840000.0,0.03,3.65,Aug 06/b,25.55,314400000.0,HIGH,-29.04,-1.81,0.89,-24.14,0.46,False,-15.28,False,-53.71,9.56,6.462,-5.9361,-78.04,0.665,35.0,-75.89,41.0,-73.47,3.25,13386632.0,shrinking revenue,,686.2,,,,,,,,,,
EZRA,Reliance Global Group Inc,Financial,Insurance Brokers,,,90.38,-31.620000000000005,-5.8,2.82,1.62,-21.87,-59.07,0.28,-94.81,1.0,1830000.0,0.0,2.68,-,4760.0,4500000.0,HIGH,-22.26,-16.03,0.21,-17.36,0.2486,False,-16.35,False,-13.17,9.282,5.909,-3.5714,-52.17,0.207,30.0,-11.82,,,2.2,351279.0,illiquid (<$500K/day); shrinking revenue,,216263.6,,,,,,,,,,
FBIN,Fortune Brands Innovations Inc,Industrials,Building Products & Equipment,31.43,11.57,-122.7,-4.11,57.65,0.99,6.5,-23.85,1.68,1.29,-40.14,2.33,2540000.0,0.0,38.81,Aug 04/a,56.36,4630000000.0,HIGH,-10.55,0.34,0.69,-5.65,0.134,False,-2.88,False,-13.34,3.553,4.772,-1.9938,-28.71,0.977,43.0,-26.09,42.0,-26.26,38.56,91966934.0,shrinking revenue,,46.2,,,,,,,,,,
FCEL,Fuelcell Energy Inc,Industrials,Electrical Equipment & Parts,,,83.0,-29.4,0.99,33.4,32.72,-45.37,149.31,2.46,-57.02,2.27,9670000.0,0.07,16.28,Sep 02/b,20.78,1300000000.0,HIGH,23.55,14.44,1.3,28.45,0.2555,True,10.93,False,-0.45,6.454,7.255,-6.6244,-28.13,0.713,1.0,11.47,22.0,28.26,18.47,99683408.0,fresh >10% breakout; shrinking revenue,,12.5,,,,,,,,,,
FEAM,5E Advanced Materials Inc,Basic Materials,Specialty Chemicals,,,54.38000000000001,,0.0,0.76,1.78,97.89,114.5,1.95,-62.529999999999994,1.0,716760.0,0.06,2.81,May 12/a,3.75,117030000.0,HIGH,148.72,39.07,2.23,153.62,1.3626,True,67.19,True,111.02,10.206,17.268,-12.5125,-1.02,1.105,1.0,20.12,,,3.88,2535137.0,>40% above 50-day SMA; >20% above 20-day SMA; fresh >10% breakout,,-3.4,,,,,,,,,,
FEMY,Femasys Inc,Healthcare,Medical Instruments & Supplies,,,58.08,-18.92,17.06,33.61,7.57,-34.74,-75.11,-2.2,-88.83,1.0,709980.0,0.0,2.48,Aug 14/a,14.33,20770000.0,HIGH,-31.21,-13.87,3.07,-26.31,0.4041,False,-18.46,False,-24.16,8.603,11.22,-4.2968,-51.42,0.159,25.0,-26.52,34.0,-5.09,2.05,197198.0,illiquid (<$500K/day); shrinking revenue,,599.0,,,,,,,,,,
FGI,FGI Industries Ltd,Consumer Cyclical,"Furnishings, Fixtures & Appliances",,18.8,200.53,2.86,0.0,0.15,9.81,75.29,96.86,2.3,-62.27,1.0,1720000.0,0.0,7.52,Aug 12/a,13.0,14520000.0,HIGH,4.72,0.78,0.33,9.62,0.3592,False,-6.94,True,7.98,10.297,6.701,-5.8838,-61.06,0.007,14.0,-13.3,36.0,64.06,7.76,415322.0,illiquid (<$500K/day),,67.5,,,,,,,,,,
FIBK,First Interstate BancSystem Inc,Financial,Banks - Regional,11.33,12.87,24.97,-7.8,-0.92,-2.32,12.21,-4.85,11.92,0.7,-9.56,3.44,1160000.0,0.0,36.72,Jul 23/a,37.25,3500000000.0,HIGH,-4.89,-0.91,0.96,0.01,0.0651,False,-1.98,False,-3.68,2.024,1.556,-1.0271,-11.33,1.045,,,50.0,-5.51,36.0,47291137.0,shrinking revenue,,3.5,,,,,,,,,,
FLO,Flowers Foods Inc,Consumer Defensive,Packaged Foods,22.45,7.91,-30.510000000000005,-4.02,-1.26,26.25,23.71,-28.07,-31.069999999999997,0.42,-56.39999999999999,3.12,7090000.0,0.01,5.79,Aug 20/a,8.58,1230000000.0,HIGH,-11.16,-1.42,0.76,-6.26,0.1658,False,-6.02,False,-16.8,3.616,2.693,-1.2815,-37.35,0.967,,,30.0,-19.86,5.57,47057075.0,shrinking revenue,,54.0,,,,,,,,,,
FLYE,Fly-E Group Inc,Consumer Cyclical,Auto Manufacturers,,,59.77,-48.42,0.0,1.6,0.74,-36.2,-32.35,-0.68,-93.59,,1380000.0,0.01,1.41,-,,2300000.0,HIGH,-30.75,-3.15,0.05,-25.85,0.5217,False,-13.23,False,-17.79,14.461,6.137,-5.2113,-50.36,0.007,23.0,1.84,,,1.38,208537.0,illiquid (<$500K/day); shrinking revenue,,,,,,,,,,,,
FMC,FMC Corp,Basic Materials,Agricultural Inputs,,5.76,-381.12,-17.46,-0.07,7.61,28.84,-17.55,-39.63,0.44,-72.02,2.65,3990000.0,0.03,9.52,Jul 29/a,13.55,1480000000.0,HIGH,-34.93,-8.36,1.7,-30.03,0.5216,False,-19.24,False,-21.48,6.373,7.701,-2.6388,-37.3,1.511,25.0,-20.83,46.0,-15.68,8.44,41708273.0,shrinking revenue,,60.5,,,,,,,,,,
FOSL,Fossil Group Inc,Consumer Cyclical,Footwear & Accessories,,25.92,-320.56,-4.86,-0.93,17.74,13.03,42.98,54.120000000000005,1.6,-5.63,1.0,941000.0,0.0,6.13,Aug 12/a,9.0,362760000.0,HIGH,32.04,12.96,1.34,36.94,0.4963,True,19.71,True,25.02,6.176,8.971,-4.872,-3.68,1.076,3.0,10.39,36.0,29.03,6.8,4760013.0,fresh >10% breakout; shrinking revenue,,32.4,,,,,,,,,,
FOXF,Fox Factory Holding Corp,Consumer Cyclical,Auto Parts,,10.36,46.88,-4.47,0.0,0.1,6.94,6.69,14.47,1.41,-25.81,2.57,545320.0,0.02,19.3,Aug 06/a,21.83,811190000.0,HIGH,-13.34,-0.48,1.26,-8.44,0.1624,False,-2.6,False,-5.99,4.034,2.949,-2.1642,-15.57,1.506,30.0,-12.56,40.0,-1.11,18.65,10449601.0,shrinking revenue,,17.1,,,,,,,,,,
FPI,Farmland Partners Inc,Real Estate,REIT - Specialty,23.82,56.26,-49.47,-5.65,0.06,0.25,9.38,12.28,0.83,0.69,-17.05,3.0,512500.0,0.07,10.97,Jul 29/a,10.5,478630000.0,HIGH,5.54,4.66,2.29,10.44,0.0863,True,3.23,True,8.9,2.538,6.895,-1.354,-3.81,2.007,4.0,4.66,46.0,19.32,11.24,8006572.0,shrinking revenue,,-6.6,,,,,,,,,,
FSK,FS KKR Capital Corp,Financial,Asset Management,,7.41,83.73,-18.08,0.01,,5.4,5.94,13.419999999999998,0.91,-30.620000000000005,2.8,2150000.0,0.01,11.24,Aug 06/b,12.17,3110000000.0,HIGH,-11.82,-1.7,1.57,-6.92,0.1546,False,-4.87,False,-6.13,2.815,3.965,-1.5589,-13.69,1.073,36.0,-9.86,41.0,-0.63,10.97,21133517.0,shrinking revenue,,10.9,,,,,,,,,,
FTFT,Future FinTech Group Inc,Technology,Software - Application,,,-113.0,-44.92,0.0,,17.45,-64.1,-77.86,1.77,-97.26,2.0,5190000.0,0.01,4.25,-,14.3,34340000.0,HIGH,109.2,-18.62,0.01,114.1,1.7102,False,-17.23,False,-3.0,35.233,9.677,-44.9117,-64.99,0.019,15.0,18.4,,,3.41,79898622.0,shrinking revenue,,319.4,,,,,,,,,,
FTRE,Fortrea Holdings Inc,Healthcare,Biotechnology,,18.52,96.64,-4.52,-20.56,0.33,13.33,12.44,117.2,1.94,-7.9,2.46,1430000.0,0.0,19.7,Jul 29/b,21.25,1870000000.0,HIGH,12.99,-0.3,0.69,17.89,0.2747,True,4.68,True,6.31,5.605,4.8,-3.8258,-6.5,0.969,9.0,-0.1,47.0,-1.96,20.0,29392606.0,shrinking revenue,,6.2,,,,,,,,,,
FUN,Six Flags Entertainment Corp,Consumer Cyclical,Leisure,,,-101.18,-7.04,10.14,-4.33,21.55,-38.28,-23.55,0.42,-53.64,1.94,2250000.0,0.01,12.69,Aug 06/b,21.07,1300000000.0,HIGH,-25.21,0.52,1.25,-20.31,0.4302,False,-8.21,False,-22.78,5.431,6.983,-3.6662,-42.2,1.631,,,41.0,-26.35,11.6,30287338.0,shrinking revenue,,81.6,,,,,,,,,,
GBDC,Golub Capital BDC Inc,Financial,Asset Management,19.18,9.74,-35.14,-19.23,-28.190000000000005,,5.37,-2.5,1.63,0.45,-13.5,1.29,1180000.0,0.01,12.46,Aug 03/a,13.62,3240000000.0,HIGH,-3.54,0.4,1.17,1.36,0.0508,False,-0.51,False,-2.62,1.584,2.313,-1.0501,-6.84,1.529,36.0,-4.2,43.0,-4.13,12.54,19388789.0,shrinking revenue,,8.6,,,,,,,,,,
GCTS,GCT Semiconductor Holding Inc,Technology,Semiconductors,,,5.73,-17.85,0.0,12.3,13.8,-15.23,93.75,1.8,-44.78,1.0,2030000.0,0.36,2.17,Aug 10/a,3.2,199570000.0,HIGH,27.12,3.21,1.02,32.02,0.3206,True,10.24,True,11.68,5.365,3.111,-2.8332,-16.36,0.726,1.0,5.14,38.0,10.29,2.25,3039692.0,shrinking revenue,,42.2,,,,,,,,,,
GDRX,GoodRx Holdings Inc,Healthcare,Health Information Services,70.7,9.4,-31.94,-1.31,-1.08,0.27,5.36,16.84,71.65,1.69,-42.68,2.73,1320000.0,0.01,3.33,Aug 05/a,3.95,1140000000.0,HIGH,-5.75,-0.91,1.01,-0.85,0.1028,False,-2.87,False,-4.24,2.955,3.201,-2.2177,-15.68,0.584,38.0,-10.38,41.0,0.31,3.28,2880099.0,shrinking revenue,,20.4,,,,,,,,,,
GEMI,Gemini Space Station Inc,Financial,Capital Markets,,,21.93,-47.66,-0.03,6.619999999999999,27.82,28.37,32.12,2.59,-79.7,2.78,2300000.0,0.06,5.43,Aug 13/a,5.19,704010000.0,HIGH,-0.21,-10.19,1.21,4.69,0.467,False,-6.97,True,3.26,10.769,17.773,-8.4834,-24.68,0.846,11.0,5.42,35.0,19.13,4.67,15474904.0,shrinking revenue,,11.1,,,,,,,,,,
GIII,G-III Apparel Group Ltd,Consumer Cyclical,Apparel Manufacturing,8.94,11.33,84.28,-9.65,0.56,3.11,21.96,-20.38,0.86,1.26,-27.750000000000004,1.67,619620.0,0.0,27.12,Sep 02/b,37.33,1160000000.0,HIGH,-1.33,0.88,0.62,3.57,0.0521,False,-0.63,False,-13.15,2.719,2.667,-1.4308,-27.09,1.02,49.0,-21.69,22.0,-3.86,27.37,23031688.0,shrinking revenue,,36.4,,,,,,,,,,
GLAS,Glass House Brands Inc,Healthcare,Drug Manufacturers - Specialty & Generic,,31.75,-276.47,-21.46,-0.04,24.81,0.3,-44.25,-12.689999999999998,0.73,-50.61,1.0,544930.0,0.08,6.88,Aug 13/a,16.0,532720000.0,HIGH,-38.18,-19.85,1.08,-33.28,0.5405,False,-26.42,False,-37.57,9.204,9.107,-4.7106,-54.1,3.222,27.0,-45.8,35.0,-41.66,5.49,8866972.0,shrinking revenue,,191.4,,,,,,,,,,
GLND,Greenland Energy Co,Energy,Oil & Gas E&P,,,-601.95,,1.05,39.58,4.49,117.47,-37.75,-4.15,-77.78,1.0,10500000.0,4.42,5.11,-,6.0,223490000.0,HIGH,172.26,-16.93,0.22,177.16,2.5005,True,38.17,True,78.16,25.756,18.767,-37.2853,-44.25,1.175,8.0,48.61,,,3.73,140500912.0,>40% above 50-day SMA; >20% above 20-day SMA,,60.9,,,,,,,,,,
GLUE,Monte Rosa Therapeutics Inc,Healthcare,Biotechnology,,,-185.83,-61.33,-0.55,5.83,32.02,-50.0,-22.3,1.36,-53.63,1.0,1390000.0,0.0,11.95,Aug 06/b,28.5,1020000000.0,HIGH,-24.13,-10.33,1.72,-19.23,0.3601,False,-16.8,False,-29.11,6.161,10.286,-2.9831,-58.27,1.086,55.0,-54.66,41.0,-32.74,10.5,16060011.0,shrinking revenue,,171.4,,,,,,,,,,
GNL,Global Net Lease Inc,Real Estate,REIT - Diversified,,,87.22,-9.95,0.0,2.86,6.07,-4.7,-7.090000000000001,1.01,-15.1,1.89,2530000.0,0.06,8.52,Aug 05/a,10.25,1970000000.0,HIGH,-9.54,-2.83,1.15,-4.64,0.1403,False,-5.65,False,-7.17,1.823,2.182,-0.5336,-13.43,1.352,,,41.0,-4.29,8.25,23370004.0,shrinking revenue,,24.2,,,,,,,,,,
GNTX,Gentex Corp,Consumer Cyclical,Auto Parts,11.89,10.12,25.53,-1.0,-3.5000000000000004,3.58,8.16,-10.86,3.1300000000000003,0.85,-22.79,2.27,2480000.0,0.0,22.4,Jul 24/b,25.36,4720000000.0,HIGH,-4.58,-1.16,1.0,0.32,0.0605,False,-1.33,False,-4.15,1.922,1.585,-1.0494,-11.4,0.997,,,50.0,-3.58,22.08,48598869.0,shrinking revenue,,14.9,,,,,,,,,,
GOGO,Gogo Inc,Communication Services,Telecom Services,,6.57,-115.72,-1.43,0.0,-1.95,17.84,-25.569999999999997,-46.64,1.21,-76.84,2.0,1800000.0,0.01,2.3,Aug 06/b,10.0,311670000.0,HIGH,-25.7,-4.95,0.55,-20.8,0.3469,False,-13.67,False,-27.47,5.19,4.455,-3.2248,-55.25,0.613,46.0,-45.62,41.0,-42.03,2.11,3689078.0,shrinking revenue,,373.9,,,,,,,,,,
GPK,Graphic Packaging Holding Co,Consumer Cyclical,Packaging & Containers,14.38,8.55,-76.54,-0.73,0.69,2.8,8.02,-11.92,1.63,0.65,-52.41,3.0,5190000.0,0.0,9.38,Aug 04/b,12.4,2780000000.0,HIGH,-15.82,-5.08,1.19,-10.92,0.1531,False,-7.17,False,-17.45,4.287,4.897,-2.3148,-28.33,1.187,40.0,-26.03,43.0,-22.64,8.78,68716720.0,shrinking revenue,,41.2,,,,,,,,,,
GPRE,Green Plains Inc,Basic Materials,Chemicals,9.98,8.9,175.96,-15.24,0.0,6.08,17.61,0.98,-8.88,1.16,-21.66,2.0,1480000.0,0.01,15.39,Aug 06/b,19.0,1080000000.0,HIGH,-1.42,2.91,0.7,3.48,0.0783,True,1.0,False,-1.36,3.17,4.137,-1.7014,-22.49,0.799,55.0,-11.5,41.0,0.2,15.23,21792037.0,shrinking revenue,,24.8,,,,,,,,,,
GPRO,GoPro Inc,Technology,Consumer Electronics,,,-186.44,-31.26,-0.25,21.19,25.32,66.15,98.47,2.49,-53.47,5.0,33580000.0,0.08,1.27,Aug 10/a,0.5,237700000.0,HIGH,-20.59,1.5,0.2,-15.69,0.2863,True,0.02,True,36.81,5.767,3.704,-6.6484,-34.15,0.223,20.0,-2.88,38.0,117.74,1.35,55692716.0,shrinking revenue,,-63.0,,,,,,,,,,
GRPN,Groupon Inc,Communication Services,Internet Content & Information,,24.42,-109.93000000000002,-0.8199999999999998,0.0,-2.75,39.89,-11.02,100.57,0.19,-29.76,2.75,1430000.0,0.0,21.0,Aug 06/a,30.67,853970000.0,HIGH,2.33,-2.18,0.72,7.23,0.2142,False,-1.5,False,-9.93,6.122,5.955,-4.6628,-35.42,0.718,10.0,1.21,40.0,-22.85,19.31,23269910.0,shrinking revenue,,58.8,,,,,,,,,,
GT,Goodyear Tire & Rubber Co,Consumer Cyclical,Auto Parts,,20.95,-180.59,-4.82,0.0,-0.4099999999999999,17.72,-22.59,-20.19,1.2,-51.6,2.25,10060000.0,0.01,5.14,Aug 05/a,7.8,1480000000.0,HIGH,-22.56,-3.59,1.08,-17.66,0.2652,False,-8.33,False,-18.99,4.531,5.165,-3.2437,-35.98,0.968,52.0,-33.61,41.0,-28.4,4.84,54175633.0,shrinking revenue,,61.2,,,,,,,,,,
HBNC,Horizon Bancorp Inc (IN),Financial,Banks - Regional,,8.61,3.56,-1.98,-0.59,0.6,4.03,-4.98,17.99,0.83,-8.37,1.4,622250.0,0.0,19.28,Jul 22/a,22.9,989920000.0,HIGH,-2.16,2.31,2.01,2.74,0.0684,True,0.37,False,-1.79,1.998,2.515,-0.9747,-7.41,1.426,44.0,-4.74,51.0,-2.84,19.48,11606366.0,shrinking revenue,,17.6,,,,,,,,,,
HCAT,Health Catalyst Inc,Healthcare,Health Information Services,,215.35,6.88,-12.68,0.36,-7.7,3.44,-8.42,58.18,1.55,-51.86999999999999,2.6,875730.0,0.0,1.74,Aug 06/a,1.77,130950000.0,HIGH,3.55,-1.13,0.53,8.45,0.114,False,-0.03,False,-3.26,4.735,3.714,-3.4377,-27.08,0.578,9.0,-3.31,40.0,1.16,1.75,801912.0,shrinking revenue,,1.1,,,,,,,,,,
HLIT,Harmonic Inc,Technology,Communication Equipment,,13.39,-183.79,-3.3099999999999996,-1.77,0.79,5.89,-31.47,15.14,1.32,-38.91,2.29,1670000.0,0.0,10.8,Aug 12/a,16.14,1180000000.0,HIGH,-5.18,5.58,1.19,-0.28,0.1625,False,-0.46,False,-4.5,3.677,4.118,-2.6479,-25.83,0.908,36.0,-6.92,36.0,-6.92,11.17,17006145.0,shrinking revenue,,44.5,,,,,,,,,,
HNST,Honest Company Inc,Consumer Defensive,Household & Personal Products,,46.66,178.76,-10.87,-2.98,3.01,11.75,42.75,80.91,2.31,-13.31,2.14,2180000.0,0.03,5.21,Aug 05/a,5.2,558970000.0,HIGH,-13.28,-2.64,0.58,-8.38,0.156,False,-3.67,True,2.13,3.606,2.81,-2.3007,-14.14,0.586,21.0,-9.79,41.0,34.03,5.16,9714388.0,shrinking revenue,,0.8,,,,,,,,,,
HOG,Harley-Davidson Inc,Consumer Cyclical,Recreational Vehicles,15.77,13.15,-16.48,-5.86,4.27,0.98,18.0,5.24,30.97,1.31,-12.73,2.7,2340000.0,0.0,25.5,Jul 23/b,28.3,2650000000.0,HIGH,-13.25,-0.49,0.95,-8.35,0.1801,False,-6.28,False,-7.37,3.555,2.485,-1.8573,-14.93,0.977,20.0,-11.28,51.0,-7.43,24.55,46942073.0,shrinking revenue,,15.3,,,,,,,,,,
HP,Helmerich & Payne Inc,Energy,Oil & Gas Drilling,,27.0,145.34,-0.58,-3.5699999999999994,-1.34,7.61,16.28,7.28,0.68,-19.49,2.71,1270000.0,0.0,38.78,Aug 05/a,44.8,3880000000.0,HIGH,-13.07,2.91,0.93,-8.17,0.2576,False,-5.61,False,-4.81,3.533,3.086,-1.8934,-19.95,0.85,23.0,-11.52,41.0,15.87,38.56,45776938.0,shrinking revenue,,16.2,,,,,,,,,,
HTLD,Heartland Express Inc,Industrials,Trucking,,21.84,198.35,-12.48,-0.1,1.5,7.5,-26.91,10.57,1.34,-32.07,3.5,732940.0,0.0,11.3,Jul 30/b,13.2,873860000.0,HIGH,-4.34,4.02,0.78,0.56,0.1273,False,-0.09,False,-3.25,3.217,2.269,-1.716,-23.23,0.857,,,46.0,-6.52,11.9,9278277.0,shrinking revenue,,10.9,,,,,,,,,,
HUBG,Hub Group Inc,Industrials,Integrated Freight & Logistics,17.44,17.22,22.21,-5.31,0.0,0.28,6.11,-31.11,-14.36,1.22,-43.11,3.17,1120000.0,0.0,30.3,Jul 30,34.2,1850000000.0,HIGH,-18.84,-1.49,0.82,-13.94,0.3008,False,-8.85,False,-22.88,3.954,4.232,-1.9424,-42.33,1.242,,,,,29.77,47049710.0,shrinking revenue,,14.9,,,,,,,,,,
HUCK,Huckleberry.ai Inc,Technology,Software - Application,,62.27,62.94,-3.68,-8.5,-10.19,18.61,17.54,8.06,1.81,-80.31,3.0,1840000.0,0.02,3.35,Sep 03/a,4.84,157570000.0,HIGH,-17.53,-3.32,0.44,-12.63,0.2813,False,-11.77,False,-14.17,5.252,4.219,-1.8364,-27.93,0.573,15.0,-16.45,20.0,-15.57,3.2,5099780.0,shrinking revenue,,51.2,,,,,,,,,,
HZO,Marinemax Inc,Consumer Cyclical,Specialty Retail,362.47,33.23,127.37,-6.98,0.0,-1.37,11.91,41.77,102.95,1.71,-0.42,2.56,662500.0,0.02,52.34,Jul 23/b,45.0,1160000000.0,HIGH,0.36,-0.04,0.58,5.26,0.0089,True,0.05,True,7.84,0.288,0.153,-0.2043,-0.4,0.846,11.0,0.06,51.0,59.02,52.35,41437402.0,deal-pinned; shrinking revenue,,-14.0,,,,,,,,,,
IAUX,i-80 Gold Corp,Basic Materials,Gold,,,-22.74,-12.53,1.33,-4.17,11.55,15.97,16.78,1.23,-25.45,1.0,9950000.0,0.05,1.67,Aug 10/a,3.12,1450000000.0,HIGH,-9.5,-1.82,0.78,-4.6,0.1498,False,-5.84,False,-2.66,5.115,4.321,-3.2788,-16.49,0.544,31.0,-6.36,38.0,-2.41,1.62,13155035.0,shrinking revenue,,92.6,,,,,,,,,,
IBIO,iBio Inc,Healthcare,Biotechnology,,,39.47,-100.0,0.0,16.62,8.87,-32.83,-33.98,1.25,-69.58,1.11,808430.0,0.16,1.16,Aug 28/b,5.69,70720000.0,HIGH,-13.74,-3.42,1.02,-8.84,0.1938,False,-7.38,False,-15.14,6.511,7.08,-3.0919,-27.56,0.491,32.0,-22.07,25.0,-16.91,1.13,648807.0,shrinking revenue,,403.5,,,,,,,,,,
IE,Ivanhoe Electric Inc,Basic Materials,Copper,,,13.449999999999998,-32.21,0.0,1.72,9.3,7.99,-6.909999999999999,1.27,-53.05,1.14,2160000.0,0.17,10.12,Aug 07/b,21.11,1610000000.0,HIGH,4.5,-1.88,0.91,9.4,0.2239,True,2.99,True,1.28,6.561,5.843,-4.9838,-16.55,1.095,28.0,-7.28,40.0,-2.43,10.44,24362138.0,shrinking revenue,,102.2,,,,,,,,,,
IMNM,Immunome Inc,Healthcare,Biotechnology,,,-29.43,-100.0,-6.54,-0.65,15.77,2.47,9.94,2.53,-28.28,1.07,1300000.0,0.01,21.56,Aug 11/a,36.0,2450000000.0,HIGH,-21.9,-3.6,0.87,-17.0,0.3227,False,-11.98,False,-17.24,5.513,3.086,-2.9721,-30.47,0.919,32.0,-24.17,37.0,-20.38,20.9,31532849.0,shrinking revenue,,72.2,,,,,,,,,,
IMXI,International Money Express Inc,Technology,Software - Infrastructure,18.11,8.22,-62.66,-16.69,0.0,9.22,7.21,-23.3,-28.74,0.76,-29.460000000000004,3.0,572930.0,0.05,11.25,Aug 05,16.0,339930000.0,HIGH,-20.68,-1.2,0.51,-15.78,0.4106,False,-8.93,False,-11.87,5.058,1.825,-3.1547,-23.06,0.881,35.0,-1.62,,,11.51,7649143.0,shrinking revenue,,39.0,,,,,,,,,,
INSP,Inspire Medical Systems Inc,Healthcare,Medical Devices,14.99,46.86,108.87,-7.6,-0.3,-4.66,14.41,53.56999999999999,37.64,0.74,-53.06999999999999,2.78,869980.0,0.0,69.0,Aug 03/a,62.8,1990000000.0,HIGH,10.92,-0.04,0.78,15.82,0.2156,False,-0.94,True,10.7,5.263,4.716,-3.6156,-11.21,1.292,11.0,-3.81,43.0,33.99,69.97,69750248.0,shrinking revenue,,-10.2,,,,,,,,,,
IOND,Ionic Digital Inc,Financial,Capital Markets,,,,,0.0,2.06,1.94,,,,-9.46,1.0,895230.0,0.01,80.91,Sep 19/a,85.0,3640000000.0,HIGH,8.6,1.1,0.38,13.5,0.1415,True,0.44,,,4.425,3.022,-3.29,,,10.0,-2.38,10.0,-2.38,82.72,65451423.0,incomplete signals,,2.8,,,,,,,,,,
IOVA,Iovance Biotherapeutics Inc,Healthcare,Biotechnology,,,68.51,65.65,0.0,4.53,22.15,157.24,208.55,0.85,-2.7,1.5,16680000.0,0.04,10.83,Aug 06/b,10.7,4910000000.0,HIGH,61.77,29.39,0.65,66.67,0.7971,True,33.55,True,71.91,6.631,5.626,-7.5918,-7.06,1.663,4.0,29.39,41.0,227.65,14.22,212353472.0,>40% above 50-day SMA; >20% above 20-day SMA,,-24.8,,,,,,,,,,
IPDN,Professional Diversity Network Inc,Industrials,Staffing & Employment Services,,,33.14,-28.04,0.0,,10.68,-78.37,-87.99,1.58,-96.99,1.0,1030000.0,0.36,4.25,-,4.5,2830000.0,HIGH,2583.33,-17.22,0.0,2588.23,2.6827,True,22.22,True,164.32,37.933,6.211,-598.148,-58.18,0.007,9.0,-4.17,,,3.22,14823498.0,>40% above 50-day SMA; >20% above 20-day SMA; shrinking revenue,,39.8,,,,,,,,,,
IPW,iPower Inc,Consumer Cyclical,Internet Retail,,,-976.06,-78.89,54.120000000000005,0.67,5.69,-93.78,-98.77,2.91,-99.94,1.0,941830.0,0.02,1.23,-,5940.0,1440000.0,HIGH,-40.11,-11.11,0.48,-35.21,1.0034,False,-27.63,False,-58.18,32.105,10.714,-12.6409,-92.46,0.609,,,,,1.12,5749954.0,shrinking revenue,,530257.1,,,,,,,,,,
IRD,Opus Genetics Inc,Healthcare,Biotechnology,,,-18.7,-73.8,-9.84,16.57,18.85,15.02,7.359999999999999,0.65,-33.95,1.0,2340000.0,0.01,4.67,Aug 06/b,13.0,388520000.0,HIGH,-1.93,-9.31,0.35,2.97,0.4082,False,-11.32,True,5.6,7.954,4.803,-8.3425,-35.22,0.653,18.0,5.53,41.0,23.12,4.58,28176010.0,shrinking revenue,,183.8,,,,,,,,,,
ISPC,iSpecimen Inc,Healthcare,Diagnostics & Research,,,94.17,-78.69,,375.01,8.76,-56.63,-79.3,1.64,-97.76,1.0,662040.0,0.05,1.21,-,2400.0,3040000.0,HIGH,-29.87,-10.74,0.1,-24.97,0.4401,False,-18.89,False,-36.33,9.127,10.185,-3.2588,-58.3,0.196,33.0,-49.77,,,1.08,2208171.0,shrinking revenue,,222122.2,,,,,,,,,,
ITGR,Integer Holdings Corp,Healthcare,Medical Devices,34.44,18.41,-33.29,-2.74,-14.859999999999998,4.63,7.61,34.56,45.5,0.58,-0.36,3.09,970490.0,0.0,126.34,Aug 03/b,120.6,4300000000.0,HIGH,-0.04,0.06,0.58,4.86,0.0052,True,0.15,True,2.8,0.155,0.079,-0.2126,-0.28,0.842,20.0,0.76,44.0,4.32,126.45,102112761.0,deal-pinned; shrinking revenue,,-4.6,,,,,,,,,,
ITRI,Itron Inc,Technology,Scientific & Technical Instruments,14.97,12.91,-18.95,-7.23,-4.87,1.66,14.19,6.959999999999999,4.61,1.31,-36.94,1.5,758190.0,0.0,89.55,Jul 28/b,129.6,3920000000.0,HIGH,-10.82,-2.24,0.93,-5.92,0.138,False,-5.29,False,-10.01,2.922,2.393,-1.2024,-20.05,0.761,48.0,2.04,48.0,2.04,86.51,55979330.0,shrinking revenue,,49.8,,,,,,,,,,
JACK,Jack In The Box Inc,Consumer Cyclical,Restaurants,3.2,4.28,-10.09,-22.62,-0.95,7.44,36.7,-2.57,25.51,1.42,-43.61,2.47,903430.0,0.0,13.45,Aug 12/a,19.92,258060000.0,HIGH,-22.86,-9.12,0.9,-17.96,0.2691,False,-9.71,False,-20.23,5.198,6.104,-2.9845,-45.99,0.758,37.0,-30.29,36.0,-33.64,12.45,7520714.0,shrinking revenue,,60.0,,,,,,,,,,
JELD,JELD-WEN Holding Inc,Industrials,Building Products & Equipment,,,-39.48,-0.72,-0.64,-12.55,9.46,30.43,57.89,2.22,-65.25,3.0,1740000.0,0.0,1.8,Aug 03/a,1.93,156170000.0,HIGH,-17.83,6.78,1.11,-12.93,0.3302,False,-2.33,False,-1.26,9.785,7.937,-5.42,-26.17,1.474,25.0,-13.3,43.0,31.25,1.89,3285837.0,shrinking revenue,,2.1,,,,,,,,,,
JUNS,Jupiter Neurosciences Inc,Healthcare,Biotechnology,,,19.9,,0.0,16.36,5.96,-82.98,-89.79,1.81,-98.06,1.0,973580.0,0.02,2.68,-,1875.0,3530000.0,HIGH,-22.26,1.59,0.22,-17.36,0.3752,False,-11.8,False,-44.03,10.585,3.922,-5.1591,-85.77,0.019,,,,,2.55,156081.0,illiquid (<$500K/day),,73429.4,,,,,,,,,,
KBH,KB Home,Consumer Cyclical,Residential Construction,13.49,12.7,-34.81,-19.96,-10.29,2.66,14.59,-23.36,-5.7,1.33,-28.95,3.12,1230000.0,0.0,48.01,Sep 22/a,55.58,2920000000.0,HIGH,-12.44,-4.45,0.76,-7.54,0.1246,False,-5.26,False,-13.4,3.372,4.415,-1.8898,-23.08,1.021,42.0,-21.19,8.0,-2.97,45.75,89478665.0,shrinking revenue,,21.5,,,,,,,,,,
KD,Kyndryl Holdings Inc,Technology,Information Technology Services,32.34,4.66,-206.45,-3.34,0.0,4.57,14.65,3.39,-6.15,1.71,-62.57,3.38,4050000.0,0.01,11.6,Aug 05/b,14.2,2530000000.0,HIGH,-12.09,2.94,1.26,-7.19,0.239,False,-6.25,False,-10.21,5.287,7.145,-3.2413,-21.41,1.336,15.0,-12.09,42.0,-16.83,11.56,51577634.0,shrinking revenue,,22.8,,,,,,,,,,
KEEL,Keel Infrastructure Corp,Technology,Information Technology Services,,,-984.85,-60.370000000000005,6.2,28.1,18.27,-35.64,90.77,4.02,-49.53,1.15,36010000.0,0.23,3.72,Aug 10/b,6.42,2300000000.0,HIGH,4.32,0.56,0.82,9.22,0.2699,False,-1.32,True,0.55,6.853,6.077,-4.7953,-28.32,0.622,11.0,0.28,39.0,6.47,3.62,112196962.0,shrinking revenue,,77.3,,,,,,,,,,
KIDZ,KIDZ AI Inc,Consumer Defensive,Education & Training Services,,,96.72,-33.6,-98.71,1.4,6.57,-77.34,-99.34,-0.72,-99.98,,1200000.0,0.09,2.44,-,,2100000.0,HIGH,-39.26,-10.89,0.08,-34.36,0.5972,False,-22.56,False,-50.16,12.236,11.266,-4.309,-85.32,0.381,,,,,2.29,1877812.0,shrinking revenue,,,,,,,,,,,,
KLC,KinderCare Learning Companies Inc,Consumer Defensive,Education & Training Services,,9.91,-122.64,-0.37,0.0,1.55,11.47,-49.76,-1.8500000000000003,3.82,-70.14,3.5,797790.0,0.0,2.12,Aug 13/a,4.06,251260000.0,HIGH,-30.34,-7.46,0.94,-25.44,0.4358,False,-17.26,False,-42.41,6.502,5.108,-2.5066,-66.9,0.909,43.0,-65.62,35.0,-28.46,1.86,1382361.0,shrinking revenue,,118.3,,,,,,,,,,
KLTR,Kaltura Inc,Technology,Software - Application,,25.79,25.540000000000003,5.47,-1.59,6.03,2.32,3.97,4.8,1.19,-36.1,1.0,557240.0,0.0,1.31,Aug 05/b,3.5,199840000.0,HIGH,-13.25,0.77,1.78,-8.35,0.1984,False,-4.62,False,-12.0,3.691,5.344,-1.7882,-36.1,0.398,42.0,-6.43,42.0,-6.43,1.31,320895.0,illiquid (<$500K/day),,167.2,,,,,,,,,,
KMPR,Kemper Corp,Financial,Insurance - Property & Casualty,,6.1,-802.6099999999999,-9.18,1.54,1.77,9.03,-5.56,-18.77,1.05,-51.54,3.0,1010000.0,0.0,25.32,Aug 05/a,36.33,1490000000.0,HIGH,-8.45,1.34,0.97,-3.55,0.1444,False,-3.03,False,-6.46,3.325,2.182,-2.0068,-17.72,1.087,48.0,-12.86,41.0,-12.3,25.67,23628513.0,shrinking revenue,,41.5,,,,,,,,,,
KRC,Kilroy Realty Corp,Real Estate,REIT - Office,24.1,74.74,-70.55,-6.04,-4.74,-8.12,9.36,-10.02,18.4,1.18,-21.5,2.71,1300000.0,0.0,34.23,Oct 22/a,39.38,4019999999.999999,HIGH,-9.45,-0.85,0.91,-4.55,0.1059,False,-2.58,False,-7.26,1.973,2.409,-1.0855,-17.67,1.082,,,,,33.63,50871951.0,shrinking revenue,,17.1,,,,,,,,,,
KREF,KKR Real Estate Finance Trust Inc,Real Estate,REIT - Mortgage,,,-269.84,-23.18,0.65,7.75,12.99,-10.06,4.1,0.91,-32.66,2.33,963290.0,0.0,6.35,Jul 21/a,8.8,374720000.0,HIGH,-19.48,-1.6,0.94,-14.58,0.2891,False,-8.6,False,-14.09,4.14,3.247,-2.4268,-22.12,1.154,36.0,-19.58,52.0,-16.87,6.16,6138966.0,shrinking revenue,,42.9,,,,,,,,,,
KRG,Kite Realty Group Trust,Real Estate,REIT - Retail,15.84,64.14,2290.96,-8.1,-0.21,-3.05,7.05,-15.22,2.1,0.86,-17.18,2.64,2500000.0,0.0,24.78,Jul 30/b,30.75,4960000000.0,HIGH,-6.05,-1.65,0.91,-1.15,0.098,False,-3.48,False,-7.25,1.707,2.337,-0.5708,-18.48,0.875,55.0,-17.27,46.0,-15.46,24.39,53915531.0,shrinking revenue,,26.1,,,,,,,,,,
KSS,Kohl's Corp,Consumer Cyclical,Department Stores,7.7,11.02,-4.65,-0.8699999999999999,-0.78,-2.03,30.83,-4.26,41.76,1.36,-29.960000000000004,3.29,4019999.999999999,0.0,17.66,Aug 26/b,16.83,2000000000.0,HIGH,-3.24,3.47,0.89,1.66,0.2068,True,6.45,True,2.75,4.728,2.871,-3.4459,-8.47,0.972,44.0,-1.72,27.0,6.39,18.81,68068165.0,shrinking revenue,,-10.5,,,,,,,,,,
KTB,Kontoor Brands Inc,Consumer Cyclical,Apparel Manufacturing,13.66,9.93,-11.52,-11.56,-16.7,6.480000000000001,11.45,-20.27,-1.6,0.88,-26.52,1.91,778810.0,0.0,65.37,Aug 12/b,97.5,3570000000.0,HIGH,-12.07,-0.34,0.87,-7.17,0.1473,False,-2.63,False,-13.65,3.175,2.658,-2.1784,-27.26,0.81,,,37.0,-13.67,64.71,50781532.0,shrinking revenue,,50.7,,,,,,,,,,
KULR,KULR Technology Group Inc,Technology,Electronic Components,,,-319.07,-47.64,0.0,-0.07,15.35,-39.35,8.04,2.33,-59.66,1.0,1120000.0,0.02,2.42,Aug 13/a,7.0,111990000.0,HIGH,3.92,8.16,0.82,8.82,0.1553,True,8.63,True,3.11,4.07,3.774,-2.6275,-22.06,0.684,2.0,4.74,35.0,0.38,2.65,1529288.0,shrinking revenue,,164.2,,,,,,,,,,
LCTX,Lineage Cell Therapeutics Inc,Healthcare,Biotechnology,,,77.21,-61.34,0.0,2.35,15.5,-23.7,-30.870000000000005,1.59,-50.72,1.43,1420000.0,0.04,1.03,Aug 06/a,5.5,260490000.0,HIGH,-13.89,-4.12,0.79,-8.99,0.2149,False,-7.88,False,-12.31,7.373,7.527,-4.0335,-28.46,1.408,26.0,-16.96,40.0,-15.45,0.93,1592218.0,shrinking revenue,,491.4,,,,,,,,,,
LFMD,LifeMD Inc,Healthcare,Health Information Services,,,-156.23,-24.01,0.0,11.55,18.88,-28.809999999999995,-19.62,1.98,-59.150000000000006,1.0,915490.0,0.02,2.99,Aug 05/a,8.12,144120000.0,HIGH,-11.04,-6.48,0.81,-6.14,0.2456,False,-10.81,False,-16.48,5.918,7.664,-4.1538,-43.97,0.798,,,41.0,-19.41,2.74,2696916.0,shrinking revenue,,196.4,,,,,,,,,,
LHAI,Linkhome Holdings Inc,Real Estate,Real Estate Services,,,-977.78,12.76,-29.33,33.13,5.56,45.05,-8.04,0.09,-93.42,,9530000.0,0.01,1.03,-,,17030000.0,HIGH,-10.34,0.97,0.21,-5.44,0.3012,False,-5.28,True,9.64,9.21,6.731,-5.8095,-29.25,0.022,13.0,-2.8,,,1.04,325313.0,illiquid (<$500K/day),,,,,,,,,,,,
LIMN,Liminatus Pharma Inc,Healthcare,Biotechnology,,,-698.35,,0.0,-7.200000000000001,7.54,-21.86,-55.2,0.75,-97.03,,674040.0,0.01,4.2,-,,5630000.0,HIGH,5.12,-8.67,0.98,10.02,0.307,True,4.26,False,-15.93,7.077,5.128,-4.4868,-60.2,0.084,5.0,-7.03,,,3.9,93551.0,illiquid (<$500K/day),,,,,,,,,,,,
LIND,Lindblad Expeditions Holdings Inc,Consumer Cyclical,Travel Services,,56.42,87.95,18.64,-1.09,9.98,10.67,-3.790000000000001,56.66,2.27,-18.71,1.86,900360.0,0.0,28.45,Aug 03/b,34.86,1870000000.0,HIGH,34.44,17.34,1.09,39.34,0.3836,True,23.52,True,16.57,4.233,4.227,-2.8437,-2.0,1.338,5.0,22.25,44.0,17.58,34.78,26371090.0,>20% above 20-day SMA,,0.2,,,,,,,,,,
LODE,Comstock Inc,Basic Materials,Other Precious Metals & Mining,,,-25.85,-19.65,,13.419999999999998,10.22,-37.44,-12.869999999999996,1.45,-46.99,1.0,1350000.0,0.03,2.64,Jul 23/b,7.0,200620000.0,HIGH,-26.69,-5.79,0.52,-21.79,0.3934,False,-13.64,False,-24.32,7.957,2.632,-3.0945,-48.65,1.098,28.0,-35.41,51.0,-41.24,2.28,3692567.0,shrinking revenue,,207.0,,,,,,,,,,
LPX,Louisiana-Pacific Corp,Industrials,Building Products & Equipment,86.47,21.33,-51.849999999999994,-12.05,-0.11,2.34,11.92,-19.03,-7.960000000000001,1.61,-33.53,1.53,1150000.0,0.0,66.7,Aug 05/b,92.07,4660000000.0,HIGH,-4.5,-1.45,0.88,0.4,0.072,False,-1.65,False,-7.55,3.328,3.164,-1.7859,-18.09,1.03,40.0,-14.24,42.0,-15.25,65.1,74490088.0,shrinking revenue,,41.4,,,,,,,,,,
LRN,Stride Inc,Consumer Defensive,Education & Training Services,10.82,9.83,70.14,-2.69,0.0,-1.97,19.96,-9.67,-8.89,0.13,-49.7,1.83,860440.0,0.0,78.0,Aug 04/a,118.2,3240000000.0,HIGH,-6.84,2.91,0.97,-1.94,0.1201,False,-1.52,False,-4.69,2.914,1.8,-1.6466,-19.78,0.67,23.0,-9.0,42.0,-1.94,78.89,57821486.0,shrinking revenue,,49.8,,,,,,,,,,
LUNG,Pulmonx Corp,Healthcare,Medical Devices,,,36.74,-4.62,-3.669999999999999,-12.64,2.21,52.8,54.03,0.32,-33.91,1.8,548220.0,0.0,1.91,Jul 29/a,3.4,82030000.0,HIGH,-17.19,-6.63,0.65,-12.29,0.1851,False,-6.87,False,-10.02,5.531,5.738,-3.7286,-29.34,0.384,28.0,-19.74,46.0,46.4,1.83,526078.0,shrinking revenue,,85.8,,,,,,,,,,
LXP,LXP Industrial Trust,Real Estate,REIT - Industrial,61.32,138.71,-105.98,0.45,0.0,-4.9,2.75,9.99,31.81,1.04,-1.33,2.43,787370.0,0.0,60.79,Jul 29/b,61.0,3580000000.0,HIGH,0.28,0.07,0.69,5.18,0.0037,True,0.15,True,0.27,0.15,0.131,-0.0539,-1.07,1.328,2.0,0.05,47.0,0.46,60.95,54940097.0,deal-pinned,,0.1,,,,,,,,,,
LXRX,Lexicon Pharmaceuticals Inc,Healthcare,Biotechnology,,,-915.73,-97.6,0.0,5.16,13.15,-29.549999999999997,12.73,1.06,-30.6,1.8,3470000.0,0.04,1.86,Aug 06/b,3.86,827620000.0,HIGH,-18.75,-4.21,0.69,-13.85,0.2674,False,-8.95,False,-17.21,6.986,3.846,-3.7005,-27.78,1.413,43.0,-21.89,41.0,-22.88,1.82,6630079.0,shrinking revenue,,112.1,,,,,,,,,,
LZB,La-Z-Boy Inc,Consumer Cyclical,"Furnishings, Fixtures & Appliances",15.13,10.62,-113.04,-3.36,-7.68,-0.88,5.0,-27.03,-8.4,1.24,-33.45,2.33,653620.0,0.0,29.88,Aug 18/a,41.0,1200000000.0,HIGH,-8.61,0.37,0.88,-3.71,0.111,False,-1.33,False,-13.74,2.724,1.703,-1.6093,-29.47,0.969,40.0,-26.33,32.0,-11.71,29.94,24086661.0,shrinking revenue,,36.9,,,,,,,,,,
MARA,MARA Holdings Inc,Financial,Capital Markets,,,-186.86,-26.67,-3.98,8.1,27.68,-11.48,54.86,5.36,-47.04,2.06,48270000.0,0.08,12.42,Aug 06/a,18.31,4800000000.0,HIGH,-0.71,-7.27,0.94,4.19,0.2767,False,-6.7,False,-0.18,7.448,10.597,-4.5032,-19.67,0.729,11.0,-3.52,40.0,11.3,11.23,540805122.0,shrinking revenue,,63.0,,,,,,,,,,
MAT,Mattel Inc,Consumer Cyclical,Leisure,9.83,8.44,-138.44,10.48,-1.3,0.17,9.37,-2.48,-6.64,0.69,-40.61,2.0,4300000.0,0.01,13.35,Aug 04/a,17.75,3810000000.0,HIGH,5.09,14.47,2.67,9.99,0.201,True,11.96,True,6.41,4.907,4.977,-4.6975,-11.38,3.138,2.0,20.62,42.0,5.6,15.27,99905485.0,fresh >10% breakout,,16.2,,,,,,,,,,
MATW,Matthews International Corp,Industrials,Conglomerates,,24.19,-253.9,-29.58,0.52,-4.51,20.44,-30.459999999999997,-25.01,1.04,-38.73,1.67,724590.0,0.0,18.95,Aug 06/a,31.33,591490000.0,HIGH,-8.71,-1.18,0.99,-3.81,0.1201,False,-2.61,False,-13.54,3.229,4.769,-1.977,-33.8,0.909,49.0,-30.34,40.0,-18.61,19.29,23577791.0,shrinking revenue,,62.4,,,,,,,,,,
MDXG,Mimedx Group Inc,Healthcare,Biotechnology,118.53,34.85,-255.9,-34.73,0.0,-0.8100000000000002,9.41,18.83,18.53,1.18,-41.41,1.0,1300000.0,0.0,4.67,Jul 29/a,7.4,680700000.0,HIGH,0.44,-1.92,1.14,5.34,0.0737,False,-2.1,True,2.7,3.735,4.357,-1.5842,-8.02,0.837,11.0,-2.13,46.0,8.51,4.59,5665753.0,shrinking revenue,,61.2,,,,,,,,,,
MEDS,DataMEDS AI Inc,Healthcare,Medical Distribution,,,-34.99,-77.15,0.0,4.0,27.96,37.2,-20.4,-2.42,-94.49,,4680000.0,51.03,4.02,Aug 17/b,,12760000.0,HIGH,301.75,-3.41,0.07,306.65,2.1696,True,25.45,True,58.61,52.29,10.326,-65.3275,-70.11,1.932,14.0,325.43,34.0,148.65,3.68,82455073.0,>40% above 50-day SMA; >20% above 20-day SMA; shrinking revenue,,,,,,,,,,,,
MEI,Methode Electronics Inc,Technology,Electronic Components,,94.32,-9.75,10.35,0.0,3.35,9.44,-25.53,159.17,1.54,-29.04,2.0,731270.0,0.0,14.46,Sep 02/a,22.0,515480000.0,HIGH,0.32,11.95,0.84,5.22,0.2111,True,11.68,True,3.34,5.627,7.497,-5.0933,-17.03,0.783,1.0,10.15,21.0,2.74,15.74,9255780.0,fresh >10% breakout,,39.8,,,,,,,,,,
METC,Ramaco Resources Inc,Basic Materials,Coking Coal,,,8.51,-5.33,-13.320000000000002,-7.13,31.94,-28.23,-41.52,1.63,-84.26,1.67,2030000.0,0.09,9.1,Aug 04/a,19.89,527010000.0,HIGH,-38.56,-9.69,0.87,-33.66,0.5972,False,-18.28,False,-24.66,6.852,4.809,-3.612,-46.61,0.845,22.0,-42.11,42.0,-12.23,8.11,20117366.0,shrinking revenue,,145.3,,,,,,,,,,
MIDD,Middleby Corp,Industrials,Specialty Industrial Machinery,,13.71,-39.36,-10.46,0.0,-2.78,4.38,-23.47,2.94,1.32,-28.300000000000004,1.5,630590.0,0.0,106.51,Aug 11/b,155.89,4820000000.0,HIGH,-6.43,-1.98,1.2,-1.53,0.1164,False,-3.67,False,-10.56,2.619,1.473,-1.5631,-24.73,0.927,,,38.0,-12.85,104.57,67896672.0,shrinking revenue,,49.1,,,,,,,,,,
MLKN,MillerKnoll Inc,Consumer Cyclical,"Furnishings, Fixtures & Appliances",14.22,8.83,30.11,-3.38,0.0,-0.55,5.74,0.5,33.47,1.34,-18.82,2.0,725280.0,0.0,20.06,Sep 22/b,33.0,1380000000.0,HIGH,-11.69,-0.2,0.77,-6.79,0.1601,False,-2.38,False,-9.01,4.136,3.113,-1.8039,-18.09,0.869,40.0,-14.53,9.0,-0.25,20.24,15487621.0,shrinking revenue,,63.0,,,,,,,,,,
MMS,Maximus Inc,Industrials,Specialty Business Services,7.77,6.29,4.98,-5.15,0.0,-0.92,6.44,-3.52,-20.32,0.58,-47.39,1.33,664290.0,0.0,52.61,Aug 06/b,92.5,2750000000.0,HIGH,-8.69,1.06,0.81,-3.79,0.1584,False,-4.8,False,-8.18,2.948,2.051,-1.6399,-17.49,1.359,43.0,-15.37,41.0,-9.74,52.65,41417827.0,shrinking revenue,,75.7,,,,,,,,,,
MNRO,Monro Inc,Consumer Cyclical,Auto Parts,68.39,34.7,70.53,-4.62,0.0,-5.09,31.05,-18.99,-11.18,1.09,-42.53,2.2,1030000.0,0.0,13.74,Jul 29/b,22.0,429570000.0,HIGH,6.7,5.82,0.59,11.6,0.2272,True,7.47,True,8.98,4.534,2.257,-3.695,-21.66,0.692,9.0,9.92,47.0,6.94,14.18,13102639.0,shrinking revenue,,55.1,,,,,,,,,,
MRTN,Marten Transport Ltd,Industrials,Trucking,83.03,19.8,-25.85,-2.77,0.0,6.04,6.18,-26.33,0.08,1.0,-30.36,2.67,680340.0,0.0,12.87,Jul 23/a,17.5,1050000000.0,HIGH,-7.36,3.25,0.86,-2.46,0.1447,False,-1.13,False,-6.62,2.388,1.124,-1.3476,-25.97,1.084,,,50.0,-18.16,13.34,10544054.0,shrinking revenue,,31.2,,,,,,,,,,
MSS,Maison Solutions Inc,Consumer Defensive,Grocery Stores,,1.31,-455.42,-13.48,-22.47,42.58,8.17,-48.55,-77.08,4.11,-99.15,1.0,4280000.0,0.23,1.68,Jul 01,162.5,1470000.0,HIGH,2.98,-6.33,0.02,7.88,0.3358,False,-5.86,False,-0.83,16.027,5.788,-10.2961,-57.63,0.034,8.0,-0.32,,,1.55,10518121.0,shrinking revenue,,10383.9,,,,,,,,,,
MTH,Meritage Homes Corp,Consumer Cyclical,Residential Construction,13.46,11.03,-32.91,-13.77,-0.06,1.23,7.28,-23.6,7.35,1.33,-24.56,2.25,835880.0,0.0,64.41,Jul 29/a,80.38,4200000000.0,HIGH,-5.17,-1.77,0.64,-0.27,0.0735,False,-0.88,False,-7.35,3.382,4.62,-2.2697,-18.89,0.941,,,46.0,-9.83,63.85,58549448.0,shrinking revenue,,25.9,,,,,,,,,,
MTN,Vail Resorts Inc,Consumer Cyclical,Resorts & Casinos,30.78,22.38,-16.37,-6.98,0.0,3.18,17.68,0.22,7.12,0.77,-17.04,2.67,709510.0,0.0,135.5,Sep 28/a,144.77,4830000000.0,HIGH,4.59,2.22,0.78,9.49,0.0869,True,2.36,False,-1.7,3.224,2.961,-1.9651,-12.04,1.744,4.0,2.22,4.0,2.22,141.16,150438848.0,shrinking revenue,,2.6,,,,,,,,,,
MXCT,MaxCyte Inc,Healthcare,Medical Devices,,,28.42,-14.529999999999998,0.0,-4.52,1.24,-5.65,63.23,1.48,-37.27,1.33,957500.0,0.0,1.17,Aug 12/a,4.1,120750000.0,HIGH,-16.41,-7.76,0.65,-11.51,0.1748,False,-9.65,False,-11.23,4.86,3.738,-2.2388,-30.52,0.587,36.0,-15.75,36.0,-15.75,1.07,418373.0,illiquid (<$500K/day); shrinking revenue,,283.2,,,,,,,,,,
MYGN,Myriad Genetics Inc,Healthcare,Diagnostics & Research,,,87.25,-10.51,-0.11,-6.06,10.55,-27.35,-0.7,1.68,-50.52,3.3,2030000.0,0.0,4.25,Jul 30/a,3.37,406510000.0,HIGH,42.32,7.08,1.05,47.22,0.417,True,16.97,True,24.01,6.152,9.471,-4.4748,-29.39,0.72,1.0,11.82,45.0,58.74,4.54,8360460.0,fresh >10% breakout; shrinking revenue,,-25.8,,,,,,,,,,
NAGE,Niagen Bioscience Inc,Consumer Defensive,Packaged Foods,16.2,19.68,-72.01,-4.28,0.0,-8.56,7.69,-7.580000000000001,-27.390000000000004,2.01,-69.68,1.0,608290.0,0.0,3.05,Aug 04/a,12.08,241310000.0,HIGH,-11.99,-6.38,3.11,-7.09,0.1418,False,-6.89,False,-10.25,3.456,6.81,-2.4654,-23.14,1.444,44.0,-17.94,42.0,-5.74,2.79,1481806.0,shrinking revenue,,333.0,,,,,,,,,,
NATL,NCR Atleos Corp,Technology,Software - Application,17.87,8.6,42.73,-0.09,0.0,4.86,6.07,6.59,5.98,0.56,-4.99,3.0,689080.0,0.0,46.08,Aug 05/b,50.2,3410000000.0,HIGH,-1.45,-0.72,0.74,3.45,0.0353,False,-0.96,False,-1.9,1.24,1.189,-0.7463,-5.77,1.665,53.0,-3.79,42.0,-2.97,45.42,37873588.0,shrinking revenue,,10.5,,,,,,,,,,
NAVI,Navient Corp,Financial,Credit Services,,9.44,89.9,-11.91,0.0,3.1300000000000003,13.02,4.83,10.81,1.17,-32.44,3.38,1190000.0,0.0,9.12,Aug 06/a,9.69,855310000.0,HIGH,-4.57,3.72,0.57,0.33,0.1303,False,-2.1,False,-0.08,3.941,1.904,-2.1982,-9.46,0.968,15.0,-2.44,40.0,1.21,9.19,14453290.0,shrinking revenue,REVIEW,5.4,,,,,,,,,,
NBP,NovaBridge Biosciences ADR,Healthcare,Biotechnology,,,-112.22,-100.0,0.4099999999999999,-5.45,3.82,-29.799999999999997,-45.28,1.58,-79.53,1.0,514480.0,0.0,1.39,Aug 20/b,9.0,161240000.0,HIGH,-24.72,-0.37,0.41,-19.82,0.3767,False,-12.33,False,-20.31,4.839,2.214,-2.4664,-32.92,0.756,30.0,-29.06,31.0,-29.06,1.36,891103.0,shrinking revenue,,561.8,,,,,,,,,,
NCPL,Netcapital Inc,Financial,Capital Markets,,,79.42,-38.21,0.0,9.81,5.27,130.83,280.14,1.7,-51.62,1.0,19330000.0,0.11,1.33,Mar 19/a,2.25,10440000.0,HIGH,142.63,29.63,0.06,147.53,1.8231,True,62.81,True,131.48,25.112,12.143,-16.4007,-24.73,0.399,2.0,12.9,,,1.4,20420656.0,>40% above 50-day SMA; >20% above 20-day SMA; fresh >10% breakout; shrinking revenue,,60.7,,,,,,,,,,
NEOG,Neogen Corp,Healthcare,Medical Devices,,33.56,98.16,-0.07,0.02,2.23,5.17,51.21,58.16,1.81,-3.51,1.8,2370000.0,0.01,13.76,Oct 06/a,13.33,3000000000.0,HIGH,2.7,-11.44,0.64,7.6,0.2446,False,-4.33,True,2.1,4.879,3.045,-2.6712,-14.8,2.299,14.0,1.67,,,12.15,57962492.0,shrinking revenue,,9.7,,,,,,,,,,
NEOV,NeoVolta Inc,Industrials,Electrical Equipment & Parts,,8.36,-403.93,-99.72,1.21,13.669999999999998,10.08,-6.81,-41.21,-0.38,-69.28,1.5,1840000.0,0.14,2.19,Sep 23/a,9.75,129240000.0,HIGH,-20.98,33.77,1.84,-16.08,0.7096,False,-4.13,False,-2.05,10.304,17.377,-8.7056,-29.89,1.069,24.0,-8.68,7.0,27.35,3.05,4837541.0,shrinking revenue,,219.7,,,,,,,,,,
NKTR,Nektar Therapeutics,Healthcare,Biotechnology,,,58.379999999999995,-9.34,-2.91,31.3,17.35,-12.8,-16.95,-0.83,-47.69,1.33,1000000.0,0.02,57.02,Aug 13/a,141.4,1950000000.0,HIGH,-41.26,-27.85,1.61,-36.36,0.5284,False,-31.59,False,-37.28,10.47,8.307,-5.828,-43.96,2.508,42.0,-40.1,35.0,-40.32,43.58,107549158.0,shrinking revenue,,224.5,,,,,,,,,,
NMFC,New Mountain Finance Corp,Financial,Asset Management,,6.65,152.77,-82.98,-0.52,,4.07,-2.65,-6.93,0.65,-29.24,3.14,527620.0,0.0,6.98,Aug 03/a,8.29,659280000.0,HIGH,-7.22,-0.43,1.75,-2.32,0.087,False,-2.48,False,-5.08,2.357,3.026,-1.2673,-11.93,1.426,36.0,-9.99,43.0,-4.01,6.94,3846586.0,shrinking revenue,,19.5,,,,,,,,,,
NN,NextNav Inc,Technology,Software - Infrastructure,,,50.1,-4.33,-0.28,7.99,16.61,-20.58,-20.76,1.15,-42.01,1.0,2590000.0,0.01,14.16,Aug 11/a,31.25,2390000000.0,HIGH,-7.91,-1.83,1.25,-3.01,0.1559,False,-5.07,False,-9.16,6.414,5.436,-3.7448,-29.82,0.909,38.0,-9.4,37.0,-21.59,13.98,36484827.0,shrinking revenue,,123.5,,,,,,,,,,
NNBR,NN Inc,Industrials,Conglomerates,,18.87,49.34,19.29,-22.58,17.92,4.77,-0.9399999999999998,137.48,2.67,-19.96,1.0,3960000.0,0.07,3.59,Aug 05/a,6.67,296120000.0,HIGH,23.22,21.24,5.41,28.12,0.3125,True,24.97,True,25.02,6.826,24.834,-7.094,-5.85,1.854,1.0,24.24,41.0,16.54,4.51,10516243.0,>20% above 20-day SMA; fresh >10% breakout,,47.9,,,,,,,,,,
NRIX,Nurix Therapeutics Inc,Healthcare,Biotechnology,,,-55.54,-79.47,-2.86,-6.54,18.19,-7.090000000000001,50.13999999999999,1.81,-21.5,1.21,1350000.0,0.0,22.16,Jul 09/a,33.93,2300000000.0,HIGH,-12.05,-2.87,0.54,-7.15,0.1814,False,-7.09,False,-9.08,4.106,3.893,-2.3138,-18.56,1.312,32.0,-14.63,60.0,-0.3,22.99,37580923.0,shrinking revenue,,47.6,,,,,,,,,,
NTLA,Intellia Therapeutics Inc,Healthcare,Biotechnology,,,18.15,-46.23,-0.61,29.770000000000003,34.85,-29.5,-5.34,1.8,-58.55,2.26,4019999.999999999,0.16,11.71,Aug 06/b,23.81,1640000000.0,HIGH,-3.77,7.36,1.0,1.13,0.1319,True,1.52,True,2.02,5.651,5.465,-2.96,-20.6,1.335,28.0,-2.39,41.0,11.76,12.26,54464469.0,shrinking revenue,,94.2,,,,,,,,,,
NUAI,New Era Energy & Digital Inc,Technology,Software - Infrastructure,,,2.39,-82.55,0.0,131.46,30.78,12.73,67.18,1.24,-26.72,1.0,7710000.0,0.08,6.92,Aug 14/a,10.67,737540000.0,HIGH,16.27,-9.63,0.74,21.17,0.4106,False,-1.11,True,13.15,10.645,7.949,-9.413,-20.78,1.074,10.0,7.34,34.0,24.06,6.29,57964355.0,shrinking revenue,,69.6,,,,,,,,,,
NUS,Nu Skin Enterprises Inc,Consumer Defensive,Household & Personal Products,,4.0,-1304.66,-17.1,-1.18,-0.09,10.09,-11.95,-34.92,0.9,-63.14999999999999,3.0,616150.0,0.01,4.64,Aug 10/a,12.77,225860000.0,HIGH,-4.75,-0.65,0.71,0.15,0.105,False,-1.77,False,-4.91,3.393,3.037,-2.1453,-16.18,0.911,17.0,-4.95,38.0,-5.34,4.61,2470170.0,shrinking revenue,,177.0,,,,,,,,,,
NVAX,Novavax Inc,Healthcare,Biotechnology,,,-153.98,-76.3,0.0,0.09,31.82,12.07,24.14,2.46,-12.36,2.29,4540000.0,0.1,10.49,Aug 06/b,14.71,1730000000.0,HIGH,2.35,-3.15,0.78,7.25,0.2183,True,2.66,True,15.01,5.443,5.067,-2.8469,-5.85,0.843,10.0,3.46,41.0,35.84,10.46,52696172.0,shrinking revenue,,40.6,,,,,,,,,,
NVTS,Navitas Semiconductor Corp,Technology,Semiconductors,,,-284.43,-27.339999999999996,-10.14,13.83,17.85,-32.64,44.32,3.96,-65.03,2.86,13850000.0,0.42,11.95,Jul 27/a,14.37,3120000000.0,HIGH,5.08,5.71,1.74,9.98,0.1838,True,6.43,True,3.11,6.198,7.782,-3.9576,-17.06,1.661,35.0,-9.22,48.0,23.88,12.4,166278234.0,shrinking revenue,,15.9,,,,,,,,,,
OCSL,Oaktree Specialty Lending Corp,Financial,Asset Management,25.01,8.8,-19.34,-67.83,0.42,,3.64,0.24,10.22,0.56,-15.740000000000002,3.0,504650.0,0.03,11.99,Aug 05/b,12.5,1060000000.0,HIGH,-8.81,-0.75,1.4,-3.91,0.1057,False,-3.7,False,-5.05,2.159,2.435,-1.1007,-10.65,1.071,24.0,-8.53,42.0,-1.24,11.91,5566852.0,shrinking revenue,,5.0,,,,,,,,,,
OGN,Organon & Co,Healthcare,Drug Manufacturers - General,17.57,3.78,-28.360000000000003,-2.26,0.7,0.1,6.72,1.21,134.83,1.54,-0.51,3.0,2720000.0,0.0,13.71,Aug 11,14.0,3600000000.0,HIGH,-0.44,-0.07,0.8,4.46,0.0115,True,0.15,True,0.31,0.281,0.292,-0.1918,-0.47,0.717,20.0,-0.36,,,13.72,32728899.0,deal-pinned; shrinking revenue,,2.0,,,,,,,,,,
OGS,ONE Gas Inc,Utilities,Utilities - Regulated Gas,15.49,14.23,39.88,-2.86,0.0,1.8799999999999997,6.15,-9.84,-16.31,0.62,-20.91,1.7,566970.0,0.0,71.8,Aug 04/a,89.06,4510000000.0,HIGH,-9.13,1.27,0.88,-4.23,0.1617,False,-3.28,False,-6.88,1.8,1.295,-0.8789,-11.91,1.208,33.0,-9.26,42.0,-6.16,72.57,47755590.0,shrinking revenue,,22.7,,,,,,,,,,
OI,O-I Glass Inc,Consumer Cyclical,Packaging & Containers,,3.9,-19384.0,-2.23,1.18,2.23,11.41,-38.89,-42.83,0.66,-65.35,2.3,3390000.0,0.01,5.86,Jul 28/a,9.59,900450000.0,HIGH,-21.57,-3.11,0.78,-16.67,0.2762,False,-9.13,False,-18.19,3.98,3.929,-1.7521,-43.72,1.173,,,47.0,-27.27,5.6,22421660.0,shrinking revenue,,71.3,,,,,,,,,,
OIG,Orion180 Insurance Group Inc,Financial,Insurance - Property & Casualty,,,,,0.0,,,,,,-20.32,,1430000.0,0.0,9.61,-,,951700000.0,LOW,,,,,,,,,,,,,,,,,,,,,low data confidence; incomplete signals,,,,,,,,,,,,
OIS,Oil States International Inc,Energy,Oil & Gas Equipment & Services,,11.3,112.45,-5.29,-0.8500000000000001,-0.72,4.45,2.48,-31.0,1.19,-42.9,1.75,607870.0,0.0,8.28,Jul 30/b,11.0,499470000.0,HIGH,-6.05,-0.96,0.81,-1.15,0.1101,False,-1.95,False,-3.0,2.89,2.187,-1.6733,-10.83,1.478,35.0,-5.62,46.0,8.58,8.23,5144044.0,shrinking revenue,,33.7,,,,,,,,,,
OLED,Universal Display Corp,Technology,Electronic Components,18.41,16.16,-24.92,-11.43,0.28,5.7,11.01,-11.78,-17.18,1.52,-50.39,1.64,768920.0,0.0,76.09,Jul 30/a,114.0,3500000000.0,HIGH,-2.39,6.49,0.82,2.51,0.1311,True,2.66,False,-2.63,3.12,4.193,-3.0148,-14.87,0.64,38.0,-11.23,45.0,0.26,80.37,59152150.0,shrinking revenue,,41.8,,,,,,,,,,
OLN,Olin Corp,Basic Materials,Chemicals,,27.81,-933.63,-0.93,0.0,-2.49,11.38,-20.32,-42.81,1.22,-45.54,2.7,3010000.0,0.01,16.59,Jul 30/a,21.25,1890000000.0,HIGH,-8.46,-0.93,1.4,-3.56,0.1603,False,-4.72,False,-11.75,3.351,2.83,-1.9416,-35.94,1.237,54.0,-27.69,45.0,-14.1,15.9,46494803.0,shrinking revenue,,33.6,,,,,,,,,,
ONCO,Onconetix Inc,Healthcare,Biotechnology,,,99.46,-83.92,39.97,0.29,3.1,22.6,-93.97,2.64,-99.44,,1830000.0,113.79,1.17,-,,5120000.0,HIGH,-28.04,-33.87,0.06,-23.14,0.7155,False,-7.31,False,-5.84,23.336,5.041,-14.7552,-48.31,2.267,6.0,-19.43,,,0.73,6215727.0,shrinking revenue,,,,,,,,,,,,
ONT,Onterris Inc,Industrials,Waste Management,,70.34,-90.95,-20.42,1.19,13.16,13.69,-29.01,-31.39,1.81,-53.11,2.14,690500.0,0.04,14.49,Aug 05/a,20.33,508850000.0,HIGH,-28.8,-13.18,1.38,-23.9,0.4946,False,-22.92,False,-26.32,9.475,8.143,-4.6019,-45.5,1.403,17.0,-28.68,41.0,-15.77,12.71,11378216.0,shrinking revenue,,60.0,,,,,,,,,,
OPEN,Opendoor Technologies Inc,Real Estate,Real Estate Services,,,-321.36,-43.65,-0.0,10.23,26.24,-45.0,-47.29,3.72,-73.89,3.0,54500000.0,0.22,2.53,Aug 04/a,4.27,2460000000.0,HIGH,-22.54,0.41,0.93,-17.64,0.3423,False,-8.08,False,-23.57,5.779,4.918,-3.0753,-55.6,0.851,,,42.0,-35.11,2.44,84634247.0,shrinking revenue,,75.0,,,,,,,,,,
OPTU,Optimum Communications Inc,Communication Services,Telecom Services,,,-225.51,-5.75,2.44,-24.21,10.47,-39.16,-26.280000000000005,1.18,-63.13999999999999,3.54,4920000.0,0.0,1.01,Aug 06/b,1.08,385250000.0,HIGH,-12.76,-9.31,0.8,-7.86,0.1965,False,-9.55,False,-1.27,8.944,12.009,-3.7979,-26.13,0.804,9.0,-15.19,41.0,16.84,0.92,2105173.0,shrinking revenue,,17.4,,,,,,,,,,
ORBS,Eightco Holdings Inc,Consumer Cyclical,Packaging & Containers,,,111.56,-72.71,0.77,10.91,6.68,60.02000000000001,10.89,2.63,-91.35,,13290000.0,0.79,1.12,-,,481350000.0,HIGH,28.32,0.0,2.07,33.22,0.4353,True,11.32,True,35.81,11.256,17.672,-9.3296,-14.39,1.223,4.0,0.0,,,1.16,16109313.0,shrinking revenue,,,,,,,,,,,,
ORGO,Organogenesis Holdings Inc,Healthcare,Drug Manufacturers - Specialty & Generic,,,-702.49,-56.68,0.0,4.88,19.83,-42.56,-39.3,1.25,-80.36,3.0,792360.0,0.47,1.39,Aug 06/a,2.0,178860000.0,HIGH,-22.22,-3.62,0.86,-17.32,0.2573,False,-8.45,False,-25.02,4.962,6.015,-3.1662,-50.56,0.711,53.0,-49.43,40.0,-28.49,1.33,906717.0,shrinking revenue,,50.4,,,,,,,,,,
OSS,One Stop Systems Inc,Technology,Computer Hardware,181.29,150.17,-216.2,-33.74,-0.44,6.11,23.24,-45.66,17.55,1.44,-56.85,1.0,973390.0,0.14,9.01,Aug 05/b,19.25,224750000.0,HIGH,-13.14,-2.81,2.83,-8.24,0.1743,False,-4.69,False,-20.12,5.426,8.891,-3.1879,-41.49,1.088,,,42.0,-33.99,8.66,6469306.0,shrinking revenue,,122.3,,,,,,,,,,
OVID,Ovid Therapeutics Inc,Healthcare,Biotechnology,,,-15.329999999999998,-88.31,0.0,26.82,11.69,-11.76,4.35,0.22,-22.71,1.0,1990000.0,0.01,2.4,Aug 13/b,6.0,468710000.0,HIGH,-15.0,-3.25,1.23,-10.1,0.2029,False,-9.03,False,-9.8,5.777,6.303,-2.5085,-19.32,0.931,32.0,-16.2,36.0,-9.16,2.38,4634531.0,shrinking revenue,,152.1,,,,,,,,,,
OXSQ,Oxford Square Capital Corp,Financial,Asset Management,,5.82,-32.89,-41.87,4.35,0.39,4.25,-3.7599999999999993,-23.81,0.33,-37.56,3.0,1550000.0,0.25,1.28,Jul 31/b,1.75,137870000.0,HIGH,-5.19,0.79,0.96,-0.29,0.1028,False,-1.23,False,-6.96,2.455,1.562,-1.02,-20.5,0.826,,,45.0,-11.11,1.28,1688117.0,shrinking revenue,,36.7,,,,,,,,,,
PAAI,Paradium.AI Inc,Communication Services,Internet Content & Information,8.6,56.19,-100.16,-50.72,0.0,-2.19,3.8,90.47,-26.39,0.78,-74.34,3.0,2130000.0,0.48,1.69,Aug 10/a,2.0,80260000.0,HIGH,11.54,-19.44,0.07,16.44,1.5893,False,-13.91,False,-6.8,46.736,9.483,-63.3927,-66.57,0.213,12.0,28.89,38.0,-27.5,1.16,11334797.0,shrinking revenue,,72.4,,,,,,,,,,
PAL,Proficient Auto Logistics Inc,Industrials,Integrated Freight & Logistics,,6.43,-147.34,-5.32,-0.05,-0.2,13.66,-48.22,-42.24,1.2,-66.72,1.75,623430.0,0.01,3.65,Aug 10/a,12.0,102400000.0,HIGH,-30.47,0.85,0.56,-25.57,0.6067,False,-16.25,False,-32.64,8.256,3.652,-3.3477,-53.71,1.165,,,38.0,-30.2,3.56,4007253.0,shrinking revenue,,237.1,,,,,,,,,,
PATK,Patrick Industries Inc,Consumer Cyclical,Recreational Vehicles,16.17,12.9,33.27,-0.56,2.11,-0.61,16.2,-27.02,-36.68,1.13,-54.21,1.73,666030.0,0.05,68.0,Jul 30/b,107.55,2180000000.0,HIGH,-18.93,-2.67,0.8,-14.03,0.2474,False,-5.84,False,-15.53,3.354,1.802,-1.842,-25.88,0.947,40.0,-22.37,46.0,-20.05,67.16,43617506.0,shrinking revenue,,60.1,,,,,,,,,,
PAVS,Paranovus Entertainment Technology Ltd,Consumer Defensive,Packaged Foods,,,26.05,70797.99,0.0,0.0,4.63,-27.97,-98.2,-0.15,-100.0,1.0,1050000.0,0.02,4.43,-,210.0,3850000.0,HIGH,-20.23,-14.38,0.85,-15.33,0.2506,False,-11.71,False,-24.99,7.004,10.667,-3.5451,-61.34,0.018,39.0,-39.02,,,3.75,62828.0,illiquid (<$500K/day),,5500.0,,,,,,,,,,
PAYO,Payoneer Global Inc,Technology,Software - Infrastructure,51.3,25.99,-114.06,5.24,-0.03,1.3,5.38,0.14,48.54,0.88,-1.25,3.0,3770000.0,0.0,7.1,Aug 06/b,7.4,2410000000.0,HIGH,-0.28,0.14,0.55,4.62,0.0095,True,0.21,True,0.33,0.44,0.28,-0.2988,-0.56,0.569,21.0,0.42,41.0,0.56,7.15,20667761.0,deal-pinned,,3.5,,,,,,,,,,
PAYS,PaySign Inc,Technology,Software - Infrastructure,49.98,30.48,354.17,48.08,-4.39,14.38,5.02,53.849999999999994,127.76,0.84,-11.3,1.0,723250.0,0.08,12.8,Aug 05/a,13.5,722720000.0,HIGH,5.8,11.87,0.98,10.7,0.1903,True,9.98,True,15.57,4.633,4.919,-3.2092,-4.69,1.389,3.0,10.74,41.0,48.38,14.23,11522011.0,fresh >10% breakout,,-5.1,,,,,,,,,,
PBI,Pitney Bowes Inc,Industrials,Integrated Freight & Logistics,13.24,8.92,116.73,-2.25,-68.64,-0.01,13.62,-9.31,49.5,1.65,-14.78,2.6,1870000.0,0.0,16.25,Jul 29/a,19.56,2230000000.0,HIGH,-3.68,2.32,1.17,1.22,0.0974,False,-0.3,False,-1.64,2.723,2.387,-1.2511,-12.11,1.22,,,46.0,-5.1,16.76,31284128.0,shrinking revenue,,16.7,,,,,,,,,,
PEB,Pebblebrook Hotel Trust,Real Estate,REIT - Hotel & Motel,,,178.49,-0.1,-1.36,-2.03,16.62,3.4099999999999997,63.129999999999995,1.45,0.35,2.94,2190000.0,0.0,20.0,Jul 29/a,19.09,2260000000.0,HIGH,5.77,1.82,1.07,10.67,0.087,True,4.42,True,3.66,2.495,3.408,-1.2065,-4.32,1.017,3.0,1.92,46.0,1.92,19.07,40995277.0,shrinking revenue,,0.1,,,,,,,,,,
PENG,Penguin Solutions Inc,Technology,Information Technology Services,34.84,16.36,9752.86,47.64,-4.01,8.83,14.45,-19.18,228.99000000000004,2.87,-38.9,1.5,2760000.0,0.08,54.91,Oct 06/a,74.29,2810000000.0,HIGH,18.55,11.6,2.4,23.45,0.2691,True,15.93,True,15.19,5.022,8.931,-4.8767,-26.07,1.004,1.0,11.6,,,61.36,79657680.0,fresh >10% breakout,,21.1,,,,,,,,,,
PETS,Petmed Express Inc,Healthcare,Pharmaceutical Retailers,,,82.78,-19.86,0.36,-8.11,3.89,-10.41,-26.88,0.82,-60.23,5.0,635900.0,0.0,1.63,Aug 13/a,1.4,35350000.0,HIGH,-24.86,-3.55,1.41,-19.96,0.3357,False,-13.6,False,-23.06,3.782,2.941,-1.9541,-36.74,1.257,51.0,-30.61,35.0,-25.68,1.36,205076.0,illiquid (<$500K/day); shrinking revenue,,2.9,,,,,,,,,,
PHIO,Phio Pharmaceuticals Corp,Healthcare,Biotechnology,,,21.14,,4.82,-0.24,1.44,7.61,-15.869999999999996,0.84,-74.7,1.0,593000.0,0.16,1.06,Aug 07/b,14.0,12310000.0,HIGH,-8.8,-2.48,0.48,-3.9,0.0762,False,-3.4,False,-7.24,4.888,4.061,-1.8446,-20.56,0.554,32.0,-6.19,40.0,-5.29,0.99,115888.0,illiquid (<$500K/day),,1314.1,,,,,,,,,,
PLAY,Dave & Buster's Entertainment Inc,Communication Services,Entertainment,,,-210.7,-2.39,0.31,2.74,29.59,-41.92,-32.93,1.89,-70.23,2.27,2040000.0,0.02,6.58,Sep 14/a,13.43,229190000.0,HIGH,-22.59,5.3,0.61,-17.69,0.4754,False,-6.21,False,-24.18,6.923,7.778,-5.2881,-43.51,0.815,44.0,-37.73,14.0,-1.6,6.75,24256644.0,shrinking revenue,,99.0,,,,,,,,,,
PMVP,PMV Pharmaceuticals Inc,Healthcare,Biotechnology,,,16.92,,0.0,-3.7599999999999993,4.28,5.43,3.82,1.4,-27.66,1.0,506100.0,0.0,1.36,Aug 14/b,4.2,102700000.0,HIGH,38.76,31.62,3.9,43.66,0.3775,True,23.13,True,36.06,7.462,10.615,-5.3097,-6.28,2.619,3.0,25.17,35.0,47.33,1.79,1488996.0,>20% above 20-day SMA; fresh >10% breakout,,134.6,,,,,,,,,,
POLA,Polar Power Inc,Industrials,Electrical Equipment & Parts,,,-355.98,-62.36999999999999,0.0,12.82,8.06,-26.11,-14.19,1.17,-76.87,1.0,1010000.0,0.0,1.33,-,35.0,5740000.0,HIGH,-15.94,-7.94,0.25,-11.04,0.1898,False,-8.66,False,-21.27,7.512,6.897,-3.4077,-50.85,0.284,44.0,-28.83,,,1.16,195291.0,illiquid (<$500K/day); shrinking revenue,,2917.2,,,,,,,,,,
POST,Post Holdings Inc,Consumer Defensive,Packaged Foods,13.41,10.14,-27.889999999999997,-1.83,-5.5,-3.51,15.81,-18.64,-23.72,0.38,-37.76,1.67,973890.0,0.0,73.0,Aug 06/a,105.17,3210000000.0,HIGH,-14.27,-3.09,0.76,-9.37,0.1822,False,-5.7,False,-11.03,2.798,1.916,-1.3684,-25.73,0.778,48.0,-20.53,40.0,-7.79,72.56,73866963.0,shrinking revenue,,44.9,,,,,,,,,,
PPLI,People Inc,Communication Services,Internet Content & Information,7.26,35.76,160.9,-25.590000000000003,-0.05,-11.91,16.97,-13.95,2.7,1.06,-17.43,1.67,1050000.0,0.08,39.9,Aug 03/a,56.73,2970000000.0,HIGH,5.87,4.14,0.82,10.77,0.1919,True,7.49,True,4.13,3.706,2.495,-3.2074,-14.18,1.365,4.0,4.14,43.0,-1.85,41.28,53775714.0,shrinking revenue,,37.4,,,,,,,,,,
PRGO,Perrigo Company plc,Healthcare,Drug Manufacturers - Specialty & Generic,,6.46,977.7999999999998,-3.17,0.0,1.96,16.39,54.23,62.63999999999999,0.69,-31.569999999999997,2.5,3260000.0,0.0,15.5,Aug 05/b,15.33,2150000000.0,HIGH,-4.42,-5.56,0.75,0.48,0.1717,True,0.28,True,6.76,4.638,4.769,-3.1199,-9.11,0.897,6.0,-2.86,42.0,32.28,14.26,41123250.0,shrinking revenue,,7.5,,,,,,,,,,
PRIM,Primoris Services Corp,Industrials,Engineering & Construction,28.33,13.74,-129.13,-10.71,-7.739999999999999,-1.76,10.22,-25.96,-49.83,1.45,-64.96,1.62,1380000.0,0.0,72.0,Aug 04/a,118.27,3880000000.0,HIGH,6.25,11.19,1.15,11.15,0.105,True,5.37,True,1.39,4.094,2.959,-2.1772,-14.28,1.143,1.0,3.71,42.0,-5.18,79.08,100270838.0,shrinking revenue,,49.6,,,,,,,,,,
PRKS,United Parks & Resorts Inc,Consumer Cyclical,Leisure,12.89,9.0,-7.21,-1.41,-1.24,-9.6,13.01,-29.74,10.29,1.24,-41.14,2.23,674510.0,0.0,32.79,Aug 04/b,48.45,1490000000.0,HIGH,-19.75,1.31,0.9,-14.85,0.3287,False,-7.25,False,-19.84,4.621,5.083,-2.3184,-35.08,0.995,,,43.0,-28.68,32.46,26397792.0,shrinking revenue,,49.3,,,,,,,,,,
PROK,ProKidney Corp,Healthcare,Biotechnology,,,-20.38,-32.13,-0.54,3.06,19.13,-15.869999999999996,-0.62,1.78,-54.31,2.0,1480000.0,0.03,1.59,Aug 10/a,6.25,480700000.0,HIGH,-14.43,6.83,0.61,-9.53,0.2668,False,-3.0,True,2.44,6.935,4.942,-4.4144,-17.7,0.967,22.0,-7.03,38.0,6.83,1.72,3222359.0,shrinking revenue,,263.4,,,,,,,,,,
PSN,Parsons Corp,Technology,Information Technology Services,28.34,12.09,-128.34,-0.53,3.9,4.97,5.07,-20.17,-21.97,0.7,-54.22,1.6,1380000.0,0.0,40.97,Jul 29/b,58.1,4380000000.0,HIGH,-14.27,-1.95,1.74,-9.37,0.2128,False,-8.22,False,-12.82,3.685,3.898,-1.7637,-34.53,0.933,26.0,-16.14,47.0,1.17,40.79,54822087.0,shrinking revenue,,42.4,,,,,,,,,,
PUMP,ProPetro Holding Corp,Energy,Oil & Gas Equipment & Services,,26.35,4.06,-6.24,-62.5,29.4,15.57,-34.46,-34.24,0.85,-47.78,1.82,3940000.0,0.0,9.66,Jul 29/b,16.38,1190000000.0,HIGH,-19.18,-0.32,0.8,-14.28,0.4024,False,-9.62,False,-14.74,4.91,4.746,-3.1987,-34.58,1.043,,,47.0,-9.21,9.27,41873117.0,shrinking revenue,,76.7,,,,,,,,,,
PVH,PVH Corp,Consumer Cyclical,Apparel Manufacturing,,6.08,-148.29,-3.2400000000000007,1.0,1.7399999999999998,9.97,3.68,14.44,1.76,-24.57,2.12,965150.0,0.0,75.99,Sep 02/a,87.45,3510000000.0,HIGH,1.61,-0.26,0.75,6.51,0.1271,True,2.72,False,-3.28,2.994,2.979,-2.1472,-17.12,0.774,44.0,-12.84,21.0,4.48,75.53,69265814.0,shrinking revenue,,15.8,,,,,,,,,,
PYXS,Pyxis Oncology Inc,Healthcare,Biotechnology,,,-33.64,-100.0,0.0,0.58,6.52,-1.4,115.27,1.35,-49.19,1.2,1320000.0,0.0,2.82,Aug 13/b,8.67,235210000.0,HIGH,-44.99,-26.21,1.37,-40.09,0.6108,False,-31.5,False,-32.07,10.09,9.813,-6.5274,-48.43,2.041,20.0,-39.97,36.0,-28.9,2.14,4237506.0,shrinking revenue,,305.1,,,,,,,,,,
PZZA,Papa John's International Inc,Consumer Cyclical,Restaurants,24.48,14.44,-12.98,-8.84,0.0,7.5,21.53,-45.58,-38.6,1.11,-65.02,2.53,1360000.0,0.0,19.5,Aug 06/b,31.3,641970000.0,HIGH,-14.33,-3.29,0.67,-9.43,0.1916,False,-5.56,False,-17.86,3.643,2.47,-2.7595,-43.24,0.786,,,41.0,-21.14,19.43,31342167.0,shrinking revenue,,61.1,,,,,,,,,,
QMCO,Quantum Corp,Technology,Computer Hardware,,37.18,-277.09,25.69,-0.05,13.23,8.28,163.54,567.31,3.12,-5.39,1.0,1600000.0,0.31,31.23,Aug 10/a,26.5,1230000000.0,HIGH,39.51,9.87,1.95,44.41,0.5713,True,27.48,True,58.3,8.427,15.42,-4.4119,-1.91,1.084,1.0,8.18,38.0,192.87,34.5,52409306.0,>40% above 50-day SMA; >20% above 20-day SMA,,-23.2,,,,,,,,,,
QNRX,Quoin Pharmaceuticals Ltd ADR,Healthcare,Biotechnology,,,98.79,,,6.950000000000001,,34.44,-4.57,1.54,-85.37,1.0,545250.0,0.0,6.12,Aug 14/b,23.8,12290000.0,HIGH,-38.43,-15.02,0.38,-33.53,0.608,False,-29.65,False,-21.02,12.562,7.606,-4.9063,-45.82,0.091,25.0,-13.29,35.0,-12.18,4.47,334444.0,illiquid (<$500K/day),,432.4,,,,,,,,,,
QUCY,Quantum Cyber NV,Healthcare,Diagnostics & Research,,,97.59,-100.0,0.0,-15.03,7.36,-16.53,203.55000000000004,2.37,-72.91,1.0,1850000.0,0.13,1.34,Apr 14,9.0,112280000.0,HIGH,-16.35,-2.21,1.0,-11.45,0.1921,False,-1.74,False,-1.84,5.107,5.263,-3.5959,-19.39,0.432,22.0,-10.14,,,1.33,629827.0,shrinking revenue,,576.7,,,,,,,,,,
RAMP,LiveRamp Holdings Inc,Technology,Software - Infrastructure,15.49,9.52,143.93,9.84,0.0,0.4599999999999999,13.52,0.19,45.8,1.27,-1.91,3.0,1030000.0,0.0,37.5,Aug 05/a,38.5,2280000000.0,HIGH,-0.26,0.05,1.26,4.64,0.0128,False,-0.0,False,-0.16,0.518,0.611,-0.2965,-1.52,1.359,13.0,0.11,41.0,-0.4,37.65,51912892.0,deal-pinned,,2.3,,,,,,,,,,
RBBN,Ribbon Communications Inc,Technology,Software - Application,22.0,11.54,-141.4,-12.8,0.0,-0.91,3.55,-18.18,-15.89,1.36,-55.99000000000001,1.4,824530.0,0.0,1.8,Jul 28/a,3.3,321880000.0,HIGH,-11.06,2.31,1.96,-6.16,0.2453,False,-3.23,False,-10.05,6.336,3.955,-3.8868,-27.46,1.525,,,47.0,-13.66,1.77,2051039.0,shrinking revenue,,86.4,,,,,,,,,,
RC,Ready Capital Corp,Real Estate,REIT - Mortgage,,,-79.69,-60.260000000000005,0.01,-2.07,12.66,-23.3,-11.18,1.55,-67.86,3.29,1270000.0,0.02,1.35,Aug 06/a,1.8,223000000.0,HIGH,-35.43,-13.08,1.31,-30.53,0.5772,False,-24.62,False,-30.19,8.47,6.195,-3.592,-43.5,1.534,28.0,-40.21,40.0,-27.1,1.13,2235615.0,shrinking revenue,,59.3,,,,,,,,,,
RCUS,Arcus Biosciences Inc,Healthcare,Biotechnology,,,,-74.38,-0.27,3.3099999999999996,16.25,-22.66,18.53,0.93,-24.26,1.46,1370000.0,0.0,24.04,Aug 05/a,39.27,3060000000.0,HIGH,-17.6,-2.28,0.59,-12.7,0.2426,False,-5.49,False,-12.07,5.023,6.097,-3.1369,-22.61,0.891,28.0,-18.86,41.0,-11.77,24.44,45512655.0,shrinking revenue,,60.7,,,,,,,,,,
REF,Reformation Inc,Consumer Cyclical,Apparel Retail,,,,,-9.4,44.31,12.31,,,,-28.33,1.33,683490.0,0.0,12.37,Sep 10/a,19.25,730820000.0,HIGH,-6.14,4.05,0.75,-1.24,0.3459,False,-5.07,,,7.009,3.268,-4.4303,,,,,16.0,-2.28,12.85,9205516.0,incomplete signals,,49.8,,,,,,,,,,
RHI,Robert Half Inc,Industrials,Staffing & Employment Services,32.2,18.77,-35.39,-2.44,0.0,-0.28,19.91,14.27,48.95,0.81,-20.77,3.31,2180000.0,0.0,37.0,Jul 23/a,34.78,3790000000.0,HIGH,-15.17,-1.74,0.93,-10.27,0.152,False,-4.07,False,-10.5,3.844,6.035,-2.718,-22.66,0.685,25.0,-19.68,50.0,2.35,36.12,67547767.0,shrinking revenue,,-3.7,,,,,,,,,,
RLAY,Relay Therapeutics Inc,Healthcare,Biotechnology,,,-0.44,-48.3,-12.18,23.4,25.93,-13.73,77.4,1.73,-19.93,1.07,3080000.0,0.05,17.03,Aug 06/a,27.08,3730000000.0,HIGH,-0.42,7.18,0.76,4.48,0.1193,True,1.99,False,-0.7,4.849,2.795,-2.8183,-10.86,0.969,32.0,-8.01,40.0,-4.0,18.96,67575098.0,shrinking revenue,,42.8,,,,,,,,,,
RNST,Renasant Corp,Financial,Banks - Regional,12.01,10.2,8726.17,-0.63,-2.68,0.67,5.35,-6.12,13.87,1.02,-10.04,1.29,672130.0,0.0,40.07,Jul 28/a,48.14,3660000000.0,HIGH,-3.57,0.15,1.15,1.33,0.0642,False,-0.85,False,-4.08,1.959,1.528,-0.9661,-10.37,1.193,43.0,-9.13,47.0,-8.92,39.92,29826228.0,shrinking revenue,,20.6,,,,,,,,,,
RPD,Rapid7 Inc,Technology,Software - Infrastructure,37.79,6.29,-30.64,-1.55,-0.03,10.53,12.01,47.05,118.2,1.02,-42.99,3.27,2440000.0,0.03,11.5,Aug 10/a,11.96,775040000.0,HIGH,10.82,3.31,0.53,15.72,0.2963,True,2.53,True,4.26,6.699,4.061,-6.4449,-17.61,0.569,36.0,-0.65,38.0,5.0,12.19,22369822.0,shrinking revenue,,-1.9,,,,,,,,,,
RWAY,Runway Growth Finance Corp,Financial,Asset Management,63.06,5.08,42.77,-124.47,-6.529999999999999,-0.95,10.43,24.27,3.18,0.64,-34.23,2.38,545360.0,0.01,6.81,Aug 06/a,8.04,285410000.0,HIGH,-1.5,-2.09,1.17,3.4,0.0464,False,-1.51,True,1.6,2.062,2.595,-1.0372,-6.29,0.577,6.0,-2.67,40.0,9.53,6.55,2056060.0,shrinking revenue,,22.7,,,,,,,,,,
RXO,RXO Inc,Industrials,Trucking,,32.23,0.75,25.019999999999996,0.0,-1.28,9.05,-26.530000000000005,44.02,2.0,-33.14,2.57,1810000.0,0.0,19.99,Aug 06/b,24.47,3300000000.0,HIGH,13.17,16.03,1.93,18.07,0.1821,True,15.94,True,10.3,4.879,10.629,-3.1202,-21.81,1.103,2.0,14.27,41.0,15.51,23.38,38692907.0,fresh >10% breakout,,4.7,,,,,,,,,,
RXRX,Recursion Pharmaceuticals Inc,Healthcare,Biotechnology,,,40.28,-60.099999999999994,-0.8,3.46,37.13,0.27,25.85,1.06,-48.47,2.14,19990000.0,0.25,3.7,Aug 05/b,7.22,1980000000.0,HIGH,13.5,11.35,0.88,18.4,0.3766,True,12.48,True,20.53,6.467,6.311,-5.4529,-3.96,1.159,3.0,2.23,42.0,29.97,4.12,80534973.0,shrinking revenue,,75.2,,,,,,,,,,
SDGR,Schrodinger Inc,Healthcare,Health Information Services,,,113.42000000000002,7.539999999999999,-1.03,-1.2,17.65,64.63,158.39,1.69,-9.38,1.57,1500000.0,0.21,28.63,Aug 05/a,21.43,2140000000.0,HIGH,50.87,2.75,1.12,55.77,0.741,True,15.59,True,42.24,7.818,6.137,-7.1033,-6.59,1.843,3.0,-0.07,41.0,84.82,30.31,76902736.0,>40% above 50-day SMA,,-29.3,,,,,,,,,,
SDOT,Sadot Group Inc,Consumer Defensive,Farm Products,,,435.47,-100.0,0.0,0.13,7.01,-69.37,-64.58,-1.58,-95.78,3.0,2810000.0,0.06,10.98,Aug 14/b,3000.0,15980000.0,HIGH,-16.13,1.71,0.62,-11.23,0.2797,False,-8.38,False,-16.54,7.801,6.209,-4.5546,-69.83,0.12,29.0,-18.74,35.0,-2.72,10.71,1326537.0,shrinking revenue,,27911.2,,,,,,,,,,
SECZ,Securitize Corp,Technology,Software - Application,,37.46,-5304.17,,0.0,6.07,2.27,20.99,44.7,0.56,-5.02,1.0,2530000.0,1.23,15.73,Aug 12/a,13.7,2570000000.0,HIGH,75.07,-21.89,0.85,79.97,1.1896,True,12.33,True,50.28,13.444,16.32,-9.6361,-23.63,1.246,5.0,-18.61,36.0,127.89,12.99,63510010.0,>40% above 50-day SMA,,5.5,,,,,,,,,,
SEER,Seer Inc,Healthcare,Biotechnology,,,8.4,-23.43,-0.14,-0.03,0.24,15.06,13.019999999999998,1.5,-20.75,1.0,1080000.0,0.0,1.91,Aug 11/a,4.0,105760000.0,HIGH,15.38,10.84,0.69,20.28,0.2691,True,14.3,True,10.83,3.93,2.222,-2.621,-0.88,0.985,1.0,2.27,37.0,5.14,2.25,579947.0,shrinking revenue,,77.8,,,,,,,,,,
SFNC,Simmons First National Corp,Financial,Banks - Regional,,10.12,5.91,-0.69,0.0,-0.18,4.42,2.98,23.13,0.94,-4.0,2.14,1400000.0,0.0,23.35,Jul 16/a,25.93,3370000000.0,HIGH,-3.33,0.31,1.55,1.57,0.0515,False,-0.23,False,-1.14,2.084,1.616,-1.2705,-5.84,1.288,45.0,-2.18,55.0,-0.22,22.9,35097970.0,shrinking revenue,,13.2,,,,,,,,,,
SHOE,Shoe Station Group Inc,Consumer Cyclical,Apparel Retail,14.85,9.12,-67.28,-7.21,0.34,3.69,48.82,-15.37,-18.23,1.36,-41.47,2.33,935290.0,0.0,13.1,Sep 10/b,15.0,356110000.0,HIGH,-10.59,-4.77,0.63,-5.69,0.113,False,-3.56,False,-11.59,3.821,4.054,-2.5939,-22.39,1.095,39.0,-20.13,17.0,2.44,12.58,19108875.0,shrinking revenue,,19.2,,,,,,,,,,
SHPH,Shuttle Pharmaceuticals Holdings Inc,Healthcare,Drug Manufacturers - Specialty & Generic,,,94.37,,-73.26,-1.6,0.57,26.77,-37.89,1.19,-92.63,,1910000.0,0.13,4.12,-,,19630000.0,HIGH,19.14,1.46,0.18,24.04,0.333,True,13.75,True,13.09,8.499,6.115,-5.4721,-18.24,0.127,1.0,5.57,,,4.17,90450.0,illiquid (<$500K/day),,,,,,,,,,,,
SIGA,SIGA Technologies Inc,Healthcare,Drug Manufacturers - Specialty & Generic,,,-64.94,-49.45,0.0,0.71,9.07,-5.26,-27.05,1.05,-58.379999999999995,,759270.0,0.0,3.42,Aug 06/a,11.57,245720000.0,HIGH,2.74,-2.31,0.97,7.64,0.1925,True,5.03,True,7.55,4.48,4.142,-2.963,-8.89,0.79,6.0,4.0,40.0,10.82,3.38,2138097.0,shrinking revenue,,242.3,,,,,,,,,,
SITC,SITE Centers Corp,Real Estate,REIT - Retail,1.28,,-103.3,-67.47,0.0,-1.56,11.68,-3.55,-24.09,0.99,-42.17,3.0,1160000.0,0.0,3.06,Aug 03/a,3.5,160570000.0,HIGH,19.16,12.13,1.45,24.06,0.2643,True,13.36,True,7.2,2.985,3.216,-2.4991,-25.08,2.341,4.0,12.13,43.0,7.89,3.42,4406533.0,shrinking revenue,,2.3,,,,,,,,,,
SKYQ,Sky Quarry Inc,Energy,Oil & Gas Integrated,,,5.76,-100.0,0.0,-7.91,9.27,-18.39,17.36,2.18,-85.4,,6740000.0,0.61,2.84,-,,25090000.0,HIGH,-5.02,-5.38,0.09,-0.12,0.364,False,-10.85,False,-20.48,10.613,3.252,-6.6826,-64.86,0.203,14.0,-21.66,,,2.46,12311598.0,shrinking revenue,,,,,,,,,,,,
SLDP,Solid Power Inc,Consumer Cyclical,Auto Parts,,,24.98,-103.54999999999998,-0.13,-6.01,14.1,-8.87,-18.85,2.01,-73.26,1.0,3490000.0,0.44,2.37,Aug 04/a,6.88,540670000.0,HIGH,-7.36,3.1,0.79,-2.46,0.1457,False,-3.85,False,-0.26,5.006,4.936,-3.1538,-12.41,0.915,22.0,0.0,42.0,8.88,2.33,7140771.0,shrinking revenue,,195.3,,,,,,,,,,
SLM,SLM Corp,Financial,Credit Services,6.62,7.05,-8.56,-2.76,0.0,1.45,9.76,-7.03,14.63,0.96,-23.82,2.09,2470000.0,0.0,23.66,Jul 23/a,28.55,4450000000.0,HIGH,-15.99,-0.66,1.72,-11.09,0.2427,False,-7.6,False,-11.88,3.218,1.758,-1.8915,-19.53,1.158,35.0,-17.99,50.0,-5.91,22.75,52114687.0,shrinking revenue,REVIEW,25.5,,,,,,,,,,
SMG,Scotts Miracle-Gro Company,Basic Materials,Agricultural Inputs,44.53,10.55,-25.51,-1.34,-0.2299999999999999,6.63,10.63,-24.82,-16.09,1.84,-32.45,1.88,967110.0,0.0,50.89,Jul 29/b,76.6,2960000000.0,HIGH,-17.57,1.2,0.89,-12.67,0.2419,False,-8.0,False,-17.28,3.755,4.284,-1.8841,-34.93,1.476,,,47.0,-30.3,49.02,58229843.0,shrinking revenue,,56.3,,,,,,,,,,
SMPL,Simply Good Foods Co,Consumer Defensive,Packaged Foods,,5.67,-242.88,-6.29,1.07,-4.3,9.54,-26.49,-33.61,0.17,-62.59,2.2,2400000.0,0.0,9.6,Jul 09/b,14.38,849220000.0,HIGH,-14.15,2.4,0.66,-9.25,0.1898,False,-1.61,False,-6.86,3.372,3.357,-2.4926,-26.91,1.037,21.0,-12.85,61.0,-23.44,9.83,23393203.0,shrinking revenue,,46.3,,,,,,,,,,
SMR,NuScale Power Corp,Industrials,Specialty Industrial Machinery,,,1.36,-99.07,-84.57,15.509999999999998,18.87,-18.62,-18.94,2.36,-85.46,2.61,33210000.0,0.15,8.35,Aug 05/a,11.97,3590000000.0,HIGH,-20.1,-2.02,0.68,-15.2,0.449,False,-11.64,False,-13.98,6.724,5.677,-6.3133,-31.84,0.855,19.0,-20.1,41.0,-17.38,7.75,331836768.0,shrinking revenue,,54.5,,,,,,,,,,
SON,Sonoco Products Co,Consumer Cyclical,Packaging & Containers,7.69,7.9,178.77,-1.24,1.49,11.7,11.19,-10.5,-6.22,0.32,-17.78,2.14,1130000.0,0.0,49.88,Oct 21/a,62.89,4930000000.0,HIGH,-6.18,-2.46,0.8,-1.28,0.0848,False,-1.07,False,-9.95,2.296,1.867,-1.4879,-19.66,0.861,50.0,-13.46,,,48.74,59630301.0,shrinking revenue,,29.0,,,,,,,,,,
SPIR,Spire Global Inc,Industrials,Specialty Business Services,,,-114.03000000000002,-5.91,-6.97,27.190000000000005,11.21,-33.09,-4.45,2.8,-54.45,1.5,737420.0,0.07,11.81,Aug 12/a,20.88,479750000.0,HIGH,-7.26,-5.37,0.85,-2.36,0.1473,False,-4.7,False,-11.04,6.76,6.346,-3.0728,-31.08,0.989,38.0,-20.81,36.0,-20.3,11.11,7587551.0,shrinking revenue,,87.9,,,,,,,,,,
SPRO,Spero Therapeutics Inc,Healthcare,Biotechnology,11.26,,-443.89,-100.0,-0.17,1.8000000000000005,2.27,-45.58,-47.21,1.5,-60.06,1.0,1210000.0,0.02,1.23,Aug 12/a,6.0,71630000.0,HIGH,-1.65,0.0,1.05,3.25,0.2146,True,0.25,False,-1.06,7.377,7.983,-5.2413,-49.15,0.683,9.0,4.39,36.0,0.0,1.19,1097954.0,shrinking revenue,,404.2,,,,,,,,,,
SR,Spire Inc,Utilities,Utilities - Regulated Gas,8.6,14.07,1126.29,-0.4,-0.06,1.46,5.04,-4.51,-15.24,0.53,-18.99,1.6,534690.0,0.0,77.21,Aug 05/b,92.56,4560000000.0,HIGH,-6.22,0.91,0.9,-1.32,0.1129,False,-2.08,False,-4.2,2.076,1.393,-1.0698,-8.4,0.946,27.0,-6.81,42.0,-2.54,77.54,44608474.0,shrinking revenue,,19.4,,,,,,,,,,
SRFM,Surf Air Mobility Inc,Industrials,Airlines,,,78.65,7.580000000000001,-0.78,-0.33,14.57,30.130000000000003,10.02,2.73,-80.39,1.5,6780000.0,3.09,1.21,Aug 10/a,4.93,149640000.0,HIGH,45.07,-18.32,1.2,49.97,1.3216,True,22.8,True,27.48,14.278,21.091,-10.8121,-27.46,1.841,9.0,45.07,38.0,21.5,0.97,7426690.0,>20% above 20-day SMA,,408.2,,,,,,,,,,
SRPT,Sarepta Therapeutics Inc,Healthcare,Biotechnology,,23.7,-102.46,-34.34,0.0,4.57,25.32,8.11,-7.86,0.36,-27.33,2.8,3380000.0,0.02,18.4,Aug 05/a,21.86,1940000000.0,HIGH,-22.22,-6.91,0.89,-17.32,0.2841,False,-11.68,False,-7.19,5.751,3.143,-3.7701,-25.91,0.743,22.0,-17.96,41.0,9.86,17.5,56983752.0,shrinking revenue,,24.9,,,,,,,,,,
SRXH,SRX Global Inc,Consumer Defensive,Packaged Foods,,,98.37,-52.62,0.0,5.06,8.66,-67.59,-75.07,0.94,-95.86,1.0,4260000.0,0.12,1.72,Aug 13/a,600.0,33860000.0,HIGH,6.62,1.9,0.73,11.52,0.1869,False,-1.26,False,-2.7,7.427,3.727,-3.8137,-44.29,0.515,,,35.0,-12.02,1.61,1075535.0,shrinking revenue,,37167.1,,,,,,,,,,
SSP,E.W. Scripps Co,Communication Services,Broadcasting,,,-2057.38,-9.2,-0.67,2.15,8.41,-3.16,-26.01,0.7,-48.79,3.0,678290.0,0.0,2.76,Aug 06/a,4.93,255770000.0,HIGH,-16.97,1.86,1.17,-12.07,0.3045,False,-8.12,False,-11.52,5.761,6.204,-2.3406,-28.83,0.892,32.0,-16.97,40.0,-7.12,2.74,1955461.0,shrinking revenue,,79.9,,,,,,,,,,
SST,System1 Inc,Industrials,Specialty Business Services,,,30.89,-61.34,0.34,-15.869999999999996,17.86,17.77,-14.16,1.63,-69.35,1.0,561680.0,0.13,2.85,Aug 05/a,6.5,29890000.0,HIGH,-36.29,-9.96,0.13,-31.39,0.7725,False,-26.32,False,-3.65,15.805,12.295,-10.3482,-55.23,0.128,23.0,8.93,41.0,46.99,2.44,2908042.0,shrinking revenue,,166.4,,,,,,,,,,
SSTK,Shutterstock Inc,Communication Services,Internet Content & Information,,,-618.96,-16.93,0.0,-9.78,9.13,-71.5,-74.95,1.15,-86.35,3.0,1170000.0,0.0,4.03,Aug 04/a,25.0,148810000.0,HIGH,-33.62,-6.16,0.88,-28.72,0.4462,False,-17.58,False,-27.49,7.555,9.974,-3.8819,-57.33,0.895,,,42.0,-36.71,3.81,4420845.0,shrinking revenue,,556.2,,,,,,,,,,
SSYS,Stratasys Ltd,Technology,Computer Hardware,,43.2,3.44,-0.35,0.0,1.7500000000000002,4.65,-1.1,6.02,2.0,-36.77,1.5,637940.0,0.12,8.1,Aug 13/b,12.0,709460000.0,HIGH,8.75,3.57,1.14,13.65,0.1777,True,8.6,True,6.7,3.366,3.333,-2.243,-6.65,1.139,2.0,4.69,36.0,-1.58,8.7,5569450.0,shrinking revenue,,37.9,,,,,,,,,,
STDN,Standard Nuclear Inc,Basic Materials,Specialty Chemicals,,,,,1.22,55.13,5.06,,,,-29.350000000000005,1.12,995230.0,0.03,12.25,Aug 27/b,17.5,1920000000.0,HIGH,-14.83,8.59,0.61,-9.93,0.2251,False,-0.38,True,5.71,6.743,8.307,-4.2521,,0.568,24.0,-11.21,26.0,-8.61,12.52,6811916.0,incomplete signals,,39.8,,,,,,,,,,
STOK,Stoke Therapeutics Inc,Healthcare,Biotechnology,,,-131.96,-32.51,-0.43,9.61,20.85,-23.43,-24.51,1.25,-38.34,1.0,894420.0,0.0,24.8,Aug 03/a,46.46,1600000000.0,HIGH,-14.06,0.47,0.61,-9.16,0.2623,False,-7.45,False,-14.33,4.817,3.923,-3.2207,-24.51,1.397,28.0,-20.73,43.0,-13.33,25.62,25866393.0,shrinking revenue,,81.3,,,,,,,,,,
STXS,Stereotaxis Inc,Healthcare,Medical Instruments & Supplies,,,-1.49,-12.82,0.0,0.42,7.25,-23.7,-27.47,1.35,-63.23,1.0,849660.0,0.04,1.32,Aug 11/a,3.0,132260000.0,HIGH,-15.11,-6.35,0.65,-10.21,0.1713,False,-9.16,False,-12.62,4.964,3.39,-2.6503,-37.23,0.824,26.0,-18.62,37.0,-15.71,1.18,689928.0,shrinking revenue,,154.2,,,,,,,,,,
SUIG,Sui Group Holdings Ltd,Financial,Credit Services,,,-309.22,-2086.6,0.0,-1.25,1.55,40.54,28.93,1.3,-66.88,1.0,596810.0,0.94,1.56,Aug 06/a,2.7,119820000.0,HIGH,67.35,2.5,1.25,72.25,0.8932,True,27.62,True,53.14,10.348,11.585,-7.6332,-8.38,1.363,1.0,3.8,40.0,92.71,1.64,1509069.0,>40% above 50-day SMA; >20% above 20-day SMA; shrinking revenue,REVIEW,64.6,,,,,,,,,,
SUNE,SUNation Energy Inc,Technology,Solar,,,83.37,-37.52,100.0,16.67,8.18,7.08,2.11,2.59,-74.39,3.0,4470000.0,0.02,2.42,Mar 18/a,15000.0,15760000.0,HIGH,-0.85,-1.27,0.01,4.05,0.8187,False,-13.76,False,-6.44,8.028,5.556,-21.9284,-51.95,0.029,18.0,-1.27,,,2.34,32560034.0,shrinking revenue,,640925.6,,,,,,,,,,
SVC,Service Properties Trust,Real Estate,REIT - Hotel & Motel,,,-659.08,-16.32,459.07,66.7,4.07,-22.92,-26.369999999999997,1.71,-52.59,2.0,1770000.0,0.0,6.59,Aug 05/a,10.42,853470000.0,HIGH,-16.16,-2.89,0.8,-11.26,0.1969,False,-4.71,False,-14.89,3.448,2.978,-1.7676,-29.27,0.831,,,41.0,-19.04,6.38,10017549.0,shrinking revenue,,63.3,,,,,,,,,,
SVIA,Silvia Inc,Financial,Capital Markets,,,-80744.44,,-0.31,-14.38,2.83,162.42,89.81,1.3,-63.01,,1390000.0,0.0,3.91,-,,345530000.0,HIGH,60.9,9.74,1.12,65.8,0.6198,True,19.62,True,64.93,10.724,16.121,-5.897,-14.23,0.988,13.0,36.31,,,4.28,10211562.0,>40% above 50-day SMA,,,,,,,,,,,,
SWRD,Stewards Inc,Financial,Credit Services,,,-76.28,4.61,0.0,0.0,0.29,-9.82,-17.33,1.53,-66.93,,664070.0,0.02,2.48,-,,523570000.00000006,MEDIUM,,2.94,0.08,,,,,,,18.688,17.959,,,,,,,,2.45,,incomplete signals,REVIEW,,,,,,,,,,,
SYNA,Synaptics Inc,Technology,Semiconductors,,15.44,-9367.08,8.91,-12.24,-1.8000000000000005,6.57,-13.46,47.84,1.97,-31.879999999999995,2.46,911140.0,0.04,101.58,Aug 06/a,131.25,4030000000.000001,HIGH,22.34,20.67,8.06,27.24,0.2746,True,23.04,True,19.63,4.455,1.709,-4.8874,-5.52,2.492,2.0,19.43,40.0,18.61,121.1,101486746.0,>20% above 20-day SMA; fresh >10% breakout,,8.4,,,,,,,,,,
TBPH,Theravance Biopharma Inc,Healthcare,Biotechnology,16.87,9.73,-110.56,-20.86,-10.22,,3.46,-3.4000000000000004,12.11,0.19,-19.02,3.0,865030.0,0.0,17.03,Aug 10/b,17.0,884180000.0,LOW,,,,,,,,,,,,,,,,,,,,,low data confidence; incomplete signals; shrinking revenue,,,,,,,,,,,,
TDAY,USA TODAY Co Inc,Communication Services,Publishing,,22.56,-84.8,-8.3,-0.05,0.4099999999999999,23.12,-23.11,-3.6000000000000005,1.4,-30.29,2.0,2190000.0,0.0,6.42,Aug 06/b,8.7,942570000.0,HIGH,11.37,10.68,1.42,16.27,0.1406,True,9.16,True,1.23,3.769,3.972,-3.2602,-23.45,1.353,2.0,12.08,41.0,-11.87,7.05,15469153.0,fresh >10% breakout; shrinking revenue,,23.4,,,,,,,,,,
TDOC,Teladoc Health Inc,Healthcare,Health Information Services,,,-15.72,-3.95,-9.72,5.54,15.32,-30.380000000000003,17.7,2.14,-38.81,2.57,4470000.0,0.02,6.05,Jul 29/a,7.58,1100000000.0,HIGH,-12.1,-6.28,1.44,-7.2,0.1826,False,-9.94,False,-16.43,4.031,4.801,-2.1919,-44.17,0.892,,,46.0,-16.11,5.52,20780005.0,shrinking revenue,,37.3,,,,,,,,,,
TDS,Telephone And Data Systems Inc,Communication Services,Telecom Services,12.97,163.31,5025.29,-73.92,-0.54,5.78,5.99,-6.76,-15.79,0.32,-28.110000000000003,2.25,1260000.0,0.02,35.31,Aug 07/b,47.5,3800000000.0,HIGH,-6.45,1.84,0.87,-1.55,0.1385,False,-2.85,True,0.75,3.032,2.487,-1.565,-7.86,1.373,21.0,-1.34,40.0,7.31,35.39,59794414.0,shrinking revenue,,34.2,,,,,,,,,,
THO,Thor Industries Inc,Consumer Cyclical,Recreational Vehicles,21.31,14.74,-66.74,-8.38,0.0,2.74,11.2,-8.37,-11.41,1.41,-41.26,2.56,683230.0,0.0,72.15,Sep 22/b,80.6,3720000000.0,HIGH,-9.6,-2.56,0.74,-4.7,0.124,False,-2.55,False,-7.67,3.59,2.128,-2.2856,-14.84,1.133,38.0,-12.53,9.0,-0.56,69.55,63905548.0,shrinking revenue,,15.9,,,,,,,,,,
THRY,Thryv Holdings Inc,Technology,Software - Application,,,-219.47,-28.389999999999997,11.46,0.58,7.78,-57.18,-31.15,0.86,-85.76,2.5,768680.0,0.0,1.79,Aug 04/b,4.0,79550000.0,HIGH,-26.92,-5.3,0.43,-22.02,0.3718,False,-16.46,False,-32.94,7.876,5.921,-5.368,-65.06,0.759,,,43.0,-48.82,1.52,1298377.0,shrinking revenue,,163.2,,,,,,,,,,
TNGX,Tango Therapeutics Inc,Healthcare,Biotechnology,,,-5.04,-100.0,-0.4699999999999999,22.98,33.73,-21.68,32.4,1.18,-25.85,1.17,2840000.0,0.0,25.5,Aug 11/b,45.18,4300000000.0,HIGH,3.2,-4.36,1.59,8.1,0.1648,False,-2.48,False,-6.77,6.9,8.606,-4.5494,-26.18,1.296,9.0,4.08,38.0,-11.77,23.24,78945367.0,shrinking revenue,,94.4,,,,,,,,,,
TRIP,TripAdvisor Inc,Consumer Cyclical,Travel Services,818.81,7.7,-31.26,-16.47,-0.58,-0.08,31.43,-41.05,-18.2,0.86,-53.59,3.0,3680000.0,0.0,8.27,Aug 06/b,12.95,969240000.0,HIGH,-8.79,1.19,0.5,-3.89,0.1565,False,-2.43,False,-17.7,4.113,3.995,-2.4503,-43.83,0.835,48.0,-40.41,41.0,-18.33,8.51,40007654.0,shrinking revenue,,52.2,,,,,,,,,,
TRLV,Trulieve Cannabis Corp,Healthcare,Drug Manufacturers - Specialty & Generic,,21.22,-2821.78,-10.31,-5.37,26.030000000000005,3.15,32.03,133.27,1.8,-8.13,1.0,1420000.0,0.01,12.2,Aug 07/b,18.18,2350000000.0,HIGH,-11.48,-13.13,0.82,-6.58,0.2001,False,-8.63,True,1.2,7.762,8.396,-4.1197,-17.09,1.838,9.0,-6.78,40.0,22.51,10.72,31950889.0,shrinking revenue,,69.6,,,,,,,,,,
TRN,Trinity Industries Inc,Industrials,Railroads,6.72,12.54,608.23,-4.17,-1.41,6.13,5.54,-22.71,-11.31,1.34,-27.140000000000004,3.0,707260.0,0.0,27.91,Jul 30/b,33.0,2220000000.0,HIGH,-7.73,-5.33,1.18,-2.83,0.1287,False,-5.6,False,-11.7,2.939,2.411,-1.4501,-31.79,1.35,48.0,-29.57,46.0,-23.86,26.13,20428127.0,shrinking revenue,,26.3,,,,,,,,,,
TSHA,Taysha Gene Therapies Inc,Healthcare,Biotechnology,,,-40.13,-100.0,-0.77,11.07,18.74,-30.91,14.249999999999998,1.16,-36.3,1.08,3240000.0,0.01,4.65,Aug 11/a,13.0,1520000000.0,HIGH,-17.32,-7.21,0.61,-12.42,0.1955,False,-8.05,False,-17.57,5.56,4.968,-2.6435,-31.41,1.459,38.0,-27.32,37.0,-27.71,4.63,20819273.0,shrinking revenue,,180.8,,,,,,,,,,
TSSI,TSS Inc,Technology,Information Technology Services,19.29,31.11,-15.83,-20.08,-17.09,18.08,18.72,-18.33,-16.24,2.0,-54.98,1.0,905780.0,0.09,9.8,Aug 13/a,15.5,276540000.0,HIGH,21.62,5.35,0.75,26.52,0.3012,True,12.49,True,8.89,5.155,3.711,-3.9412,-20.25,0.871,1.0,4.07,35.0,5.79,10.24,9029228.0,shrinking revenue,,51.4,,,,,,,,,,
TVRD,Tvardi Therapeutics Inc,Healthcare,Biotechnology,,,31.47,,0.0,-12.42,2.55,-33.51,-59.93999999999999,0.35,-97.09,1.78,2340000.0,0.16,1.27,Aug 14/b,9.25,16940000.0,HIGH,-39.79,-13.53,1.33,-34.89,0.7391,False,-25.94,False,-35.56,14.342,12.783,-7.7942,-70.4,1.15,20.0,-37.84,35.0,-35.03,1.15,330403.0,illiquid (<$500K/day),,704.3,,,,,,,,,,
UA,Under Armour Inc,Consumer Cyclical,Apparel Manufacturing,,22.79,121.31,-3.27,0.37,9.4,23.04,-27.26,-22.74,1.53,-44.98,3.08,2960000.0,0.0,4.35,Aug 07/b,5.96,1880000000.0,HIGH,-10.35,8.25,1.4,-5.45,0.2245,False,-1.73,False,-12.92,4.107,5.229,-2.2589,-37.34,1.359,55.0,-35.26,40.0,-22.6,4.59,12768300.0,shrinking revenue,,29.8,,,,,,,,,,
UAA,Under Armour Inc,Consumer Cyclical,Apparel Manufacturing,,23.11,121.31,-3.27,0.5,9.54,28.42,-28.27,-22.65,1.61,-45.52,3.15,8940000.0,0.01,4.44,Aug 07/b,5.89,1890000000.0,HIGH,-10.29,10.05,1.34,-5.39,0.2393,False,-1.32,False,-12.68,4.368,5.096,-2.4793,-37.2,1.379,55.0,-35.03,40.0,-22.91,4.71,49302190.0,shrinking revenue,,25.1,,,,,,,,,,
UAMY,United States Antimony Corp,Basic Materials,Other Industrial Metals & Mining,,61.12,-50.0,-24.7,0.54,8.34,24.71,-35.78,-48.91,0.36,-77.32,1.0,6280000.0,0.1,4.47,Aug 11/a,11.19,669020000.0,HIGH,-23.27,-6.34,0.97,-18.37,0.338,False,-14.24,False,-22.38,5.621,6.767,-3.0277,-43.24,0.778,40.0,-35.75,37.0,-19.72,3.99,22691582.0,shrinking revenue,,180.5,,,,,,,,,,
UAVS,AgEagle Aerial Systems Inc,Technology,Computer Hardware,,,19.58,-36.01,0.13,3.06,5.85,16.01,13.69,2.89,-65.73,1.0,1430000.0,0.23,1.0,Aug 14/a,18.15,62910000.0,HIGH,-9.43,-1.03,0.52,-4.53,0.1567,False,-2.74,True,1.48,4.687,5.208,-2.5892,-17.24,0.227,27.0,-11.11,34.0,4.35,0.96,724686.0,shrinking revenue,,1790.6,,,,,,,,,,
UCB,United Community Banks Inc,Financial,Banks - Regional,11.2,10.24,50.970000000000006,-0.48,-3.1,1.96,4.3,-3.88,9.19,0.89,-7.93,2.14,891950.0,0.0,34.23,Jul 21/b,40.17,4130000000.0,HIGH,-4.29,0.35,1.07,0.61,0.082,False,-1.2,False,-3.05,2.115,1.642,-0.9355,-8.26,1.178,,,53.0,-3.51,34.11,30477912.0,shrinking revenue,,17.8,,,,,,,,,,
UIS,Unisys Corp,Technology,Information Technology Services,,2.23,-363.31,-2.03,-1.4,-0.54,9.28,-37.99,16.34,1.97,-52.81,1.5,745190.0,0.0,2.35,Jul 29/a,4.81,171360000.0,HIGH,-12.98,1.79,1.28,-8.08,0.1624,False,-5.24,False,-14.92,4.323,4.386,-2.1001,-47.22,1.001,,,46.0,-27.62,2.28,1467272.0,shrinking revenue,,111.0,,,,,,,,,,
UNFI,United Natural Foods Inc,Consumer Defensive,Food Distribution,34.36,11.3,138.76,-0.7,-0.65,-0.37,5.25,-0.63,-0.07,0.97,-19.5,2.27,596830.0,0.0,45.9,Sep 08/b,54.0,2770000000.0,HIGH,3.78,-0.35,0.83,8.68,0.0776,True,0.67,False,-2.32,3.264,1.579,-2.0957,-12.09,1.002,45.0,-8.32,19.0,3.78,45.59,33118648.0,shrinking revenue,,18.4,,,,,,,,,,
UPB,Upstream Bio Inc,Healthcare,Biotechnology,,,2.11,-17.5,-0.06,3.66,12.04,-21.36,-37.14,1.33,-83.82,1.5,582210.0,0.0,5.45,Aug 11/b,29.83,298500000.0,HIGH,-16.14,-4.91,1.51,-11.24,0.2423,False,-7.8,False,-19.43,5.697,6.944,-2.7029,-35.47,1.293,32.0,-26.42,38.0,-28.91,5.04,3451680.0,shrinking revenue,,491.9,,,,,,,,,,
UPWK,Upwork Inc,Communication Services,Internet Content & Information,10.62,5.95,-15.869999999999996,-1.68,-4.6,-7.739999999999999,15.09,-2.29,-25.3,1.05,-64.45,2.45,3310000.0,0.0,8.12,Aug 10/a,9.88,1010000000.0,HIGH,-8.42,-0.25,0.84,-3.52,0.1113,False,-3.63,False,-8.0,3.159,4.348,-2.1703,-18.77,0.738,39.0,-16.75,38.0,-3.71,8.05,22011666.0,shrinking revenue,,22.7,,,,,,,,,,
UPXI,Upexi Inc,Communication Services,Internet Content & Information,,,-72.32,-26.57,0.0,-3.17,24.76,43.48,19.09,-0.23,-84.63,1.0,2900000.0,0.21,1.19,Sep 17/a,2.0,97780000.0,HIGH,9.35,-1.68,0.42,14.25,0.2866,True,4.0,True,18.15,8.419,9.402,-4.6024,-12.56,0.748,11.0,10.9,11.0,10.9,1.17,5147081.0,shrinking revenue,,70.9,,,,,,,,,,
USDE,StableCoinX Inc,Financial,Capital Markets,,,-2093.88,,0.0,8.35,7.58,389.19,62.09,0.91,-6.909999999999999,,5500000.0,3.23,16.29,-,,391450000.0,HIGH,78.44,-9.06,0.52,83.34,1.4264,True,27.79,True,107.62,15.129,8.763,-13.4484,-21.87,0.631,7.0,9.95,,,14.15,58485611.0,>40% above 50-day SMA; >20% above 20-day SMA,,,,,,,,,,,,
UTZ,Utz Brands Inc,Consumer Defensive,Packaged Foods,,16.9,-195.24,1.39,0.0,1.14,12.76,80.31,90.28,0.73,-1.61,2.8,3490000.0,0.0,14.1,Aug 05/b,14.31,2030000000.0,HIGH,0.42,0.14,1.36,5.32,0.0058,True,0.19,True,0.59,0.233,0.14,-0.1508,-0.42,0.891,16.0,0.28,42.0,1.13,14.27,21555087.0,deal-pinned,,0.3,,,,,,,,,,
UWMC,UWM Holdings Corp,Financial,Mortgage Finance,,3.57,-310.77,-62.46000000000001,-31.5,3.0,25.43,-41.9,-64.33,1.85,-80.88,2.1,17810000.0,0.0,1.22,Aug 05/a,2.69,1960000000.0,HIGH,-14.29,0.8,1.39,-9.39,0.2291,False,-1.49,False,-13.65,6.599,8.73,-2.6613,-41.4,0.689,,,41.0,5.0,1.26,14885849.0,shrinking revenue,,113.5,,,,,,,,,,
VBIO,Valion Bio Inc,Healthcare,Biotechnology,,,16.56,-100.0,,,4.32,-79.49,-87.87,1.79,-96.42,,609350.0,0.94,2.82,May 14/a,,2500000.0,HIGH,-6.5,-4.07,0.07,-1.6,0.5753,True,2.96,False,-38.23,23.188,9.035,-9.6374,-92.03,5.819,,,,,2.59,10004623.0,shrinking revenue,,,,,,,,,,,,
VC,Visteon Corp,Consumer Cyclical,Auto Parts,16.49,8.64,-23.51,-0.93,-11.85,2.93,15.58,-12.24,2.98,1.29,-28.749999999999996,1.83,522289.99999999994,0.0,90.46,Jul 23/b,129.0,2410000000.0,HIGH,-13.51,2.09,0.63,-8.61,0.2315,False,-5.92,False,-11.66,3.452,2.411,-1.7158,-18.96,1.323,36.0,-16.56,51.0,-11.33,88.77,50456574.0,shrinking revenue,,45.3,,,,,,,,,,
VECO,Veeco Instruments Inc,Technology,Semiconductor Equipment & Materials,133.17,15.31,-9.8,16.48,-37.19,4.45,9.6,-30.19,37.51,1.38,-44.01,2.0,902490.0,0.03,48.5,Aug 05/a,67.25,2960000000.0,HIGH,28.45,16.93,2.08,33.35,0.3932,True,24.3,True,20.41,4.639,7.825,-3.8622,-6.23,1.404,4.0,16.93,41.0,11.18,57.38,32993851.0,>20% above 20-day SMA,,17.2,,,,,,,,,,
VEEE,Twin Vee PowerCats Co,Consumer Cyclical,Recreational Vehicles,,,84.25,-34.22,-35.11,-2.4,4.75,178.71,17.23,0.92,-89.13,1.0,2670000.0,0.01,13.88,May 07/b,74.0,8109999.999999999,HIGH,9.8,-20.6,0.01,14.7,0.8848,False,-4.36,False,-2.78,21.329,6.716,-23.9053,-80.41,0.056,10.0,26.69,,,10.87,26866564.0,shrinking revenue,,580.8,,,,,,,,,,
VISN,Vistance Networks Inc,Technology,Communication Equipment,6.68,8.79,1697.9200000000003,-76.98,-1.65,10.93,13.84,-16.24,23.16,2.52,-18.4,2.5,12080000.0,0.0,6.15,Aug 06/b,14.67,1420000000.0,HIGH,-2.97,1.97,0.91,1.93,0.1263,False,-2.39,False,-30.38,3.318,2.818,-1.8481,-50.95,0.74,,,41.0,-38.51,6.21,47641540.0,shrinking revenue,,136.2,,,,,,,,,,
VITL,Vital Farms Inc,Consumer Defensive,Farm Products,,31.06,-299.2,-10.14,0.66,-19.15,29.74,-12.04,-24.35,1.06,-77.99,2.18,1640000.0,0.0,9.94,Aug 06/b,13.22,426740000.0,HIGH,-8.67,-6.31,1.22,-3.77,0.3625,False,-10.88,False,-17.76,7.431,4.294,-5.0209,-35.54,1.233,12.0,-9.67,41.0,-25.98,9.06,19826265.0,shrinking revenue,,45.9,,,,,,,,,,
VNDA,Vanda Pharmaceuticals Inc,Healthcare,Biotechnology,,,-125.07,-3.92,0.0,3.4099999999999997,14.85,-17.75,-26.92,0.68,-49.2,1.4,885130.0,0.08,5.05,Aug 05/a,11.75,305340000.0,HIGH,-14.73,-10.44,1.34,-9.83,0.1387,False,-8.78,False,-10.63,3.934,6.048,-2.1049,-27.2,1.901,32.0,-14.89,41.0,-9.04,4.63,5366429.0,shrinking revenue,,153.8,,,,,,,,,,
VNT,Vontier Corp,Technology,Scientific & Technical Instruments,13.08,8.32,-68.39,-2.17,0.0,2.96,8.75,9.65,-10.34,1.13,-34.69,1.92,1480000.0,0.0,31.48,Aug 06/b,40.22,4260000000.0,HIGH,-4.92,2.26,0.9,-0.02,0.0725,False,-0.12,False,-2.46,2.422,2.511,-1.4871,-13.45,0.905,41.0,-5.83,41.0,-5.83,31.66,42706643.0,shrinking revenue,,27.0,,,,,,,,,,
VREX,Varex Imaging Corp,Healthcare,Medical Devices,35.35,17.24,117.16,3.69,-15.83,-2.85,3.37,84.87,71.95,0.97,-0.97,3.0,860320.0,0.04,18.45,Aug 10/b,18.95,783450000.0,HIGH,-0.27,0.0,0.59,4.63,0.0049,False,-0.08,True,8.79,0.241,0.217,-0.148,-0.91,0.496,12.0,-0.05,39.0,48.75,18.46,11668730.0,deal-pinned,,2.7,,,,,,,,,,
VSH,Vishay Intertechnology Inc,Technology,Semiconductors,165.62,17.77,1193.88,16.57,0.0,15.07,12.43,-43.67,86.25,1.8,-54.37,1.8,5020000.0,0.08,31.7,Aug 05/b,40.0,4860000000.0,HIGH,20.06,18.46,2.76,24.96,0.1924,True,17.52,True,16.39,4.29,9.01,-3.7846,-14.83,1.153,2.0,17.3,42.0,15.07,38.18,112418807.0,fresh >10% breakout,,4.8,,,,,,,,,,
VSNT,Versant Media Group Inc,Communication Services,Entertainment,6.21,4.86,-28.54,-3.75,0.0,3.5699999999999994,3.98,-8.15,-6.75,,-44.0,2.38,1780000.0,0.0,33.04,Aug 06/b,45.33,4590000000.0,HIGH,-19.87,-4.68,1.13,-14.97,0.3029,False,-11.41,False,-16.38,3.674,1.729,-1.8,-26.96,1.062,22.0,-23.24,41.0,-13.55,30.94,61992317.0,shrinking revenue,,46.5,,,,,,,,,,
VSTS,Vestis Corp,Industrials,Rental & Leasing Services,,17.43,1711.76,-1.8000000000000005,2.86,-2.93,7.42,-8.63,75.75,1.09,-19.82,3.25,1450000.0,0.0,13.55,Aug 11/b,13.0,1790000000.0,HIGH,5.81,4.31,1.17,10.71,0.1224,True,3.25,True,3.25,4.179,5.987,-2.4654,-16.98,0.935,10.0,1.52,38.0,1.15,14.03,23066910.0,shrinking revenue,,-7.3,,,,,,,,,,
VTIX,Virtuix Holdings Inc,Technology,Computer Hardware,,,-208.9,-25.66,-10.39,16.69,4.64,-57.879999999999995,-82.78,,-98.76,1.33,676680.0,0.0,1.15,Aug 19/a,8.07,39070000.0,HIGH,-4.0,-0.83,0.39,0.9,0.2974,True,4.93,False,-14.82,7.982,5.0,-5.4435,-63.53,0.211,,,31.0,-4.0,1.2,310923.0,illiquid (<$500K/day); shrinking revenue,,572.5,,,,,,,,,,
VUZI,Vuzix Corp,Technology,Consumer Electronics,,,8.67,-14.06,-0.33,-1.56,23.81,7.690000000000001,35.48,1.76,-47.69,1.0,972320.0,0.03,2.94,Aug 13/a,6.0,248180000.0,HIGH,22.13,7.58,2.03,27.03,0.2851,True,9.78,True,12.17,7.143,10.067,-4.1047,-11.04,1.343,10.0,8.36,35.0,12.88,2.98,2450742.0,shrinking revenue,,101.3,,,,,,,,,,
VYGR,Voyager Therapeutics Inc,Healthcare,Biotechnology,,,28.96,-39.13,-0.11,0.96,7.09,-25.14,-32.32,1.26,-51.71,1.09,593580.0,0.15,2.68,Aug 06/a,14.89,165140000.0,HIGH,-30.2,-9.26,2.06,-25.3,0.3788,False,-17.95,False,-22.29,6.122,12.653,-3.2254,-33.42,1.442,25.0,-29.19,40.0,-21.73,2.45,1655427.0,shrinking revenue,,507.8,,,,,,,,,,
VYX,NCR Voyix Corp,Technology,Information Technology Services,17.57,6.98,74.83,-21.47,-0.83,4.08,21.67,-10.39,15.67,1.41,-45.01,1.29,2550000.0,0.0,7.16,Aug 05/b,12.96,988580000.0,HIGH,-26.7,-1.9,0.74,-21.8,0.4027,False,-10.07,False,-16.14,6.173,4.179,-4.106,-33.93,1.122,43.0,-22.45,42.0,-24.55,6.7,23251045.0,shrinking revenue,,93.4,,,,,,,,,,
WEAV,Weave Communications Inc,Healthcare,Health Information Services,,29.7,53.44,15.52,0.0,7.380000000000001,7.42,19.9,68.19,1.69,-4.55,3.0,2770000.0,0.0,7.35,Aug 06/a,7.4,588100000.0,HIGH,0.55,0.0,0.45,5.45,0.0151,True,0.47,True,6.68,0.412,0.271,-0.2367,-3.79,0.36,3.0,0.14,40.0,39.32,7.37,11879350.0,deal-pinned,,0.4,,,,,,,,,,
WGO,Winnebago Industries Inc,Consumer Cyclical,Recreational Vehicles,19.97,11.59,-18.07,-9.86,-1.31,0.88,9.4,-13.4,-17.35,1.17,-45.87,2.33,593730.0,0.0,27.15,Oct 21/b,34.4,767500000.0,HIGH,-15.24,-2.63,0.84,-10.34,0.1772,False,-4.68,False,-11.95,3.3,2.395,-2.216,-20.76,1.157,32.0,-16.03,,,26.3,16549869.0,shrinking revenue,,30.8,,,,,,,,,,
WHR,Whirlpool Corp,Consumer Cyclical,"Furnishings, Fixtures & Appliances",10.64,8.96,-0.72,-6.81,0.0,-2.64,24.94,-16.7,-39.04,1.15,-66.62,3.0,2490000.0,0.02,31.65,Aug 03/a,42.55,2060000000.0,HIGH,-22.88,-3.47,1.01,-17.98,0.2992,False,-9.07,False,-19.39,4.513,4.124,-2.1168,-35.65,1.169,43.0,-22.7,43.0,-22.7,30.31,98992783.0,shrinking revenue,,40.4,,,,,,,,,,
WLY,John Wiley & Sons Inc,Communication Services,Publishing,12.58,8.97,-206.6,-2.63,0.0,0.1,11.92,-1.33,24.28,0.75,-17.23,1.0,543490.0,0.0,47.55,Sep 03/b,68.0,2410000000.0,HIGH,-1.43,-0.23,0.73,3.47,0.0648,False,-1.21,False,-6.18,3.309,3.453,-1.9778,-17.32,0.976,48.0,-6.88,21.0,-6.24,47.5,26457103.0,shrinking revenue,,43.2,,,,,,,,,,
WNC,Wabash National Corp,Industrials,Farm & Heavy Construction Machinery,,10.76,-143.54,-9.06,-0.45,-3.9,10.86,-4.15,56.720000000000006,1.46,-8.91,1.0,1030000.0,0.01,13.18,Jul 29/b,22.5,536920000.0,HIGH,-1.89,10.99,1.91,3.01,0.2339,True,11.71,True,10.9,5.515,8.832,-4.6723,-2.97,1.655,22.0,9.95,47.0,13.23,14.04,11047839.0,shrinking revenue,,60.3,,,,,,,,,,
WOLF,Wolfspeed Inc,Technology,Semiconductors,,,34.73,-24.06,0.0,47.7,74.83,-39.47,73.45,1.98,-86.53,3.0,3750000.0,0.13,26.78,Aug 19/a,27.5,1420000000.0,HIGH,24.44,27.92,2.81,29.34,0.4028,True,29.81,True,30.1,6.12,13.804,-5.687,-5.92,1.008,2.0,25.42,31.0,33.89,35.28,73382171.0,>20% above 20-day SMA; fresh >10% breakout; shrinking revenue,,-22.1,,,,,,,,,,
WU,Western Union Company,Financial,Credit Services,5.0,4.09,-33.96,-1.15,-0.54,-3.1,16.05,-18.74,-28.98,0.53,-40.1,3.81,9850000.0,0.02,6.2,Jul 30/a,6.8,1930000000.0,HIGH,-16.43,-1.96,0.7,-11.53,0.2705,False,-6.83,False,-13.9,3.464,2.333,-1.9728,-32.96,0.801,55.0,-28.06,45.0,-5.66,6.0,58141541.0,shrinking revenue,REVIEW,13.3,,,,,,,,,,
WVE,Wave Life Sciences Inc,Healthcare,Biotechnology,,,-10.46,-73.88,38.04,6.03,10.67,-33.13,-40.33,-1.46,-82.52,1.17,3080000.0,0.01,3.8,Jul 30/b,19.94,748450000.0,HIGH,-22.22,3.0,1.14,-17.32,0.4005,False,-11.22,False,-23.85,6.179,5.026,-3.0567,-41.03,1.187,,,46.0,-34.38,3.78,13800858.0,shrinking revenue,,427.5,,,,,,,,,,
XOS,Xos Inc,Industrials,Farm & Heavy Construction Machinery,,,39.55,-74.23,-5.32,11.91,12.86,-9.79,53.56999999999999,1.79,-68.8,2.0,2830000.0,0.0,2.58,Aug 13/a,4.0,36680000.0,HIGH,8.2,25.95,1.78,13.1,0.3644,True,20.35,True,18.5,5.636,9.576,-4.402,-33.33,0.086,1.0,4.76,35.0,57.52,3.3,576659.0,>20% above 20-day SMA; shrinking revenue,,21.2,,,,,,,,,,
XPOF,Xponential Fitness Inc,Consumer Cyclical,Leisure,,7.92,-770.8,-13.44,2.1,-3.22,30.43,-45.45,-32.17,1.19,-57.84,2.75,833260.0,0.01,3.9,Aug 06/a,5.6,192080000.0,HIGH,-4.28,20.2,1.53,0.62,0.3874,True,14.24,False,-6.19,5.57,4.149,-5.6279,-32.95,1.155,,,40.0,-6.56,4.7,3563524.0,shrinking revenue,,19.1,,,,,,,,,,
XPON,Expion Energy Inc,Industrials,Electrical Equipment & Parts,,,72.72,-32.1,0.0,26.52,23.07,-14.81,-29.659999999999997,0.67,-78.15,,2490000.0,0.0,4.72,Mar 17/b,48.0,4780000.0,HIGH,-28.33,-5.41,0.15,-23.43,0.3593,False,-13.88,False,-10.41,10.034,6.19,-5.5055,-64.38,0.007,27.0,-20.3,,,4.2,519225.0,shrinking revenue,,1042.9,,,,,,,,,,
XPRO,Expro Ltd,Energy,Oil & Gas Equipment & Services,95.77,19.2,-88.65,-6.99,-1.05,-5.77,7.05,20.86,-3.91,0.95,-10.5,2.29,988520.0,0.0,17.21,Jul 28/b,17.4,1930000000.0,HIGH,-9.24,-0.12,0.99,-4.34,0.1747,False,-3.07,False,-4.93,4.049,3.742,-1.9569,-15.24,1.074,32.0,-11.27,48.0,5.71,16.3,13559882.0,shrinking revenue,,6.7,,,,,,,,,,
XRAY,DENTSPLY Sirona Inc,Healthcare,Medical Instruments & Supplies,,6.24,181.71,-4.06,3.15,2.64,12.44,-12.85,-17.79,0.86,-36.09,2.68,5100000.0,0.0,9.43,Aug 06/a,13.71,1880000000.0,HIGH,-23.81,-6.57,1.16,-18.91,0.3106,False,-11.51,False,-22.12,4.597,2.999,-2.7361,-39.96,1.25,43.0,-38.64,40.0,-28.47,8.67,47846989.0,shrinking revenue,,58.1,,,,,,,,,,
XTND,Xtend AI Robotics Inc,Technology,Computer Hardware,,,-87.41,146.18,0.0,,0.83,-15.12,-45.24,3.48,-77.32,1.0,638320.0,0.13,3.98,Sep 02,9.5,991800000.0,HIGH,-46.69,-8.59,0.74,-41.79,0.6665,False,-23.81,,,10.714,4.545,,,,,,,,3.3,5711770.0,incomplete signals,,187.9,,,,,,,,,,
YEXT,Yext Inc,Technology,Software - Infrastructure,37.01,8.51,390.62,-1.76,-22.97,-9.27,7.3,45.72,51.88,1.14,-28.35,3.0,1090000.0,0.0,6.47,Sep 01/b,7.0,640390000.0,HIGH,0.0,1.24,0.57,4.9,0.0778,True,1.69,True,5.4,3.791,2.842,-2.0864,-17.39,0.965,2.0,0.62,23.0,-0.31,6.51,6799595.0,shrinking revenue,,7.5,,,,,,,,,,
ZD,Ziff Davis Inc,Communication Services,Advertising Agencies,,9.8,-329.73,-18.59,-3.39,-3.58,16.78,8.62,36.17,1.12,-6.25,2.14,654490.0,0.02,56.7,Aug 06/a,63.67,1940000000.0,HIGH,-0.9,-0.86,0.68,4.0,0.0959,False,-2.64,False,-0.36,3.271,1.467,-1.7436,-8.73,0.908,15.0,-1.81,40.0,8.34,55.2,41630563.0,shrinking revenue,,15.3,,,,,,,,,,
ZSQR,Z Squared Inc,Technology,Software - Infrastructure,,,71.07,689.06,0.04,17.82,8.14,-67.61,-64.61,-0.24,-82.34,1.0,540710.0,0.03,3.78,-,80.0,200340000.0,HIGH,34.58,-12.56,1.31,39.48,0.8324,True,23.11,True,5.82,12.733,16.625,-9.6021,-54.84,1.403,5.0,5.03,,,3.97,1574002.0,>20% above 20-day SMA,,1915.1,,,,,,,,,,
ZYME,Zymeworks BC Inc,Healthcare,Biotechnology,,23.55,-2162.88,-90.58,0.0,-2.51,7.17,11.12,10.75,1.16,-14.550000000000002,1.0,637770.0,0.03,26.78,Aug 06/a,41.23,1920000000.0,HIGH,-13.84,-7.26,1.03,-8.94,0.1288,False,-6.41,False,-3.88,4.671,4.573,-2.4574,-19.75,1.595,24.0,-11.04,40.0,8.73,25.15,22022960.0,shrinking revenue,,63.9,,,,,,,,,,
