ticker,company,sector,industry,pe,fwd_pe,eps_qq,sales_qq,insider_trans,inst_trans,short_float,perf_quarter,perf_half,beta,pct_from_52w_high,recom,avg_volume,rel_volume,price,earnings,target_price,market_cap,data_confidence,momentum_20d,momentum_5d,volume_ratio,rs_vs_iwm,bb_width,above_sma20,pct_vs_sma20,above_sma50,pct_vs_sma50,atr_pct,last_range_pct,low_vol,near_high,vol_5_50,breakout_session,breakout_move_pct,earnings_sessions_ago,post_earnings_move_pct,latest_price,avg_dollar_volume,gate_fail,review_flag,target_upside,rank_low_vol,rank_near_high,rank_squeeze,rank_vol_5_50,rank_vol_ratio,rank_vs_sma50,mom_rank,composite_score,composite_legacy,composite_dedup
CON,Concentra Group Holdings Parent Inc,Healthcare,Medical Care Facilities,23.32,19.27,45.65,10.03,-4.09,1.66,2.43,24.19,61.89,0.6,-3.38,1.0,928610.0,5.24,35.47,Aug 06/a,41.0,4520000000.0,HIGH,1.34,-0.95,5.19,6.63,0.0827,True,2.02,True,6.16,2.504,2.481,-1.2909,-3.38,1.926,3.0,-0.42,30.0,16.14,35.47,32807659.0,,,15.6,0.9060150375939849,0.9743107769423559,0.9028822055137845,0.931077694235589,0.9674185463659147,0.8609022556390977,0.8446115288220551,0.9238,0.8989,0.9164
NWBI,Northwest Bancshares Inc,Financial,Banks - Regional,14.82,10.67,38.52,18.31,0.14,1.7000000000000002,5.59,6.77,26.51,0.69,-4.33,2.75,1090000.0,3.59,15.46,Jul 27/a,16.57,2260000000.0,HIGH,0.26,-0.58,3.69,5.55,0.0302,True,0.28,False,-0.23,1.696,1.94,-0.7286,-4.33,1.666,33.0,-2.64,38.0,0.32,15.46,16333507.0,,,7.2,0.9924812030075187,0.9586466165413534,0.9974937343358397,0.8583959899749374,0.9060150375939849,0.7230576441102757,0.8233082706766918,0.906,0.9004,0.87
CFFN,Capitol Federal Financial,Financial,Banks - Regional,13.68,11.48,34.51,6.5,0.0,0.7,5.67,10.15,26.419999999999998,0.67,-3.8900000000000006,2.33,836410.0,3.79,8.9,Jul 29/b,9.5,1120000000.0,HIGH,4.34,-0.11,3.55,9.63,0.0607,True,1.92,True,1.92,1.806,2.247,-0.7189,-3.89,1.537,5.0,0.91,37.0,1.71,8.9,7824022.0,,,6.7,0.9949874686716792,0.9624060150375939,0.9586466165413534,0.8070175438596491,0.8922305764411027,0.7857142857142857,0.893483709273183,0.9002,0.9127,0.87
NHP,National Healthcare Properties Inc,Real Estate,REIT - Healthcare Facilities,,492.31,66.35,2.58,0.0,53.839999999999996,7.98,11.34,,,-8.36,2.0,746330.0,4.65,16.0,Aug 05/a,18.94,310630000.0,HIGH,-5.66,-0.87,6.3,-0.37,0.0736,False,-1.46,False,-0.55,2.857,2.375,-1.3304,-8.36,1.872,21.0,-5.21,31.0,-0.19,16.0,8924507.0,,,18.4,0.8959899749373433,0.8796992481203008,0.9285714285714286,0.9160401002506265,0.9912280701754386,0.7030075187969925,0.5758145363408521,0.8858,0.8063,0.8766
CVBF,CVB Financial Corp,Financial,Banks - Regional,15.7,11.45,-21.58,37.86,1.15,26.58,5.15,9.08,20.23,0.66,-3.03,1.83,1440000.0,2.21,22.7,Jul 22/a,26.17,4000000000.0,HIGH,0.58,-0.22,2.6,5.87,0.0467,True,1.15,True,0.39,1.803,1.057,-0.9154,-3.03,1.723,25.0,-1.99,41.0,2.07,22.7,27521629.0,,,15.3,0.9636591478696742,0.9805764411027569,0.9761904761904762,0.8759398496240601,0.7462406015037594,0.7468671679197995,0.8295739348370927,0.8816,0.8486,0.8332
FCF,First Commonwealth Financial Corp,Financial,Banks - Regional,12.92,10.73,36.59,0.6,-6.83,1.21,3.29,8.04,25.45,0.74,-5.56,1.83,794080.0,3.14,21.1,Jul 28/a,24.08,2130000000.0,HIGH,0.05,-1.31,3.01,5.34,0.0473,True,0.25,False,-0.28,1.699,1.611,-0.8624,-5.55,1.501,33.0,-2.94,37.0,-1.26,21.1,17455230.0,,,14.1,0.974937343358396,0.9486215538847118,0.9736842105263158,0.7850877192982456,0.8283208020050126,0.7205513784461153,0.8145363408521303,0.8719,0.8664,0.8272
OPCH,Option Care Health Inc,Healthcare,Medical Care Facilities,18.39,11.66,14.13,1.86,3.51,-41.08,8.61,10.5,-16.58,0.57,-33.97,1.79,2310000.0,2.46,24.3,Jul 29/b,28.58,3640000000.0,HIGH,2.53,1.29,2.77,7.82,0.0571,True,1.71,True,4.57,2.769,3.004,-1.5508,-2.64,1.518,3.0,3.32,37.0,8.1,24.3,49151728.0,,,17.6,0.8489974937343359,0.9849624060150376,0.9661654135338346,0.7944862155388471,0.7832080200501254,0.8345864661654135,0.8671679197994987,0.8687,0.8717,0.8153
LFST,LifeStance Health Group Inc,Healthcare,Medical Care Facilities,96.69,57.29,722.45,26.08,-33.07,12.710000000000003,5.6,39.98,94.58,1.23,-7.3,1.45,4340000.0,4.13,12.57,Aug 06/b,14.2,4800000000.0,HIGH,0.8,-6.05,3.31,6.09,0.1041,False,-0.59,True,6.14,3.814,2.307,-1.7068,-7.3,1.895,5.0,-3.08,31.0,21.22,12.57,68605801.0,,,13.0,0.8082706766917294,0.9110275689223057,0.8176691729323309,0.9260651629072681,0.8715538847117794,0.8596491228070176,0.8333333333333334,0.8657,0.8401,0.8664
VIA,Via Transportation Inc,Technology,Software - Application,,65.1,9.93,26.669999999999998,0.18,-0.32,17.72,83.0,99.29,1.29,-49.31,1.1,899660.0,5.58,27.98,Aug 06/b,34.0,2280000000.0,HIGH,3.67,4.52,6.2,8.96,0.1219,True,2.65,True,18.3,4.571,4.182,-2.5227,-3.88,2.015,16.0,1.34,31.0,30.99,27.98,22207481.0,,,21.5,0.5714285714285714,0.9642857142857143,0.7418546365914787,0.9398496240601504,0.9874686716791979,0.9724310776942355,0.8822055137844611,0.8629,0.8717,0.8678
EXPO,Exponent Inc,Industrials,Engineering & Construction,30.66,25.96,16.39,20.89,-4.61,-2.51,6.3,20.06,4.83,0.69,-16.66,1.6,515630.0,2.61,68.3,Jul 30/a,84.0,3250000000.0,HIGH,-2.72,-1.29,2.87,2.57,0.0842,False,-1.36,True,2.24,2.674,3.236,-1.2558,-5.03,1.556,16.0,-2.9,35.0,5.78,68.3,32336579.0,,,23.0,0.9110275689223057,0.9536340852130326,0.8972431077694236,0.8107769423558897,0.8038847117794486,0.793233082706767,0.7005012531328321,0.8616,0.7905,0.8297
FBP,First Bancorp PR,Financial,Banks - Regional,11.62,10.82,25.64,4.7,-1.42,-2.79,4.44,9.44,33.95,0.83,-7.7,1.57,1420000.0,3.51,27.58,Jul 22/b,31.71,4210000000.0,HIGH,-3.3,-2.02,3.66,1.99,0.0449,False,-1.5,False,-2.58,1.896,1.269,-1.0192,-7.7,1.527,26.0,-5.58,42.0,-0.22,27.58,38130054.0,,,15.0,0.949874686716792,0.8984962406015038,0.9786967418546366,0.8020050125313283,0.9047619047619048,0.6328320802005013,0.6766917293233082,0.8611,0.8357,0.8224
HOPE,Hope Bancorp Inc,Financial,Banks - Regional,14.04,9.28,218.18,17.81,-1.12,-0.1,5.17,8.72,28.78,0.85,-4.34,2.0,1040000.0,2.47,13.96,Jul 27/b,15.5,1780000000.0,HIGH,-0.07,-0.64,2.99,5.22,0.0311,True,0.15,True,0.15,1.965,1.862,-0.8873,-4.32,1.317,26.0,-2.38,39.0,3.79,13.96,11953297.0,,,11.0,0.9711779448621554,0.9598997493734336,0.9962406015037594,0.649749373433584,0.825187969924812,0.7355889724310777,0.8032581453634086,0.8563,0.8677,0.7954
HRMY,Harmony Biosciences Holdings Inc,Healthcare,Biotechnology,13.62,9.82,88.57,30.320000000000004,-0.89,-3.45,10.29,26.26,51.1,1.0,-3.38,1.82,851780.0,4.49,42.02,Aug 04/b,47.36,2450000000.0,HIGH,10.14,1.16,3.72,15.43,0.1457,True,2.62,True,9.25,2.971,3.26,-1.7524,-3.38,1.813,13.0,6.7,33.0,18.03,42.02,42612807.0,,,12.7,0.7957393483709273,0.9743107769423559,0.6265664160401003,0.8991228070175439,0.9091478696741855,0.9122807017543859,0.9573934837092731,0.8529,0.8437,0.8791
CLBK,Columbia Financial Inc,Financial,Banks - Regional,44.57,33.09,17.88,5.15,0.0,4.19,7.25,27.190000000000005,45.91,0.26,-3.5000000000000004,1.0,5340000.0,3.3,11.58,Jul 30/a,14.17,3120000000.0,HIGH,-1.78,1.58,4.23,3.51,0.0372,False,-0.18,True,3.48,1.928,1.554,-0.856,-3.5,1.102,23.0,-0.86,35.0,7.12,11.58,48282749.0,,,22.4,0.9761904761904762,0.9699248120300752,0.9849624060150376,0.4197994987468672,0.9385964912280702,0.8170426065162907,0.7412280701754386,0.8511,0.8736,0.7879
WKC,World Kinect Corp,Energy,Oil & Gas Refining & Marketing,,14.04,115.48,50.47999999999999,-9.0,6.18,16.84,15.52,59.0,1.22,-12.740000000000002,3.67,1190000.0,3.57,35.95,Jul 23/a,37.67,1840000000.0,HIGH,0.0,2.68,3.77,5.29,0.0338,True,1.24,False,-1.74,2.649,2.17,-0.8469,-12.74,1.493,40.0,-0.88,40.0,-0.88,35.95,40156011.0,,,4.8,0.9799498746867168,0.7481203007518797,0.9931077694235589,0.7794486215538847,0.9135338345864662,0.6616541353383458,0.8101503759398496,0.846,0.8961,0.8336
FULT,Fulton Financial Corp,Financial,Banks - Regional,11.21,10.16,-1.58,7.580000000000001,-2.57,6.16,4.93,2.18,20.31,0.79,-7.249999999999999,2.5,1770000.0,2.83,23.4,Jul 22/a,25.69,4470000000.0,HIGH,-1.02,-1.47,3.16,4.27,0.0337,False,-0.94,False,-2.89,1.838,1.368,-0.911,-7.25,1.419,46.0,-4.18,41.0,-3.54,23.4,37429815.0,,,9.8,0.9661654135338346,0.9135338345864662,0.9949874686716792,0.7293233082706767,0.8533834586466166,0.6152882205513784,0.7725563909774437,0.8454,0.8635,0.791
GNW,Genworth Financial Inc,Financial,Insurance - Life,19.08,8.89,-0.4099999999999999,2.29,-3.2199999999999998,-2.77,2.57,12.29,25.94,0.87,-5.99,1.0,3300000.0,3.11,10.05,Aug 05/a,11.5,3800000000.0,HIGH,1.72,-5.19,2.39,7.01,0.0976,False,-1.03,True,0.55,2.829,2.488,-1.5824,-5.99,2.112,5.0,-4.19,31.0,3.72,10.05,43713203.0,,,14.4,0.8383458646616542,0.9367167919799498,0.849624060150376,0.9511278195488722,0.6885964912280702,0.7556390977443609,0.8521303258145363,0.8367,0.8023,0.8084
LTC,LTC Properties Inc,Real Estate,REIT - Healthcare Facilities,15.6,23.03,74.05,63.83,1.24,10.02,4.8,17.02,10.89,0.54,-2.39,2.11,577540.0,2.34,42.56,Aug 05/a,45.25,2290000000.0,HIGH,5.69,-0.19,2.45,10.98,0.1037,True,2.04,True,4.03,2.219,2.35,-1.2378,-2.39,1.429,2.0,-1.21,31.0,9.92,42.56,23185963.0,,,6.3,0.9160401002506265,0.9887218045112782,0.8220551378446115,0.7374686716791979,0.7117794486215538,0.8270676691729323,0.9047619047619048,0.8339,0.8221,0.7981
SFBS,ServisFirst Bancshares Inc,Financial,Banks - Regional,14.14,11.47,39.58,6.34,-0.95,,5.09,3.03,14.66,0.9,-9.97,1.0,613050.0,3.53,41.45,Jul 20/a,48.33,4530000000.0,HIGH,-4.36,-2.01,3.51,0.93,0.0746,False,-2.49,False,-4.81,2.475,2.835,-1.3687,-9.97,1.811,26.0,-8.35,43.0,-3.13,41.45,26115007.0,,,16.6,0.8897243107769424,0.8308270676691729,0.9273182957393484,0.8972431077694235,0.8865914786967418,0.5325814536340853,0.6365914786967418,0.8274,0.7988,0.8015
EBC,Eastern Bankshares Inc,Financial,Banks - Regional,12.24,10.14,-4.73,26.36,-0.62,11.27,7.43,4.85,14.77,0.7,-9.15,1.5,3000000.0,3.03,21.6,Jul 23/a,25.13,4940000000.0,HIGH,-5.01,-1.1,4.02,0.28,0.0699,False,-1.77,False,-4.47,2.336,1.806,-1.0675,-9.15,1.453,25.0,-8.16,40.0,-4.51,21.6,49366960.0,,,16.3,0.9360902255639098,0.8521303258145363,0.9385964912280702,0.7556390977443609,0.931704260651629,0.5457393483709273,0.5983709273182958,0.8266,0.8004,0.7923
MRP,Millrose Properties Inc,Real Estate,REIT - Residential,10.07,8.86,11.59,32.11,2.03,1.7000000000000002,4.74,1.6500000000000001,-0.65,0.38,-17.75,1.0,1340000.0,4.2,28.87,Aug 04/b,37.17,4450000000.0,HIGH,-5.0,-2.0,4.3,0.29,0.1169,False,-4.61,False,-2.27,2.528,1.957,-1.4713,-10.26,1.842,11.0,-6.45,33.0,0.77,28.87,39190499.0,,,28.7,0.8696741854636592,0.8208020050125313,0.7706766917293233,0.9110275689223057,0.943609022556391,0.6403508771929824,0.6008771929824561,0.826,0.7546,0.8412
BBT,Beacon Financial Corp,Financial,Banks - Regional,22.33,9.28,16.29,83.94,0.0,-0.58,4.85,4.16,6.72,0.58,-6.09,2.14,849070.0,2.15,30.83,Jul 29/a,34.83,2580000000.0,HIGH,-2.59,-1.69,2.21,2.7,0.043,False,-1.53,False,-1.12,2.21,1.46,-1.0979,-5.78,1.478,24.0,-3.87,36.0,3.32,30.83,25803507.0,,,13.0,0.931077694235589,0.9429824561403509,0.9799498746867168,0.7719298245614035,0.6234335839598998,0.6892230576441103,0.7080200501253133,0.8231,0.7642,0.7539
GRAL,GRAIL Inc,Healthcare,Diagnostics & Research,,,19.7,25.72,-8.32,5.51,20.29,26.72,66.64,3.27,-32.03,2.18,684620.0,4.39,80.77,Aug 05/a,77.7,3610000000.0,HIGH,1.55,6.94,3.53,6.84,0.112,True,2.3,True,9.21,4.684,5.757,-2.9827,-5.52,2.382,18.0,5.47,31.0,27.4,80.77,67033265.0,,,-3.8,0.4273182957393484,0.949874686716792,0.7850877192982456,0.9724310776942355,0.8903508771929824,0.9110275689223057,0.8483709273182958,0.8227,0.842,0.8003
NMIH,NMI Holdings Inc,Financial,Insurance - Specialty,8.44,7.87,13.750000000000002,8.12,-12.17,0.4699999999999999,2.47,14.46,15.17,0.55,-8.22,1.57,526660.0,2.51,42.9,Jul 30/a,49.17,3230000000.0,HIGH,-5.0,-2.77,2.5,0.29,0.0722,False,-3.32,False,-2.4,2.268,2.051,-0.7878,-8.22,1.477,26.0,-4.41,35.0,-1.24,42.9,23347212.0,,,14.6,0.9899749373433584,0.8834586466165414,0.931704260651629,0.7706766917293233,0.7218045112781954,0.6378446115288221,0.6008771929824561,0.8226,0.7364,0.7801
BXDC,Blackstone Digital Infrastructure Trust Inc,Real Estate,REIT - Specialty,,,,,103.27,95.05,2.42,-12.689999999999998,,,-15.590000000000002,2.17,1050000.0,16.58,19.33,Aug 04/b,23.58,1950000000.0,HIGH,-5.89,-0.97,8.4,-0.6,0.1018,False,-3.92,False,-4.68,2.864,2.535,-1.622,-13.43,3.971,17.0,-6.53,33.0,-4.31,19.33,40882723.0,,,22.0,0.8283208020050126,0.7286967418546366,0.8358395989974937,0.9949874686716792,0.9974937343358395,0.5363408521303258,0.5588972431077694,0.8203,0.7736,0.8393
TCPC,BlackRock TCP Capital Corp,Financial,Asset Management,,9.82,111.11999999999999,270.36,0.0,,5.4,17.3,10.8,1.05,-40.03,3.5,777450.0,1.96,4.0,Aug 06/b,4.33,335610000.0,HIGH,-0.74,-1.23,2.08,4.55,0.0706,False,-1.49,True,6.55,2.696,3.0,-1.6179,-5.88,1.466,26.0,0.0,31.0,14.29,4.0,2965653.0,,,8.3,0.8308270676691729,0.9398496240601504,0.93734335839599,0.7650375939849624,0.5739348370927319,0.868421052631579,0.7819548872180451,0.8192,0.7662,0.7596
BFH,Bread Financial Holdings Inc,Financial,Credit Services,8.48,7.98,20.14,3.66,-2.26,-9.33,8.3,5.98,47.58,1.13,-5.24,2.06,581640.0,2.36,108.53,Jul 23/b,117.69,4170000000.0,HIGH,2.47,-0.64,2.71,7.76,0.071,True,1.29,True,1.96,3.33,1.824,-1.8702,-5.24,1.386,25.0,-2.78,41.0,6.54,108.53,54332668.0,,REVIEW,8.4,0.7644110275689223,0.9511278195488722,0.9360902255639098,0.7080200501253133,0.768796992481203,0.7869674185463659,0.8659147869674185,0.8192,0.8578,0.757
CURB,Curbline Properties Corp,Real Estate,REIT - Retail,104.23,80.43,-35.79,52.98,-15.61,17.65,13.0,-5.12,8.25,0.59,-11.88,1.6,1450000.0,3.98,28.33,Jul 28/b,33.83,3260000000.0,HIGH,-3.61,-2.58,3.91,1.68,0.0639,False,-3.76,False,-5.78,2.218,1.553,-0.8276,-11.88,1.501,43.0,-9.43,38.0,-10.18,28.33,43292088.0,,,19.4,0.9824561403508771,0.7725563909774437,0.9523809523809523,0.7850877192982456,0.9223057644110275,0.4974937343358396,0.6641604010025063,0.8187,0.8281,0.7968
WSBC,Wesbanco Inc,Financial,Banks - Regional,11.42,10.18,59.650000000000006,1.24,-1.49,11.43,7.43,8.49,18.55,0.7,-8.48,2.0,1270000.0,2.2,39.37,Jul 21/a,44.5,3780000000.0,HIGH,-3.65,-2.5,2.74,1.64,0.057,False,-2.29,False,-3.68,2.155,2.108,-1.1264,-8.48,1.494,27.0,-6.68,42.0,-2.5,39.37,41107211.0,,,13.0,0.9273182957393483,0.8734335839598998,0.9674185463659148,0.7807017543859649,0.7738095238095238,0.5795739348370927,0.6629072681704261,0.817,0.7875,0.7654
CGEM,Cullinan Therapeutics Inc,Healthcare,Biotechnology,,,27.0,,-0.34,6.7,21.39,40.25,61.15999999999999,-0.07,-9.1,1.0,825880.0,3.94,21.08,Aug 06/b,34.25,1360000000.0,HIGH,-2.77,3.33,3.57,2.52,0.1412,False,-2.55,True,7.34,4.679,3.89,-2.1247,-9.1,1.962,18.0,-3.39,31.0,19.7,21.08,19485171.0,,,62.5,0.6791979949874687,0.8558897243107769,0.6478696741854637,0.9348370927318296,0.8941102756892231,0.8822055137844611,0.6954887218045113,0.8157,0.7408,0.8476
LILAK,Liberty Latin America Ltd,Communication Services,Telecom Services,,36.43,93.94,1.46,6.41,,5.42,75.37,53.09,0.62,-5.78,2.67,1610000.0,2.46,8.4,Aug 05/a,9.14,1640000000.0,HIGH,0.12,-4.55,3.18,5.41,0.0721,False,-2.01,True,2.45,2.967,5.0,-1.7674,-5.78,1.219,6.0,-3.23,31.0,1.69,8.4,10679543.0,,,8.8,0.7907268170426065,0.9429824561403509,0.9335839598997494,0.5607769423558897,0.8571428571428571,0.7969924812030075,0.8201754385964912,0.8137,0.8653,0.7514
IRDM,Iridium Communications Inc,Communication Services,Telecom Services,53.29,34.7,-56.08,3.84,-2.79,-2.81,2.78,4.94,77.7,0.85,-18.21,2.83,1720000.0,2.88,46.77,Jul 22/b,48.0,4960000000.0,HIGH,-4.51,1.28,4.79,0.78,0.0471,False,-0.87,False,-2.03,1.981,2.01,-1.3801,-18.21,1.605,25.0,-6.05,42.0,-0.19,46.77,48851526.0,,,2.6,0.8884711779448622,0.5802005012531328,0.974937343358396,0.8283208020050126,0.9542606516290727,0.6528822055137845,0.6284461152882206,0.8132,0.8301,0.831
MD,Pediatrix Medical Group Inc,Healthcare,Medical Care Facilities,12.45,10.62,6.619999999999999,4.04,-2.73,0.49,6.02,9.83,30.37,0.61,-7.19,2.71,801860.0,2.57,25.93,Aug 04/b,26.33,2109999999.9999998,HIGH,-2.41,-3.64,2.74,2.88,0.0615,False,-2.64,False,-1.58,3.408,3.047,-1.1838,-7.19,1.288,8.0,-3.75,33.0,4.94,25.93,19908956.0,,,1.5,0.9210526315789473,0.9160401002506265,0.9548872180451128,0.62531328320802,0.7738095238095238,0.6647869674185464,0.7142857142857143,0.8093,0.8043,0.7462
LADR,Ladder Capital Corp,Real Estate,REIT - Mortgage,22.71,8.43,-15.15,15.509999999999998,-0.22,3.8699999999999997,5.18,-7.55,-5.7,0.99,-17.86,1.29,1140000.0,2.53,9.43,Jul 23/b,12.0,1200000000.0,HIGH,-4.94,-1.98,2.7,0.35,0.0646,False,-3.23,False,-3.61,1.772,1.06,-0.6613,-10.95,1.429,22.0,-4.84,41.0,-1.15,9.43,10315164.0,,,27.3,0.9987468671679198,0.8045112781954887,0.9486215538847118,0.7374686716791979,0.7656641604010025,0.5845864661654135,0.6058897243107769,0.8066,0.7566,0.7716
UMH,UMH Properties Inc,Real Estate,REIT - Residential,125.32,95.09,72.58,7.5,0.05,-2.73,4.86,4.18,8.88,0.97,-6.4399999999999995,1.5,657080.0,2.51,15.69,Aug 05/a,18.93,1340000000.0,HIGH,-4.97,0.32,2.16,0.32,0.1036,False,-2.2,False,-1.03,1.694,0.829,-0.8069,-6.44,1.524,17.0,-5.25,31.0,3.22,15.69,12263600.0,,,20.7,0.9862155388471178,0.9298245614035088,0.8233082706766918,0.7982456140350878,0.5977443609022557,0.6917293233082706,0.6027568922305765,0.8045,0.6674,0.7685
PRDO,Perdoceo Education Corp,Consumer Defensive,Education & Training Services,11.82,10.47,22.43,1.8000000000000003,-13.100000000000001,2.02,7.29,1.6200000000000003,-5.49,0.72,-15.45,1.0,693740.0,2.63,32.55,Aug 06/a,44.0,2040000000.0,HIGH,-1.42,-1.54,3.05,3.87,0.0348,False,-1.76,False,-0.47,2.822,3.472,-0.8386,-12.22,1.184,51.0,-7.21,30.0,0.31,32.55,19779003.0,,,35.2,0.981203007518797,0.7631578947368421,0.9912280701754386,0.525062656641604,0.8370927318295739,0.7105263157894737,0.7550125313283208,0.8014,0.8505,0.7635
REI,Ring Energy Inc,Energy,Oil & Gas E&P,,5.9,173.32,26.729999999999997,1.2,19.57,3.02,28.07,-3.3099999999999996,0.97,-27.0,1.67,4670000.0,2.74,1.46,Aug 05/a,2.08,380390000.0,HIGH,-1.35,-3.95,3.07,3.94,0.1046,False,-1.75,True,7.07,4.012,1.37,-2.4471,-7.59,1.515,4.0,-3.95,31.0,18.7,1.46,6210982.0,,,42.5,0.5864661654135338,0.9010025062656641,0.8145363408521303,0.7894736842105263,0.8402255639097744,0.87468671679198,0.7606516290726817,0.8011,0.8007,0.7727
SLDE,Slide Insurance Holdings Inc,Financial,Insurance - Property & Casualty,6.08,6.74,90.44,47.86,-11.61,9.22,8.77,50.47999999999999,44.22,-0.02,-6.7299999999999995,1.5,1250000.0,3.5,24.95,Jul 28/a,26.0,2910000000.0,HIGH,9.72,-4.88,3.02,15.01,0.1724,True,2.54,True,11.78,3.26,3.287,-2.2167,-6.73,1.986,6.0,2.04,37.0,16.59,24.95,35849011.0,,,4.2,0.649749373433584,0.9223057644110275,0.5281954887218046,0.9360902255639098,0.831453634085213,0.9360902255639098,0.9530075187969925,0.8006,0.7891,0.8383
TALO,Talos Energy Inc,Energy,Oil & Gas E&P,,17.61,183.96,56.53,-10.08,0.88,7.54,23.53,16.27,0.42,-9.16,1.69,2009999.9999999998,2.55,17.01,Aug 04/a,20.18,2840000000.0,HIGH,-2.63,-3.68,2.54,2.66,0.1001,False,-1.21,True,7.26,3.8,2.528,-2.173,-9.16,1.558,4.0,-3.68,32.0,19.96,17.01,34821017.0,,,18.6,0.6666666666666666,0.850250626566416,0.8421052631578947,0.8126566416040101,0.7330827067669173,0.8784461152882206,0.7055137844611529,0.7972,0.7548,0.7727
ATRC,Atricure Inc,Healthcare,Medical Instruments & Supplies,268.36,138.78,241.25,12.83,-3.6799999999999997,4.46,8.48,101.73999999999998,100.14,1.24,-2.5,1.4,979790.0,8.85,58.1,Jul 23/a,53.33,2960000000.0,HIGH,18.62,4.14,6.23,23.91,0.2717,True,10.94,True,30.73,3.816,3.27,-2.4297,-2.97,2.626,6.0,9.71,40.0,76.06,58.1,76089536.0,,,-8.2,0.5889724310776943,0.9824561403508771,0.24060150375939848,0.9774436090225563,0.9893483709273183,0.993734335839599,0.9862155388471178,0.7954,0.7635,0.8874
FFBC,First Financial Bancorp,Financial,Banks - Regional,11.34,9.5,-0.34,12.98,-5.54,1.07,5.31,1.52,20.1,0.94,-11.46,2.29,956220.0,2.65,32.09,Jul 21/a,37.57,3370000000.0,HIGH,-2.85,-1.99,3.21,2.44,0.0377,False,-1.52,False,-4.37,1.774,1.34,-0.9111,-11.48,1.272,47.0,-6.25,42.0,-5.51,32.09,25642860.0,,,17.1,0.9649122807017544,0.7894736842105263,0.9837092731829574,0.6090225563909775,0.8659147869674185,0.5532581453634086,0.6923558897243107,0.7944,0.8318,0.7483
HTFL,Heartflow Inc,Healthcare,Health Information Services,,,-65.19,47.57,-10.23,33.69,9.38,50.85999999999999,96.02,2.73,-1.9900000000000002,1.5,1930000.0,3.43,50.75,Aug 13/a,44.78,4410000000.0,HIGH,2.01,2.44,3.07,7.3,0.1112,True,3.53,True,36.03,5.085,5.795,-3.2973,-2.82,1.561,1.0,2.38,25.0,63.66,50.75,106047142.0,,,-11.8,0.3358395989974937,0.9837092731829574,0.7894736842105263,0.8145363408521303,0.8402255639097744,1.0,0.8571428571428571,0.794,0.8318,0.7477
DC,Dakota Gold Corp,Basic Materials,Gold,,,-8.15,,-0.56,3.05,6.64,23.94,28.63,1.24,-15.72,1.0,1460000.0,3.34,6.11,Sep 02,12.09,819800000.0,HIGH,-0.65,4.8,3.58,4.64,0.1157,True,1.61,True,11.38,4.697,2.619,-2.8417,-5.78,1.396,18.0,-1.13,,,6.11,8238823.0,,,97.9,0.48872180451127817,0.9429824561403509,0.775062656641604,0.7161654135338346,0.8959899749373433,0.9298245614035088,0.7894736842105263,0.7915,0.8171,0.7577
WBI,WaterBridge Infrastructure LLC,Energy,Oil & Gas Equipment & Services,413.12,46.02,-36.37,128.0,-26.35,15.479999999999999,14.18,-7.02,20.03,0.17,-16.35,1.44,1050000.0,3.68,30.86,Aug 05/a,36.5,3810000000.0,HIGH,-2.65,-3.05,5.83,2.64,0.0815,False,-3.36,False,-6.01,3.347,2.722,-1.7333,-16.35,1.91,9.0,-4.19,31.0,-5.68,30.86,20894356.0,,,18.3,0.8007518796992481,0.6284461152882206,0.9085213032581454,0.9285714285714286,0.981203007518797,0.487468671679198,0.7042606516290727,0.7892,0.8486,0.7995
ADMA,Adma Biologics Inc,Healthcare,Biotechnology,12.93,9.66,19.33,1.9799999999999998,0.34,-3.7699999999999996,11.12,9.63,-39.35,0.71,-55.47,1.33,2660000.0,4.29,9.11,Aug 05/a,18.67,2040000000.0,HIGH,-7.42,-0.33,4.54,-2.13,0.1291,False,-2.73,False,-0.93,3.164,3.513,-1.9912,-11.98,1.806,31.0,-1.62,31.0,-1.62,9.11,23280558.0,,,104.9,0.7155388471177945,0.7694235588972431,0.7117794486215538,0.8947368421052632,0.9479949874686717,0.6942355889724311,0.4949874686716792,0.789,0.6959,0.8131
INVX,Innovex International Inc,Energy,Oil & Gas Equipment & Services,32.54,15.54,62.24000000000001,9.21,-34.6,0.64,4.81,12.629999999999999,18.47,0.91,-14.57,1.4,652700.0,5.19,28.8,Aug 03/a,34.5,2009999999.9999998,HIGH,-1.77,-0.96,3.72,3.52,0.1034,False,-2.96,True,0.48,4.04,2.292,-2.1993,-14.57,1.76,35.0,8.43,33.0,1.77,28.8,26939774.0,,,19.8,0.6604010025062657,0.6954887218045113,0.8258145363408521,0.8884711779448622,0.9091478696741855,0.7512531328320802,0.743734335839599,0.7884,0.818,0.8023
ACCO,Acco Brands Corp,Industrials,Business Equipment & Supplies,6.72,4.33,-52.96999999999999,5.14,-2.19,0.61,7.03,6.92,38.08,1.17,-8.52,1.0,754120.0,2.47,4.17,Jul 30/a,8.0,384920000.0,HIGH,-1.65,-1.65,2.56,3.64,0.0602,False,-2.26,False,-1.24,2.895,3.837,-1.5785,-8.55,1.292,10.0,-3.92,35.0,-1.18,4.17,3099325.0,,,91.8,0.8408521303258145,0.8703007518796992,0.9624060150375939,0.6284461152882206,0.7387218045112782,0.6829573934837093,0.7518796992481203,0.7873,0.8111,0.7227
FULC,Fulcrum Therapeutics Inc,Healthcare,Biotechnology,,,-24.16,,18.4,-8.6,9.52,1.6200000000000003,-46.59,2.62,-76.11,3.0,1810000.0,2.01,3.76,Aug 05,4.0,286880000.0,HIGH,-1.83,-0.79,2.7,3.46,0.0378,False,-1.75,True,0.13,1.689,1.33,-0.4959,-4.57,0.98,22.0,-2.84,,,3.76,5185122.0,,,6.4,1.0,0.9573934837092731,0.9824561403508771,0.2832080200501253,0.7656641604010025,0.7330827067669173,0.7393483709273183,0.787,0.8202,0.6955
DX,Dynex Capital Inc,Real Estate,REIT - Mortgage,4.65,7.59,653.65,170.93,0.1,6.97,5.29,-6.74,-6.09,0.96,-18.42,1.67,5500000.0,2.7,12.18,Jul 20/b,14.75,3020000000.0,HIGH,-6.52,-1.85,2.7,-1.23,0.0937,False,-4.08,False,-5.34,1.677,1.149,-0.8079,-10.38,1.476,23.0,-6.81,44.0,-7.16,12.18,69518733.0,,,21.1,0.9849624060150376,0.818922305764411,0.8677944862155389,0.7694235588972431,0.7656641604010025,0.5112781954887218,0.5225563909774437,0.7863,0.6991,0.7578
SBH,Sally Beauty Holdings Inc,Consumer Cyclical,Specialty Retail,8.21,7.05,24.72,0.22999999999999998,-3.2300000000000004,0.6,21.87,14.17,12.710000000000003,1.03,-11.89,2.4,1390000.0,2.31,15.79,Aug 03/b,17.0,1480000000.0,HIGH,-4.71,-1.37,2.71,0.58,0.0813,False,-2.77,False,-0.54,3.587,2.407,-1.4155,-8.68,1.235,28.0,-5.73,34.0,5.48,15.79,19210632.0,,,7.7,0.8796992481203008,0.8671679197994987,0.9097744360902256,0.5833333333333334,0.768796992481203,0.7048872180451128,0.6165413533834586,0.7856,0.7502,0.7342
PFS,Provident Financial Services Inc,Financial,Banks - Regional,9.63,8.87,8.65,4.33,-1.1,1.6500000000000001,4.41,1.5,13.76,0.82,-9.53,1.67,958780.0,2.03,23.06,Jul 29/a,27.58,3010000000.0,HIGH,-2.74,-1.2,2.34,2.55,0.0353,False,-1.37,False,-3.63,1.849,1.388,-0.8043,-9.53,1.296,34.0,-6.56,36.0,-4.2,23.06,19395543.0,,,19.6,0.9874686716791979,0.8395989974937343,0.9887218045112782,0.6328320802005013,0.6791979949874687,0.5827067669172933,0.6979949874686717,0.7851,0.7796,0.7206
CRGY,Crescent Energy Co,Energy,Oil & Gas E&P,,6.42,117.15,55.34,-44.56,-0.9000000000000001,10.04,33.14,13.47,0.91,-10.15,1.58,6040000.0,3.39,13.9,Aug 03/a,17.44,4590000000.0,HIGH,-1.14,-4.73,3.19,4.15,0.1347,False,-1.26,True,11.61,3.771,2.41,-2.5696,-10.15,1.648,4.0,-4.73,33.0,23.23,13.9,90680392.0,,,25.5,0.5526315789473685,0.8245614035087719,0.6791979949874687,0.8464912280701754,0.8590225563909775,0.9348370927318296,0.7669172932330827,0.7828,0.7682,0.7982
CCO,Clear Channel Outdoor Holdings Inc,Communication Services,Advertising Agencies,,192.56,-129.36,8.75,-17.07,6.15,7.52,-1.24,0.8500000000000001,2.02,-2.46,3.25,7830000.0,1.97,2.38,Aug 05/b,2.43,1210000000.0,HIGH,0.0,0.0,2.82,5.29,0.0212,True,0.13,False,-0.44,0.78,1.681,-0.716,-2.46,0.884,33.0,-1.65,32.0,-1.65,2.38,12981895.0,,,2.1,0.9962406015037594,0.9862155388471178,0.9987468671679198,0.20050125313283207,0.7957393483709273,0.7117794486215538,0.8101503759398496,0.7815,0.8624,0.6761
NMAX,Newsmax Inc,Communication Services,Broadcasting,,48.0,103.81,16.53,-0.71,6.4399999999999995,7.9,32.65,51.32,2.6,-24.12,1.0,1120000.0,4.57,10.32,Aug 13/a,18.5,1330000000.0,HIGH,-4.0,-9.47,4.08,1.29,0.1147,False,-3.79,True,8.49,5.688,4.748,-2.8165,-14.78,1.822,23.0,-0.39,25.0,8.75,10.32,13462024.0,,,79.3,0.4924812030075188,0.681704260651629,0.7781954887218046,0.9022556390977443,0.9348370927318296,0.8991228070175439,0.6478696741854637,0.7814,0.7731,0.8072
ZBIO,Zenas Biopharma Inc,Healthcare,Biotechnology,,,-41.57,,1.27,22.06,35.34,59.25,34.79,-0.96,-29.37,1.25,843920.0,2.98,31.5,Aug 13/b,47.0,2049999999.9999998,HIGH,-2.45,-1.28,3.76,2.84,0.0909,False,-2.33,True,0.18,4.758,2.508,-2.6442,-7.49,1.382,18.0,-0.47,26.0,7.88,31.5,21546624.0,,,49.2,0.5401002506265664,0.9047619047619048,0.8790726817042607,0.7055137844611529,0.9122807017543859,0.7380952380952381,0.7130325814536341,0.78,0.8226,0.724
INVA,Innoviva Inc,Healthcare,Biotechnology,5.15,9.17,-247.03999999999996,18.61,0.0,-1.3,9.73,-6.0,-4.3,0.38,-15.93,2.0,780820.0,1.84,21.14,Aug 05/a,35.0,1530000000.0,HIGH,0.33,1.15,1.89,5.62,0.0419,True,0.38,False,-0.25,2.115,1.561,-1.0034,-11.81,1.432,,,31.0,3.07,21.14,15960785.0,,,65.6,0.9511278195488722,0.7769423558897243,0.981203007518797,0.7418546365914787,0.4931077694235589,0.7218045112781954,0.8258145363408521,0.7777,0.7726,0.727
FFIN,First Financial Bankshares Inc,Financial,Banks - Regional,17.51,15.21,7.61,8.43,-0.19,3.6900000000000004,6.15,0.09,14.52,0.83,-10.16,2.71,823720.0,1.87,32.81,Jul 16/a,36.57,4700000000.0,HIGH,-3.87,-1.35,2.19,1.42,0.0482,False,-1.42,False,-4.24,1.89,1.25,-1.0267,-10.16,1.445,46.0,-6.84,45.0,-7.11,32.81,23453995.0,,,11.5,0.9473684210526315,0.8233082706766918,0.9724310776942355,0.7512531328320802,0.6083959899749374,0.5576441102756893,0.6553884711779449,0.7767,0.7364,0.7162
EGY,VAALCO Energy Inc,Energy,Oil & Gas E&P,,16.91,395.23,39.5,0.0,7.76,8.04,8.6,-1.3,0.21,-9.82,1.0,1340000.0,2.9,6.06,Aug 06/a,9.59,637460000.0,HIGH,2.02,-3.35,2.77,7.31,0.148,True,0.29,True,6.25,3.476,3.713,-2.2167,-8.04,1.667,4.0,-3.35,30.0,17.44,6.06,8538534.0,,,58.3,0.649749373433584,0.8878446115288221,0.6159147869674185,0.8596491228070176,0.7832080200501254,0.8634085213032582,0.8583959899749374,0.7766,0.7631,0.789
GCMG,GCM Grosvenor Inc,Financial,Asset Management,25.45,12.17,136.14,12.950000000000001,-9.7,-0.43,2.72,9.05,30.490000000000002,0.89,-11.61,1.4,507890.0,3.34,13.14,Aug 10/b,15.5,2660000000.0,HIGH,-4.3,3.96,3.51,0.99,0.1172,False,-0.64,False,-0.54,2.759,3.044,-1.4906,-11.61,1.316,26.0,-5.6,29.0,-3.24,13.14,6401276.0,,,18.0,0.8659147869674185,0.7844611528822055,0.768170426065163,0.6478696741854637,0.8865914786967418,0.7048872180451128,0.6390977443609023,0.7763,0.7521,0.7763
IRWD,Ironwood Pharmaceuticals Inc,Healthcare,Drug Manufacturers - Specialty & Generic,5.69,3.31,123.29,32.62,-2.38,0.25,11.1,23.16,34.98,0.21,-24.57,2.0,2170000.0,3.55,4.36,Aug 06/b,6.1,720450000.0,HIGH,1.63,4.56,4.09,6.92,0.1105,True,3.53,True,5.48,4.063,5.046,-2.9026,-10.66,1.487,12.0,2.11,31.0,5.06,4.36,7976552.0,,,39.9,0.4649122807017544,0.8132832080200502,0.7957393483709273,0.7781954887218046,0.9360902255639098,0.8533834586466166,0.8508771929824561,0.7736,0.8599,0.7581
DAN,Dana Inc,Consumer Cyclical,Auto Parts,,7.47,-100.0,3.88,0.0,0.45999999999999996,4.52,2.16,-6.49,2.02,-24.65,1.78,1580000.0,2.59,29.81,Aug 06/b,39.0,3210000000.0,HIGH,-6.02,-1.62,2.9,-0.73,0.0903,False,-2.31,True,2.22,3.307,3.522,-2.3061,-7.71,1.298,10.0,-5.43,31.0,9.11,29.81,43018520.0,,,30.8,0.6203007518796992,0.8966165413533834,0.8822055137844611,0.6365914786967418,0.8114035087719298,0.7919799498746867,0.5488721804511278,0.7732,0.7276,0.7151
PRAA,PRA Group Inc,Financial,Credit Services,,5.79,40.54,12.94,0.0,-4.94,2.64,40.56,18.18,1.13,-6.87,2.33,522990.0,1.64,21.0,Aug 06/a,26.0,790610000.0,HIGH,7.25,8.3,2.21,12.54,0.135,True,8.39,True,12.15,3.684,6.714,-2.1722,-2.28,1.422,2.0,4.63,30.0,15.7,21.0,7596472.0,,REVIEW,23.8,0.6679197994987469,0.9924812030075187,0.6779448621553885,0.731829573934837,0.6234335839598998,0.9385964912280702,0.9285714285714286,0.772,0.7618,0.7404
HAE,Haemonetics Corp,Healthcare,Medical Devices,52.87,18.76,2.63,5.6,0.0,3.39,6.41,46.15,84.04,0.6,-1.3,1.67,732070.0,1.78,108.4,Aug 06/b,111.5,4930000000.0,HIGH,-0.37,1.97,2.06,4.92,0.0953,True,3.27,True,16.43,2.599,2.629,-1.2667,-1.86,1.03,20.0,0.17,31.0,29.67,108.4,66244893.0,,,2.9,0.9097744360902256,0.993734335839599,0.8609022556390977,0.33959899749373434,0.5645363408521303,0.9636591478696742,0.7982456140350878,0.772,0.7469,0.6944
RDN,Radian Group Inc,Financial,Insurance - Specialty,9.0,6.78,-17.01,80.8,2.63,-0.55,4.06,0.89,6.509999999999999,0.7,-14.71,1.43,1200000.0,2.45,35.01,Aug 05/a,43.8,4630000000.0,HIGH,-4.32,-2.34,2.64,0.97,0.0697,False,-3.02,False,-5.93,2.014,1.4,-0.966,-14.71,1.531,37.0,-10.85,31.0,-3.45,35.01,39982323.0,,,25.1,0.956140350877193,0.6835839598997494,0.9398496240601504,0.8032581453634086,0.7531328320802005,0.49122807017543857,0.6378446115288221,0.7712,0.763,0.7509
MCHB,Mechanics Bancorp,Financial,Banks - Regional,12.33,12.94,211.23,167.34,-0.0,-1.51,13.65,5.05,8.07,1.43,-11.37,2.25,563340.0,2.66,15.4,Jul 29/b,17.62,3560000000.0,HIGH,-4.94,-0.52,3.02,0.35,0.0754,False,-1.94,False,-4.74,1.911,1.494,-0.8198,-11.39,1.187,28.0,-7.84,37.0,-2.78,15.4,7787555.0,,,14.4,0.9837092731829574,0.7907268170426065,0.9235588972431078,0.5288220551378446,0.831453634085213,0.5350877192982456,0.6058897243107769,0.7656,0.7689,0.7198
AVAH,Aveanna Healthcare Holdings Inc,Healthcare,Medical Care Facilities,11.12,15.07,39.56,13.73,-43.86,7.13,4.73,75.48,115.62,1.93,-7.07,1.64,2930000.0,2.23,13.67,Aug 13/b,14.6,2980000000.0,HIGH,3.88,-4.94,1.8,9.17,0.1023,False,-0.48,True,18.24,3.846,3.621,-1.9707,-7.07,1.365,6.0,-1.37,26.0,51.05,13.67,49935563.0,,,6.8,0.7218045112781954,0.918546365914787,0.8320802005012531,0.6904761904761905,0.4592731829573935,0.9705513784461153,0.8847117794486216,0.7655,0.7413,0.7105
UMBF,UMB Financial Corp,Financial,Banks - Regional,11.2,9.63,25.929999999999996,6.23,-5.31,3.25,4.7,1.1,23.12,0.83,-12.26,1.65,638200.0,2.6,134.52,Jul 28/a,167.94,2770000000.0,HIGH,-7.32,-3.76,2.86,-2.03,0.1,False,-4.5,False,-6.51,2.28,1.531,-1.2746,-12.26,1.543,27.0,-8.82,37.0,-6.57,134.52,80969570.0,,,24.8,0.9072681704260651,0.7612781954887218,0.843358395989975,0.8082706766917294,0.8013784461152882,0.4649122807017544,0.5,0.7644,0.6934,0.7455
SBCF,Seacoast Banking Corp Of Florida,Financial,Banks - Regional,21.44,12.16,9.83,30.010000000000005,-3.04,2.33,4.97,9.27,15.329999999999998,0.91,-7.090000000000001,2.5,1000000.0,1.67,33.7,Jul 28/a,37.04,3260000000.0,HIGH,-2.66,-1.92,2.12,2.63,0.0456,False,-1.2,False,-1.65,2.234,1.721,-1.2743,-7.09,1.187,27.0,-4.72,37.0,0.15,33.7,26870297.0,,,9.9,0.9085213032581454,0.9172932330827067,0.9774436090225564,0.5288220551378446,0.5877192982456141,0.6629072681704261,0.7030075187969925,0.7638,0.7508,0.672
KODK,Eastman Kodak Co,Industrials,Specialty Business Services,,12.24,135.29,18.25,0.01,4.34,9.22,1.6,21.04,1.57,-35.78,,885900.0,3.06,9.55,Aug 04/a,12.0,934950000.0,HIGH,-2.95,4.49,2.93,2.34,0.1167,True,2.62,True,5.73,3.029,3.456,-2.2556,-7.37,1.233,28.0,-4.4,32.0,6.94,9.55,8585285.0,,,25.7,0.6390977443609023,0.9097744360902256,0.7719298245614035,0.5808270676691729,0.8151629072681704,0.8546365914786967,0.6892230576441103,0.7619,0.7518,0.7224
EFC,Ellington Financial Inc,Real Estate,REIT - Mortgage,7.58,6.29,-2.15,31.72,0.0,1.31,5.76,-7.44,5.87,0.96,-11.9,1.57,1210000.0,2.7,12.44,Aug 06/a,14.86,1600000000.0,HIGH,-8.73,-2.89,2.77,-3.44,0.1192,False,-5.71,False,-6.99,1.688,1.527,-0.748,-10.12,1.458,22.0,-8.6,30.0,-5.33,12.44,15486674.0,,,19.5,0.9912280701754386,0.8258145363408521,0.756265664160401,0.7568922305764411,0.7832080200501254,0.449874686716792,0.44862155388471175,0.7605,0.6413,0.7453
GRNT,Granite Ridge Resources Inc,Energy,Oil & Gas E&P,,6.98,19.0,36.67,0.28,4.82,7.57,4.48,-10.09,0.19,-20.26,1.57,1110000.0,2.65,4.9,Aug 06/a,7.93,646310000.0,HIGH,-4.11,-4.3,1.73,1.18,0.0696,False,-3.31,False,-0.53,3.265,2.449,-1.9898,-9.09,1.813,4.0,-4.3,30.0,5.15,4.9,8640117.0,,,61.8,0.7167919799498746,0.8577694235588973,0.9411027568922306,0.8991228070175439,0.4266917293233083,0.7080200501253133,0.6453634085213033,0.7582,0.6685,0.6877
DNOW,Dnow Inc,Industrials,Industrial Distribution,,18.82,-148.81,108.11999999999999,-12.65,0.9399999999999998,5.49,15.479999999999999,32.12,0.89,-9.68,1.4,2650000.0,1.67,15.59,Aug 06/b,18.8,2820000000.0,HIGH,-0.57,-0.32,1.97,4.72,0.061,False,-1.65,True,2.7,3.162,3.765,-1.9031,-9.36,1.339,31.0,9.63,31.0,9.63,15.59,35595255.0,,,20.6,0.7531328320802005,0.843358395989975,0.956766917293233,0.6691729323308271,0.5256892230576441,0.7994987468671679,0.7944862155388471,0.7579,0.7625,0.6869
EPR,EPR Properties,Real Estate,REIT - Specialty,18.2,18.55,-12.68,10.11,-2.88,0.96,9.04,-1.37,6.06,1.02,-12.7,2.23,744940.0,2.62,56.72,Jul 29/a,64.79,4350000000.0,HIGH,-6.01,-3.55,2.15,-0.72,0.0763,False,-4.27,False,-6.48,2.089,1.164,-0.9234,-12.7,1.577,38.0,-10.58,36.0,-11.28,56.72,53561655.0,,,14.2,0.9624060150375939,0.7493734335839599,0.9210526315789473,0.8208020050125313,0.5952380952380952,0.4674185463659148,0.5520050125313283,0.7527,0.6757,0.7115
AVA,Avista Corp,Utilities,Utilities - Diversified,13.11,12.96,142.99,0.49,-0.76,4.57,5.24,-8.83,-8.32,0.21,-16.67,3.0,669180.0,2.85,36.25,Aug 03/b,40.25,3040000000.0,HIGH,-3.51,-1.09,2.56,1.78,0.0579,False,-2.77,False,-7.28,1.543,1.048,-0.9376,-15.89,1.484,46.0,-12.57,34.0,-8.34,36.25,27741355.0,,,11.0,0.9611528822055138,0.6378446115288221,0.9649122807017544,0.7756892230576441,0.7387218045112782,0.43734335839599,0.668546365914787,0.7526,0.7785,0.7282
AVO,Mission Produce Inc,Consumer Defensive,Food Distribution,376.09,16.54,-137.94,25.8,10.3,18.63,9.31,12.27,2.87,0.44,-16.93,1.0,959530.0,1.78,12.9,Sep 08/a,16.5,1130000000.0,HIGH,-2.93,0.7,2.24,2.36,0.0897,True,0.46,True,0.01,3.639,4.884,-1.9572,-9.28,1.324,8.0,0.23,8.0,0.23,12.9,9787898.0,,,27.9,0.7293233082706767,0.8458646616541353,0.8847117794486216,0.6572681704260651,0.6416040100250626,0.7293233082706767,0.6904761904761905,0.748,0.7341,0.6894
MDU,MDU Resources Group Inc,Utilities,Utilities - Regulated Gas,19.52,17.57,49.4,6.87,0.0,-0.37,7.85,-12.82,-9.02,0.73,-19.23,1.75,1590000.0,3.61,18.56,Aug 06/b,23.71,3900000000.0,HIGH,-6.97,-0.85,3.09,-1.68,0.1178,False,-4.88,False,-8.09,2.036,1.131,-1.0724,-15.37,1.719,,,31.0,-7.29,18.56,35832571.0,,,27.7,0.9348370927318296,0.6578947368421053,0.7644110275689223,0.8740601503759399,0.8452380952380952,0.41102756892230574,0.5081453634085213,0.7479,0.6862,0.7663
DK,Delek US Holdings Inc,Energy,Oil & Gas Refining & Marketing,21.96,9.38,254.25999999999996,47.83,-30.409999999999997,-2.37,9.85,88.38,75.16,0.59,-4.73,2.0,1520000.0,7.62,78.12,Aug 05/b,75.0,4780000000.0,HIGH,9.3,4.9,4.66,14.59,0.1968,True,5.76,True,15.2,5.701,6.336,-3.8012,-5.04,2.209,4.0,4.9,32.0,30.74,78.12,185761282.0,,,-4.0,0.23057644110275688,0.9523809523809523,0.4323308270676691,0.9586466165413534,0.9523809523809523,0.9611528822055138,0.949874686716792,0.7479,0.7954,0.7757
NTCT,Netscout Systems Inc,Technology,Software - Infrastructure,23.3,13.19,670.57,12.68,-1.15,2.5,5.49,-3.6799999999999997,24.75,0.69,-15.61,2.0,632920.0,2.58,38.21,Aug 06/b,47.67,2780000000.0,HIGH,-0.73,2.25,2.43,4.56,0.075,True,0.3,False,-3.12,2.492,4.083,-1.5631,-15.61,1.438,51.0,-11.14,31.0,-4.78,38.21,25606980.0,,,24.8,0.8471177944862155,0.649749373433584,0.9260651629072681,0.7468671679197995,0.706140350877193,0.6027568922305765,0.7838345864661654,0.7464,0.8032,0.7257
NSP,Insperity Inc,Industrials,Staffing & Employment Services,,18.65,177.96,1.69,14.81,3.1,8.75,38.9,121.43000000000002,0.56,-10.0,3.0,566520.0,2.35,50.31,Jul 29/a,51.75,1920000000.0,HIGH,-4.7,-1.28,3.52,0.59,0.0923,False,-2.05,False,-1.37,4.545,3.816,-2.0182,-10.0,1.157,38.0,0.12,36.0,-5.4,50.31,19319734.0,,,2.9,0.7105263157894737,0.8289473684210527,0.8765664160401002,0.48621553884711777,0.8884711779448622,0.6773182957393483,0.6177944862155389,0.7447,0.7766,0.6906
SHO,Sunstone Hotel Investors Inc,Real Estate,REIT - Hotel & Motel,49.2,48.6,304.06,6.67,-3.1300000000000003,0.28,7.37,-7.3,21.19,1.02,-8.53,2.5,2660000.0,1.83,11.04,Aug 06/b,11.88,2049999999.9999998,HIGH,-2.21,0.45,2.23,3.08,0.0528,False,-0.44,False,-2.11,1.818,1.63,-0.8514,-8.46,1.045,,,31.0,-2.21,11.04,24111174.0,,,7.6,0.9786967418546366,0.87468671679198,0.968671679197995,0.35526315789473684,0.6365914786967418,0.6472431077694235,0.7205513784461153,0.7435,0.7698,0.6544
DEC,Diversified Energy Co,Energy,Oil & Gas Integrated,,3.21,,,0.0,4.27,9.2,5.62,-15.190000000000001,0.34,-27.35,1.15,997200.0,3.47,13.73,Aug 05/a,24.57,1090000000.0,HIGH,-6.34,-7.73,3.89,-1.05,0.134,False,-7.69,False,-2.8,3.424,2.404,-2.0276,-13.59,1.533,11.0,-9.97,31.0,4.89,13.73,13108821.0,,,79.0,0.7042606516290727,0.7218045112781954,0.68671679197995,0.8057644110275689,0.9210526315789473,0.6203007518796992,0.5269423558897243,0.7433,0.6931,0.7628
VGZ,Vista Gold Corp,Basic Materials,Gold,,,-7.41,,0.0,4.79,5.43,-5.44,22.83,1.32,-27.800000000000004,1.0,1810000.0,2.73,2.26,Jul 29/a,4.5,329900000.0,HIGH,-9.24,4.15,4.02,-3.95,0.1714,True,0.18,True,10.18,4.867,4.867,-3.1109,-11.02,1.743,20.0,-6.61,36.0,32.16,2.26,2769470.0,,,99.1,0.38847117794486213,0.8007518796992481,0.5350877192982456,0.8822055137844611,0.931704260651629,0.9197994987468672,0.4191729323308271,0.743,0.6077,0.7805
LILA,Liberty Latin America Ltd,Communication Services,Telecom Services,,68.44,93.94,1.46,2.66,-17.42,3.51,75.21,55.58,0.64,-6.03,2.6,673260.0,1.78,8.41,Aug 05/a,9.17,1640000000.0,HIGH,-0.71,-5.19,3.2,4.58,0.0713,False,-2.54,True,1.71,2.433,2.616,-1.9674,-6.03,0.902,6.0,-3.33,31.0,0.36,8.41,3218207.0,,,9.0,0.7230576441102757,0.9348370927318296,0.9348370927318296,0.21804511278195488,0.8627819548872181,0.7819548872180451,0.7869674185463659,0.7426,0.8541,0.6465
IDYA,Ideaya Biosciences Inc,Healthcare,Biotechnology,,,-39.46,,-0.15,6.61,11.22,22.99,17.82,-0.04,-10.0,1.13,933240.0,2.67,38.41,Aug 04/b,52.38,3710000000.0,HIGH,-3.18,1.0,3.25,2.11,0.1482,False,-2.56,True,2.04,3.174,2.851,-2.0909,-10.0,1.341,23.0,5.12,33.0,8.5,38.41,30227498.0,,,36.4,0.6879699248120301,0.8289473684210527,0.612781954887218,0.6704260651629073,0.8671679197994987,0.7882205513784462,0.6791979949874687,0.7426,0.7157,0.7534
VRDN,Viridian Therapeutics Inc,Healthcare,Biotechnology,,,4.56,278.67,20.14,11.36,18.35,32.29,-20.98,1.1,-35.84,1.0,1880000.0,2.86,22.0,Aug 06/b,36.07,2490000000.0,HIGH,-9.43,-0.9,3.95,-4.14,0.1529,False,-4.01,True,1.73,4.083,1.682,-2.0538,-11.5,1.33,23.0,-4.72,31.0,4.41,22.0,30943247.0,,,64.0,0.6979949874686717,0.7882205513784462,0.6015037593984962,0.6604010025062657,0.9235588972431078,0.7832080200501254,0.40476190476190477,0.7425,0.6194,0.7663
ADAM,Adamas Trust Inc,Real Estate,REIT - Mortgage,5.3,8.62,1318.13,34.52,0.0,0.98,3.72,-2.41,12.78,1.25,-14.000000000000002,2.33,899570.0,3.61,8.91,Jul 29/a,9.75,800830000.0,HIGH,-10.36,-1.22,3.49,-5.07,0.1568,False,-6.13,False,-5.4,2.245,2.918,-1.108,-14.0,1.598,28.0,-8.99,36.0,3.01,8.91,8706834.0,,,9.4,0.9298245614035088,0.7117794486215538,0.5927318295739348,0.8270676691729323,0.8828320802005013,0.5100250626566416,0.36779448621553884,0.7424,0.5898,0.7874
DRH,Diamondrock Hospitality Co,Real Estate,REIT - Hotel & Motel,16.97,18.38,137.81,4.11,-1.46,2.12,6.9,-0.57,28.84,1.03,-11.24,2.07,2660000.0,2.17,12.24,Jul 30/a,13.96,2510000000.0,HIGH,-4.52,-0.65,2.0,0.77,0.0923,False,-0.92,False,-2.23,2.509,1.389,-1.3501,-11.24,1.38,35.0,-5.19,35.0,-5.19,12.24,35619823.0,,,14.1,0.893483709273183,0.7957393483709273,0.8765664160401002,0.7023809523809523,0.5394736842105263,0.6416040100250626,0.6265664160401002,0.7415,0.6754,0.6942
VTS,Vitesse Energy Inc,Energy,Oil & Gas E&P,,70.04,30.25,11.31,-0.0,22.11,21.61,12.02,-8.08,0.58,-25.33,1.8,533330.0,1.82,17.51,Aug 03/a,20.6,737250000.0,HIGH,2.34,-5.4,1.79,7.63,0.1303,False,-1.04,True,5.38,3.006,2.798,-1.725,-8.04,1.436,10.0,0.57,33.0,12.82,17.51,9670122.0,,,17.6,0.8032581453634086,0.8878446115288221,0.7055137844611529,0.7456140350877193,0.4542606516290727,0.8508771929824561,0.8621553884711779,0.7412,0.6928,0.7135
ACAD,Acadia Pharmaceuticals Inc,Healthcare,Biotechnology,12.29,29.8,15.24,16.4,-3.38,1.39,5.73,26.229999999999997,31.71,0.86,-11.85,1.65,1670000.0,3.28,27.29,Aug 04/a,33.89,4700000000.0,HIGH,-7.49,-0.84,3.57,-2.2,0.1468,False,-3.93,False,-1.15,2.824,2.748,-1.7891,-11.85,1.353,18.0,-7.96,32.0,0.52,27.29,43318593.0,,,24.2,0.7832080200501254,0.7744360902255639,0.6215538847117794,0.6829573934837093,0.8941102756892231,0.6867167919799498,0.49373433583959897,0.7405,0.6522,0.7617
SHEN,Shenandoah Telecommunications Co,Communication Services,Telecom Services,,,12.85,5.53,0.1,-0.9000000000000001,6.42,-18.41,-19.37,0.75,-33.29,1.5,524270.0,15.14,11.57,Jul 29/b,27.5,640570000.0,HIGH,-6.16,-1.87,8.51,-0.87,0.1193,False,-4.49,False,-5.83,3.828,3.63,-1.5132,-27.42,3.418,31.0,-11.0,37.0,-2.28,11.57,11032681.0,,,137.7,0.8571428571428571,0.3408521303258145,0.7543859649122807,0.993734335839599,0.9987468671679198,0.4949874686716792,0.5451127819548872,0.74,0.744,0.8362
IKT,Inhibikase Therapeutics Inc,Healthcare,Biotechnology,,,-1.81,,0.0,12.98,17.99,25.679999999999996,25.679999999999996,0.89,-11.88,1.0,743570.0,4.32,2.3,Aug 11/a,6.0,320930000.0,HIGH,-3.77,-3.77,6.07,1.52,0.133,False,-4.35,False,-1.37,4.469,2.826,-2.5072,-11.88,1.431,11.0,-8.0,27.0,-4.17,2.3,1258364.0,,,160.9,0.5739348370927319,0.7725563909774437,0.6904761904761905,0.7393483709273183,0.9862155388471178,0.6773182957393483,0.6604010025062657,0.74,0.7672,0.7442
KFY,Korn Ferry,Industrials,Staffing & Employment Services,14.47,12.08,5.26,6.860000000000001,-1.6099999999999999,0.02,4.14,7.44,24.32,1.26,-12.26,1.6,511300.0,3.49,76.78,Sep 09/b,90.25,4190000000.0000005,HIGH,-9.73,-2.04,3.35,-4.44,0.1717,False,-6.38,False,-5.68,3.063,1.498,-1.4937,-12.26,1.807,15.0,-9.3,8.0,-5.36,76.78,43120068.0,,,17.5,0.8621553884711779,0.7612781954887218,0.5338345864661654,0.8959899749373433,0.8734335839598998,0.49874686716791977,0.39724310776942356,0.7376,0.5811,0.7826
SONO,Sonos Inc,Technology,Consumer Electronics,34.9,59.73,978.29,8.85,-2.23,-0.01,9.69,5.79,15.64,1.89,-21.64,1.5,1960000.0,3.49,15.53,Jul 29/a,19.67,1840000000.0,HIGH,-1.9,-0.32,3.8,3.39,0.1215,True,0.93,True,0.77,4.549,3.284,-2.8672,-11.76,1.435,39.0,5.72,36.0,7.62,15.53,27728859.0,,,26.7,0.47619047619047616,0.7794486215538847,0.7437343358395989,0.7443609022556391,0.9179197994987469,0.7593984962406015,0.7343358395989975,0.7368,0.7922,0.7245
TSLX,Sixth Street Specialty Lending Inc,Financial,Asset Management,19.02,9.78,-32.11,30.8,0.21,,5.67,7.77,-1.49,0.67,-24.17,1.27,532420.0,1.3,17.9,Aug 04/a,19.77,1710000000.0,HIGH,-4.74,-1.92,1.77,0.55,0.0901,False,-2.43,False,-0.81,2.271,2.123,-1.17,-7.06,1.204,26.0,-4.79,32.0,-0.61,17.9,7169339.0,,,10.4,0.9235588972431078,0.9197994987468672,0.8834586466165414,0.5426065162907269,0.4473684210526316,0.6979949874686717,0.6140350877192983,0.7358,0.6449,0.6529
PSEC,Prospect Capital Corp,Financial,Asset Management,124.57,6.23,85.04,208.67,4.58,,4.42,-1.36,-15.83,0.8,-30.240000000000002,5.0,4500000.0,2.36,2.18,Aug 20/a,2.0,1140000000.0,HIGH,-6.44,-0.91,2.58,-1.15,0.0967,False,-2.66,False,-2.45,2.49,2.752,-1.6285,-8.02,1.132,26.0,-4.8,20.0,-4.39,2.18,9226885.0,,,-8.3,0.8270676691729323,0.8909774436090225,0.8546365914786967,0.46115288220551376,0.7418546365914787,0.6365914786967418,0.5238095238095238,0.7354,0.6885,0.6667
EWTX,Edgewise Therapeutics Inc,Healthcare,Biotechnology,,,-54.67999999999999,,-1.35,-0.69,11.41,23.12,50.82,0.33,-6.58,1.31,1250000.0,1.59,45.32,Aug 06/b,51.69,4920000000.0,HIGH,2.58,1.57,1.58,7.87,0.1211,True,3.48,True,6.24,4.517,3.553,-2.2178,-6.58,1.669,2.0,-0.26,31.0,2.03,45.32,55714944.0,,,14.1,0.6478696741854637,0.9273182957393483,0.7468671679197996,0.8609022556390977,0.3583959899749373,0.8621553884711779,0.868421052631579,0.7339,0.6789,0.6823
CRC,California Resources Corp,Energy,Oil & Gas E&P,,13.39,199.18,33.01,-0.97,-2.23,4.62,-2.22,-14.05,1.01,-24.88,1.38,862770.0,2.14,54.07,Aug 10/b,75.71,4800000000.0,HIGH,1.56,-3.08,2.03,6.85,0.1252,False,-0.31,True,1.5,3.231,2.613,-1.967,-6.79,1.365,4.0,-3.08,29.0,3.82,54.07,49553084.0,,,40.0,0.7243107769423559,0.9210526315789473,0.7280701754385965,0.6904761904761905,0.5545112781954887,0.7794486215538847,0.849624060150376,0.733,0.7246,0.6872
CE,Celanese Corp,Basic Materials,Chemicals,,7.19,-37.48,8.69,1.19,3.81,5.94,-11.24,-24.73,0.75,-35.77,1.86,1800000.0,2.39,45.41,Aug 04/a,61.94,4980000000.0,HIGH,-2.97,1.41,2.51,2.32,0.0844,False,-0.11,True,0.0,3.962,3.722,-2.5533,-8.56,1.278,4.0,1.41,32.0,5.26,45.41,77844809.0,,,36.4,0.5614035087719298,0.868421052631579,0.8959899749373433,0.6159147869674185,0.7261904761904762,0.7280701754385965,0.6873433583959899,0.7327,0.7616,0.6579
TOWN,Townebank Portsmouth VA,Financial,Banks - Regional,10.4,10.59,304.51,86.68,,2.29,3.07,6.83,15.839999999999998,0.73,-4.98,2.25,633450.0,1.38,37.08,Jul 23/b,40.0,3420000000.0,HIGH,-1.77,-0.72,1.66,3.52,0.0362,False,-0.56,False,-0.53,1.668,2.157,-0.8836,-5.0,1.062,39.0,1.17,41.0,3.14,37.08,19655624.0,,,7.9,0.9724310776942355,0.9548872180451128,0.987468671679198,0.37030075187969924,0.39724310776942356,0.7080200501253133,0.743734335839599,0.7317,0.7129,0.612
KRNY,Kearny Financial Corp,Financial,Banks - Regional,16.65,9.61,4.82,2.23,0.58,4.66,4.7,12.869999999999997,34.08,0.62,-6.6000000000000005,2.0,643120.0,1.98,9.56,Jul 23/b,10.67,620720000.0,HIGH,-1.75,-2.25,2.07,3.54,0.0604,False,-2.83,False,-1.09,2.525,1.464,-1.2951,-6.64,1.027,12.0,-2.15,41.0,4.82,9.56,6035318.0,,,11.6,0.9022556390977443,0.924812030075188,0.9605263157894737,0.33395989974937346,0.5695488721804511,0.6904761904761905,0.7468671679197995,0.7303,0.7578,0.6241
BWIN,Baldwin Insurance Group Inc,Financial,Insurance Brokers,,12.88,-804.09,30.130000000000003,-5.78,0.14,,57.76,51.18000000000001,1.0,-2.37,1.75,2310000.0,2.71,31.93,Jul 30/a,32.93,4480000000.0,HIGH,0.09,-0.22,1.53,5.38,0.1397,True,3.51,True,8.77,3.48,0.438,-2.7995,-2.37,5.797,5.0,7.69,35.0,19.63,31.93,129988153.0,,,3.1,0.4974937343358396,0.9912280701754386,0.6566416040100251,1.0,0.3258145363408521,0.9047619047619048,0.8170426065162907,0.7293,0.6216,0.682
BTGO,BitGo Holdings Inc,Financial,Capital Markets,,64.67,-138.34,2201.89,-0.08,5.39,3.23,26.63,-24.78,,-69.14,1.31,1440000.0,8.25,7.56,Aug 12/a,10.63,888640000.0,HIGH,10.53,-4.06,5.05,15.82,0.2097,True,5.08,True,26.03,8.274,11.071,-5.3876,-4.91,2.539,5.0,-1.18,26.0,51.5,7.56,17038691.0,,,40.6,0.09147869674185463,0.956140350877193,0.39974937343358397,0.974937343358396,0.9636591478696742,0.9887218045112782,0.9611528822055138,0.7291,0.7935,0.7547
FRNM,Freenome Inc,Healthcare,Diagnostics & Research,,,-116.28,,0.0,3.27,2.01,54.28000000000001,54.28000000000001,0.42,-0.38,1.0,637850.0,9.48,17.11,Sep 02,18.0,1840000000.0,HIGH,23.9,14.37,5.87,29.19,0.2737,True,13.23,True,30.94,5.586,5.757,-3.9953,-0.84,2.089,1.0,5.03,,,17.11,16203360.0,,,5.2,0.20551378446115287,0.9962406015037594,0.2343358395989975,0.949874686716792,0.9824561403508771,0.9962406015037594,0.9899749373433584,0.7274,0.761,0.7835
OCFC,OceanFirst Financial Corp,Financial,Banks - Regional,21.02,7.76,-115.36,32.13,-0.8500000000000001,28.65,5.58,-0.89,0.39,0.99,-13.29,2.14,1000000.0,2.26,17.87,Jul 30/a,22.25,1760000000.0,HIGH,-6.24,-4.28,2.33,-0.95,0.0795,False,-4.81,False,-7.08,2.182,1.623,-1.2292,-12.1,1.3,46.0,-8.5,35.0,-7.46,17.87,18163338.0,,,24.5,0.918546365914787,0.7656641604010025,0.9160401002506265,0.6390977443609023,0.674812030075188,0.44611528822055135,0.5350877192982456,0.7267,0.6913,0.6696
WT,WisdomTree Inc,Financial,Asset Management,44.28,17.38,67.69,57.31,-0.89,-0.2,10.53,26.0,66.45,1.18,-10.96,1.71,2840000.0,2.49,23.07,Jul 31/b,24.33,3500000000.0,HIGH,-1.87,1.23,2.22,3.42,0.1527,False,-3.21,True,4.67,4.839,4.681,-2.5805,-10.96,1.917,20.0,1.85,35.0,22.71,23.07,75112589.0,,,5.5,0.550125313283208,0.8032581453634086,0.6040100250626567,0.9298245614035088,0.6309523809523809,0.8383458646616542,0.7368421052631579,0.7261,0.6652,0.7373
COLM,Columbia Sportswear Co,Consumer Cyclical,Apparel Manufacturing,14.74,13.56,378.34,1.5,-0.05,1.16,19.67,-14.469999999999999,2.75,0.93,-17.69,2.55,644020.0,2.34,56.84,Jul 30/a,69.83,2910000000.0,HIGH,-5.78,-1.44,2.23,-0.49,0.0786,False,-1.25,False,-4.15,2.403,2.058,-1.4079,-13.09,1.284,38.0,-10.43,35.0,-4.28,56.84,38831434.0,,,22.9,0.8809523809523809,0.7393483709273183,0.9172932330827068,0.6215538847117794,0.6365914786967418,0.5588972431077694,0.5639097744360902,0.7258,0.6917,0.6745
OUT,Outfront Media Inc,Real Estate,REIT - Specialty,20.42,19.0,323.88,13.54,-1.71,1.26,5.98,-10.26,5.23,1.53,-19.97,1.29,1740000.0,3.8,27.98,Aug 05/a,38.0,4930000000.0,HIGH,-6.2,-2.68,4.07,-0.91,0.1201,False,-4.12,False,-8.72,2.147,1.823,-1.0843,-18.09,1.443,51.0,-15.67,31.0,-10.18,27.98,46985773.0,,,35.8,0.9323308270676691,0.5839598997493735,0.7506265664160401,0.7493734335839599,0.9335839598997494,0.38721804511278196,0.5394736842105263,0.7228,0.7211,0.7506
AMN,AMN Healthcare Services Inc,Healthcare,Medical Care Facilities,12.78,36.58,117.60999999999999,2.29,-0.96,8.76,8.92,10.59,87.11,0.41,-7.95,2.44,755470.0,1.42,34.26,Aug 06/a,36.14,1330000000.0,HIGH,-0.58,0.2,1.77,4.71,0.0649,True,0.5,True,0.9,3.73,2.335,-1.6549,-7.95,1.131,30.0,11.23,30.0,11.23,34.26,20650881.0,,,5.5,0.8233082706766918,0.893483709273183,0.9461152882205514,0.45551378446115287,0.4473684210526316,0.7644110275689223,0.793233082706767,0.7217,0.7353,0.6227
PUBM,PubMatic Inc,Technology,Software - Application,,118.25,76.36,10.55,-10.68,4.16,6.15,55.31,117.47000000000001,1.57,-8.55,1.54,635830.0,1.81,17.55,Aug 06/a,20.64,799400000.0,HIGH,6.95,5.79,1.88,12.24,0.0973,True,5.48,True,14.24,4.109,3.276,-2.2093,-8.55,1.165,1.0,1.27,30.0,30.19,17.55,10264530.0,,,17.6,0.656641604010025,0.8703007518796992,0.8508771929824561,0.5056390977443609,0.48872180451127817,0.9548872180451128,0.9235588972431078,0.7212,0.7713,0.6515
SABR,Sabre Corp,Technology,Software - Infrastructure,1.37,12.62,86.2,3.61,0.0,3.2,9.38,20.21,60.85,1.05,-9.6,2.71,4320000.0,4.02,2.26,Aug 06/b,2.14,912100000.0,HIGH,7.62,3.91,3.16,12.91,0.1572,True,3.99,True,11.58,6.318,3.982,-4.4459,-9.6,2.084,3.0,8.13,31.0,6.6,2.26,12066336.0,,,-5.3,0.15288220551378445,0.8370927318295739,0.5914786967418546,0.9473684210526315,0.8533834586466166,0.9335839598997494,0.9335839598997494,0.7193,0.8069,0.7218
PMT,Pennymac Mortgage Investment Trust,Real Estate,REIT - Mortgage,6.16,6.36,756.3,17.26,-0.45999999999999996,5.45,10.68,-14.150000000000002,-24.33,1.16,-36.28,2.75,1560000.0,2.82,8.8,Jul 29/a,10.67,767380000.0,HIGH,-5.88,-2.76,2.81,-0.59,0.1047,False,-4.96,False,-7.33,2.321,2.273,-1.2274,-22.94,1.824,,,36.0,-5.48,8.8,14327542.0,,,21.2,0.9197994987468672,0.44548872180451127,0.8132832080200502,0.9047619047619048,0.793859649122807,0.43609022556390975,0.5601503759398496,0.7189,0.7062,0.7636
FCPT,Four Corners Property Trust Inc,Real Estate,REIT - Retail,20.51,19.69,-1.12,7.6499999999999995,0.26,0.21,3.83,-7.64,-10.45,0.81,-15.79,2.2,842320.0,3.06,22.62,Jul 29/a,28.3,2480000000.0,HIGH,-10.34,-5.28,2.64,-5.05,0.1469,False,-7.53,False,-9.78,1.945,1.459,-0.7959,-15.79,2.157,44.0,-14.09,36.0,-11.43,22.62,23506737.0,,,25.1,0.9887218045112782,0.6416040100250626,0.6203007518796992,0.9536340852130326,0.7531328320802005,0.3533834586466165,0.36967418546365916,0.7185,0.5599,0.7622
SMA,Smartstop Self Storage REIT Inc,Real Estate,REIT - Industrial,64.16,55.83,229.69,18.65,-0.02,2.37,8.25,-0.34,2.49,0.46,-16.47,1.82,732990.0,1.65,32.57,Aug 05/a,37.34,1930000000.0,HIGH,-4.79,1.12,1.54,0.5,0.0879,False,-0.72,False,-2.97,2.167,1.965,-1.0343,-9.33,1.353,39.0,-6.25,31.0,-3.78,32.57,25748239.0,,,14.6,0.9461152882205514,0.8446115288220551,0.8909774436090225,0.6829573934837093,0.3333333333333333,0.6121553884711779,0.6115288220551378,0.7184,0.6119,0.6436
CTKB,Cytek BioSciences Inc,Healthcare,Medical Devices,,,-113.40999999999998,5.57,0.0,-5.73,4.15,40.58,17.52,1.18,-14.24,2.0,1250000.0,1.66,5.3,Aug 05/a,5.56,688910000.0,HIGH,10.19,9.73,2.05,15.48,0.1801,True,11.77,True,14.89,4.358,4.245,-3.0843,-0.28,1.824,5.0,14.97,31.0,27.4,5.3,4884297.0,,,4.9,0.39473684210526316,1.0,0.4893483709273183,0.9047619047619048,0.5601503759398496,0.9598997493734336,0.9586466165413534,0.7181,0.6983,0.7049
FBRT,Franklin BSP Realty Trust Inc,Real Estate,REIT - Mortgage,16.99,6.53,-37.77,15.5,2.08,-2.04,8.92,-11.39,-18.18,1.07,-34.65,1.8,1520000.0,9.31,7.47,Jul 29/a,11.67,620350000.0,HIGH,-10.97,-3.36,5.48,-5.68,0.1844,False,-8.38,False,-6.63,3.279,2.075,-1.9459,-14.48,2.311,12.0,-10.43,36.0,-0.8,7.47,20718573.0,,,56.2,0.7343358395989975,0.6979949874686717,0.47619047619047616,0.9624060150375939,0.9724310776942355,0.46115288220551376,0.34398496240601506,0.7174,0.5722,0.7826
PDM,Piedmont Realty Trust Inc,Real Estate,REIT - Office,,,34.22,2.73,0.0,3.72,5.93,2.13,34.26,1.41,-9.83,2.5,1260000.0,2.13,9.13,Jul 28/a,10.75,1140000000.0,HIGH,-5.39,-0.76,1.42,-0.1,0.0853,False,-4.55,False,-4.84,3.051,2.41,-1.7739,-9.87,3.389,37.0,-5.09,37.0,-5.09,9.13,18077303.0,,,17.7,0.7869674185463659,0.8333333333333334,0.893483709273183,0.9924812030075187,0.2656641604010025,0.5300751879699248,0.5877192982456141,0.717,0.5828,0.6438
IVT,InvenTrust Properties Corp,Real Estate,REIT - Retail,158.7,,-98.58,12.520000000000001,0.0,12.36,7.66,-10.22,-2.1,0.86,-17.2,1.75,858900.0,1.87,30.82,Aug 03/a,37.29,2400000000.0,HIGH,-5.72,-2.87,2.48,-0.43,0.088,False,-4.14,False,-8.63,1.877,1.574,-0.669,-17.2,1.387,46.0,-12.77,33.0,-9.57,30.82,20725833.0,,,21.0,0.9974937343358395,0.6015037593984962,0.8897243107769424,0.7092731829573935,0.7142857142857143,0.38972431077694236,0.5701754385964912,0.717,0.7093,0.7027
WTTR,Select Water Solutions Inc,Energy,Oil & Gas Equipment & Services,77.74,28.42,61.95,8.67,-37.58,3.4799999999999995,4.33,17.4,42.04,1.0,-7.85,1.17,1770000.0,1.72,20.78,Aug 04/a,24.43,2680000000.0,HIGH,5.38,3.64,2.07,10.67,0.1137,True,3.9,True,3.78,3.591,3.417,-1.9812,-7.85,1.18,32.0,12.32,32.0,12.32,20.78,29514963.0,,,17.6,0.7192982456140351,0.8947368421052632,0.7807017543859649,0.5150375939849624,0.5695488721804511,0.8220551378446115,0.9010025062656641,0.7169,0.7655,0.6565
FIZZ,National Beverage Corp,Consumer Defensive,Beverages - Non-Alcoholic,16.92,16.16,-15.659999999999998,0.04,0.0,0.67,17.72,-3.6699999999999995,1.16,0.86,-9.92,5.0,504430.0,1.44,31.6,Sep 10/a,31.0,2960000000.0,HIGH,-2.38,-0.66,1.75,2.91,0.0924,False,-1.17,False,-0.37,3.311,1.741,-1.6837,-10.99,1.311,19.0,-2.38,6.0,2.23,31.6,13188298.0,,,-1.9,0.8170426065162907,0.8020050125313283,0.87468671679198,0.6453634085213033,0.43859649122807015,0.7161654135338346,0.7155388471177945,0.7156,0.6802,0.6543
CNR,Core Natural Resources Inc,Energy,Thermal Coal,45.98,14.46,459.06,3.51,-1.25,-0.1,3.75,8.99,-14.96,0.23,-20.66,1.4,566660.0,2.48,91.08,Aug 06/b,111.6,4520000000.0,HIGH,-4.26,-5.42,2.78,1.03,0.1312,False,-6.92,False,-0.14,3.681,2.844,-1.9033,-13.15,1.247,12.0,-10.04,31.0,8.84,91.08,49143077.0,,,22.5,0.7518796992481203,0.7380952380952381,0.6979949874686717,0.593358395989975,0.7869674185463659,0.7243107769423559,0.6416040100250626,0.7154,0.7021,0.7141
WK,Workiva Inc,Technology,Software - Application,89.59,18.07,169.31,18.64,-0.15,-1.59,8.78,54.49,18.84,0.51,-24.63,1.38,875020.0,2.06,73.18,Aug 04/a,89.8,3980000000.0,HIGH,-2.2,-3.57,2.01,3.09,0.1286,False,-2.58,True,9.43,4.176,4.127,-2.5569,-9.16,1.384,16.0,-1.77,32.0,19.48,73.18,67420916.0,,,22.7,0.5588972431077694,0.850250626566416,0.7155388471177945,0.706766917293233,0.5457393483709273,0.9135338345864662,0.7218045112781954,0.7151,0.6671,0.6812
GLIBK,Liberty Capital Corp,Communication Services,Telecom Services,,,-54.27000000000001,0.0,7.84,,9.2,16.5,-33.71,-0.97,-42.22,,565000.0,1.75,23.79,Aug 06/b,,951430000.0,HIGH,-6.82,-7.93,3.17,-1.53,0.1051,False,-7.39,False,-2.78,3.276,2.711,-1.3042,-12.41,1.028,27.0,-4.57,31.0,1.28,23.79,7941280.0,,,,0.899749373433584,0.7575187969924813,0.8095238095238095,0.3358395989974937,0.8558897243107769,0.6234335839598998,0.5162907268170426,0.7137,0.7061,0.6787
KBR,KBR Inc,Industrials,Engineering & Construction,10.72,8.79,2.65,1.6399999999999997,1.55,5.87,7.05,8.29,-4.18,0.47,-31.95,2.22,1560000.0,1.78,35.54,Jul 30/b,45.83,4480000000.0,HIGH,-7.88,-3.42,2.35,-2.59,0.0801,False,-4.31,False,-3.64,2.846,3.573,-1.4043,-8.75,1.047,20.0,-6.23,36.0,3.4,35.54,43939802.0,,,29.0,0.8822055137844611,0.8652882205513784,0.9141604010025063,0.35776942355889724,0.6804511278195489,0.581453634085213,0.48370927318295737,0.7136,0.6719,0.6255
ARQT,Arcutis Biotherapeutics Inc,Healthcare,Biotechnology,122.55,19.14,188.25,59.32999999999999,-0.8,-1.05,15.12,-3.17,10.78,1.58,-20.11,1.29,1900000.0,10.09,25.38,Aug 05/a,37.0,3190000000.0,HIGH,1.2,4.57,6.0,6.49,0.142,True,3.83,False,-2.17,4.544,6.383,-3.2521,-14.95,3.237,53.0,-2.65,31.0,-3.97,25.38,79436378.0,,,45.8,0.34962406015037595,0.6729323308270677,0.6403508771929824,0.9887218045112782,0.9849624060150376,0.6441102756892231,0.8395989974937343,0.7135,0.8234,0.7419
PGEN,Precigen Inc,Healthcare,Biotechnology,,11.39,153.95,6322.66,-3.05,2.62,25.7,61.41,134.34,0.93,-2.08,1.67,5020000.0,1.91,7.78,Aug 04/a,14.5,2790000000.0,HIGH,8.06,13.58,2.22,13.35,0.1774,True,9.28,True,20.13,3.948,4.37,-2.7702,-3.23,1.349,2.0,4.57,32.0,19.14,7.78,31341567.0,,,86.4,0.5087719298245614,0.9774436090225563,0.4987468671679198,0.6791979949874687,0.6309523809523809,0.981203007518797,0.9398496240601504,0.7127,0.7148,0.7
HPK,HighPeak Energy Inc,Energy,Oil & Gas E&P,,,215.25,35.94,0.0,25.290000000000003,40.86,16.02,22.14,0.36,-8.75,3.0,506520.0,1.63,8.33,Aug 10/a,8.0,1050000000.0,HIGH,0.12,-0.6,1.77,5.41,0.1123,True,1.63,True,8.13,6.136,3.001,-3.1827,-8.75,1.837,4.0,-0.6,28.0,5.18,8.33,3850747.0,,,-4.0,0.37468671679197996,0.8652882205513784,0.7832080200501254,0.9097744360902256,0.4473684210526316,0.8947368421052632,0.8201754385964912,0.7125,0.6972,0.6566
FHI,Federated Hermes Inc,Financial,Asset Management,10.62,9.6,19.61,18.21,-1.1,1.36,6.14,-3.34,2.33,0.65,-15.03,2.89,592500.0,4.16,57.1,Jul 30/a,61.57,4260000000.0,HIGH,-10.36,-3.2,3.64,-5.07,0.1886,False,-7.14,False,-6.81,2.783,2.557,-1.4158,-15.03,1.885,18.0,-11.77,35.0,-3.99,57.1,40972939.0,,,7.8,0.8784461152882206,0.6704260651629073,0.44674185463659144,0.9210526315789473,0.9010025062656641,0.45363408521303256,0.36779448621553884,0.7119,0.5514,0.7885
STLN,Starling Oncology Inc,Healthcare,Medical Care Facilities,,,46.7,34.62,-0.14,3.88,10.72,32.32,96.61,0.41,-1.28,1.0,1690000.0,2.23,6.96,Aug 06/a,9.25,695880000.0,HIGH,7.66,6.75,2.79,12.95,0.172,True,10.66,True,17.72,5.423,7.328,-3.3564,-2.38,1.342,1.0,4.98,30.0,39.48,6.96,8639613.0,,,32.9,0.31954887218045114,0.9899749373433584,0.5300751879699248,0.6729323308270677,0.7894736842105263,0.9674185463659147,0.9360902255639098,0.7116,0.7703,0.6873
MATV,Mativ Holdings Inc,Basic Materials,Specialty Chemicals,7.56,9.59,134.78,1.22,0.0,1.41,2.53,51.39,44.28,0.89,-22.55,1.0,574530.0,1.74,11.99,Aug 05/a,21.0,661730000.0,HIGH,-3.85,1.52,1.81,1.44,0.0827,False,-1.9,True,11.4,3.396,3.003,-1.7529,-11.51,1.079,34.0,37.34,31.0,25.29,11.99,6751185.0,,,75.1,0.7944862155388471,0.7869674185463659,0.9028822055137845,0.38721804511278196,0.4655388471177945,0.931077694235589,0.6572681704260651,0.7114,0.6734,0.6446
GSBD,Goldman Sachs BDC Inc,Financial,Asset Management,18.81,8.22,-37.23,977.6299999999999,37.32,,5.68,4.5,4.84,0.67,-12.21,3.6,934080.0,1.4,9.7,Aug 06/a,9.19,1090000000.0,HIGH,-1.42,0.73,1.57,3.87,0.0848,False,-1.85,True,2.8,2.608,3.196,-1.4011,-6.51,1.087,14.0,-4.24,30.0,6.71,9.7,8194661.0,,,-5.3,0.8834586466165414,0.9285714285714286,0.8947368421052632,0.3991228070175439,0.3508771929824561,0.8032581453634086,0.7550125313283208,0.71,0.6757,0.6092
CION,CION Invt Corp,Financial,Asset Management,119.03,6.23,20.19,60.19,0.0,-2.36,3.95,8.85,5.47,1.11,-31.44,3.0,528590.0,1.39,7.13,Aug 06/b,8.75,350820000.0,HIGH,-2.73,0.28,1.98,2.56,0.0729,False,-2.34,True,3.44,2.243,2.595,-1.1801,-7.4,0.796,26.0,-4.04,31.0,14.45,7.13,2700938.0,,,22.7,0.9223057644110275,0.9085213032581454,0.9298245614035088,0.13032581453634084,0.531328320802005,0.8145363408521303,0.6992481203007519,0.7061,0.718,0.5996
GCT,GigaCloud Technology Inc,Technology,Software - Infrastructure,12.52,11.12,27.76,27.6,-1.59,12.19,13.56,55.559999999999995,23.68,1.63,-6.06,1.0,635680.0,2.14,52.86,Aug 06/b,65.5,1890000000.0,HIGH,6.47,0.23,2.37,11.76,0.117,True,2.76,True,12.7,4.911,3.515,-2.9004,-6.06,1.116,2.0,2.36,31.0,14.32,52.86,29586921.0,,,23.9,0.46616541353383456,0.9335839598997494,0.7694235588972431,0.43546365914786966,0.6829573934837093,0.9448621553884712,0.918546365914787,0.7054,0.8031,0.6324
BCO,Brink's Co,Industrials,Security & Protection Services,24.55,10.25,3.8,7.06,0.0,11.97,11.87,8.65,5.58,0.96,-22.18,1.0,503890.0,2.67,106.12,Aug 05/b,150.5,4370000000.0,HIGH,-4.77,-2.89,3.15,0.52,0.0759,False,-2.78,False,-5.93,3.094,1.875,-1.7605,-14.64,1.153,43.0,-11.26,32.0,-8.35,106.12,46440244.0,,REVIEW,41.8,0.793233082706767,0.6904761904761905,0.9223057644110275,0.48120300751879697,0.850250626566416,0.49122807017543857,0.6127819548872181,0.7048,0.7769,0.654
DCTH,Delcath Systems Inc,Healthcare,Medical Devices,2640.98,,0.15,20.6,0.0,5.3,6.98,37.81,72.48,0.6,-7.519999999999999,1.0,513710.00000000006,1.37,16.11,Aug 06/b,24.5,559000000.0,HIGH,-6.01,-2.01,1.74,-0.72,0.0801,False,-1.56,True,7.49,2.539,1.614,-1.5464,-7.52,0.933,26.0,-5.84,31.0,27.55,16.11,6616248.0,,,52.1,0.8508771929824561,0.9035087719298246,0.9141604010025063,0.24185463659147868,0.4323308270676692,0.8847117794486216,0.5520050125313283,0.7046,0.6247,0.6024
BLKB,Blackbaud Inc,Technology,Software - Application,13.37,7.18,46.3,3.3000000000000003,-0.45000000000000007,9.45,10.63,58.47,-3.25,1.04,-39.4,2.33,692230.0,2.41,42.85,Jul 29/b,51.5,1940000000.0,HIGH,-9.83,-6.17,3.99,-4.54,0.1593,False,-7.55,True,1.78,3.874,2.03,-1.9866,-13.5,1.157,16.0,-9.0,37.0,19.26,42.85,19114662.0,,,20.2,0.7180451127819549,0.7230576441102757,0.5802005012531328,0.48621553884711777,0.9279448621553885,0.7844611528822055,0.39536340852130325,0.7033,0.6106,0.7292
CIM,Chimera Investment Corp,Real Estate,REIT - Mortgage,,5.29,-128.21,28.32,0.0,0.78,2.94,-18.15,-17.4,1.77,-23.53,2.5,831540.0,2.83,10.87,Aug 05/b,13.5,909950000.0,HIGH,-5.64,-1.9,2.29,-0.35,0.0968,False,-4.14,False,-9.07,1.892,1.196,-1.061,-20.71,1.707,,,32.0,-8.27,10.87,11554986.0,,,24.2,0.9411027568922306,0.5150375939849624,0.8533834586466166,0.8715538847117794,0.6591478696741855,0.37781954887218044,0.5776942355889725,0.703,0.6848,0.7124
TARA,Protara Therapeutics Inc,Healthcare,Biotechnology,,,-0.37,,-3.35,4.36,8.49,-10.8,-33.02,1.44,-54.6,1.0,535740.0,7.36,3.55,Aug 11/b,25.71,209790000.0,HIGH,-7.79,-9.21,5.79,-2.5,0.121,False,-7.65,False,-10.19,4.38,7.746,-2.2357,-20.94,3.226,50.0,-15.48,28.0,-9.21,3.55,2542303.0,,,624.2,0.6453634085213033,0.5100250626566416,0.7481203007518797,0.9874686716791979,0.9786967418546366,0.33771929824561403,0.4849624060150376,0.7012,0.712,0.7373
MFA,MFA Financial Inc,Real Estate,REIT - Mortgage,8.36,5.98,60.08,47.94,0.0,-0.1,4.66,-12.28,-15.299999999999999,1.52,-19.85,2.0,1590000.0,2.07,8.36,Aug 05/b,10.38,845100000.0,HIGH,-6.17,-1.18,2.07,-0.88,0.0886,False,-4.05,False,-7.23,1.965,1.675,-0.9794,-15.3,1.336,,,32.0,-7.73,8.36,13735430.0,,,24.2,0.9523809523809523,0.6604010025062657,0.887218045112782,0.6654135338345865,0.5695488721804511,0.44047619047619047,0.543233082706767,0.6959,0.6543,0.657
SENS,Senseonics Holdings Inc,Healthcare,Medical Devices,,,-77.96,117.82,0.58,28.52,11.19,42.14,50.39,1.04,-17.24,2.14,742770.0,2.32,9.58,Aug 06/a,14.2,506530000.0,HIGH,-1.34,8.37,2.51,3.95,0.1594,True,2.96,True,30.05,5.372,4.436,-3.5715,-5.62,1.326,12.0,2.13,30.0,86.02,9.58,6426964.0,,,48.2,0.2669172932330827,0.9461152882205514,0.5789473684210527,0.6591478696741855,0.7261904761904762,0.9924812030075187,0.7631578947368421,0.695,0.6968,0.6612
HTGC,Hercules Capital Inc,Financial,Asset Management,8.7,8.89,49.93,96.41,1.19,,4.73,12.34,21.21,0.77,-9.83,1.22,1510000.0,1.38,17.33,Jul 30/a,19.5,3240000000.0,HIGH,1.17,-1.42,1.38,6.46,0.0352,False,-1.32,True,2.72,1.809,3.116,-0.9559,-3.35,0.885,2.0,-1.37,35.0,8.72,17.33,26478581.0,,,12.5,0.9573934837092731,0.9761904761904762,0.9899749373433584,0.20175438596491227,0.2412280701754386,0.8013784461152882,0.8383458646616542,0.6947,0.7047,0.5504
PK,Park Hotels & Resorts Inc,Real Estate,REIT - Hotel & Motel,,26.38,1036.25,1.19,0.0,10.28,17.86,1.83,42.49,1.39,-7.470000000000001,2.56,4420000.0,1.65,14.99,Aug 06/a,15.75,3020000000.0,HIGH,-5.01,-2.15,2.01,0.28,0.0925,False,-2.71,False,-0.73,2.885,1.401,-1.5296,-7.47,0.977,19.0,-5.01,30.0,4.46,14.99,55759987.0,,,5.1,0.8533834586466166,0.9060150375939849,0.8728070175438596,0.28132832080200504,0.5457393483709273,0.6992481203007519,0.5983709273182958,0.6931,0.6649,0.5949
HNI,HNI Corp,Consumer Cyclical,"Furnishings, Fixtures & Appliances",418.8,9.54,-30.75,120.72,-6.890000000000001,5.28,6.13,32.27,33.61,0.92,-12.65,1.0,637810.0,1.64,46.11,Jul 30/b,69.75,3330000000.0,HIGH,-6.34,-1.26,1.78,-1.05,0.119,False,-3.87,False,-0.12,2.674,2.082,-1.6991,-8.53,1.194,16.0,-7.63,36.0,7.78,46.11,28170743.0,,,51.3,0.8120300751879699,0.8721804511278195,0.7587719298245614,0.5344611528822055,0.4517543859649123,0.7255639097744361,0.5269423558897243,0.6925,0.5739,0.631
WLTH,Wealthfront Corp,Technology,Software - Application,,21.19,-56.39999999999999,0.8199999999999998,-1.24,-1.21,6.54,19.67,29.32,,-32.12,1.86,1660000.0,9.99,10.1,Sep 09/a,11.96,1580000000.0,HIGH,9.54,-5.16,4.96,14.83,0.2529,True,4.01,True,6.45,5.159,2.97,-4.2503,-8.84,3.26,7.0,6.77,7.0,6.77,10.1,33615035.0,,,18.4,0.16791979949874686,0.8627819548872181,0.29385964912280704,0.9899749373433584,0.9624060150375939,0.8671679197994987,0.9511278195488722,0.6907,0.7573,0.7469
HCSG,Healthcare Services Group Inc,Healthcare,Medical Care Facilities,12.51,17.44,173.4,2.69,-1.69,-1.33,4.22,-6.41,12.06,0.81,-16.62,1.86,726660.0,2.11,21.47,Jul 22/b,27.0,1470000000.0,HIGH,-5.71,-2.59,2.61,-0.42,0.0889,False,-2.93,False,-5.27,2.605,2.282,-0.8932,-16.62,1.084,45.0,-14.09,42.0,-8.87,21.47,12938394.0,,,25.8,0.9699248120300752,0.6152882205513784,0.8859649122807017,0.39536340852130325,0.7493734335839599,0.5200501253132832,0.5714285714285714,0.6893,0.7192,0.6587
INDV,Indivior Pharmaceuticals Inc,Healthcare,Drug Manufacturers - Specialty & Generic,12.39,7.55,588.52,13.58,-1.81,-11.6,9.34,-8.93,14.360000000000001,1.18,-18.52,1.25,2120000.0,2.21,34.88,Aug 03/b,49.0,4120000000.0,HIGH,-5.4,1.19,2.18,-0.11,0.0812,False,-0.49,False,-7.47,2.564,2.939,-1.4608,-18.52,1.427,,,34.0,-6.66,34.88,75141211.0,,,40.5,0.8721804511278195,0.5739348370927319,0.9110275689223057,0.7355889724310777,0.6040100250626567,0.43107769423558895,0.5864661654135338,0.688,0.6891,0.6607
FHB,First Hawaiian INC,Financial,Banks - Regional,11.18,10.28,3.04,0.71,0.0,4.19,10.23,-7.77,8.74,0.74,-15.76,3.45,2200000.0,1.89,25.76,Jul 24/b,30.78,3130000000.0,HIGH,-2.13,-0.08,2.15,3.16,0.0338,False,-0.16,False,-5.28,1.775,1.3,-0.8693,-15.76,1.09,54.0,-14.05,40.0,-8.36,25.76,50187722.0,,,19.5,0.9736842105263158,0.643483709273183,0.9931077694235589,0.40350877192982454,0.5952380952380952,0.518170426065163,0.7268170426065163,0.6879,0.7672,0.6227
VIR,Vir Biotechnology Inc,Healthcare,Biotechnology,,,159.17,19582.54,-0.36,5.1,15.92,15.72,13.01,1.59,-11.22,1.1,1960000.0,3.58,10.6,Aug 05/a,20.78,1790000000.0,HIGH,8.38,-1.53,2.96,13.67,0.1812,False,-2.29,True,7.7,4.995,5.283,-3.4334,-11.22,1.609,13.0,-3.11,31.0,20.94,10.6,25689070.0,,,96.0,0.3007518796992481,0.7969924812030075,0.4849624060150376,0.8295739348370927,0.818922305764411,0.8884711779448622,0.943609022556391,0.6866,0.7686,0.7094
ALKT,Alkami Technology Inc,Technology,Software - Application,,17.59,36.61,15.869999999999997,21.27,-7.61,10.53,30.31,12.990000000000002,0.57,-28.859999999999996,1.44,1620000.0,2.17,19.13,Jul 29/a,22.14,2049999999.9999998,HIGH,-6.13,-3.77,2.33,-0.84,0.1242,False,-3.09,True,0.35,4.874,5.75,-2.7808,-9.12,1.255,28.0,-2.5,36.0,7.41,19.13,29730528.0,,,15.7,0.5050125313283208,0.8546365914786967,0.7330827067669172,0.6008771929824561,0.674812030075188,0.7443609022556391,0.5463659147869674,0.6855,0.6409,0.6313
SABS,SAB Biotherapeutics Inc,Healthcare,Biotechnology,,,74.09,,0.0,0.88,5.06,-12.25,-7.139999999999999,0.57,-31.840000000000003,1.08,540340.0,3.65,3.51,Aug 06/b,11.75,319360000.0,HIGH,-7.14,1.45,5.17,-1.85,0.1885,False,-3.33,False,-4.05,3.596,2.137,-2.4596,-13.76,1.589,16.0,-9.54,31.0,-6.9,3.51,1365011.0,,,234.8,0.5852130325814536,0.7180451127819549,0.4486215538847118,0.8258145363408521,0.9661654135338346,0.5626566416040101,0.5025062656641605,0.6844,0.6254,0.735
WAFD,WaFd Inc,Financial,Banks - Regional,10.21,9.21,15.65,1.91,-1.8500000000000003,1.86,5.26,-11.21,4.25,0.87,-17.97,3.0,716580.0,4.24,32.39,Jul 16/a,37.25,2400000000.0,HIGH,-10.97,-3.63,2.9,-5.68,0.1675,False,-7.08,False,-10.98,2.712,1.05,-1.3994,-17.98,2.317,46.0,-15.63,45.0,-15.03,32.39,35542193.0,,,15.0,0.8847117794486216,0.5864661654135338,0.5526315789473684,0.9649122807017544,0.8114035087719298,0.3051378446115288,0.34398496240601506,0.6842,0.5468,0.7415
PARR,Par Pacific Holdings Inc,Energy,Oil & Gas Refining & Marketing,4.92,6.62,699.13,56.8,-12.7,-3.29,9.6,65.79,45.42,0.75,-3.06,1.43,982780.0,2.19,84.37,Aug 04/a,86.57,4230000000.0000005,HIGH,6.76,3.27,2.33,12.05,0.1761,True,4.37,True,7.45,5.215,5.144,-2.9226,-3.82,1.261,3.0,0.92,32.0,20.67,84.37,75184779.0,,,2.6,0.45864661654135336,0.9661654135338346,0.5087719298245614,0.6027568922305765,0.674812030075188,0.8834586466165414,0.9210526315789473,0.6824,0.7235,0.6549
APLE,Apple Hospitality REIT Inc,Real Estate,REIT - Hotel & Motel,21.02,20.98,6.05,4.73,0.03,-0.16,9.13,-6.09,31.7,0.93,-9.84,2.55,2840000.0,1.79,15.58,Aug 05/a,17.17,3680000000.0,HIGH,-6.54,0.65,2.06,-1.25,0.1267,False,-1.83,False,-3.94,2.182,1.187,-1.3283,-9.84,1.165,43.0,-7.81,31.0,-2.56,15.58,38920209.0,,,10.2,0.8972431077694235,0.8345864661654135,0.7218045112781954,0.5056390977443609,0.5645363408521303,0.5664160401002506,0.5213032581453634,0.6817,0.5944,0.6335
CYRX,CryoPort Inc,Industrials,Integrated Freight & Logistics,,,24.23,7.739999999999999,-10.53,2.05,5.6,13.390000000000002,105.30999999999999,1.96,-1.05,1.22,629570.0,1.36,17.02,Aug 06/a,19.33,862050000.0,HIGH,-0.64,6.64,1.63,4.65,0.1434,True,5.57,True,7.78,3.475,3.173,-2.1021,-1.05,1.163,21.0,4.35,30.0,15.7,17.02,8548015.0,,,13.6,0.6854636591478697,0.9949874686716792,0.6365914786967419,0.5,0.38220551378446116,0.8897243107769424,0.7907268170426065,0.6815,0.6219,0.6143
LAUR,Laureate Education Inc,Consumer Defensive,Education & Training Services,16.22,14.75,51.23,17.5,-2.6,-2.9,3.07,-0.8199999999999998,7.400000000000001,0.42,-11.72,1.88,1090000.0,2.11,36.13,Jul 30/b,41.21,4980000000.0,HIGH,-3.55,0.84,2.33,1.74,0.1199,False,-2.02,False,-3.26,2.742,2.297,-1.4677,-11.72,1.093,17.0,-5.81,36.0,-5.94,36.13,36414571.0,,,14.1,0.8709273182957393,0.7832080200501254,0.7531328320802005,0.4066416040100251,0.674812030075188,0.5977443609022557,0.6654135338345865,0.6811,0.6945,0.6375
XHR,Xenia Hotels & Resorts Inc,Real Estate,REIT - Hotel & Motel,,24.61,-137.67,2.75,-17.71,-2.1,4.35,-11.49,20.38,1.2,-19.67,2.17,771650.0,3.68,17.72,Jul 30/b,21.12,1630000000.0,HIGH,-8.75,0.4,3.4,-3.46,0.1788,False,-3.45,False,-9.07,2.485,1.919,-1.2453,-19.67,1.719,40.0,-15.74,36.0,-11.75,17.72,15150797.0,,,19.2,0.9135338345864662,0.543859649122807,0.49624060150375937,0.8740601503759399,0.8765664160401002,0.37781954887218044,0.4467418546365915,0.6803,0.5905,0.7605
SKT,Tanger Inc,Real Estate,REIT - Retail,32.8,31.43,8.9,11.15,-0.52,1.13,5.93,-8.51,0.9000000000000001,1.09,-15.810000000000002,2.55,924280.0,2.02,35.8,Aug 04/a,41.3,4110000000.0000005,HIGH,-6.33,-1.57,2.3,-1.04,0.1028,False,-3.73,False,-8.15,1.899,1.508,-0.8531,-15.82,1.219,38.0,-14.35,32.0,-11.71,35.8,30213665.0,,,15.4,0.9774436090225563,0.6397243107769424,0.8295739348370927,0.5607769423558897,0.6647869674185464,0.40601503759398494,0.5294486215538847,0.6797,0.6601,0.6523
NXDR,Nextdoor Holdings Inc,Communication Services,Internet Content & Information,,,86.03,14.529999999999998,-0.35,4.56,2.83,13.18,70.55,1.41,-33.06,2.2,2440000.0,1.87,2.49,Aug 04/a,3.35,963250000.0,HIGH,4.18,4.62,2.03,9.47,0.1772,True,7.3,True,4.63,3.606,3.414,-2.3894,-8.12,1.38,1.0,0.4,32.0,7.79,2.49,5258599.0,,,34.5,0.5977443609022557,0.8847117794486216,0.5018796992481203,0.7023809523809523,0.5545112781954887,0.8370927318295739,0.8884711779448622,0.6797,0.6723,0.6729
PNNT,PennantPark Investment Corp,Financial,Asset Management,21.91,6.07,-45.19,26.55,0.0,,4.1,2.52,-24.61,0.66,-47.56,3.0,654180.0,2.19,3.4,Aug 10/a,4.75,222010000.0,HIGH,-8.85,-5.56,2.59,-3.56,0.1253,False,-6.96,False,-4.41,3.088,5.294,-1.8216,-12.82,1.193,31.0,-2.3,28.0,-8.36,3.4,2007674.0,,,39.7,0.7769423558897243,0.7468671679197995,0.7268170426065164,0.5325814536340853,0.7431077694235589,0.5507518796992481,0.43734335839599,0.6795,0.6159,0.6508
TASK,TaskUs Inc,Technology,Information Technology Services,7.02,5.48,9.7,5.02,-0.05,1.32,11.37,65.38,13.269999999999998,1.83,-31.11,2.88,695570.0,2.06,8.12,Aug 05/a,8.5,744500000.0,HIGH,1.5,-1.46,3.27,6.79,0.1188,True,1.41,True,14.68,4.134,3.818,-3.0681,-3.91,0.777,16.0,4.77,31.0,28.48,8.12,3522736.0,,,4.7,0.40100250626566414,0.9611528822055138,0.7606516290726817,0.11779448621553884,0.8690476190476191,0.9586466165413534,0.8464912280701754,0.678,0.8275,0.5866
RES,RPC Inc,Energy,Oil & Gas Equipment & Services,58.48,23.07,13.63,9.52,0.0,-0.34,9.19,-10.94,-14.45,0.85,-28.190000000000005,3.5,1610000.0,2.14,5.86,Jul 30/b,6.4,1300000000.0,HIGH,-8.01,-3.93,2.04,-2.72,0.1453,False,-7.23,False,-3.46,3.657,2.389,-2.0243,-12.93,1.63,8.0,-10.12,36.0,14.45,5.86,10621289.0,,,9.2,0.706766917293233,0.7418546365914787,0.6296992481203008,0.8358395989974937,0.5576441102756893,0.5889724310776943,0.47869674185463656,0.6768,0.5477,0.6723
KRP,Kimbell Royalty Partners LP,Energy,Oil & Gas E&P,20.58,14.57,1882.2099999999998,37.76,-0.14,-0.62,3.89,-1.02,0.76,0.42,-7.470000000000001,1.57,822760.0,0.86,14.62,Aug 07/b,20.17,1880000000.0,HIGH,-5.06,-1.48,0.73,0.23,0.0617,False,-2.47,False,-2.11,1.532,0.616,-1.0652,-6.59,1.207,20.0,-3.63,30.0,0.76,14.62,14533930.0,,,38.0,0.9385964912280702,0.9260651629072681,0.9536340852130326,0.5451127819548872,0.042606516290726815,0.6472431077694235,0.5964912280701754,0.6755,0.5375,0.5434
BILL,BILL Holdings Inc,Technology,Software - Application,,10.81,-175.47,13.780000000000001,-2.7,-7.090000000000001,15.41,46.5,16.39,1.12,-16.85,1.8,2310000.0,1.89,47.57,Aug 19/a,57.48,4059999999.9999995,HIGH,-0.52,-4.23,2.23,4.77,0.0867,False,-2.0,True,0.95,3.875,4.057,-2.4621,-9.56,1.024,26.0,-2.32,21.0,0.36,47.57,95262451.0,,,20.8,0.5827067669172933,0.8383458646616542,0.8922305764411027,0.3308270676691729,0.6365914786967418,0.7669172932330827,0.7957393483709273,0.6746,0.7769,0.5793
ARR,ARMOUR Residential REIT Inc,Real Estate,REIT - Mortgage,3.94,5.0,191.47,8.35,-9.85,8.02,9.98,-12.41,-11.41,1.39,-23.98,2.33,3870000.0,2.55,14.68,Jul 22/a,18.38,2080000000.0,HIGH,-10.16,-5.29,2.55,-4.87,0.1474,False,-7.66,False,-9.95,1.946,1.362,-1.0627,-16.83,1.517,25.0,-12.2,41.0,-8.99,14.68,60823899.0,,,25.2,0.9398496240601504,0.6102756892230576,0.6190476190476191,0.7926065162907269,0.7355889724310777,0.34461152882205515,0.37719298245614036,0.6737,0.5573,0.7032
XXI,Twenty One Capital Inc,Consumer Defensive,Education & Training Services,17.1,,-1640.0199999999998,,0.0,-14.150000000000002,1.83,5.25,-17.82,-1.11,-77.33,,1550000.0,12.8,5.81,-,,3790000000.0,HIGH,-10.48,0.35,7.76,-5.19,0.2605,False,-1.82,True,10.04,6.207,5.68,-4.7812,-12.89,2.647,18.0,-7.92,,,5.81,15096127.0,,,,0.12907268170426064,0.7431077694235589,0.2706766917293233,0.9799498746867168,0.9962406015037594,0.9160401002506265,0.36403508771929827,0.6725,0.5257,0.7553
RLJ,RLJ Lodging Trust,Real Estate,REIT - Hotel & Motel,1828.81,191.11,10.4,5.48,0.0,8.97,8.55,-5.6,41.23,1.14,-16.29,3.09,1850000.0,2.27,10.79,Aug 06/a,11.65,1650000000.0,HIGH,-6.17,-1.19,2.43,-0.88,0.1021,False,-2.64,False,-6.04,2.529,1.298,-1.2356,-16.29,1.131,40.0,-10.53,30.0,-3.05,10.79,19180929.0,,,8.0,0.9172932330827067,0.631578947368421,0.8345864661654135,0.45551378446115287,0.706140350877193,0.48621553884711777,0.543233082706767,0.6719,0.6795,0.6413
TRTX,TPG RE Finance Trust Inc,Real Estate,REIT - Mortgage,13.1,6.48,-43.04,2.64,0.0,1.14,6.85,-16.51,-10.47,1.5,-23.7,1.5,799180.0,2.71,7.18,Jul 28/a,9.88,551200000.0,HIGH,-9.0,-2.18,2.68,-3.71,0.1192,False,-5.76,False,-10.22,1.877,1.602,-0.938,-18.73,1.317,46.0,-16.22,37.0,-12.55,7.18,6117167.0,,,37.6,0.9598997493734336,0.568922305764411,0.756265664160401,0.649749373433584,0.7612781954887218,0.33521303258145363,0.43107769423558895,0.6719,0.6277,0.6765
BNL,Broadstone Net Lease Inc,Real Estate,REIT - Diversified,25.62,25.06,95.71,8.14,0.45999999999999996,6.05,10.25,-6.709999999999999,-0.83,0.93,-16.88,1.73,2089999.9999999998,2.59,19.2,Jul 29/a,23.7,3680000000.0,HIGH,-9.09,-5.51,2.96,-3.8,0.1325,False,-6.92,False,-9.71,2.128,1.094,-0.9675,-16.88,1.247,43.0,-15.49,36.0,-10.7,19.2,37501540.0,,,23.4,0.9548872180451128,0.6077694235588973,0.6917293233082706,0.593358395989975,0.818922305764411,0.35651629072681706,0.4273182957393484,0.6705,0.6241,0.6809
NHI,National Health Investors Inc,Real Estate,REIT - Healthcare Facilities,19.62,21.7,45.25,33.67,0.2,6.559999999999999,4.7,-4.26,-20.06,0.51,-25.8,1.67,571850.0,1.24,67.8,Aug 10/a,81.56,3330000000.0,HIGH,-7.58,-3.65,2.05,-2.29,0.0945,False,-4.67,False,-8.48,2.1,2.271,-1.0797,-16.67,1.323,43.0,-14.46,28.0,-3.07,67.8,24355285.0,,,20.3,0.9335839598997494,0.6140350877192983,0.8646616541353384,0.6553884711779449,0.5601503759398496,0.39348370927318294,0.49122807017543857,0.6702,0.6239,0.6357
QTWO,Q2 Holdings Inc,Technology,Software - Application,42.12,16.96,156.57,12.61,-5.33,5.65,8.88,37.06,20.79,1.34,-30.91,1.53,799440.0,2.39,58.73,Jul 29/a,76.5,3660000000.0,HIGH,-8.11,-5.2,2.98,-2.82,0.1556,False,-5.78,False,-2.97,3.371,3.167,-1.5694,-13.01,1.088,26.0,-6.11,36.0,-0.58,58.73,39756131.0,,,30.3,0.843358395989975,0.7406015037593985,0.5939849624060151,0.40100250626566414,0.8233082706766918,0.6121553884711779,0.474937343358396,0.6691,0.6152,0.67
GMRS,GMR Solutions Inc,Healthcare,Medical Care Facilities,,,,,-11.15,42.02,9.18,-5.43,,,-21.59,1.38,757280.0,7.97,12.53,Aug 12/a,18.88,676890000.0,HIGH,-7.05,-5.51,6.23,-1.76,0.1278,False,-3.04,False,-4.41,6.122,7.263,-3.4502,-21.59,2.983,23.0,-9.47,26.0,-2.57,12.53,12429802.0,,,50.7,0.2932330827067669,0.4755639097744361,0.7180451127819549,0.9849624060150376,0.9893483709273183,0.5507518796992481,0.5050125313283208,0.6687,0.7142,0.7046
NMRK,Newmark Group Inc,Real Estate,Real Estate Services,17.34,6.32,-5.36,18.91,0.0,1.8799999999999997,3.76,-6.25,-4.91,1.74,-29.719999999999995,1.5,1450000.0,4.26,13.94,Jul 29/b,19.75,2530000000.0,HIGH,-14.0,-1.83,3.49,-8.71,0.2036,False,-6.7,False,-8.1,3.887,2.69,-1.9973,-15.26,1.894,22.0,-8.17,37.0,-6.38,13.94,26048362.0,,,41.7,0.7130325814536341,0.6647869674185464,0.41478696741854637,0.924812030075188,0.8828320802005013,0.40977443609022557,0.24436090225563908,0.6683,0.487,0.7326
NOG,Northern Oil and Gas Inc,Energy,Oil & Gas E&P,,6.49,118.5,16.79,0.77,-4.39,21.05,28.859999999999996,-11.89,0.91,-19.63,2.36,2810000.0,1.37,25.05,Aug 06/a,30.5,2670000000.0,HIGH,-8.38,-4.97,1.8,-3.09,0.0926,False,-4.12,True,5.95,3.484,1.836,-2.0754,-8.41,0.945,22.0,-1.34,30.0,23.52,25.05,55690045.0,,,21.8,0.6917293233082706,0.8759398496240601,0.8703007518796992,0.2556390977443609,0.4592731829573935,0.8571428571428571,0.46616541353383456,0.6683,0.5853,0.5659
STGW,Stagwell Inc,Communication Services,Advertising Agencies,137.63,6.6,-63.36999999999999,11.53,-1.5700000000000003,-0.13,8.57,21.01,30.760000000000005,1.3,-14.97,1.5,1380000.0,1.7,8.12,Jul 30/b,9.86,1990000000.0,HIGH,-6.99,-7.73,2.01,-1.7,0.094,False,-6.08,False,-3.71,3.352,3.325,-1.9396,-14.97,1.274,28.0,-10.67,36.0,0.5,8.12,10104366.0,,,21.4,0.7368421052631579,0.6716791979949874,0.8659147869674185,0.6102756892230576,0.5457393483709273,0.5764411027568922,0.506265664160401,0.6678,0.626,0.6173
ECVT,Ecovyst Inc,Basic Materials,Specialty Chemicals,,12.0,38.13,24.9,0.65,0.62,4.8,-18.56,-11.22,1.05,-30.79,1.5,1530000.0,2.06,10.44,Aug 05/b,15.17,1140000000.0,HIGH,0.0,4.71,2.3,5.29,0.0925,True,1.85,False,-5.46,3.032,2.49,-2.1163,-21.39,1.525,4.0,4.71,32.0,-8.82,10.44,14118354.0,,,45.3,0.681077694235589,0.48120300751879697,0.8728070175438596,0.7994987468671679,0.6647869674185464,0.5075187969924813,0.8101503759398496,0.6678,0.7853,0.6632
NESR,National Energy Services Reunited Corp,Energy,Oil & Gas Equipment & Services,35.79,10.97,173.86,59.07,-37.0,9.42,5.19,32.76,54.7,0.46,-11.8,1.14,2160000.0,1.5,32.58,Aug 10/b,43.29,3290000000.0,HIGH,-1.36,-0.49,1.89,3.93,0.1251,False,-3.39,True,3.46,4.084,2.762,-1.8338,-11.8,1.09,25.0,-9.25,29.0,12.27,32.58,57617256.0,,,32.9,0.7744360902255639,0.7781954887218046,0.7299498746867168,0.40350877192982454,0.4931077694235589,0.8157894736842105,0.7575187969924813,0.6658,0.6699,0.6217
MANE,Veradermics Inc,Healthcare,Biotechnology,,,-44.05,,-7.690000000000001,22.85,13.31,13.720000000000002,87.58,,-18.66,1.0,755550.0,2.48,106.75,Aug 11/b,163.5,4460000000.0,HIGH,3.82,4.97,2.85,9.11,0.1258,True,5.65,True,0.24,4.633,4.459,-2.9095,-18.66,1.376,56.0,-13.17,28.0,-2.02,106.75,66859813.0,,,53.2,0.462406015037594,0.5714285714285714,0.7243107769423559,0.6961152882205514,0.7994987468671679,0.7406015037593985,0.8834586466165414,0.6657,0.8105,0.6747
PGNY,Progyny Inc,Healthcare,Healthcare Plans,29.47,17.85,78.89,5.3,-2.36,-2.49,5.97,4.03,49.23,1.01,-17.95,1.33,1160000.0,2.7,27.13,Aug 06/a,34.42,2080000000.0,HIGH,5.77,-2.59,2.78,11.06,0.1173,True,2.17,False,-4.67,2.729,1.29,-1.7495,-17.95,1.172,6.0,0.18,30.0,-3.45,27.13,30056628.0,,,26.9,0.7994987468671679,0.5877192982456141,0.7669172932330828,0.5112781954887218,0.7869674185463659,0.5375939849624061,0.9085213032581454,0.665,0.8296,0.6588
ELME,Elme Communities,Real Estate,REIT - Residential,,,-3942.6500000000005,1.72,0.0,-5.39,2.77,-17.41,-17.82,0.84,-47.8,3.0,1280000.0,0.38,1.66,-,,147500000.0,HIGH,0.0,-0.6,0.74,5.29,0.0364,False,-0.6,True,2.72,1.635,3.012,-0.9741,-3.49,0.918,20.0,2.47,,,1.66,1088919.0,,,,0.9536340852130326,0.9711779448621554,0.9862155388471178,0.23057644110275688,0.046992481203007516,0.8013784461152882,0.8101503759398496,0.665,0.634,0.5081
BOX,Box Inc,Technology,Software - Infrastructure,48.67,19.42,75.37,9.23,-4.14,-1.27,12.85,35.75,41.32,0.72,-7.21,2.58,2840000.0,1.7,33.72,Aug 25/a,38.71,4630000000.0,HIGH,2.46,-3.27,1.47,7.75,0.0982,False,-2.05,True,3.53,3.267,3.381,-2.0693,-7.21,1.096,11.0,-2.52,17.0,2.18,33.72,112892829.0,,,14.8,0.6929824561403509,0.9147869674185464,0.8483709273182958,0.41353383458646614,0.29385964912280704,0.818295739348371,0.8646616541353384,0.6636,0.6885,0.5547
ASH,Ashland Inc,Basic Materials,Specialty Chemicals,61.09,16.04,102.16000000000001,7.339999999999999,0.0,3.1,10.66,1.68,37.6,0.4,-11.74,1.69,792710.0,1.38,69.06,Jul 28/a,80.18,3160000000.0,HIGH,-4.95,-0.88,1.77,0.34,0.1049,False,-4.57,False,-3.34,2.986,2.056,-1.2415,-11.74,1.106,30.0,-4.69,37.0,1.54,69.06,44684649.0,,,16.1,0.9147869674185464,0.7807017543859649,0.8120300751879699,0.42794486215538846,0.4473684210526316,0.5952380952380952,0.6040100250626567,0.663,0.6194,0.5963
FG,F&G Annuities & Life Inc,Financial,Insurance - Life,8.12,4.76,-338.55,2.02,0.0,1.7500000000000002,2.7,-15.97,-2.16,1.24,-34.62,2.67,623570.0,6.19,23.1,Aug 05/a,27.0,3020000000.0,HIGH,2.35,-0.09,5.78,7.64,0.1041,False,-2.12,False,-13.43,3.296,1.84,-1.8129,-30.96,1.882,47.0,-23.66,31.0,-20.84,23.1,15634828.0,,,16.9,0.7794486215538847,0.2731829573934837,0.8176691729323309,0.9197994987468672,0.9774436090225563,0.2098997493734336,0.8634085213032582,0.6629,0.8839,0.7216
MGNI,Magnite Inc,Communication Services,Advertising Agencies,23.03,18.7,75.23,11.24,-27.200000000000003,7.76,7.83,40.58,101.36,2.32,-6.3,1.33,2670000.0,1.34,25.15,Aug 05/a,29.22,3610000000.0,HIGH,7.02,5.49,1.58,12.31,0.112,True,5.2,True,12.6,4.448,5.288,-2.9251,-6.3,1.164,2.0,5.76,31.0,21.67,25.15,55130594.0,,,16.2,0.4573934837092732,0.931077694235589,0.7850877192982456,0.5031328320802005,0.3583959899749373,0.9423558897243107,0.924812030075188,0.6629,0.713,0.5653
ATMU,Atmus Filtration Technologies Inc,Consumer Cyclical,Auto Parts,16.79,13.39,7.980000000000001,16.41,-4.84,4.14,4.71,-15.25,-22.32,1.2,-34.0,1.67,700830.0,5.0,43.89,Aug 07/b,65.2,3580000000.0,HIGH,-11.87,-1.08,4.93,-6.58,0.1678,False,-6.24,False,-11.76,3.251,1.732,-1.6959,-21.28,1.742,33.0,-18.54,30.0,-14.23,43.89,32820436.0,,,48.6,0.8132832080200502,0.4899749373433584,0.5507518796992481,0.8796992481203008,0.9605263157894737,0.27631578947368424,0.2976190476190476,0.6618,0.5724,0.7325
PLX,Protalix BioTherapeutics Inc,Healthcare,Biotechnology,11.85,53.8,2190.0,27.07,0.0,-3.36,4.09,21.17,20.63,-0.09,-15.67,1.0,721860.0,1.73,2.69,Aug 12/b,11.0,216740000.0,HIGH,13.03,-2.89,1.62,18.32,0.1698,True,3.36,True,9.15,3.372,2.23,-2.347,-3.58,1.218,5.0,1.89,27.0,10.7,2.69,1996047.0,,,308.9,0.606516290726817,0.968671679197995,0.5426065162907268,0.5570175438596491,0.37719298245614036,0.9097744360902256,0.974937343358396,0.6603,0.6659,0.6126
SKWD,Skyward Specialty Insurance Group Inc,Financial,Insurance - Property & Casualty,13.11,10.19,15.7,52.93,-0.12,3.56,5.29,11.37,35.95,0.33,-14.279999999999998,1.64,549970.0,1.61,56.31,Aug 04/a,70.92,2500000000.0,HIGH,-1.02,-3.5,2.23,4.27,0.0492,False,-1.65,False,-4.47,2.659,2.318,-1.4866,-14.28,0.914,32.0,-8.54,32.0,-8.54,56.31,22798698.0,,,25.9,0.8671679197994987,0.7042606516290727,0.9711779448621554,0.22807017543859648,0.6365914786967418,0.5457393483709273,0.7725563909774437,0.6588,0.7914,0.5694
RYAM,Rayonier Advanced Materials Inc,Basic Materials,Chemicals,,9.59,90.91,10.61,-0.03,-2.37,8.07,-7.85,-25.129999999999995,1.83,-29.62,1.0,934400.0,1.85,8.34,Aug 04/a,14.0,564150000.0,HIGH,-3.7,0.24,2.39,1.59,0.0604,False,-1.32,False,-1.45,3.383,3.237,-1.9187,-15.76,0.926,32.0,-4.79,32.0,-4.79,8.34,6087857.0,,,67.9,0.7481203007518797,0.643483709273183,0.9605263157894737,0.23558897243107768,0.6885964912280702,0.6741854636591479,0.6616541353383458,0.6584,0.7594,0.5866
MWA,Mueller Water Products Inc,Industrials,Specialty Industrial Machinery,15.51,13.79,28.24,4.1,-3.73,1.06,3.69,-16.19,-20.54,1.0,-29.350000000000005,2.86,1180000.0,4.23,21.9,Aug 05/a,29.5,3420000000.0,HIGH,-12.19,-5.11,3.78,-6.9,0.1637,False,-8.09,False,-11.74,2.443,1.37,-1.5055,-24.27,1.893,31.0,-17.08,31.0,-17.08,21.9,31046202.0,,,34.7,0.8583959899749374,0.40852130325814534,0.5651629072681704,0.9235588972431078,0.9154135338345865,0.27882205513784464,0.2869674185463659,0.6583,0.559,0.744
TFSL,TFS Financial Corp,Financial,Banks - Regional,46.88,43.33,44.18,5.9,-3.74,0.05,2.79,2.92,25.840000000000003,0.73,-13.29,3.0,859400.0,1.78,16.9,Jul 30/a,19.0,4740000000.0,HIGH,-4.2,-1.23,1.99,1.09,0.0816,False,-2.6,False,-4.5,1.927,2.012,-0.9032,-13.29,0.946,33.0,-8.35,35.0,-6.37,16.9,13312416.0,,,12.4,0.968671679197995,0.7343358395989975,0.9072681704260652,0.2575187969924812,0.5350877192982456,0.543859649122807,0.6428571428571429,0.6578,0.6898,0.5763
LPG,Dorian LPG Ltd,Energy,Oil & Gas Midstream,7.72,13.33,1263.72,123.11000000000001,-2.9,4.49,5.11,50.31,80.39,0.66,-3.03,1.5,660340.0,1.55,58.15,Aug 05/b,54.12,2490000000.0,HIGH,13.73,5.0,1.71,19.02,0.2345,True,9.18,True,20.85,3.317,1.823,-2.1676,-3.03,1.216,5.0,5.38,32.0,35.08,58.15,32081342.0,,,-6.9,0.6691729323308271,0.9805764411027569,0.33458646616541354,0.5538847117794486,0.41854636591478694,0.9837092731829574,0.9774436090225563,0.6567,0.6169,0.6563
PRCH,Porch Group Inc,Financial,Insurance - Property & Casualty,,73.22,136.73,18.1,-10.17,1.52,18.77,28.43,113.71,3.17,-18.19,1.29,1720000.0,1.89,15.9,Jul 29/a,20.5,1800000000.0,HIGH,-6.96,-3.75,2.55,-1.67,0.1628,False,-5.91,True,2.15,4.575,3.774,-2.1163,-13.45,1.119,12.0,-8.38,36.0,28.64,15.9,21412657.0,,,28.9,0.681077694235589,0.7268170426065163,0.5664160401002507,0.43796992481203006,0.7355889724310777,0.7907268170426065,0.5100250626566416,0.6564,0.5946,0.6613
CARS,Cars.com,Communication Services,Internet Content & Information,19.32,4.3,129.33,0.67,-2.17,-4.4,14.58,11.96,36.52,1.63,-19.39,2.43,640460.0,2.76,11.14,Aug 06/b,13.08,596350000.0,HIGH,-8.84,-4.87,3.27,-3.55,0.12,False,-4.96,False,-6.05,3.45,2.738,-1.8652,-16.49,1.121,38.0,-5.59,31.0,-5.11,11.14,6295962.0,,,17.4,0.768170426065163,0.6190476190476191,0.7518796992481203,0.4423558897243108,0.8690476190476191,0.4849624060150376,0.4392230576441103,0.6559,0.662,0.6411
SKY,Champion Homes Inc,Consumer Cyclical,Residential Construction,24.75,19.84,-20.87,1.27,-1.9900000000000002,2.08,4.96,1.5,14.540000000000001,1.02,-14.7,1.71,676480.0,1.76,84.59,Aug 04/a,103.5,4590000000.0,HIGH,-6.27,0.99,2.1,-0.98,0.1459,False,-2.53,False,-2.18,3.49,1.986,-1.5844,-12.42,1.158,26.0,-9.9,32.0,2.71,84.59,49184736.0,,,22.4,0.8370927318295739,0.7556390977443609,0.62531328320802,0.4906015037593985,0.5808270676691729,0.6428571428571429,0.5338345864661654,0.6554,0.5754,0.6378
SGMT,Sagimet Biosciences Inc,Healthcare,Biotechnology,,,18.57,,-9.01,125.29,17.61,66.02,129.61,3.43,-3.1400000000000006,1.08,1260000.0,1.47,11.09,Aug 11/b,29.33,683050000.0,HIGH,8.2,1.93,1.87,13.49,0.1148,True,3.6,True,19.76,4.959,5.41,-2.7267,-3.14,0.867,2.0,6.02,28.0,16.49,11.09,10652836.0,,,164.5,0.518796992481203,0.9786967418546366,0.7769423558897244,0.19047619047619047,0.4849624060150376,0.9786967418546366,0.9423558897243107,0.6548,0.7555,0.5432
JBGS,JBG SMITH Properties,Real Estate,REIT - Diversified,,,-255.72,2.29,-5.09,4.19,20.83,-20.69,-24.07,1.07,-53.75,4.33,754570.0,6.6,11.23,Aug 10/b,12.5,837970000.0,HIGH,-10.16,-0.18,4.85,-4.87,0.1696,False,-4.39,False,-11.57,2.786,1.647,-1.3977,-28.38,1.904,56.0,-23.45,29.0,0.18,11.23,11950312.0,,,11.3,0.8859649122807017,0.3258145363408521,0.543859649122807,0.9273182957393483,0.9586466165413534,0.2850877192982456,0.37719298245614036,0.6544,0.6016,0.7643
PDYN,Palladyne AI Corp,Technology,Software - Infrastructure,,,-35.08,469.75,-0.4,7.629999999999999,22.05,-18.86,-14.71,3.64,-47.05,1.5,1170000.0,1.59,5.68,Aug 06/b,10.75,280240000.0,HIGH,-7.34,-0.35,2.42,-2.05,0.1215,False,-1.17,True,0.26,4.852,6.514,-2.6746,-14.84,1.181,25.0,-9.7,31.0,-3.57,5.68,4408469.0,,,89.3,0.5338345864661654,0.6798245614035088,0.7437343358395989,0.518170426065163,0.7023809523809523,0.7418546365914787,0.4981203007518797,0.6533,0.6331,0.6241
GEVO,Gevo Inc,Basic Materials,Specialty Chemicals,,,-8302.2,7.109999999999999,-8.63,1.94,11.0,1.95,-32.91,1.12,-47.14,1.8,3160000.0,3.78,1.57,Aug 06/a,5.49,388160000.0,HIGH,1.95,-1.26,4.45,7.24,0.1401,False,-2.67,False,-1.18,4.868,3.185,-3.3979,-15.59,1.342,12.0,-4.27,30.0,9.03,1.57,4308390.0,,,249.7,0.3107769423558897,0.6516290726817042,0.6528822055137844,0.6729323308270677,0.9461152882205514,0.6842105263157895,0.8546365914786967,0.6531,0.8216,0.6535
XERS,Xeris Biopharma Holdings Inc,Healthcare,Drug Manufacturers - Specialty & Generic,,22.91,-1387.6,28.74,-3.65,1.42,4.65,17.99,46.95,0.7,-18.65,1.43,1880000.0,2.51,8.2,Aug 06/b,12.29,1500000000.0,HIGH,-5.75,8.32,2.73,-0.46,0.2226,False,-0.62,False,-1.46,4.495,3.902,-2.7339,-9.09,1.45,23.0,-3.76,31.0,11.41,8.2,14095892.0,,,49.9,0.5150375939849624,0.8577694235588973,0.34962406015037595,0.7531328320802005,0.7713032581453634,0.6716791979949874,0.568295739348371,0.6531,0.5636,0.6778
ADPT,Adaptive Biotechnologies Corp,Healthcare,Diagnostics & Research,,,-47.8,21.53,-38.71,2.49,7.56,63.21,111.92999999999999,2.09,-0.38,1.25,2580000.0,1.16,28.61,Jul 29/a,25.07,4570000000.0,HIGH,10.08,15.46,1.47,15.37,0.2216,True,11.79,True,17.74,4.14,2.691,-2.616,-0.38,1.463,4.0,15.46,36.0,26.82,28.61,52885397.0,,,-12.4,0.5426065162907269,0.9987468671679198,0.3521303258145363,0.7606516290726817,0.29385964912280704,0.968671679197995,0.9555137844611529,0.6528,0.576,0.6414
ORIC,ORIC Pharmaceuticals Inc,Healthcare,Biotechnology,,,17.45,,-0.25,6.4,25.31,50.64999999999999,15.229999999999999,0.99,-14.330000000000002,1.14,1530000.0,2.02,12.79,Aug 03/a,20.67,1330000000.0,HIGH,-9.93,1.11,2.41,-4.64,0.1853,False,-1.4,True,2.36,4.683,3.401,-2.583,-12.87,1.324,23.0,-4.41,33.0,20.66,12.79,16595321.0,,,61.6,0.5488721804511278,0.7456140350877193,0.4692982456140351,0.6572681704260651,0.6973684210526315,0.7957393483709273,0.38721804511278196,0.6524,0.5049,0.6748
SPSC,SPS Commerce Inc,Technology,Software - Application,38.49,14.97,-63.75999999999999,5.56,-0.24,1.29,9.46,50.080000000000005,37.55,0.62,-30.579999999999995,2.79,648640.0,1.63,79.74,Jul 30/a,75.45,2870000000.0,HIGH,-1.66,-3.96,2.0,3.63,0.1083,False,-2.39,True,6.77,4.541,3.035,-2.5312,-10.85,1.015,16.0,-0.92,35.0,21.13,79.74,43401988.0,,,-5.4,0.5676691729323309,0.8095238095238095,0.8038847117794486,0.31892230576441105,0.5394736842105263,0.8696741854636592,0.75,0.6515,0.703,0.5739
MBX,MBX Biosciences Inc,Healthcare,Biotechnology,,,-33.99,,-0.4,1.56,13.62,46.2,121.28000000000002,0.06,-13.390000000000002,1.09,653270.0,1.43,62.91,Aug 06/b,88.1,3030000000.0,HIGH,-5.16,5.75,2.01,0.13,0.1685,False,-0.05,False,-1.16,4.59,4.204,-2.2934,-13.39,1.486,33.0,-2.33,31.0,-6.26,62.91,29168803.0,,,40.0,0.6228070175438597,0.7305764411027569,0.5476190476190477,0.7769423558897243,0.5457393483709273,0.6854636591478697,0.5927318295739349,0.6515,0.5651,0.6577
AVPT,AvePoint Inc,Technology,Software - Infrastructure,41.77,26.61,957.63,22.03,-0.17,5.34,7.52,26.71,26.340000000000003,1.17,-17.72,1.57,2110000.0,1.67,13.19,Aug 06/a,16.72,2790000000.0,HIGH,-1.35,-3.01,2.09,3.94,0.118,False,-1.52,True,0.3,3.209,2.616,-2.956,-8.31,1.163,16.0,-0.15,30.0,3.13,13.19,22559092.0,,,26.8,0.44110275689223055,0.8822055137844611,0.7631578947368421,0.5,0.5770676691729323,0.7431077694235589,0.7606516290726817,0.6511,0.7063,0.5653
TRIN,Trinity Capital Inc,Financial,Asset Management,10.09,8.37,-21.87,41.41,0.06,,5.73,4.75,20.42,0.67,-6.69,1.67,1030000.0,1.17,17.63,Aug 05/b,18.5,1670000000.0,HIGH,-3.92,-0.68,1.31,1.37,0.083,False,-3.21,False,-1.94,1.96,3.29,-1.0405,-6.69,0.956,19.0,-3.92,32.0,2.26,17.63,16649667.0,,,4.9,0.943609022556391,0.9235588972431078,0.900375939849624,0.2675438596491228,0.2136591478696742,0.6541353383458647,0.6541353383458647,0.6505,0.5959,0.5197
TPC,Tutor Perini Corp,Industrials,Engineering & Construction,36.77,16.7,227.43,19.17,-32.47,7.980000000000001,4.43,8.99,17.55,2.06,-16.91,1.0,707280.0,2.46,85.0,Aug 05/a,117.0,4470000000.0,HIGH,-6.87,0.58,3.59,-1.58,0.0905,False,-3.06,False,-2.6,3.416,2.494,-2.2644,-16.91,0.938,31.0,0.53,31.0,0.53,85.0,42233787.0,,,37.6,0.6378446115288221,0.606516290726817,0.8809523809523809,0.2474937343358396,0.8972431077694235,0.6303258145363408,0.5137844611528822,0.6501,0.739,0.6032
EVLV,Evolv Technologies Holdings Inc,Industrials,Security & Protection Services,,,78.96,34.44,-3.58,1.08,5.73,-11.33,-8.83,1.73,-43.13,1.0,2069999.9999999998,2.31,5.01,Aug 11/a,9.85,907440000.0,HIGH,-6.18,-2.91,2.31,-0.89,0.1008,False,-2.01,False,-8.26,3.346,2.196,-1.7641,-24.83,1.523,30.0,-15.73,27.0,-12.41,5.01,10588522.0,,REVIEW,96.6,0.7919799498746867,0.39849624060150374,0.8383458646616542,0.7969924812030075,0.668546365914787,0.40350877192982454,0.5413533834586466,0.6496,0.6686,0.6653
CUZ,Cousins Properties Inc,Real Estate,REIT - Office,723.53,61.03,84.5,11.83,-0.27,-1.38,7.24,0.04,22.73,1.17,-14.14,1.36,1510000.0,1.74,28.29,Jul 30/a,33.73,4660000000.0,HIGH,-4.68,1.22,1.98,0.61,0.1029,False,-1.83,False,-5.61,2.247,1.485,-1.1346,-14.14,1.086,37.0,-10.79,35.0,-10.33,28.29,38008405.0,,,19.2,0.9260651629072681,0.7092731829573935,0.8283208020050126,0.39724310776942356,0.531328320802005,0.5012531328320802,0.6190476190476191,0.6489,0.6555,0.589
NEO,Neogenomics Inc,Healthcare,Diagnostics & Research,,58.87,104.85,11.21,-1.23,9.57,12.51,78.89,143.4,1.77,0.1,1.67,2590000.0,1.7,19.91,Jul 28/a,19.72,2560000000.0,HIGH,17.26,8.15,2.42,22.55,0.2112,True,11.22,True,22.09,4.0,3.164,-2.937,-0.6,1.042,4.0,8.15,37.0,48.58,19.91,33175077.0,,,-1.0,0.45363408521303256,0.9974937343358395,0.39097744360902253,0.35025062656641603,0.7023809523809523,0.9849624060150376,0.981203007518797,0.6466,0.7205,0.6228
CNTN,Canton Strategic Holdings Inc,Healthcare,Biotechnology,,,86.23,,-1.16,16.18,10.66,-31.34,-31.95,1.5,-66.62,1.0,848360.0,4.58,2.3,-,5.0,183270000.0,HIGH,5.02,9.52,4.79,10.31,0.1705,True,4.8,True,8.94,6.528,10.87,-4.6715,-23.51,1.833,16.0,3.14,,,2.3,1788662.0,,,117.4,0.13533834586466165,0.4323308270676692,0.5407268170426065,0.9085213032581454,0.9542606516290727,0.9072681704260651,0.8959899749373433,0.6464,0.8069,0.7263
BTU,Peabody Energy Corp,Energy,Thermal Coal,,9.71,-227.43,12.710000000000003,-0.7,-1.9299999999999997,10.0,1.69,-32.66,0.31,-38.7,1.57,2450000.0,3.8,25.22,Jul 29/b,31.64,3070000000.0,HIGH,-8.66,-7.79,3.62,-3.37,0.1671,False,-10.45,False,-0.83,5.363,8.287,-3.5043,-17.07,1.641,14.0,-12.79,37.0,21.13,25.22,71539535.0,,,25.5,0.2807017543859649,0.6046365914786967,0.5551378446115288,0.8395989974937343,0.8991228070175439,0.6967418546365914,0.45363408521303256,0.646,0.6177,0.679
LXU,LSB Industries Inc,Basic Materials,Chemicals,21.76,15.02,-304.8,11.1,-22.11,1.54,6.26,-2.99,-24.59,0.42,-35.87,2.0,813190.0,2.2,11.04,Jul 29/a,13.5,794850000.0,HIGH,-0.72,-0.18,2.29,4.57,0.1601,False,-0.27,True,1.45,4.717,3.17,-2.8458,-10.9,1.221,8.0,-2.73,36.0,0.0,11.04,8700560.0,,,22.3,0.4849624060150376,0.8057644110275689,0.575187969924812,0.5657894736842105,0.6591478696741855,0.7781954887218046,0.7857142857142857,0.6448,0.6846,0.622
GTY,Getty Realty Corp,Real Estate,REIT - Retail,18.11,20.49,50.23,10.88,0.0,4.06,10.14,-9.3,-10.8,0.74,-19.53,2.11,550020.0,2.27,29.64,Jul 22/a,36.5,1840000000.0,HIGH,-10.48,-7.49,2.1,-5.19,0.1394,False,-8.06,False,-11.27,2.263,1.991,-1.1189,-19.52,1.655,43.0,-17.92,41.0,-14.61,29.64,18956224.0,,,23.1,0.9285714285714286,0.5463659147869674,0.6578947368421053,0.8508771929824561,0.5808270676691729,0.2907268170426065,0.36403508771929827,0.6425,0.5172,0.6628
BLFS,Biolife Solutions Inc,Healthcare,Medical Instruments & Supplies,37.94,117.6,376.1,11.98,-41.96,-6.07,8.31,40.9,87.86,1.83,-3.7000000000000006,3.0,1140000.0,0.9,36.69,Aug 06/a,31.12,1790000000.0,HIGH,-1.11,3.56,1.09,4.18,0.0948,True,1.5,True,8.65,2.628,1.226,-1.5775,-3.7,0.814,22.0,5.01,30.0,8.13,36.69,34139544.0,,,-15.2,0.8421052631578947,0.9674185463659147,0.8621553884711779,0.14661654135338345,0.13471177944862156,0.9010025062656641,0.768170426065163,0.6423,0.6063,0.5061
HIW,Highwoods Properties Inc,Real Estate,REIT - Office,20.35,44.38,401.14,7.93,0.0,11.63,10.71,3.8900000000000006,40.9,1.07,-14.150000000000002,2.8,1540000.0,1.12,30.42,Jul 28/a,32.33,3360000000.0,HIGH,-3.12,-0.78,1.58,2.17,0.061,False,-1.66,False,-4.25,2.285,2.367,-1.0387,-14.16,1.022,37.0,-9.57,37.0,-9.57,30.42,33807601.0,,,6.3,0.9448621553884712,0.7080200501253133,0.956766917293233,0.32706766917293234,0.3583959899749373,0.556390977443609,0.6804511278195489,0.6419,0.6667,0.5467
PTEN,Patterson-UTI Energy Inc,Energy,Oil & Gas Drilling,,42.72,59.53000000000001,0.71,-16.04,1.33,10.3,17.33,9.89,0.77,-12.02,2.12,8910000.0,1.96,11.78,Jul 29/a,14.07,4490000000.0,HIGH,-4.54,-5.15,2.0,0.75,0.1454,False,-5.01,True,5.12,4.711,1.952,-2.7303,-12.02,1.21,15.0,-3.92,36.0,26.26,11.78,108239093.0,,,19.4,0.5162907268170426,0.7669172932330827,0.6278195488721805,0.5482456140350878,0.5394736842105263,0.8483709273182958,0.62531328320802,0.6412,0.6003,0.6131
FIVN,Five9 Inc,Technology,Software - Infrastructure,47.39,8.46,203.08,10.3,-4.64,9.72,11.97,67.41,105.51000000000002,1.53,-8.04,1.75,2580000.0,1.74,32.47,Aug 06/a,35.55,2430000000.0,HIGH,-0.85,2.27,2.44,4.44,0.1724,False,-1.05,True,7.68,5.364,8.038,-3.3112,-8.04,1.162,16.0,1.47,30.0,14.45,32.47,60440846.0,,,9.5,0.33208020050125314,0.8878446115288221,0.5281954887218046,0.4974937343358396,0.7092731829573935,0.8872180451127819,0.7769423558897243,0.6404,0.682,0.6065
SIBN,SI-BONE Inc,Healthcare,Medical Devices,,,36.09,15.18,-8.89,6.7299999999999995,13.22,14.2,41.66,0.67,-17.36,1.0,570600.0,1.51,18.09,Aug 03/a,25.0,810770000.0,HIGH,-9.37,-3.26,1.45,-4.08,0.1109,False,-3.95,False,-1.46,3.743,3.261,-1.3652,-10.89,1.08,20.0,-7.14,33.0,-1.9,18.09,11259282.0,,,38.2,0.8909774436090225,0.8076441102756893,0.7926065162907268,0.3890977443609023,0.28383458646616544,0.6716791979949874,0.41040100250626566,0.6393,0.4871,0.5589
CWT,California Water Service Group,Utilities,Utilities - Regulated Water,21.34,17.28,32.11,16.47,-2.78,6.92,3.96,4.82,7.1,0.47,-11.97,1.25,516620.0,1.63,47.38,Jul 30/b,55.75,2930000000.0,HIGH,-4.38,-1.76,1.71,0.91,0.0883,False,-4.09,False,-5.23,1.907,1.119,-0.955,-11.97,0.961,38.0,-6.71,36.0,-6.18,47.38,24354024.0,,,17.7,0.9586466165413534,0.7706766917293233,0.8884711779448622,0.2700501253132832,0.41854636591478694,0.5219298245614035,0.6340852130325815,0.6381,0.6457,0.5423
PLNT,Planet Fitness Inc,Consumer Cyclical,Leisure,16.79,13.53,25.989999999999995,7.139999999999999,3.6900000000000004,-4.86,9.87,-6.59,-34.92,1.03,-56.69,1.7,1880000.0,2.04,49.49,Aug 06/b,66.31,3740000000.0,HIGH,-8.69,-3.26,2.2,-3.4,0.1117,False,-3.61,False,-5.31,3.204,3.031,-1.811,-13.78,1.096,32.0,-11.58,31.0,-3.36,49.49,89257631.0,,,34.0,0.7807017543859649,0.7155388471177945,0.7882205513784462,0.41353383458646614,0.6146616541353384,0.5137844611528822,0.449874686716792,0.6377,0.6008,0.5807
GRND,Grindr Inc,Technology,Software - Application,30.0,19.56,18.97,32.54,-0.48,-2.42,28.22,15.36,23.0,0.19,-16.76,1.33,1580000.0,1.47,15.4,Aug 06/a,20.8,2680000000.0,HIGH,-0.84,-2.1,1.92,4.45,0.0513,False,-0.53,False,-2.81,3.328,2.63,-1.7696,-16.76,1.022,35.0,-9.14,30.0,-7.12,15.4,18779110.0,,,35.1,0.7894736842105263,0.6115288220551378,0.9699248120300752,0.32706766917293234,0.5050125313283208,0.618421052631579,0.7781954887218046,0.6369,0.7538,0.56
HAYW,Hayward Holdings Inc,Industrials,Electrical Equipment & Parts,17.87,13.39,2.28,6.27,-6.709999999999999,-1.03,4.38,-13.4,-5.73,1.17,-26.729999999999997,2.3,2680000.0,3.79,12.99,Jul 29/b,17.92,2760000000.0,HIGH,-10.91,0.93,3.78,-5.62,0.1888,False,-4.67,False,-10.51,2.697,2.425,-1.5174,-25.41,1.773,32.0,-19.27,37.0,-14.03,12.99,35860775.0,,,38.0,0.8558897243107769,0.38596491228070173,0.4448621553884712,0.8922305764411027,0.9154135338345865,0.3233082706766917,0.3458646616541353,0.6363,0.5464,0.7467
UE,Urban Edge Properties,Real Estate,REIT - Retail,37.44,41.22,-69.32,7.62,-60.089999999999996,-1.9799999999999998,2.85,-10.15,-3.66,1.01,-17.01,2.33,904280.0,1.74,20.01,Aug 06/a,24.17,2670000000.0,HIGH,-6.63,-2.77,1.91,-1.34,0.1042,False,-4.45,False,-8.62,1.694,1.699,-0.7204,-16.35,1.151,46.0,-12.04,30.0,-7.1,20.01,17168339.0,,,20.8,0.993734335839599,0.6284461152882206,0.8157894736842105,0.4793233082706767,0.5018796992481203,0.39097744360902253,0.5200501253132832,0.635,0.6033,0.5915
VOR,Vor Biopharma Inc,Healthcare,Biotechnology,,,99.54,,-10.1,20.34,23.64,47.69,62.49,1.77,-57.16,1.33,1150000.0,3.24,21.4,Aug 12/a,39.0,1270000000.0,HIGH,-8.39,-7.28,3.99,-3.1,0.1848,False,-7.5,False,-1.92,5.689,3.598,-3.713,-17.69,1.852,10.0,-11.72,26.0,-4.21,21.4,21263603.0,,,82.2,0.24561403508771928,0.5902255639097744,0.4743107769423559,0.9147869674185464,0.9279448621553885,0.6553884711779449,0.4649122807017544,0.6347,0.6066,0.6859
CHEF,Chefs' Warehouse Inc,Consumer Defensive,Food Distribution,52.71,36.04,55.46,12.920000000000002,-6.52,-1.21,13.64,16.19,84.72,1.45,-5.78,1.44,648060.0,1.55,110.85,Jul 29/b,120.33,4520000000.0,HIGH,0.22,-1.76,1.41,5.51,0.083,False,-0.69,True,3.42,3.733,1.723,-2.3956,-5.78,0.988,13.0,-1.44,37.0,10.65,110.85,79397148.0,,,8.6,0.5952380952380952,0.9429824561403509,0.900375939849624,0.2901002506265664,0.2606516290726817,0.8126566416040101,0.8220551378446115,0.6337,0.6771,0.4897
IMMR,Immersion Corp,Technology,Software - Application,21.61,,705.96,0.8100000000000002,-7.44,13.29,8.28,7.93,18.78,0.99,-10.43,2.0,578170.0,1.1,7.21,Sep 14/b,13.5,239420000.0,HIGH,-3.99,0.0,1.64,1.3,0.1038,False,-3.65,False,-1.52,3.17,3.883,-2.1999,-10.43,1.126,16.0,-6.24,5.0,0.0,7.21,2886935.0,,,87.2,0.6591478696741855,0.8157894736842105,0.8201754385964912,0.45112781954887216,0.38721804511278196,0.6666666666666666,0.649749373433584,0.6334,0.6221,0.541
OPLN,Openlane Inc,Consumer Cyclical,Auto & Truck Dealerships,,19.8,108.57999999999998,15.130000000000003,-45.65,6.4,2.68,-9.98,26.13,1.28,-20.12,1.67,1220000.0,2.1,34.27,Aug 04/b,46.22,4210000000.0,HIGH,2.6,-3.41,2.22,7.89,0.0649,False,-1.65,False,-7.2,2.451,1.226,-1.4925,-20.12,1.066,,,33.0,-14.43,34.27,40178146.0,,,34.9,0.8640350877192983,0.5338345864661654,0.9461152882205514,0.37593984962406013,0.6309523809523809,0.4423558897243108,0.8703007518796992,0.6322,0.8212,0.5783
XMAX,XMax Inc,Consumer Cyclical,"Furnishings, Fixtures & Appliances",20.03,,2619.43,7.06,,19.38,14.46,5.59,30.680000000000003,1.23,-7.55,,908080.0,0.83,8.69,-,,560710000.0,HIGH,0.93,-1.59,1.33,6.22,0.0961,False,-1.16,False,-0.89,2.088,1.611,-1.6571,-7.55,0.988,29.0,-4.4,,,8.69,4936536.0,,,,0.8220551378446115,0.9022556390977443,0.8571428571428572,0.2901002506265664,0.21804511278195488,0.6954887218045113,0.8345864661654135,0.6308,0.6564,0.5064
SHOO,Steven Madden Ltd,Consumer Cyclical,Footwear & Accessories,21.11,15.16,168.98,19.12,-2.81,-3.06,5.45,-4.71,26.839999999999996,1.19,-15.27,1.58,1080000.0,2.29,42.11,Jul 30/b,52.4,3080000000.0,HIGH,-8.62,-0.54,2.39,-3.33,0.1511,False,-2.46,False,-5.52,3.711,2.019,-2.2645,-15.27,1.353,33.0,-11.68,36.0,-2.97,42.11,44150358.0,,,24.4,0.6365914786967418,0.6622807017543859,0.6083959899749374,0.6829573934837093,0.6885964912280702,0.5043859649122807,0.4548872180451128,0.6305,0.5711,0.6281
GDYN,Grid Dynamics Holdings Inc,Technology,Information Technology Services,221.93,14.41,-43.61,6.99,-0.08,-8.64,7.57,34.1,27.140000000000004,0.96,-25.66,1.33,1920000.0,0.89,7.59,Jul 30/a,9.2,615750000.0,HIGH,-5.12,-7.78,1.7,0.17,0.0783,False,-4.44,True,4.86,3.811,6.851,-2.2663,-9.96,0.806,5.0,-4.89,35.0,10.16,7.59,8022660.0,,,21.2,0.6353383458646616,0.8320802005012531,0.918546365914787,0.13659147869674185,0.41290726817042606,0.8427318295739349,0.5939849624060151,0.6297,0.637,0.5069
ENR,Energizer Holdings Inc,Industrials,Electrical Equipment & Parts,18.19,6.33,-72.92,1.21,12.619999999999997,1.26,12.01,-0.65,26.810000000000002,0.77,-28.449999999999996,3.0,1030000.0,1.84,21.38,Aug 04/b,21.2,1460000000.0,HIGH,-0.42,5.48,1.96,4.87,0.129,True,1.08,True,0.47,3.832,2.83,-2.3143,-8.04,0.986,27.0,-4.47,33.0,1.23,21.38,20533560.0,,,-0.8,0.6190476190476191,0.8878446115288221,0.713032581453634,0.287593984962406,0.5175438596491229,0.7493734335839599,0.7969924812030075,0.6291,0.688,0.5434
UNIT,Uniti Group Inc,Real Estate,REIT - Specialty,3.54,,-809.52,202.5,0.0,-1.33,10.07,-18.81,19.32,1.41,-26.96,2.78,2270000.0,1.82,9.45,Jul 30/b,10.84,2290000000.0,HIGH,-5.22,-2.78,2.18,0.07,0.0909,False,-4.77,False,-6.76,3.299,3.122,-1.7698,-18.87,1.156,,,36.0,1.72,9.45,18690614.0,,,14.7,0.7882205513784462,0.5607769423558897,0.8790726817042607,0.4824561403508772,0.6040100250626567,0.4573934837092732,0.5914786967418546,0.6287,0.6815,0.583
COLD,Americold Realty Trust Inc,Real Estate,REIT - Industrial,,124.07,-22229.63,1.87,-0.08,-7.17,9.3,2.42,25.2,0.93,-14.63,2.59,3980000.0,1.84,14.41,Aug 06/b,16.38,4110000000.0000005,HIGH,-5.51,-3.74,1.91,-0.22,0.1324,False,-1.94,False,-2.7,3.655,3.678,-2.163,-14.63,1.233,18.0,-4.63,31.0,2.71,14.41,56418062.0,,,13.7,0.6716791979949874,0.6917293233082706,0.6929824561403508,0.5808270676691729,0.5018796992481203,0.6278195488721805,0.5833333333333334,0.6278,0.5918,0.5956
CCC,CCC Intelligent Solutions Holdings Inc,Technology,Software - Application,92.91,12.51,81.12,9.78,-0.02,0.95,9.42,48.53,7.200000000000001,0.47,-33.37,1.69,10450000.0,2.41,6.55,Jul 30/b,8.75,3860000000.0,HIGH,-12.2,-3.11,2.39,-6.91,0.2208,False,-7.66,False,-2.06,4.876,2.824,-2.6964,-14.71,1.645,16.0,-10.27,36.0,8.26,6.55,73475709.0,,,33.6,0.531328320802005,0.6835839598997494,0.3571428571428571,0.843358395989975,0.6885964912280702,0.6516290726817042,0.2857142857142857,0.6259,0.428,0.6787
AMC,AMC Entertainment Holdings Inc,Communication Services,Entertainment,,,-46.3,14.219999999999999,4.9,27.32,4.23,-4.59,162.14,2.01,-15.09,2.33,37770000.0,1.79,2.7,Jul 20/b,2.97,2410000000.0,HIGH,5.88,8.0,2.75,11.17,0.1435,True,4.29,True,8.69,5.688,4.444,-3.2172,-10.89,0.952,2.0,1.5,44.0,39.18,2.7,64020207.0,,,10.0,0.3659147869674185,0.8076441102756893,0.6353383458646616,0.2644110275689223,0.7769423558897243,0.9022556390977443,0.9122807017543859,0.6254,0.7886,0.5774
PBH,Prestige Consumer Healthcare Inc,Healthcare,Drug Manufacturers - Specialty & Generic,12.59,8.76,-35.65,6.480000000000001,-0.32,2.38,9.82,-4.26,-25.120000000000005,0.34,-36.72,1.71,561940.0,3.6,44.97,Aug 06/b,67.25,2130000000.0,HIGH,-12.36,-5.56,3.7,-7.07,0.2114,False,-9.89,False,-10.91,3.602,3.38,-1.8971,-19.68,1.646,32.0,-13.52,31.0,-15.12,44.97,26702884.0,,,49.5,0.7568922305764411,0.5426065162907269,0.38972431077694236,0.8446115288220551,0.9072681704260651,0.3082706766917293,0.2807017543859649,0.6249,0.5014,0.7043
MIAX,Miami International Holdings Inc,Financial,Capital Markets,49.96,20.2,34.81,18.26,-11.65,30.97,7.82,3.03,-0.59,1.69,-32.11,2.14,1670000.0,4.14,38.79,Aug 05/a,51.4,3850000000.0,HIGH,-8.92,-7.13,4.28,-3.63,0.1894,False,-7.45,False,-9.47,4.52,4.615,-2.7522,-18.34,1.818,35.0,-15.67,31.0,-14.67,38.79,66323477.0,,,32.5,0.5100250626566416,0.575187969924812,0.4423558897243107,0.9010025062656641,0.9423558897243107,0.36779448621553884,0.4348370927318296,0.6231,0.5893,0.6803
MLYS,Mineralys Therapeutics Inc,Healthcare,Biotechnology,,,-330.32,,-0.11,12.12,15.39,13.76,20.36,0.65,-41.2,1.22,1110000.0,3.42,28.02,Aug 11/a,48.5,2480000000.0,HIGH,9.24,-3.21,2.87,14.53,0.2552,True,1.51,True,3.3,6.246,2.677,-4.4964,-12.41,1.942,9.0,-0.67,27.0,3.59,28.02,37295442.0,,,73.1,0.14536340852130325,0.7575187969924813,0.2894736842105263,0.9323308270676691,0.8038847117794486,0.8095238095238095,0.9486215538847118,0.623,0.7075,0.6728
ARVN,Arvinas Inc,Healthcare,Biotechnology,51.68,,407.54,1014.7299999999999,-0.79,1.14,8.04,8.08,-25.78,1.8,-42.87,2.31,803880.0,2.21,8.29,Aug 04/b,13.93,542050000.0,HIGH,-11.53,-1.31,2.17,-6.24,0.218,False,-7.5,False,-4.66,3.989,1.93,-2.1793,-14.89,1.756,24.0,-7.58,33.0,2.85,8.29,7164491.0,,,68.0,0.6641604010025063,0.6754385964912281,0.37092731829573933,0.8859649122807017,0.600250626566416,0.5388471177944862,0.31203007518796994,0.6226,0.4162,0.6723
EQPT,Equipmentshare.Com Inc,Industrials,Rental & Leasing Services,232.65,24.91,29.24,26.33,-1.33,6.6000000000000005,13.15,-31.5,-20.71,,-49.21,1.75,2950000.0,3.7,18.03,Aug 12/a,33.2,4580000000.0,HIGH,-2.59,0.67,4.13,2.7,0.1409,False,-0.7,False,-3.39,5.822,4.825,-3.3836,-20.75,1.414,24.0,-12.6,26.0,-12.81,18.03,47831292.0,,,84.1,0.3132832080200501,0.5137844611528822,0.6491228070175439,0.7261904761904762,0.9373433583959899,0.5939849624060151,0.7080200501253133,0.6223,0.7591,0.6427
SBGI,Sinclair Inc,Communication Services,Broadcasting,16.98,,-14.529999999999998,7.139999999999999,-0.29,4.01,8.95,-4.32,-1.28,1.1,-26.85,3.0,516980.0,2.16,13.08,Aug 05/a,18.17,945920000.0,HIGH,-9.23,-9.1,2.6,-3.94,0.1083,False,-6.59,False,-6.78,3.495,4.128,-1.9501,-19.75,1.13,25.0,-8.4,31.0,-5.97,13.08,5977920.0,,,38.9,0.731829573934837,0.5401002506265664,0.8038847117794486,0.4523809523809524,0.7462406015037594,0.45551378446115287,0.42105263157894735,0.6217,0.6335,0.5965
YETI,YETI Holdings Inc,Consumer Cyclical,Leisure,18.37,12.59,53.55,8.52,0.0,-4.48,10.97,-13.8,15.869999999999997,1.68,-21.82,1.78,1490000.0,2.38,42.21,Aug 13/b,54.87,3080000000.0,HIGH,-3.54,3.38,2.09,1.75,0.1082,True,2.36,False,-8.4,3.186,2.985,-1.9005,-21.82,1.403,29.0,-19.14,26.0,-7.17,42.21,70278766.0,,,30.0,0.7543859649122807,0.47117794486215536,0.8057644110275689,0.7192982456140351,0.5770676691729323,0.39786967418546365,0.6666666666666666,0.6209,0.6815,0.6122
RPC,Ridgepost Capital Inc,Financial,Asset Management,32.66,6.76,115.43999999999998,11.29,0.01,-2.72,9.74,-3.44,4.38,0.75,-35.72,1.75,541650.0,2.45,7.87,Aug 05/b,12.75,867590000.0,HIGH,-10.16,-2.24,2.41,-4.87,0.168,False,-5.77,False,-7.49,3.571,2.922,-1.62,-17.25,1.275,34.0,-8.7,32.0,-11.47,7.87,4573288.0,,,62.0,0.8295739348370927,0.5977443609022557,0.5488721804511278,0.6115288220551378,0.6973684210526315,0.4298245614035088,0.37719298245614036,0.6192,0.5247,0.6421
FATE,Fate Therapeutics Inc,Healthcare,Biotechnology,,,12.839999999999998,9.18,-2.39,-1.8900000000000001,7.98,21.05,134.26,2.52,-21.67,1.91,2750000.0,1.52,2.53,Aug 13/b,6.19,303150000.0,HIGH,8.58,8.12,2.89,13.87,0.1309,True,3.71,False,-1.3,5.138,5.138,-2.8588,-21.67,1.223,51.0,-13.65,26.0,0.4,2.53,3578986.0,,,144.7,0.48120300751879697,0.4724310776942356,0.7005012531328321,0.568295739348371,0.8076441102756893,0.6804511278195489,0.9461152882205514,0.6184,0.8309,0.6344
MLKN,MillerKnoll Inc,Consumer Cyclical,"Furnishings, Fixtures & Appliances",15.62,8.78,140.38,4.41,0.0,-0.62,5.91,25.21,15.42,1.35,-16.39,2.0,733500.0,2.28,20.66,Sep 22/b,35.0,1420000000.0,HIGH,-10.29,-2.82,2.73,-5.0,0.1755,False,-6.62,False,-8.05,3.81,3.582,-1.8412,-16.39,1.276,30.0,-12.75,,,20.66,13425749.0,,,69.4,0.7731829573934837,0.6240601503759399,0.512531328320802,0.6134085213032582,0.7713032581453634,0.4141604010025063,0.37218045112781956,0.6181,0.534,0.643
VCEL,Vericel Corp,Healthcare,Biotechnology,86.59,46.25,483.64000000000004,22.48,-17.46,0.4,9.41,-0.2,22.24,1.03,-18.86,1.25,555820.0,2.03,40.02,Jul 30/b,60.57,2049999999.9999998,HIGH,-6.23,1.06,2.12,-0.94,0.1402,False,-1.01,False,-7.88,3.202,1.599,-1.7767,-18.86,1.378,52.0,-14.76,36.0,-14.16,40.02,21496043.0,,,51.3,0.7857142857142857,0.5626566416040101,0.6510025062656641,0.6992481203007519,0.5877192982456141,0.42105263157894735,0.5369674185463659,0.6179,0.5864,0.6234
HASI,HA Sustainable Infrastructure Capital Inc,Financial,Asset Management,71.54,11.03,21.14,40.97,0.0,3.29,11.0,-5.97,-0.08,1.42,-16.77,1.44,982170.0,2.36,36.73,Aug 06/a,49.33,4720000000.0,HIGH,-6.97,-0.3,2.02,-1.68,0.1419,False,-4.89,False,-5.93,3.006,2.695,-1.5963,-14.68,1.161,28.0,-9.47,30.0,-3.95,36.73,44229526.0,,,34.3,0.8358395989974937,0.6860902255639098,0.6416040100250626,0.4943609022556391,0.5507518796992481,0.49122807017543857,0.5081453634085213,0.6166,0.561,0.593
TIC,TIC Solutions Inc,Industrials,Specialty Business Services,,,-3105.26,86.14,0.0,0.79,14.68,7.6,17.82,2.77,-39.37,1.57,1970000.0,1.72,9.06,Aug 06/b,12.25,1980000000.0,HIGH,-4.73,-3.92,2.19,0.56,0.1093,False,-3.68,True,4.61,4.514,3.201,-2.9864,-16.38,1.083,31.0,10.76,31.0,10.76,9.06,14455363.0,,,35.2,0.424812030075188,0.6259398496240601,0.8020050125313283,0.39285714285714285,0.6083959899749374,0.8358395989974937,0.6152882205513784,0.615,0.6692,0.5655
ANGX,Angel Studios Inc,Communication Services,Entertainment,,,51.96999999999999,,1.6200000000000003,11.99,5.76,64.69,73.36,-0.24,-46.5,1.0,1520000.0,2.48,5.27,Aug 04/a,8.5,984210000.0,HIGH,22.27,-3.83,2.2,27.56,0.3593,True,10.16,True,18.55,6.743,8.539,-4.0668,-8.35,1.825,9.0,15.07,32.0,24.29,5.27,8482128.0,,,61.3,0.19298245614035087,0.8809523809523809,0.11528822055137844,0.9072681704260651,0.6146616541353384,0.9736842105263158,0.9887218045112782,0.6141,0.6145,0.6721
GOLD,Gold.com Inc,Financial,Capital Markets,15.56,9.94,-2.15,99.24,5.68,2.48,17.07,9.9,5.6,0.7,-30.39,1.0,519750.0,2.74,45.46,Sep 02/a,64.4,1330000000.0,HIGH,-1.62,-3.93,1.85,3.67,0.155,False,-1.24,True,4.88,6.167,5.064,-4.031,-9.24,1.388,9.0,-1.45,11.0,9.59,45.46,35115795.0,,,41.7,0.20175438596491227,0.8471177944862155,0.5952380952380952,0.7111528822055138,0.474937343358396,0.8446115288220551,0.7531328320802005,0.6125,0.6223,0.5581
PRVA,Privia Health Group Inc,Healthcare,Health Information Services,92.11,47.58,228.23,21.39,-6.39,2.48,4.6,-16.14,-8.82,0.8,-31.120000000000005,1.16,1230000.0,2.24,19.85,Aug 06/b,31.67,2540000000.0,HIGH,-6.01,-4.93,2.29,-0.72,0.0674,False,-3.82,False,-12.89,2.981,2.035,-1.0607,-31.12,1.291,49.0,-27.79,31.0,-9.77,19.85,24797688.0,,,59.5,0.9423558897243107,0.2706766917293233,0.943609022556391,0.6265664160401002,0.6591478696741855,0.23182957393483708,0.5520050125313283,0.6124,0.7016,0.615
SLG,SL Green Realty Corp,Real Estate,REIT - Office,,,-130.2,5.63,-0.7,-2.6,15.28,3.01,31.35,1.66,-18.09,2.41,976400.0,2.04,52.08,Jul 22/a,58.41,3980000000.0,HIGH,-9.35,0.19,2.49,-4.06,0.2,False,-4.97,False,-3.9,3.23,2.4,-1.8888,-13.33,1.137,19.0,-9.35,41.0,3.91,52.08,43580448.0,,,12.2,0.7593984962406015,0.7324561403508771,0.4235588972431078,0.47117794486215536,0.7174185463659147,0.5676691729323309,0.41228070175438597,0.6119,0.5072,0.6289
AURA,Aura Biosciences Inc,Healthcare,Biotechnology,,,-3.3099999999999996,,-16.19,41.92,9.16,1.58,-2.13,0.41,-32.46,1.0,683870.0,5.52,6.44,Aug 11/b,16.6,667860000.0,HIGH,-17.44,-8.13,4.54,-12.15,0.2314,False,-11.55,False,-11.81,5.407,4.658,-1.9624,-23.02,2.025,23.0,-16.15,28.0,-16.36,6.44,5899255.0,,,157.8,0.7268170426065163,0.44110275689223055,0.33959899749373434,0.9423558897243107,0.9479949874686717,0.2719298245614035,0.14598997493734336,0.6116,0.4447,0.7223
ACHV,Achieve Life Sciences Inc,Healthcare,Biotechnology,,,-118.04999999999998,,-0.06,51.62,23.56,64.54,95.11,2.31,-7.64,1.0,1860000.0,1.52,7.98,Aug 11/b,14.27,821160000.0,HIGH,-0.13,10.37,1.77,5.16,0.2194,True,1.2,True,11.91,5.138,3.634,-3.2124,-7.64,1.303,22.0,6.12,28.0,19.64,7.98,12532493.0,,,78.8,0.36967418546365916,0.899749373433584,0.3621553884711779,0.6416040100250626,0.4473684210526316,0.9373433583959899,0.8020050125313283,0.6096,0.5637,0.599
KN,Knowles Corp,Technology,Electronic Components,45.86,21.98,137.75,14.32,-19.19,0.91,5.04,-14.069999999999999,43.46,1.6,-17.19,1.8,960370.0,1.72,35.55,Jul 23/a,45.0,3040000000.0,HIGH,6.69,2.72,2.12,11.98,0.1109,True,2.19,False,-1.8,3.11,2.644,-2.2667,-15.82,1.033,33.0,-5.15,40.0,-5.4,35.55,27046994.0,,,26.6,0.6340852130325815,0.6397243107769424,0.7926065162907268,0.3433583959899749,0.5877192982456141,0.6597744360902256,0.9197994987468672,0.6095,0.782,0.5562
XNCR,Xencor Inc,Healthcare,Biotechnology,,,30.990000000000002,17.46,-0.77,-0.91,21.31,95.57,103.95999999999998,0.9,-19.24,1.5,1200000.0,4.33,24.72,Aug 05/a,30.75,1840000000.0,HIGH,-11.08,0.77,3.42,-5.79,0.2843,False,-5.83,True,9.07,5.141,3.621,-3.4848,-19.24,1.558,20.0,-8.44,31.0,24.6,24.72,39827880.0,,,24.4,0.2882205513784461,0.5532581453634086,0.21177944862155385,0.8126566416040101,0.8784461152882206,0.9085213032581454,0.3358395989974937,0.6088,0.4614,0.722
TMDX,Transmedics Group Inc,Healthcare,Medical Devices,22.48,37.58,-55.84,20.7,-0.62,-4.99,24.23,9.68,-24.01,1.92,-44.6,1.75,913670.0,1.58,86.42,Aug 04/a,97.3,3000000000.0,HIGH,-8.81,0.65,1.97,-3.52,0.1671,False,-1.75,True,3.88,5.245,3.437,-2.7051,-9.2,1.062,20.0,-4.88,32.0,12.98,86.42,63923473.0,,,12.6,0.5263157894736842,0.8483709273182958,0.5551378446115288,0.37030075187969924,0.5256892230576441,0.8258145363408521,0.4423558897243108,0.6086,0.5012,0.562
BDN,Brandywine Realty Trust,Real Estate,REIT - Office,,,64.61,6.92,0.4,1.87,6.93,-6.15,0.69,1.28,-37.3,3.8,1980000.0,1.98,2.9,Jul 22/a,3.0,507770000.0,HIGH,-4.29,-1.36,2.08,1.0,0.138,False,-4.43,False,-5.67,3.005,4.138,-2.1034,-13.43,1.161,18.0,-8.81,41.0,-5.54,2.9,5711047.0,,,3.4,0.6842105263157895,0.7286967418546366,0.6641604010025063,0.4943609022556391,0.5739348370927319,0.5,0.6403508771929824,0.6076,0.6276,0.5631
NTST,Netstreit Corp,Real Estate,REIT - Retail,129.14,42.31,52.629999999999995,26.8,-0.11,13.44,14.2,-5.36,-7.8100000000000005,0.8,-19.14,1.58,2020000.0,1.68,18.17,Jul 22/a,23.03,1850000000.0,HIGH,-10.71,-6.92,2.94,-5.42,0.1678,False,-8.77,False,-12.29,2.408,1.899,-1.4406,-19.14,1.244,46.0,-14.49,41.0,-15.84,18.17,22581165.0,,,26.7,0.87468671679198,0.5551378446115288,0.5507518796992481,0.5908521303258145,0.8170426065162907,0.25626566416040103,0.3533834586466165,0.6075,0.5517,0.6347
AMBQ,Ambiq Micro Inc,Technology,Semiconductors,,,29.770000000000003,89.68,-11.08,35.04,9.04,-27.65,152.64,5.41,-28.54,1.67,564870.0,5.0,65.46,Aug 11/b,85.67,1580000000.0,HIGH,10.91,9.81,5.15,16.2,0.1733,True,9.7,True,0.36,5.307,4.705,-3.9689,-28.0,1.692,1.0,4.99,28.0,2.41,65.46,33563082.0,,,30.9,0.21052631578947367,0.3308270676691729,0.5219298245614035,0.8671679197994987,0.9649122807017544,0.7456140350877193,0.9636591478696742,0.6068,0.8315,0.6971
FDMT,4D Molecular Therapeutics Inc,Healthcare,Biotechnology,,,-6.2,25106.67,-6.800000000000001,16.37,23.96,57.56,69.49,2.73,-10.1,1.27,938720.0,1.9,15.22,Aug 13/a,28.0,840820000.0,HIGH,-3.85,10.61,2.06,1.44,0.2103,True,4.36,True,19.5,5.898,5.959,-3.2404,-10.1,1.181,25.0,30.64,25.0,30.64,15.22,12748950.0,,,84.0,0.3533834586466165,0.8270676691729323,0.39536340852130325,0.518170426065163,0.5645363408521303,0.9774436090225563,0.6572681704260651,0.606,0.5509,0.6034
HRI,Herc Holdings Inc,Industrials,Rental & Leasing Services,92.13,12.32,148.62,20.16,0.43,0.56,6.66,-12.8,31.180000000000003,2.04,-28.190000000000005,1.67,542000.0,10.38,135.26,Jul 28/b,197.3,4520000000.0,HIGH,-16.45,-3.67,6.93,-11.16,0.2199,False,-7.34,False,-12.11,5.497,4.702,-2.3952,-23.15,2.785,25.0,-19.83,38.0,-8.76,135.26,115028568.0,,,45.9,0.5964912280701754,0.43859649122807015,0.35964912280701755,0.9824561403508771,0.993734335839599,0.2644110275689223,0.17669172932330826,0.6059,0.4767,0.7093
PRGS,Progress Software Corp,Technology,Software - Infrastructure,19.37,6.4,29.14,6.79,-3.4799999999999995,5.63,11.4,35.14,26.05,0.88,-15.329999999999998,1.0,667400.0,2.01,40.11,Sep 30/a,58.5,1650000000.0,HIGH,-9.58,-7.0,2.5,-4.29,0.1719,False,-6.84,False,-4.07,5.034,2.618,-3.1795,-13.48,1.393,14.0,-10.39,,,40.11,23125261.0,,,45.8,0.37719298245614036,0.7243107769423559,0.531328320802005,0.7142857142857143,0.7218045112781954,0.5614035087719298,0.40100250626566414,0.6051,0.5363,0.5937
BFAM,Bright Horizons Family Solutions Inc,Consumer Cyclical,Personal Services,20.77,11.15,-17.28,6.509999999999999,-1.54,-2.29,5.39,2.1,-14.790000000000001,1.17,-41.58,2.27,850630.0,2.81,65.67,Jul 30/a,89.44,3190000000.0,HIGH,-9.89,-1.79,2.76,-4.6,0.2127,False,-6.36,False,-9.86,3.755,2.269,-1.832,-20.91,1.586,39.0,-13.33,35.0,-11.9,65.67,59748798.0,,,36.2,0.7756892230576441,0.5119047619047619,0.3872180451127819,0.8245614035087719,0.7800751879699248,0.3483709273182957,0.38847117794486213,0.6046,0.5056,0.6822
MFIC,MidCap Financial Investment Corp,Financial,Asset Management,,7.23,-209.22,6.860000000000001,0.0,,3.49,-9.16,-17.02,0.67,-27.839999999999996,2.5,534550.0,1.71,9.02,Aug 06/b,10.41,743000000.0,HIGH,-7.58,-0.77,1.88,-2.29,0.1298,False,-4.23,False,-5.96,2.265,4.213,-1.3114,-12.0,0.955,,,31.0,-4.85,9.02,4576297.0,,,15.4,0.8984962406015038,0.768170426065163,0.7080200501253133,0.2656641604010025,0.48872180451127817,0.48872180451127817,0.49122807017543857,0.603,0.5555,0.5354
ORC,Orchid Island Capital Inc,Real Estate,REIT - Mortgage,4.05,5.84,251.29999999999998,95.82,0.0,2.48,10.28,-9.85,-15.410000000000002,1.57,-28.1,3.0,4890000.0,1.43,6.04,Jul 23/a,7.5,1210000000.0,HIGH,-9.85,-3.05,1.48,-4.56,0.1511,False,-6.51,False,-8.05,2.129,1.656,-0.9057,-13.96,1.265,22.0,-9.45,40.0,-7.65,6.04,30285593.0,,,24.2,0.9674185463659147,0.7130325814536341,0.6083959899749374,0.6058897243107769,0.29887218045112784,0.4141604010025063,0.39223057644110276,0.6013,0.4291,0.5716
OLLI,Ollies Bargain Outlet Holdings Inc,Consumer Defensive,Discount Stores,16.95,15.35,42.99,9.09,-5.81,3.58,13.11,-1.39,-25.46,0.43,-45.52,1.47,1930000.0,1.13,75.84,Sep 02/b,99.93,4510000000.0,HIGH,-0.3,-1.53,1.15,4.99,0.0966,True,1.97,True,3.81,5.151,3.613,-3.064,-7.29,1.123,30.0,-2.73,12.0,4.84,75.84,141017149.0,,,31.8,0.40350877192982454,0.9122807017543859,0.8558897243107769,0.44862155388471175,0.15037593984962405,0.8233082706766918,0.7994987468671679,0.599,0.6217,0.4565
ADNT,Adient plc,Consumer Cyclical,Auto Parts,29.57,5.91,-26.6,5.03,-1.81,-2.27,8.45,-14.800000000000002,-10.62,1.6,-35.29,1.69,967870.0,3.38,17.68,Aug 05/b,26.1,1360000000.0,HIGH,-11.64,-5.76,3.44,-6.35,0.1233,False,-6.26,False,-9.8,4.965,4.695,-3.0571,-21.25,1.41,36.0,-18.07,32.0,-13.84,17.68,17746696.0,,,47.6,0.40601503759398494,0.4924812030075188,0.7380952380952381,0.7243107769423559,0.8809523809523809,0.35150375939849626,0.30701754385964913,0.5989,0.6085,0.5907
OII,Oceaneering International Inc,Energy,Oil & Gas Equipment & Services,13.33,19.61,20.2,10.03,-6.08,3.35,6.61,28.37,31.989999999999995,1.25,-14.67,3.0,1080000.0,2.46,46.29,Jul 22/a,46.0,4610000000.0,HIGH,-12.66,-0.58,2.81,-7.37,0.1692,False,-7.13,False,-5.23,4.142,2.765,-2.9715,-14.67,1.265,24.0,-11.32,41.0,2.87,46.29,46733928.0,,,-0.6,0.43358395989974935,0.6879699248120301,0.5463659147869675,0.6058897243107769,0.793859649122807,0.5219298245614035,0.2681704260651629,0.5983,0.5093,0.5888
NRDS,Nerdwallet Inc,Communication Services,Internet Content & Information,10.17,9.22,-38.88,5.56,-10.28,-3.7000000000000006,12.67,8.0,-11.88,1.25,-44.27,2.0,683050.0,1.51,9.05,Aug 06/a,11.8,578500000.0,HIGH,-8.4,-4.74,1.6,-3.11,0.1272,False,-6.37,False,-5.0,2.96,1.713,-1.6399,-12.39,1.08,19.0,-8.4,30.0,2.38,9.05,6227357.0,,,30.4,0.8258145363408521,0.7593984962406015,0.7205513784461153,0.3890977443609023,0.36654135338345867,0.525062656641604,0.4630325814536341,0.5977,0.5113,0.5266
CNXC,Concentrix Corp,Technology,Information Technology Services,,2.41,36.61,1.87,-30.39,2.9,19.81,11.12,-12.689999999999998,0.49,-51.84000000000001,1.83,1750000.0,3.14,27.87,Sep 29/a,33.75,1700000000.0,HIGH,9.72,-4.78,3.62,15.01,0.2964,False,-3.54,True,5.8,7.233,5.095,-4.0989,-17.64,1.662,18.0,7.07,,,27.87,43669783.0,,,21.1,0.18922305764411027,0.5927318295739349,0.1942355889724311,0.8546365914786967,0.8991228070175439,0.8558897243107769,0.9530075187969925,0.5976,0.7092,0.6997
GTM,ZoomInfo Technologies Inc,Technology,Software - Application,,3.38,-3081.86,1.21,-0.11,-10.94,15.68,35.94,-35.8,0.86,-68.97,3.36,8199999.999999999,1.84,3.82,Aug 05/a,4.63,1110000000.0,HIGH,-3.78,-8.83,2.83,1.51,0.1643,False,-4.56,True,3.42,5.95,7.068,-3.8513,-12.49,1.112,26.0,-1.04,31.0,4.37,3.82,21391258.0,,,21.2,0.22305764411027568,0.7518796992481203,0.5639097744360902,0.4317042606516291,0.7969924812030075,0.8126566416040101,0.6591478696741855,0.5967,0.6719,0.5661
AVNT,Avient Corp,Basic Materials,Specialty Chemicals,21.84,11.43,22.25,5.83,0.0,2.46,4.28,7.17,25.97,1.3,-13.459999999999999,1.56,867530.0,1.22,40.36,Aug 06/b,50.75,3700000000.0,HIGH,-9.63,-1.94,1.49,-4.34,0.1453,False,-5.66,False,-1.49,2.913,1.685,-1.3413,-13.46,1.045,26.0,-10.96,31.0,6.43,40.36,30193833.0,,,25.7,0.8947368421052632,0.7255639097744361,0.6296992481203008,0.35526315789473684,0.30388471177944865,0.6691729323308271,0.39974937343358397,0.5964,0.44,0.5558
HCC,Warrior Met Coal Inc,Basic Materials,Coking Coal,21.15,10.71,1451.22,70.56,-11.59,3.16,7.79,-2.93,-2.97,0.72,-21.08,1.67,666740.0,3.0,87.93,Aug 05/a,108.71,4640000000.0,HIGH,-17.61,-7.89,3.08,-12.32,0.2565,False,-13.74,False,-5.29,5.146,2.866,-2.4032,-21.08,1.616,12.0,-17.23,31.0,4.31,87.93,64457361.0,,,23.6,0.5939849624060151,0.5025062656641605,0.2857142857142857,0.8333333333333334,0.8427318295739349,0.5156641604010025,0.13972431077694236,0.5957,0.3944,0.6964
GTN,Gray Media Inc,Communication Services,Broadcasting,,,129.52,8.68,-0.33,-4.76,5.9,17.15,1.14,1.02,-31.0,2.0,1190000.0,1.76,4.44,Aug 07/b,6.67,463760000.0,HIGH,-10.12,-9.76,2.21,-4.83,0.1107,False,-8.16,False,-2.59,4.44,5.405,-2.1876,-18.83,0.995,30.0,3.74,30.0,3.74,4.44,4541943.0,,,50.2,0.6616541353383458,0.5639097744360902,0.7944862155388471,0.29699248120300753,0.6234335839598998,0.631578947368421,0.38283208020050125,0.5953,0.5785,0.5534
ASAN,Asana Inc,Technology,Software - Application,,20.91,17.05,9.9,-0.16,3.5900000000000003,28.52,37.43,42.37,1.16,-38.57,2.71,5970000.0,2.37,9.51,Sep 03/a,10.08,2180000000.0,HIGH,-0.73,-1.55,1.85,4.56,0.2458,True,0.03,True,8.27,6.725,6.887,-5.0383,-9.51,2.083,16.0,0.74,10.0,7.95,9.51,72952397.0,,,6.0,0.10526315789473684,0.8421052631578947,0.3070175438596491,0.9461152882205514,0.474937343358396,0.8959899749373433,0.7838345864661654,0.5952,0.5481,0.6056
SXC,SunCoke Energy Inc,Basic Materials,Coking Coal,,26.0,587.84,9.49,0.0,9.54,4.89,9.84,52.33,0.99,-11.14,2.0,1390000.0,1.54,9.49,Jul 30/b,9.5,805460000.0,HIGH,-2.06,-0.52,2.06,3.23,0.1359,False,-4.76,True,1.37,3.65,4.004,-2.2914,-11.14,0.798,12.0,-7.05,36.0,12.31,9.49,10323788.0,,,0.1,0.6240601503759399,0.7982456140350878,0.6754385964912281,0.13283208020050125,0.5645363408521303,0.7744360902255639,0.7293233082706767,0.5949,0.6637,0.524
STAA,Staar Surgical Co,Healthcare,Medical Instruments & Supplies,313.08,38.53,146.1,111.04,0.0,-0.9399999999999998,14.06,-28.499999999999996,19.18,1.19,-41.96,2.82,909290.0,6.32,20.82,Aug 12/a,28.44,1040000000.0,HIGH,-10.03,-9.75,5.51,-4.74,0.1414,False,-8.9,False,-13.58,5.074,3.314,-2.2835,-33.48,1.736,,,26.0,-17.8,20.82,23397837.0,,,36.6,0.6290726817042607,0.22556390977443608,0.6453634085213033,0.8771929824561403,0.9736842105263158,0.20802005012531327,0.38471177944862156,0.5931,0.6396,0.672
CNMD,Conmed Corp,Healthcare,Medical Devices,24.56,9.5,11.05,0.21,0.0,-0.97,7.59,39.41,23.42,0.94,-15.36,3.25,548020.0,1.42,45.42,Jul 29/a,45.5,1360000000.0,HIGH,-11.06,-2.07,2.51,-5.77,0.1658,False,-6.31,False,-3.73,3.285,2.268,-1.4551,-15.36,0.836,34.0,-1.9,36.0,5.11,45.42,14958226.0,,,0.2,0.8734335839598998,0.6591478696741855,0.5620300751879699,0.16102756892230577,0.7261904761904762,0.5726817042606517,0.33709273182957394,0.5924,0.5213,0.5833
MAT,Mattel Inc,Consumer Cyclical,Leisure,9.77,8.37,-138.44,10.48,-1.3,0.17,9.22,-5.56,-11.6,0.7,-41.01,2.05,4300000.0,2.05,13.26,Aug 04/a,17.83,3790000000.0,HIGH,-8.61,-5.49,2.28,-3.32,0.1893,False,-7.21,False,-8.28,2.947,2.64,-1.9535,-15.27,1.331,39.0,-7.53,32.0,-8.3,13.26,54714825.0,,,34.5,0.7305764411027569,0.6622807017543859,0.443609022556391,0.6622807017543859,0.6541353383458647,0.4016290726817043,0.45614035087719296,0.5924,0.5118,0.6122
CARG,CarGurus Inc,Communication Services,Internet Content & Information,18.03,10.99,142.2,7.24,-0.57,-3.6000000000000005,8.97,10.63,-2.29,1.21,-19.43,1.88,1080000.0,1.69,33.21,Aug 06/a,42.0,2960000000.0,HIGH,-9.88,-4.92,1.96,-4.59,0.1622,False,-4.74,False,-6.42,3.401,1.325,-1.7253,-19.43,1.299,30.0,-8.71,30.0,-8.71,33.21,32214362.0,,,26.5,0.8020050125313283,0.5488721804511278,0.568922305764411,0.6378446115288221,0.5175438596491229,0.47117794486215536,0.38972431077694236,0.5911,0.4818,0.6071
ANRO,Alto Neuroscience Inc,Healthcare,Biotechnology,,,1.28,,0.0,6.41,10.77,33.11,37.34,1.27,-19.24,1.27,563070.0,3.91,30.27,Aug 12/a,38.38,1190000000.0,HIGH,-11.7,-4.45,3.98,-6.41,0.2867,False,-11.06,False,-2.07,6.418,5.187,-3.021,-19.24,1.516,12.0,-14.01,26.0,3.74,30.27,18413258.0,,,26.8,0.41228070175438597,0.5532581453634086,0.20676691729323304,0.7907268170426065,0.9260651629072681,0.650375939849624,0.30451127819548873,0.5899,0.4617,0.6949
NRGV,Energy Vault Holdings Inc,Utilities,Utilities - Renewable,,,17.79,104.05,-0.21,19.61,23.85,9.51,20.7,1.24,-32.43,1.8,5080000.0,2.75,4.49,Aug 11/a,6.21,816460000.0,HIGH,18.16,9.51,3.53,23.45,0.3473,True,14.78,True,27.04,7.332,8.463,-5.4382,-7.99,1.21,1.0,6.15,27.0,25.42,4.49,15864531.0,,,38.3,0.08521303258145363,0.8922305764411027,0.12907268170426067,0.5482456140350878,0.8903508771929824,0.9912280701754386,0.9837092731829574,0.5894,0.6993,0.6288
NABL,N-able Inc,Technology,Information Technology Services,,8.88,143.66,5.31,0.0,1.8799999999999997,6.34,25.489999999999995,-24.26,0.46,-56.04,2.57,2390000.0,7.56,3.84,Aug 10/b,4.68,725400000.0,HIGH,5.79,-7.91,5.38,11.08,0.158,False,-1.63,False,-6.3,6.38,7.292,-4.1046,-26.86,2.232,34.0,-17.95,29.0,19.63,3.84,13061003.0,,,21.9,0.18796992481203006,0.34962406015037595,0.5877192982456141,0.9598997493734336,0.9711779448621554,0.47869674185463656,0.9097744360902256,0.5892,0.8316,0.6494
LIFE,Ethos Technologies Inc,Financial,Insurance Brokers,,37.52,4.25,113.35,-3.4099999999999997,-2.94,9.69,124.02,260.0,,-15.39,1.22,1150000.0,2.41,36.0,Aug 03/a,34.88,2300000000.0,HIGH,5.39,-8.54,1.72,10.68,0.2085,False,-5.73,True,18.83,7.52,7.389,-4.232,-15.39,1.782,10.0,-4.53,33.0,57.69,36.0,61227643.0,,,-3.1,0.17293233082706766,0.656641604010025,0.4022556390977443,0.893483709273183,0.42293233082706766,0.974937343358396,0.9022556390977443,0.5872,0.6085,0.6161
TDW,Tidewater Inc,Energy,Oil & Gas Equipment & Services,17.53,14.12,-70.37,0.25,-1.92,11.29,13.02,34.05,16.71,0.6,-14.649999999999999,2.27,706210.0,1.58,86.69,Aug 03/a,93.9,4310000000.0,HIGH,-8.99,-2.13,1.75,-3.7,0.1402,False,-6.12,True,1.04,4.625,2.469,-3.0047,-14.66,1.218,12.0,-9.8,33.0,21.28,86.69,58932985.0,,,8.3,0.41729323308270677,0.6892230576441103,0.6510025062656641,0.5570175438596491,0.43859649122807015,0.7694235588972431,0.4323308270676692,0.5871,0.4998,0.5456
WAY,Waystar Holding Corp,Healthcare,Health Information Services,36.54,13.66,18.57,18.11,-0.4099999999999999,4.77,10.49,38.93,3.55,0.15,-36.41,1.2,2750000.0,1.03,25.66,Jul 29/a,33.43,4920000000.0,HIGH,2.6,3.05,1.14,7.89,0.1705,True,1.83,True,6.82,4.304,5.066,-3.265,-5.94,1.345,4.0,3.05,36.0,22.54,25.66,62589068.0,,,30.3,0.34461152882205515,0.9385964912280702,0.5407268170426065,0.6766917293233082,0.14724310776942356,0.8709273182957393,0.8703007518796992,0.5865,0.5545,0.5099
CRVS,Corvus Pharmaceuticals Inc,Healthcare,Biotechnology,,,-89.11,,0.15,1.06,29.35,5.46,-10.86,1.42,-53.400000000000006,1.12,1040000.0,4.3,12.56,Aug 06/a,33.14,1060000000.0,HIGH,-13.14,-4.2,4.26,-7.85,0.24,False,-8.58,False,-10.45,4.999,2.866,-2.5378,-23.74,1.996,22.0,-15.31,30.0,-9.38,12.56,13980577.0,,,163.9,0.5651629072681704,0.42355889724310775,0.3258145363408521,0.9385964912280702,0.9398496240601504,0.32456140350877194,0.2593984962406015,0.5863,0.4835,0.692
SLDB,Solid Biosciences Inc,Healthcare,Biotechnology,,,9.06,,0.0,13.03,18.73,6.959999999999999,25.14,2.45,-22.18,1.0,1510000.0,2.72,8.91,Aug 06/a,18.62,955380000.0,HIGH,-4.19,1.95,3.65,1.1,0.2601,False,-5.83,False,-1.42,5.507,3.76,-3.5806,-22.18,1.944,12.0,-9.82,30.0,6.2,8.91,10380005.0,,,109.0,0.2644110275689223,0.4649122807017544,0.27318295739348375,0.9335839598997494,0.9028822055137845,0.6754385964912281,0.6441102756892231,0.5857,0.6105,0.6941
LTRX,Lantronix Inc,Technology,Communication Equipment,,18.43,90.52,8.03,0.75,39.1,6.4,-11.9,-6.25,1.65,-33.14,1.0,1130000.0,2.91,5.85,Aug 26/a,10.79,273230000.0,HIGH,-2.17,15.84,2.31,3.12,0.2399,True,7.45,True,4.42,4.823,6.667,-4.2454,-17.26,1.874,25.0,-3.94,16.0,3.36,5.85,7886722.0,,,84.4,0.17042606516290726,0.5964912280701754,0.3270676691729323,0.9179197994987469,0.668546365914787,0.8333333333333334,0.7243107769423559,0.5856,0.5884,0.6476
ELVN,Enliven Therapeutics Inc,Healthcare,Biotechnology,,,-0.97,,-9.99,37.43,14.18,9.65,64.56,0.24,-20.65,1.15,1230000.0,4.88,49.45,Aug 05/a,73.45,3620000000.0,HIGH,-17.34,-9.15,4.56,-12.05,0.2722,False,-13.16,False,-12.11,4.619,4.055,-2.5057,-20.65,2.342,19.0,-17.34,31.0,-17.17,49.45,71914036.0,,,48.5,0.575187969924812,0.5175438596491229,0.2393483709273183,0.9661654135338346,0.949874686716792,0.2644110275689223,0.15037593984962405,0.5854,0.4169,0.6889
VSTM,Verastem Inc,Healthcare,Biotechnology,,,44.57,1775.43,-0.31,14.26,22.38,80.58,27.839999999999996,0.4,-31.25,1.0,2480000.0,1.81,7.44,Aug 06/a,14.67,673790000.0,HIGH,7.98,-0.93,2.03,13.27,0.2042,False,-0.78,True,10.43,5.866,5.914,-2.8817,-12.88,1.09,10.0,-6.77,30.0,25.89,7.44,16928591.0,,,97.2,0.4724310776942356,0.7443609022556391,0.41165413533834583,0.40350877192982454,0.5545112781954887,0.924812030075188,0.9385964912280702,0.5852,0.6653,0.5888
IART,Integra Lifesciences Holdings Corp,Healthcare,Medical Devices,,5.83,100.90999999999998,0.76,0.0,-1.76,10.31,-13.419999999999998,71.01,1.22,-25.72,2.75,886630.0,2.45,15.22,Jul 29/b,19.56,1180000000.0,HIGH,-9.08,-3.12,2.55,-3.79,0.1503,False,-6.53,False,-12.45,4.426,2.365,-2.065,-25.72,1.632,46.0,-18.96,37.0,-7.7,15.22,13684543.0,,,28.5,0.6954887218045113,0.37969924812030076,0.6109022556390977,0.8370927318295739,0.7355889724310777,0.24812030075187969,0.42857142857142855,0.5845,0.5754,0.6291
OLMA,Olema Pharmaceuticals Inc,Healthcare,Biotechnology,,,-18.14,,-0.15,0.2,22.28,3.26,-34.36,1.99,-72.92,1.17,1260000.0,2.43,9.82,Aug 10/a,36.5,859230000.0,HIGH,-8.14,-4.57,3.0,-2.85,0.1521,False,-6.04,False,-10.89,5.495,1.833,-2.8751,-24.98,1.758,30.0,-16.78,28.0,-5.85,9.82,10507256.0,,,271.7,0.474937343358396,0.39473684210526316,0.6065162907268171,0.8872180451127819,0.8270676691729323,0.3107769423558897,0.47117794486215536,0.5835,0.6185,0.625
LAND,Gladstone Land Corp,Real Estate,REIT - Specialty,,,17.86,3.2199999999999998,0.0,2.89,7.71,8.89,-14.19,1.09,-27.46,2.6,727170.0,1.02,9.43,Aug 11/a,9.33,406780000.0,HIGH,9.02,0.21,0.91,14.31,0.1546,True,1.23,True,7.26,2.759,1.909,-1.5358,-5.61,0.811,15.0,6.31,27.0,15.14,9.43,7621540.0,,,-1.1,0.8521303258145363,0.9473684210526315,0.5971177944862156,0.13972431077694236,0.08583959899749373,0.8784461152882206,0.9473684210526315,0.5834,0.5838,0.489
CDNA,Caredx Inc,Healthcare,Diagnostics & Research,25.95,40.54,1412.42,52.23,-6.98,0.48,12.39,105.61,206.02999999999997,2.41,-2.41,1.75,1150000.0,1.2,53.83,Jul 30/a,54.14,2780000000.0,HIGH,10.74,2.79,1.24,16.03,0.1418,True,5.89,True,19.95,4.044,2.489,-2.5534,-2.41,0.812,5.0,7.1,35.0,41.29,53.83,56689002.0,,,0.6,0.5601503759398496,0.9874686716791979,0.6428571428571428,0.14348370927318296,0.18295739348370926,0.9799498746867168,0.9624060150375939,0.5828,0.6327,0.4666
AGIO,Agios Pharmaceuticals Inc,Healthcare,Biotechnology,,,12.45,259.25,-4.54,3.66,12.94,-3.19,18.45,0.63,-28.110000000000003,1.6,1100000.0,1.42,33.07,Jul 30/b,45.75,1970000000.0,HIGH,-0.06,-0.45,1.85,5.23,0.0643,False,-1.36,False,-4.35,3.97,1.905,-1.9215,-24.99,1.064,53.0,-11.55,36.0,0.98,33.07,28409712.0,,,38.3,0.7468671679197995,0.39348370927318294,0.949874686716792,0.37406015037593987,0.474937343358396,0.5551378446115288,0.8051378446115288,0.5824,0.7495,0.5378
MGTX,MeiraGTx Holdings plc,Healthcare,Biotechnology,18.78,,455.90000000000003,8608.59,-1.55,11.99,5.06,17.05,80.27,1.33,-13.68,1.0,854560.0,1.1,13.25,Aug 13/b,29.43,1270000000.0,HIGH,-7.6,2.87,1.26,-2.31,0.2061,False,-3.16,True,1.24,4.254,3.17,-1.8879,-13.68,1.301,25.0,4.58,26.0,4.58,13.25,10198083.0,,,122.1,0.7606516290726817,0.7199248120300752,0.40601503759398494,0.6403508771929824,0.19486215538847118,0.7725563909774437,0.48872180451127817,0.5824,0.3758,0.5921
PCRX,Pacira BioSciences Inc,Healthcare,Drug Manufacturers - Specialty & Generic,71.15,7.18,208.35,6.24,-2.58,0.96,19.19,10.57,9.39,0.26,-10.74,2.25,586880.0,1.16,24.69,Aug 04/a,29.75,984190000.0,HIGH,0.08,0.04,1.27,5.37,0.1182,False,-3.09,False,-2.63,2.974,2.106,-1.8968,-10.74,1.022,12.0,-6.72,32.0,-0.72,24.69,13622889.0,,,20.5,0.7581453634085213,0.8107769423558897,0.7619047619047619,0.32706766917293234,0.20175438596491227,0.6290726817042607,0.8157894736842105,0.5815,0.6154,0.479
CRMD,CorMedix Inc,Healthcare,Biotechnology,3.67,128.67,1.92,156.52,0.0,3.02,22.4,-10.96,22.54,1.41,-40.71,1.0,1230000.0,1.46,7.72,Aug 13/b,15.4,601730000.0,HIGH,-5.85,-2.15,1.9,-0.56,0.139,False,-5.43,False,-3.02,3.155,2.202,-1.6109,-14.03,0.854,12.0,-7.88,26.0,8.73,7.72,7775887.0,,,99.5,0.8320802005012531,0.7105263157894737,0.6610275689223057,0.17982456140350878,0.4974937343358396,0.6077694235588973,0.5614035087719298,0.5815,0.5721,0.5293
PD,Pagerduty Inc,Technology,Software - Application,7.01,9.54,-42.49,0.83,-9.91,0.58,11.34,65.09,102.90000000000002,0.98,-17.21,2.8,1620000.0,1.87,14.0,Aug 27/a,12.64,1100000000.0,HIGH,13.64,-5.66,1.71,18.93,0.2429,True,2.83,True,17.15,4.028,4.036,-3.0945,-6.1,1.131,5.0,-0.64,15.0,10.85,14.0,24170035.0,,,-9.7,0.39223057644110276,0.9323308270676691,0.31892230576441105,0.45551378446115287,0.41854636591478694,0.9661654135338346,0.9761904761904762,0.5806,0.6117,0.5581
ABX,Abacus Global Management Inc,Financial,Insurance - Life,30.71,7.49,-62.74000000000001,29.87,-0.68,1.38,14.34,-5.19,-2.77,0.06,-29.5,1.38,593140.0,3.09,8.77,Aug 06/a,14.31,857640000.0,HIGH,-9.21,-7.59,3.97,-3.92,0.1175,False,-7.93,False,-10.9,3.953,4.561,-2.298,-29.5,1.211,56.0,-18.11,30.0,-7.88,8.77,4342252.0,,,63.2,0.6215538847117794,0.3032581453634085,0.7656641604010025,0.5520050125313283,0.924812030075188,0.30952380952380953,0.4223057644110276,0.5795,0.6761,0.602
GTX,Garrett Motion Inc,Consumer Cyclical,Auto Parts,14.37,11.68,25.009999999999998,6.9,-2.47,-0.27,2.72,-23.46,50.97999999999999,0.84,-27.529999999999998,1.5,2620000.0,2.85,26.27,Jul 29/b,36.83,4900000000.0,HIGH,-1.31,0.25,2.41,3.98,0.1022,False,-2.07,False,-9.19,3.104,2.417,-2.1148,-27.53,1.21,,,37.0,-8.72,26.27,83432920.0,,,40.2,0.6829573934837093,0.33897243107769426,0.8333333333333334,0.5482456140350878,0.6973684210526315,0.37218045112781956,0.7644110275689223,0.5788,0.765,0.5752
OMER,Omeros Corp,Healthcare,Biotechnology,12.43,17.87,134.01,,-3.2199999999999998,8.42,18.41,73.83,60.699999999999996,2.57,-9.06,2.0,1960000.0,1.1,17.87,Aug 12/a,44.0,1290000000.0,HIGH,-7.27,2.35,1.37,-1.98,0.1479,False,-3.95,True,19.0,4.601,5.652,-3.1266,-9.06,1.083,8.0,-6.54,26.0,30.34,17.87,29094401.0,,,146.2,0.38471177944862156,0.8596491228070176,0.6177944862155389,0.39285714285714285,0.2362155388471178,0.9761904761904762,0.5012531328320802,0.5779,0.4567,0.4975
WWW,Wolverine World Wide Inc,Consumer Cyclical,Footwear & Accessories,14.69,10.23,16.06,6.79,-3.42,0.26,7.22,7.5600000000000005,14.730000000000002,1.7,-39.01,2.0,833030.0,1.52,18.93,Aug 13/b,24.3,1550000000.0,HIGH,-9.69,-3.07,1.76,-4.4,0.1221,False,-4.45,False,-2.72,3.845,2.43,-2.5113,-11.83,1.001,25.0,-4.78,26.0,4.82,18.93,14344320.0,,,28.4,0.5726817042606517,0.7756892230576441,0.7406015037593985,0.3032581453634085,0.44298245614035087,0.6265664160401002,0.39849624060150374,0.577,0.5145,0.4864
CNK,Cinemark Holdings Inc,Communication Services,Entertainment,19.46,13.39,87.86,15.509999999999998,-1.2,2.15,8.16,3.64,32.69,1.04,-10.24,1.77,2380000.0,1.31,34.99,Jul 30/b,40.38,4059999999.9999995,HIGH,-4.4,0.46,1.43,0.89,0.1295,False,-1.68,False,-0.08,2.858,2.058,-1.9327,-10.24,0.866,19.0,-4.4,36.0,0.29,34.99,77340548.0,,,15.4,0.7406015037593985,0.8220551378446115,0.7092731829573935,0.18922305764411027,0.27130325814536344,0.7268170426065163,0.6328320802005013,0.5765,0.5473,0.482
CHRS,Coherus Oncology Inc,Healthcare,Biotechnology,,,63.16,39.53,0.0,-1.41,20.72,-8.78,-16.15,0.99,-48.39,1.33,1010000.0,3.08,1.35,Aug 05/a,7.75,208580000.0,HIGH,-4.93,-5.59,3.02,0.36,0.1858,False,-1.17,False,-1.27,6.296,9.259,-5.019,-21.05,1.685,53.0,-13.46,31.0,6.72,1.35,1399373.0,,,474.1,0.10651629072681704,0.5050125313283208,0.46616541353383456,0.8646616541353384,0.831453634085213,0.681704260651629,0.6077694235588973,0.5759,0.6324,0.6211
CALX,Calix Inc,Technology,Software - Infrastructure,46.89,15.3,8525.81,21.27,-1.6399999999999997,0.36,8.18,-7.139999999999999,-30.4,1.31,-50.519999999999996,1.22,1180000.0,1.67,35.24,Jul 20/a,62.33,2220000000.0,HIGH,-12.16,1.41,1.96,-6.87,0.1988,False,-4.21,False,-6.46,3.069,3.121,-1.5236,-14.59,1.151,22.0,-10.01,43.0,-5.95,35.24,36511613.0,,,76.9,0.8546365914786967,0.6942355889724311,0.4291979949874687,0.4793233082706767,0.5175438596491229,0.4699248120300752,0.28884711779448624,0.5741,0.3996,0.5804
PFLT,PennantPark Floating Rate Capital Ltd,Financial,Asset Management,13.84,6.61,-60.72,112.49,0.66,,3.89,-6.16,-15.190000000000001,0.79,-28.850000000000005,1.57,1060000.0,0.69,7.01,Aug 10/a,9.75,695520000.0,HIGH,-4.88,-1.54,1.01,0.41,0.0926,False,-3.7,False,-3.11,2.221,2.71,-1.2937,-8.84,0.749,26.0,-6.28,28.0,-5.27,7.01,5247236.0,,,39.1,0.9047619047619048,0.8627819548872181,0.8703007518796992,0.09523809523809523,0.10651629072681704,0.6040100250626567,0.6090225563909775,0.5739,0.5367,0.4276
PRG,PROG Holdings Inc,Industrials,Rental & Leasing Services,9.83,6.29,-4.19,19.03,-0.27,3.2400000000000007,7.15,-7.68,26.85,1.76,-25.670000000000005,1.62,582710.0,2.29,35.48,Jul 29/b,53.43,1410000000.0,HIGH,-8.49,-5.08,2.38,-3.2,0.1466,False,-6.47,False,-14.36,3.479,2.368,-1.6949,-25.67,1.442,46.0,-23.72,37.0,-17.06,35.48,21136652.0,,,50.6,0.8145363408521303,0.38095238095238093,0.6234335839598997,0.7481203007518797,0.6848370927318296,0.19047619047619047,0.4592731829573935,0.5737,0.5762,0.6095
SNDA,Sonida Senior Living Inc,Healthcare,Medical Care Facilities,,,-218.14,122.02,-24.73,27.440000000000005,7.14,6.419999999999999,14.27,0.73,-13.780000000000001,1.5,591630.0,1.25,38.27,Aug 10/b,49.5,1840000000.0,HIGH,-3.26,-3.92,1.51,2.03,0.1024,False,-1.67,False,-3.73,3.485,1.516,-1.8991,-13.79,0.94,39.0,-8.2,29.0,-5.04,38.27,18977458.0,,,29.3,0.7556390977443609,0.7142857142857143,0.8308270676691729,0.24937343358395989,0.31641604010025065,0.5726817042606517,0.6779448621553885,0.5732,0.6154,0.4735
MAN,ManpowerGroup,Industrials,Staffing & Employment Services,25.99,11.82,178.22,7.539999999999999,0.0,7.19,10.42,71.8,119.24999999999999,0.67,-9.77,2.54,1230000.0,1.08,57.64,Jul 16/b,57.33,2680000000.0,HIGH,-6.2,-0.65,1.73,-0.91,0.1535,False,-3.65,True,3.56,4.05,2.654,-2.151,-9.77,0.72,16.0,-6.97,46.0,47.72,57.64,45786148.0,,,-0.5,0.6754385964912281,0.8358395989974937,0.5989974937343359,0.08270676691729323,0.4266917293233083,0.8195488721804511,0.5394736842105263,0.5732,0.5235,0.5011
AORT,Artivion Inc,Healthcare,Medical Devices,,80.87,-1039.19,11.32,-4.95,4.18,6.34,10.19,-36.08,1.22,-51.61,1.0,703600.0,2.72,23.35,Aug 06/a,42.15,1140000000.0,HIGH,-16.84,-6.49,2.8,-11.55,0.1868,False,-9.55,False,-11.06,4.497,4.111,-2.0207,-22.53,1.408,25.0,-17.81,30.0,-12.12,23.35,17468196.0,,,80.5,0.7092731829573935,0.45864661654135336,0.4586466165413534,0.7230576441102757,0.7913533834586466,0.29699248120300753,0.16416040100250626,0.573,0.4407,0.6302
CLNE,Clean Energy Fuels Corp,Energy,Oil & Gas Refining & Marketing,,,26.58,3.34,-0.17,1.39,4.76,-9.14,-20.28,1.87,-45.66,1.57,1890000.0,4.62,1.69,Aug 06/a,4.36,372550000.0,HIGH,4.32,-5.06,4.36,9.61,0.1423,True,2.55,False,-7.38,5.114,5.917,-3.5218,-32.4,1.766,45.0,-28.09,30.0,6.96,1.69,3322460.0,,,158.0,0.2756892230576441,0.24561403508771928,0.6384711779448622,0.8897243107769424,0.9448621553884712,0.4348370927318296,0.8909774436090225,0.5715,0.8314,0.6363
NPKI,NPK International Inc,Industrials,Building Products & Equipment,28.15,20.21,37.5,19.57,-5.72,2.82,4.0,-19.94,-9.46,1.45,-22.85,1.0,932950.0,1.32,12.73,Jul 29/a,20.0,1080000000.0,HIGH,-6.94,-1.85,1.54,-1.65,0.0751,False,-3.48,False,-6.39,3.092,1.493,-1.581,-21.32,1.053,,,36.0,5.64,12.73,10555005.0,,,57.1,0.8395989974937343,0.487468671679198,0.924812030075188,0.36466165413533835,0.3333333333333333,0.4730576441102757,0.5112781954887218,0.5705,0.582,0.5027
BBDC,Barings BDC Inc,Financial,Asset Management,10.53,8.65,-10.39,43.22,1.56,,2.07,5.43,4.3,0.71,-8.34,1.83,712570.0,0.84,8.74,Aug 05/a,9.96,915140000.0,HIGH,-6.42,-0.34,0.88,-1.13,0.1289,False,-3.53,False,-1.5,2.247,2.288,-1.1597,-8.39,0.824,19.0,-6.42,31.0,3.8,8.74,6243668.0,,,14.0,0.924812030075188,0.8778195488721805,0.7142857142857143,0.15288220551378445,0.07769423558897243,0.6679197994987469,0.525062656641604,0.5692,0.4476,0.4558
KOPN,Kopin Corp,Technology,Electronic Components,98.75,1185.0,113.83000000000001,50.62,-5.91,5.35,15.0,-3.85,126.79,3.58,-28.29,1.0,4570000.0,2.11,4.74,Aug 10/a,8.75,881040000.0,HIGH,-5.95,8.97,2.69,-0.66,0.2129,True,4.87,True,10.23,5.862,5.063,-4.2918,-14.29,1.142,25.0,-1.86,28.0,12.59,4.74,16279617.0,,,84.6,0.16541353383458646,0.7030075187969925,0.38471177944862156,0.474937343358396,0.7631578947368421,0.9235588972431078,0.5557644110275689,0.5691,0.5667,0.5818
QNST,QuinStreet Inc,Communication Services,Advertising Agencies,12.53,9.39,499.82,42.67,-16.29,-0.22,9.32,34.38,46.13,0.72,-21.27,1.0,867690.0,2.56,17.55,Aug 06/a,22.8,1000000000.0,HIGH,-14.89,-5.03,2.36,-9.6,0.1886,False,-6.84,False,-3.42,4.286,3.02,-1.9305,-21.27,1.132,30.0,15.31,30.0,15.31,17.55,17745302.0,,,29.9,0.7418546365914787,0.49122807017543857,0.44674185463659144,0.46115288220551376,0.681704260651629,0.5908521303258145,0.22305764411027568,0.5689,0.4278,0.6189
RUM,RUM Group Inc,Communication Services,Internet Content & Information,,,-140.14,60.919999999999995,0.0,4.87,16.43,23.51,72.16,1.24,-14.2,2.0,4090000.0,3.04,9.09,Aug 10/a,22.0,4510000000.0,HIGH,0.44,13.63,2.01,5.73,0.3492,True,4.92,True,23.38,7.117,4.345,-5.7391,-14.2,2.776,22.0,12.22,28.0,46.38,9.09,53513865.0,,,142.0,0.06766917293233082,0.706766917293233,0.12531328320802004,0.981203007518797,0.5457393483709273,0.9862155388471178,0.8283208020050126,0.5688,0.5326,0.6452
FLOC,Flowco Holdings Inc,Energy,Oil & Gas Equipment & Services,23.99,11.99,371.19,22.07,-40.02,8.88,9.03,-10.28,-16.66,0.96,-27.9,1.2,657640.0,1.35,20.25,Aug 11/b,30.56,1830000000.0,HIGH,-10.52,2.74,1.57,-5.23,0.1352,False,-3.73,False,-3.99,4.205,3.012,-2.7809,-15.62,1.331,25.0,-11.03,28.0,-9.31,20.25,11837875.0,,,50.9,0.5037593984962406,0.6478696741854637,0.6766917293233083,0.6622807017543859,0.3508771929824561,0.5651629072681704,0.36215538847117795,0.5678,0.4531,0.5205
INMB,INmune Bio Inc,Healthcare,Biotechnology,,,95.47,,0.0,-5.88,8.82,60.69,90.98,0.89,-10.38,1.0,736690.0,0.92,2.33,Aug 06/a,7.0,64670000.0,HIGH,0.43,0.0,1.81,5.72,0.1857,True,0.14,True,10.99,7.201,7.94,-4.847,-10.38,1.254,9.0,-4.51,30.0,21.99,2.33,862160.0,,,200.4,0.12531328320802004,0.818922305764411,0.46741854636591473,0.5983709273182958,0.4655388471177945,0.9273182957393483,0.8270676691729323,0.5671,0.6107,0.5291
NP,Neptune Insurance Holdings Inc,Financial,Insurance Brokers,129.86,44.31,28.27,32.82,-13.38,36.19,5.44,1.8799999999999997,34.37,,-15.25,1.93,700790.0,1.4,29.79,Jul 21/a,34.54,4090000000.0,HIGH,-10.7,-4.92,2.32,-5.41,0.1781,False,-8.06,False,-6.69,3.998,4.666,-1.7121,-15.25,1.0,37.0,-6.56,42.0,-0.7,29.79,13642211.0,,,15.9,0.8070175438596491,0.6666666666666666,0.49749373433583954,0.3007518796992481,0.6704260651629073,0.45864661654135336,0.35526315789473684,0.5668,0.4925,0.5592
SITE,SiteOne Landscape Supply Inc,Industrials,Industrial Distribution,24.76,17.9,9.75,4.73,1.73,-4.47,7.14,-17.88,-30.56,1.39,-46.33,1.79,887530.0,1.7,90.47,Jul 29/b,127.5,3950000000.0,HIGH,-5.7,1.26,1.55,-0.41,0.1662,False,-4.64,False,-7.82,3.618,2.929,-1.6632,-23.22,1.563,,,37.0,-3.54,90.47,91627539.0,,,40.9,0.8208020050125313,0.43609022556390975,0.5595238095238095,0.8157894736842105,0.33897243107769426,0.42355889724310775,0.5726817042606517,0.5658,0.4986,0.5998
VFF,Village Farms International Inc,Consumer Defensive,Farm Products,15.27,10.72,-75.62,6.81,-0.39,0.12,4.86,48.69,5.97,1.35,-43.09,1.25,925810.0,0.65,2.84,Aug 10/b,5.83,347290000.0,HIGH,4.41,0.0,0.82,9.7,0.0987,False,-0.86,True,16.7,3.707,2.113,-2.4373,-8.39,0.585,10.0,-1.9,29.0,36.54,2.84,2102516.0,,,105.3,0.5877192982456141,0.8778195488721805,0.8471177944862156,0.042606516290726815,0.05889724310776942,0.9649122807017544,0.8947368421052632,0.5632,0.6297,0.4135
FUL,H.B. Fuller Company,Basic Materials,Specialty Chemicals,14.68,9.29,61.75999999999999,5.81,-2.16,-2.85,5.67,-23.82,-1.79,0.99,-28.01,1.67,746540.0,2.17,49.41,Sep 23/a,73.29,2660000000.0,HIGH,-15.83,-3.06,2.64,-10.54,0.2144,False,-8.16,False,-12.41,2.865,2.955,-1.0672,-23.42,1.282,25.0,-17.86,,,49.41,32615054.0,,,48.3,0.9373433583959899,0.43358395989974935,0.3822055137844611,0.6203007518796992,0.7531328320802005,0.25,0.20300751879699247,0.5628,0.4218,0.6402
MH,McGraw Hill Inc,Consumer Defensive,Education & Training Services,26.53,6.19,9980.0,2.65,0.01,-3.2099999999999995,9.58,32.85,-5.23,-0.82,-28.559999999999995,1.23,747140.0,0.77,12.86,Aug 13/b,17.92,2460000000.0,HIGH,-3.31,-2.87,1.13,1.98,0.1236,False,-1.17,True,8.49,3.85,3.11,-2.9536,-7.44,0.927,19.0,-3.31,26.0,10.86,12.86,6698779.0,,,39.3,0.44360902255639095,0.9072681704260651,0.736842105263158,0.237468671679198,0.14411027568922305,0.8991228070175439,0.6754385964912281,0.5614,0.5345,0.4311
LAZ,Lazard Inc,Financial,Capital Markets,17.52,9.29,-93.64,0.29,-11.9,9.42,9.68,-19.3,-10.27,1.46,-39.15,2.6,1950000.0,4.2,35.75,Jul 23/b,47.38,3480000000.0,HIGH,-19.03,-10.04,4.93,-13.74,0.2763,False,-14.47,False,-16.27,5.824,3.441,-2.2161,-23.86,2.024,26.0,-17.89,41.0,-16.96,35.75,66167037.0,,,32.5,0.6516290726817042,0.42042606516290726,0.22807017543859653,0.9411027568922306,0.9605263157894737,0.16416040100250626,0.11779448621553884,0.561,0.4037,0.6794
IEP,Icahn Enterprises L P,Energy,Oil & Gas Refining & Marketing,,,-75.03,35.3,0.0,12.43,20.73,-4.39,-8.65,0.7,-25.21,1.0,971200.0,0.76,6.97,Aug 05/b,12.0,4960000000.0,HIGH,2.65,-1.13,0.93,7.94,0.0649,True,1.55,False,-3.73,1.824,1.291,-1.294,-11.32,0.641,38.0,-9.83,32.0,-6.57,6.97,5395469.0,,,72.2,0.9035087719298246,0.793233082706767,0.9461152882205514,0.05701754385964912,0.09210526315789473,0.5726817042606517,0.8721804511278195,0.5608,0.6603,0.4063
IRT,Independence Realty Trust Inc,Real Estate,REIT - Residential,80.82,80.76,-58.14,3.12,-0.16,0.67,5.6,-6.509999999999999,-4.83,0.97,-16.86,1.62,3080000.0,1.41,14.79,Aug 03/a,19.27,3570000000.0,HIGH,-10.85,-3.59,1.26,-5.56,0.1693,False,-6.78,False,-9.68,2.284,1.826,-1.255,-16.44,1.419,30.0,-12.9,33.0,-11.75,14.79,53816330.0,,,30.3,0.9122807017543859,0.6215538847117794,0.5451127819548872,0.7293233082706767,0.19486215538847118,0.35902255639097747,0.34711779448621555,0.5604,0.3608,0.5489
OCUL,Ocular Therapeutix Inc,Healthcare,Biotechnology,,,10.89,0.12,-0.39,-0.19,13.98,5.94,20.8,0.96,-39.23,1.08,2570000.0,1.6,9.99,Aug 03/b,27.17,2190000000.0,HIGH,-9.84,-6.81,1.85,-4.55,0.1546,False,-6.1,True,1.24,5.641,3.654,-3.1928,-14.91,1.136,24.0,-0.5,34.0,22.28,9.99,23524585.0,,,172.0,0.37218045112781956,0.6741854636591479,0.5971177944862156,0.4699248120300752,0.474937343358396,0.7725563909774437,0.39348370927318294,0.5602,0.479,0.5224
OTF,Blue Owl Technology Finance Corp,Financial,Asset Management,13.11,7.7,-22.19,4.65,0.03,,1.34,-0.19,-15.55,-0.47,-31.7,1.89,2500000.0,1.15,10.59,Aug 05/a,13.61,4850000000.0,HIGH,-3.38,-0.38,1.2,1.91,0.1281,False,-4.23,False,-1.8,2.807,2.55,-1.5981,-10.41,0.836,28.0,-7.02,31.0,1.63,10.59,26503792.0,,,28.5,0.8345864661654135,0.8170426065162907,0.7167919799498748,0.16102756892230577,0.16854636591478697,0.6597744360902256,0.6716791979949874,0.5596,0.5343,0.456
AVBP,ArriVent BioPharma Inc,Healthcare,Biotechnology,,,-16.83,,0.0,8.03,25.09,-8.95,26.419999999999998,1.38,-19.34,1.0,528640.0,2.34,28.9,Aug 12/a,44.91,1420000000.0,HIGH,-0.76,1.16,2.47,4.53,0.1582,False,-2.52,False,-4.79,3.868,3.529,-3.0842,-19.34,1.228,,,26.0,-3.67,28.9,14850192.0,,,55.4,0.39598997493734334,0.5513784461152882,0.5852130325814536,0.5764411027568922,0.7130325814536341,0.5338345864661654,0.7794486215538847,0.5593,0.7013,0.5548
MAIA,MAIA Biotechnology Inc,Healthcare,Biotechnology,,,25.95,,4.16,0.88,4.64,-6.43,-12.67,0.24,-58.93000000000001,1.0,513610.0,0.91,1.31,Aug 11,14.0,79690000.0,HIGH,-5.76,-5.76,0.88,-0.47,0.1144,False,-2.86,False,-2.79,5.96,6.718,-3.3425,-14.38,1.654,,,,,1.31,725346.0,,,968.7,0.3233082706766917,0.7017543859649122,0.7794486215538847,0.8489974937343359,0.07769423558897243,0.6215538847117794,0.5664160401002506,0.5588,0.4837,0.4679
LFTO,Liftoff Mobile Inc,Communication Services,Advertising Agencies,65.07,,82.51,35.43,1.92,25.239999999999995,5.42,-38.5,,,-45.54,1.61,770310.0,8.36,16.39,Aug 12/a,34.13,2780000000.0,HIGH,-13.6,-12.02,7.36,-8.31,0.1436,False,-10.83,False,-21.89,5.413,8.115,-2.5642,-41.34,2.201,30.0,-29.75,26.0,-18.3,16.39,15460103.0,,,108.2,0.5551378446115288,0.13283208020050125,0.6340852130325815,0.9573934837092731,0.9949874686716792,0.07393483709273183,0.2543859649122807,0.5581,0.5905,0.6454
MQ,Marqeta Inc,Technology,Software - Infrastructure,158.72,30.88,1364.29,17.02,-0.58,-2.9,5.78,0.32,-0.95,1.22,-34.36,2.8,1000000.0,1.28,15.57,Aug 04/a,20.11,1620000000.0,HIGH,-4.83,-6.09,1.91,0.46,0.0823,False,-4.28,False,-6.06,3.175,1.798,-1.9221,-16.69,0.751,12.0,-3.71,32.0,-6.54,15.57,10917730.0,,,29.2,0.7456140350877193,0.6127819548872181,0.9047619047619048,0.09649122807017543,0.5018796992481203,0.4830827067669173,0.6102756892230576,0.5574,0.6661,0.4568
NVST,Envista Holdings Corp,Healthcare,Medical Instruments & Supplies,40.57,14.01,110.55,7.1,-0.21,6.15,7.26,-9.88,-7.5600000000000005,0.89,-23.24,2.12,2760000.0,2.04,23.35,Aug 05/a,30.36,3750000000.0,HIGH,-14.15,-9.46,2.18,-8.86,0.1999,False,-11.49,False,-13.31,3.761,2.655,-1.8833,-19.48,1.499,27.0,-18.13,31.0,-14.72,23.35,66622441.0,,,30.0,0.7619047619047619,0.5476190476190477,0.424812030075188,0.7832080200501254,0.6040100250626567,0.2174185463659148,0.24185463659147868,0.5565,0.4054,0.5916
AVR,Anteris Technologies Global Corp,Healthcare,Medical Devices,,,48.26,63.27,-15.629999999999999,-2.2,8.58,-16.56,38.54,1.82,-26.19,1.5,1020000.0,1.77,8.16,Aug 10/a,13.8,795260000.0,HIGH,-9.13,-6.42,2.75,-3.84,0.1204,False,-5.42,False,-5.8,4.308,5.515,-2.4782,-26.19,1.056,25.0,-8.62,28.0,-8.93,8.16,5627887.0,,,69.1,0.5802005012531328,0.3659147869674185,0.7493734335839599,0.3684210526315789,0.7769423558897243,0.49624060150375937,0.424812030075188,0.5562,0.6278,0.5555
CERS,Cerus Corp,Healthcare,Medical Devices,,,50.67,9.53,-2.72,-0.53,9.29,-1.8500000000000003,50.57000000000001,1.81,-23.63,1.0,2420000.0,1.47,2.65,Jul 30/a,5.12,534039999.99999994,HIGH,-5.69,3.92,2.52,-0.4,0.1449,True,1.47,False,-2.78,3.315,3.774,-2.0299,-23.63,0.895,56.0,-9.25,35.0,23.26,2.65,3720387.0,,,93.2,0.7030075187969925,0.4298245614035088,0.631578947368421,0.21052631578947367,0.7293233082706767,0.6234335839598998,0.5739348370927319,0.5546,0.6378,0.5666
SUPN,Supernus Pharmaceuticals Inc,Healthcare,Drug Manufacturers - Specialty & Generic,,9.42,-353.07,32.4,0.0,1.8000000000000003,8.57,-5.36,-14.000000000000002,0.56,-29.62,1.5,846820.0,1.4,42.0,Aug 03/b,61.75,2450000000.0,HIGH,-8.4,1.23,1.96,-3.11,0.1342,False,-2.95,False,-7.9,3.024,3.071,-1.4925,-20.0,0.995,23.0,-12.99,34.0,-5.89,42.0,26042742.0,,,47.0,0.8640350877192983,0.5363408521303258,0.6835839598997493,0.29699248120300753,0.5175438596491229,0.4197994987468672,0.4630325814536341,0.553,0.5456,0.5246
AZTA,Azenta Inc,Healthcare,Medical Instruments & Supplies,,56.34,104.69999999999999,11.97,2.11,-7.090000000000001,12.46,42.6,61.12,1.53,-20.35,2.0,720930.0,1.98,33.24,Aug 04/a,34.8,1460000000.0,HIGH,-11.12,3.75,1.64,-5.83,0.202,True,2.4,True,7.64,3.668,2.377,-3.3237,-11.34,1.164,22.0,0.79,32.0,10.32,33.24,28278515.0,,,4.7,0.3258145363408521,0.7919799498746867,0.4172932330827067,0.5031328320802005,0.38721804511278196,0.8859649122807017,0.33208020050125314,0.5519,0.3742,0.5255
BIPC,Brookfield Infrastructure Corp,Utilities,Utilities - Regulated Gas,,17.84,83.1,8.55,0.0,3.66,7.82,-8.13,-12.21,1.31,-29.64,5.0,1090000.0,1.43,36.39,Jul 30/b,50.0,4950000000.0,HIGH,-7.99,1.59,1.27,-2.7,0.1503,False,-3.0,False,-7.41,2.748,2.446,-1.3918,-19.54,1.293,38.0,-11.01,36.0,-14.56,36.39,45610952.0,,,37.4,0.8872180451127819,0.5451127819548872,0.6109022556390977,0.6309523809523809,0.20175438596491227,0.43358395989974935,0.4799498746867168,0.5516,0.4358,0.5384
ASTH,Astrana Health Inc,Healthcare,Medical Care Facilities,41.93,17.46,108.13999999999999,48.52,0.0,5.48,8.36,-12.28,42.1,1.04,-33.41,1.36,562130.0,2.56,34.36,Aug 06/a,51.67,1700000000.0,HIGH,-12.68,-13.23,3.65,-7.39,0.1391,False,-9.35,False,-12.24,5.131,6.054,-2.6972,-33.41,1.414,56.0,-25.96,30.0,0.67,34.36,14584694.0,,,50.4,0.5300751879699248,0.22807017543859648,0.6591478696741855,0.7261904761904762,0.9028822055137845,0.2593984962406015,0.2669172932330827,0.551,0.5754,0.6046
IMMX,Immix Biopharma Inc,Healthcare,Biotechnology,,,17.97,,0.0,77.77,16.34,43.35,29.13,0.22,-17.22,1.0,1810000.0,2.31,12.5,Sep 02,23.86,894240000.0,HIGH,-8.49,2.38,2.67,-3.2,0.257,False,-5.91,True,10.12,6.26,4.0,-3.4565,-17.22,1.121,18.0,-8.16,,,12.5,20851472.0,,,90.9,0.29197994987468673,0.600250626566416,0.28320802005012535,0.4423558897243108,0.7581453634085213,0.918546365914787,0.4592731829573935,0.5491,0.4961,0.6028
IVR,Invesco Mortgage Capital Inc,Real Estate,REIT - Mortgage,4.37,3.7,183.35,37.92,0.53,8.5,8.25,-19.38,-20.17,1.64,-32.11,2.83,2830000.0,1.93,6.45,Jul 30/a,8.17,694280000.0,HIGH,-14.23,-3.3,1.73,-8.94,0.2054,False,-8.61,False,-12.84,2.447,1.24,-1.0204,-21.44,1.517,,,35.0,-12.96,6.45,22074337.0,,,26.7,0.9486215538847118,0.47869674185463656,0.4078947368421053,0.7926065162907269,0.4266917293233083,0.23433583959899748,0.24060150375939848,0.5481,0.3466,0.6006
ZVRA,Zevra Therapeutics Inc,Healthcare,Biotechnology,12.52,12.41,-89.97,53.25,-10.8,4.23,9.84,-10.0,23.51,0.97,-22.78,1.0,1240000.0,1.19,11.61,Aug 05/a,25.0,689450000.0,HIGH,-2.19,-3.65,1.65,3.1,0.1035,False,-3.04,False,-0.43,3.944,3.531,-2.2122,-22.78,0.941,9.0,-6.37,31.0,10.26,11.61,10762986.0,,,115.3,0.6553884711779449,0.45112781954887216,0.8245614035087719,0.2506265664160401,0.39285714285714285,0.7136591478696742,0.7230576441102757,0.548,0.6544,0.5031
PAYS,PaySign Inc,Technology,Software - Infrastructure,48.18,29.38,354.17,48.08,-4.38,14.37,3.93,66.76,288.05,0.84,-14.48,1.0,703370.0,1.73,12.34,Aug 05/a,13.5,696740000.0,HIGH,-12.42,-3.82,1.48,-7.13,0.1879,False,-4.64,True,7.86,5.539,2.755,-3.2406,-14.48,1.248,18.0,-9.6,31.0,28.68,12.34,10675768.0,,,9.4,0.35213032581453635,0.6979949874686717,0.45112781954887216,0.5952380952380952,0.29887218045112784,0.8909774436090225,0.2781954887218045,0.5477,0.3363,0.5343
INFQ,Infleqtion Inc,Technology,Software - Infrastructure,,,-396.57,,-43.78,15.46,12.86,-2.22,37.53,4.19,-51.89,1.0,11140000.0,1.45,13.23,Aug 12/a,21.33,2980000000.0,HIGH,-6.3,5.0,1.86,-1.01,0.1597,True,0.31,True,12.51,6.376,10.733,-5.4754,-9.01,1.033,16.0,-2.22,26.0,8.62,13.23,115204307.0,,,61.2,0.08145363408521303,0.8609022556390977,0.5764411027568923,0.3433583959899749,0.4805764411027569,0.9411027568922306,0.5325814536340853,0.5473,0.5301,0.4616
VERA,Vera Therapeutics Inc,Healthcare,Biotechnology,,,-27.01,,-1.05,8.51,33.96,-3.11,-17.81,1.05,-39.34,1.14,2430000.0,1.72,34.0,Aug 10/a,77.5,2450000000.0,HIGH,5.34,-0.15,1.54,10.63,0.136,False,-1.05,False,-1.13,5.928,4.353,-3.8082,-24.23,2.087,18.0,0.83,28.0,12.25,34.0,93078954.0,,,127.9,0.22807017543859648,0.41102756892230574,0.6735588972431077,0.9486215538847118,0.3333333333333333,0.6879699248120301,0.8984962406015038,0.5471,0.6615,0.5495
ESRT,Empire State Realty Trust Inc,Real Estate,REIT - Diversified,218.33,,-494.26,2.95,0.0,-1.1,6.7,-25.0,-23.84,1.41,-51.12,2.67,2360000.0,6.46,3.93,Jul 29/a,5.5,680410000.0,HIGH,-18.46,-8.39,3.8,-13.17,0.2206,False,-11.09,False,-19.44,3.944,4.835,-2.056,-33.84,2.609,37.0,-30.57,36.0,-21.4,3.93,17187054.0,,,39.9,0.6967418546365914,0.22055137844611528,0.3583959899749374,0.9761904761904762,0.9179197994987469,0.10776942355889724,0.12781954887218044,0.5463,0.434,0.6747
WGS,GeneDx Holdings Corp,Healthcare,Diagnostics & Research,,86.5,-264.35,11.44,,-8.19,21.8,71.33,38.49,1.92,-40.83,1.0,724520.0,1.09,101.1,Aug 03/a,90.44,3020000000.0,HIGH,16.12,12.66,1.45,21.41,0.2602,True,13.3,True,30.76,5.036,5.242,-3.2706,-3.88,1.104,4.0,12.66,33.0,48.98,101.1,48919529.0,,,-10.5,0.33959899749373434,0.9642857142857143,0.27192982456140347,0.4223057644110276,0.28383458646616544,0.9949874686716792,0.9799498746867168,0.5462,0.5587,0.5102
SVRA,Savara Inc,Healthcare,Biotechnology,,,-12.950000000000001,,-0.38,1.53,40.2,-2.36,4.07,0.19,-23.34,1.0,1740000.0,1.25,5.37,Aug 11/a,10.94,1100000000.0,HIGH,-3.94,0.56,1.5,1.35,0.0947,False,-0.68,False,-2.38,3.779,3.073,-2.2698,-17.07,0.912,52.0,-13.53,27.0,-3.59,5.37,7868123.0,,,103.7,0.6328320802005013,0.6046365914786967,0.8634085213032582,0.22681704260651628,0.3101503759398496,0.6390977443609023,0.6522556390977443,0.5462,0.613,0.4522
PTRN,Pattern Group Inc,Consumer Cyclical,Internet Retail,,25.65,62.529999999999994,46.58,-6.329999999999999,20.39,15.34,-8.38,73.34,1.12,-34.33,1.33,1920000.0,2.78,19.57,Aug 05/a,28.12,3470000000.0,HIGH,-6.23,-2.0,3.5,-0.94,0.148,False,-3.86,False,-13.25,4.265,3.015,-2.2306,-34.33,1.354,51.0,-29.12,31.0,-11.41,19.57,30880003.0,,,43.7,0.6466165413533834,0.21428571428571427,0.6159147869674185,0.6867167919799498,0.8847117794486216,0.21929824561403508,0.5369674185463659,0.5446,0.665,0.6093
NEXT,NextDecade Corp,Energy,Oil & Gas Equipment & Services,,,-5.79,,0.05,-1.56,16.93,-6.529999999999999,-5.63,1.53,-25.650000000000002,2.17,2680000.0,1.35,6.87,Jul 30/b,9.08,1830000000.0,HIGH,-3.51,-7.29,1.52,1.78,0.119,False,-6.7,False,-4.46,4.33,3.93,-1.9143,-18.68,1.015,7.0,-8.89,36.0,8.36,6.87,17566604.0,,,32.2,0.7493734335839599,0.5701754385964912,0.7587719298245614,0.31892230576441105,0.32142857142857145,0.5476190476190477,0.668546365914787,0.5444,0.5915,0.4843
HRZN,Horizon Technology Finance Corp,Financial,Asset Management,14.23,6.33,-13.79,24.28,66.81,,4.19,12.76,12.21,0.99,-30.049999999999997,2.33,684700.0,0.46,4.67,Aug 04/a,5.08,313050000.0,HIGH,-3.11,-4.69,0.43,2.18,0.0937,False,-2.03,False,-0.6,3.38,2.355,-2.531,-9.14,0.938,29.0,0.65,32.0,6.62,4.67,3432515.0,,,8.8,0.568922305764411,0.8533834586466166,0.8677944862155389,0.2474937343358396,0.02506265664160401,0.7017543859649122,0.681704260651629,0.5441,0.5405,0.3858
INTA,Intapp Inc,Technology,Software - Application,,18.52,-1009.23,12.950000000000001,-3.73,-1.6500000000000001,4.79,64.29,41.83,0.34,-24.45,2.5,734460.0,2.19,36.21,Aug 04/a,39.43,2770000000.0,HIGH,-12.43,-4.66,2.53,-7.14,0.2488,False,-9.65,True,0.5,4.774,4.004,-2.8529,-18.32,1.097,16.0,-10.37,32.0,10.46,36.21,25426394.0,,,8.9,0.48370927318295737,0.5770676691729323,0.3007518796992481,0.41604010025062654,0.731203007518797,0.7531328320802005,0.2756892230576441,0.5437,0.4199,0.596
KMT,Kennametal Inc,Industrials,Tools & Accessories,6.76,12.08,936.69,42.63,-7.03,2.88,8.03,-18.03,-15.380000000000003,1.33,-32.05,3.78,1340000.0,1.88,29.77,Aug 05/b,33.0,2270000000.0,HIGH,-0.63,1.19,1.75,4.66,0.0641,True,0.33,False,-6.56,2.927,2.083,-1.843,-27.6,0.994,33.0,-14.7,32.0,-12.85,29.77,42750546.0,,,10.8,0.7719298245614035,0.3358395989974937,0.9511278195488722,0.29448621553884713,0.43859649122807015,0.46365914786967416,0.7919799498746867,0.5426,0.7337,0.4922
GO,Grocery Outlet Holding Corp,Consumer Defensive,Grocery Stores,,16.85,11.9,1.1,6.87,-2.68,25.85,21.71,93.31,0.66,-34.76,3.19,2560000.0,1.4,11.27,Aug 12/a,10.75,1120000000.0,HIGH,-2.84,-3.34,1.44,2.45,0.1322,False,-4.27,True,5.98,4.214,3.283,-2.8442,-11.05,0.796,11.0,-6.16,26.0,10.82,11.27,29337154.0,,,-4.6,0.487468671679198,0.7994987468671679,0.6948621553884712,0.13032581453634084,0.2781954887218045,0.8583959899749374,0.6942355889724311,0.5415,0.5696,0.4386
IRON,Disc Medicine Inc,Healthcare,Biotechnology,,,2.44,,-2.38,1.6399999999999997,26.13,-1.78,17.51,0.92,-30.12,1.0,548650.0,1.96,69.53,Jul 30/b,103.17,2670000000.0,HIGH,-12.88,0.89,1.95,-7.59,0.2805,False,-8.84,False,-9.43,4.628,2.725,-2.0215,-16.86,1.614,18.0,-14.1,36.0,-5.62,69.53,41125358.0,,,48.4,0.7080200501253133,0.6090225563909775,0.21804511278195493,0.8320802005012531,0.5119047619047619,0.36967418546365916,0.2656641604010025,0.5415,0.3253,0.6054
OPK,Opko Health Inc,Healthcare,Diagnostics & Research,,,94.11,4.32,0.0,0.55,9.49,17.61,42.74,1.5,-3.47,1.67,3580000.0,1.49,1.67,Jul 27/a,4.38,1250000000.0,HIGH,12.84,7.05,1.76,18.13,0.1768,True,7.43,True,18.24,4.919,4.192,-3.5126,-3.47,0.7,13.0,13.61,38.0,34.68,1.67,4792112.0,,,162.3,0.2781954887218045,0.9724310776942355,0.5056390977443609,0.07581453634085213,0.44298245614035087,0.9705513784461153,0.9736842105263158,0.5409,0.6741,0.4419
REZI,Resideo Technologies Inc,Industrials,Industrial Distribution,8.13,9.76,109.18,1.96,0.2,-0.11,5.81,-17.23,-21.49,1.53,-41.69,1.4,2480000.0,2.83,18.37,Aug 12/a,30.83,2790000000.0,HIGH,-9.37,-5.46,2.97,-4.08,0.1104,False,-4.95,False,-17.03,3.461,2.504,-2.0513,-32.83,1.21,33.0,-27.14,26.0,-10.22,18.37,45440874.0,,,67.8,0.6992481203007519,0.23684210526315788,0.7969924812030076,0.5482456140350878,0.8214285714285714,0.13659147869674185,0.41040100250626566,0.5399,0.6497,0.5514
DEI,Douglas Emmett Inc,Real Estate,REIT - Office,,,49.59,1.63,0.0,5.81,18.39,-12.47,6.0,1.21,-37.86,2.92,1870000.0,1.92,10.25,Aug 04/a,13.1,1720000000.0,HIGH,-13.06,-3.03,2.17,-7.77,0.2271,False,-8.36,False,-12.12,2.85,1.659,-1.3024,-20.97,1.276,46.0,-17.87,32.0,-13.14,10.25,18155043.0,,,27.8,0.9010025062656641,0.5075187969924813,0.3471177944862155,0.6134085213032582,0.600250626566416,0.2619047619047619,0.2606516290726817,0.5385,0.3885,0.5941
PRTH,Priority Technology Holdings Inc,Technology,Software - Infrastructure,8.52,5.2,-13.65,9.36,-0.01,6.02,5.53,-18.69,18.02,1.62,-26.3,1.8,502620.0,1.44,5.83,Aug 06/b,9.1,480630000.0,HIGH,3.92,-2.91,1.81,9.21,0.1742,True,3.6,False,-2.47,4.123,2.744,-2.2141,-20.95,1.121,7.0,7.47,31.0,8.36,5.83,2263087.0,,,56.1,0.6528822055137845,0.5087719298245614,0.518796992481203,0.4423558897243108,0.4655388471177945,0.6353383458646616,0.8859649122807017,0.5373,0.6497,0.549
JANX,Janux Therapeutics Inc,Healthcare,Biotechnology,,,36.18,,-0.18,1.92,10.49,16.67,17.16,2.39,-53.06000000000001,1.5,1010000.0,2.41,16.59,Aug 06/a,31.53,1010000000.0,HIGH,-4.6,-4.16,2.44,0.69,0.2735,False,-9.05,False,-1.89,4.971,2.773,-3.6026,-18.32,1.496,12.0,-12.18,30.0,4.67,16.59,18276548.0,,,90.1,0.2593984962406015,0.5770676691729323,0.23684210526315785,0.7819548872180451,0.7092731829573935,0.656641604010025,0.6228070175438597,0.5369,0.533,0.6018
HE,Hawaiian Electric Industries Inc,Utilities,Utilities - Regulated Electric,7.58,10.26,370.68,25.900000000000002,0.0,2.48,10.26,-24.73,-30.990000000000002,0.49,-43.6,3.75,2069999.9999999998,3.45,9.8,Aug 07/a,9.25,1690000000.0,HIGH,-14.78,-5.41,2.6,-9.49,0.2031,False,-9.61,False,-18.29,2.799,2.857,-1.4766,-30.79,1.508,46.0,-27.41,29.0,-16.1,9.8,29430136.0,,,-5.6,0.868421052631579,0.2756892230576441,0.41604010025062654,0.7882205513784462,0.7462406015037594,0.12092731829573934,0.22556390977443608,0.5359,0.4389,0.631
ARLO,Arlo Technologies Inc,Industrials,Building Products & Equipment,47.82,12.91,-5.54,20.5,-6.309999999999999,1.01,11.1,1.38,-10.84,1.59,-33.6,1.14,1310000.0,1.67,13.24,Aug 06/a,21.0,1420000000.0,HIGH,1.07,-3.78,1.68,6.36,0.1097,False,-0.24,False,-3.2,4.715,2.568,-2.7772,-20.29,1.07,35.0,-8.5,30.0,-13.07,13.24,17196711.0,,,58.6,0.506265664160401,0.5238095238095238,0.7988721804511278,0.37969924812030076,0.40601503759398494,0.600250626566416,0.8370927318295739,0.5358,0.6963,0.4731
XRX,Xerox Holdings Corp,Industrials,Business Equipment & Supplies,,7.87,108.81999999999998,21.95,0.0,5.23,36.78,13.25,132.65,2.46,-19.91,3.0,3280000.0,1.45,3.42,Jul 30/b,3.82,449100000.0,HIGH,17.93,3.32,1.82,23.22,0.2658,True,6.66,True,12.66,6.015,7.31,-3.4462,-9.52,1.096,4.0,3.32,36.0,29.55,3.42,8505901.0,,,11.7,0.29699248120300753,0.8408521303258145,0.2506265664160401,0.41353383458646614,0.4692982456140351,0.943609022556391,0.9824561403508771,0.5358,0.609,0.5309
MC,Moelis & Co,Financial,Capital Markets,20.8,15.15,16.45,12.05,-0.8100000000000002,-0.57,7.14,-11.09,10.69,1.89,-23.63,2.82,890080.0,2.03,59.73,Jul 29/a,72.2,4850000000.0,HIGH,-12.53,-4.75,2.29,-7.24,0.2145,False,-9.08,False,-10.32,3.881,2.679,-1.8774,-17.78,1.157,26.0,-9.87,36.0,-8.46,59.73,51087994.0,,,20.9,0.7631578947368421,0.5889724310776943,0.38032581453634084,0.48621553884711777,0.6591478696741855,0.3302005012531328,0.2719298245614035,0.5347,0.4206,0.5597
ATEN,A10 Networks Inc,Technology,Software - Infrastructure,44.7,22.06,-18.53,15.5,-1.25,5.51,12.89,-21.38,18.86,1.12,-32.06,2.0,1310000.0,2.59,26.15,Aug 05/a,36.67,1900000000.0,HIGH,0.11,2.11,2.67,5.4,0.1342,True,2.56,False,-9.72,3.455,5.124,-2.5615,-32.06,1.25,51.0,-29.5,31.0,-5.25,26.15,32711138.0,,,40.2,0.5576441102756893,0.2556390977443609,0.6835839598997493,0.5964912280701754,0.7581453634085213,0.35463659147869675,0.818295739348371,0.5344,0.7598,0.5667
WTI,W & T Offshore Inc,Energy,Oil & Gas E&P,,,156.44,32.89,-0.58,14.980000000000002,15.47,19.63,27.57,0.34,-24.41,1.0,3950000.0,1.11,3.84,Aug 05/a,5.05,579620000.0,HIGH,-2.04,-4.0,1.25,3.25,0.1878,False,-0.69,True,4.06,5.432,3.906,-3.0711,-10.7,1.183,8.0,-3.03,31.0,18.15,3.84,13595998.0,,,31.5,0.39849624060150374,0.8120300751879699,0.4542606516290727,0.5231829573934837,0.18796992481203006,0.8283208020050126,0.731203007518797,0.534,0.4852,0.4845
OMDA,Omada Health Inc,Healthcare,Health Information Services,310.49,45.78,189.42,43.12,-1.04,13.209999999999999,19.07,15.82,46.66,2.08,-24.09,1.42,1330000.0,5.06,20.43,Aug 06/a,28.42,1250000000.0,HIGH,-14.48,-0.34,4.8,-9.19,0.3142,False,-8.1,False,-8.51,5.815,5.384,-3.4242,-19.72,1.61,29.0,-13.69,30.0,4.55,20.43,30318609.0,,,39.1,0.30451127819548873,0.5413533834586466,0.168546365914787,0.8308270676691729,0.956766917293233,0.39223057644110276,0.23308270676691728,0.5324,0.4308,0.6211
LXEO,Lexeo Therapeutics Inc,Healthcare,Biotechnology,,,49.57,,-0.96,6.69,29.66,-14.81,-27.46,1.55,-61.78,1.11,909250.0,2.52,4.2,Aug 12/b,20.67,344590000.0,HIGH,-13.93,-0.24,3.02,-8.64,0.2923,False,-9.18,False,-9.68,5.463,3.952,-2.2913,-22.29,1.392,22.0,-14.81,27.0,-12.13,4.2,3425673.0,,,392.1,0.62531328320802,0.46115288220551376,0.19674185463659144,0.7130325814536341,0.831453634085213,0.35902255639097747,0.2462406015037594,0.5311,0.407,0.6322
BCRX,Biocryst Pharmaceuticals Inc,Healthcare,Drug Manufacturers - Specialty & Generic,,15.0,1180.09,33.61,-0.34,4.81,15.5,-3.45,-11.52,0.54,-22.64,1.36,4560000.0,2.8,8.68,Aug 05/b,20.64,2220000000.0,HIGH,-9.11,5.47,2.86,-3.82,0.3188,False,-6.12,False,-8.04,4.551,4.032,-2.9679,-22.64,1.845,28.0,-11.79,32.0,-3.77,8.68,39815831.0,,,137.8,0.43609022556390975,0.45614035087719296,0.16040100250626566,0.9122807017543859,0.8013784461152882,0.4166666666666667,0.42606516290726815,0.5305,0.459,0.6416
ZVIA,Zevia PBC,Consumer Defensive,Beverages - Non-Alcoholic,,,-272.38,1.07,-24.55,-5.11,1.32,-7.19,20.34,0.91,-49.47,1.33,691530.0,1.92,1.42,Aug 05/a,3.96,109830000.0,HIGH,10.08,10.08,2.93,15.37,0.1772,True,4.76,False,-3.32,4.467,8.451,-2.9275,-26.42,1.122,56.0,-12.88,31.0,-3.4,1.42,610562.0,,,178.9,0.45614035087719296,0.3583959899749373,0.5018796992481203,0.4467418546365915,0.8151629072681704,0.5964912280701754,0.9555137844611529,0.5291,0.7773,0.5786
SNDX,Syndax Pharmaceuticals Inc,Healthcare,Biotechnology,,,33.35,91.76,-1.28,10.78,26.72,-7.26,-26.58,0.43,-31.14,1.08,1670000.0,3.1,17.62,Aug 04/a,37.55,1570000000.0,HIGH,-10.33,-3.98,3.2,-5.04,0.225,False,-8.74,False,-12.83,4.293,3.292,-2.4615,-30.19,1.654,12.0,-12.34,32.0,-7.65,17.62,30823084.0,,,113.1,0.5839598997493735,0.29197994987468673,0.3483709273182958,0.8489974937343359,0.8627819548872181,0.23558897243107768,0.37092731829573933,0.5286,0.5117,0.6328
INN,Summit Hotel Properties Inc,Real Estate,REIT - Hotel & Motel,,,319.38,3.16,0.0,-5.2,1.83,-15.689999999999998,27.63,1.27,-22.04,2.8,1100000.0,1.56,5.59,Aug 05/a,6.58,675010000.0,HIGH,-9.25,-2.27,2.2,-3.96,0.1321,False,-3.94,False,-10.92,3.335,3.22,-1.7167,-22.04,0.976,37.0,-18.51,31.0,-16.32,5.59,4526525.0,,,17.7,0.8045112781954887,0.4674185463659148,0.6967418546365916,0.2794486215538847,0.6146616541353384,0.30701754385964913,0.41729323308270677,0.5283,0.5603,0.5014
BHF,Brighthouse Financial Inc,Financial,Insurance - Life,3.99,2.33,1490.47,86.22,0.0,-1.35,11.37,-21.03,-16.13,0.83,-25.22,3.4,817240.0,1.58,49.95,Aug 05/a,64.0,2870000000.0,HIGH,-4.44,-0.1,1.33,0.85,0.1309,False,-3.4,False,-13.39,2.717,3.097,-1.4366,-25.22,1.472,56.0,-21.09,31.0,-19.25,49.95,50012910.0,,,28.1,0.8759398496240601,0.39223057644110276,0.7005012531328321,0.768170426065163,0.21804511278195488,0.21303258145363407,0.631578947368421,0.528,0.5282,0.5188
SWIM,Latham Group Inc,Industrials,Building Products & Equipment,150.12,22.2,-20.25,14.39,0.11,2.59,6.71,6.529999999999999,12.520000000000001,1.66,-30.85,2.43,833420.0,2.24,6.2,Aug 04/a,8.61,729410000.0,HIGH,-11.81,-3.13,2.21,-6.52,0.2111,False,-7.82,False,-5.01,5.623,4.613,-1.9076,-21.17,1.067,28.0,-15.18,32.0,8.77,6.2,5633553.0,,,38.9,0.7506265664160401,0.4993734335839599,0.3922305764411027,0.37719298245614036,0.6234335839598998,0.5238095238095238,0.29949874686716793,0.5278,0.4245,0.5688
APAM,Artisan Partners Asset Management Inc,Financial,Asset Management,9.11,9.24,18.68,8.05,-0.39,2.39,4.88,2.23,1.69,1.69,-20.13,3.0,858370.0,2.16,36.68,Jul 28/a,39.5,2970000000.0,HIGH,-13.2,-2.16,2.38,-7.91,0.2611,False,-9.46,False,-9.51,3.168,1.063,-1.4952,-17.14,1.075,18.0,-14.66,37.0,-9.07,36.68,31308604.0,,,7.7,0.8609022556390977,0.6027568922305765,0.26817042606516295,0.38345864661654133,0.6848370927318296,0.36466165413533835,0.2556390977443609,0.5275,0.3882,0.5735
OSTX,OS Therapies Inc,Healthcare,Biotechnology,,,-8.86,,0.0,0.01,6.31,-8.29,18.0,-0.72,-21.33,1.0,633720.0,1.43,1.77,Aug 14/b,8.5,82850000.0,HIGH,11.32,4.12,1.25,16.61,0.2162,True,2.49,True,8.74,7.587,3.955,-3.6612,-21.33,2.195,12.0,6.63,25.0,10.62,1.77,1277873.0,,,380.2,0.2518796992481203,0.48621553884711777,0.3771929824561403,0.956140350877193,0.18796992481203006,0.9035087719298246,0.9661654135338346,0.5272,0.556,0.5749
LRMR,Larimar Therapeutics Inc,Healthcare,Biotechnology,,,23.18,,0.09,6.04,28.55,4.12,-15.21,0.67,-40.97,1.09,1740000.0,0.94,3.79,Aug 04/b,14.4,393720000.0,HIGH,-9.33,0.26,1.64,-4.04,0.1341,False,-3.85,False,-4.83,5.548,3.43,-2.9488,-15.12,1.121,28.0,-5.49,33.0,-4.77,3.79,3927527.0,,,279.9,0.44862155388471175,0.6679197994987469,0.6854636591478697,0.4423558897243108,0.38721804511278196,0.531328320802005,0.4141604010025063,0.5272,0.4875,0.4524
EROC,ERock Inc,Industrials,Specialty Industrial Machinery,,,,,0.0,32.61,27.94,-19.89,,,-36.76,1.12,2230000.0,3.5,13.09,Aug 11/a,22.5,2870000000.0,HIGH,-7.36,16.25,3.03,-2.07,0.2784,True,5.28,True,6.96,8.698,7.869,-6.5523,-26.25,1.555,27.0,16.36,27.0,16.36,13.09,32348490.0,,,71.9,0.05012531328320802,0.36466165413533835,0.2243107769423559,0.8095238095238095,0.8352130325814536,0.8734335839598998,0.49624060150375937,0.5262,0.5164,0.6421
BDTX,Black Diamond Therapeutics Inc,Healthcare,Biotechnology,,,7.1,,0.0,-5.74,13.25,18.07,-8.84,3.32,-60.31999999999999,1.38,1030000.0,1.15,1.96,Aug 05/a,10.0,112610000.0,HIGH,-11.31,-3.45,2.13,-6.02,0.2165,False,-6.32,False,-0.43,4.77,2.551,-2.9735,-15.52,1.081,18.0,-9.05,31.0,9.5,1.96,1149621.0,,,410.2,0.4298245614035088,0.6553884711779449,0.37406015037593987,0.39097744360902253,0.5921052631578947,0.7136591478696742,0.32142857142857145,0.526,0.4184,0.5316
TNL,Travel+Leisure Co,Consumer Cyclical,Travel Services,17.19,7.11,5.86,4.42,-8.0,3.83,12.47,-17.68,-10.23,1.21,-22.04,1.15,720540.0,2.03,63.15,Jul 22/b,90.69,3870000000.0,HIGH,-11.91,-4.59,2.2,-6.62,0.2052,False,-6.74,False,-12.29,2.871,1.584,-1.6944,-20.56,1.188,38.0,-17.25,42.0,-13.91,63.15,44455331.0,,,43.6,0.8157894736842105,0.518796992481203,0.40977443609022557,0.531328320802005,0.6146616541353384,0.25626566416040103,0.29448621553884713,0.5244,0.4251,0.5545
DCH,Dauch Corp,Consumer Cyclical,Auto Parts,,4.88,-98.8,92.4,0.0,-6.2,9.03,-6.660000000000001,8.27,1.67,-36.32,2.0,3230000.0,2.27,5.89,Aug 07/b,9.4,1400000000.0,HIGH,-14.39,-5.76,2.63,-9.1,0.1977,False,-8.31,False,-3.7,5.578,5.263,-3.7131,-21.99,1.338,10.0,-11.69,30.0,3.88,5.89,17763348.0,,,59.6,0.24436090225563908,0.46867167919799496,0.43107769423558895,0.6679197994987469,0.7506265664160401,0.5776942355889725,0.23934837092731828,0.5234,0.4503,0.5602
MGNX,Macrogenics Inc,Healthcare,Biotechnology,,,153.45,47.62,-1.36,11.87,11.59,0.24,42.76,1.2,-18.5,2.17,830910.0,1.05,4.14,Aug 13/a,8.0,263720000.00000003,HIGH,0.98,-1.43,1.96,6.27,0.1157,True,0.33,True,1.06,5.21,1.812,-3.1411,-18.18,0.77,10.0,-2.59,25.0,1.47,4.14,1838464.0,,,93.2,0.38345864661654133,0.581453634085213,0.775062656641604,0.11027568922305764,0.5175438596491229,0.7706766917293233,0.8358395989974937,0.5231,0.7221,0.4455
ABEO,Abeona Therapeutics Inc,Healthcare,Biotechnology,,,-120.75,2745.0,-5.2,0.8199999999999998,29.92,-3.47,22.69,1.29,-27.190000000000005,1.0,1480000.0,1.87,5.57,Aug 13/b,18.88,318510000.0,HIGH,-8.54,2.58,1.97,-3.25,0.1823,False,-3.97,False,-11.44,4.463,5.566,-2.174,-27.19,1.566,27.0,-24.73,26.0,-12.28,5.57,7885842.0,,,239.0,0.6654135338345865,0.34461152882205515,0.48120300751879697,0.818295739348371,0.5256892230576441,0.2894736842105263,0.4573934837092732,0.5208,0.485,0.5747
FA,First Advantage Corp,Industrials,Specialty Business Services,143.29,13.78,5322.22,14.88,-11.79,5.84,13.33,28.939999999999998,88.88,1.1,-17.61,1.9,1960000.0,1.15,20.72,Aug 06/b,26.25,3560000000.0,HIGH,-0.86,-7.0,1.64,4.43,0.1031,False,-0.9,False,-1.58,3.724,2.172,-2.5438,-17.61,0.736,5.0,-2.36,31.0,0.78,20.72,28571614.0,,,26.7,0.5639097744360902,0.5939849624060151,0.8270676691729324,0.08771929824561403,0.38721804511278196,0.6647869674185464,0.7756892230576441,0.5208,0.6746,0.4259
ETON,Eton Pharmaceuticals Inc,Healthcare,Drug Manufacturers - Specialty & Generic,146.75,26.43,467.42999999999995,98.59,-29.99,9.34,4.96,70.87,167.21,0.89,-16.38,1.0,559930.0,1.59,55.5,Aug 13/a,71.0,1590000000.0,HIGH,-12.56,-3.68,1.75,-7.27,0.1865,False,-6.86,True,7.99,4.633,3.766,-2.6384,-16.38,0.832,20.0,-7.36,25.0,36.03,55.5,30517506.0,,,27.9,0.5413533834586466,0.6259398496240601,0.46303258145363413,0.15789473684210525,0.43859649122807015,0.8922305764411027,0.2694235588972431,0.5198,0.3783,0.5075
DIOD,Diodes Inc,Technology,Semiconductors,49.75,16.02,1.23,21.66,-6.11,0.9899999999999999,4.98,-22.68,37.64,1.91,-26.68,2.2,629080.0,1.12,92.37,Aug 05/a,162.5,4250000000.0,HIGH,-1.78,2.28,1.3,3.51,0.0807,True,1.69,True,0.41,4.442,2.36,-2.8455,-23.66,1.025,24.0,-10.74,31.0,7.92,92.37,49425708.0,,,75.9,0.48621553884711777,0.42857142857142855,0.9122807017543859,0.33208020050125314,0.2098997493734336,0.7481203007518797,0.7412280701754386,0.5195,0.6331,0.4441
MIR,Mirion Technologies Inc,Industrials,Specialty Industrial Machinery,178.68,23.61,-18.13,19.69,0.08,3.03,15.31,-15.310000000000002,-19.96,1.08,-47.95,1.27,4010000.0,1.87,15.76,Jul 28/a,24.27,3920000000.0,HIGH,6.34,2.47,2.02,11.63,0.2006,True,0.88,True,0.08,4.749,5.33,-2.9727,-16.61,1.053,11.0,1.22,37.0,8.17,15.76,58220030.0,,,54.0,0.43107769423558895,0.6165413533834586,0.4223057644110275,0.36466165413533835,0.5507518796992481,0.7305764411027569,0.9160401002506265,0.5193,0.6583,0.5193
CHH,Choice Hotels International Inc,Consumer Cyclical,Lodging,13.67,12.92,-19.15,3.36,-0.16,-4.76,25.09,-15.78,-2.69,0.72,-21.78,3.17,569170.0,1.5,96.85,Aug 05/b,113.73,4360000000.0,HIGH,-11.65,0.32,1.57,-6.36,0.2094,False,-5.16,False,-8.78,3.292,2.994,-1.8672,-16.34,1.229,39.0,-12.37,32.0,-10.83,96.85,54894997.0,,,17.4,0.7669172932330827,0.6303258145363408,0.40100250626566414,0.5776942355889725,0.3508771929824561,0.38596491228070173,0.3057644110275689,0.5188,0.3479,0.5204
DOCS,Doximity Inc,Healthcare,Health Information Services,30.96,16.8,-52.019999999999996,7.339999999999999,-0.06,1.05,11.45,27.61,5.28,1.22,-65.87,2.48,4600000.0,1.57,26.11,Aug 06/a,30.68,4650000000.0,HIGH,3.08,-1.06,2.67,8.37,0.1322,True,1.4,True,8.81,3.901,3.485,-2.8638,-34.72,0.689,30.0,26.38,30.0,26.38,26.11,69464161.0,,,17.5,0.47869674185463656,0.20551378446115287,0.6948621553884712,0.06892230576441102,0.7581453634085213,0.9060150375939849,0.8771929824561403,0.5187,0.7868,0.5529
ATEC,Alphatec Holdings Inc,Healthcare,Medical Devices,,16.7,40.0,15.07,0.63,-1.12,11.69,15.55,-19.97,0.78,-56.28999999999999,1.0,2520000.0,1.11,10.18,Aug 04/a,15.79,1570000000.0,HIGH,7.38,-6.26,1.23,12.67,0.2529,True,5.43,True,8.11,5.122,3.635,-4.8047,-7.71,1.388,6.0,15.16,32.0,6.37,10.18,22325248.0,,,55.1,0.12656641604010024,0.8966165413533834,0.29385964912280704,0.7111528822055138,0.17857142857142858,0.893483709273183,0.9298245614035088,0.5167,0.5137,0.4774
KOS,Kosmos Energy Ltd,Energy,Oil & Gas E&P,,9.9,266.54,54.82,-1.87,-0.26,4.26,11.43,-8.39,0.87,-18.26,2.31,14720000.0,1.07,2.73,Aug 03/b,3.19,1630000000.0,HIGH,-7.77,-6.51,1.34,-2.48,0.1309,False,-4.93,True,3.01,5.599,5.495,-3.4944,-13.33,1.039,4.0,-6.51,34.0,7.91,2.73,33888828.0,,,16.8,0.2857142857142857,0.7324561403508771,0.7005012531328321,0.34774436090225563,0.2211779448621554,0.8057644110275689,0.48621553884711777,0.5156,0.471,0.4151
FLYW,Flywire Corp,Technology,Software - Infrastructure,65.78,24.54,32.39,27.18,-14.330000000000002,9.25,10.93,9.4,45.84,1.35,-12.11,1.94,1980000.0,0.92,17.34,Aug 04/a,21.29,2109999999.9999998,HIGH,-11.26,-4.2,1.35,-5.97,0.139,False,-5.69,False,-3.01,3.777,2.855,-1.9331,-12.11,0.746,20.0,-7.52,32.0,0.46,17.34,24862917.0,,,22.8,0.7393483709273183,0.7644110275689223,0.6610275689223057,0.09398496240601503,0.22556390977443608,0.6090225563909775,0.32456140350877194,0.5156,0.3958,0.417
RPAY,Repay Holdings Corp,Technology,Software - Infrastructure,,4.01,88.56,33.16,0.0,-2.6,6.11,17.4,50.19,1.87,-31.379999999999995,1.4,545940.0,1.02,3.98,Aug 10/a,6.85,350970000.0,HIGH,-0.75,7.57,1.4,4.54,0.1585,True,5.82,True,3.83,4.065,2.136,-3.3992,-12.43,1.048,,,28.0,7.57,3.98,1487236.0,,,72.1,0.30952380952380953,0.7543859649122807,0.5827067669172932,0.35964912280701755,0.2543859649122807,0.8245614035087719,0.7807017543859649,0.5142,0.5634,0.437
JBI,Janus International Group Inc,Industrials,Building Products & Equipment,17.93,6.56,-47.02,2.37,0.0,-2.58,4.68,-19.93,-19.93,1.42,-59.089999999999996,1.8,1670000.0,3.2,4.3,Aug 11/b,7.62,586670000.0,HIGH,-15.85,-5.7,2.5,-10.56,0.2289,False,-10.09,False,-15.33,4.812,4.186,-2.5654,-24.56,1.742,33.0,-20.66,28.0,-15.02,4.3,10064950.0,,,77.2,0.5538847117794486,0.40100250626566414,0.343358395989975,0.8796992481203008,0.7218045112781954,0.17543859649122806,0.20175438596491227,0.5125,0.4003,0.5827
STIM,Neuronetics Inc,Healthcare,Medical Devices,,,69.26,9.08,6.79,-9.64,23.09,135.77,91.42,1.17,-15.7,1.0,2200000.0,0.51,2.9,Aug 11/b,5.75,220970000.0,HIGH,-3.33,-0.17,0.85,1.96,0.1306,False,-0.28,True,14.53,7.596,6.552,-3.2645,-15.7,1.039,25.0,-4.29,28.0,33.64,2.9,3812107.0,,,98.3,0.3458646616541353,0.6453634085213033,0.7030075187969924,0.34774436090225563,0.06892230576441102,0.9573934837092731,0.6741854636591479,0.5114,0.5013,0.43
MNTN,MNTN Inc,Technology,Software - Application,15.03,10.19,123.63,20.56,-0.8699999999999999,16.99,11.74,35.21,23.79,1.06,-45.88,1.27,1160000.0,2.09,11.29,Aug 04/a,17.82,844530000.0,HIGH,-12.48,-5.6,2.97,-7.19,0.2319,False,-9.33,True,0.58,5.109,3.384,-3.2845,-17.35,0.902,11.0,-14.01,32.0,12.34,11.29,10095332.0,,,57.8,0.3383458646616541,0.5952380952380952,0.33834586466165417,0.21804511278195488,0.8214285714285714,0.7568922305764411,0.2731829573934837,0.5114,0.4572,0.5337
TREX,TREX Co Inc,Industrials,Building Products & Equipment,25.22,21.16,-14.57,7.79,-0.27,-6.08,10.4,-9.42,16.07,1.48,-22.21,2.23,1890000.0,1.23,42.69,Aug 04/b,54.67,4350000000.0,HIGH,-8.84,-2.22,1.56,-3.55,0.1305,False,-4.9,False,-6.39,3.445,1.991,-2.0918,-16.23,0.911,26.0,-13.81,33.0,-4.77,42.69,66565903.0,,,28.1,0.6867167919799498,0.6328320802005013,0.7042606516290727,0.224937343358396,0.34398496240601506,0.4730576441102757,0.4392230576441103,0.511,0.4902,0.4322
HNRG,Hallador Energy Co,Utilities,Utilities - Independent Power Producers,730.43,27.12,-268.68,2.03,0.36,5.47,9.87,-22.26,-10.05,0.44,-38.79,1.0,785830.0,1.28,15.12,Aug 10/a,27.75,712810000.0,HIGH,-1.69,4.42,1.44,3.6,0.1963,False,-4.6,False,-3.72,4.632,3.373,-2.7354,-18.0,1.342,9.0,-8.92,28.0,-3.32,15.12,10956682.0,,,83.5,0.5125313283208021,0.5852130325814536,0.4335839598997494,0.6729323308270677,0.2781954887218045,0.575187969924812,0.7481203007518797,0.5096,0.5128,0.5097
AMRC,Ameresco Inc,Industrials,Engineering & Construction,45.61,14.2,-25.72,9.14,0.25,3.35,15.61,-17.07,-11.48,2.6,-47.14,1.67,662580.0,1.86,23.75,Aug 03/a,42.7,1260000000.0,HIGH,11.09,4.72,1.71,16.38,0.1413,True,4.95,True,0.93,4.992,5.558,-3.2663,-25.62,1.157,24.0,-14.87,33.0,4.49,23.75,16312861.0,,,79.8,0.3433583959899749,0.38220551378446116,0.6466165413533835,0.48621553884711777,0.41854636591478694,0.7656641604010025,0.9649122807017544,0.5071,0.7055,0.5034
ALXO,Alx Oncology Holdings Inc,Healthcare,Biotechnology,,,72.71,,-0.04,14.63,7.23,11.11,-22.37,0.45,-36.09,1.29,1220000.0,4.15,1.7,Aug 06/b,4.6,235070000.0,HIGH,-16.67,-11.69,5.72,-11.38,0.2197,False,-12.34,False,-14.14,6.218,4.706,-3.3218,-29.46,1.703,53.0,-22.37,31.0,-11.46,1.7,1658703.0,,,170.6,0.32957393483709274,0.30451127819548873,0.3609022556390977,0.8696741854636592,0.9761904761904762,0.19674185463659147,0.17167919799498746,0.5063,0.4698,0.593
NCNO,Ncino Inc,Technology,Software - Application,69.77,13.41,136.4,8.19,-3.2099999999999995,-0.66,19.42,42.23,35.81,0.79,-32.6,1.76,2860000.0,0.76,21.05,Aug 25/a,24.08,2230000000.0,HIGH,2.09,-5.09,0.77,7.38,0.1618,False,-4.23,True,5.47,3.846,2.874,-2.9438,-12.62,1.049,11.0,-8.32,17.0,1.15,21.05,62315269.0,,,14.4,0.449874686716792,0.7506265664160401,0.5708020050125313,0.3609022556390977,0.05137844611528822,0.8521303258145363,0.8596491228070176,0.506,0.5305,0.4286
HAPN,Happen Inc,Financial,Banks - Regional,9.75,6.83,50.24000000000001,31.95,-11.56,0.96,5.13,-15.770000000000001,16.82,1.88,-25.33,1.0,1660000.0,1.33,16.18,Jul 27/a,24.78,1870000000.0,HIGH,-12.16,-3.17,1.83,-6.87,0.1848,False,-6.53,False,-12.59,3.205,1.545,-1.9578,-23.86,1.368,34.0,-15.46,38.0,-13.71,16.18,20722064.0,,,53.2,0.7280701754385965,0.42042606516290726,0.4743107769423559,0.6929824561403509,0.47117794486215536,0.24310776942355888,0.28884711779448624,0.505,0.3992,0.5338
EDIT,Editas Medicine Inc,Healthcare,Biotechnology,,,75.77,232.31,-0.19,24.22,21.82,0.37,14.89,1.99,-40.49,2.27,2380000.0,7.17,2.7,Aug 05/a,4.88,414670000.0,HIGH,-13.18,-1.46,5.52,-7.89,0.3106,False,-8.78,False,-6.78,6.415,5.37,-4.4061,-29.23,2.168,16.0,-15.09,31.0,-1.82,2.7,8943550.0,,,80.7,0.15413533834586465,0.3082706766917293,0.17794486215538852,0.9548872180451128,0.974937343358396,0.45551378446115287,0.2568922305764411,0.5043,0.4486,0.6349
ADEA,Adeia Inc,Technology,Software - Application,22.94,15.51,1.81,12.11,-3.16,5.3,7.11,-21.97,5.84,2.19,-27.72,1.25,1250000.0,1.51,24.82,Aug 03/a,43.0,2740000000.0,HIGH,-5.5,0.59,2.12,-0.21,0.1366,False,-3.77,False,-7.42,3.794,3.427,-2.7992,-27.3,1.161,33.0,-10.74,33.0,-10.74,24.81,22671483.0,,,73.3,0.49874686716791977,0.34210526315789475,0.6691729323308271,0.4943609022556391,0.5877192982456141,0.4323308270676692,0.5852130325814536,0.5041,0.6112,0.5033
HUN,Huntsman Corp,Basic Materials,Chemicals,,82.55,96.24,14.06,0.96,-9.14,7.82,-24.69,-21.03,0.8,-43.49,2.71,4260000.0,0.93,9.09,Jul 30/a,11.87,1590000000.0,HIGH,-8.83,-2.26,1.58,-3.54,0.0959,False,-4.28,False,-13.21,3.52,2.86,-1.8621,-32.11,1.22,43.0,-24.19,35.0,-6.86,9.09,23661192.0,,,30.6,0.7694235588972431,0.2525062656641604,0.8583959899749374,0.5632832080200502,0.3583959899749373,0.22055137844611528,0.44110275689223055,0.5038,0.5415,0.4779
UPBD,Upbound Group Inc,Technology,Software - Application,11.14,3.72,39.24,0.51,-0.21,3.54,13.71,-6.5,-0.52,1.77,-37.62,1.71,987940.0,1.9,17.13,Jul 30/b,28.25,998670000.0,HIGH,-8.88,-6.14,2.29,-3.59,0.1377,False,-7.43,False,-12.88,3.548,2.16,-1.8439,-25.84,1.004,47.0,-18.74,36.0,-14.86,17.13,15072257.0,,,64.9,0.7706766917293233,0.37593984962406013,0.6654135338345865,0.3057644110275689,0.6591478696741855,0.23308270676691728,0.43609022556390975,0.5017,0.5718,0.4922
HLMN,Hillman Solutions Corp,Industrials,Tools & Accessories,34.39,10.33,33.96,9.79,0.12,-2.45,2.51,-11.54,-10.09,1.42,-34.29,1.62,1550000.0,1.88,7.13,Aug 03/a,12.12,1390000000.0,HIGH,-14.71,-1.11,1.61,-9.42,0.2211,False,-5.74,False,-11.57,4.007,1.262,-2.1839,-25.57,2.044,33.0,-14.2,33.0,-14.2,7.13,13378765.0,,,70.0,0.6629072681704261,0.38345864661654133,0.3533834586466166,0.943609022556391,0.37155388471177947,0.2850877192982456,0.22807017543859648,0.5,0.3087,0.5658
TDC,Teradata Corp,Technology,Software - Infrastructure,6.08,9.92,409.80999999999995,0.49,-5.14,18.01,17.42,-6.4399999999999995,6.92,0.62,-30.85,2.73,2980000.0,0.87,28.89,Aug 04/a,34.0,2690000000.0,HIGH,4.33,-1.63,1.41,9.62,0.1051,True,1.97,False,-0.31,3.254,3.358,-2.1263,-23.0,0.737,5.0,3.77,32.0,10.14,28.89,51882542.0,,,17.7,0.6779448621553885,0.44298245614035087,0.8095238095238095,0.08897243107769423,0.2606516290726817,0.7192982456140351,0.8922305764411027,0.4999,0.6779,0.4367
BCAX,Bicara Therapeutics Inc,Healthcare,Biotechnology,,,-62.5,,-1.02,3.72,24.92,-2.54,20.49,-0.79,-26.94,1.29,728720.0,1.28,22.64,Aug 11/b,33.92,1500000000.0,HIGH,-5.27,-2.41,1.74,0.02,0.1241,False,-3.25,False,-10.59,4.932,2.628,-2.2402,-26.94,1.181,53.0,-22.52,28.0,-4.71,22.64,12492771.0,,,49.8,0.6428571428571429,0.3483709273182957,0.7343358395989975,0.518170426065163,0.4323308270676692,0.32142857142857145,0.5889724310776943,0.4996,0.5856,0.4787
BLLN,Billiontoone Inc,Healthcare,Diagnostics & Research,171.92,101.72,2789.09,64.4,-1.49,4.71,9.8,0.73,43.14,,-29.59,1.44,700390.0,2.77,105.92,Aug 05/a,119.75,5000000000.0,HIGH,11.46,5.06,3.11,16.75,0.194,True,7.25,False,-4.02,4.963,7.789,-2.819,-29.59,1.044,2.0,2.23,31.0,15.57,105.92,62352614.0,,,13.1,0.49122807017543857,0.29949874686716793,0.43609022556390975,0.3533834586466165,0.8477443609022557,0.5639097744360902,0.9674185463659147,0.4986,0.7721,0.5641
PSNL,Personalis Inc,Healthcare,Diagnostics & Research,,,-32.61,29.960000000000004,-1.51,2.55,11.65,55.60000000000001,128.09,2.32,-13.18,2.8,4090000.0,0.78,16.4,Aug 04/a,16.25,1750000000.0,HIGH,-10.77,0.68,1.0,-5.48,0.1294,False,-2.06,True,9.52,3.092,1.951,-2.9914,-13.18,0.762,22.0,17.9,32.0,21.3,16.4,53837981.0,,,-0.9,0.42105263157894735,0.7368421052631579,0.7105263157894737,0.10401002506265664,0.10401002506265664,0.9147869674185464,0.3508771929824561,0.4985,0.3847,0.386
AVTX,Avalo Therapeutics Inc,Healthcare,Biotechnology,,,56.50999999999999,,-6.64,118.26999999999998,25.77,12.72,16.53,0.69,-31.730000000000004,1.0,1220000.0,2.64,16.57,Aug 06/b,45.2,888650000.0,HIGH,-16.44,2.41,3.09,-11.15,0.3338,False,-9.99,False,-11.68,6.132,3.53,-3.1459,-21.17,1.644,22.0,-15.93,31.0,-11.39,16.57,18714086.0,,,172.8,0.38095238095238093,0.4993734335839599,0.14160401002506262,0.8421052631578947,0.8452380952380952,0.2819548872180451,0.17794486215538846,0.4985,0.3672,0.5876
DSGN,Design Therapeutics Inc,Healthcare,Biotechnology,,,3.8699999999999997,,0.0,26.8,16.03,-1.6099999999999999,19.3,1.69,-29.04,1.0,708440.0,3.61,12.24,Aug 03/b,21.0,766000000.0,HIGH,-18.35,-9.47,3.2,-13.06,0.3204,False,-15.81,False,-11.8,6.029,5.229,-3.3118,-24.07,2.149,25.0,-14.94,34.0,0.49,12.24,11237435.0,,,71.6,0.3308270676691729,0.41228070175438597,0.15538847117794485,0.9523809523809523,0.8627819548872181,0.2731829573934837,0.12907268170426064,0.4978,0.3571,0.6048
HLF,Herbalife Ltd,Consumer Defensive,Packaged Foods,7.68,3.9,-152.75,5.38,-5.94,-12.68,8.57,-0.08,-20.15,0.79,-41.72,1.6,1660000.0,1.8,11.89,Aug 05/a,18.0,1250000000.0,HIGH,-6.01,-1.33,1.67,-0.72,0.1466,False,-2.26,False,-2.74,5.635,5.046,-3.6575,-11.73,0.995,18.0,-5.48,31.0,3.3,11.89,21455397.0,,,51.4,0.2531328320802005,0.7819548872180451,0.6234335839598997,0.29699248120300753,0.40225563909774437,0.62531328320802,0.5520050125313283,0.4972,0.5285,0.3944
BLBD,Blue Bird Corp,Industrials,Farm & Heavy Construction Machinery,7.34,12.78,371.03,29.94,-0.73,-3.37,12.7,-18.33,9.57,1.35,-27.529999999999998,1.12,532360.0,1.7,60.43,Aug 05/a,90.14,1910000000.0,HIGH,-2.36,-3.17,1.69,2.93,0.1096,False,-1.29,False,-11.0,3.54,2.333,-2.0473,-27.53,1.105,44.0,-22.86,31.0,-8.45,60.43,32705357.0,,,49.2,0.7005012531328321,0.33897243107769426,0.8007518796992481,0.42543859649122806,0.40852130325814534,0.30137844611528825,0.7180451127819549,0.4959,0.65,0.459
BDC,Belden Inc,Technology,Communication Equipment,18.02,11.13,14.400000000000002,11.63,-0.57,2.64,8.8,-10.01,-2.94,1.12,-30.67,1.33,506170.0,1.21,110.92,Jul 30/b,156.2,4330000000.0,HIGH,-9.42,-2.2,1.41,-4.13,0.1334,False,-4.8,False,-5.29,4.197,1.884,-3.0893,-20.91,1.244,27.0,-17.62,36.0,8.71,110.92,50217227.0,,,40.8,0.39348370927318294,0.5119047619047619,0.6879699248120301,0.5908521303258145,0.2606516290726817,0.5156641604010025,0.4066416040100251,0.4934,0.4472,0.4402
PFSI,PennyMac Financial Services Inc,Financial,Mortgage Finance,9.12,6.08,-83.96,0.45000000000000007,-0.16,-0.7,8.52,-19.45,-24.62,1.44,-58.62,2.0,582600.0,1.28,66.36,Jul 29/a,90.57,3450000000.0,HIGH,-11.63,-3.78,1.37,-6.34,0.1615,False,-6.92,False,-13.4,2.846,1.974,-1.4277,-24.38,1.313,,,36.0,-12.53,66.36,38168964.0,,,36.5,0.8771929824561403,0.40601503759398494,0.5726817042606516,0.6466165413533834,0.2362155388471178,0.21177944862155387,0.3082706766917293,0.4918,0.366,0.493
ALK,Alaska Air Group Inc,Industrials,Airlines,,8.72,-148.08,9.75,2.59,-0.79,10.18,-17.7,6.88,1.33,-33.14,1.39,2780000.0,1.18,40.54,Jul 21/a,59.03,4520000000.0,HIGH,0.32,-0.42,1.4,5.61,0.0999,False,-1.49,False,-9.12,3.251,2.639,-1.9395,-25.37,1.036,33.0,-19.26,42.0,-8.61,40.54,96553551.0,,,45.6,0.7380952380952381,0.38784461152882205,0.8446115288220551,0.3458646616541353,0.2543859649122807,0.37468671679197996,0.8245614035087719,0.4909,0.6595,0.4283
MITK,Mitek Systems Inc,Technology,Software - Application,35.88,14.18,236.20000000000002,18.17,-7.04,4.64,9.39,-3.04,16.99,0.94,-20.52,1.0,824540.0,1.63,16.73,Aug 06/a,23.62,754900000.0,HIGH,-9.86,-6.54,2.01,-4.57,0.1447,False,-6.78,False,-7.19,4.577,5.38,-3.151,-20.52,1.104,25.0,-11.53,30.0,-0.48,16.73,12014437.0,,,41.2,0.37969924812030076,0.5200501253132832,0.6328320802005012,0.4223057644110276,0.5457393483709273,0.44360902255639095,0.39097744360902253,0.4907,0.51,0.4478
SPT,Sprout Social Inc,Technology,Software - Application,,6.48,75.02,10.8,-2.48,5.3,7.9,55.27000000000001,75.65,0.99,-31.47,2.64,1280000.0,1.53,10.17,Aug 06/a,10.67,616630000.0,HIGH,1.5,-12.55,1.46,6.79,0.1878,False,-6.83,True,4.86,5.406,6.735,-3.8034,-14.25,1.104,5.0,-5.83,30.0,24.18,10.17,14587341.0,,,4.9,0.22932330827067668,0.7055137844611529,0.4542606516290727,0.4223057644110276,0.2882205513784461,0.8427318295739349,0.8464912280701754,0.4904,0.5613,0.4456
STTK,Shattuck Labs Inc,Healthcare,Biotechnology,,,52.190000000000005,,-0.17,32.76,6.46,21.41,-1.48,1.12,-27.85,1.0,1240000.0,5.97,6.01,Aug 11/b,15.25,603180000.0,HIGH,-20.19,-3.06,6.45,-14.9,0.4259,False,-11.43,False,-14.19,5.134,6.905,-3.0216,-26.26,1.848,18.0,-23.92,28.0,-15.83,6.01,7549286.0,,,153.7,0.41102756892230574,0.3634085213032581,0.0664160401002506,0.9135338345864662,0.9924812030075187,0.19360902255639098,0.10401002506265664,0.4901,0.3593,0.6277
URGN,UroGen Pharma Ltd,Healthcare,Biotechnology,,17.2,72.78,199.22,-1.32,-1.34,15.05,28.84,132.65,1.57,-14.88,1.25,827130.0,0.85,43.25,Aug 05/b,58.25,2109999999.9999998,HIGH,-7.7,1.43,1.01,-2.41,0.1333,False,-2.01,False,-0.98,5.006,2.543,-2.3164,-14.88,0.821,22.0,-11.59,32.0,8.34,43.25,30910393.0,,,34.7,0.6177944862155389,0.6766917293233082,0.6892230576441103,0.15162907268170425,0.10651629072681704,0.6929824561403509,0.487468671679198,0.4891,0.4337,0.3922
EMAT,Evolution Metals & Technologies Corp,Basic Materials,Other Industrial Metals & Mining,,,87.76,,0.0,94.82,1.57,-45.97,-43.54,0.1,-83.31,1.0,607590.0,9.21,4.02,Aug 17/b,11.5,2510000000.0,HIGH,1.26,20.72,3.73,6.55,0.4346,True,14.76,True,6.29,12.623,30.846,-8.9873,-44.63,2.364,,,24.0,44.09,4.02,5456515.0,,,186.1,0.018796992481203006,0.10401002506265664,0.06390977443609025,0.9692982456140351,0.9110275689223057,0.8646616541353384,0.8408521303258145,0.4886,0.6288,0.6909
URG,Ur-Energy Inc,Energy,Uranium,,,26.83,37.74,-1.55,5.1,15.46,-20.67,-9.85,1.14,-49.36,1.0,8150000.0,2.51,1.19,Aug 10/a,2.18,473460000.0,HIGH,-16.2,-4.8,3.2,-10.91,0.3015,False,-12.47,False,-10.13,5.042,5.882,-3.3727,-22.73,1.482,19.0,-16.2,28.0,-14.39,1.19,8568857.0,,,83.2,0.31453634085213034,0.4523809523809524,0.18796992481203012,0.7731829573934837,0.8627819548872181,0.3408521303258145,0.18421052631578946,0.4886,0.3889,0.5728
CXT,Crane NXT Co,Industrials,Business Equipment & Supplies,18.87,9.7,41.93,21.96,0.35,11.47,16.14,-2.81,9.74,1.09,-33.9,1.43,756150.0,1.01,45.61,Aug 05/a,70.17,2630000000.0,HIGH,-9.14,-8.43,1.5,-3.85,0.136,False,-7.58,False,-10.19,3.815,2.412,-2.1653,-21.05,1.112,6.0,-9.45,31.0,-12.91,45.61,25213350.0,,,53.8,0.6704260651629073,0.5050125313283208,0.6735588972431077,0.4317042606516291,0.3101503759398496,0.33771929824561403,0.42355889724310775,0.4881,0.4645,0.4375
FIRY,Firy Inc,Communication Services,Electronic Gaming & Multimedia,,,-31.61,22.92,0.0,16.69,17.31,16.97,221.11999999999998,4.65,-48.3,2.0,503460.0,0.43,10.34,Aug 13/a,2.5,171870000.0,HIGH,5.83,0.39,1.85,11.12,0.1251,True,4.09,True,8.42,3.958,2.602,-2.9719,-26.77,0.218,1.0,0.49,25.0,8.84,10.34,1168063.0,,,-75.8,0.4323308270676692,0.3533834586466165,0.7299498746867168,0.020050125313283207,0.474937343358396,0.8972431077694235,0.9110275689223057,0.4846,0.7259,0.4561
TRAX,First Tracks Biotherapeutics Inc,Healthcare,Biotechnology,,,,,-0.73,306.51,13.27,121.58,,,-22.66,1.09,768400.0,3.37,38.6,Aug 12/a,71.82,1380000000.0,HIGH,-10.46,2.74,3.82,-5.17,0.2609,False,-6.1,False,-6.91,8.248,7.85,-4.1431,-22.66,1.292,29.0,-14.85,26.0,-12.33,38.6,27780271.0,,,86.1,0.18170426065162906,0.4548872180451128,0.2694235588972431,0.6284461152882206,0.9197994987468672,0.4523809523809524,0.3659147869674185,0.4844,0.5031,0.5456
CLOV,Clover Health Investments Corp,Healthcare,Healthcare Plans,,44.43,346.63,55.60000000000001,-1.11,7.109999999999999,5.77,-10.8,135.98,2.45,-20.21,2.0,5010000.0,1.23,4.46,Aug 05/a,5.38,2370000000.0,HIGH,7.47,-12.55,1.51,12.76,0.2398,True,1.55,True,0.85,5.221,3.475,-3.4086,-20.21,1.321,7.0,2.76,31.0,7.73,4.46,18264470.0,,,20.6,0.3082706766917293,0.5275689223057645,0.32832080200501257,0.6528822055137845,0.31641604010025065,0.7619047619047619,0.9323308270676691,0.4826,0.5664,0.5099
PENN,PENN Entertainment Inc,Consumer Cyclical,Resorts & Casinos,,11.23,308.56,5.24,0.0,-1.68,11.06,-22.77,16.17,1.37,-26.43,1.87,3030000.0,1.76,16.45,Aug 06/b,24.75,2210000000.0,HIGH,-11.8,-8.61,1.94,-6.51,0.1345,False,-5.42,False,-13.35,3.626,5.957,-2.3463,-26.4,1.183,,,31.0,-16.16,16.45,47646893.0,,,50.5,0.6077694235588973,0.35964912280701755,0.6804511278195489,0.5231829573934837,0.5087719298245614,0.21553884711779447,0.3007518796992481,0.4826,0.4771,0.4638
VRRM,Verra Mobility Corp,Technology,Information Technology Services,13.16,3.67,-232.79000000000002,11.68,0.0,-2.29,8.45,-21.62,-76.02,0.42,-86.33,3.0,5260000.0,6.43,3.48,Aug 05/a,7.0,528900000.0,HIGH,-23.68,-4.13,5.37,-18.39,0.4028,False,-13.21,False,-20.48,5.275,8.046,-2.2004,-42.0,2.371,37.0,-16.75,31.0,-32.03,3.48,23761952.0,,,101.1,0.6578947368421053,0.12531328320802004,0.07894736842105265,0.9711779448621554,0.9699248120300752,0.09022556390977443,0.06892230576441102,0.4822,0.3422,0.6723
BOBS,Bob's Discount Furniture Inc,Consumer Cyclical,Specialty Retail,14.51,14.05,63.74999999999999,8.79,0.02,1.7500000000000002,15.96,10.48,10.48,,-36.74,1.38,959770.0,3.94,14.86,Aug 06/b,22.92,1940000000.0,HIGH,-15.13,-7.99,4.8,-9.84,0.2659,False,-9.35,False,-11.69,6.412,3.096,-3.9734,-23.72,1.462,26.0,-19.02,31.0,-17.72,14.86,12619280.0,,,54.2,0.20927318295739347,0.424812030075188,0.2493734335839599,0.7593984962406015,0.956766917293233,0.2807017543859649,0.21679197994987467,0.4801,0.4486,0.5515
BVS,Bioventus Inc,Healthcare,Medical Devices,16.65,14.03,333.92,3.7599999999999993,0.0,6.06,5.46,48.22,43.44,0.65,-18.77,1.0,703880.0,1.18,12.91,Aug 05/b,17.6,1090000000.0,HIGH,-10.22,-1.9,1.53,-4.93,0.1577,False,-5.28,False,-2.99,4.031,5.035,-2.1572,-18.77,0.771,32.0,-3.8,32.0,-3.8,12.91,7398466.0,,,36.3,0.6741854636591479,0.5670426065162907,0.5889724310776943,0.11152882205513784,0.3258145363408521,0.6102756892230576,0.37468671679197996,0.4796,0.4243,0.4305
MNR,Mach Natural Resources LP,Energy,Oil & Gas E&P,21.04,8.34,-22.82,64.19,-3.8900000000000006,-6.47,1.38,-10.6,-20.61,-0.39,-25.900000000000002,1.5,559030.0,1.98,11.13,Aug 06/a,17.56,1860000000.0,HIGH,-12.43,-10.89,0.94,-7.14,0.2073,False,-9.34,False,-13.0,3.111,2.516,-2.4824,-18.82,5.665,35.0,-17.43,30.0,-14.12,11.13,13441011.0,,,57.8,0.5789473684210527,0.5651629072681704,0.4035087719298246,0.9987468671679198,0.09649122807017543,0.22807017543859648,0.2756892230576441,0.4785,0.2603,0.4756
CLYM,Climb Bio Inc,Healthcare,Biotechnology,,,-38.22,,-2.24,73.24,14.12,22.71,101.29000000000002,-0.05,-23.35,1.06,1450000.0,2.79,14.05,Aug 06/b,27.47,806980000.0,HIGH,-18.69,-3.5,2.26,-13.4,0.297,False,-6.89,False,-1.46,8.169,3.701,-4.9841,-23.35,1.526,18.0,-14.33,31.0,12.67,14.05,26688907.0,,,95.5,0.10902255639097744,0.4348370927318296,0.19298245614035092,0.8007518796992481,0.6484962406015038,0.6716791979949874,0.12343358395989974,0.4763,0.3018,0.5575
XIFR,XPLR Infrastructure LP,Utilities,Utilities - Renewable,16.36,17.18,-52.05,5.57,0.0,1.18,5.29,-7.449999999999999,6.52,0.89,-17.43,3.0,890100.0,1.0,10.94,Jul 28/b,12.75,2109999999.9999998,HIGH,-1.88,-2.32,1.23,3.41,0.1344,False,-5.46,False,-6.98,2.981,2.879,-1.9494,-15.26,0.812,11.0,-8.07,38.0,-7.45,10.94,8424940.0,,,16.5,0.7330827067669173,0.6647869674185464,0.681704260651629,0.14348370927318296,0.17857142857142858,0.45112781954887216,0.7355889724310777,0.4755,0.5523,0.3766
BV,BrightView Holdings Inc,Industrials,Specialty Business Services,,17.43,-119.75,1.31,0.2,0.22,5.67,-18.39,-9.28,1.19,-28.999999999999996,1.82,1060000.0,1.17,10.65,Aug 04/a,15.45,986190000.0,HIGH,-5.75,-5.33,1.41,-0.46,0.0679,False,-4.08,False,-12.7,2.832,1.69,-1.6039,-29.0,0.946,46.0,-26.04,32.0,0.47,10.65,9732342.0,,,45.1,0.8333333333333334,0.31203007518796994,0.9423558897243107,0.2575187969924812,0.2606516290726817,0.23934837092731828,0.568295739348371,0.4742,0.5882,0.3977
HROW,Harrow Inc,Healthcare,Drug Manufacturers - Specialty & Generic,,14.91,-459.56,10.85,0.07,2.07,21.32,-22.84,-3.8699999999999997,0.18,-39.69,1.0,605390.0,2.88,33.08,Aug 10/a,65.0,1240000000.0,HIGH,-19.22,-2.91,3.15,-13.93,0.2737,False,-10.8,False,-15.87,4.31,4.353,-2.6635,-30.36,1.471,21.0,-20.56,28.0,-16.08,33.08,20069711.0,,,96.5,0.5363408521303258,0.2882205513784461,0.2343358395989975,0.7669172932330827,0.850250626566416,0.16791979949874686,0.11278195488721804,0.474,0.3705,0.5804
EYE,National Vision Holdings Inc,Consumer Cyclical,Specialty Retail,27.27,13.97,41.28,2.55,2.22,3.32,18.31,0.57,-40.66,0.98,-43.79,1.58,2100000.0,2.43,16.88,Aug 12/b,28.18,1330000000.0,HIGH,-5.62,-3.63,2.15,-0.33,0.1668,False,-2.18,False,-12.58,4.728,2.044,-2.9595,-29.39,1.365,34.0,-23.43,27.0,-13.51,16.88,40909572.0,,,66.9,0.4398496240601504,0.3057644110275689,0.5576441102756893,0.6904761904761905,0.5952380952380952,0.24436090225563908,0.5795739348370927,0.4722,0.5777,0.4925
AMSC,American Superconductor Corp,Industrials,Specialty Industrial Machinery,9.97,23.44,19.03,30.010000000000005,-8.95,4.61,7.82,-30.44,-1.5700000000000003,3.33,-57.17,1.0,757520.0,1.31,30.19,Aug 05/a,61.4,1460000000.0,HIGH,0.6,10.67,1.43,5.89,0.1163,True,3.96,False,-2.16,3.991,4.935,-3.1026,-29.53,1.122,,,31.0,-8.24,30.19,20108324.0,,,103.4,0.38972431077694236,0.30200501253132833,0.7731829573934837,0.4467418546365915,0.27130325814536344,0.6453634085213033,0.8308270676691729,0.4714,0.6457,0.4383
ASO,Academy Sports and Outdoors Inc,Consumer Cyclical,Specialty Retail,8.05,6.84,17.1,2.97,-10.46,1.48,15.57,-6.81,-9.01,0.97,-22.67,2.23,1730000.0,2.3,48.29,Sep 09/b,59.65,2970000000.0,HIGH,5.37,-10.99,1.59,10.66,0.3634,True,2.57,True,1.39,4.872,4.08,-4.3831,-15.1,1.452,8.0,8.01,8.0,8.01,48.29,120322022.0,,,23.5,0.15538847117794485,0.6691729323308271,0.11027568922305764,0.7543859649122807,0.3634085213032581,0.7756892230576441,0.899749373433584,0.4714,0.502,0.5122
PPTA,Perpetua Resources Corp,Basic Materials,Other Precious Metals & Mining,,,-889.5900000000001,,-0.14,-0.76,9.46,-4.44,-12.659999999999998,0.15,-37.81,1.0,1170000.0,1.38,23.24,Aug 15/a,37.98,2910000000.0,HIGH,-9.57,3.06,1.54,-4.28,0.2118,False,-5.13,True,4.25,4.749,3.657,-3.0616,-15.67,0.908,19.0,-9.57,24.0,-4.72,23.24,25787973.0,,,63.4,0.40476190476190477,0.6466165413533834,0.3884711779448622,0.22305764411027568,0.3333333333333333,0.8308270676691729,0.40225563909774437,0.4712,0.3774,0.448
CTOS,Custom Truck One Source Inc,Industrials,Rental & Leasing Services,99.36,31.45,136.15,10.16,0.0,1.92,7.38,-17.21,48.8,1.43,-23.71,1.33,1070000.0,1.26,9.33,Aug 03/a,13.33,2120000000.0,HIGH,-4.5,5.9,1.42,0.79,0.1301,True,0.87,False,-6.48,3.155,3.483,-2.1487,-23.71,0.967,33.0,-12.23,33.0,-12.23,9.33,8701712.0,,,42.9,0.6766917293233082,0.42606516290726815,0.7067669172932332,0.2731829573934837,0.2656641604010025,0.4674185463659148,0.6303258145363408,0.4693,0.5439,0.4207
COCO,Vita Coco Company Inc,Consumer Defensive,Beverages - Non-Alcoholic,30.81,25.4,112.29,28.08,-8.29,-1.52,12.02,-33.56,3.4099999999999997,0.75,-34.96,1.67,1220000.0,2.61,55.82,Jul 23/b,83.22,3200000000.0,HIGH,-11.89,1.44,2.19,-6.6,0.2865,False,-2.77,False,-12.54,4.227,3.108,-2.418,-33.67,1.992,,,41.0,-19.53,55.82,81926065.0,,,49.1,0.5914786967418546,0.22305764411027568,0.20802005012531333,0.9373433583959899,0.6083959899749374,0.24561403508771928,0.2957393483709273,0.469,0.3632,0.5957
QUBT,Quantum Computing Inc,Technology,Computer Hardware,,,79.73,9000.0,0.0,3.6699999999999995,32.25,-19.14,21.0,3.74,-66.33,1.57,9270000.0,1.05,8.7,Aug 10/a,18.67,1970000000.0,HIGH,-2.47,9.16,1.46,2.82,0.1533,True,6.27,True,5.0,3.977,5.402,-3.9246,-14.62,0.842,33.0,-0.46,28.0,-2.58,8.7,55135822.0,,,114.6,0.21679197994987467,0.6929824561403509,0.600250626566416,0.16791979949874686,0.2882205513784461,0.8458646616541353,0.7117794486215538,0.4687,0.5513,0.3797
BSIN,Big Sky Industrial Inc,Energy,Oil & Gas E&P,,19.63,76.54,5.23,0.09,6.909999999999999,2.6,53.92,53.92,0.89,-5.99,1.0,1530000.0,0.23,1.57,Aug 11/b,2.75,82410000.0,HIGH,12.14,-4.85,0.41,17.43,0.1583,True,1.78,True,13.57,5.005,3.822,-3.5591,-5.99,0.606,5.0,0.0,28.0,29.75,1.57,1334862.0,,,75.2,0.2681704260651629,0.9367167919799498,0.5839598997493735,0.046365914786967416,0.023809523809523808,0.9511278195488722,0.9699248120300752,0.4684,0.5703,0.3224
IHRT,iHeartMedia Inc,Communication Services,Broadcasting,,44.95,3.46,4.67,0.0,6.6000000000000005,5.31,-34.26,-8.53,2.27,-64.02,4.0,701560.0,3.65,2.36,Aug 10/a,3.62,399890000.0,HIGH,-15.41,-13.55,4.61,-10.12,0.1822,False,-11.86,False,-26.36,5.857,4.237,-2.8877,-48.95,1.465,,,28.0,-19.59,2.36,1449289.0,,,53.4,0.47117794486215536,0.08395989974937343,0.48245614035087714,0.7625313283208021,0.9511278195488722,0.05012531328320802,0.21052631578947367,0.4669,0.5143,0.5587
RILY,BRC Group Holdings Inc,Financial,Financial Conglomerates,0.47,,-80.66,5.22,-2.99,39.07,16.8,-33.56,-19.62,1.21,-46.8,,668280.0,2.23,5.98,Aug 06/a,,240390000.0,HIGH,-16.01,-4.17,2.78,-10.72,0.2616,False,-11.18,False,-14.19,4.348,3.01,-2.3238,-32.66,1.377,33.0,-20.16,30.0,-16.71,5.98,3557362.0,,,,0.6152882205513784,0.24060150375939848,0.26691729323308266,0.6979949874686717,0.7869674185463659,0.19360902255639098,0.18984962406015038,0.4669,0.3921,0.5735
DAKT,Daktronics Inc,Technology,Electronic Components,17.69,11.79,19.96,7.12,-0.18,0.48,5.64,-16.14,-14.99,1.68,-38.41,1.0,617710.0,1.46,17.41,Sep 02/b,32.0,837290000.0,HIGH,-9.32,-2.79,1.11,-4.03,0.1713,False,-7.44,False,-11.16,4.394,2.298,-1.75,-21.96,1.218,34.0,-11.94,12.0,-8.99,17.41,15303542.0,,,83.8,0.7982456140350878,0.4699248120300752,0.5363408521303259,0.5570175438596491,0.13847117794486216,0.2951127819548872,0.41604010025062654,0.4659,0.3689,0.4472
CAL,Caleres Inc,Consumer Cyclical,Apparel Retail,7.79,5.35,767.27,5.61,-0.6,-1.12,11.94,-10.65,11.28,0.74,-23.52,2.0,541400.0,1.96,11.74,Sep 09/b,17.0,405090000.0,HIGH,-13.8,-6.38,1.7,-8.51,0.1773,False,-5.47,False,-7.87,6.169,4.514,-3.0051,-21.37,1.218,34.0,-8.57,8.0,-2.41,11.74,7682728.0,,,44.8,0.41604010025062654,0.4824561403508772,0.5,0.5570175438596491,0.41290726817042606,0.4223057644110276,0.2506265664160401,0.4651,0.3741,0.4521
AMPL,Amplitude Inc,Technology,Software - Application,,76.49,-42.49,21.16,-1.28,-3.09,8.88,102.14000000000001,83.08,1.5,-10.57,1.58,2100000.0,0.91,13.2,Aug 05/a,13.77,1650000000.0,HIGH,-0.68,-3.3,1.17,4.61,0.1725,False,-0.88,True,14.28,4.814,6.667,-3.7851,-10.57,0.754,16.0,1.85,31.0,31.87,13.2,21826681.0,,,4.3,0.23433583959899748,0.8145363408521303,0.5256892230576441,0.10025062656641603,0.15726817042606517,0.956140350877193,0.7882205513784462,0.4647,0.5202,0.362
YELP,Yelp Inc,Communication Services,Internet Content & Information,9.4,7.76,-15.380000000000003,1.38,-3.5900000000000003,-2.6,17.72,-14.2,-19.58,0.44,-43.08,2.92,1160000.0,2.72,19.63,Aug 06/a,25.29,1070000000.0000001,HIGH,-16.33,-10.08,2.66,-11.04,0.2165,False,-10.27,False,-18.29,4.421,4.177,-2.2398,-32.84,1.304,38.0,-25.67,30.0,-21.61,19.63,25669772.0,,,28.8,0.6441102756892231,0.23558897243107768,0.37406015037593987,0.6428571428571429,0.7556390977443609,0.12092731829573934,0.18170426065162906,0.4622,0.4116,0.5409
SMRT,SmartRent Inc,Technology,Software - Application,,,49.04,4.01,3.4099999999999997,1.26,4.62,6.19,-24.53,1.65,-45.45,3.0,1790000.0,1.57,1.2,Aug 05/b,1.45,229930000.0,HIGH,-16.08,3.45,3.38,-10.79,0.3183,False,-6.32,False,-0.35,4.143,5.833,-3.1251,-21.05,0.778,25.0,-16.67,32.0,14.29,1.2,1059899.0,,,20.8,0.38596491228070173,0.5050125313283208,0.16165413533834583,0.11904761904761904,0.87468671679198,0.7180451127819549,0.18671679197994986,0.4607,0.3856,0.5244
NG,Novagold Resources Inc,Basic Materials,Gold,,,62.519999999999996,,0.0,0.58,7.37,-6.79,-7.969999999999999,0.94,-49.51,1.0,5440000.0,2.37,7.27,Jun 24/b,14.27,3190000000.0,HIGH,-16.63,0.55,2.07,-11.34,0.3949,False,-11.07,True,0.8,6.249,4.127,-3.8684,-26.34,1.466,22.0,-1.89,61.0,17.26,7.27,50518809.0,,,96.3,0.22180451127819548,0.3609022556390977,0.0864661654135338,0.7650375939849624,0.5695488721804511,0.7606516290726817,0.17293233082706766,0.4607,0.266,0.5793
KLIC,Kulicke & Soffa Industries Inc,Technology,Semiconductor Equipment & Materials,38.18,14.08,1822.12,122.63,-5.22,1.7500000000000002,4.08,-31.78,24.54,1.57,-38.78,2.25,1010000.0,1.47,83.14,Aug 05/a,106.67,4350000000.0,HIGH,-3.04,4.64,2.26,2.25,0.1248,True,1.35,False,-8.4,3.931,2.406,-2.7282,-38.78,1.012,56.0,-37.84,31.0,-8.29,83.14,53598642.0,,,28.3,0.5175438596491229,0.14786967418546365,0.731829573934837,0.3151629072681704,0.6484962406015038,0.39786967418546365,0.6842105263157895,0.4598,0.6878,0.4698
SGRY,Surgery Partners Inc,Healthcare,Medical Care Facilities,,26.95,-490.86,2.75,0.02,-0.45999999999999996,16.61,-8.93,9.96,1.91,-43.47,1.5,1980000.0,1.4,13.25,Aug 10/b,18.82,1730000000.0,HIGH,-8.75,-5.63,1.15,-3.46,0.0958,False,-5.32,False,-10.82,5.182,3.917,-2.605,-24.03,1.135,55.0,-20.18,29.0,-14.68,13.25,33761839.0,,,42.0,0.5451127819548872,0.41478696741854637,0.8596491228070176,0.46867167919799496,0.15037593984962405,0.31453634085213034,0.4467418546365915,0.4589,0.4817,0.3697
VVV,Valvoline Inc,Consumer Cyclical,Auto & Truck Dealerships,33.91,13.46,13.98,24.05,2.27,-1.69,10.36,-29.710000000000004,-18.46,1.05,-34.86,1.61,2140000.0,2.46,26.76,Aug 05/b,43.69,3410000000.0,HIGH,-21.2,-11.89,2.33,-15.91,0.2737,False,-13.36,False,-22.85,3.427,2.205,-1.981,-34.86,1.662,46.0,-32.05,32.0,-27.64,26.76,68440871.0,,,63.3,0.7205513784461153,0.20175438596491227,0.2343358395989975,0.8546365914786967,0.674812030075188,0.06516290726817042,0.08771929824561403,0.4585,0.3078,0.5788
MBC,MasterBrand Inc,Consumer Cyclical,"Furnishings, Fixtures & Appliances",,27.58,-229.8,11.53,-0.15,45.15,8.6,-26.93,-14.029999999999998,1.5,-52.56000000000001,3.0,2210000.0,4.74,6.62,Aug 04/a,10.36,1350000000.0,HIGH,-27.33,-6.76,4.01,-22.04,0.4366,False,-16.93,False,-22.28,6.577,5.891,-2.7042,-36.07,2.441,33.0,-25.78,32.0,-27.57,6.62,19550899.0,,,56.5,0.5288220551378446,0.18421052631578946,0.06265664160401008,0.9736842105263158,0.9298245614035088,0.07142857142857142,0.03759398496240601,0.4584,0.3128,0.6259
TLS,Telos Corp,Technology,Software - Infrastructure,,18.22,106.52999999999999,32.74,-2.82,3.73,5.29,-9.96,-4.68,0.95,-51.32,2.0,616000.0,2.64,4.07,Aug 10/b,6.33,304180000.0,HIGH,-9.56,-5.13,2.25,-4.27,0.2577,False,-9.53,False,-10.32,6.236,4.472,-4.9161,-20.66,1.662,11.0,-13.59,29.0,0.99,4.07,3212157.0,,,55.5,0.11403508771929824,0.5162907268170426,0.2807017543859649,0.8546365914786967,0.6447368421052632,0.3302005012531328,0.40350877192982454,0.4568,0.439,0.4859
KOD,Kodiak Sciences Inc,Healthcare,Biotechnology,,,-1.8500000000000003,,-1.26,4.7,18.54,-9.49,44.32,2.25,-31.629999999999995,1.0,681890.0,2.36,32.71,Aug 13/a,69.6,2060000000.0,HIGH,-14.66,-1.3,2.4,-9.37,0.2819,False,-8.36,False,-16.92,4.865,3.913,-2.2544,-30.21,1.46,32.0,-23.74,25.0,-18.18,32.71,23582523.0,,,112.8,0.6403508771929824,0.2907268170426065,0.2142857142857143,0.7581453634085213,0.6929824561403509,0.14285714285714285,0.23057644110275688,0.4566,0.3644,0.5586
AGEN,Agenus Inc,Healthcare,Biotechnology,2.96,,98.53,34.36,0.0,17.95,16.76,161.67,106.04,1.37,-11.3,1.0,4240000.0,0.49,7.85,Aug 06/b,26.33,354520000.0,HIGH,-2.97,10.1,2.2,2.32,0.2625,True,2.82,True,12.43,5.787,7.006,-4.9963,-11.3,0.199,18.0,2.35,31.0,4.81,7.85,7252149.0,,,235.4,0.10776942355889724,0.7944862155388471,0.2593984962406015,0.017543859649122806,0.6146616541353384,0.9398496240601504,0.6873433583959899,0.4556,0.5372,0.42
EXTR,Extreme Networks Inc,Technology,Communication Equipment,71.05,14.67,329.59,10.28,-16.1,0.97,6.42,-28.9,48.44,1.75,-33.86,1.25,1800000.0,1.33,22.31,Aug 05/b,33.5,2910000000.0,HIGH,-3.08,3.14,1.74,2.21,0.0969,True,0.67,False,-13.05,3.211,3.451,-2.09,-33.86,1.01,51.0,-28.31,32.0,-14.81,22.31,30511290.0,,,50.2,0.6892230576441103,0.21929824561403508,0.8521303258145363,0.31140350877192985,0.4323308270676692,0.22556390977443608,0.6829573934837093,0.455,0.6585,0.4146
HYMC,Hycroft Mining Holding Corp,Basic Materials,Gold,,,46.7,,0.45000000000000007,19.92,28.05,-17.72,-32.62,2.77,-63.56,2.0,1950000.0,3.22,21.4,Jul 29,25.0,1990000000.0,HIGH,-20.95,4.14,2.9,-15.66,0.3606,False,-7.15,False,-6.34,6.887,5.467,-4.2009,-28.12,1.564,22.0,-11.53,,,21.4,49562922.0,,,16.8,0.17794486215538846,0.32957393483709274,0.11152882205513781,0.8170426065162907,0.8114035087719298,0.47619047619047616,0.09147869674185463,0.4539,0.3135,0.5706
IPSC,Century Therapeutics Inc,Healthcare,Biotechnology,,,55.50000000000001,,-0.02,11.39,24.03,-18.78,-25.3,1.66,-38.82,1.33,1050000.0,1.31,1.86,Aug 12/b,5.12,336800000.0,HIGH,-10.14,-7.0,2.88,-4.85,0.2012,False,-8.61,False,-9.65,5.415,3.495,-3.3676,-27.06,1.133,16.0,-13.08,27.0,-5.1,1.86,955631.0,,,175.3,0.31704260651629074,0.34711779448621555,0.4197994987468672,0.46616541353383456,0.8057644110275689,0.36152882205513787,0.38032581453634084,0.4529,0.5198,0.4876
EEFT,Euronet Worldwide Inc,Technology,Software - Infrastructure,10.37,5.5,-24.69,3.17,0.13,-2.94,13.52,0.29,-1.87,0.83,-27.08,2.3,666060.0,1.24,66.03,Jul 30/b,83.43,2470000000.0,HIGH,-5.77,-7.34,1.39,-0.48,0.1097,False,-6.2,False,-10.23,3.693,2.544,-2.3165,-21.36,0.917,38.0,-16.61,36.0,-13.88,66.03,41892062.0,,,26.4,0.6165413533834586,0.4843358395989975,0.7988721804511278,0.22932330827067668,0.2474937343358396,0.3333333333333333,0.5651629072681704,0.4516,0.54,0.3567
SG,Sweetgreen Inc,Consumer Cyclical,Restaurants,72.2,,-12.42,3.81,3.2,2.25,24.11,-19.51,35.21,2.2,-32.08,2.47,5590000.0,1.05,7.22,Aug 06/a,7.0,859480000.0,HIGH,3.29,-0.41,1.23,8.58,0.1118,True,5.03,True,10.2,6.163,4.709,-3.589,-23.92,0.812,6.0,6.8,30.0,33.7,7.22,32796947.0,,,-3.0,0.2606516290726817,0.41791979949874686,0.786967418546366,0.14348370927318296,0.17857142857142858,0.9210526315789473,0.8809523809523809,0.4514,0.642,0.3759
BJRI,BJ's Restaurant Inc,Consumer Cyclical,Restaurants,31.78,21.76,-11.28,6.370000000000001,-6.94,-1.04,9.38,9.15,69.44,1.33,-20.19,2.2,521470.0,1.47,59.54,Jul 30/a,74.5,1270000000.0,HIGH,-10.81,-4.18,1.63,-5.52,0.1756,False,-4.28,False,-8.43,3.742,2.57,-2.356,-20.19,0.983,39.0,-10.95,35.0,-11.94,59.54,29253332.0,,,25.1,0.6040100250626567,0.5294486215538847,0.5112781954887218,0.2844611528822055,0.38220551378446116,0.39598997493734334,0.34899749373433586,0.4512,0.4076,0.4167
GALT,Galectin Therapeutics Inc,Healthcare,Biotechnology,,,-16.57,,-0.2,7.12,19.09,37.7,38.93,0.39,-45.44,1.0,656270.0,1.62,3.89,Aug 14/b,11.0,392310000.0,HIGH,5.71,1.3,3.06,11.0,0.2556,False,-3.08,True,3.14,7.437,6.17,-4.3499,-29.91,1.012,10.0,-10.57,25.0,13.08,3.89,1409557.0,,,182.8,0.15789473684210525,0.2957393483709273,0.28822055137844615,0.3151629072681704,0.8383458646616542,0.8070175438596491,0.9072681704260651,0.4504,0.7009,0.5296
EOLS,Evolus Inc,Healthcare,Drug Manufacturers - Specialty & Generic,,30.82,54.03,21.18,-1.46,9.3,9.28,18.55,61.73,1.34,-15.57,1.33,916690.0,1.29,7.86,Aug 05/a,15.0,519159999.99999994,HIGH,-6.32,-0.88,1.18,-1.03,0.2415,False,-8.16,True,5.13,4.71,2.481,-2.7465,-15.57,0.886,10.0,-13.15,31.0,27.18,7.86,8625108.0,,,90.8,0.5112781954887218,0.6535087719298246,0.3220551378446115,0.20300751879699247,0.16228070175438597,0.849624060150376,0.531328320802005,0.4503,0.3578,0.4315
NRXP,NRX Pharmaceuticals Inc,Healthcare,Biotechnology,,,55.24,,0.0,13.449999999999998,24.3,-16.37,80.43,2.06,-34.32,1.0,942550.0,1.01,3.32,Aug 17/b,34.67,143740000.0,HIGH,-6.74,-4.87,1.38,-1.45,0.1017,False,-4.05,False,-7.23,4.324,3.313,-2.8026,-28.45,1.05,18.0,-3.77,24.0,1.53,3.32,2355597.0,,,944.3,0.49624060150375937,0.32205513784461154,0.837092731829574,0.36215538847117795,0.2412280701754386,0.44047619047619047,0.5175438596491229,0.4499,0.5305,0.385
DNLI,Denali Therapeutics Inc,Healthcare,Biotechnology,,,5.93,,-0.18,2.29,11.12,-15.4,-0.15,1.03,-27.77,1.15,1580000.0,1.88,19.72,Aug 06/a,36.06,3150000000.0,HIGH,-20.87,-7.07,2.17,-15.58,0.3107,False,-12.34,False,-16.03,3.659,3.017,-1.5508,-27.77,1.224,22.0,-18.88,30.0,-20.26,19.72,29952828.0,,,82.9,0.8489974937343359,0.3333333333333333,0.17606516290726815,0.5708020050125313,0.600250626566416,0.16666666666666666,0.09273182957393483,0.4494,0.27,0.5467
ALTO,Alto Ingredients Inc,Basic Materials,Specialty Chemicals,6.01,12.12,197.43,12.48,0.93,6.49,9.25,-20.32,-11.5,0.14,-34.48,1.0,2110000.0,1.51,4.0,Aug 05/a,9.0,310270000.0,HIGH,-8.68,1.01,2.24,-3.39,0.1005,False,-1.28,False,-10.72,4.0,3.0,-2.4736,-34.53,0.753,56.0,-29.82,31.0,-11.5,4.0,5758652.0,,,125.0,0.581453634085213,0.21052631578947367,0.8408521303258145,0.09899749373433583,0.6416040100250626,0.3182957393483709,0.4517543859649123,0.4486,0.6254,0.4101
FRSH,Freshworks Inc,Technology,Software - Application,18.77,14.77,301.69,15.98,-0.12,1.58,12.02,38.26,51.23,0.9,-12.44,2.05,13560000.0,0.41,12.25,Aug 04/a,14.64,3200000000.0,HIGH,-5.62,-3.09,1.37,-0.33,0.196,False,-4.65,True,2.09,3.896,4.204,-2.9499,-12.44,0.521,16.0,-5.11,32.0,6.34,12.25,51658837.0,,,19.5,0.4448621553884712,0.7531328320802005,0.4348370927318296,0.03195488721804511,0.2362155388471178,0.7894736842105263,0.5795739348370927,0.4484,0.4331,0.3756
AIOT,PowerFleet Inc,Technology,Software - Application,,16.36,18.1,6.41,0.0,-2.3,12.1,-27.639999999999997,-1.71,1.39,-51.019999999999996,1.29,1710000.0,1.37,2.88,Aug 10/b,8.4,386570000.0,HIGH,-5.26,-5.57,1.72,0.03,0.0595,False,-3.78,False,-17.0,3.001,3.819,-1.7147,-36.14,0.844,30.0,-30.27,29.0,-5.88,2.88,4068207.0,,,191.7,0.8057644110275689,0.18045112781954886,0.9636591478696742,0.17230576441102757,0.42293233082706766,0.13909774436090225,0.5902255639097744,0.4474,0.6521,0.385
RCKT,Rocket Pharmaceuticals Inc,Healthcare,Biotechnology,,,273.32,,-3.2799999999999994,2.91,14.2,0.6,-23.23,0.47,-38.17,2.33,1940000.0,0.82,3.37,Aug 10/a,8.85,369940000.0,HIGH,-3.99,-1.75,1.03,1.3,0.1879,False,-6.75,False,-3.84,6.496,6.231,-3.3518,-22.17,1.465,15.0,-6.91,28.0,-3.71,3.37,5597377.0,,,162.6,0.3208020050125313,0.46616541353383456,0.45112781954887216,0.7625313283208021,0.11215538847117794,0.568922305764411,0.649749373433584,0.447,0.4289,0.4411
WRBY,Warby Parker Inc,Healthcare,Medical Instruments & Supplies,370.68,37.43,358.04,9.81,-3.53,18.63,15.95,-13.33,-7.670000000000001,1.91,-27.42,1.81,2890000.0,1.67,22.5,Aug 06/b,30.46,2780000000.0,HIGH,-18.0,-12.49,1.97,-12.71,0.1791,False,-8.97,False,-12.73,5.711,8.844,-2.9093,-27.26,1.278,33.0,-20.44,31.0,-16.54,22.5,59807260.0,,,35.4,0.46365914786967416,0.3433583959899749,0.49310776942355894,0.6159147869674185,0.5256892230576441,0.23809523809523808,0.13157894736842105,0.4466,0.3583,0.4608
RXO,RXO Inc,Industrials,Trucking,,32.93,0.75,25.019999999999996,0.0,-1.28,8.97,-20.2,48.75,1.99,-32.24,2.67,1780000.0,2.45,20.26,Aug 06/b,24.53,3340000000.0,HIGH,-10.12,4.11,2.6,-4.83,0.21,False,-1.43,False,-10.8,5.21,4.047,-2.9873,-32.24,1.197,43.0,-29.82,31.0,0.1,20.26,34315376.0,,,21.1,0.42355889724310775,0.25,0.3972431077694235,0.5382205513784462,0.7462406015037594,0.3157894736842105,0.38283208020050125,0.4452,0.4962,0.506
MAZE,Maze Therapeutics Inc,Healthcare,Biotechnology,,,1.29,,-1.77,11.93,17.17,-12.31,-54.44,2.25,-58.02,1.0,547370.0,2.73,22.52,Aug 11/a,62.55,1250000000.0,HIGH,-23.48,-8.72,2.9,-18.19,0.3465,False,-14.39,False,-17.99,6.039,6.905,-2.4213,-32.78,1.483,18.0,-23.92,27.0,-17.54,22.52,13187950.0,,,177.8,0.5902255639097744,0.23934837092731828,0.13032581453634084,0.7744360902255639,0.8114035087719298,0.12406015037593984,0.07017543859649122,0.445,0.3106,0.575
HDSN,Hudson Technologies Inc,Basic Materials,Specialty Chemicals,26.14,15.55,-47.91,7.539999999999999,21.75,-5.51,8.74,-12.07,-12.67,0.83,-49.81,2.0,567580.0,0.98,5.17,Aug 05/a,7.31,217600000.0,HIGH,-8.17,-3.0,1.11,-2.88,0.1038,False,-2.92,False,-9.8,2.888,1.354,-1.8691,-21.19,0.744,50.0,-19.34,31.0,-8.66,5.17,2672660.0,,,41.4,0.7656641604010025,0.4974937343358396,0.8201754385964912,0.09147869674185463,0.13847117794486216,0.35150375939849626,0.4699248120300752,0.4441,0.4756,0.3368
REYN,Reynolds Consumer Products Inc,Consumer Cyclical,Packaging & Containers,13.53,13.17,21.0,0.64,0.0,5.31,11.53,-7.33,5.99,0.53,-19.03,2.62,1390000.0,1.28,22.12,Jul 29/b,27.14,4660000000.0,HIGH,-13.15,1.33,1.08,-7.86,0.2282,False,-3.4,False,-10.59,2.483,2.532,-1.5635,-19.03,1.132,32.0,-15.93,37.0,-13.93,22.12,37131513.0,,,22.7,0.8458646616541353,0.5576441102756893,0.34461152882205515,0.46115288220551376,0.12969924812030076,0.32142857142857145,0.2581453634085213,0.4434,0.2456,0.4395
KURA,Kura Oncology Inc,Healthcare,Biotechnology,,,-1.87,36.54,2.59,3.08,15.53,18.13,39.15,0.46,-15.61,1.2,1810000.0,1.47,11.73,Aug 12/a,32.0,1040000000.0,HIGH,-1.35,1.47,1.26,3.94,0.2455,False,-4.99,True,5.02,4.495,2.387,-3.5856,-15.61,1.076,18.0,-5.4,26.0,18.01,11.73,26354810.0,,,172.8,0.2619047619047619,0.649749373433584,0.30827067669172936,0.38471177944862156,0.19486215538847118,0.8471177944862155,0.7606516290726817,0.4411,0.4552,0.4221
AGNT,AGNT Inc,Real Estate,Real Estate Services,,66.88,-10.2,10.75,-11.5,4.78,13.74,-19.19,-38.87,2.05,-69.0,2.33,1490000.0,2.7,3.79,Aug 04/a,5.38,633380000.0,HIGH,-17.07,-7.79,2.53,-11.78,0.2599,False,-7.11,False,-9.89,5.398,3.562,-3.2678,-34.54,1.432,22.0,-13.67,32.0,-6.42,3.79,6386500.0,,,42.0,0.34210526315789475,0.20927318295739347,0.2744360902255639,0.7418546365914787,0.731203007518797,0.34711779448621555,0.15789473684210525,0.441,0.3648,0.5406
MPT,Medical Properties Trust Inc,Real Estate,REIT - Healthcare Facilities,,,96.95,7.870000000000001,0.0,4.25,30.63,-24.94,-27.810000000000002,1.49,-47.45,2.62,7730000.0,2.69,3.4,Aug 10/b,5.12,2029999999.9999998,HIGH,-17.48,-5.03,2.05,-12.19,0.2648,False,-12.11,False,-20.23,4.601,7.647,-2.6575,-31.03,1.889,43.0,-28.42,29.0,-18.07,3.4,38490858.0,,,50.6,0.5388471177944862,0.2719298245614035,0.2556390977443609,0.9223057644110275,0.5601503759398496,0.09461152882205513,0.14411027568922305,0.4406,0.3024,0.529
APPN,Appian Corp,Technology,Software - Infrastructure,,26.46,-3759.52,19.11,-0.5,-1.52,9.94,79.09,45.03,0.91,-18.54,3.11,874980.0,1.6,37.52,Aug 06/b,34.0,2690000000.0,HIGH,-2.04,-2.06,1.44,3.25,0.2684,False,-2.4,True,13.45,5.776,3.11,-4.4821,-14.84,1.029,16.0,-2.42,31.0,25.23,37.52,37059297.0,,,-9.4,0.14912280701754385,0.6798245614035088,0.24686716791979946,0.33771929824561403,0.2781954887218045,0.9486215538847118,0.731203007518797,0.4401,0.45,0.4284
AQST,Aquestive Therapeutics Inc,Healthcare,Drug Manufacturers - Specialty & Generic,,,-34.09,38.15,-2.09,0.1,21.43,-2.12,13.55,1.49,-38.94,1.0,2780000.0,1.26,4.61,Aug 11/a,9.33,578610000.0,HIGH,-1.07,-5.53,1.39,4.22,0.2042,False,-8.2,True,4.38,5.24,3.037,-3.1554,-15.95,0.801,20.0,2.56,27.0,8.98,4.61,12651439.0,,,102.4,0.37844611528822053,0.6365914786967418,0.41165413533834583,0.13408521303258145,0.2474937343358396,0.8320802005012531,0.7706766917293233,0.4401,0.506,0.398
JBIO,Jade Biosciences Inc,Healthcare,Biotechnology,,,33.03,,0.0,47.26,18.34,0.71,20.31,1.48,-39.5,1.0,1000000.0,2.93,16.94,Aug 10/b,49.89,1080000000.0,HIGH,-20.62,-6.82,3.16,-15.33,0.3586,False,-13.86,False,-17.9,7.024,3.306,-2.8902,-32.24,1.571,28.0,-22.04,29.0,-22.04,16.94,17626965.0,,,194.5,0.4699248120300752,0.25,0.1177944862155389,0.8195488721804511,0.8533834586466166,0.12531328320802004,0.09962406015037593,0.4393,0.3312,0.567
SLNH,Soluna Holdings Inc,Financial,Capital Markets,,,73.72,144.56,0.15,35.63,13.68,-26.74,69.06,5.1,-75.49,1.0,12000000.0,1.33,1.26,Aug 13/a,4.0,310840000.0,HIGH,6.78,9.57,1.91,12.07,0.2063,True,7.97,True,4.72,6.689,6.349,-4.9203,-14.86,0.752,,,25.0,-3.08,1.26,9830467.0,,,217.5,0.11278195488721804,0.6779448621553885,0.40476190476190477,0.09774436090225563,0.5018796992481203,0.8395989974937343,0.9223057644110275,0.4391,0.6409,0.388
HLNE,Hamilton Lane Inc,Financial,Asset Management,13.37,12.03,50.47999999999999,56.48,1.19,6.88,11.96,6.709999999999999,-13.13,1.25,-43.63,1.38,739770.0,1.28,87.74,Aug 04/b,135.0,4840000000.0,HIGH,-16.72,-8.86,1.69,-11.43,0.2621,False,-12.44,False,-8.45,4.529,3.277,-1.996,-20.15,1.012,14.0,-17.26,33.0,-7.55,87.74,55743073.0,,,53.9,0.7142857142857143,0.5325814536340853,0.26378446115288223,0.3151629072681704,0.40852130325814534,0.39473684210526316,0.16917293233082706,0.4382,0.2694,0.4582
WERN,Werner Enterprises Inc,Industrials,Trucking,,15.79,-85.41,24.0,-0.08,6.49,9.12,-12.34,31.33,1.29,-24.89,2.62,1090000.0,1.14,35.67,Jul 28/a,43.2,2140000000.0000002,HIGH,-8.26,-5.08,1.47,-2.97,0.1274,False,-6.21,False,-9.65,3.915,2.187,-2.2818,-24.89,0.911,10.0,-7.35,37.0,-2.67,35.67,31824701.0,,,21.1,0.6303258145363408,0.3966165413533835,0.7192982456140351,0.224937343358396,0.29385964912280704,0.36152882205513787,0.46867167919799496,0.4378,0.4914,0.3777
LTBR,Lightbridge Corp,Industrials,Electrical Equipment & Parts,,,-14.029999999999998,,-0.64,0.63,12.98,-33.67,-38.69,2.09,-79.19,,803880.0,5.92,6.52,Aug 05/a,10.5,244230000.0,HIGH,-20.68,-2.1,5.8,-15.39,0.3107,False,-12.21,False,-17.54,5.28,6.135,-4.2082,-32.57,1.874,33.0,-24.36,31.0,-27.23,6.52,5880429.0,,,61.0,0.17669172932330826,0.24310776942355888,0.17606516290726815,0.9179197994987469,0.9799498746867168,0.13157894736842105,0.09774436090225563,0.4376,0.3859,0.5515
BC,Brunswick Corp,Consumer Cyclical,Recreational Vehicles,,12.5,86.57,7.66,-2.91,0.9399999999999998,7.47,-19.17,-5.1,1.37,-25.15,2.14,716950.0,1.54,67.55,Jul 30/b,90.94,4380000000.0,HIGH,-16.43,-3.69,1.49,-11.14,0.2483,False,-8.27,False,-13.2,3.657,2.161,-1.5021,-23.75,1.166,33.0,-14.91,36.0,-15.3,67.55,54085753.0,,,34.6,0.8596491228070176,0.4223057644110276,0.30451127819548873,0.5081453634085213,0.30388471177944865,0.22180451127819548,0.17919799498746866,0.4367,0.2542,0.4734
ARKO,ARKO Corp,Consumer Cyclical,Specialty Retail,55.6,32.46,-75.02,17.36,-0.09,7.21,8.68,-43.66,-18.69,0.92,-51.800000000000004,2.0,964850.0,3.24,4.22,Aug 07/b,9.0,473420000.0,HIGH,-11.16,-7.66,3.11,-5.87,0.1588,False,-7.45,False,-28.57,4.79,3.199,-2.8952,-48.79,1.241,42.0,-46.78,30.0,-25.44,4.22,4544476.0,,,113.3,0.4674185463659148,0.08521303258145363,0.581453634085213,0.5889724310776943,0.8477443609022557,0.03884711779448621,0.3302005012531328,0.4349,0.5608,0.4857
PGY,Pagaya Technologies Ltd,Technology,Software - Infrastructure,15.79,8.76,147.94,15.079999999999998,-0.72,-7.23,16.06,30.73,85.13,5.5,-54.61,1.0,2990000.0,0.71,20.42,Jul 30/b,29.25,1700000000.0,HIGH,-5.81,-4.98,0.99,-0.52,0.1671,False,-5.69,True,1.44,5.931,2.302,-4.0494,-13.77,0.948,18.0,-6.42,36.0,26.13,20.42,46142156.0,,,43.2,0.19799498746867167,0.7167919799498746,0.5551378446115288,0.2593984962406015,0.10275689223057644,0.7769423558897243,0.5626566416040101,0.4348,0.4224,0.3343
FUBO,fuboTV Inc,Communication Services,Broadcasting,2.33,,10.99,289.96,-6.49,1.87,22.91,8.89,-27.250000000000004,2.41,-82.27,1.4,1470000.0,1.34,10.04,Aug 05/b,17.0,1100000000.0,HIGH,-1.86,-15.42,1.57,3.43,0.2138,False,-6.92,True,0.15,7.623,4.781,-4.2493,-19.84,1.107,5.0,-12.92,32.0,5.13,10.04,13549994.0,,,69.3,0.16917293233082706,0.5388471177944862,0.3834586466165414,0.4298245614035088,0.3508771929824561,0.7355889724310777,0.7380952380952381,0.4346,0.5155,0.4214
PHR,Phreesia Inc,Healthcare,Health Information Services,59.44,15.6,189.62,10.41,30.23,-0.5,5.15,7.04,-14.7,0.85,-59.84,1.95,838900.0,2.02,10.04,Sep 02/a,13.94,623190000.0,HIGH,-17.16,-3.65,2.27,-11.87,0.2902,False,-9.24,False,-10.1,4.236,2.888,-2.5308,-22.83,1.084,26.0,-18.11,11.0,-9.55,10.04,8176351.0,,,38.8,0.5701754385964912,0.44862155388471175,0.1992481203007519,0.39536340852130325,0.6516290726817042,0.34210526315789475,0.15538847117794485,0.4345,0.3174,0.4898
IQMX,IQM Quantum Computers Oyj ADR,Technology,Computer Hardware,,,,,,7.59,7.78,-8.88,-9.66,0.74,-36.82,1.67,537910.0,2.47,9.54,Aug 04/b,13.48,1810000000.0,HIGH,-14.13,-2.85,2.51,-8.84,0.2441,False,-7.57,False,-8.12,5.833,6.813,-4.8664,-36.82,1.701,20.0,-1.45,33.0,-1.19,9.54,5483674.0,,,41.3,0.12030075187969924,0.17042606516290726,0.31328320802005016,0.868421052631579,0.7261904761904762,0.40852130325814534,0.24310776942355888,0.4345,0.4091,0.5309
NPWR,NET Power Inc,Industrials,Specialty Industrial Machinery,,,-150.75,,-4.61,0.48,6.96,0.0,7.02,1.14,-64.81,1.5,822010.0,1.28,1.83,Aug 13/a,2.83,411490000.0,HIGH,7.65,1.67,1.19,12.94,0.1606,False,-0.27,True,10.08,5.39,4.372,-5.2526,-13.68,0.788,19.0,7.65,25.0,12.96,1.83,1657583.0,,,54.6,0.09899749373433583,0.7199248120300752,0.5739348370927319,0.12531328320802004,0.16604010025062657,0.9172932330827067,0.9348370927318296,0.4336,0.5959,0.3269
TENB,Tenable Holdings Inc,Technology,Software - Infrastructure,612.98,16.3,127.47,8.58,0.37,0.9000000000000001,14.0,31.86,75.48,1.01,-18.87,2.56,4260000.0,1.33,35.43,Jul 29/a,36.0,3900000000.0,HIGH,3.05,1.0,0.93,8.34,0.2388,True,1.64,False,-0.37,6.877,4.262,-5.864,-18.87,1.626,26.0,-4.24,36.0,12.55,35.43,213241959.0,,,1.6,0.06390977443609022,0.5607769423558897,0.32957393483709274,0.8345864661654135,0.09210526315789473,0.7161654135338346,0.8759398496240601,0.4329,0.4769,0.4267
RELY,Remitly Global Inc,Technology,Software - Infrastructure,15.78,20.59,3025.84,20.23,-7.82,3.83,8.76,3.93,39.77,0.39,-20.19,1.08,3460000.0,2.57,21.93,Aug 05/a,32.15,4640000000.0,HIGH,-17.77,-1.44,2.2,-12.48,0.344,False,-11.0,False,-9.92,5.076,3.242,-3.5253,-20.19,1.371,12.0,-14.7,31.0,-8.89,21.93,98312557.0,,,46.6,0.2744360902255639,0.5294486215538847,0.13408521303258147,0.6942355889724311,0.6146616541353384,0.3458646616541353,0.13659147869674185,0.4321,0.2793,0.4823
HGV,Hilton Grand Vacations Inc,Consumer Cyclical,Resorts & Casinos,20.12,6.42,-45.32,7.2700000000000005,-1.71,3.2199999999999998,11.8,-32.51,-14.529999999999998,1.61,-35.76,2.33,1120000.0,2.09,35.59,Jul 30/b,55.45,2770000000.0,HIGH,-21.1,-7.96,2.4,-15.81,0.2889,False,-13.58,False,-20.8,3.828,4.552,-1.7506,-35.76,1.287,,,36.0,-23.16,35.59,39566371.0,,,55.8,0.7969924812030075,0.18671679197994986,0.20300751879699253,0.6234335839598998,0.6929824561403509,0.08521303258145363,0.09022556390977443,0.4314,0.3049,0.5497
DXYZ,Destiny Tech100 Inc,Financial,Asset Management,3.03,,1407.36,106.52999999999999,7.980000000000001,,0.88,12.629999999999999,25.239999999999995,5.6,-57.03,,1230000.0,0.88,31.31,-,,954020000.0,HIGH,-9.06,-0.82,1.12,-3.77,0.182,False,-4.19,True,7.32,5.373,4.631,-3.5301,-13.22,0.691,16.0,-9.38,,,31.31,31341615.0,,,,0.2706766917293233,0.7355889724310777,0.4837092731829574,0.07142857142857142,0.14160401002506265,0.8809523809523809,0.4298245614035088,0.4307,0.3595,0.3412
PLBY,Playboy Inc,Consumer Cyclical,Apparel Manufacturing,437.5,21.0,102.09000000000002,10.91,-16.47,2.83,4.98,-27.589999999999996,-42.93,1.97,-61.82,2.0,828410.0,1.12,1.05,Aug 10/a,2.75,125800000.0,HIGH,-13.93,-8.7,1.96,-8.64,0.1769,False,-10.01,False,-11.62,4.088,2.857,-1.3522,-34.38,0.84,28.0,-11.02,28.0,-11.02,1.05,547512.0,,,161.9,0.8922305764411027,0.21303258145363407,0.5037593984962406,0.16541353383458646,0.5175438596491229,0.2832080200501253,0.2462406015037594,0.4292,0.4049,0.4646
GSIT,GSI Technology Inc,Technology,Semiconductors,,,-56.08,0.45999999999999996,-7.66,16.4,12.85,-29.82,-14.610000000000001,2.11,-70.69,1.0,756290.0,1.63,5.32,Jul 30/a,9.0,204460000.0,HIGH,-11.19,6.83,2.42,-5.9,0.2567,False,-2.31,False,-9.5,5.303,3.571,-3.5284,-31.97,1.348,25.0,-21.3,35.0,-5.17,5.32,2729545.0,,,69.2,0.2719298245614035,0.2606516290726817,0.2844611528822055,0.6779448621553885,0.7023809523809523,0.3659147869674185,0.32706766917293234,0.4272,0.4269,0.5045
FRPT,Freshpet Inc,Consumer Defensive,Packaged Foods,16.19,33.07,19.15,15.45,-30.59,4.87,17.19,11.69,-2.74,1.77,-28.559999999999995,1.68,1330000.0,1.23,61.44,Aug 05/b,83.2,2950000000.0,HIGH,-16.93,-3.65,1.47,-11.64,0.2855,False,-10.32,False,-6.14,3.919,2.775,-1.7054,-20.34,0.935,19.0,-16.93,32.0,-1.51,61.44,76152042.0,,,35.4,0.8095238095238095,0.5225563909774437,0.21052631578947367,0.24436090225563908,0.29385964912280704,0.48120300751879697,0.16040100250626566,0.427,0.2155,0.4572
HOS,Hornbeck Offshore Services Inc,Industrials,Marine Shipping,52.89,14.91,354.29,0.57,0.0,14.610000000000001,4.27,-3.2199999999999998,-13.570000000000002,1.23,-24.44,2.0,1810000.0,2.41,8.41,Aug 06/b,11.67,1870000000.0,HIGH,-18.74,-0.94,1.74,-13.45,0.305,False,-11.11,False,-12.62,5.733,3.805,-2.962,-24.44,1.657,13.0,-18.35,31.0,-9.76,8.41,23504404.0,,,38.8,0.43734335839599,0.40225563909774437,0.18170426065162903,0.8521303258145363,0.4323308270676692,0.24185463659147868,0.12155388471177944,0.4246,0.2328,0.4909
ORN,Orion Group Holdings Inc,Industrials,Engineering & Construction,99.02,20.37,-585.31,8.08,-0.33,2.98,6.9,-43.05,-12.05,1.42,-47.99,1.0,527570.0,1.33,9.05,Jul 28/a,14.99,366480000.0,HIGH,-2.37,0.44,1.87,2.92,0.0765,False,-1.64,False,-13.03,3.544,1.657,-2.2841,-47.99,0.882,,,37.0,-0.33,9.05,3453321.0,,,65.6,0.6278195488721805,0.08897243107769423,0.9197994987468672,0.19799498746867167,0.4849624060150376,0.22681704260651628,0.7167919799498746,0.4244,0.7081,0.3844
SOC,Sable Offshore Corp,Energy,Oil & Gas Drilling,,5.45,70.2,,-5.21,17.67,26.79,-54.94,-73.4,-0.16,-81.65,1.29,11590000.0,1.27,4.56,Aug 10/a,9.4,874930000.0,HIGH,-10.59,-5.39,1.89,-5.3,0.1662,False,-4.4,False,-0.53,7.581,8.333,-3.9629,-41.98,1.121,6.0,-7.32,28.0,-1.94,4.56,37079638.0,,,106.1,0.21177944862155387,0.12656641604010024,0.5595238095238095,0.4423558897243108,0.4931077694235589,0.7080200501253133,0.3583959899749373,0.4236,0.4591,0.4638
LIND,Lindblad Expeditions Holdings Inc,Consumer Cyclical,Travel Services,,57.2,87.95,18.64,-1.09,9.98,10.82,6.950000000000001,56.21000000000001,2.26,-21.31,1.86,924970.0,1.73,27.54,Aug 03/b,34.86,1810000000.0,HIGH,-11.42,5.92,1.8,-6.13,0.3423,False,-0.33,False,-5.92,5.013,4.648,-3.2688,-21.31,1.28,27.0,-16.14,34.0,-6.9,27.54,24274811.0,,,26.6,0.3408521303258145,0.48872180451127817,0.13659147869674182,0.618421052631579,0.4592731829573935,0.49373433583959897,0.31704260651629074,0.4229,0.3056,0.4781
IMRX,Immuneering Corp,Healthcare,Biotechnology,,,33.46,,0.09,11.37,26.67,1.59,-7.82,0.45,-55.559999999999995,1.0,923310.0,1.17,4.48,Aug 06/b,17.17,289840000.0,HIGH,-15.47,3.46,1.54,-10.18,0.2773,False,-6.83,False,-5.32,4.503,2.344,-2.5367,-21.4,1.099,22.0,-10.93,31.0,2.05,4.48,3329869.0,,,283.3,0.5664160401002506,0.4799498746867168,0.22681704260651625,0.41791979949874686,0.3333333333333333,0.5125313283208021,0.20802005012531327,0.4228,0.2513,0.4576
SLGN,Silgan Holdings Inc,Consumer Cyclical,Packaging & Containers,14.62,9.08,-13.65,6.76,0.0,3.71,10.26,-10.71,-4.84,0.66,-24.94,1.31,1190000.0,1.36,37.19,Jul 29/b,55.31,3930000000.0,HIGH,-12.27,-4.69,1.58,-6.98,0.1865,False,-7.89,False,-11.96,2.91,1.802,-1.6655,-23.0,0.857,17.0,-12.82,37.0,-12.8,37.19,41534978.0,,,48.7,0.8195488721804511,0.44298245614035087,0.46303258145363413,0.18295739348370926,0.3583959899749373,0.2681704260651629,0.2819548872180451,0.4225,0.3592,0.4073
TBLA,Taboola.com Ltd,Communication Services,Internet Content & Information,8.89,10.69,206.47000000000003,2.44,-14.57,13.95,5.4,-23.4,13.56,1.49,-36.95,1.89,2980000.0,1.08,3.6,Aug 05/b,5.8,972560000.0,HIGH,-3.49,-7.93,1.63,1.8,0.0841,False,-4.36,False,-16.69,3.446,4.028,-1.7879,-36.95,0.819,51.0,-33.7,32.0,-6.13,3.6,7415425.0,,,61.1,0.7844611528822055,0.16791979949874686,0.8984962406015038,0.14849624060150377,0.38220551378446116,0.15037593984962405,0.6704260651629073,0.422,0.6524,0.3664
KDK,Kodiak AI Inc,Technology,Software - Infrastructure,,,-9469.81,,0.0,16.55,7.3,-45.61,-57.35,0.41,-71.23,1.4,1140000.0,3.57,3.28,Aug 06/a,10.5,658030000.0,HIGH,-16.75,-12.3,2.99,-11.46,0.1869,False,-13.04,False,-19.63,7.811,18.14,-4.759,-42.86,1.769,28.0,-25.28,30.0,-24.77,3.28,5003508.0,,,220.1,0.13032581453634084,0.11779448621553884,0.45739348370927313,0.8909774436090225,0.825187969924812,0.10651629072681704,0.16791979949874686,0.4214,0.4519,0.4883
BMEA,Biomea Fusion Inc,Healthcare,Biotechnology,,,77.45,,0.0,1.47,17.68,55.08,67.89,-0.33,-38.8,1.5,1260000.0,1.3,1.83,Aug 05/a,6.71,132650000.0,HIGH,33.58,2.81,0.66,38.87,0.3175,True,3.62,True,24.08,8.247,8.743,-5.5921,-11.59,1.14,10.0,-4.19,31.0,46.4,1.83,4287435.0,,,266.7,0.07017543859649122,0.7857142857142857,0.16541353383458646,0.4724310776942356,0.03634085213032581,0.9874686716791979,0.9962406015037594,0.4196,0.459,0.3916
CADL,Candel Therapeutics Inc,Healthcare,Biotechnology,,,-463.69,,-2.05,11.55,20.0,30.570000000000004,120.98,-0.32,-22.5,1.22,1490000.0,2.02,10.85,Aug 13/b,21.0,830230000.0,HIGH,-17.36,1.64,2.41,-12.07,0.3461,False,-11.86,False,-3.19,6.49,5.53,-3.8708,-22.5,1.093,16.0,-18.3,26.0,1.59,10.85,15002257.0,,,93.5,0.22055137844611528,0.4598997493734336,0.13157894736842102,0.4066416040100251,0.6973684210526315,0.6015037593984962,0.14912280701754385,0.4196,0.3083,0.4815
IRTC,iRhythm Holdings Inc,Healthcare,Medical Devices,,91.8,97.39,20.08,-8.68,-2.55,8.64,4.47,-7.17,1.46,-48.43,1.06,602390.0,1.15,109.33,Aug 06/a,176.14,3600000000.0,HIGH,-14.93,-4.7,1.37,-9.64,0.1867,False,-7.68,False,-7.75,4.315,3.549,-2.2132,-20.02,0.887,20.0,-14.57,30.0,-14.48,109.33,59406916.0,,,61.1,0.6541353383458647,0.5350877192982456,0.4605263157894737,0.20488721804511278,0.2362155388471178,0.424812030075188,0.22180451127819548,0.4193,0.2977,0.38
COLL,Collegium Pharmaceutical Inc,Healthcare,Drug Manufacturers - Specialty & Generic,18.45,3.44,-234.56,6.32,-4.23,2.26,19.04,-32.11,-37.27,0.73,-55.169999999999995,1.43,673970.0,2.96,22.77,Aug 06/b,48.86,741290000.0,HIGH,-16.01,-0.18,2.13,-10.72,0.3142,False,-6.25,False,-22.53,3.996,3.777,-1.9222,-40.85,1.52,55.0,-36.52,31.0,-21.78,22.77,22480901.0,,,114.6,0.7443609022556391,0.13659147869674185,0.168546365914787,0.7957393483709273,0.5921052631578947,0.06892230576441102,0.18984962406015038,0.4177,0.3041,0.5503
PDFS,PDF Solutions Inc,Technology,Software - Application,175.44,26.86,250.0,18.95,-0.11,21.36,8.14,-32.25,30.31,1.68,-38.23,1.43,632300.0,2.08,44.28,Aug 06/a,61.71,1870000000.0,HIGH,-3.0,3.43,1.9,2.29,0.1789,False,-0.66,False,-7.01,5.852,2.71,-3.7978,-38.23,1.344,,,30.0,-3.53,44.28,30837363.0,,,39.4,0.23308270676691728,0.15288220551378445,0.4949874686716792,0.6754385964912281,0.4974937343358396,0.44862155388471175,0.6854636591478697,0.4171,0.5719,0.4637
EBS,Emergent Biosolutions Inc,Healthcare,Drug Manufacturers - Specialty & Generic,,6.5,-1477.33,66.29,-2.19,2.75,22.49,-15.0,-15.839999999999998,2.27,-51.64,2.33,1140000.0,1.65,6.8,Aug 05/a,11.0,348660000.0,HIGH,33.86,6.58,1.52,39.15,0.3194,True,11.45,True,7.24,5.2,4.118,-3.8477,-21.21,1.105,3.0,6.92,31.0,28.06,6.8,7563425.0,,,61.8,0.22431077694235588,0.4956140350877193,0.15914786967418548,0.42543859649122806,0.32142857142857145,0.8759398496240601,0.9974937343358395,0.417,0.5432,0.4618
LIF,Life360 Inc,Technology,Software - Application,23.13,22.05,-28.71,37.77,-14.649999999999999,-4.76,11.4,-19.18,0.89,2.26,-64.79,1.5,776520.0,1.71,39.62,Aug 10/a,60.77,3230000000.0,HIGH,-11.29,-10.52,2.3,-6.0,0.1374,False,-7.55,False,-19.82,4.299,2.94,-2.3374,-39.58,1.01,29.0,-37.31,28.0,-18.49,39.62,24610723.0,,,53.4,0.6090225563909775,0.14536340852130325,0.6666666666666667,0.31140350877192985,0.6647869674185464,0.10401002506265664,0.3233082706766917,0.4169,0.5288,0.4223
TYRA,Tyra Biosciences Inc,Healthcare,Biotechnology,,,-46.33,,-0.07,6.38,21.59,-9.15,-32.61,0.74,-36.7,1.2,881450.0,2.35,25.73,Aug 04/a,48.45,1770000000.0,HIGH,-1.23,2.63,1.73,4.06,0.2434,True,2.02,False,-7.27,9.744,5.752,-7.0728,-23.7,1.639,10.0,3.5,32.0,0.08,25.73,29229903.0,,,88.3,0.03759398496240601,0.4273182957393484,0.3157894736842105,0.8383458646616542,0.4266917293233083,0.43859649122807015,0.7656641604010025,0.4141,0.529,0.4353
PAY,Paymentus Holdings Inc,Technology,Software - Infrastructure,53.2,31.85,75.44,28.800000000000004,-0.27,-18.2,4.9,66.3,44.32,1.32,-22.67,2.12,1270000.0,1.07,35.04,Aug 03/a,40.83,4410000000.0,HIGH,-12.4,-5.5,1.24,-7.11,0.1746,False,-4.62,False,-1.83,4.121,4.11,-2.9685,-22.67,0.924,33.0,1.51,33.0,1.51,35.04,40010039.0,,,16.5,0.4348370927318296,0.45363408521303256,0.5162907268170427,0.23433583959899748,0.18295739348370926,0.6578947368421053,0.2794486215538847,0.4133,0.3216,0.3775
SVV,Savers Value Village Inc,Consumer Cyclical,Specialty Retail,59.83,14.93,16.74,7.429999999999999,-33.24,-0.6,11.84,-10.94,10.51,1.25,-34.92,1.75,1310000.0,1.95,9.04,Aug 06/a,14.23,1390000000.0,HIGH,-15.91,-8.32,2.22,-10.62,0.2336,False,-10.41,False,-11.83,4.271,2.102,-2.249,-28.76,0.969,34.0,-11.89,30.0,-17.14,9.04,11558914.0,,,57.4,0.6416040100250626,0.31704260651629074,0.3370927318295739,0.2744360902255639,0.6309523809523809,0.2706766917293233,0.19674185463659147,0.412,0.3691,0.4544
ALGT,Allegiant Travel,Industrials,Airlines,55.56,7.11,94.13,36.86,0.0,45.53,8.32,-22.43,-1.35,1.53,-36.78,1.5,557420.0,1.46,78.16,Aug 04/a,127.5,2140000000.0000002,HIGH,-4.51,-0.43,1.51,0.78,0.1361,False,-0.08,False,-12.16,4.196,2.316,-2.7053,-36.78,1.186,56.0,-33.54,32.0,-24.84,78.16,42251615.0,,,63.1,0.525062656641604,0.17167919799498746,0.6710526315789473,0.5263157894736842,0.31641604010025065,0.2606516290726817,0.6284461152882206,0.4119,0.5476,0.4071
NWL,Newell Brands Inc,Consumer Defensive,Household & Personal Products,,8.0,125.42999999999999,3.05,-6.03,8.29,10.89,11.38,54.79999999999999,0.86,-23.14,2.8,10170000.0,0.93,5.48,Jul 31/b,6.66,2330000000.0,HIGH,-10.02,-5.03,1.38,-4.73,0.1481,False,-7.67,False,-4.63,5.253,2.555,-2.8077,-23.14,0.802,9.0,-10.31,35.0,6.61,5.48,40679427.0,,,21.5,0.4949874686716792,0.4398496240601504,0.6140350877192983,0.13533834586466165,0.2412280701754386,0.5407268170426065,0.38596491228070173,0.411,0.411,0.3531
BULL,Webull Corp,Technology,Software - Application,100.73,27.34,103.73000000000002,51.21,-0.13,5.63,10.39,16.53,56.55,0.63,-48.57,1.4,12860000.0,1.42,8.25,Aug 19/a,13.3,4370000000.0,HIGH,-6.04,-8.74,1.05,-0.75,0.2748,False,-8.42,True,0.87,6.558,5.818,-4.976,-19.04,1.353,11.0,-8.33,21.0,-4.51,8.25,155831782.0,,,61.2,0.11152882205513784,0.556390977443609,0.23057644110275688,0.6829573934837093,0.11716791979949874,0.7631578947368421,0.5476190476190477,0.4103,0.3234,0.4187
DMRA,Damora Therapeutics Inc,Healthcare,Biotechnology,,,80.38,,-0.0,17.51,8.58,6.41,17.66,1.43,-41.06,1.0,612990.0,5.41,22.59,Aug 10/a,44.67,1390000000.0,HIGH,-26.7,-20.43,5.22,-21.41,0.3645,False,-18.99,False,-22.89,9.234,6.286,-4.6635,-35.25,2.928,22.0,-28.96,28.0,-23.53,22.59,16403413.0,,,97.7,0.13659147869674185,0.19548872180451127,0.10902255639097747,0.9837092731829574,0.968671679197995,0.06390977443609022,0.03884711779448621,0.4096,0.3388,0.5382
GENB,Generate Biomedicines Inc,Healthcare,Biotechnology,,,,,0.0,6.79,13.5,18.29,39.46,,-24.39,1.0,1070000.0,1.31,17.14,Aug 06/b,27.0,2200000000.0,HIGH,6.33,7.12,0.83,11.62,0.2817,True,5.09,True,13.04,5.576,4.492,-6.8976,-24.39,1.504,19.0,6.33,31.0,23.4,17.14,28277705.0,,,57.5,0.042606516290726815,0.40476190476190477,0.21553884711779447,0.7869674185463659,0.06140350877192982,0.9461152882205514,0.9147869674185464,0.4096,0.449,0.4593
TDUP,ThredUp Inc,Consumer Cyclical,Internet Retail,,,-6.280000000000001,16.88,-2.0,4.99,17.97,-58.74,-25.97,2.1,-77.1,1.29,2380000.0,4.26,2.48,Aug 05/a,7.24,325710000.0,HIGH,-11.11,-8.49,4.27,-5.82,0.176,False,-6.33,False,-39.19,6.135,5.242,-3.4701,-65.41,1.336,55.0,-64.11,31.0,-20.26,2.48,6216468.0,,,191.9,0.2907268170426065,0.02756892230576441,0.5100250626566416,0.6654135338345865,0.9411027568922306,0.017543859649122806,0.33395989974937346,0.4087,0.5689,0.4787
CTRI,Centuri Holdings Inc,Utilities,Utilities - Regulated Gas,62.85,19.72,-33.74,32.86,0.0,-2.41,4.55,-35.0,-36.35,1.04,-54.98,2.71,1780000.0,1.24,19.35,Aug 04/b,29.67,1950000000.0,HIGH,-9.41,-1.12,1.49,-4.12,0.1361,False,-4.58,False,-16.86,3.087,2.791,-1.569,-41.02,1.043,,,33.0,-11.56,19.35,29924769.0,,,53.3,0.8446115288220551,0.13408521303258145,0.6710526315789473,0.35213032581453635,0.30388471177944865,0.14411027568922305,0.40852130325814534,0.4083,0.4559,0.4112
VCYT,Veracyte Inc,Healthcare,Diagnostics & Research,28.24,20.39,2584.8,15.49,-13.639999999999999,0.53,10.24,-25.8,21.4,1.96,-34.67,1.43,1330000.0,2.0,39.79,Jul 30/a,58.42,3200000000.0,HIGH,-5.94,-3.43,2.0,-0.65,0.1751,False,-6.24,False,-16.36,5.09,3.769,-3.1912,-34.67,1.31,,,35.0,-14.09,39.79,56466713.0,,,46.8,0.37343358395989973,0.20676691729323307,0.5150375939849624,0.6441102756892231,0.5394736842105263,0.16290726817042606,0.5576441102756893,0.407,0.5394,0.43
VERX,Vertex Inc,Technology,Software - Application,556.28,11.77,1033.33,10.52,-0.01,-6.61,6.75,7.55,-7.86,0.83,-54.94,2.12,2000000.0,1.24,11.96,Aug 03/a,17.15,1940000000.0,HIGH,-11.21,-8.63,1.8,-5.92,0.2217,False,-9.54,False,-6.68,5.179,4.599,-2.9739,-17.23,0.812,16.0,-11.8,33.0,-3.47,11.96,17958317.0,,,43.4,0.42857142857142855,0.5989974937343359,0.3508771929824561,0.14348370927318296,0.4592731829573935,0.4598997493734336,0.3258145363408521,0.4069,0.3734,0.3728
AMLX,Amylyx Pharmaceuticals Inc,Healthcare,Drug Manufacturers - Specialty & Generic,,,16.0,,-0.61,0.2,11.99,106.83,130.68,-0.11,-21.22,1.25,2460000.0,0.83,32.41,Aug 06/b,42.36,4070000000.0000005,HIGH,-16.17,-3.66,1.02,-10.88,0.2446,False,-5.94,True,20.57,5.038,6.048,-2.8656,-21.22,0.669,23.0,51.24,31.0,48.33,32.41,70676762.0,,,30.7,0.4774436090225564,0.49373433583959897,0.3101503759398496,0.06015037593984962,0.10964912280701754,0.9824561403508771,0.18546365914786966,0.4056,0.2001,0.4074
BFRI,Biofrontera Inc,Healthcare,Drug Manufacturers - Specialty & Generic,,6.6,91.8,32.92,0.0,2.02,1.99,33.74,54.28000000000001,0.86,-20.48,1.0,558550.0,0.68,1.32,Aug 13/b,6.0,19610000.0,HIGH,-10.81,-2.94,0.46,-5.52,0.3458,False,-9.57,True,1.58,8.923,4.545,-5.4121,-20.48,1.749,10.0,-12.58,26.0,5.6,1.32,1175340.0,,,354.5,0.08771929824561403,0.5213032581453634,0.1328320802005013,0.8834586466165414,0.02694235588972431,0.7807017543859649,0.34899749373433586,0.4055,0.1875,0.4447
STUB,Stubhub Holdings Inc,Communication Services,Internet Content & Information,,10.37,99.95,33.18,-1.23,8.93,9.39,-49.32,-15.67,3.55,-72.84,1.93,7020000.0,2.54,5.92,Aug 12/a,11.23,2260000000.0,HIGH,-11.38,-2.79,2.8,-6.09,0.2013,False,-5.66,False,-23.5,5.128,8.868,-2.6949,-57.77,1.239,54.0,-53.97,26.0,-22.92,5.92,39656728.0,,,89.7,0.5325814536340853,0.042606516290726815,0.418546365914787,0.5858395989974937,0.7913533834586466,0.06140350877192982,0.31954887218045114,0.4054,0.4908,0.4928
EVER,EverQuote Inc,Communication Services,Internet Content & Information,7.53,10.15,37.21,24.55,-1.19,4.2,25.5,14.78,47.58,0.66,-19.46,1.62,677770.0,1.13,23.14,Aug 03/a,29.5,815450000.0,HIGH,-8.32,-3.7,1.3,-3.03,0.1851,False,-6.49,False,-7.56,4.481,4.538,-2.9428,-18.22,0.984,44.0,-11.54,33.0,-3.02,23.14,14455382.0,,,27.5,0.45112781954887216,0.5789473684210527,0.47180451127819545,0.2857142857142857,0.2098997493734336,0.42857142857142855,0.4674185463659148,0.4043,0.3915,0.3438
HIVE,HIVE Digital Technologies Ltd,Financial,Capital Markets,,,-395.54,73.47,-20.85,13.350000000000001,19.97,-19.95,63.16,3.76,-56.50999999999999,1.25,21880000.0,1.19,3.41,Aug 14/a,7.12,935290000.0,HIGH,12.54,14.05,1.6,17.83,0.2357,True,14.64,True,15.79,5.32,8.504,-5.5315,-19.39,0.796,1.0,9.65,24.0,26.77,3.41,48555461.0,,,108.8,0.07518796992481203,0.550125313283208,0.33333333333333337,0.13032581453634084,0.36654135338345867,0.9624060150375939,0.9711779448621554,0.403,0.5984,0.3836
AUUD,Auddia Inc,Technology,Software - Application,,,96.86,,0.0,15.14,8.77,-24.64,-83.01,0.45,-94.7,1.0,3050000.0,0.09,1.04,-,3272.5,6040000.0,HIGH,1.96,1.96,0.23,7.25,0.0819,True,3.82,False,-2.94,5.529,3.846,-2.2868,-32.47,0.069,2.0,4.0,,,1.04,1202445.0,,,314563.5,0.6265664160401002,0.24436090225563908,0.9060150375939849,0.010025062656641603,0.016290726817042606,0.6140350877192983,0.8558897243107769,0.4029,0.619,0.3167
MEC,Mayville Engineering Company Inc,Industrials,Metal Fabrication,,16.92,-71.96,23.16,-1.56,38.28,9.52,-51.790000000000006,-0.52,1.42,-55.620000000000005,1.0,557750.0,3.17,17.2,Aug 04/a,37.0,438610000.0,HIGH,-20.85,-4.92,3.4,-15.56,0.2714,False,-10.72,False,-28.69,6.173,10.203,-2.3647,-55.62,1.266,,,32.0,-32.55,17.2,9951137.0,,,115.1,0.600250626566416,0.05263157894736842,0.24185463659147866,0.6077694235588973,0.8765664160401002,0.03634085213032581,0.09398496240601503,0.4026,0.3731,0.5302
LZ,LegalZoom.com Inc,Industrials,Specialty Business Services,63.01,7.15,2113.33,6.64,-0.83,-1.47,11.12,7.449999999999999,-4.06,1.2,-52.34000000000001,2.5,2850000.0,1.33,5.91,Aug 05/a,7.6,1010000000.0,HIGH,1.29,-5.89,1.54,6.58,0.1237,False,-2.77,False,-10.6,4.762,3.215,-2.7043,-30.39,0.898,38.0,-21.83,31.0,4.32,5.91,14983893.0,,,28.6,0.5275689223057645,0.2857142857142857,0.7355889724310777,0.2136591478696742,0.3333333333333333,0.31954887218045114,0.8427318295739349,0.4026,0.6578,0.3485
MNKD,Mannkind Corp,Healthcare,Biotechnology,,,-3033.33,42.92,-1.15,-3.36,8.65,-10.15,40.48,1.09,-45.62,1.25,4430000.0,1.24,3.54,Aug 05/a,7.97,1140000000.0,HIGH,-14.7,-5.6,1.81,-9.41,0.221,False,-9.4,False,-10.44,4.742,3.39,-2.3254,-22.2,0.857,22.0,-13.02,31.0,-9.0,3.54,11860188.0,,,125.1,0.6121553884711779,0.46365914786967416,0.35526315789473684,0.18295739348370926,0.4655388471177945,0.32644110275689225,0.22932330827067668,0.401,0.338,0.3968
CENX,Century Aluminum Co,Basic Materials,Aluminum,6.75,3.59,4938.74,19.74,-0.05,3.46,14.91,-24.56,-21.43,2.07,-44.61,1.17,2080000.0,2.0,39.01,Aug 06/a,68.6,3860000000.0,HIGH,-11.18,-6.09,2.49,-5.89,0.2587,False,-12.06,False,-13.68,5.951,6.562,-2.938,-29.77,1.131,30.0,-15.1,30.0,-15.1,39.01,73111473.0,,,75.9,0.4523809523809524,0.29699248120300753,0.27819548872180455,0.45551378446115287,0.7174185463659147,0.20300751879699247,0.3283208020050125,0.4006,0.43,0.4571
ULCC,Frontier Group Holdings Inc,Industrials,Airlines,,15.25,-27.42,37.67,-8.44,9.51,25.15,-19.39,83.6,2.65,-30.760000000000005,3.42,3410000.0,0.93,5.82,Jul 29/b,6.56,1340000000.0,HIGH,-2.35,3.37,1.27,2.94,0.106,True,1.13,False,-7.1,4.348,1.976,-2.5501,-30.76,0.763,33.0,-24.32,37.0,-6.58,5.82,14277482.0,,,12.7,0.5626566416040101,0.2781954887218045,0.8070175438596492,0.10588972431077694,0.20175438596491227,0.4448621553884712,0.7192982456140351,0.4001,0.5904,0.3288
MBOT,Microbot Medical Inc,Healthcare,Medical Devices,,,12.619999999999997,,0.0,-19.49,11.85,-26.88,-47.89,1.03,-63.63999999999999,1.0,662720.0,1.05,1.36,Aug 18,6.67,91340000.0,HIGH,-9.33,-6.21,1.44,-4.04,0.0992,False,-7.04,False,-16.48,3.834,5.882,-1.7051,-33.33,0.698,29.0,-28.04,,,1.36,697073.0,,,390.4,0.8107769423558897,0.22932330827067668,0.8458646616541353,0.07393483709273183,0.2781954887218045,0.16040100250626566,0.4141604010025063,0.3997,0.5029,0.3308
PII,Polaris Inc,Consumer Cyclical,Recreational Vehicles,,15.79,231.17999999999998,9.18,0.0,-6.97,9.41,-24.23,3.1300000000000003,1.33,-30.659999999999997,2.81,839050.0,1.65,54.07,Jul 28/b,71.86,3080000000.0,HIGH,-16.03,-8.23,1.7,-10.74,0.2179,False,-10.91,False,-18.59,4.428,5.068,-1.966,-30.66,1.157,39.0,-25.97,38.0,-24.47,54.07,49200274.0,,,32.9,0.7255639097744361,0.2807017543859649,0.3721804511278195,0.48621553884711777,0.41290726817042606,0.11654135338345864,0.18796992481203006,0.399,0.3107,0.4353
COHU,Cohu Inc,Technology,Semiconductor Equipment & Materials,,31.28,99.06,38.37,-6.43,7.629999999999999,19.07,-16.79,90.28,1.54,-22.59,1.12,1140000.0,1.15,57.75,Jul 30/a,70.88,2730000000.0,HIGH,6.22,15.57,1.36,11.51,0.3075,True,12.67,True,10.85,6.103,3.81,-5.5119,-22.59,1.182,1.0,5.0,35.0,24.33,57.75,49566210.0,,,22.7,0.07644110275689223,0.4573934837092732,0.18045112781954886,0.5213032581453634,0.231203007518797,0.9260651629072681,0.9135338345864662,0.3988,0.4889,0.4388
FSLY,Fastly Inc,Technology,Software - Application,,40.69,61.59,23.27,-8.46,9.14,13.59,33.3,-9.79,0.32,-31.480000000000004,2.38,5580000.0,1.41,23.86,Aug 05/a,27.0,3800000000.0,HIGH,-4.37,-4.02,1.56,0.92,0.2485,True,4.02,True,3.38,7.537,8.047,-5.0705,-22.25,1.054,26.0,-16.37,31.0,5.2,23.86,116162788.0,,,13.2,0.10401002506265664,0.462406015037594,0.3026315789473685,0.36716791979949875,0.34398496240601506,0.8107769423558897,0.6353383458646616,0.3985,0.4481,0.4065
TWI,Titan International Inc,Industrials,Farm & Heavy Construction Machinery,,24.14,225.39,5.19,0.0,-4.84,4.25,-7.53,-2.23,1.43,-40.17,1.0,561770.0,1.51,7.0,Jul 30/b,11.75,451800000.0,HIGH,-2.1,-1.41,1.46,3.19,0.1906,False,-4.23,False,-4.63,5.082,3.0,-3.5057,-16.17,0.887,12.0,-5.53,36.0,-4.89,7.0,4304824.0,,,67.9,0.2794486215538847,0.6340852130325815,0.4398496240601504,0.20488721804511278,0.2882205513784461,0.5407268170426065,0.7280701754385965,0.3979,0.5096,0.3283
HLLY,Holley Inc,Consumer Cyclical,Auto Parts,30.09,6.58,-122.27,3.2099999999999995,0.0,1.6099999999999999,4.48,2.42,-13.01,1.38,-43.3,1.62,1010000.0,1.84,2.54,Aug 05/b,4.58,305160000.0,HIGH,-17.8,-6.62,1.58,-12.51,0.2411,False,-10.74,False,-10.4,5.343,3.937,-3.4145,-22.91,1.28,30.0,-15.61,32.0,-10.25,2.54,3272382.0,,,80.3,0.30701754385964913,0.4473684210526316,0.32330827067669177,0.618421052631579,0.3583959899749373,0.3283208020050125,0.13533834586466165,0.3971,0.2586,0.403
SFIX,Stitch Fix Inc,Consumer Cyclical,Apparel Retail,,,80.11,4.7,-3.6900000000000004,-1.05,12.16,-29.53,-14.2,2.33,-52.190000000000005,2.67,1640000.0,1.84,2.84,Sep 23/a,4.6,378930000.0,HIGH,-14.97,-8.09,1.95,-9.68,0.1851,False,-6.8,False,-18.95,4.286,4.401,-2.5991,-37.99,1.232,33.0,-31.4,,,2.84,4698380.0,,,62.0,0.5463659147869674,0.15664160401002505,0.47180451127819545,0.5789473684210527,0.5119047619047619,0.11528822055137844,0.22055137844611528,0.3968,0.3833,0.4381
CMPX,Compass Therapeutics Inc,Healthcare,Biotechnology,,,6.329999999999999,,0.0,-0.39,29.87,-5.94,-64.75,0.87,-72.38,1.13,2970000.0,2.77,1.9,Aug 06/b,8.92,342170000.0,HIGH,-20.83,-3.06,3.03,-15.54,0.4398,False,-14.4,False,-12.41,5.992,4.737,-3.6112,-25.49,1.24,18.0,-20.83,31.0,0.53,1.9,5848134.0,,,369.5,0.2575187969924812,0.38471177944862156,0.06140350877192979,0.5877192982456141,0.8352130325814536,0.25,0.09523809523809523,0.3961,0.3071,0.4826
ARDX,Ardelyx Inc,Healthcare,Biotechnology,,13.17,15.22,23.77,-4.52,-1.17,9.49,-43.47,-37.82,0.68,-59.29,1.0,4420000.0,1.46,3.42,Aug 06/a,12.9,852220000.0,HIGH,-12.08,-2.84,1.56,-6.79,0.1833,False,-7.04,False,-20.43,3.688,3.363,-1.7972,-46.48,1.239,,,30.0,-14.5,3.42,15027526.0,,,277.2,0.7819548872180451,0.09398496240601503,0.4786967418546366,0.5858395989974937,0.34398496240601506,0.09147869674185463,0.29197994987468673,0.396,0.3636,0.4508
PWP,Perella Weinberg Partners,Financial,Capital Markets,49.48,8.86,52.23,0.8100000000000002,-4.88,5.23,12.55,-18.23,-25.09,1.66,-50.01,2.0,1210000.0,2.07,12.96,Jul 31/b,22.25,1260000000.0,HIGH,-21.97,-9.81,2.1,-16.68,0.3908,False,-16.94,False,-19.14,6.57,4.398,-2.8109,-34.25,1.707,26.0,-24.87,35.0,-13.08,12.96,17791221.0,,,71.7,0.49373433583959897,0.21553884711779447,0.08897243107769426,0.8715538847117794,0.5808270676691729,0.11403508771929824,0.07769423558897243,0.3941,0.232,0.515
GERN,Geron Corp,Healthcare,Biotechnology,,17.57,-1.22,17.22,0.0,-0.15,13.44,3.17,-16.13,0.61,-35.32,1.4,11360000.0,1.52,1.3,Aug 05/b,4.25,835220000.0,HIGH,-14.47,-5.11,1.56,-9.18,0.2755,False,-10.41,False,-10.85,5.934,3.077,-3.2586,-21.21,1.297,32.0,-2.99,32.0,-2.99,1.3,16076656.0,,,226.9,0.34711779448621555,0.4956140350877193,0.2293233082706767,0.6347117794486216,0.34398496240601506,0.31265664160401,0.23433583959899748,0.3939,0.2657,0.4096
BKV,BKV Corp,Energy,Oil & Gas E&P,8.26,12.42,-45.16,45.28,-0.26,6.61,16.45,-6.4399999999999995,-20.77,1.09,-29.99,1.08,1360000.0,2.06,22.97,Aug 06/b,33.58,2510000000.0,HIGH,-5.08,-3.57,1.18,0.21,0.1729,False,-6.05,False,-8.01,5.107,3.243,-3.743,-18.11,1.116,9.0,-11.86,31.0,-0.13,22.97,57888143.0,,,46.2,0.23934837092731828,0.5827067669172933,0.5238095238095238,0.43546365914786966,0.16228070175438597,0.41854636591478694,0.5952380952380952,0.3937,0.4439,0.3139
QTRX,Quanterix Corp,Healthcare,Medical Devices,,,-34.44,34.44,1.9,-16.47,11.53,-9.44,-30.39,1.04,-64.99,3.0,900510.0,1.16,3.07,Aug 10/b,3.0,145190000.0,HIGH,2.68,22.8,1.19,7.97,0.2666,True,12.95,False,-3.61,6.41,4.56,-4.4908,-32.82,2.632,,,29.0,26.86,3.07,2357782.0,,,-2.3,0.14661654135338345,0.23809523809523808,0.24812030075187974,0.9786967418546366,0.16604010025062657,0.5845864661654135,0.8734335839598998,0.3937,0.4736,0.469
PALI,Palisade Bio Inc,Healthcare,Biotechnology,,,91.38,,-0.73,7.2700000000000005,18.81,-14.97,-20.1,1.6,-44.31,1.0,2980000.0,2.3,1.59,Aug 10/a,10.4,277090000.0,HIGH,-24.29,-22.44,2.57,-19.0,0.3127,False,-20.16,False,-20.74,7.727,8.176,-4.9087,-30.57,2.312,9.0,-23.92,28.0,-24.29,1.59,5077667.0,,,554.1,0.11528822055137844,0.2819548872180451,0.17293233082706772,0.9636591478696742,0.7406015037593985,0.08646616541353383,0.06140350877192982,0.3935,0.2986,0.4765
INO,Inovio Pharmaceuticals Inc,Healthcare,Biotechnology,,,87.83,,0.0,1.44,18.69,11.21,-24.85,1.61,-54.40999999999999,1.67,3660000.0,0.79,1.24,Aug 12/a,3.17,128210000.00000001,HIGH,5.08,5.08,0.88,10.37,0.2485,False,-2.86,True,13.62,7.546,4.839,-3.6708,-14.48,0.711,10.0,-8.82,26.0,61.04,1.24,4221183.0,,,155.6,0.2506265664160401,0.6979949874686717,0.3026315789473685,0.07957393483709273,0.07769423558897243,0.9523809523809523,0.8972431077694235,0.3935,0.473,0.3401
ALH,Alliance Laundry Holdings Inc,Consumer Cyclical,"Furnishings, Fixtures & Appliances",24.29,14.52,286.93,22.38,-17.18,0.01,4.97,-19.75,10.78,,-23.56,1.38,1110000.0,1.18,21.58,Aug 13/b,32.25,4290000000.0,HIGH,-8.05,1.46,0.97,-2.76,0.1711,False,-3.73,False,-11.74,3.171,1.715,-1.6694,-23.56,0.879,33.0,-18.81,26.0,-16.23,21.58,30827227.0,,,49.4,0.818295739348371,0.43107769423558895,0.5375939849624061,0.19423558897243107,0.10025062656641603,0.27882205513784464,0.4774436090225564,0.3934,0.3823,0.3479
XFOR,X4 Pharmaceuticals Inc,Healthcare,Biotechnology,,,96.32,346.33,-0.48,9.79,9.12,-15.17,-14.150000000000002,0.44,-25.88,1.0,898330.0,1.72,3.58,Aug 06/a,11.6,354950000.0,HIGH,-11.39,-1.1,1.65,-6.1,0.2994,False,-6.72,False,-10.01,7.143,4.33,-3.7979,-25.73,1.581,30.0,-14.15,30.0,-14.15,3.58,3449361.0,,,224.0,0.23182957393483708,0.37844611528822053,0.19047619047619047,0.8220551378446115,0.39285714285714285,0.3433583959899749,0.3182957393483709,0.3932,0.3023,0.4475
CECO,Ceco Environmental Corp,Industrials,Pollution & Treatment Controls,,22.1,-408.65,53.71,-1.06,55.40999999999999,3.36,-29.39,20.33,1.5,-31.370000000000005,1.0,852360.0,1.3,69.48,Aug 10/b,108.83,4070000000.0000005,HIGH,-2.85,-1.68,1.56,2.44,0.1808,False,-3.87,False,-6.06,5.982,3.713,-3.7002,-30.45,1.173,24.0,-12.7,29.0,-1.28,69.48,51114892.0,,,56.6,0.24686716791979949,0.2844611528822055,0.48746867167919794,0.5125313283208021,0.34398496240601506,0.4830827067669173,0.6923558897243107,0.3931,0.5264,0.3966
PLUG,Plug Power Inc,Industrials,Electrical Equipment & Parts,,,32.89,2.49,-0.13,3.71,21.82,-26.669999999999998,-12.920000000000002,2.28,-54.37,2.57,54760000.0,1.01,2.09,Aug 10/a,3.52,2920000000.0,HIGH,-7.93,1.46,1.05,-2.64,0.1423,False,-2.65,False,-3.1,4.853,7.177,-3.2265,-25.89,0.944,27.0,-5.86,28.0,-0.95,2.09,113101884.0,,,68.4,0.3634085213032581,0.37468671679197996,0.6384711779448622,0.25375939849624063,0.11716791979949874,0.6052631578947368,0.4824561403508772,0.3921,0.4197,0.3349
PUSA,Aureus Greenway Holdings Inc,Consumer Cyclical,Leisure,,,96.15,17.64,0.0,24.5,9.24,-17.1,-31.03,5.28,-57.70000000000001,1.0,548660.0,0.87,3.49,Sep 02,7.5,96480000.0,HIGH,1.75,0.58,0.81,7.04,0.1658,False,-5.46,True,0.1,6.101,6.304,-3.5152,-16.51,0.755,14.0,-7.67,,,3.49,2189550.0,,,114.9,0.2769423558897243,0.6177944862155389,0.5620300751879699,0.10150375939849623,0.05764411027568922,0.731829573934837,0.8533834586466166,0.3913,0.5273,0.292
PRCT,Procept BioRobotics Corp,Healthcare,Medical Devices,,,-33.31,19.34,0.83,-3.58,13.27,-11.14,-24.84,0.91,-51.739999999999995,2.5,1500000.0,0.99,19.3,Aug 04/a,21.64,1110000000.0,HIGH,-10.98,-8.18,1.3,-5.69,0.1797,False,-7.28,False,-4.09,6.124,2.699,-3.6719,-20.25,1.005,29.0,-5.44,32.0,5.58,19.3,23710812.0,,,12.1,0.24937343358395989,0.5263157894736842,0.49122807017543857,0.3076441102756892,0.2098997493734336,0.5601503759398496,0.34210526315789475,0.3908,0.3472,0.3318
SDEV,Stablecoin Development Corp,Financial,Asset Management,,,60.22,,-0.15,31.739999999999995,65.8,-14.75,-14.75,0.15,-98.96,1.0,1020000.0,3.11,1.04,-,4.25,52640000.0,HIGH,-8.77,18.18,2.42,-3.48,0.3925,True,11.89,True,0.15,7.761,26.923,-6.6413,-35.0,1.223,52.0,-16.8,,,1.04,1363956.0,,,308.7,0.047619047619047616,0.19674185463659147,0.08771929824561409,0.568295739348371,0.7023809523809523,0.7355889724310777,0.4442355889724311,0.3897,0.4147,0.5135
ALLO,Allogene Therapeutics Inc,Healthcare,Biotechnology,,,44.26,,-0.04,53.839999999999996,24.72,-15.5,-23.87,0.55,-62.11,1.27,7180000.0,1.77,1.69,Aug 12/a,8.75,583880000.0,HIGH,-19.14,-5.06,2.33,-13.85,0.3266,False,-11.29,False,-11.89,5.283,4.142,-3.2391,-24.89,1.158,22.0,-16.75,26.0,-14.65,1.69,10267706.0,,,417.8,0.35463659147869675,0.3966165413533835,0.15037593984962405,0.4906015037593985,0.674812030075188,0.2694235588972431,0.11403508771929824,0.3894,0.2932,0.4474
RVLV,Revolve Group Inc,Consumer Cyclical,Internet Retail,20.51,18.6,82.45,12.44,-1.32,-2.97,11.98,-5.19,-9.62,1.7,-34.79,1.86,868620.0,1.43,20.66,Aug 04/a,30.85,1470000000.0,HIGH,-13.05,0.83,1.45,-7.76,0.2429,False,-4.8,False,-12.26,4.448,3.533,-2.4051,-24.43,1.149,38.0,-19.74,32.0,-18.34,20.66,18427346.0,,,49.3,0.5927318295739349,0.40350877192982454,0.31892230576441105,0.4774436090225564,0.28383458646616544,0.2581453634085213,0.2619047619047619,0.3891,0.2856,0.403
INOD,Innodata Inc,Technology,Information Technology Services,43.32,35.32,102.69,57.8,-49.78,11.36,14.66,-40.17,28.610000000000003,3.0,-54.339999999999996,1.33,1210000.0,1.53,57.14,Aug 06/a,123.67,1960000000.0,HIGH,-11.01,3.44,1.9,-5.72,0.1718,True,1.81,False,-4.94,3.759,4.76,-3.5797,-31.63,0.928,33.0,-9.67,30.0,-8.33,57.14,54709218.0,,,116.4,0.2656641604010025,0.2631578947368421,0.5325814536340852,0.23934837092731828,0.4974937343358396,0.5263157894736842,0.3408521303258145,0.3874,0.4454,0.3822
PEPG,PepGen Inc,Healthcare,Biotechnology,,,63.49,,-0.02,-5.15,5.98,59.21999999999999,-40.25,1.97,-63.46000000000001,1.38,938860.0,0.62,2.85,Aug 06/b,10.19,197390000.0,HIGH,-9.24,-4.04,0.85,-3.95,0.1801,False,-7.54,True,7.26,6.554,5.088,-3.4283,-20.17,0.609,20.0,-6.1,31.0,43.94,2.85,2113888.0,,,257.5,0.3032581453634085,0.531328320802005,0.4893483709273183,0.047619047619047616,0.06892230576441102,0.8784461152882206,0.4191729323308271,0.3865,0.3352,0.3246
OABI,OmniAb Inc,Healthcare,Biotechnology,,,69.59,244.24,-0.12,-4.34,5.05,91.03,142.93,0.61,-17.68,1.0,1310000.0,1.42,4.47,Aug 06/a,7.64,649900000.0,HIGH,3.23,-0.22,1.17,8.52,0.2432,True,0.57,True,34.25,7.007,4.474,-5.4873,-17.68,0.844,12.0,0.68,30.0,99.55,4.47,7222538.0,,,70.9,0.07769423558897243,0.5914786967418546,0.3170426065162907,0.17230576441102757,0.15726817042606517,0.9987468671679198,0.8784461152882206,0.3858,0.4937,0.3515
DJT,Trump Media & Technology Group Corp,Communication Services,Internet Content & Information,,,-933.0899999999999,89.03,0.0,2.39,8.86,4.24,2.19,4.1,-50.74999999999999,,4500000.0,1.0,8.85,Aug 10/a,,2460000000.0,HIGH,-2.75,0.0,1.31,2.54,0.1745,False,-2.8,False,-3.68,4.835,2.599,-3.4365,-16.11,0.68,36.0,-10.15,28.0,-0.67,8.85,31403853.0,,,,0.29949874686716793,0.6353383458646616,0.5175438596491229,0.06390977443609022,0.2136591478696742,0.5795739348370927,0.6967418546365914,0.3849,0.4981,0.2892
PLAB,Photronics Inc,Technology,Semiconductor Equipment & Materials,10.29,14.2,24.94,2.69,-13.48,-1.3,8.18,-13.44,-21.28,1.33,-48.02,1.0,1280000.0,0.96,29.11,Aug 26/b,41.33,1720000000.0,HIGH,-4.59,7.18,0.74,0.7,0.1416,True,1.43,False,-3.07,3.553,2.302,-3.1112,-23.21,0.846,24.0,-12.64,17.0,-0.72,29.11,47976762.0,,,42.0,0.38721804511278196,0.43734335839599,0.6441102756892231,0.17543859649122806,0.046992481203007516,0.606516290726817,0.6240601503759399,0.3829,0.457,0.304
AXGN,Axogen Inc,Healthcare,Medical Devices,,64.62,-334.71,23.06,-8.67,5.7,6.66,-1.36,41.94,1.16,-16.41,1.27,1240000.0,0.91,44.23,Jul 29/b,53.9,2600000000.0,HIGH,-12.24,1.03,0.92,-6.95,0.2637,False,-6.92,False,-2.09,5.533,3.391,-3.9165,-16.41,1.132,17.0,-11.42,37.0,7.48,44.23,56034465.0,,,21.9,0.21804511278195488,0.6228070175438597,0.25814536340852134,0.46115288220551376,0.08771929824561403,0.6491228070175439,0.2832080200501253,0.3828,0.217,0.354
SANA,Sana Biotechnology Inc,Healthcare,Biotechnology,,,45.3,,0.0,0.78,22.25,-1.59,-2.21,2.18,-52.67000000000001,1.2,3100000.0,2.39,3.1,Aug 10/a,9.38,928020000.0,HIGH,-20.72,-3.13,2.11,-15.43,0.4733,False,-13.47,False,-11.46,7.258,2.903,-4.6087,-26.45,1.689,17.0,-24.39,28.0,-14.13,3.1,11975888.0,,,202.6,0.14035087719298245,0.35714285714285715,0.05137844611528819,0.8659147869674185,0.5839598997493735,0.2882205513784461,0.09649122807017543,0.3812,0.2292,0.4696
CRI,Carters Inc,Consumer Cyclical,Apparel Retail,5.55,8.03,46921.31,5.16,0.0,-2.76,13.16,-30.320000000000004,-15.410000000000002,0.84,-33.3,2.44,1180000.0,1.94,29.64,Jul 31/b,42.29,1090000000.0,HIGH,-17.14,-2.82,1.43,-11.85,0.2436,False,-7.61,False,-17.87,4.453,1.856,-2.3623,-32.11,1.396,29.0,-25.83,35.0,-21.57,29.64,51168643.0,,,42.7,0.6015037593984962,0.2525062656641604,0.31453634085213034,0.7161654135338346,0.27130325814536344,0.12781954887218044,0.15664160401002505,0.3806,0.2384,0.4292
HYLN,Hyliion Holdings Corp,Industrials,Electrical Equipment & Parts,,,-1.96,226.33999999999997,0.09,10.44,14.29,-48.15,121.05,3.57,-50.529999999999994,1.0,3220000.0,0.87,4.2,Aug 11/a,8.0,750110000.0,HIGH,26.13,10.82,1.5,31.42,0.3299,True,14.6,True,11.52,5.833,6.905,-3.2299,-22.94,0.727,2.0,6.6,27.0,7.97,4.2,6874255.0,,,90.5,0.35964912280701755,0.44548872180451127,0.14661654135338342,0.08521303258145363,0.3101503759398496,0.9323308270676691,0.9912280701754386,0.3799,0.5335,0.4218
AXTI,AXT Inc,Technology,Semiconductor Equipment & Materials,3765.05,31.6,208.25,164.77,-9.08,27.12,14.63,-17.19,20.55,1.88,-51.080000000000005,1.33,10240000.0,1.64,70.03,Jul 30/a,95.03,4590000000.0,HIGH,-1.0,22.73,1.97,4.29,0.3158,True,10.23,True,11.14,7.872,5.198,-6.9989,-28.39,0.989,24.0,-14.22,35.0,49.19,70.03,546405057.0,,,35.7,0.03884711779448621,0.32456140350877194,0.16666666666666663,0.29197994987468673,0.5256892230576441,0.9285714285714286,0.7744360902255639,0.3794,0.5175,0.4463
GLND,Greenland Energy Co,Energy,Oil & Gas E&P,,,-601.95,,1.04,55.49000000000001,6.28,-60.91,-88.21,-2.54,-94.78,1.0,1120000.0,29.69,1.2,-,6.0,52480000.0,HIGH,-19.46,-1.64,9.56,-14.17,0.3336,False,-9.06,False,-29.56,6.964,4.167,-3.7827,-56.2,1.532,,,,,1.2,1142472.0,,,400.0,0.23558897243107768,0.04887218045112782,0.1428571428571429,0.8045112781954887,1.0,0.03132832080200501,0.10902255639097744,0.3772,0.3865,0.5179
VKTX,Viking Therapeutics Inc,Healthcare,Biotechnology,,,-88.32,,-4.81,2.16,19.65,-4.58,-14.529999999999998,0.66,-32.82,1.2,2270000.0,1.18,28.99,Jul 29/a,93.11,3380000000.0,HIGH,-14.46,-8.06,1.36,-9.17,0.221,False,-10.85,False,-14.62,4.893,4.415,-2.3254,-32.25,1.293,53.0,-25.11,36.0,-12.44,28.99,62927108.0,,,221.2,0.6121553884711779,0.2474937343358396,0.35526315789473684,0.6309523809523809,0.231203007518797,0.18546365914786966,0.23558897243107768,0.3771,0.2702,0.4149
NNBR,NN Inc,Industrials,Conglomerates,,20.27,49.34,19.29,-22.58,5.78,4.99,18.64,123.65000000000002,2.67,-26.119999999999997,1.0,3750000.0,0.52,3.31,Aug 05/a,6.67,273340000.0,HIGH,-12.43,-4.61,1.62,-7.14,0.1752,False,-5.42,False,-6.36,5.373,3.927,-2.921,-26.12,0.652,24.0,-15.13,31.0,-14.47,3.31,4176292.0,,,101.5,0.4598997493734336,0.3684210526315789,0.5137844611528822,0.05889724310776942,0.37719298245614036,0.474937343358396,0.2756892230576441,0.3755,0.3776,0.3427
NNE,Nano Nuclear Energy Inc,Industrials,Specialty Industrial Machinery,,,0.9199999999999999,,-15.61,0.62,33.36,-44.24,-25.129999999999995,5.44,-74.16,1.29,2110000.0,2.29,15.73,Aug 12/a,38.43,844670000.0,HIGH,-16.55,-1.01,2.68,-11.26,0.2742,False,-10.65,False,-10.98,6.687,11.252,-4.8583,-31.58,1.221,26.0,-17.25,26.0,-17.25,15.73,31379368.0,,,144.3,0.12280701754385964,0.26629072681704263,0.23182957393483705,0.5657894736842105,0.7612781954887218,0.3051378446115288,0.17543859649122806,0.3755,0.3681,0.4388
SRTA,Strata Critical Medical Inc,Healthcare,Medical Care Facilities,,1603.6,-165.22,2.41,-0.64,-2.96,6.79,-9.18,22.76,2.42,-17.85,1.0,1060000.0,0.85,5.34,Aug 04/b,9.56,472410000.0,HIGH,-14.42,-0.37,1.11,-9.13,0.2789,False,-3.97,False,-2.81,3.987,4.738,-2.781,-15.57,0.775,20.0,-10.4,33.0,-3.78,5.34,4478570.0,,,79.0,0.5025062656641605,0.6535087719298246,0.22305764411027573,0.11591478696741854,0.13847117794486216,0.618421052631579,0.23809523809523808,0.3753,0.2037,0.3438
MAX,MediaAlpha Inc,Communication Services,Internet Content & Information,6.53,8.88,290.35,25.929999999999996,-5.31,-1.33,11.21,3.55,8.26,1.14,-28.64,1.67,842960.0,1.24,10.49,Jul 29/a,15.62,642660000.0,HIGH,-18.93,-9.57,1.58,-13.64,0.2495,False,-12.69,False,-18.15,5.051,7.722,-1.6541,-28.64,1.021,44.0,-25.71,36.0,-22.53,10.49,7892502.0,,,48.9,0.8245614035087719,0.3208020050125313,0.29761904761904767,0.32456140350877194,0.3583959899749373,0.12280701754385964,0.12030075187969924,0.3748,0.2449,0.4076
CRNC,Cerence Inc,Technology,Software - Application,,10.12,151.03,11.81,-0.65,2.86,14.81,-28.23,8.57,3.04,-43.73,2.6,742230.0,1.73,7.73,Aug 06/a,10.75,349630000.0,HIGH,-4.09,-7.43,1.97,1.2,0.1373,False,-5.89,False,-10.44,4.86,6.468,-3.2248,-36.12,0.847,,,30.0,-14.3,7.73,5345223.0,,,39.1,0.36466165413533835,0.18170426065162906,0.6679197994987469,0.17669172932330826,0.5256892230576441,0.32644110275689225,0.6466165413533834,0.3739,0.6167,0.3484
PCT,PureCycle Technologies Inc,Industrials,Pollution & Treatment Controls,,,0.52,173.45,0.2,79.05,28.76,-34.25,-6.23,2.61,-63.07000000000001,2.0,4110000.0000000005,1.54,5.72,Aug 06/a,11.5,1150000000.0,HIGH,-15.88,-2.22,1.94,-10.59,0.2621,False,-8.32,False,-12.11,5.823,3.497,-2.6658,-31.58,1.087,29.0,-20.67,30.0,-16.74,5.72,20077036.0,,,101.0,0.5350877192982456,0.26629072681704263,0.26378446115288223,0.3991228070175439,0.5087719298245614,0.2644110275689223,0.19924812030075187,0.3729,0.3115,0.4268
NKTX,Nkarta Inc,Healthcare,Biotechnology,,,-74.47,,-0.01,2.52,5.97,-1.05,30.409999999999997,0.93,-23.92,1.25,673340.0,0.91,2.83,Aug 10/a,10.83,202700000.0,HIGH,6.39,-3.08,1.02,11.68,0.1997,True,0.79,True,10.22,7.337,3.357,-4.4676,-23.92,0.888,12.0,4.81,28.0,21.46,2.83,1701704.0,,,282.7,0.15162907268170425,0.41791979949874686,0.42606516290726815,0.20676691729323307,0.10964912280701754,0.9223057644110275,0.9172932330827067,0.3724,0.5276,0.3476
FWRG,First Watch Restaurant Group Inc,Consumer Cyclical,Restaurants,36.04,38.72,11.9,15.2,0.0,-3.6900000000000004,11.27,-13.8,-17.84,1.06,-45.92,1.0,1130000.0,1.77,10.18,Aug 04/b,19.27,628230000.0,HIGH,-21.87,-10.39,1.78,-16.58,0.3316,False,-13.82,False,-16.66,5.928,2.701,-3.2288,-25.37,1.423,56.0,-21.02,33.0,-18.56,10.18,12986509.0,,,89.3,0.3609022556390977,0.38784461152882205,0.14536340852130325,0.7337092731829574,0.4517543859649123,0.15413533834586465,0.08145363408521303,0.3723,0.2117,0.4251
OMCL,Omnicell Inc,Healthcare,Health Information Services,38.11,15.42,337.17,7.449999999999999,-1.35,3.16,7.48,-17.46,-3.5000000000000004,0.99,-37.83,1.25,738570.0,1.27,32.23,Jul 30/b,57.86,1470000000.0,HIGH,-9.42,-3.82,1.51,-4.13,0.1212,False,-4.21,False,-13.94,3.719,1.8,-2.3242,-32.94,0.78,47.0,-29.84,36.0,-13.15,32.23,21021489.0,,,79.5,0.6140350877192983,0.23433583959899748,0.7456140350877193,0.12030075187969924,0.31641604010025065,0.19924812030075187,0.4066416040100251,0.3717,0.4813,0.3125
UTI,Universal Technical Institute Inc,Consumer Defensive,Education & Training Services,34.9,28.9,-78.77,7.15,-65.98,11.23,10.26,-46.79,-42.47,1.17,-58.18,1.0,1420000.0,1.44,21.47,Aug 05/a,41.86,1180000000.0,HIGH,-3.94,5.61,1.21,1.35,0.1263,True,0.69,False,-27.78,5.439,5.589,-2.0264,-58.18,1.205,56.0,-49.8,31.0,-22.96,21.47,36114900.0,,,95.0,0.7055137844611529,0.041353383458646614,0.7230576441102756,0.543859649122807,0.17167919799498746,0.043859649122807015,0.6522556390977443,0.3716,0.5293,0.3662
PTON,Peloton Interactive Inc,Consumer Cyclical,Leisure,45.18,15.11,122.18,0.13,-1.43,8.51,14.7,-13.86,22.41,2.55,-45.98,2.29,8540000.0,1.38,4.97,Aug 06/b,7.9,2180000000.0,HIGH,-8.13,0.61,1.49,-2.84,0.1733,False,-3.77,False,-12.4,3.471,2.817,-2.5617,-26.15,0.899,33.0,-22.95,31.0,-9.72,4.97,40712440.0,,,59.0,0.556390977443609,0.36716791979949875,0.5219298245614035,0.21553884711779447,0.30388471177944865,0.2518796992481203,0.4724310776942356,0.3695,0.4367,0.3319
TARS,Tarsus Pharmaceuticals Inc,Healthcare,Biotechnology,,51.89,10.97,69.41,-3.42,3.9,,23.64,16.99,0.44,-14.679999999999998,1.1,1010000.0,0.71,78.09,Aug 06/b,98.22,3650000000.0,HIGH,7.41,-2.33,0.91,12.7,0.287,True,0.14,True,13.55,4.914,2.267,-3.9735,-14.68,0.711,12.0,5.46,31.0,27.41,78.09,62490391.0,,,25.8,0.20802005012531327,0.6860902255639098,0.20551378446115287,0.07957393483709273,0.08583959899749373,0.949874686716792,0.931077694235589,0.3692,0.4598,0.3308
MAMA,Mama's Creations Inc,Consumer Defensive,Packaged Foods,76.85,38.57,76.32,55.05,-2.06,25.81,7.36,-25.66,-11.82,0.56,-37.1,1.0,718650.0,2.7,13.21,Sep 03/a,22.29,622820000.0,HIGH,-19.65,-11.22,2.28,-14.36,0.3021,False,-13.77,False,-21.13,6.747,4.466,-4.3065,-37.1,2.249,,,10.0,-12.86,13.21,12579036.0,,,68.7,0.16290726817042606,0.16541353383458646,0.18671679197994984,0.9611528822055138,0.6541353383458647,0.08270676691729323,0.10776942355889724,0.3688,0.2954,0.4652
BL,BlackLine Inc,Technology,Software - Application,50.24,10.12,104.71,9.18,-0.65,-8.74,12.59,5.12,-26.950000000000003,0.73,-52.76,2.69,1050000.0,1.47,28.14,Aug 04/a,38.8,1640000000.0,HIGH,-11.59,-7.1,1.67,-6.3,0.2495,False,-8.92,False,-7.65,4.944,2.825,-3.4985,-18.9,0.935,16.0,-10.15,32.0,-7.65,28.14,28897406.0,,,37.9,0.2832080200501253,0.5588972431077694,0.29761904761904767,0.24436090225563908,0.40225563909774437,0.42606516290726815,0.30952380952380953,0.3687,0.3338,0.339
NCMI,National Cinemedia Inc,Communication Services,Advertising Agencies,,54.25,7.200000000000001,12.740000000000002,-1.41,4.41,11.15,-36.18,-33.44,1.63,-55.78999999999999,1.4,844250.0,2.59,2.17,Aug 11/a,4.7,204130000.0,HIGH,-14.57,-10.7,2.49,-9.28,0.2185,False,-12.29,False,-31.54,4.905,2.765,-2.7829,-49.18,1.179,34.0,-45.89,27.0,-2.25,2.17,2150203.0,,,116.6,0.5012531328320802,0.08145363408521303,0.3659147869674185,0.5137844611528822,0.7174185463659147,0.02631578947368421,0.23182957393483708,0.3677,0.4177,0.4397
CAKE,Cheesecake Factory Inc,Consumer Cyclical,Restaurants,26.19,19.31,23.78,7.719999999999999,-7.62,-6.61,20.59,25.03,68.69,1.05,-18.53,2.71,1620000.0,0.99,96.51,Jul 28/a,95.8,4800000000.0,HIGH,-14.84,-8.23,1.08,-9.55,0.2368,False,-9.21,False,-4.51,3.672,2.072,-2.949,-18.53,0.85,29.0,-9.85,37.0,8.43,96.51,159047184.0,,,-0.7,0.4473684210526316,0.5726817042606517,0.3308270676691729,0.17794486215538846,0.12969924812030076,0.5426065162907269,0.22431077694235588,0.3669,0.2279,0.3244
SKYX,SKYX Platforms Corp,Industrials,Electrical Equipment & Parts,,,25.8,9.58,0.0,-15.73,3.1,17.59,-27.43,2.32,-61.4,1.0,1290000.0,0.63,1.27,Aug 12/a,4.0,172000000.0,HIGH,10.43,-14.19,0.79,15.72,0.2492,False,-1.49,True,4.17,8.493,3.15,-5.5496,-16.45,1.017,5.0,-5.93,26.0,15.45,1.27,1336495.0,,,215.0,0.07268170426065163,0.6203007518796992,0.29949874686716793,0.32205513784461154,0.05576441102756892,0.8295739348370927,0.9598997493734336,0.3666,0.4905,0.32
FIGS,Figs Inc,Consumer Cyclical,Apparel Manufacturing,40.41,34.48,253.77,28.809999999999995,-0.83,2.97,11.32,6.09,-8.16,1.07,-25.290000000000003,2.12,3030000.0,0.81,13.06,Aug 06/a,18.14,2170000000.0,HIGH,-11.04,-6.58,0.93,-5.75,0.2693,False,-8.37,True,2.88,4.85,1.685,-3.1015,-20.27,0.811,15.0,-13.51,30.0,16.19,13.06,37143211.0,,,38.9,0.39097744360902253,0.525062656641604,0.2443609022556391,0.13972431077694236,0.09210526315789473,0.8045112781954887,0.3383458646616541,0.3661,0.2363,0.3568
AESI,Atlas Energy Solutions Inc,Energy,Oil & Gas Equipment & Services,,,-347.44,1.56,0.0,23.63,30.58,-16.36,-0.95,1.12,-32.69,2.62,3210000.0,0.71,13.55,Aug 03/a,17.42,1690000000.0,HIGH,7.71,3.12,0.79,13.0,0.2164,True,2.74,True,6.33,5.567,2.399,-3.6761,-21.13,0.819,11.0,3.99,33.0,23.97,13.55,37909320.0,,,28.6,0.24812030075187969,0.5012531328320802,0.37593984962406013,0.14849624060150377,0.05576441102756892,0.8659147869674185,0.9373433583959899,0.3659,0.5044,0.3296
CMCO,Columbus Mckinnon Corp,Industrials,Farm & Heavy Construction Machinery,,5.96,-2991.84,125.27,1.15,-8.76,8.21,7.28,10.99,1.43,-35.41,1.5,588410.0,1.17,15.76,Jul 30/b,26.0,454900000.0,HIGH,-10.56,-4.19,1.62,-5.27,0.2105,False,-9.62,False,-9.16,5.285,3.363,-2.8635,-29.3,0.951,33.0,-21.67,36.0,7.8,15.76,7371132.0,,,65.0,0.4799498746867168,0.30701754385964913,0.393483709273183,0.2631578947368421,0.37719298245614036,0.37343358395989973,0.35964912280701755,0.3657,0.3751,0.3734
ARHS,Arhaus Inc,Consumer Cyclical,Specialty Retail,15.96,13.71,12.560000000000002,7.380000000000001,-0.0,2.02,12.39,7.3,9.87,2.32,-32.33,2.27,1300000.0,1.51,7.79,Aug 06/b,10.5,1100000000.0,HIGH,-17.0,-4.06,1.79,-11.71,0.2893,False,-7.17,False,-7.63,5.234,4.878,-3.5009,-24.3,1.099,23.0,-18.26,31.0,-5.35,7.79,9097841.0,,,34.8,0.2819548872180451,0.40726817042606517,0.20175438596491224,0.41791979949874686,0.4542606516290727,0.4273182957393484,0.15914786967418545,0.3651,0.2605,0.3954
FWRD,Forward Air Corp,Industrials,Integrated Freight & Logistics,,62.84,-1443.46,8.76,0.0,-0.53,7.48,8.88,-4.38,1.41,-52.43,2.2,755820.0,1.44,14.83,Aug 05/a,28.0,500970000.0,HIGH,-18.11,-11.14,2.03,-12.82,0.2103,False,-11.33,False,-9.05,5.775,5.327,-3.4207,-27.9,0.904,27.0,-20.27,31.0,-3.76,14.83,8946432.0,,,88.8,0.3057644110275689,0.33208020050125314,0.39536340852130325,0.22055137844611528,0.5545112781954887,0.37969924812030076,0.13032581453634084,0.3647,0.3371,0.3651
COTY,Coty Inc,Consumer Defensive,Household & Personal Products,,9.39,-98.19,1.34,0.0,4.3,12.24,24.62,13.019999999999998,0.91,-45.64,3.18,10950000.0,0.83,2.43,Aug 19/a,2.65,2140000000.0000002,HIGH,-11.31,-10.66,1.49,-6.02,0.1988,False,-11.1,False,-10.17,4.703,2.469,-2.7346,-21.36,0.767,22.0,-11.31,21.0,-11.64,2.43,16531064.0,,,9.1,0.5137844611528822,0.4843358395989975,0.4291979949874687,0.10776942355889724,0.30388471177944865,0.33959899749373434,0.32142857142857145,0.3631,0.3485,0.3163
PRLD,Prelude Therapeutics Inc,Healthcare,Biotechnology,,,65.57,,19.12,18.47,8.03,12.73,52.66,0.95,-28.7,1.0,501650.0,2.32,4.87,Aug 11/b,9.2,388640000.0,HIGH,-26.55,6.1,2.4,-21.26,0.5624,False,-9.78,False,-2.83,7.177,7.392,-4.3639,-28.7,1.042,23.0,-13.5,28.0,0.83,4.87,2621110.0,,,88.9,0.15664160401002505,0.3182957393483709,0.03383458646616544,0.35025062656641603,0.6929824561403509,0.6165413533834586,0.041353383458646614,0.3614,0.2346,0.4541
KNF,Knife River Corp,Basic Materials,Building Materials,22.18,15.89,-13.23,12.57,0.0,-0.18,7.43,-36.87,-31.920000000000005,0.58,-43.46,2.25,744650.0,1.85,54.44,Aug 04/b,87.29,3090000000.0,HIGH,-17.73,-3.59,1.47,-12.44,0.2728,False,-10.37,False,-20.52,3.55,2.382,-2.0462,-43.46,1.423,,,33.0,-21.68,54.44,56720229.0,,,60.3,0.7017543859649122,0.11027568922305764,0.23809523809523814,0.7337092731829574,0.29385964912280704,0.08897243107769423,0.13784461152882205,0.3611,0.2147,0.4546
CABA,Cabaletta Bio Inc,Healthcare,Biotechnology,,,53.72,,0.0,63.36999999999999,31.13,-10.21,-16.12,3.45,-39.72,1.4,5100000.0,2.45,2.55,Aug 13/b,13.25,432340000.0,HIGH,-18.53,-12.37,2.24,-13.24,0.4436,False,-16.26,False,-11.76,9.849,3.529,-5.4659,-32.0,1.643,12.0,-22.73,26.0,-5.9,2.55,16699825.0,,,419.6,0.08270676691729323,0.25877192982456143,0.06015037593984962,0.8408521303258145,0.6416040100250626,0.27631578947368424,0.12656641604010024,0.3601,0.2612,0.4604
POWI,Power Integrations Inc,Technology,Semiconductors,112.78,27.09,613.58,2.66,-26.69,-1.82,10.33,-42.15,8.06,1.54,-44.73,1.4,802080.0,1.91,50.39,Aug 05/a,81.67,2820000000.0,HIGH,-8.68,3.88,1.8,-3.39,0.1843,False,-1.51,False,-14.76,4.552,2.897,-3.0502,-41.94,1.161,,,31.0,-14.56,50.39,43327549.0,,,62.1,0.40726817042606517,0.12907268170426064,0.47744360902255634,0.4943609022556391,0.4592731829573935,0.17919799498746866,0.4517543859649123,0.3578,0.4617,0.385
KLRA,Kailera Therapeutics Inc,Healthcare,Biotechnology,,,,,38.89,77.48,9.98,-35.53,,,-54.55,1.0,816770.0,3.87,12.83,Aug 12/a,42.75,1660000000.0,HIGH,-25.28,-6.69,3.43,-19.99,0.4653,False,-17.24,False,-25.04,8.373,6.781,-4.9785,-46.14,2.048,54.0,-41.66,26.0,-28.6,12.83,13890843.0,,,233.2,0.11027568922305764,0.09837092731829573,0.053884711779448646,0.9448621553884712,0.8796992481203008,0.05513784461152882,0.05263157894736842,0.357,0.3011,0.4975
PAR,Par Technology Corp,Technology,Software - Application,,10.68,21.17,18.69,140.23,-5.25,22.59,-0.26,8.16,1.34,-65.47,1.44,984900.0,1.14,15.25,Aug 06/a,25.31,630780000.0,HIGH,-21.92,-15.7,1.27,-16.63,0.2883,False,-16.48,False,-13.66,6.052,4.656,-3.081,-23.98,1.402,10.0,-19.31,30.0,-10.92,15.25,15959360.0,,,66.0,0.39724310776942356,0.41604010025062654,0.2042606516290727,0.7180451127819549,0.20175438596491227,0.20488721804511278,0.07894736842105263,0.357,0.1534,0.3805
GANX,Gain Therapeutics Inc,Healthcare,Biotechnology,,,43.08,,0.0,1.2,6.6,-6.38,-7.37,0.19,-59.45,1.0,759720.0,0.49,1.76,Aug 11/b,7.2,76810000.0,HIGH,-12.22,1.15,1.08,-6.93,0.1877,False,-2.33,False,-3.5,3.961,3.125,-2.7079,-25.74,0.641,28.0,-0.56,28.0,-0.56,1.76,624365.0,,,309.1,0.5225563909774437,0.37719298245614036,0.45614035087719296,0.05701754385964912,0.12969924812030076,0.5877192982456141,0.2844611528822055,0.3551,0.2895,0.3242
LBRT,Liberty Energy Inc,Energy,Oil & Gas Equipment & Services,26.26,131.15,-40.52,14.01,-1.49,5.27,9.45,-28.88,-39.08,0.72,-43.94,1.77,4360000.0,1.2,19.33,Jul 22/a,29.12,3150000000.0,HIGH,-0.15,-1.02,1.53,5.14,0.2009,False,-2.32,False,-6.26,4.91,3.052,-2.9916,-29.17,0.84,,,41.0,-1.48,19.33,67230521.0,,,50.6,0.4197994987468672,0.30952380952380953,0.42105263157894735,0.16541353383458646,0.3258145363408521,0.4799498746867168,0.8007518796992481,0.3536,0.5444,0.3477
BHVN,Biohaven Ltd,Healthcare,Biotechnology,,,52.910000000000004,,0.0,-5.82,14.78,0.37,52.01,3.19,-26.640000000000004,1.71,3000000.0,2.15,13.62,Aug 10/a,23.08,2060000000.0,HIGH,-1.66,7.75,1.61,3.63,0.3979,False,-5.54,False,-5.42,8.176,6.681,-6.9821,-25.33,1.406,17.0,-5.29,28.0,-6.0,13.62,58786145.0,,,69.5,0.041353383458646614,0.38972431077694236,0.08395989974937346,0.7218045112781954,0.37155388471177947,0.5087719298245614,0.75,0.3529,0.4367,0.4109
UNCY,Unicycive Therapeutics Inc,Healthcare,Biotechnology,,2.65,87.79,,0.0,4.97,14.69,-29.93,-29.520000000000003,1.82,-45.08,1.0,1500000.0,0.74,4.8,Aug 12/b,29.6,133710000.00000001,HIGH,-14.74,-6.8,1.34,-9.45,0.1995,False,-7.24,False,-8.14,4.664,1.875,-3.1798,-43.93,1.22,,,27.0,-4.0,4.8,4239664.0,,,516.7,0.37593984962406013,0.10902255639097744,0.4273182957393483,0.5632832080200502,0.2211779448621554,0.40726817042606517,0.22681704260651628,0.3507,0.2853,0.3919
RWT,Redwood Trust Inc,Real Estate,REIT - Mortgage,,3.85,95.49,37.59,12.619999999999997,-12.3,5.16,-23.64,-32.88,1.51,-43.47,1.5,4179999.9999999995,2.3,3.94,Jul 28/b,5.84,494910000.0,HIGH,-17.92,2.87,1.43,-12.63,0.3696,False,-8.39,False,-14.7,5.602,3.807,-4.1307,-25.24,2.356,,,38.0,-15.63,3.94,25793546.0,,,48.2,0.18295739348370926,0.39097744360902253,0.10275689223057649,0.9674185463659147,0.27130325814536344,0.18170426065162906,0.13408521303258145,0.3495,0.1659,0.4008
TTI,Tetra Technologies Inc,Energy,Oil & Gas Equipment & Services,148.66,18.1,-14.05,6.78,-0.19,17.45,6.94,-40.62,-25.4,1.26,-51.519999999999996,1.4,1880000.0,1.81,6.08,Aug 03/a,11.8,900280000.0,HIGH,-15.44,-6.03,1.71,-10.15,0.1809,False,-9.68,False,-21.69,5.24,3.783,-2.9493,-47.5,1.227,,,33.0,-22.05,6.08,13278121.0,,,94.1,0.44611528822055135,0.09022556390977443,0.48621553884711777,0.5745614035087719,0.41854636591478694,0.07644110275689223,0.20927318295739347,0.3487,0.3551,0.3789
AIP,Arteris Inc,Technology,Semiconductors,,180.82,-36.28,46.25,-20.22,11.65,6.18,-49.44,39.72,1.91,-55.63,1.0,786040.0,2.18,22.3,Aug 06/a,41.0,1100000000.0,HIGH,-6.66,8.2,2.3,-1.37,0.1924,True,1.2,False,-16.76,5.393,2.686,-4.1062,-55.63,1.255,,,30.0,-25.12,22.3,16389059.0,,,83.9,0.18671679197994986,0.05137844611528822,0.4373433583959899,0.6008771929824561,0.6647869674185464,0.14786967418546365,0.518796992481203,0.3482,0.5382,0.4001
BLND,Blend Labs Inc,Technology,Software - Application,,25.5,37.18,7.339999999999999,11.95,-8.32,7.51,-27.88,-28.309999999999995,1.06,-72.89,1.33,2340000.0,2.7,1.19,Aug 06/a,2.96,281450000.0,HIGH,-21.71,-17.93,3.31,-16.42,0.2649,False,-18.18,False,-25.69,6.363,10.084,-3.1454,-42.79,1.094,34.0,-33.15,30.0,-26.99,1.19,2712030.0,,,148.7,0.38220551378446116,0.11904761904761904,0.2543859649122807,0.4091478696741855,0.8715538847117794,0.05137844611528822,0.08270676691729323,0.348,0.3709,0.4286
OSG,Octave Specialty Group Inc,Financial,Insurance - Specialty,,7.93,23.37,51.019999999999996,0.0,-5.76,4.07,-21.88,-6.25,0.85,-56.65,1.5,501840.0,1.44,4.5,Aug 06/a,11.67,202730000.0,HIGH,-1.1,-10.0,1.32,4.19,0.1853,False,-4.09,False,-12.35,5.286,2.444,-3.231,-32.63,1.202,8.0,-9.09,30.0,-8.72,4.5,2558735.0,,,159.3,0.3583959899749373,0.24185463659147868,0.4692982456140351,0.5401002506265664,0.21553884711779447,0.2531328320802005,0.7694235588972431,0.3464,0.5132,0.3418
TRVI,Trevi Therapeutics Inc,Healthcare,Biotechnology,,,-20.34,,-0.1,11.25,11.66,-13.13,39.72,0.98,-26.06,1.0,2170000.0,0.99,14.95,Aug 06/a,29.5,2130000000.0,HIGH,-16.76,-5.92,1.4,-11.47,0.2557,False,-10.09,False,-14.51,4.362,3.813,-2.2784,-26.06,1.033,23.0,-19.1,30.0,-19.19,14.95,25209268.0,,,97.3,0.631578947368421,0.36967418546365916,0.28696741854636587,0.3433583959899749,0.2543859649122807,0.18922305764411027,0.16666666666666666,0.3459,0.2291,0.3546
EGHT,8X8 Inc,Technology,Software - Application,53.15,4.74,73.75,4.86,-2.24,-5.85,2.16,-3.8,-8.76,1.88,-38.54,2.33,1710000.0,0.94,1.77,Aug 04/a,2.58,255650000.0,HIGH,-11.94,-4.32,1.21,-6.65,0.1618,False,-5.73,False,-9.82,4.964,2.825,-2.5921,-27.16,0.707,33.0,-14.08,32.0,-20.98,1.77,2489009.0,,,45.8,0.5476190476190477,0.3458646616541353,0.5708020050125313,0.07769423558897243,0.17167919799498746,0.34962406015037595,0.2932330827067669,0.3439,0.34,0.2867
MYO,Myomo Inc,Healthcare,Medical Devices,,,15.439999999999998,21.26,4.86,-1.34,3.32,15.620000000000001,105.21000000000001,1.6,-21.49,1.0,644850.0,1.04,1.48,Aug 05/a,4.64,58620000.0,HIGH,-14.45,13.85,1.35,-9.16,0.3687,True,3.97,True,13.71,7.321,13.716,-6.5717,-21.49,0.935,22.0,-11.9,31.0,39.62,1.48,715683.0,,,213.5,0.04887218045112782,0.4774436090225564,0.10401002506265666,0.24436090225563908,0.22556390977443608,0.9536340852130326,0.23684210526315788,0.3423,0.1936,0.3681
BBAI,BigBear.ai Holdings Inc,Technology,Information Technology Services,,,92.47,13.170000000000002,-0.43,-0.07,30.7,-28.57,-24.93,3.25,-70.18,2.33,22900000.0,0.89,2.8,Jul 30/a,4.33,1340000000.0,HIGH,-13.04,-2.78,1.25,-7.75,0.1867,False,-5.26,False,-6.57,4.628,5.679,-3.0369,-25.93,0.833,26.0,-14.11,35.0,0.36,2.8,48084007.0,,,54.6,0.40977443609022557,0.37343358395989973,0.4605263157894737,0.15914786967418545,0.18796992481203006,0.462406015037594,0.2631578947368421,0.3422,0.2998,0.3048
FIP,FTAI Infrastructure Inc,Industrials,Conglomerates,,,-92.91,56.60000000000001,0.1,-0.63,17.74,-37.63,-38.14,1.93,-55.16,1.0,1260000.0,2.07,3.0,Aug 05/a,9.94,354550000.0,HIGH,-21.47,0.0,1.99,-16.18,0.3732,False,-10.73,False,-21.74,6.186,8.833,-3.2368,-42.08,1.671,27.0,-31.35,31.0,-12.02,3.0,4279687.0,,,231.3,0.3558897243107769,0.12280701754385964,0.10025062656641603,0.8621553884711779,0.5350877192982456,0.07518796992481203,0.08521303258145363,0.3419,0.2247,0.4571
QDEL,QuidelOrtho Corp,Healthcare,Medical Devices,,7.36,63.94,2.45,0.0,-4.73,20.79,-22.31,-35.91,0.78,-70.15,3.25,1520000.0,1.96,10.62,Aug 06/a,14.67,728270000.0,HIGH,-27.95,-4.5,2.12,-22.66,0.5031,False,-19.38,False,-28.9,6.901,6.874,-2.9874,-46.36,1.672,50.0,-39.11,30.0,-13.59,10.62,17782159.0,,,38.1,0.4223057644110276,0.09523809523809523,0.04385964912280704,0.8634085213032582,0.5877192982456141,0.03508771929824561,0.03383458646616541,0.3413,0.203,0.4771
WING,Wingstop Inc,Consumer Cyclical,Restaurants,24.71,19.5,20.11,6.4399999999999995,-0.13,0.38,16.17,-35.67,-44.43,1.81,-65.63,1.47,1250000.0,1.4,104.08,Jul 29/b,198.38,2840000000.0,HIGH,-9.83,-9.27,1.4,-4.54,0.1725,False,-5.63,False,-14.75,6.454,3.108,-3.6275,-42.09,1.38,56.0,-39.98,37.0,-22.83,104.08,135923102.0,,,90.6,0.2543859649122807,0.12155388471177944,0.5256892230576441,0.7023809523809523,0.2543859649122807,0.18045112781954886,0.39536340852130325,0.3398,0.3922,0.3479
NUVB,Nuvation Bio Inc,Healthcare,Biotechnology,,,-4.04,555.64,-0.59,5.55,21.54,5.22,37.32,1.61,-40.0,1.17,6810000.0,0.65,5.85,Aug 06/b,13.1,2060000000.0,HIGH,-15.58,-1.52,0.95,-10.29,0.2699,False,-10.09,False,-8.88,5.388,6.154,-2.8812,-22.82,1.078,23.0,-9.72,31.0,-4.26,5.85,30074619.0,,,123.9,0.47368421052631576,0.449874686716792,0.24310776942355894,0.38596491228070173,0.09774436090225563,0.38471177944862156,0.20551378446115287,0.3392,0.1845,0.3355
TROX,Tronox Holdings plc,Basic Materials,Chemicals,,,-101.93,18.74,0.0,7.449999999999999,16.85,-43.11,-42.88,0.9,-60.25,3.2,2640000.0,1.99,4.21,Aug 05/a,7.0,672340000.0,HIGH,-24.28,-2.55,2.23,-18.99,0.3955,False,-13.99,False,-24.94,5.65,4.276,-1.9266,-40.79,1.063,31.0,-28.03,31.0,-28.03,4.21,11387451.0,,,66.3,0.7431077694235589,0.13909774436090225,0.08521303258145363,0.37218045112781956,0.6365914786967418,0.05639097744360902,0.06265664160401002,0.3388,0.2416,0.4521
VSH,Vishay Intertechnology Inc,Technology,Semiconductors,169.85,18.23,1193.88,16.57,0.0,14.39,11.09,-49.91,83.36,1.8,-53.2,1.8,5470000.0,0.79,32.51,Aug 05/b,40.0,4990000000.0,HIGH,2.78,5.55,1.14,8.07,0.1051,True,4.06,False,-4.87,4.772,3.137,-3.2127,-48.09,0.739,,,32.0,-2.02,32.51,118001430.0,,,23.0,0.3684210526315789,0.08771929824561403,0.8095238095238095,0.09022556390977443,0.14724310776942356,0.5288220551378446,0.87468671679198,0.3387,0.6369,0.2837
SYNA,Synaptics Inc,Technology,Semiconductors,,14.16,-9367.08,8.91,-11.74,-1.8000000000000003,6.17,-33.91,28.43,1.97,-37.56,2.46,939700.0,0.88,93.11,Aug 06/a,131.25,3700000000.0,HIGH,-4.66,-2.05,1.07,0.63,0.1125,False,-2.41,False,-11.02,4.92,3.104,-3.5816,-32.05,1.001,,,30.0,-8.81,93.11,74211269.0,,,41.0,0.2631578947368421,0.2568922305764411,0.7819548872180451,0.3032581453634085,0.12406015037593984,0.2982456140350877,0.6203007518796992,0.3379,0.5199,0.2472
RUN,Sunrun Inc,Technology,Solar,5.74,19.76,-60.68,52.81,-9.36,1.97,29.48,-36.91,-34.79,2.42,-61.99,1.92,9780000.0,1.13,8.53,Aug 05/a,15.71,2049999999.9999998,HIGH,-6.88,2.4,1.55,-1.59,0.1383,False,-2.75,False,-13.31,5.106,5.451,-3.02,-43.32,0.974,,,31.0,-9.06,8.53,62367525.0,,,84.2,0.41353383458646614,0.11215538847117794,0.662907268170426,0.2775689223057644,0.33897243107769426,0.2174185463659148,0.5125313283208021,0.3371,0.5056,0.3119
ABAT,American Battery Technology Company,Industrials,Waste Management,,,-39.66,196.6,-2.82,2.31,15.75,-30.130000000000003,-28.050000000000004,1.31,-81.03,1.0,3380000.0,1.78,2.18,Sep 14/b,6.0,310820000.0,HIGH,-15.18,-7.63,1.66,-9.89,0.3324,False,-13.91,False,-10.75,7.045,5.963,-5.217,-26.6,1.38,9.0,-21.58,5.0,-7.63,2.18,9049555.0,,,175.2,0.10025062656641603,0.3558897243107769,0.14411027568922308,0.7023809523809523,0.39724310776942356,0.31704260651629074,0.21428571428571427,0.3362,0.2481,0.3792
ESTA,Establishment Labs Holdings Inc,Healthcare,Medical Devices,,,32.04,31.66,-17.1,5.2,16.06,-18.29,5.75,1.05,-28.99,1.0,558010.0,0.43,69.3,Aug 06/b,102.44,2069999999.9999998,HIGH,-4.64,-3.64,0.7,0.65,0.1006,False,-3.6,False,-13.76,4.341,2.626,-2.4923,-28.99,0.578,46.0,-23.53,31.0,-12.33,69.3,24520006.0,,,47.8,0.5764411027568922,0.3132832080200501,0.8395989974937343,0.039473684210526314,0.03884711779448621,0.20175438596491227,0.6215538847117794,0.3349,0.5122,0.2141
ESAB,ESAB Corp,Industrials,Metal Fabrication,23.39,10.13,-54.09,12.86,-0.02,11.22,8.94,-38.85,-33.96,1.14,-52.739999999999995,1.25,759580.0,1.36,64.94,Aug 06/b,128.11,4040000000.0,HIGH,-20.22,-3.82,1.27,-14.93,0.2894,False,-11.78,False,-20.3,3.845,3.496,-2.3533,-35.98,1.405,33.0,-28.67,31.0,-29.77,64.94,59348084.0,,,97.3,0.6052631578947368,0.18546365914786966,0.20050125313283207,0.7205513784461153,0.20175438596491227,0.09273182957393483,0.10275689223057644,0.3344,0.1618,0.4051
APPS,Digital Turbine Inc,Technology,Software - Application,,11.22,29.020000000000003,26.780000000000005,0.0,1.78,9.53,23.81,229.01,3.03,-30.490000000000002,1.0,3740000.0,0.95,10.66,Aug 04/a,17.0,1290000000.0,HIGH,-1.93,-9.12,1.36,3.36,0.1903,False,-2.86,True,0.2,6.788,6.942,-4.335,-30.51,0.82,32.0,12.09,32.0,12.09,10.66,28481991.0,,,59.5,0.15914786967418545,0.2832080200501253,0.44110275689223055,0.15037593984962405,0.231203007518797,0.7393483709273183,0.7330827067669173,0.3341,0.4949,0.32
ADTN,ADTRAN Holdings Inc,Technology,Communication Equipment,,12.36,46.59,6.07,-2.2,5.39,17.28,-52.57000000000001,-39.5,1.48,-63.96000000000001,1.44,2040000.0,1.81,7.2,Aug 04/b,14.7,586670000.0,HIGH,-7.34,2.27,2.21,-2.05,0.1735,False,-3.3,False,-17.02,4.633,2.083,-3.2508,-49.62,0.993,,,33.0,-17.81,7.2,12439926.0,,,104.2,0.3508771929824561,0.07644110275689223,0.5200501253132832,0.2932330827067669,0.6234335839598998,0.13784461152882205,0.4981203007518797,0.3336,0.5423,0.3513
OLOX,Olenox Industries Inc,Industrials,Metal Fabrication,,,98.96,193.66,0.0,-0.88,4.16,-83.0,-91.42,1.29,-99.02,1.0,1110000.0,27.27,1.03,-,35991.44,1710000.0,HIGH,-50.72,27.79,5.94,-45.43,1.441,False,-6.45,False,-66.01,15.971,50.485,-11.2644,-83.47,3.181,42.0,-81.37,,,1.03,6206642.0,,,3494214.6,0.011278195488721804,0.010025062656641603,0.0025062656641604564,0.9862155388471178,0.9837092731829574,0.006265664160401002,0.006265664160401002,0.3333,0.2984,0.4969
REPL,Replimune Group Inc,Healthcare,Biotechnology,,,23.97,,-3.29,18.65,26.54,28.26,89.7,0.94,-19.96,1.0,4520000.0,0.48,13.07,Aug 14/b,19.43,1230000000.0,HIGH,-11.51,-0.31,1.01,-6.22,0.325,False,-9.85,True,3.57,5.742,3.979,-3.289,-19.96,0.415,12.0,-16.59,25.0,-12.69,13.07,30527262.0,,,48.7,0.33709273182957394,0.5375939849624061,0.15162907268170422,0.02631578947368421,0.10651629072681704,0.8208020050125313,0.3132832080200501,0.33,0.2028,0.3227
EVC,Entravision Communications Corp,Communication Services,Advertising Agencies,357.8,,597.14,126.24,-13.059999999999999,19.92,10.45,-20.89,156.58,1.73,-43.23,1.0,1670000.0,0.8,7.8,Aug 10/a,3.5,719850000.0,HIGH,-3.35,-6.25,1.17,1.94,0.1224,False,-4.64,False,-18.58,5.037,2.949,-1.9405,-43.23,0.763,30.0,-31.64,28.0,-15.49,7.8,9262887.0,,,-55.1,0.7355889724310777,0.11403508771929824,0.7393483709273183,0.10588972431077694,0.15726817042606517,0.11779448621553884,0.6729323308270677,0.3283,0.5382,0.2791
CURI,CuriosityStream Inc,Communication Services,Broadcasting,,11.23,977.94,22.26,0.73,-0.22999999999999998,6.57,9.88,-10.61,1.76,-49.55,1.0,1030000.0,0.66,2.78,Aug 12/a,5.38,164960000.0,HIGH,0.72,-0.36,0.74,6.01,0.14,True,1.4,True,2.26,4.234,3.777,-3.7379,-35.5,0.527,26.0,-0.71,26.0,-0.71,2.78,2484062.0,,,93.5,0.24185463659147868,0.19172932330827067,0.6541353383458647,0.03383458646616541,0.046992481203007516,0.7944862155388471,0.8320802005012531,0.3272,0.5432,0.2793
BOOT,Boot Barn Holdings Inc,Consumer Cyclical,Apparel Retail,15.55,12.19,31.920000000000005,17.75,-0.1,1.7399999999999998,10.27,-29.45,-24.31,1.76,-41.54,1.29,695640.0,1.41,122.92,Jul 29/a,221.5,3720000000.0,HIGH,-25.76,-13.95,1.45,-20.47,0.36,False,-16.02,False,-19.83,4.849,1.717,-3.227,-31.2,1.583,22.0,-22.25,36.0,-18.54,122.92,96174103.0,,,80.2,0.36215538847117795,0.2694235588972431,0.1127819548872181,0.8233082706766918,0.28383458646616544,0.10213032581453634,0.045112781954887216,0.3256,0.137,0.3929
CELC,Celcuity Inc,Healthcare,Biotechnology,,,-38.76,,-26.63,21.6,26.53,-8.15,-28.660000000000004,0.1,-46.62,1.0,1210000.0,1.17,80.61,Aug 13/a,160.75,3940000000.0,HIGH,-13.81,-3.5,1.67,-8.52,0.2305,False,-9.89,False,-10.85,4.759,6.701,-3.0149,-31.23,0.898,12.0,-12.36,25.0,-6.92,80.61,74462745.0,,,99.4,0.41478696741854637,0.2681704260651629,0.3408521303258145,0.2136591478696742,0.40225563909774437,0.31265664160401,0.2487468671679198,0.3254,0.3224,0.3358
VENU,Venu Holding Corp,Consumer Cyclical,Restaurants,,,-6.38,6.87,3.7000000000000006,8.12,11.82,-48.26,-58.03,3.22,-89.33,1.0,617960.0,2.11,1.49,Aug 13/b,6.85,84210000.0,HIGH,-21.16,-14.86,2.76,-15.87,0.3125,False,-18.82,False,-28.0,9.132,12.081,-4.1676,-56.81,1.419,,,26.0,-23.98,1.49,839338.0,,,359.7,0.17919799498746866,0.046365914786967416,0.1741854636591479,0.7293233082706767,0.7800751879699248,0.042606516290726815,0.08897243107769423,0.3253,0.3219,0.4328
CEVA,Ceva Inc,Technology,Semiconductors,,37.72,32.97,13.07,0.0,2.97,10.46,-39.12,59.57,1.96,-41.34,1.22,790680.0,1.08,30.27,Aug 10/b,46.67,852220000.0,HIGH,8.15,8.96,1.3,13.44,0.1573,True,9.13,False,-6.32,4.403,3.238,-3.0652,-37.64,0.773,1.0,1.48,29.0,-5.17,30.27,18193735.0,,,54.2,0.40225563909774437,0.15789473684210525,0.5902255639097744,0.11340852130325814,0.2098997493734336,0.4774436090225564,0.9411027568922306,0.3252,0.6165,0.3008
UEC,Uranium Energy Corp,Energy,Uranium,,,-51.78,,0.0,3.38,12.47,-18.32,-26.13,1.38,-51.77,1.4,8490000.0,2.08,9.81,Jun 09/b,17.38,4850000000.0,HIGH,-23.12,-4.39,1.88,-17.83,0.4017,False,-15.28,False,-9.47,5.89,7.849,-4.8728,-28.91,1.211,16.0,-25.29,71.0,-7.89,9.81,108981618.0,,,77.2,0.11904761904761904,0.31453634085213034,0.08020050125313283,0.5520050125313283,0.48872180451127817,0.36779448621553884,0.07142857142857142,0.3204,0.1992,0.3819
BRUN,Boost Run Inc,Technology,Software - Infrastructure,,37.14,-2453.81,,-1.45,245.8,11.71,-52.94,56.99999999999999,3.87,-58.879999999999995,1.0,2029999.9999999998,2.77,17.27,Aug 14/b,42.2,1450000000.0,HIGH,-11.48,18.53,2.28,-6.19,0.3764,True,0.42,False,-12.96,8.274,6.485,-7.8877,-55.65,1.664,,,25.0,-23.41,17.27,41972605.0,,,144.4,0.02756892230576441,0.05012531328320802,0.0964912280701754,0.8571428571428571,0.6541353383458647,0.23057644110275688,0.31453634085213034,0.3193,0.351,0.4424
TNDM,Tandem Diabetes Care Inc,Healthcare,Medical Devices,,118.85,60.75000000000001,5.59,0.0,-0.43,17.1,10.26,-31.509999999999998,1.66,-43.1,1.96,1920000.0,1.19,16.87,Aug 06/a,29.16,1170000000.0,HIGH,-24.42,0.36,1.38,-19.13,0.4234,False,-14.28,False,-13.64,6.576,2.253,-2.9282,-32.0,1.353,23.0,-24.2,30.0,-10.22,16.87,31653879.0,,,72.9,0.4548872180451128,0.25877192982456143,0.06766917293233088,0.6829573934837093,0.2412280701754386,0.20676691729323307,0.06015037593984962,0.3187,0.1167,0.3965
PENG,Penguin Solutions Inc,Technology,Information Technology Services,33.82,15.88,9752.86,47.64,-4.01,8.88,13.2,-20.63,201.64,2.87,-40.69,1.5,2970000.0,0.77,53.3,Oct 06/a,74.29,2730000000.0,HIGH,1.29,14.4,1.66,6.58,0.1625,True,6.34,False,-3.74,5.186,3.398,-4.2126,-40.69,0.629,1.0,1.43,,,53.3,69155770.0,,,39.4,0.17543859649122806,0.14035087719298245,0.5676691729323309,0.05388471177944862,0.39724310776942356,0.5701754385964912,0.8427318295739349,0.3175,0.6266,0.2992
ALHC,Alignment Healthcare Inc,Healthcare,Healthcare Plans,44.72,20.32,127.27,31.55,-23.49,11.08,11.56,-61.8,-54.02,1.14,-66.76,1.43,6080000.0,3.88,8.35,Jul 30/a,22.23,1730000000.0,HIGH,-36.55,-35.47,2.75,-31.26,0.5887,False,-33.16,False,-44.65,10.376,5.689,-5.7862,-66.76,3.306,54.0,-64.92,35.0,-43.77,8.35,92949668.0,,,166.2,0.06516290726817042,0.02631578947368421,0.03258145363408527,0.9912280701754386,0.7769423558897243,0.010025062656641603,0.018796992481203006,0.317,0.2504,0.4608
PRME,Prime Medicine Inc,Healthcare,Biotechnology,,,41.64,3.5000000000000004,0.0,6.24,38.55,-3.4099999999999997,-15.22,2.37,-55.04,1.43,3260000.0,1.43,3.12,Aug 06/b,7.11,565900000.0,HIGH,-7.96,-1.89,1.69,-2.67,0.2799,False,-8.92,False,-4.37,7.658,4.006,-4.508,-35.34,1.073,18.0,-4.0,31.0,5.76,3.12,9407432.0,,,127.9,0.14285714285714285,0.19298245614035087,0.2199248120300752,0.38220551378446116,0.40852130325814534,0.5532581453634086,0.48120300751879697,0.3166,0.381,0.3717
ASPI,ASP Isotopes Inc,Basic Materials,Specialty Chemicals,,,73.38,327.51,-5.21,-0.4699999999999999,18.62,-57.66,-30.43,3.66,-79.02,1.0,3900000.0,3.19,3.04,Jun 03,13.0,466060000.0,HIGH,-24.0,-4.7,3.08,-18.71,0.4145,False,-18.18,False,-23.57,7.951,9.375,-4.5076,-59.6,1.432,,,,,3.04,14581677.0,,,327.6,0.14411027568922305,0.03759398496240601,0.07268170426065168,0.7418546365914787,0.8427318295739349,0.06015037593984962,0.06516290726817042,0.3165,0.3007,0.4472
IMSR,Terrestrial Energy Inc,Utilities,Utilities - Regulated Electric,,,-524.4,,0.0,19.0,10.01,-51.12,-32.03,2.46,-86.79,1.0,1690000.0,2.6,4.16,Aug 11/b,10.0,440710000.0,HIGH,-25.31,-7.04,3.19,-20.02,0.3779,False,-17.06,False,-20.13,7.064,6.37,-5.3076,-42.97,1.297,26.0,-28.4,28.0,-23.67,4.16,6692348.0,,,140.4,0.09649122807017543,0.11654135338345864,0.09398496240601506,0.6347117794486216,0.8590225563909775,0.09649122807017543,0.05075187969924812,0.3162,0.3062,0.4217
SHLS,Shoals Technologies Group Inc,Technology,Solar,40.45,13.76,-13.66,47.39,-1.9,-7.1,8.48,-27.060000000000002,25.83,1.85,-42.34,1.68,5420000.0,1.25,7.6,Aug 04/b,11.58,1280000000.0,HIGH,7.12,7.8,1.4,12.41,0.1528,True,6.87,False,-8.7,5.781,6.974,-4.2832,-34.96,0.977,47.0,-29.37,33.0,-17.57,7.6,34688611.0,,,52.4,0.16666666666666666,0.19799498746867167,0.6027568922305764,0.28132832080200504,0.2543859649122807,0.38847117794486213,0.9273182957393483,0.3153,0.6281,0.2727
RLMD,Relmada Therapeutics Inc,Healthcare,Biotechnology,,,61.35,,2.97,17.0,14.66,-38.78,-34.08,0.5,-48.5,1.0,1720000.0,1.2,4.12,Aug 06/a,10.75,439480000.0,HIGH,-11.02,-7.21,1.67,-5.73,0.1596,False,-6.05,False,-15.74,5.687,2.67,-3.4328,-41.97,1.006,,,30.0,-16.6,4.12,5385296.0,,,160.9,0.30200501253132833,0.12781954887218044,0.5776942355889725,0.30952380952380953,0.40225563909774437,0.16917293233082706,0.33959899749373434,0.3147,0.4298,0.2957
LINC,Lincoln Educational Services Corp,Consumer Defensive,Education & Training Services,34.9,24.55,24.55,22.4,-10.32,7.1,7.22,-47.62,-33.76,0.82,-54.97,1.0,834360.0,0.84,25.37,Aug 10/b,50.67,804770000.0,HIGH,-1.36,1.6,0.84,3.93,0.0722,True,0.99,False,-24.44,4.578,2.917,-2.0021,-54.97,0.682,54.0,-51.52,29.0,-17.55,25.37,21081739.0,,,99.7,0.7117794486215538,0.05513784461152882,0.931704260651629,0.06516290726817042,0.06453634085213032,0.05764411027568922,0.7575187969924813,0.3143,0.6019,0.2248
AEO,American Eagle Outfitters Inc,Consumer Cyclical,Apparel Retail,7.71,7.84,74.24,7.53,-0.15,-0.37,11.6,-15.439999999999998,-13.94,1.28,-47.08,2.93,5430000.0,1.28,15.06,Sep 09/a,18.36,2520000000.0,HIGH,-6.86,-2.4,0.9,-1.57,0.2475,False,-7.0,False,-10.22,5.156,2.058,-4.1131,-18.77,1.094,29.0,-16.19,7.0,3.65,15.06,122664682.0,,,21.9,0.18421052631578946,0.5670426065162907,0.3057644110275689,0.4091478696741855,0.08333333333333333,0.33521303258145363,0.5150375939849624,0.3141,0.3227,0.253
WOOF,Petco Health and Wellness Co Inc,Consumer Cyclical,Specialty Retail,22.93,9.25,172.19,0.05,-0.32,0.91,13.12,-9.92,-24.36,1.58,-40.4,3.08,2020000.0,1.34,2.36,Sep 02/a,3.43,675950000.0,HIGH,-16.9,-2.88,0.93,-11.61,0.2594,False,-8.56,False,-11.79,6.755,1.695,-2.7859,-26.71,1.071,34.0,-15.41,11.0,-6.35,2.36,7422323.0,,,45.3,0.5,0.35463659147869675,0.27694235588972427,0.38095238095238093,0.09210526315789473,0.2744360902255639,0.16165413533834586,0.3132,0.1754,0.3119
UPST,Upstart Holdings Inc,Financial,Credit Services,45.52,13.5,185.5,41.75,0.52,0.67,31.17,-22.91,-6.61,2.42,-64.98,2.17,4190000.0000000005,1.52,25.0,Aug 04/a,39.24,2430000000.0,HIGH,-17.49,-4.21,1.61,-12.2,0.309,False,-9.28,False,-12.97,4.211,1.72,-2.711,-32.25,1.023,56.0,-29.44,32.0,-17.22,25.0,108582205.0,,REVIEW,57.0,0.5213032581453634,0.2474937343358396,0.1791979949874687,0.32957393483709274,0.37155388471177947,0.22932330827067668,0.14223057644110276,0.3131,0.2221,0.3629
BKSY,BlackSky Technology Inc,Industrials,Specialty Business Services,,,57.31,50.080000000000005,-2.68,24.64,19.4,-25.25,-15.45,2.69,-59.02,1.29,1180000.0,1.65,21.67,Aug 06/b,38.71,886840000.0,HIGH,-21.91,4.18,2.1,-16.62,0.3594,False,-4.18,False,-11.01,6.41,9.834,-4.0645,-33.1,1.119,28.0,-24.26,31.0,-13.94,21.67,20612864.0,,,78.6,0.19423558897243107,0.23057644110275688,0.11403508771929827,0.43796992481203006,0.5808270676691729,0.29949874686716793,0.08020050125313283,0.3095,0.2405,0.3781
RXT,Rackspace Technology Inc,Technology,Software - Infrastructure,,27.97,-17.86,0.57,-0.63,13.320000000000002,27.02,-47.37,112.29,3.09,-55.81,3.0,11060000.0,1.34,3.8,Aug 10/a,4.77,968520000.0,HIGH,14.46,8.88,1.94,19.75,0.2829,True,14.73,False,-2.51,7.143,7.632,-5.4374,-50.9,1.032,2.0,9.2,28.0,-12.64,3.8,25644746.0,,,25.5,0.08646616541353383,0.06641604010025062,0.21303258145363413,0.3408521303258145,0.5087719298245614,0.6340852130325815,0.9786967418546366,0.3083,0.608,0.3925
AMPX,Amprius Technologies Inc,Industrials,Electrical Equipment & Parts,,202.13,32.31,125.87000000000002,-17.89,9.08,17.0,-41.25,-50.29,2.35,-60.78,1.0,5980000.0,0.81,9.5,Aug 04/a,23.7,1390000000.0,HIGH,-8.12,3.6,1.13,-2.83,0.1708,False,-2.61,False,-8.04,4.959,6.842,-3.2118,-34.84,0.845,25.0,-20.44,32.0,-12.12,9.5,41981603.0,,,149.5,0.37092731829573933,0.20300751879699247,0.5388471177944862,0.17418546365914786,0.14411027568922305,0.4166666666666667,0.47368421052631576,0.308,0.3944,0.2765
COUR,Coursera Inc,Consumer Defensive,Education & Training Services,,6.12,-617.71,59.589999999999996,-5.73,34.58,8.89,-5.79,-16.56,1.25,-59.089999999999996,1.67,6180000.0,1.08,5.04,Jul 29/a,8.17,1330000000.0,HIGH,-16.0,-7.01,1.43,-10.71,0.3405,False,-12.5,False,-11.55,4.546,3.075,-2.8543,-24.04,0.942,16.0,-16.83,36.0,-4.36,5.04,26766667.0,,,62.1,0.4824561403508772,0.41353383458646614,0.1378446115288221,0.2518796992481203,0.27130325814536344,0.2869674185463659,0.19172932330827067,0.3073,0.1994,0.3232
NEOV,NeoVolta Inc,Industrials,Electrical Equipment & Parts,,,-74.94,0.48,1.21,14.85,9.28,22.66,-5.54,-0.36,-52.17,1.5,2140000.0,0.68,3.41,Sep 23/a,9.75,200720000.0,HIGH,2.1,-4.48,0.87,7.39,0.3043,False,-5.05,True,13.16,10.159,6.305,-8.103,-21.61,0.807,14.0,2.1,,,3.41,6319827.0,,,185.9,0.02506265664160401,0.47368421052631576,0.18295739348370932,0.13784461152882205,0.07330827067669173,0.9473684210526315,0.8609022556390977,0.3067,0.4212,0.2959
SLS,SELLAS Life Sciences Group Inc,Healthcare,Biotechnology,,,24.18,,0.0,11.08,29.01,42.73,120.96000000000001,2.58,-27.63,1.0,8440000.0,1.73,11.49,Aug 11/a,32.5,2320000000.0,HIGH,-25.68,-2.05,1.82,-20.39,0.3852,False,-13.27,False,-8.06,8.013,6.266,-6.8572,-27.64,1.148,20.0,-14.25,27.0,3.98,11.49,106220802.0,,,182.9,0.043859649122807015,0.33458646616541354,0.0914786967418546,0.47619047619047616,0.4692982456140351,0.41228070175438597,0.046365914786967416,0.3046,0.1868,0.3504
LEU,Centrus Energy Corp,Energy,Uranium,66.26,50.38,-51.88,13.98,-0.04,13.100000000000001,27.67,-24.12,-29.189999999999998,1.53,-68.72,1.88,764370.0,2.0,145.23,Aug 05/a,242.93,2970000000.0,HIGH,-22.03,-0.7,1.96,-16.74,0.4153,False,-14.02,False,-15.72,6.838,5.667,-5.3952,-30.37,1.363,16.0,-22.6,31.0,-18.42,145.23,129193401.0,,,67.3,0.09022556390977443,0.2869674185463659,0.0714285714285714,0.6879699248120301,0.5175438596491229,0.17042606516290726,0.07644110275689223,0.3041,0.2073,0.3665
SUJA,Suja Life Inc,Consumer Defensive,Beverages - Non-Alcoholic,,19.37,,,13.100000000000001,38.02,12.85,-7.55,,,-53.63,1.8,579130.0,2.29,8.57,Aug 04/a,18.0,331020000.0,HIGH,11.59,-4.25,2.08,16.88,0.304,False,-8.23,False,-3.56,8.026,5.368,-5.4825,-28.16,0.69,10.0,-15.9,32.0,39.58,8.57,5906090.0,,,110.0,0.07894736842105263,0.3283208020050125,0.1842105263157895,0.07017543859649122,0.5739348370927319,0.5864661654135338,0.968671679197995,0.3037,0.6149,0.3274
FBIO,Fortress Biotech Inc,Healthcare,Biotechnology,0.94,,-117.40000000000002,14.04,0.0,3.06,23.62,-16.05,-20.06,1.23,-44.59,1.0,565920.0,0.73,2.51,Aug 13/a,5.0,83710000.0,HIGH,-12.54,-0.79,1.29,-7.25,0.2099,False,-6.2,False,-14.64,3.5,3.984,-1.8136,-34.64,0.498,48.0,-23.94,25.0,-14.33,2.51,863947.0,,,99.2,0.7781954887218046,0.20802005012531327,0.3984962406015038,0.03007518796992481,0.20676691729323307,0.18421052631578946,0.2706766917293233,0.301,0.2898,0.2998
SEZL,Sezzle Inc,Financial,Credit Services,25.34,17.46,51.019999999999996,51.65,-0.91,9.06,25.81,-28.62,75.95,6.71,-40.45,1.86,644300.0,0.75,116.55,Aug 06/a,168.0,3920000000.0,HIGH,-2.15,-4.13,1.24,3.14,0.1111,False,-2.67,False,-16.67,4.52,3.934,-2.8193,-40.45,0.621,47.0,-36.1,30.0,-1.25,116.55,46258446.0,,REVIEW,44.1,0.4899749373433584,0.14160401002506265,0.7907268170426065,0.04887218045112782,0.18295739348370926,0.15162907268170425,0.7255639097744361,0.301,0.5823,0.2184
UUUU,Energy Fuels Inc,Energy,Uranium,,77.36,-34.98,496.11,0.9199999999999999,4.52,20.77,-29.350000000000005,-34.71,1.77,-58.06,1.0,7660000.0,1.45,11.7,Aug 05/a,25.77,3100000000.0,HIGH,-22.72,-5.19,1.62,-17.43,0.4001,False,-16.29,False,-12.32,5.989,5.897,-3.9874,-29.09,1.224,18.0,-21.37,31.0,-5.95,11.7,94370589.0,,,120.3,0.20676691729323307,0.3107769423558897,0.08208020050125309,0.5708020050125313,0.37719298245614036,0.2543859649122807,0.07393483709273183,0.3003,0.1674,0.3523
QNRX,Quoin Pharmaceuticals Ltd ADR,Healthcare,Biotechnology,,,98.79,,,-3.95,,51.83,-14.529999999999998,1.51,-83.11,1.0,757760.0,0.02,7.06,Aug 14/b,22.2,14190000.0,HIGH,26.75,2.62,0.01,32.04,0.4949,True,8.97,True,31.49,9.088,6.374,-6.7348,-14.42,0.043,15.0,36.95,25.0,38.7,7.06,10300831.0,,,214.4,0.046365914786967416,0.7005012531328321,0.04761904761904767,0.007518796992481203,0.002506265664160401,0.9974937343358395,0.9924812030075187,0.3003,0.412,0.2635
GPGI,GPGI Inc,Industrials,Metal Fabrication,,9.52,167.96,,0.1,6.93,15.88,-16.92,-30.709999999999997,0.89,-55.27000000000001,3.0,1550000.0,1.58,11.98,Aug 06/b,15.0,3470000000.0,HIGH,-6.33,-7.7,1.39,-1.04,0.1911,False,-8.8,False,-12.64,6.21,6.511,-3.3705,-30.87,0.971,56.0,-24.42,31.0,-20.03,11.98,23395541.0,,,25.2,0.3157894736842105,0.2744360902255639,0.4385964912280702,0.2756892230576441,0.2474937343358396,0.24060150375939848,0.5294486215538847,0.2988,0.4176,0.2699
FOUR,Shift4 Payments Inc,Technology,Software - Infrastructure,62.71,6.17,-72.95,34.03,1.69,-2.74,24.64,-1.07,-7.08,1.37,-55.58,2.12,1730000.0,1.9,38.98,Aug 06/b,54.76,3080000000.0,HIGH,-18.67,-13.99,1.56,-13.38,0.2301,False,-11.15,False,-16.93,7.265,7.029,-4.0478,-32.07,1.166,38.0,-21.99,31.0,-10.1,38.98,92318856.0,,,40.5,0.19924812030075187,0.2543859649122807,0.3421052631578947,0.5081453634085213,0.34398496240601506,0.14160401002506265,0.12531328320802004,0.2982,0.256,0.2982
BFLY,Butterfly Network Inc,Healthcare,Medical Devices,,,11.49,39.47,-19.87,20.37,15.76,-11.46,98.49,2.06,-21.59,1.0,8109999.999999999,0.68,7.88,Jul 30/b,10.5,2140000000.0000002,HIGH,-17.49,6.34,1.22,-12.2,0.3511,False,-1.12,False,-1.31,6.818,6.079,-4.6376,-21.59,0.882,30.0,-5.06,36.0,10.99,7.88,36514990.0,,,33.2,0.13784461152882205,0.4755639097744361,0.12406015037593987,0.19799498746867167,0.17481203007518797,0.6791979949874687,0.14223057644110276,0.2982,0.1466,0.2975
OCGN,Ocugen Inc,Healthcare,Biotechnology,,,-45.35,8.38,-5.64,11.68,29.73,-14.52,-52.68000000000001,2.27,-61.1,1.0,7030000.0,2.1,1.06,Aug 06/b,12.08,359460000.0,HIGH,-23.74,0.0,1.93,-18.45,0.5404,False,-13.55,False,-17.57,7.325,8.019,-5.1412,-37.28,1.648,22.0,-20.9,31.0,-14.52,1.06,8541409.0,,,1039.6,0.10275689223057644,0.16290726817042606,0.040100250626566414,0.8464912280701754,0.506265664160401,0.13032581453634084,0.06766917293233082,0.2981,0.191,0.3965
MRAM,Everspin Technologies Inc,Technology,Semiconductors,,117.54,-404.36000000000007,41.93,-13.99,-2.31,19.13,-43.64,61.69,1.92,-70.33,1.0,1310000.0,1.17,15.28,Aug 05/a,25.67,372070000.0,HIGH,-10.7,3.73,1.74,-5.41,0.2446,False,-5.08,False,-5.52,5.56,3.01,-3.9579,-37.4,0.84,25.0,-9.21,31.0,-2.36,15.28,14283247.0,,,68.0,0.21428571428571427,0.16040100250626566,0.3101503759398496,0.16541353383458646,0.4323308270676692,0.5043859649122807,0.35526315789473684,0.2978,0.3648,0.3291
LEGN,Legend Biotech Corp ADR,Healthcare,Biotechnology,,29.54,125.11000000000001,51.64,-0.17,3.75,8.92,-36.95,-1.45,0.59,-53.04,1.82,2490000.0,1.18,17.61,Aug 11/b,46.89,3410000000.0,HIGH,-19.29,-4.96,1.49,-14.0,0.3198,False,-11.69,False,-15.62,5.31,3.719,-2.9597,-41.82,1.235,,,28.0,-14.76,17.61,38188302.0,,,166.3,0.43859649122807015,0.13032581453634084,0.15664160401002503,0.5833333333333334,0.30388471177944865,0.17293233082706766,0.11152882205513784,0.2976,0.1828,0.3747
KVYO,Klaviyo Inc,Technology,Software - Application,727.36,14.58,65.02,26.43,-3.17,-9.93,26.2,16.38,-17.41,0.68,-57.43000000000001,1.25,5940000.0,1.86,15.42,Aug 05/a,26.57,4390000000.0,HIGH,-15.88,-11.38,1.75,-10.59,0.3659,False,-14.13,False,-13.66,6.543,4.961,-4.4733,-26.27,1.181,16.0,-13.32,31.0,-7.83,15.42,112790243.0,,,72.3,0.15037593984962405,0.36215538847117795,0.10651629072681701,0.518170426065163,0.43859649122807015,0.20488721804511278,0.19924812030075187,0.2968,0.2432,0.328
REAL,Therealreal Inc,Consumer Cyclical,Luxury Goods,,40.19,-69.05,16.58,-3.44,-6.480000000000001,14.72,-24.1,2.49,2.81,-45.67,1.44,3110000.0,1.1,9.45,Aug 06/a,18.0,1150000000.0,HIGH,-15.02,-3.13,1.35,-9.73,0.2581,False,-6.85,False,-14.29,4.564,2.275,-2.0784,-31.62,0.785,31.0,-25.3,30.0,-23.17,9.45,25935595.0,,,90.5,0.6904761904761905,0.2644110275689223,0.2794486215538847,0.12218045112781954,0.22556390977443608,0.19172932330827067,0.21804511278195488,0.2956,0.2387,0.3075
AIRJ,AirJoule Technologies Corp,Industrials,Building Products & Equipment,,,-392.82,,-0.02,3.6000000000000005,17.81,-10.72,35.74,0.88,-35.85,1.33,1480000.0,0.89,4.33,Aug 13/a,9.55,317590000.0,HIGH,-13.75,4.34,1.35,-8.46,0.2573,False,-3.52,False,-8.38,4.672,5.196,-2.3563,-34.89,0.675,28.0,-26.98,25.0,-28.31,4.33,4392528.0,,,120.6,0.6027568922305765,0.19987468671679198,0.28195488721804507,0.06140350877192982,0.22556390977443608,0.39974937343358397,0.2518796992481203,0.2952,0.253,0.3224
NXH,Neighborhood Intelligence Inc,Consumer Cyclical,Internet Retail,,,-58.22999999999999,27.96,0.9199999999999999,6.21,14.9,-41.48,-27.41,2.99,-72.57,2.14,2490000.0,1.71,3.47,Aug 04/a,10.12,331380000.0,HIGH,-16.39,-4.14,1.8,-11.1,0.2596,False,-7.79,False,-21.32,6.443,5.476,-3.3221,-49.27,1.195,,,32.0,-24.89,3.47,8765031.0,,,191.6,0.3283208020050125,0.08020050125313283,0.2756892230576441,0.5363408521303258,0.4592731829573935,0.08145363408521303,0.18045112781954886,0.2935,0.2927,0.3513
FRMI,Fermi Inc,Real Estate,REIT - Specialty,,76.95,-8000.0,,-4.47,40.87,18.22,-47.58,-36.72,,-86.54,1.44,18700000.0,2.54,4.98,Aug 13/b,14.67,3190000000.0,HIGH,-15.88,-1.39,2.84,-10.59,0.3195,False,-4.76,False,-15.71,6.966,3.213,-5.3548,-50.4,1.133,27.0,-30.06,26.0,-24.55,4.98,86204314.0,,,194.6,0.09398496240601503,0.07017543859649122,0.1578947368421053,0.46616541353383456,0.7982456140350878,0.17167919799498746,0.19924812030075187,0.293,0.3665,0.3825
PTLO,Portillos Inc,Consumer Cyclical,Restaurants,19.56,15.89,-23.84,5.57,1.9799999999999998,-8.65,14.92,-11.97,-32.68,1.58,-45.1,2.33,1280000.0,1.18,3.75,Aug 05/a,6.22,284790000.0,HIGH,-24.55,-7.64,1.17,-19.26,0.3679,False,-13.69,False,-17.07,4.608,3.333,-3.0463,-28.44,1.287,26.0,-21.22,31.0,-14.38,3.75,5544179.0,,,65.9,0.40852130325814534,0.3233082706766917,0.10526315789473684,0.6234335839598998,0.15726817042606517,0.13533834586466165,0.05889724310776942,0.2922,0.1023,0.3311
WSC,WillScot Holdings Corp,Industrials,Rental & Leasing Services,,14.03,-1.11,3.92,-3.29,-2.89,7.49,-37.0,6.950000000000001,1.39,-38.97,2.56,2490000.0,1.71,18.17,Aug 06/a,29.56,3290000000.0,HIGH,-17.93,-1.68,1.53,-12.64,0.2796,False,-8.28,False,-20.95,3.694,2.256,-2.067,-38.97,0.974,,,30.0,-25.44,18.17,55740513.0,,,62.7,0.6942355889724311,0.14661654135338345,0.22180451127819545,0.2775689223057644,0.3258145363408521,0.08395989974937343,0.13283208020050125,0.2917,0.2174,0.3454
ANNX,Annexon Inc,Healthcare,Biotechnology,,,19.92,,2.63,15.509999999999998,19.45,-13.669999999999998,-22.95,1.33,-41.09,1.36,3620000.0,1.37,4.23,Aug 12/b,15.5,801920000.0,HIGH,-16.57,7.09,1.7,-11.28,0.4096,False,-8.32,False,-16.78,5.336,4.255,-3.3224,-35.71,1.227,47.0,-23.78,27.0,-20.64,4.23,13099059.0,,,266.4,0.32706766917293234,0.18796992481203006,0.0764411027568922,0.5745614035087719,0.41290726817042606,0.14661654135338345,0.17418546365914786,0.2876,0.2165,0.3653
FNKO,Funko Inc,Consumer Cyclical,Leisure,,22.19,135.94,7.37,-1.31,-1.52,13.06,-1.82,53.28000000000001,0.96,-26.8,1.5,1030000.0,1.76,5.38,Aug 06/a,7.94,301750000.0,HIGH,-17.23,-1.1,1.54,-11.94,0.4176,False,-9.83,False,-9.1,5.365,5.297,-3.9607,-26.8,1.064,15.0,-20.18,30.0,1.89,5.38,7029760.0,,,47.6,0.21303258145363407,0.35213032581453635,0.06892230576441105,0.37406015037593987,0.3333333333333333,0.37593984962406013,0.15413533834586465,0.2862,0.1823,0.3241
OUST,Ouster Inc,Technology,Electronic Components,,4673.33,27.46,55.86,-28.720000000000002,9.52,9.99,-24.74,66.43,3.25,-45.05,1.43,3550000.0,0.7,35.05,Aug 06/a,58.5,2530000000.0,HIGH,-8.77,4.75,1.26,-3.48,0.1581,False,-0.81,False,-8.91,5.022,6.006,-3.3055,-45.05,0.773,25.0,-22.34,30.0,-19.24,35.05,68954995.0,,,66.9,0.33458646616541354,0.10275689223057644,0.5864661654135339,0.11340852130325814,0.19486215538847118,0.38345864661654133,0.4442355889724311,0.2859,0.4121,0.2566
ICHR,Ichor Holdings Ltd,Technology,Semiconductor Equipment & Materials,,16.77,109.98999999999998,22.68,-12.619999999999997,3.6000000000000005,6.73,-44.43,7.200000000000001,1.81,-51.74999999999999,1.38,965170.0,1.54,54.8,Aug 03/a,98.88,2049999999.9999998,HIGH,-8.97,6.66,2.25,-3.68,0.2054,False,-0.76,False,-19.8,5.385,2.993,-4.0519,-51.75,0.986,,,33.0,-23.11,54.8,36233566.0,,,80.4,0.19674185463659147,0.06390977443609022,0.4078947368421053,0.287593984962406,0.6447368421052632,0.10526315789473684,0.43358395989974935,0.2844,0.4892,0.3086
LMND,Lemonade Inc,Financial,Insurance - Property & Casualty,,,5.69,104.93999999999998,-1.26,2.45,14.66,-19.97,-27.04,1.86,-52.86,2.83,1320000.0,0.99,47.09,Jul 29/b,59.22,3640000000.0,HIGH,-11.77,-5.88,1.39,-6.48,0.1832,False,-8.58,False,-14.59,4.344,5.128,-2.5717,-42.03,0.769,11.0,-11.39,37.0,-0.61,47.09,48010297.0,,,25.8,0.5513784461152882,0.12406015037593984,0.4799498746867168,0.10902255639097744,0.2474937343358396,0.18796992481203006,0.30200501253132833,0.2833,0.339,0.274
ACMR,ACM Research Inc,Technology,Semiconductor Equipment & Materials,32.54,21.64,180.57,36.01,-2.79,7.17,6.83,-37.64,47.02,2.11,-46.14,1.25,1180000.0,1.35,68.51,Aug 07/b,121.71,4770000000.0,HIGH,-13.73,2.47,1.89,-8.44,0.2778,False,-5.78,False,-13.43,6.022,2.438,-3.7554,-46.14,1.113,,,30.0,-13.26,68.51,60751874.0,,,77.7,0.23809523809523808,0.09837092731829573,0.22556390977443608,0.43358395989974935,0.4931077694235589,0.2098997493734336,0.2531328320802005,0.2831,0.3169,0.3437
AIB,AIB Data Centers Inc,Technology,Software - Infrastructure,,,98.74,2317.48,0.0,180.99,0.98,-34.82,-40.41,4.92,-76.75,1.0,1130000.0,1.88,1.46,Aug 14/b,5.88,110930000.0,HIGH,4.29,9.77,1.99,9.58,0.375,True,12.87,False,-8.18,8.708,6.164,-7.1711,-38.66,1.141,1.0,4.29,25.0,-19.78,1.46,1379717.0,,,302.7,0.03508771929824561,0.15037593984962405,0.09899749373433586,0.47368421052631576,0.5350877192982456,0.40476190476190477,0.8897243107769424,0.283,0.5461,0.3622
WEN,Wendy's Co,Consumer Cyclical,Restaurants,10.21,12.78,-40.35,1.72,0.0,-7.539999999999999,27.69,-0.88,-4.53,0.41,-33.4,3.07,16190000.000000002,1.0,6.74,Aug 07/b,7.8,1290000000.0,HIGH,-25.19,-11.66,2.26,-19.9,0.3491,False,-15.16,False,-14.18,4.61,6.528,-4.0686,-28.68,0.896,18.0,-23.76,30.0,-8.8,6.74,55900575.0,,,15.7,0.19172932330827067,0.31954887218045114,0.12656641604010022,0.21177944862155387,0.6484962406015038,0.19548872180451127,0.05513784461152882,0.2823,0.2546,0.3119
VECO,Veeco Instruments Inc,Technology,Semiconductor Equipment & Materials,117.3,13.49,-9.8,16.48,-37.19,4.43,9.52,-46.37,36.01,1.39,-50.690000000000005,2.4,957180.0,0.87,42.72,Aug 05/a,67.25,2610000000.0,HIGH,-10.74,4.45,1.65,-5.45,0.2041,False,-3.16,False,-12.46,4.966,3.277,-3.3305,-44.08,0.869,,,31.0,-17.23,42.72,22039252.0,,,57.4,0.32456140350877194,0.10776942355889724,0.4135338345864662,0.19172932330827067,0.39285714285714285,0.24686716791979949,0.35213032581453635,0.2796,0.3828,0.289
SHAZ,SharonAI Holdings Inc,Technology,Information Technology Services,,,-1144.5,,0.0,42.37,7.59,-37.91,125.02,,-67.66,1.0,1940000.0,1.12,57.56,Aug 06/b,116.9,2060000000.0,HIGH,-2.56,10.88,1.43,2.73,0.2184,True,2.69,False,-3.42,8.062,3.475,-5.2731,-36.42,0.843,26.0,-15.92,31.0,10.37,57.56,84006109.0,,,103.1,0.09774436090225563,0.17794486215538846,0.368421052631579,0.16979949874686717,0.27130325814536344,0.5908521303258145,0.7105263157894737,0.2793,0.4761,0.2824
RARE,Ultragenyx Pharmaceutical Inc,Healthcare,Biotechnology,,,22.67,28.53,-0.42,1.2,19.07,-47.12,-28.939999999999998,0.36,-63.62,2.05,3490000.0,3.82,14.51,Aug 04/a,26.79,1430000000.0,HIGH,-43.83,6.61,2.19,-38.54,1.2352,False,-25.68,False,-40.16,12.063,6.892,-10.5713,-60.32,2.364,55.0,-55.19,32.0,-41.8,14.51,101486872.0,,,84.6,0.012531328320802004,0.03508771929824561,0.006265664160400974,0.9692982456140351,0.6083959899749374,0.016290726817042606,0.011278195488721804,0.2746,0.1889,0.4016
RR,Richtech Robotics Inc,Industrials,Specialty Industrial Machinery,,,-34.04,16.65,0.0,3.2400000000000007,25.24,-21.96,-25.45,-0.5,-77.52,3.0,6600000.0,0.84,1.67,Sep 02,2.0,375920000.0,HIGH,-1.76,2.45,0.93,3.53,0.262,False,-4.12,True,0.48,6.009,4.79,-6.3848,-24.26,0.7,18.0,3.09,,,1.67,10717593.0,,,19.8,0.05137844611528822,0.40977443609022557,0.2656641604010025,0.07581453634085213,0.09210526315789473,0.7512531328320802,0.7456140350877193,0.2743,0.4056,0.2426
AMBA,Ambarella Inc,Technology,Semiconductor Equipment & Materials,,62.46,67.66,13.209999999999999,-5.0,-2.1,10.37,-5.46,18.42,2.39,-31.59,1.83,1830000.0,0.78,66.15,Sep 03/a,91.33,2920000000.0,HIGH,-10.28,3.39,0.78,-4.99,0.1879,False,-1.91,False,-8.28,6.525,3.734,-3.4977,-29.63,0.829,30.0,-21.05,10.0,5.18,66.15,121937295.0,,,38.1,0.2844611528822055,0.2982456140350877,0.45112781954887216,0.15664160401002505,0.05325814536340852,0.4016290726817043,0.37343358395989973,0.2742,0.3007,0.224
RZLT,Rezolute Inc,Healthcare,Biotechnology,,,42.47,,0.06,0.93,20.75,-23.51,55.47,0.55,-66.48,1.4,1600000.0,1.58,3.84,May 12/a,7.67,369760000.0,HIGH,-24.56,-9.65,1.61,-19.27,0.3564,False,-14.32,False,-17.44,6.65,7.422,-3.7139,-31.85,1.167,20.0,-17.6,,,3.84,7106951.0,,,99.7,0.24310776942355888,0.2619047619047619,0.12030075187969924,0.5100250626566416,0.37155388471177947,0.13283208020050125,0.05764411027568922,0.2733,0.1706,0.3144
INDI,Indie Semiconductor Inc,Technology,Semiconductors,,163.47,12.46,23.97,-13.669999999999998,6.92,29.34,-27.76,17.62,2.98,-49.26,1.5,6250000.0,1.84,3.07,Aug 06/a,5.72,711650000.0,HIGH,-26.02,-1.92,2.26,-20.73,0.4001,False,-12.94,False,-16.95,6.259,3.909,-3.4922,-40.25,1.029,26.0,-23.44,30.0,-10.5,3.07,17800850.0,,,86.3,0.2869674185463659,0.14285714285714285,0.08208020050125309,0.33771929824561403,0.6484962406015038,0.14035087719298245,0.042606516290726815,0.2731,0.2362,0.3534
FLNC,Fluence Energy Inc,Utilities,Utilities - Renewable,,,-798.82,7.85,-35.51,6.7299999999999995,23.44,-70.48,-54.339999999999996,2.77,-78.16,3.04,8060000.000000001,1.89,7.32,Aug 05/a,10.24,1350000000.0,HIGH,-35.45,-22.21,1.98,-30.16,0.4491,False,-27.77,False,-40.49,9.262,7.24,-4.8036,-65.08,1.742,,,31.0,-44.59,7.32,72976234.0,,,39.9,0.12781954887218044,0.02882205513784461,0.05639097744360899,0.8796992481203008,0.531328320802005,0.013784461152882205,0.020050125313283207,0.273,0.1843,0.3882
BEEM,Beam Global,Technology,Solar,,,49.02,21.02,0.0,2.44,8.38,-3.65,-9.59,1.47,-67.33,1.67,1150000.0,0.28,1.32,Aug 19/a,2.5,29880000.0,HIGH,-15.92,-7.04,0.33,-10.63,0.2538,False,-7.63,True,6.88,4.589,5.303,-7.8471,-24.57,0.28,17.0,-2.94,21.0,9.09,1.32,1532986.0,,,89.4,0.03007518796992481,0.39974937343358397,0.2919799498746867,0.022556390977443608,0.020050125313283207,0.8721804511278195,0.19548872180451127,0.2728,0.1718,0.2362
BAND,Bandwidth Inc,Technology,Software - Infrastructure,,26.18,56.67,22.16,-9.25,26.890000000000004,14.97,-2.26,225.96000000000004,3.04,-36.48,1.67,1100000.0,1.15,50.23,Jul 29/b,68.6,1620000000.0,HIGH,5.7,2.57,1.51,10.99,0.2422,True,2.98,False,-5.55,8.502,5.266,-6.3111,-36.48,0.956,6.0,-2.69,37.0,35.94,50.23,41473615.0,,,36.6,0.05388471177944862,0.17418546365914786,0.3208020050125313,0.2675438596491228,0.31641604010025065,0.5025062656641605,0.9060150375939849,0.2726,0.5536,0.2851
BLMN,Bloomin Brands Inc,Consumer Cyclical,Restaurants,24.05,7.55,30.329999999999995,1.34,0.0,6.709999999999999,10.11,0.12,33.83,1.26,-36.1,2.73,2110000.0,1.64,8.07,Aug 05/b,11.76,690960000.0,HIGH,-30.61,-9.43,1.67,-25.32,0.4897,False,-16.3,False,-15.44,5.638,2.726,-4.3289,-36.1,1.336,32.0,-9.53,32.0,-9.53,8.07,19698764.0,,,45.7,0.16040100250626566,0.18295739348370926,0.048872180451127845,0.6654135338345865,0.40225563909774437,0.17418546365914786,0.02882205513784461,0.2723,0.1469,0.3506
SHAK,Shake Shack Inc,Consumer Cyclical,Restaurants,57.85,39.44,-8.66,17.16,2.61,-13.38,9.38,-7.109999999999999,-37.75,1.68,-48.93,2.1,1650000.0,1.03,54.88,Aug 05/b,82.04,2350000000.0,HIGH,-27.62,-13.59,1.47,-22.33,0.3873,False,-17.27,False,-16.46,5.406,3.225,-2.7055,-28.18,0.919,20.0,-25.69,32.0,-17.12,54.88,74624754.0,,,49.5,0.5238095238095238,0.32706766917293234,0.09022556390977443,0.23182957393483708,0.29385964912280704,0.16165413533834586,0.03634085213032581,0.2714,0.1298,0.3028
SERV,Serve Robotics Inc,Industrials,Integrated Freight & Logistics,,,-120.28000000000002,404.36000000000007,-3.1,9.48,38.35,-36.91,-51.7,2.55,-76.34,1.5,3950000.0,1.22,4.41,Aug 06/a,10.76,382380000.0,HIGH,-11.45,-0.45,1.39,-6.16,0.2128,False,-5.81,False,-11.0,4.956,3.968,-3.3447,-35.32,0.837,,,30.0,-13.27,4.41,16331487.0,,,144.0,0.32205513784461154,0.19423558897243107,0.38596491228070173,0.16290726817042606,0.2474937343358396,0.30137844611528825,0.3157894736842105,0.269,0.3164,0.2585
DUOT,Duos Technologies Group Inc,Technology,Software - Application,8.7,7.88,553.3,7.66,0.0,14.71,18.19,-35.06,13.11,1.37,-44.11,1.0,980030.0,1.31,8.54,Aug 17/a,25.0,268780000.0,HIGH,-17.25,3.64,1.62,-11.96,0.3483,False,-5.29,False,-4.45,4.83,3.044,-3.6112,-33.44,0.692,24.0,-6.26,23.0,-16.93,8.54,7142787.0,,,192.7,0.2575187969924812,0.22681704260651628,0.1278195488721805,0.07268170426065163,0.37719298245614036,0.5488721804511278,0.15288220551378445,0.2685,0.2127,0.3141
VERI,Veritone Inc,Technology,Software - Infrastructure,,,56.35,1.04,0.96,5.04,20.05,-23.08,-59.709999999999994,2.35,-88.32,1.0,3390000.0,0.79,1.1,Aug 13/a,6.33,110500000.0,HIGH,28.06,-4.35,0.85,33.35,0.5498,True,19.94,True,4.76,8.325,5.455,-5.9026,-30.16,1.005,31.0,-8.33,25.0,-4.35,1.1,2932931.0,,,475.5,0.06140350877192982,0.2932330827067669,0.03759398496240607,0.3076441102756892,0.06892230576441102,0.8408521303258145,0.9949874686716792,0.2683,0.4299,0.3197
GPCR,Structure Therapeutics Inc ADR,Healthcare,Biotechnology,,,-36.11,,0.0,1.47,8.43,-21.37,-30.64,-1.39,-63.12,1.12,818390.0,1.89,35.0,Aug 06/a,106.73,2500000000.0,HIGH,-28.7,-8.95,1.39,-23.41,0.4972,False,-19.75,False,-26.94,7.219,3.474,-4.0421,-38.68,1.824,27.0,-32.86,30.0,-33.49,35.0,46468277.0,,,204.9,0.20050125313283207,0.14912280701754385,0.04636591478696739,0.9047619047619048,0.2474937343358396,0.046365914786967416,0.03132832080200501,0.2658,0.1007,0.3498
KYTX,Kyverna Therapeutics Inc,Healthcare,Biotechnology,,,35.37,,0.0,5.45,21.71,-11.65,-16.51,2.05,-47.84,1.0,997650.0,0.96,7.13,Aug 11/a,30.4,440940000.0,HIGH,-15.32,-3.65,1.35,-10.03,0.3296,False,-10.26,False,-9.33,5.54,2.665,-3.2364,-30.71,0.891,28.0,-9.63,27.0,-11.1,7.13,5613560.0,,,326.4,0.35714285714285715,0.2794486215538847,0.1478696741854637,0.20927318295739347,0.22556390977443608,0.37092731829573933,0.21177944862155387,0.265,0.1967,0.2907
MRVI,Maravai LifeSciences Holdings Inc,Healthcare,Biotechnology,,,69.44,8.53,-0.08,8.87,9.86,34.04,130.03,0.55,-26.009999999999998,1.89,3530000.0,0.71,6.97,Aug 06/a,7.42,1810000000.0,HIGH,-19.33,4.26,0.65,-14.04,0.4063,False,-7.11,True,0.53,4.803,5.954,-3.89,-26.01,0.787,18.0,-17.32,30.0,11.88,6.97,30120850.0,,,6.5,0.21929824561403508,0.37218045112781956,0.07769423558897248,0.12406015037593984,0.03383458646616541,0.7543859649122807,0.11027568922305764,0.2636,0.0776,0.2829
BATL,Battalion Oil Corp,Energy,Oil & Gas E&P,,,262.62,12.689999999999998,-50.59,2.25,6.33,0.0,-90.78,0.44,-95.96,3.0,10660000.0,0.33,1.2,Aug 12/a,18.6,68740000.0,HIGH,-11.76,-7.69,0.71,-6.47,0.1398,False,-8.64,False,-15.13,6.107,3.75,-2.375,-50.41,0.53,49.0,-24.05,26.0,-10.45,1.2,6323048.0,,,1450.0,0.5989974937343359,0.06892230576441102,0.6553884711779449,0.03508771929824561,0.040100250626566414,0.17669172932330826,0.3032581453634085,0.2625,0.3299,0.2127
SOUN,SoundHound AI Inc,Technology,Software - Application,,,45.04,45.02,-1.87,-1.15,38.76,-16.71,-13.750000000000002,2.87,-73.25,1.5,29770000.0,0.67,5.93,Aug 05/a,12.83,2670000000.0,HIGH,-18.99,-8.35,0.84,-13.7,0.2688,False,-10.86,False,-11.16,4.783,4.216,-2.6589,-27.59,0.745,31.0,-7.78,31.0,-7.78,5.93,157338713.0,,,116.4,0.5375939849624061,0.33709273182957394,0.24561403508771928,0.09273182957393483,0.06453634085213032,0.2951127819548872,0.11904761904761904,0.2621,0.1407,0.2475
TLYS,Tillys Inc,Consumer Cyclical,Apparel Retail,74.73,20.7,157.17,8.1,-21.7,4.73,2.68,-6.550000000000001,12.809999999999999,0.07,-33.76,2.0,549670.0,1.44,4.14,Sep 02/a,6.65,126630000.0,HIGH,5.61,-15.85,0.56,10.9,0.3285,False,-0.54,True,2.48,11.853,6.28,-5.5504,-33.76,0.999,6.0,-3.5,11.0,8.66,4.14,6073748.0,,,60.6,0.07142857142857142,0.22180451127819548,0.14912280701754388,0.29949874686716793,0.03132832080200501,0.7982456140350878,0.9035087719298246,0.2619,0.4155,0.3001
PHAT,Phathom Pharmaceuticals Inc,Healthcare,Biotechnology,,9.59,79.93,88.02,0.0,4.99,21.04,-31.25,-32.91,0.5,-59.150000000000006,1.45,1340000.0,1.34,7.48,Jul 30/b,20.45,605140000.0,HIGH,-15.67,-13.82,1.53,-10.38,0.2799,False,-14.31,False,-21.4,6.918,3.984,-3.6163,-40.8,1.194,55.0,-29.0,36.0,-17.17,7.48,10030217.0,,,173.4,0.2556390977443609,0.13784461152882205,0.2199248120300752,0.5344611528822055,0.3258145363408521,0.08020050125313283,0.20426065162907267,0.259,0.2454,0.299
PACK,Ranpak Holdings Corp,Consumer Cyclical,Packaging & Containers,,,-3.6000000000000005,13.98,0.0,-2.74,3.9,-45.78,16.37,3.14,-49.04,1.67,522230.0,1.23,3.98,Jul 30/b,7.08,341320000.0,HIGH,-21.65,2.58,1.42,-16.36,0.4309,False,-10.06,False,-25.59,5.151,4.774,-2.6108,-48.97,1.203,,,36.0,-23.02,3.98,1967266.0,,,77.9,0.543859649122807,0.08270676691729323,0.06516290726817042,0.5413533834586466,0.2656641604010025,0.05263157894736842,0.08395989974937343,0.2586,0.1328,0.3509
RH,RH,Consumer Cyclical,Specialty Retail,22.5,14.02,16.76,2.56,-3.8900000000000006,4.51,31.5,-14.550000000000002,-5.93,1.9,-47.14,2.52,812680.0,1.01,126.54,Sep 10/a,160.69,2400000000.0,HIGH,-17.41,-5.69,0.93,-12.12,0.2551,False,-9.79,False,-22.3,5.622,2.3,-2.9972,-37.04,1.163,30.0,-32.68,6.0,-5.58,126.54,121099872.0,,,27.0,0.41854636591478694,0.16666666666666666,0.2907268170426065,0.5,0.09210526315789473,0.07017543859649122,0.14786967418546365,0.2564,0.174,0.2702
JBLU,Jetblue Airways Corp,Industrials,Airlines,,,-220.85,14.469999999999999,-0.33,11.56,28.56,-23.06,6.329999999999999,1.76,-33.99,3.76,28510000.0,0.73,4.37,Jul 28/b,5.17,1650000000.0,HIGH,-10.63,0.23,1.03,-5.34,0.2189,False,-4.99,False,-16.17,4.282,2.975,-2.3262,-33.99,0.676,34.0,-27.53,38.0,-19.52,4.37,92552654.0,,,18.3,0.6102756892230576,0.21804511278195488,0.3634085213032582,0.06265664160401002,0.11215538847117794,0.16541353383458646,0.35714285714285715,0.2553,0.2855,0.2376
BIOA,BioAge Labs Inc,Healthcare,Drug Manufacturers - Specialty & Generic,,,3.2400000000000007,1.6200000000000003,-0.4699999999999999,9.71,8.8,-61.19,-61.69,1.03,-68.95,1.44,880120.0,1.71,8.06,Aug 05/a,35.62,369930000.0,HIGH,-14.98,-4.95,2.44,-9.69,0.3176,False,-11.74,False,-40.7,6.089,4.591,-3.256,-68.95,0.961,55.0,-66.78,31.0,-26.59,8.06,5539714.0,,,341.9,0.3483709273182957,0.022556390977443608,0.16416040100250628,0.2700501253132832,0.7092731829573935,0.012531328320802004,0.21929824561403508,0.2545,0.3497,0.3351
CLPT,ClearPoint Neuro Inc,Healthcare,Medical Devices,,,-81.9,18.07,-3.06,1.66,15.48,-22.17,50.64999999999999,1.28,-54.05,1.0,643230.0,0.82,13.83,Aug 03/a,23.5,421870000.0,HIGH,-10.14,2.75,0.9,-4.85,0.2993,False,-4.77,False,-6.48,4.504,2.531,-3.4501,-29.55,0.859,18.0,-8.83,33.0,7.38,13.83,8508311.0,,,69.9,0.29448621553884713,0.3007518796992481,0.19172932330827064,0.18609022556390978,0.08333333333333333,0.4674185463659148,0.38032581453634084,0.254,0.2346,0.2578
ONDS,Ondas Inc,Technology,Communication Equipment,82.66,,-138.72,1235.35,-5.29,17.47,42.87,-20.28,-31.259999999999998,2.92,-51.64,1.0,81990000.0,0.78,7.39,Aug 13/b,19.42,4219999999.9999995,HIGH,-15.15,2.21,1.06,-9.86,0.2656,False,-3.69,False,-7.05,4.944,4.195,-4.2365,-26.03,0.825,30.0,-15.45,26.0,-17.06,7.39,462078402.0,,,162.8,0.17167919799498746,0.37092731829573933,0.25187969924812026,0.15476190476190477,0.12030075187969924,0.4473684210526316,0.21553884711779447,0.2528,0.1979,0.2235
TPET,Trio Petroleum Corp,Energy,Oil & Gas E&P,,,75.07,81.18,-14.550000000000002,,7.89,-35.74,-81.55,-4.77,-92.18,,691940.0,0.44,1.76,-,,9370000.0,HIGH,-5.53,-9.28,0.2,-0.24,0.1522,False,-5.39,False,-21.52,12.24,8.523,-4.6908,-43.32,1.225,,,,,1.76,2985336.0,,,,0.13283208020050125,0.11215538847117794,0.6052631578947368,0.5726817042606517,0.013784461152882205,0.07894736842105263,0.581453634085213,0.2526,0.4183,0.1996
ELTX,Elicio Therapeutics Inc,Healthcare,Biotechnology,,,35.07,,0.0,6.529999999999999,8.36,-50.91,-84.22,1.32,-88.19,1.4,744880.0,0.93,1.89,Aug 13/a,18.9,49670000.0,HIGH,-37.83,-5.5,1.87,-32.54,0.7194,False,-22.5,False,-33.1,8.05,7.407,-3.481,-64.87,1.322,,,25.0,-38.83,1.89,864155.0,,,900.0,0.2894736842105263,0.03007518796992481,0.018796992481203034,0.6541353383458647,0.4849624060150376,0.023809523809523808,0.015037593984962405,0.2502,0.1571,0.3631
RNXT,RenovoRx Inc,Healthcare,Biotechnology,,,22.22,115.40000000000002,1.6099999999999999,-0.17,0.99,83.7,67.33,0.96,-34.75,1.0,709380.0,0.8,1.69,Aug 12/a,7.12,76270000.0,HIGH,28.03,0.0,0.37,33.32,0.8041,False,-6.25,True,26.35,16.099,4.734,-9.2527,-34.75,0.923,15.0,14.19,26.0,50.89,1.69,3067203.0,,,321.3,0.015037593984962405,0.20426065162907267,0.016290726817042578,0.23308270676691728,0.021929824561403508,0.9899749373433584,0.993734335839599,0.2468,0.409,0.315
UMAC,Unusual Machines Inc,Technology,Computer Hardware,,,49.95,687.32,-8.78,16.48,19.25,-7.21,24.62,14.74,-33.63,1.0,4070000.0000000005,0.62,23.18,Aug 06/b,39.0,1160000000.0,HIGH,-15.49,2.29,0.85,-10.2,0.2185,False,-3.46,False,-0.62,6.951,6.851,-5.7667,-33.63,0.628,26.0,-14.24,31.0,-4.33,23.18,71715068.0,,,68.2,0.06641604010025062,0.22431077694235588,0.3659147869674185,0.05263157894736842,0.06892230576441102,0.7005012531328321,0.20676691729323307,0.2464,0.2132,0.2221
RGNX,Regenxbio Inc,Healthcare,Biotechnology,,,131.11,405.7300000000001,0.58,-0.45000000000000007,12.28,2.95,-3.95,1.12,-50.4,1.55,1890000.0,1.78,8.03,Aug 06/b,22.09,530090000.00000006,HIGH,-25.09,-7.59,2.21,-19.8,0.3177,False,-9.82,False,-19.97,5.664,4.122,-6.8108,-49.43,1.133,22.0,-27.46,31.0,-23.52,8.03,13264419.0,,,175.1,0.045112781954887216,0.07769423558897243,0.1629072681704261,0.46616541353383456,0.6234335839598998,0.09899749373433583,0.05639097744360902,0.2457,0.2585,0.3084
QS,QuantumScape Corp,Consumer Cyclical,Auto Parts,,,22.04,,-0.95,-4.45,19.53,-37.5,-27.07,2.83,-73.65,3.5,21560000.0,0.67,5.03,Jul 22/a,6.43,3110000000.0,HIGH,-15.97,-3.37,1.06,-10.68,0.2185,False,-7.73,False,-11.17,4.516,6.766,-2.9142,-36.15,0.622,,,41.0,-1.76,5.03,73844734.0,,,27.8,0.46115288220551376,0.17919799498746866,0.3659147869674185,0.05012531328320802,0.12030075187969924,0.2932330827067669,0.19298245614035087,0.245,0.2231,0.2312
AEVA,Aeva Technologies Inc,Technology,Software - Infrastructure,,,64.76,11.34,-6.7,3.55,12.15,-39.32,-2.7,2.4,-52.72,2.0,1800000.0,1.57,14.8,Aug 05/a,30.0,1030000000.0,HIGH,-19.08,0.89,1.86,-13.79,0.2343,False,-4.81,False,-17.28,5.996,5.811,-4.1078,-52.72,0.964,31.0,-24.53,31.0,-24.53,14.8,23491326.0,,,102.7,0.18546365914786966,0.06140350877192982,0.3358395989974937,0.2719298245614035,0.4805764411027569,0.13408521303258145,0.11654135338345864,0.2449,0.2915,0.268
MVIS,Microvision Inc,Technology,Scientific & Technical Instruments,,,-97.72,850.3199999999999,0.0,-7.39,20.13,-69.61,-83.9,1.11,-92.81,1.0,1360000.0,0.89,1.66,Aug 06/a,30.0,50780000.0,HIGH,0.0,1.84,0.83,5.29,0.2274,False,-1.83,False,-43.76,8.09,5.422,-3.5536,-75.41,1.445,,,30.0,-49.08,1.66,2383198.0,,,1707.2,0.2694235588972431,0.017543859649122806,0.3458646616541353,0.7512531328320802,0.06140350877192982,0.011278195488721804,0.8101503759398496,0.2428,0.4462,0.2733
ENOV,Enovis Corp,Healthcare,Medical Devices,,4.89,96.78,3.2300000000000004,1.96,3.1300000000000003,16.17,-17.89,-20.07,1.16,-47.37,1.23,1410000.0,1.88,18.04,Aug 06/b,38.33,1040000000.0,HIGH,-30.78,-0.99,1.41,-25.49,0.5994,False,-14.6,False,-26.88,7.923,3.437,-4.8938,-43.04,1.755,34.0,-38.11,31.0,-31.43,18.04,36992623.0,,,112.5,0.11654135338345864,0.11528822055137844,0.03132832080200498,0.8847117794486216,0.2606516290726817,0.047619047619047616,0.02756892230576441,0.2427,0.0986,0.3274
HPP,Hudson Pacific Properties Inc,Real Estate,REIT - Office,,,43.53,0.31,2.88,8.06,12.02,-21.27,89.93,2.0,-42.61,2.42,746900.0,0.95,11.51,Aug 05/b,16.91,638550000.0,HIGH,-20.62,-1.96,1.18,-15.33,0.3556,False,-9.65,False,-16.7,5.629,7.646,-2.4879,-33.08,0.889,56.0,-24.23,32.0,-17.67,11.51,7559061.0,,,46.9,0.5776942355889725,0.23182957393483708,0.12155388471177941,0.20802005012531327,0.16228070175438597,0.14912280701754385,0.09962406015037593,0.2418,0.125,0.2743
EOSE,Eos Energy Enterprises Inc,Industrials,Electrical Equipment & Parts,,,-14.26,351.4,-10.37,5.81,31.18,-48.24,-28.26,2.84,-80.06,2.27,26060000.0,0.95,3.96,Aug 05/b,6.61,1440000000.0,HIGH,3.94,3.66,0.97,9.23,0.3751,True,6.69,True,3.21,8.306,9.596,-7.1012,-36.44,0.906,9.0,2.06,32.0,3.66,3.96,96060460.0,,,66.9,0.03634085213032581,0.17669172932330826,0.09774436090225569,0.22180451127819548,0.10025062656641603,0.8082706766917294,0.8872180451127819,0.2402,0.4143,0.2917
CRBP,Corbus Pharmaceuticals Holdings Inc,Healthcare,Biotechnology,,,-25.120000000000005,,-1.21,4.24,12.93,-9.44,-16.33,2.63,-63.62,1.0,690760.0,1.67,7.48,Aug 06/b,34.02,144670000.0,HIGH,-27.94,-7.43,0.83,-22.65,0.7023,False,-23.18,False,-21.55,10.816,6.898,-5.8689,-35.52,4.165,12.0,-33.69,31.0,-21.84,7.48,12079918.0,,,354.8,0.06265664160401002,0.19047619047619047,0.020050125313283207,0.9974937343358395,0.06140350877192982,0.07769423558897243,0.03508771929824561,0.235,0.0385,0.2998
BRBR,Bellring Brands Inc,Consumer Defensive,Packaged Foods,6.32,6.8,78.73,4.18,0.27,6.39,10.17,-5.07,-48.21,0.41,-75.91,1.94,4560000.0,1.0,8.98,Aug 04/b,14.71,1040000000.0,HIGH,-11.87,-2.39,1.57,-6.58,0.2856,False,-9.89,False,-19.98,5.176,2.339,-3.0695,-37.16,0.862,53.0,-33.23,33.0,-29.57,8.98,28800463.0,,,63.8,0.39974937343358397,0.16416040100250626,0.2092731829573935,0.18796992481203006,0.3508771929824561,0.09774436090225563,0.2976190476190476,0.235,0.2871,0.2591
CCCC,C4 Therapeutics Inc,Healthcare,Biotechnology,,,50.66,2.75,0.0,28.190000000000005,33.04,-18.31,29.89,3.08,-34.43,1.14,2940000.0,0.55,3.39,Aug 11/b,13.33,417060000.0,HIGH,-15.25,-1.17,0.85,-9.96,0.3132,False,-8.84,False,-9.71,5.078,2.802,-2.772,-34.43,0.717,28.0,-6.35,28.0,-6.35,3.39,7208344.0,,,293.2,0.5075187969924813,0.21177944862155387,0.17167919799498743,0.08145363408521303,0.06892230576441102,0.35651629072681706,0.21303258145363407,0.233,0.1574,0.2536
EVH,Evolent Health Inc,Healthcare,Health Information Services,,10.57,42.84,46.86,-0.61,-2.89,15.11,-17.82,34.67,1.02,-61.68,1.4,3100000.0,0.83,3.69,Aug 06/b,5.77,417190000.0,HIGH,-22.15,-10.0,1.04,-16.86,0.3592,False,-13.91,False,-16.54,5.894,2.71,-2.8917,-41.01,1.047,18.0,-21.82,31.0,19.81,3.69,10425082.0,,,56.4,0.46867167919799496,0.13533834586466165,0.11654135338345861,0.35776942355889724,0.11466165413533834,0.15914786967418545,0.07518796992481203,0.2254,0.0994,0.2751
EQ,Equillium Inc,Healthcare,Biotechnology,,,73.86,,-3.08,-3.4099999999999997,10.61,-37.05,-10.28,1.91,-45.76,1.0,637140.0,1.34,1.92,Aug 13/a,8.6,121740000.0,HIGH,-16.88,-8.57,1.86,-11.59,0.3438,False,-13.46,False,-17.62,8.966,7.292,-5.4034,-45.76,1.095,8.0,-20.33,25.0,-4.48,1.92,1014023.0,,,347.9,0.08897243107769423,0.10025062656641603,0.13533834586466165,0.41102756892230574,0.4805764411027569,0.12907268170426064,0.16290726817042606,0.2242,0.2499,0.2774
ZURA,Zura Bio Ltd,Healthcare,Biotechnology,,,-22.29,,0.0,8.77,22.04,18.93,-27.12,0.0,-40.05,1.0,1380000.0,1.2,4.46,Aug 11/b,18.83,427400000.0,HIGH,-23.76,-14.4,0.89,-18.47,0.4106,False,-19.79,False,-19.32,8.543,4.664,-4.0093,-36.83,1.376,19.0,-23.76,28.0,-19.78,4.46,10672954.0,,,322.2,0.20426065162907267,0.16917293233082706,0.07393483709273185,0.6961152882205514,0.08145363408521303,0.11278195488721804,0.06641604010025062,0.223,0.0732,0.2737
EVMN,Evommune Inc,Healthcare,Biotechnology,,,-97.87,,-0.58,-1.3,20.87,-54.82,-59.040000000000006,,-70.93,1.42,854680.0,1.75,9.65,Aug 06/a,24.0,350220000.0,HIGH,-31.17,-7.48,2.21,-25.88,0.5538,False,-18.91,False,-22.07,7.887,5.699,-4.8547,-62.7,1.124,22.0,-32.14,30.0,-27.88,9.65,7695978.0,,,148.7,0.12406015037593984,0.03132832080200501,0.03508771929824561,0.449874686716792,0.6234335839598998,0.07268170426065163,0.02631578947368421,0.2227,0.2081,0.3175
BW,Babcock & Wilcox Enterprises Inc,Industrials,Specialty Industrial Machinery,,17.25,128.82,121.94,0.22,22.46,14.92,-57.65,-53.03,1.15,-66.59,1.0,4650000.0,1.48,7.36,Aug 10/a,22.0,1100000000.0,HIGH,-11.11,4.69,1.5,-5.82,0.2145,False,-0.25,False,-16.66,7.725,5.095,-5.9214,-50.64,1.053,,,28.0,-17.12,7.36,33943267.0,,,198.9,0.05889724310776942,0.06766917293233082,0.38032581453634084,0.36466165413533835,0.3101503759398496,0.15413533834586465,0.33395989974937346,0.2226,0.3407,0.222
MPLT,MapLight Therapeutics Inc,Healthcare,Biotechnology,,,-83.91,,12.85,-1.71,29.9,-62.11,-37.56,,-72.99,1.31,886810.0,2.07,10.92,Aug 13/a,25.75,577100000.0,HIGH,-2.59,-16.96,2.89,2.7,0.3006,False,-13.56,False,-38.85,8.643,6.41,-4.0689,-72.99,0.757,10.0,-16.89,25.0,-5.7,10.92,7906788.0,,,135.8,0.19047619047619047,0.018796992481203006,0.1892230576441103,0.10275689223057644,0.8076441102756893,0.018796992481203006,0.7080200501253133,0.2213,0.5823,0.2799
ATOM,Atomera Inc,Technology,Semiconductor Equipment & Materials,,,-0.37,,-8.27,14.81,17.67,-54.22,-5.5,2.05,-66.68,1.0,632990.0,0.87,4.12,Aug 04/a,10.0,160780000.0,HIGH,-13.81,4.83,1.25,-8.52,0.2526,False,-1.12,False,-16.61,4.95,5.34,-2.9545,-53.34,0.843,,,32.0,-21.37,4.12,1818287.0,,,142.7,0.4423558897243108,0.05889724310776942,0.2957393483709273,0.16979949874686717,0.18796992481203006,0.15664160401002505,0.2487468671679198,0.2186,0.2446,0.2392
AEHR,Aehr Test Systems,Technology,Semiconductor Equipment & Materials,,,143.11,33.69,-31.290000000000003,3.0,13.95,-18.92,147.59,3.5,-36.57,1.0,2740000.0,0.74,93.49,Jul 14/a,130.29,3050000000.0,HIGH,-8.1,12.14,0.73,-2.81,0.3371,True,6.07,True,0.99,8.152,7.22,-6.0436,-36.57,0.791,25.0,-24.18,47.0,29.83,93.49,240404464.0,,,39.4,0.05764411027568922,0.17293233082706766,0.13909774436090228,0.12719298245614036,0.042606516290726815,0.768170426065163,0.47619047619047616,0.2179,0.245,0.2489
ALM,Almonty Industries Inc,Basic Materials,Other Industrial Metals & Mining,56.44,9.33,235.56,497.88999999999993,0.0,16.18,11.24,-26.419999999999998,-19.44,1.39,-43.3,1.0,6580000.0,1.2,13.84,Aug 11/a,26.68,3990000000.0,HIGH,-25.23,-5.85,1.25,-19.94,0.4522,False,-18.38,False,-8.99,9.106,6.611,-4.4888,-28.84,0.902,9.0,-21.23,27.0,4.14,13.84,106106746.0,,,92.8,0.14786967418546365,0.3157894736842105,0.05513784461152882,0.21804511278195488,0.18796992481203006,0.38220551378446116,0.05388471177944862,0.2178,0.0945,0.234
ENHA,Enhanced Group Inc,Consumer Defensive,Packaged Foods,,,-67000.0,,1.09,11.01,3.49,-67.49,-85.82,-1.72,-89.71,1.0,932330.0,0.62,1.44,Aug 13/a,4.0,569340000.0,HIGH,-16.28,-8.86,0.66,-10.99,0.1762,False,-8.34,False,-33.39,8.085,5.556,-2.7132,-60.11,0.854,,,25.0,-26.53,1.44,1385860.0,,,177.8,0.5200501253132832,0.03634085213032581,0.5075187969924813,0.17982456140350878,0.03634085213032581,0.022556390977443608,0.18295739348370926,0.2171,0.2363,0.1897
VPG,Vishay Precision Group Inc,Technology,Scientific & Technical Instruments,212.52,34.97,-794.62,11.67,0.0,-6.07,11.44,-55.669999999999995,44.72,1.41,-58.71999999999999,1.0,548160.0,0.6,62.65,Aug 05/b,93.33,834520000.0,HIGH,-5.95,3.57,0.88,-0.66,0.1257,False,-0.66,False,-19.96,4.965,3.113,-3.4406,-58.72,0.578,,,32.0,-14.83,62.65,23784763.0,,,49.0,0.2982456140350877,0.03884711779448621,0.7255639097744361,0.039473684210526314,0.07769423558897243,0.10025062656641603,0.5557644110275689,0.2133,0.4633,0.1289
ENVX,Enovix Corp,Industrials,Electrical Equipment & Parts,,,9.34,20.84,0.0,1.45,28.28,-57.769999999999996,-41.14,2.48,-78.96,1.91,6850000.0,1.18,2.99,Aug 12/a,10.94,656150000.0,HIGH,-11.54,-0.99,1.36,-6.25,0.241,False,-7.79,False,-23.49,5.492,5.351,-3.4492,-52.88,1.001,,,26.0,-32.51,2.99,19046783.0,,,265.9,0.2957393483709273,0.06015037593984962,0.32456140350877194,0.3032581453634085,0.231203007518797,0.06265664160401002,0.3107769423558897,0.2129,0.291,0.2232
AZIO,Azio AI Holdings Inc,Technology,Software - Infrastructure,,,77.01,154.33,0.0,7.73,7.34,-4.83,-31.34,0.9,-71.89,1.0,597500.0,0.29,1.38,-,0.7,22730000.0,HIGH,18.97,20.0,0.18,24.26,0.2182,True,13.44,False,-5.28,5.642,6.522,-4.8624,-33.01,0.244,1.0,7.39,,,1.38,1232312.0,,,-49.3,0.12155388471177944,0.23308270676691728,0.36967418546365916,0.021303258145363407,0.012531328320802004,0.518170426065163,0.9874686716791979,0.2127,0.5096,0.1684
RXST,RxSight Inc,Healthcare,Medical Devices,,,-0.8,0.31,-0.57,6.32,10.04,9.94,-22.85,1.14,-60.67,3.1,1090000.0,0.99,5.2,Aug 05/a,7.79,216280000.0,HIGH,-16.8,-14.82,1.28,-11.51,0.3726,False,-17.21,False,-14.61,7.382,3.808,-3.8346,-30.11,0.95,14.0,-26.24,31.0,-14.47,5.2,5296003.0,,,49.8,0.22556390977443608,0.29448621553884713,0.10150375939849621,0.2619047619047619,0.20551378446115287,0.18671679197994986,0.16541353383458646,0.2126,0.1583,0.2199
LWLG,Lightwave Logic Inc,Basic Materials,Specialty Chemicals,,,-8.84,27.91,-8.51,12.03,15.88,-47.85,-27.560000000000002,2.41,-72.74,1.0,3480000.0,1.11,5.1,Aug 11/b,10.0,786250000.0,HIGH,-17.61,6.47,1.6,-12.32,0.3135,False,-4.56,False,-17.89,5.798,3.137,-4.0126,-47.26,1.012,30.0,-32.81,28.0,-32.54,5.1,12823030.0,,,96.1,0.20300751879699247,0.09273182957393483,0.17042606516290726,0.3151629072681704,0.36654135338345867,0.12656641604010024,0.13972431077694236,0.2124,0.217,0.2528
UCTT,Ultra Clean Hldgs Inc,Technology,Semiconductor Equipment & Materials,,10.79,105.25999999999999,24.31,-2.91,2.69,8.86,-41.75,12.79,1.88,-51.019999999999996,1.0,1280000.0,1.05,70.64,Aug 03/a,137.0,3200000000.0,HIGH,-7.58,6.4,1.65,-2.29,0.2151,True,0.17,False,-13.37,5.801,3.766,-4.578,-51.02,0.686,,,33.0,-16.44,70.64,57538948.0,,,93.9,0.14160401002506265,0.06516290726817042,0.3784461152882206,0.06766917293233082,0.39285714285714285,0.21428571428571427,0.49122807017543857,0.21,0.4279,0.2041
ALDX,Aldeyra Therapeutics Inc,Healthcare,Biotechnology,,,44.44,,16.74,-3.8900000000000006,5.37,-30.61,-25.679999999999996,1.19,-77.07,1.4,1230000.0,0.3,1.36,Jul 31,6.6,82040000.0,HIGH,-10.53,-6.85,0.57,-5.24,0.1862,False,-7.4,False,-13.18,5.257,4.044,-3.528,-46.25,0.825,56.0,-36.15,,,1.36,934146.0,,,385.3,0.2731829573934837,0.09649122807017543,0.4649122807017544,0.15476190476190477,0.03258145363408521,0.22305764411027568,0.3609022556390977,0.2075,0.2936,0.1709
DYN,Dyne Therapeutics Inc,Healthcare,Biotechnology,,,-10.86,,-16.86,1.25,13.22,-13.59,-3.88,1.12,-37.34,1.29,2670000.0,1.82,17.11,Jul 29/a,36.93,3200000000.0,HIGH,-34.44,-7.61,1.51,-29.15,0.6744,False,-23.25,False,-28.65,8.463,6.955,-4.2247,-37.34,1.187,22.0,-34.19,36.0,-31.83,17.11,66526872.0,,,115.8,0.17418546365914786,0.16165413533834586,0.022556390977443663,0.5288220551378446,0.31641604010025065,0.03759398496240601,0.021303258145363407,0.2069,0.1102,0.2643
LIDR,AEye Inc,Technology,Software - Infrastructure,,,54.96,818.18,-0.37,-8.65,4.23,-17.24,-53.67000000000001,2.7,-70.0,1.0,3090000.0,0.15,1.2,Aug 06/a,4.39,56010000.0,HIGH,-5.51,-2.44,0.06,-0.22,0.2813,False,-4.95,False,-3.41,8.286,3.333,-6.9933,-26.83,0.195,13.0,4.35,30.0,-1.64,1.2,11100671.0,,,265.8,0.040100250626566414,0.3508771929824561,0.21679197994987465,0.016290726817042606,0.008771929824561403,0.5927318295739349,0.5833333333333334,0.2043,0.301,0.1645
CDNL,Cardinal Infrastructure Group Inc,Industrials,Engineering & Construction,25.34,13.83,-52.32,113.87,5.96,19.0,13.62,-62.08,-6.959999999999999,,-67.98,1.0,773560.0,1.32,30.87,Aug 11/b,59.0,1470000000.0,HIGH,-29.03,-7.96,1.86,-23.74,0.4104,False,-15.86,False,-38.26,7.837,6.641,-4.1536,-67.98,1.106,,,28.0,-19.34,30.87,19787050.0,,,91.1,0.18045112781954886,0.023809523809523808,0.07518796992481203,0.42794486215538846,0.4805764411027569,0.020050125313283207,0.03007518796992481,0.2013,0.1788,0.2773
ALOY,REalloys Inc,Basic Materials,Other Industrial Metals & Mining,,,-69.62,54.98,0.0,86.93,14.01,-53.54,-41.75,1.38,-69.29,1.0,2760000.0,1.66,8.26,Aug 13/a,26.5,573400000.0,HIGH,-33.92,-3.05,2.21,-28.63,0.5475,False,-16.69,False,-19.42,6.799,4.358,-5.656,-50.24,0.949,25.0,-36.22,25.0,-36.22,8.26,20062097.0,,,220.8,0.06892230576441102,0.07268170426065163,0.03884711779448624,0.2606516290726817,0.6234335839598998,0.10902255639097744,0.023809523809523808,0.1956,0.2082,0.2655
NXTC,Nextcure Inc,Healthcare,Biotechnology,,,75.16,,73.79,-14.730000000000002,1.2,202.97,-39.29,1.33,-61.12,1.0,2150000.0,0.05,6.12,Aug 06/a,20.0,28010000.0,HIGH,-2.7,-7.83,1.07,2.59,0.501,False,-8.57,True,0.68,14.339,9.804,-5.5453,-38.18,0.042,9.0,-21.74,30.0,9.48,6.12,638533.0,,,226.8,0.07393483709273183,0.15538847117794485,0.045112781954887216,0.006265664160401002,0.12406015037593984,0.7581453634085213,0.7017543859649122,0.1938,0.3315,0.2406
ELDN,Eledon Pharmaceuticals Inc,Healthcare,Biotechnology,,,-91.47,,0.0,6.68,9.63,-33.16,-8.07,0.85,-43.04,1.0,1260000.0,0.66,2.62,Aug 13/a,9.5,212900000.0,HIGH,-24.06,-5.42,0.88,-18.77,0.3765,False,-12.46,False,-22.8,5.641,4.198,-2.1593,-38.43,0.726,52.0,-33.33,25.0,-25.99,2.62,2850225.0,,,262.6,0.6729323308270677,0.15162907268170425,0.09523809523809523,0.08395989974937343,0.07769423558897243,0.06641604010025062,0.06390977443609022,0.1913,0.0774,0.2253
TRON,Tron Inc,Consumer Cyclical,Leisure,,,-7.580000000000001,16.81,0.0,38.79,17.51,-7.980000000000001,-26.47,8.7,-67.74,,1010000.0,1.77,1.5,-,,711570000.0,HIGH,-25.37,-2.91,1.09,-20.08,0.6249,False,-12.32,False,-5.49,9.052,6.0,-6.1125,-37.63,0.944,21.0,-7.41,,,1.5,2939292.0,,,,0.05513784461152882,0.15914786967418545,0.028822055137844638,0.25375939849624063,0.13471177944862156,0.506265664160401,0.047619047619047616,0.1896,0.0681,0.2375
ZNTL,Zentalis Pharmaceuticals Inc,Healthcare,Biotechnology,,,-58.82999999999999,,18.66,4.69,7.44,-15.950000000000001,21.48,1.93,-55.25,1.83,1220000.0,1.03,3.11,Aug 06/a,7.3,294430000.0,HIGH,-18.69,-11.14,1.44,-13.4,0.3532,False,-15.06,False,-25.14,7.439,6.109,-3.8183,-44.27,1.027,45.0,-31.95,30.0,-26.3,3.11,3157960.0,,,134.7,0.22681704260651628,0.10651629072681704,0.1228070175438597,0.33395989974937346,0.2781954887218045,0.05388471177944862,0.12343358395989974,0.187,0.1697,0.2232
ZIP,ZipRecruiter Inc,Communication Services,Internet Content & Information,10.72,1390.98,600.29,5.19,-1.8799999999999997,1.42,4.46,21.31,58.8,1.55,-34.05,2.6,885830.0,1.21,3.7,Aug 05/a,4.75,304240000.0,HIGH,-12.11,-6.33,0.97,-6.82,0.2642,False,-9.22,False,-13.06,6.797,5.676,-5.4816,-30.78,0.857,21.0,-25.85,31.0,-12.94,3.7,4574354.0,,,28.4,0.08020050125313283,0.2769423558897243,0.25689223057644106,0.18295739348370926,0.10025062656641603,0.22431077694235588,0.2907268170426065,0.1869,0.2234,0.1469
CNTB,Connect Biopharma Holdings Ltd,Healthcare,Biotechnology,,,-18.29,5666.67,2.93,5.94,11.71,-36.0,-55.39999999999999,-0.16,-66.49,1.0,952890.0,1.35,1.28,Aug 12/a,6.88,80600000.0,HIGH,-45.76,-25.8,0.66,-40.47,0.9015,False,-35.62,False,-40.42,25.703,5.469,-11.8149,-56.31,4.103,12.0,-45.76,26.0,-45.06,1.28,3269375.0,,,437.5,0.010025062656641603,0.047619047619047616,0.011278195488721776,0.9962406015037594,0.03634085213032581,0.015037593984962405,0.008771929824561403,0.1861,0.0178,0.2644
HTZ,Hertz Global Holdings Inc,Industrials,Rental & Leasing Services,,,105.78,9.66,-0.27,6.21,33.56,-63.96000000000001,-54.27000000000001,2.48,-77.75,3.7,33110000.0,0.51,1.82,Aug 06/b,2.22,648740000.0,HIGH,-19.11,-7.61,1.08,-13.82,0.2947,False,-13.61,False,-9.62,6.825,4.67,-3.7406,-38.2,0.485,28.0,-14.15,31.0,16.67,1.82,33249449.0,,,22.0,0.24060150375939848,0.15413533834586465,0.19548872180451127,0.02882205513784461,0.12969924812030076,0.3634085213032581,0.11528822055137844,0.1854,0.1437,0.1906
CVRX,CVRx Inc,Healthcare,Medical Devices,,,6.3,15.57,0.21,3.3000000000000003,13.21,-38.59,-64.77,0.71,-73.1,2.14,796220.0,1.02,3.04,Aug 06/a,4.3,80990000.0,HIGH,7.04,1.33,1.16,12.33,0.1768,True,0.81,False,-20.62,5.989,4.77,-3.9357,-49.42,0.555,32.0,-44.63,30.0,27.2,3.04,2121110.0,,,41.4,0.21553884711779447,0.07894736842105263,0.5056390977443609,0.03759398496240601,0.15350877192982457,0.08771929824561403,0.9260651629072681,0.1798,0.5682,0.1236
BLZE,Backblaze Inc,Technology,Software - Infrastructure,,60.61,34.4,17.67,-0.45000000000000007,11.72,7.19,60.68,260.55,1.57,-45.14,1.29,3590000.0,0.61,13.16,Aug 03/a,22.83,814600000.0,HIGH,-16.71,2.49,1.16,-11.42,0.3032,False,-4.82,False,-12.82,5.552,6.915,-3.3084,-45.14,0.64,26.0,-31.95,33.0,-15.59,13.16,26199192.0,,,73.5,0.3333333333333333,0.10150375939849623,0.18546365914786966,0.05513784461152882,0.15350877192982457,0.23684210526315788,0.17042606516290726,0.1776,0.1699,0.1947
WRAP,Wrap Technologies Inc,Technology,Scientific & Technical Instruments,,,43.56,102.77000000000001,-0.33,-0.16,18.66,22.58,0.66,1.26,-52.94,3.0,1890000.0,0.28,1.52,Aug 11/a,2.5,93900000.0,HIGH,0.0,-7.88,0.75,5.29,0.1791,False,-5.35,False,-13.86,6.161,5.592,-4.2968,-44.32,0.584,51.0,-4.4,27.0,-12.14,1.52,1153853.0,,,64.5,0.16416040100250626,0.10526315789473684,0.49310776942355894,0.041353383458646614,0.05012531328320802,0.20050125313283207,0.8101503759398496,0.1758,0.487,0.114
REAX,Real REMAX Group Inc,Real Estate,Real Estate Services,,32.29,-637.65,29.56,0.0,,11.92,-6.08,-31.120000000000005,0.79,-67.97,1.0,671810.0,1.77,16.53,Aug 06/b,47.0,362360000.0,HIGH,-37.39,-16.56,1.06,-32.1,0.6419,False,-20.29,False,-19.83,9.549,8.953,-7.8727,-42.7,1.262,18.0,-31.12,31.0,-4.45,16.53,23942357.0,,,184.3,0.02882205513784461,0.12030075187969924,0.027568922305764465,0.6040100250626567,0.12030075187969924,0.10213032581453634,0.016290726817042606,0.1672,0.0509,0.2138
SION,Sionna Therapeutics Inc,Healthcare,Biotechnology,,,-61.68,,-10.23,9.58,16.22,-84.02,-83.21,0.75,-89.16,2.82,2009999.9999999998,1.84,5.96,Aug 06/b,21.57,269470000.0,HIGH,12.67,-27.85,2.49,17.96,0.4803,False,-11.4,False,-74.39,12.259,21.644,-7.7827,-89.16,0.882,8.0,-18.36,31.0,-87.41,5.96,9792783.0,,,261.9,0.03132832080200501,0.005012531328320802,0.05012531328320802,0.19799498746867167,0.7174185463659147,0.0012531328320802004,0.9724310776942355,0.1672,0.6192,0.237
LPTH,Lightpath Technologies Inc,Technology,Electronic Components,,92.81,61.18,73.32,-58.34,30.17,15.15,-34.65,-13.84,1.39,-47.73,1.0,3190000.0,1.34,9.9,Sep 10/a,15.8,693360000.0,HIGH,-31.35,8.67,1.15,-26.06,0.6699,False,-8.16,False,-14.02,7.54,6.768,-7.1769,-41.35,1.132,25.0,-24.54,6.0,7.61,9.9,39037489.0,,,59.6,0.03383458646616541,0.13157894736842105,0.023809523809523836,0.46115288220551376,0.15037593984962405,0.19799498746867167,0.02506265664160401,0.1665,0.0623,0.2108
ZSQR,Z Squared Inc,Technology,Software - Infrastructure,,,71.07,689.06,0.04,18.04,8.23,-83.98,-76.28,-0.22,-87.48,1.0,558630.0,1.2,2.68,-,80.0,142040000.0,HIGH,-26.58,-2.72,1.64,-21.29,0.758,False,-15.8,False,-35.44,15.152,14.366,-8.7587,-80.35,1.197,,,,,2.68,1252228.0,,,2885.1,0.020050125313283207,0.013784461152882205,0.01754385964912286,0.5382205513784462,0.38721804511278196,0.021303258145363407,0.040100250626566414,0.1664,0.1375,0.2417
CXM,Sprinklr Inc,Technology,Software - Application,56.64,9.97,-37.58,0.8,-0.59,-12.45,9.88,5.75,-11.17,0.76,-35.59,2.4,3620000.0,1.52,5.33,Sep 02/b,8.44,1240000000.0,HIGH,-27.97,-7.94,1.22,-22.68,0.6561,False,-18.35,False,-16.85,6.939,6.567,-4.6095,-35.59,1.02,16.0,-28.65,12.0,-23.31,5.33,30133513.0,,,58.3,0.13909774436090225,0.18922305764411027,0.02506265664160401,0.3233082706766917,0.17481203007518797,0.14536340852130325,0.03258145363408521,0.1661,0.073,0.1956
LASR,nLIGHT Inc,Technology,Semiconductors,,63.24,67.54,33.78,-23.29,5.91,6.66,-38.45,-43.79,2.37,-54.17999999999999,1.33,1330000.0,1.02,39.84,Aug 06/a,88.86,2300000000.0,HIGH,-15.93,3.62,1.07,-10.64,0.2442,False,-3.46,False,-27.13,4.638,3.075,-3.3928,-50.26,0.775,33.0,-43.18,30.0,-29.05,39.84,52693074.0,,,123.0,0.31203007518796994,0.07142857142857142,0.3120300751879699,0.11591478696741854,0.12406015037593984,0.045112781954887216,0.19423558897243107,0.1634,0.2085,0.1493
FRVO,Fervo Energy Co,Utilities,Utilities - Renewable,,,,,0.0,83.94,7.39,-51.81,,,-60.35,1.38,4560000.0,2.03,16.91,Aug 12/b,40.75,4980000000.0,HIGH,-0.06,13.03,1.26,5.23,0.3344,True,2.49,False,-16.55,9.441,7.392,-8.6969,-50.07,1.069,,,27.0,-16.12,16.91,127152288.0,,,141.0,0.021303258145363407,0.07518796992481203,0.14035087719298245,0.37844611528822053,0.19486215538847118,0.15789473684210525,0.8051378446115288,0.1613,0.4226,0.1881
SPRY,ARS Pharmaceuticals Inc,Healthcare,Biotechnology,,,-37.56,114.14999999999999,-0.08,-4.65,35.57,-57.41,-50.18,0.85,-68.75,1.0,2069999.9999999998,0.91,4.11,Aug 13/a,23.5,408730000.0,HIGH,-25.34,-8.67,1.23,-20.05,0.5225,False,-21.73,False,-29.4,6.83,2.433,-3.3629,-54.18,1.016,22.0,-34.76,25.0,-27.26,4.11,7864723.0,,,471.8,0.3182957393483709,0.05764411027568922,0.041353383458646586,0.3208020050125313,0.17857142857142858,0.03258145363408521,0.04887218045112782,0.1582,0.0855,0.2126
QTTB,Q32 Bio Inc,Healthcare,Biotechnology,3.51,,43.46,,74.12,5.48,16.93,-11.43,58.02,0.3,-55.279999999999994,1.0,1170000.0,0.83,10.54,Aug 05/b,42.25,313770000.0,HIGH,-34.0,-3.39,1.6,-28.71,0.6918,False,-19.77,False,-28.02,6.984,4.839,-2.9829,-55.28,0.478,49.0,-5.98,32.0,-34.76,10.54,7582095.0,,,300.9,0.42606516290726815,0.05388471177944862,0.02130325814536338,0.02756892230576441,0.36654135338345867,0.041353383458646614,0.022556390977443608,0.1561,0.1254,0.2154
AVXL,Anavex Life Sciences Corp,Healthcare,Biotechnology,,,154.29,,0.0,-3.32,15.25,-11.36,-42.38,1.16,-76.69,1.0,1050000.0,0.88,2.42,Aug 25/b,20.0,224330000.0,HIGH,-25.31,-6.92,1.21,-20.02,0.449,False,-14.56,False,-14.92,5.519,2.893,-4.8734,-34.24,0.878,18.0,-22.19,18.0,-22.19,2.42,2211059.0,,,726.4,0.11779448621553884,0.21679197994987467,0.057644110275689275,0.19298245614035087,0.17167919799498746,0.17794486215538846,0.05075187969924812,0.1558,0.0891,0.1651
AIAI,AIAI Holdings Corp,Industrials,Conglomerates,,,,,-0.86,80.29,2.72,-78.71,,,-81.91,,553370.0,2.69,3.54,-,,277050000.0,HIGH,-46.53,3.81,1.26,-41.24,0.8103,False,-9.96,False,-31.74,14.851,20.621,-13.7971,-79.74,1.318,20.0,-21.85,,,3.54,6342387.0,,,,0.006265664160401002,0.015037593984962405,0.015037593984962405,0.6516290726817042,0.19486215538847118,0.02506265664160401,0.007518796992481203,0.1513,0.066,0.2195
NB,NioCorp Developments Ltd,Basic Materials,Other Industrial Metals & Mining,,,105.59,,0.0,-2.56,6.57,-32.58,-19.0,0.15,-71.54,1.33,3200000.0,0.86,3.58,Sep 09,11.12,521200000.00000006,HIGH,-22.84,-1.38,1.04,-17.55,0.3225,False,-11.0,False,-18.4,5.162,5.587,-4.0635,-36.47,0.791,30.0,-29.25,,,3.58,10723673.0,,,210.6,0.19548872180451127,0.17543859649122806,0.15413533834586468,0.12719298245614036,0.11466165413533834,0.11904761904761904,0.07268170426065163,0.1477,0.1097,0.1391
VELO,Velo3D Inc,Technology,Computer Hardware,,,60.11,52.25,0.0,20.75,35.78,-64.57,-16.16,2.59,-66.68,1.0,1980000.0,0.48,10.58,Aug 11/a,23.25,340140000.0,HIGH,-20.42,5.91,1.08,-15.13,0.3646,False,-7.5,False,-10.99,6.392,5.671,-4.3249,-48.52,0.683,27.0,-22.72,27.0,-22.72,10.58,10046570.0,,,119.8,0.16165413533834586,0.08646616541353383,0.10776942355889729,0.06641604010025062,0.12969924812030076,0.3032581453634085,0.10150375939849623,0.1425,0.1118,0.1653
ANVS,Annovis Bio Inc,Healthcare,Biotechnology,,,-23.75,,18.59,15.289999999999997,13.26,-34.86,-57.3,1.24,-79.27,1.0,928730.0,0.73,1.14,Aug 14/b,10.5,48650000.0,HIGH,-37.36,0.0,0.53,-32.07,0.8315,False,-21.24,False,-30.77,9.211,6.14,-5.4388,-47.47,1.254,30.0,-38.71,25.0,-36.31,1.14,1726160.0,,,821.1,0.08395989974937343,0.09147869674185463,0.013784461152882233,0.5983709273182958,0.02944862155388471,0.02882205513784461,0.017543859649122806,0.141,0.02,0.1852
BRZE,Braze Inc,Technology,Software - Application,,25.01,35.11,26.16,-1.26,9.46,11.21,21.78,27.169999999999998,0.91,-34.55,1.09,2620000.0,0.88,24.43,Sep 08/a,37.3,2770000000.0,HIGH,-21.35,-4.57,0.73,-16.06,0.5525,False,-16.51,False,-11.22,7.003,2.865,-6.065,-30.24,0.785,16.0,-20.71,8.0,2.97,24.43,90537996.0,,,52.7,0.05639097744360902,0.2894736842105263,0.036340852130325785,0.12218045112781954,0.042606516290726815,0.29197994987468673,0.08646616541353383,0.1398,0.0583,0.1283
LENZ,LENZ Therapeutics Inc,Healthcare,Biotechnology,,,-91.55,9.72,0.98,-1.52,40.02,-33.82,-64.58,0.7,-91.92,1.57,893990.0,0.82,4.07,Aug 11/a,25.0,127880000.0,HIGH,-13.03,-8.95,1.08,-7.74,0.466,False,-16.25,False,-19.35,7.889,2.457,-4.6835,-39.61,0.932,12.0,-22.18,27.0,-19.25,4.07,3311482.0,,,514.3,0.13408521303258145,0.14411027568922305,0.052631578947368474,0.24060150375939848,0.12969924812030076,0.11027568922305764,0.2644110275689223,0.1352,0.1605,0.1537
TE,T1 Energy Inc,Industrials,Electrical Equipment & Parts,,,24.39,88.4,-33.58,13.56,27.83,-55.39999999999999,-45.91,2.35,-66.61,1.67,31900000.0,0.7,4.17,Aug 12/b,8.78,1230000000.0,HIGH,-5.66,-4.58,1.13,-0.37,0.236,False,-7.52,False,-16.66,8.248,7.074,-5.3101,-58.63,0.59,,,27.0,-14.9,4.17,88299296.0,,,110.6,0.09523809523809523,0.040100250626566414,0.3320802005012531,0.043859649122807015,0.14411027568922305,0.15413533834586465,0.5758145363408521,0.1349,0.3732,0.1093
KSCP,Knightscope Inc,Industrials,Building Products & Equipment,,,13.13,228.26,0.0,0.88,11.78,-43.28,-72.26,1.31,-85.04,1.0,1280000.0,0.42,1.14,Aug 12/a,12.0,26920000.0,HIGH,-19.72,-14.93,0.74,-14.43,0.2914,False,-15.57,False,-22.72,6.892,4.386,-3.2167,-50.22,0.624,,,26.0,-22.97,1.14,966792.0,,,952.6,0.36716791979949875,0.07393483709273183,0.19799498746867172,0.05137844611528822,0.046992481203007516,0.06766917293233082,0.10651629072681704,0.1342,0.1161,0.1333
MEI,Methode Electronics Inc,Technology,Electronic Components,,86.55,-9.75,10.35,0.0,3.55,8.38,-5.35,149.91,1.57,-34.89,2.0,800820.0,1.11,13.27,Sep 02/a,22.0,473010000.0,HIGH,-7.07,-2.57,1.11,-1.78,0.5084,False,-13.33,False,-14.69,8.682,4.898,-6.3352,-34.89,0.859,15.0,-25.37,11.0,-13.38,13.27,12469799.0,,,65.8,0.05263157894736842,0.19987468671679198,0.04260651629072687,0.18609022556390978,0.13847117794486216,0.18295739348370926,0.5037593984962406,0.1338,0.2558,0.14
LCID,Lucid Group Inc,Consumer Cyclical,Auto Manufacturers,,,-17.83,56.24,-0.0,9.44,48.43,-23.69,-60.29,0.99,-83.79,2.92,16719999.999999998,0.91,4.09,Aug 04/a,7.0,1610000000.0,HIGH,-25.77,-1.68,1.2,-20.48,0.3796,False,-11.37,False,-29.92,6.785,6.112,-3.7759,-51.88,0.881,38.0,-37.08,32.0,-38.96,4.09,57943805.0,,,71.1,0.23684210526315788,0.06265664160401002,0.09273182957393489,0.19548872180451127,0.16854636591478697,0.03007518796992481,0.043859649122807015,0.1311,0.0959,0.1577
BIVI,BioVie Inc,Healthcare,Biotechnology,,,58.93000000000001,,5.72,7.739999999999999,10.92,-8.52,10.27,0.72,-57.52,1.0,4670000.0,0.09,1.61,-,5.51,13740000.0,HIGH,-17.44,-21.46,0.25,-12.15,0.3566,False,-19.52,False,-4.88,13.092,14.286,-5.9121,-57.52,0.107,14.0,-25.46,,,1.61,3224863.0,,,242.2,0.06015037593984962,0.043859649122807015,0.11904761904761907,0.011278195488721804,0.017543859649122806,0.5275689223057645,0.14598997493734336,0.1299,0.0994,0.1541
PMI,Picard Medical Inc,Healthcare,Medical Devices,,,40.21,38.62,0.0,9.84,25.42,-44.21,-90.93,-1.53,-99.26,,1870000.0,0.11,5.08,Aug 20/b,,11880000.0,HIGH,58.26,-18.85,0.05,63.55,1.3684,False,-15.19,False,-3.25,27.844,15.65,-27.8767,-57.2,0.139,18.0,-0.97,21.0,67.66,5.08,32531679.0,,,,0.002506265664160401,0.045112781954887216,0.005012531328320802,0.015037593984962405,0.007518796992481203,0.5989974937343359,1.0,0.1124,0.4038,0.156
WYFI,Whitefiber Inc,Technology,Information Technology Services,,61.24,-72.22,59.489999999999995,-0.02,5.18,55.65,-50.71,25.379999999999995,6.29,-59.53000000000001,1.18,2710000.0,0.57,18.97,Aug 12/b,40.82,736950000.0,HIGH,-8.45,7.85,0.78,-3.16,0.2652,True,0.6,False,-19.33,7.072,4.686,-5.1946,-54.28,0.554,25.0,-32.78,27.0,-21.68,18.97,37771467.0,,,115.2,0.10150375939849623,0.05639097744360902,0.25313283208020054,0.03634085213032581,0.05325814536340852,0.11152882205513784,0.46115288220551376,0.102,0.2764,0.0757
FFAI,Faraday Future Intelligent Electric Inc,Consumer Cyclical,Auto Manufacturers,,,90.36,1448.15,-16.0,0.79,12.8,-95.96,-96.1,5.76,-99.35,1.5,915620.0,1.53,1.76,Aug 13/a,48.0,10510000.0,HIGH,-45.0,4.76,1.33,-39.71,0.9034,False,-15.59,False,-72.87,10.142,11.932,-4.7438,-95.61,0.927,,,25.0,-55.1,1.76,2236680.0,,,2627.3,0.13157894736842105,0.0012531328320802004,0.010025062656641603,0.237468671679198,0.21804511278195488,0.0037593984962406013,0.010025062656641603,0.1004,0.0724,0.1477
BETR,Better Home & Finance Holding Co,Financial,Mortgage Finance,,,31.33,17.19,1.63,13.61,48.77,-57.58,-58.4,1.74,-87.18,1.5,534560.0,0.87,12.06,Aug 06/a,25.71,229270000.0,HIGH,3.25,-5.52,0.87,8.54,0.2623,False,-6.91,False,-29.06,8.595,5.224,-5.3851,-62.5,0.728,56.0,-56.15,30.0,-21.99,12.06,6913305.0,,,113.2,0.09273182957393483,0.03258145363408521,0.2606516290726817,0.08646616541353383,0.07330827067669173,0.03383458646616541,0.8796992481203008,0.0966,0.4521,0.0716
CAPR,Capricor Therapeutics Inc,Healthcare,Biotechnology,,,-24.04,,-4.73,10.23,42.13,-68.08,-70.93,0.61,-77.56,2.2,6530000.0,0.5,9.06,Aug 13/a,33.56,526740000.0,HIGH,44.04,2.84,0.53,49.33,0.4445,True,1.99,False,-9.04,8.483,4.415,-7.4511,-70.71,0.385,18.0,33.24,25.0,115.2,9.06,53048656.0,,,270.4,0.03258145363408521,0.021303258145363407,0.05889724310776945,0.02506265664160401,0.02944862155388471,0.38095238095238093,0.9987468671679198,0.0914,0.426,0.117
GDC,GD Culture Group Limited,Communication Services,Electronic Gaming & Multimedia,,,-118.40000000000002,,0.0,2.98,15.16,-71.49,-99.86,1.98,-99.94,,1310000.0,0.25,1.29,-,,5370000.0,HIGH,-17.31,-6.52,0.37,-12.02,0.2622,False,-10.94,False,-20.23,7.442,7.752,-9.1825,-67.75,0.208,22.0,-31.02,,,1.29,1348428.0,,,,0.017543859649122806,0.02506265664160401,0.26190476190476186,0.018796992481203006,0.021929824561403508,0.09461152882205513,0.15162907268170425,0.0733,0.1458,0.0382
EXYN,Exyn Technologies Inc,Technology,Software - Infrastructure,,,,,0.0,14.679999999999998,7.05,-61.7,,,-63.61,1.0,661100.0,0.09,2.62,Aug 19/a,10.0,20840000.0,HIGH,18.55,3.97,0.04,23.84,0.6044,False,-7.63,False,-10.27,10.496,13.74,-14.6624,-62.03,0.123,18.0,13.91,21.0,65.82,2.62,3285662.0,,,281.7,0.005012531328320802,0.03383458646616541,0.03007518796992481,0.012531328320802004,0.006265664160401002,0.33208020050125314,0.9849624060150376,0.07,0.4049,0.089
LABT,Lakewood-Amedex Biotherapeutics Inc,Healthcare,Biotechnology,,,-769.45,,0.0,62.45,3.89,-48.46,,,-97.97,,1860000.0,0.16,1.99,Sep 02,12.0,4720000.0,HIGH,-11.16,-6.13,0.22,-5.87,0.4172,False,-9.57,False,-12.1,14.896,13.065,-9.6853,-70.95,0.055,14.0,-13.48,,,1.99,3155477.0,,,503.0,0.013784461152882205,0.020050125313283207,0.07017543859649122,0.008771929824561403,0.015037593984962405,0.2669172932330827,0.3302005012531328,0.0658,0.1576,0.0761
TENX,Tenax Therapeutics Inc,Healthcare,Biotechnology,,,-27.690000000000005,,378.92,15.53,27.34,-84.17,-87.26,0.92,-90.21,1.8,5310000.0,1.33,1.9,Jul 31/b,9.62,71110000.0,HIGH,8.57,2.15,1.18,13.86,0.3239,False,-1.96,False,-74.22,8.658,6.316,-8.0318,-90.21,0.521,55.0,-85.7,35.0,-86.13,1.9,11720120.0,,,406.3,0.02631578947368421,0.0037593984962406013,0.1528822055137845,0.03195488721804511,0.16228070175438597,0.002506265664160401,0.9448621553884712,0.0633,0.4725,0.0558
AMIX,Autonomix Medical Inc,Healthcare,Medical Devices,,,77.77,,0.0,4.67,3.26,-44.95,-51.81,-0.99,-87.07,1.0,4510000.0,0.01,4.21,Sep 02,58.8,8250000.0,HIGH,-20.11,-2.77,0.01,-14.82,0.6477,False,-13.69,False,-26.52,7.499,4.988,-9.2259,-82.94,0.015,33.0,15.34,,,4.21,15509106.0,,,1296.7,0.016290726817042606,0.011278195488721804,0.02631578947368418,0.0012531328320802004,0.002506265664160401,0.04887218045112782,0.10526315789473684,0.0178,0.0508,0.0172
TNON,Tenon Medical Inc,Healthcare,Medical Devices,,,3.29,126.77000000000001,-4.74,5.13,14.45,-66.69,-86.04,1.35,-91.9,1.0,5640000.0,0.09,4.08,Aug 13/a,10.0,4210000.0,HIGH,-40.26,-26.62,0.03,-34.97,0.8918,False,-13.96,False,-30.93,31.975,5.882,-29.0328,-82.34,0.6,22.0,-25.14,25.0,-20.93,4.08,75123731.0,,,145.1,0.0012531328320802004,0.012531328320802004,0.01253132832080206,0.045112781954887216,0.005012531328320802,0.02756892230576441,0.013784461152882205,0.0173,0.0108,0.0197
FCUV,Focus Universal Inc,Technology,Scientific & Technical Instruments,,,66.36,1811.04,0.0,6.23,1.8,119.5,-69.94,-0.25,-97.57,,3730000.0,0.01,5.11,-,4.5,5020000.0,HIGH,-41.33,-6.07,0.08,-36.04,1.8817,False,-43.47,False,-23.88,47.944,5.479,-19.5416,-77.78,0.02,13.0,-48.12,,,5.11,3582634.0,,,-11.9,0.0037593984962406013,0.016290726817042606,0.0,0.0037593984962406013,0.010025062656641603,0.05889724310776942,0.012531328320802004,0.0155,0.008,0.0191
IPST,IP Strategy Holdings Inc,Financial,Capital Markets,,,28.410000000000004,56.8,0.0,-0.83,7.47,-19.53,-71.0,5.43,-99.48,1.0,2410000.0,0.01,2.76,-,164.0,1990000.0,HIGH,-71.4,-16.87,0.15,-66.11,1.7101,False,-39.35,False,-28.24,15.197,15.399,-8.3503,-89.11,0.016,24.0,25.45,,,2.76,1192938.0,,,5842.0,0.022556390977443608,0.006265664160401002,0.0012531328320801727,0.002506265664160401,0.011278195488721804,0.040100250626566414,0.0012531328320802004,0.014,0.0043,0.0191
PFSA,Profusa Inc,Healthcare,Medical Devices,,,98.72,,-25.569999999999997,-29.220000000000002,7.62,-89.44,-96.26,5.28,-99.94,,1160000.0,0.17,1.91,-,,1160000.0,HIGH,-65.02,-26.25,0.46,-59.73,1.4385,False,-36.91,False,-62.96,19.97,15.183,-12.3826,-93.26,0.33,23.0,-57.84,,,1.91,1417885.0,,,,0.007518796992481203,0.002506265664160401,0.003759398496240629,0.023809523809523808,0.02694235588972431,0.007518796992481203,0.002506265664160401,0.012,0.0102,0.0164
SGLY,Singularity Future Technology Ltd,Industrials,Integrated Freight & Logistics,,,280.13,11.19,0.0,0.27,0.26,-77.69,-78.64,1.42,-94.38,1.0,1310000.0,0.16,1.14,-,1.75,6160000.0,HIGH,-55.64,-16.18,0.32,-50.35,1.0355,False,-30.87,False,-67.42,17.544,8.772,-12.1183,-86.82,0.126,38.0,-71.57,,,1.14,1296133.0,,,53.5,0.008771929824561403,0.008771929824561403,0.00877192982456143,0.013784461152882205,0.018796992481203006,0.005012531328320802,0.0037593984962406013,0.0107,0.0098,0.0116
JUNS,Jupiter Neurosciences Inc,Healthcare,Biotechnology,,,19.9,,0.0,16.15,5.58,-83.98,-89.89,1.77,-97.93,1.0,984170.0,0.02,2.86,-,1875.0,3770000.0,HIGH,-53.87,-16.13,0.01,-48.58,1.0836,False,-24.3,False,-56.83,13.062,9.79,-8.2726,-87.2,0.03,,,,,2.86,16727941.0,,,65459.4,0.023809523809523808,0.007518796992481203,0.007518796992481258,0.005012531328320802,0.002506265664160401,0.008771929824561403,0.005012531328320802,0.0092,0.005,0.01
AAP,Advance Auto Parts Inc,Consumer Cyclical,Auto Parts,30.88,10.86,263.7,-0.5,0.0,2.27,16.55,-29.2,-11.98,1.08,-34.74,3.04,1940000.0,1.18,42.55,Aug 20/b,50.21,2570000000.0,HIGH,-0.07,-5.47,1.23,5.22,0.0794,False,-1.5,False,-15.85,3.829,3.102,-2.0747,-32.67,0.866,33.0,-23.58,21.0,0.38,42.55,80102491.0,shrinking revenue,,18.0,,,,,,,,,,
ABR,Arbor Realty Trust Inc,Real Estate,REIT - Mortgage,66.67,7.35,-257.57,-3.04,0.43,3.2199999999999998,24.58,-17.69,-45.34,1.19,-65.96,3.4,3950000.0,2.93,4.28,Jul 31/b,5.88,798470000.0,HIGH,-17.53,-7.96,2.83,-12.24,0.2356,False,-12.84,False,-14.86,3.989,4.907,-2.0116,-22.04,1.501,30.0,-16.57,35.0,-10.65,4.28,19687514.0,shrinking revenue,,37.4,,,,,,,,,,
ABSI,Absci Corp,Healthcare,Biotechnology,,,11.98,-46.37,0.21,18.27,24.84,30.23,213.31000000000003,2.3,-19.95,1.18,4460000.0,1.73,9.65,Aug 11/a,14.4,1660000000.0,HIGH,1.05,19.28,2.36,6.34,0.2396,True,9.24,True,10.33,5.821,6.839,-5.2856,-19.95,1.564,1.0,4.1,27.0,2.55,9.65,29315446.0,shrinking revenue,,49.2,,,,,,,,,,
ABTC,American Bitcoin Corp,Financial,Capital Markets,,147.02,84.59,4766.74,1.55,3.6799999999999997,18.69,-20.82,-33.99,3.96,-91.59,1.0,1680000.0,2.94,10.1,Aug 03/b,23.33,735480000.0,HIGH,27.36,16.76,2.4,32.65,0.2926,True,20.22,True,41.61,8.261,11.238,-8.8393,-9.98,1.298,1.0,14.38,34.0,82.97,10.1,17575397.0,>40% above 50-day SMA; >20% above 20-day SMA; fresh >10% breakout,,131.0,,,,,,,,,,
ABUS,Arbutus Biopharma Corp,Healthcare,Biotechnology,6.4,,-298.47,-90.56,0.0,0.58,11.99,10.11,14.649999999999999,0.75,-8.07,1.0,3210000.0,2.01,5.01,Aug 12/b,5.5,992510000.0,HIGH,-3.84,-2.34,1.16,1.45,0.0451,False,-2.23,True,4.65,1.654,1.597,-2.2129,-8.07,1.339,20.0,5.03,27.0,9.15,5.01,28770612.0,shrinking revenue,,9.8,,,,,,,,,,
ACDC,ProFrac Holding Corp,Energy,Oil & Gas Equipment & Services,,,33.5,-0.76,1.31,3.4000000000000004,17.4,-14.829999999999998,-21.31,1.49,-37.1,4.5,1590000.0,1.11,5.17,Aug 06/b,5.38,941570000.0,HIGH,7.04,5.94,1.29,12.33,0.1813,True,2.68,True,7.43,6.196,5.126,-4.742,-14.26,1.004,9.0,0.39,31.0,15.79,5.17,6837575.0,shrinking revenue,,4.1,,,,,,,,,,
ACHC,Acadia Healthcare Company Inc,Healthcare,Medical Care Facilities,,15.53,-64.09,-0.39,0.0,-0.13,25.94,13.91,23.39,0.62,-20.93,1.93,2520000.0,1.06,28.33,Jul 28/a,33.57,2640000000.0,HIGH,1.83,1.18,1.9,7.12,0.1213,False,-0.44,False,-6.24,4.4,5.365,-2.6719,-20.93,0.725,43.0,-17.72,37.0,3.58,28.33,40224387.0,shrinking revenue,,18.5,,,,,,,,,,
ACRS,Aclaris Therapeutics Inc,Healthcare,Biotechnology,,,-19.7,-8.33,-0.89,4.65,13.35,22.22,47.06,0.88,-16.67,1.15,2210000.0,2.12,5.5,Aug 06/b,10.58,809590000.0,HIGH,-14.2,-2.48,1.78,-8.91,0.2594,False,-6.63,False,-4.86,6.253,3.182,-3.4111,-16.67,1.969,18.0,-12.84,31.0,-9.69,5.5,15217633.0,shrinking revenue,,92.4,,,,,,,,,,
ACVA,ACV Auctions Inc,Consumer Cyclical,Auto & Truck Dealerships,,30.48,-12.38,10.45,0.0,0.9399999999999998,9.85,61.73,121.56,1.75,-0.66,2.8,6600000.0,1.71,10.48,Aug 10/a,9.92,1780000000.0,HIGH,41.05,0.67,0.9,46.34,0.7746,True,29.09,True,34.0,4.556,0.334,-10.1557,-0.19,2.057,2.0,0.58,28.0,44.35,10.48,121110763.0,>20% above 20-day SMA,,-5.3,,,,,,,,,,
ADIG,ADI Global Distribution Inc,Technology,Computer Hardware,,,,,0.0,51.38,4.83,,,,-33.2,2.0,1060000.0,1.15,20.7,Aug 13/b,28.5,1570000000.0,HIGH,-1.99,1.72,1.52,3.3,0.1238,False,-2.18,,,6.066,5.024,-3.4961,,,,,26.0,-17.99,20.7,16918635.0,incomplete signals,,37.7,,,,,,,,,,
AEMD,Aethlon Medical Inc,Healthcare,Medical Devices,,,90.52,,0.0,2.32,29.22,-33.23,-42.9,1.16,-84.74,3.0,2530000.0,0.99,6.31,Aug 13/a,13.25,10120000.0,HIGH,131.14,309.74,0.31,136.43,2.4299,True,161.28,True,124.3,12.95,12.044,-84.6761,-33.58,5.912,2.0,341.26,25.0,122.97,6.31,39871795.0,>40% above 50-day SMA; >20% above 20-day SMA; fresh >10% breakout,,110.0,,,,,,,,,,
AHCO,AdaptHealth Corp,Healthcare,Medical Devices,,,-1103.98,-7.5,0.9899999999999999,0.13,12.04,-40.83,-43.35,1.41,-57.48,1.14,2750000.0,1.81,5.71,Aug 04/b,9.0,778530000.0,HIGH,1.42,-2.89,1.73,6.71,0.1884,False,-2.33,False,-23.95,5.856,3.327,-4.053,-51.2,1.118,11.0,-5.46,33.0,-14.9,5.71,16804398.0,shrinking revenue,,57.6,,,,,,,,,,
AHRT,AH Realty Trust Inc,Real Estate,REIT - Diversified,,,-745.55,-48.1,0.16,-0.2,4.17,-6.75,3.32,1.11,-18.59,2.25,694010.0,2.46,6.22,Aug 03/a,7.5,596560000.0,HIGH,-6.75,-0.32,2.6,-1.46,0.1096,False,-3.88,False,-7.82,2.308,2.09,-1.1456,-13.61,1.503,,,33.0,-10.37,6.22,4218705.0,shrinking revenue,,20.6,,,,,,,,,,
AI,C3.ai Inc,Technology,Software - Infrastructure,,,30.579999999999995,-25.46,-15.36,9.04,32.73,1.7500000000000002,20.88,2.1,-48.17,3.79,5240000.0,1.86,10.48,Sep 02/a,8.3,1680000000.0,HIGH,1.75,-6.18,1.72,7.04,0.1321,True,0.06,True,6.64,4.999,6.155,-3.1322,-7.87,1.049,5.0,-0.57,11.0,-0.38,10.48,59706845.0,shrinking revenue,,-20.8,,,,,,,,,,
AIRS,Airsculpt Technologies Inc,Healthcare,Medical Care Facilities,,,-58.59000000000001,-2.53,0.62,-2.6,28.72,-53.239999999999995,-15.07,2.28,-80.75,2.33,740450.0,1.43,2.31,Aug 10/b,4.5,166540000.0,HIGH,-15.69,-2.94,1.21,-10.4,0.3124,False,-7.75,False,-33.82,7.551,4.762,-4.9196,-55.58,1.044,30.0,-51.57,29.0,-16.0,2.31,2199175.0,shrinking revenue,,94.8,,,,,,,,,,
AIV,Apartment Investment & Management Co,Real Estate,REIT - Residential,,,1182.77,-36.06,0.0,-0.03,1.67,-24.83,-25.1,1.19,-30.829999999999995,1.0,1240000.0,0.83,2.18,Mar 02/a,6.7,316620000.0,HIGH,-16.79,-8.02,0.7,-11.5,0.2155,False,-11.38,False,-15.62,2.916,2.294,-1.3311,-27.57,1.516,,,,,2.18,3611151.0,shrinking revenue,,207.3,,,,,,,,,,
AIXC,AIxCrypto Holdings Inc,Technology,Software - Infrastructure,,,79.4,,0.0,2.69,5.36,-25.34,-12.1,0.49,-87.63,,1340000.0,0.41,1.09,May 11/a,250.0,23010000.0,HIGH,-2.68,-8.4,1.08,2.61,0.6937,True,23.56,True,26.29,12.693,19.725,-11.2888,-65.29,0.599,23.0,53.52,,,1.09,509720.0,>20% above 20-day SMA,,22835.8,,,,,,,,,,
AKR,Acadia Realty Trust,Real Estate,REIT - Retail,57.01,60.1,312.1,-5.14,-3.27,4.41,8.76,-8.76,-4.84,1.13,-16.28,1.29,1530000.0,1.39,19.28,Jul 28/a,24.71,2690000000.0,HIGH,-8.41,-2.72,1.51,-3.12,0.1253,False,-4.98,False,-8.52,2.03,2.282,-0.6537,-16.28,1.228,43.0,-13.77,37.0,-12.92,19.28,28565975.0,shrinking revenue,,28.2,,,,,,,,,,
ALEC,Alector Inc,Healthcare,Biotechnology,,,32.03,-57.84,-0.78,2.74,7.49,9.14,-7.28,0.62,-43.82,2.86,1190000.0,1.78,1.91,Aug 06/a,3.1,213260000.0,HIGH,-19.07,-13.57,1.57,-13.78,0.3916,False,-16.06,False,-1.21,10.961,6.283,-5.486,-30.8,1.1,12.0,-20.42,30.0,7.3,1.91,3043782.0,shrinking revenue,,62.3,,,,,,,,,,
ALIT,Alight Inc,Technology,Software - Application,,2.44,99.06,-3.2199999999999998,0.0,-17.05,3.99,3.39,-11.9,1.66,-83.19,2.8,782580.0,0.93,11.77,Aug 04/a,20.33,317070000.0,HIGH,-17.23,-4.85,1.69,-11.94,0.3573,False,-12.46,False,-25.85,6.553,4.63,-4.2011,-50.3,0.863,49.0,-40.01,32.0,-18.43,11.77,5806202.0,shrinking revenue,,72.7,,,,,,,,,,
ALMS,Alumis Inc,Healthcare,Biotechnology,,,-243.88,-37.66,2.34,3.49,5.92,-66.81,-69.39,-0.33,-75.22,1.3,2330000.0,2.75,7.77,Aug 13/a,31.12,1040000000.0,HIGH,-67.85,-15.73,1.36,-62.56,1.9077,False,-45.49,False,-64.54,22.255,4.762,-13.4131,-75.22,1.837,53.0,-71.51,25.0,-68.17,7.77,48687901.0,shrinking revenue,,300.5,,,,,,,,,,
ALMU,Aeluma Inc,Technology,Semiconductors,,,-297.97,-55.8,-3.17,5.23,25.25,-47.4,-9.5,0.38,-59.97,1.0,554420.0,2.93,12.73,Sep 16/a,23.5,245160000.0,HIGH,-13.85,1.48,2.57,-8.56,0.2085,False,-3.72,False,-15.73,6.513,9.902,-5.2445,-44.48,2.251,25.0,-27.7,2.0,10.22,12.73,8228975.0,post-earnings jump; shrinking revenue,,84.6,,,,,,,,,,
ALT,Altimmune Inc,Healthcare,Biotechnology,,,54.71,-100.0,0.45999999999999996,36.33,27.06,20.37,-4.97,0.04,-49.53,1.33,4460000.0,2.73,3.25,Aug 12/b,17.12,632180000.0,HIGH,4.5,-1.52,3.15,9.79,0.1155,True,0.65,True,6.2,4.053,2.462,-2.7766,-8.45,1.117,10.0,0.62,27.0,10.92,3.25,12510138.0,shrinking revenue,,426.8,,,,,,,,,,
AMCX,AMC Global Media Inc,Communication Services,Entertainment,,4.8,-155.88,-8.75,-0.08,3.07,24.26,23.08,73.49,1.39,-10.87,3.75,624990.0,3.71,11.52,Jul 30/b,9.8,475200000.0,HIGH,-7.02,-6.11,3.77,-1.73,0.1226,False,-6.35,False,-0.02,4.39,5.295,-2.3975,-10.9,1.294,20.0,-5.5,36.0,18.64,11.52,7488446.0,shrinking revenue,,-14.9,,,,,,,,,,
AMPG,Amplitech Group Inc,Technology,Communication Equipment,,42.5,-39.38,-26.810000000000002,-2.9,2.23,16.05,-62.18,31.269999999999996,-0.27,-66.37,1.0,2360000.0,0.22,3.4,Aug 13/a,7.0,102150000.0,HIGH,-1.73,0.59,0.49,3.56,0.1336,False,-0.98,False,-26.89,4.62,3.794,-3.6272,-55.79,0.317,,,25.0,-14.89,3.4,3783325.0,shrinking revenue,,105.9,,,,,,,,,,
AMPY,Amplify Energy Corp,Energy,Oil & Gas E&P,9.35,10.47,168.67,-22.93,0.24,-3.09,12.49,8.96,-28.800000000000004,0.07,-33.73,1.0,821720.0,0.69,4.5,Aug 10/a,7.75,186550000.0,HIGH,-6.64,-6.44,0.96,-1.35,0.1328,False,-6.39,True,1.69,3.841,3.111,-2.388,-11.42,0.774,14.0,-5.46,28.0,8.17,4.5,2848840.0,shrinking revenue,,72.2,,,,,,,,,,
AMTM,Amentum Holdings Inc,Industrials,Specialty Business Services,23.48,7.42,553.88,-1.9900000000000002,0.0,2.5,6.13,-9.51,-27.940000000000005,0.25,-48.57,2.42,2089999.9999999998,2.12,19.6,Aug 10/a,29.58,4790000000.0,HIGH,-8.79,-0.71,2.32,-3.5,0.0934,False,-2.3,False,-7.58,2.952,4.235,-2.3881,-21.85,1.019,30.0,-17.79,28.0,-12.62,19.6,38266238.0,shrinking revenue,,50.9,,,,,,,,,,
AMTX,Aemetis Inc,Basic Materials,Specialty Chemicals,,,67.43,20.02,-0.2,9.26,13.07,10.2,-18.18,1.81,-43.16,1.0,1020000.0,2.64,2.16,Aug 06/b,13.25,155890000.0,HIGH,4.35,10.77,3.45,9.64,0.1994,True,13.21,True,23.24,5.929,15.972,-5.4184,-2.04,1.104,1.0,14.89,31.0,39.35,2.16,1517755.0,fresh >10% breakout,,513.4,,,,,,,,,,
ANAB,AnaptysBio Inc,Healthcare,Biotechnology,,19.3,-43.62,-7.980000000000001,-1.9,5.66,19.59,-4.02,27.949999999999996,0.9,-23.71,1.2,585200.0,1.48,55.2,Sep 11,84.5,1630000000.0,HIGH,-4.4,2.01,1.77,0.89,0.1028,False,-1.71,False,-2.01,4.334,3.732,-1.5283,-22.15,0.913,25.0,-1.46,,,55.2,27530977.0,shrinking revenue,,53.1,,,,,,,,,,
ANGI,Angi Inc,Communication Services,Internet Content & Information,,12.06,-2595.05,-10.86,0.0,-1.87,12.15,5.58,-30.54,1.72,-71.16,2.75,815260.0,1.69,5.3,Aug 04/a,8.0,214950000.0,HIGH,7.72,6.85,1.69,13.01,0.1726,True,8.14,True,1.13,5.512,4.151,-4.0712,-18.84,1.12,3.0,6.21,32.0,10.65,5.3,4010973.0,shrinking revenue,,50.9,,,,,,,,,,
AOSL,Alpha & Omega Semiconductor Ltd,Technology,Semiconductors,,80.63,83.17,-3.46,-1.23,3.6900000000000004,10.71,-47.13,17.43,2.65,-53.26,2.0,651770.0,2.7,25.4,Aug 12/a,46.4,768590000.0,HIGH,-3.75,4.87,2.91,1.54,0.1262,True,0.71,False,-13.72,4.381,2.205,-2.9594,-46.96,1.286,27.0,-27.1,26.0,-17.05,25.4,15275798.0,shrinking revenue,,82.7,,,,,,,,,,
ARCT,Arcturus Therapeutics Holdings Inc,Healthcare,Biotechnology,,,-147.28,-96.41,0.0,3.4000000000000004,23.4,112.88,138.54,2.45,-33.68,1.46,886140.0,0.95,16.03,Aug 06/a,22.3,455620000.0,HIGH,19.18,4.84,0.66,24.47,0.2289,True,3.99,True,56.23,9.447,11.416,-7.0716,-10.75,0.862,2.0,2.76,30.0,163.65,16.03,19461623.0,>40% above 50-day SMA; shrinking revenue,,39.1,,,,,,,,,,
AREC,American Resources Corp,Industrials,Waste Management,,6.71,56.13,-99.93,0.0,-2.03,14.55,-6.480000000000001,-28.190000000000005,1.16,-71.72,1.0,2530000.0,1.01,1.98,Aug 18,6.0,211800000.0,HIGH,-26.12,-2.94,1.56,-20.83,0.4148,False,-15.06,False,-10.6,5.931,3.485,-4.1037,-32.88,0.771,24.0,-31.25,,,1.98,3818146.0,shrinking revenue,,203.0,,,,,,,,,,
ARI,Apollo Commercial Real Estate Finance Inc,Real Estate,REIT - Mortgage,8.14,11.39,-12.45,-239.95,-0.4099999999999999,-6.34,4.31,-11.25,-7.580000000000001,1.46,-14.49,1.5,5210000.0,1.13,6.42,Aug 10/a,8.0,825250000.0,HIGH,-7.36,-2.28,2.62,-2.07,0.1006,False,-4.81,False,-9.1,1.547,1.713,-0.7328,-40.56,0.657,21.0,-6.96,28.0,-3.46,6.42,15098064.0,shrinking revenue,,24.6,,,,,,,,,,
ARRY,Array Technologies Inc,Technology,Solar,,4.57,-70.86,-5.57,0.0,0.36,23.37,-49.25,-41.75,1.8,-66.8,2.22,6490000.0,2.67,4.06,Aug 05/a,8.69,625270000.0,HIGH,-13.43,-7.94,2.73,-8.14,0.1578,False,-9.69,False,-20.55,5.64,6.527,-2.7372,-48.35,1.114,,,31.0,-22.67,4.06,28226265.0,shrinking revenue,,114.0,,,,,,,,,,
ARTW,Art's-way Manufacturing Co Inc,Industrials,Farm & Heavy Construction Machinery,,,-88.52,23.95,0.0,3.1,1.49,23.94,47.93,1.06,-23.02,1.0,553650.0,0.06,3.21,-,7.0,16700000.0,HIGH,8.81,5.59,1.85,14.1,0.1681,True,7.41,True,19.83,5.941,11.526,-3.7274,-23.02,0.015,10.0,5.94,,,3.21,56628.0,illiquid (<$500K/day),,118.1,,,,,,,,,,
ASPN,Aspen Aerogels Inc,Basic Materials,Specialty Chemicals,,,-154.63,-36.11,0.0,5.59,12.09,-19.78,56.97,3.06,-45.76,2.2,1250000.0,0.67,5.07,Aug 06/b,7.94,420750000.0,HIGH,-2.12,4.11,1.21,3.17,0.1193,True,1.97,False,-2.05,3.964,5.72,-2.5556,-37.41,0.561,31.0,1.2,31.0,1.2,5.07,3434690.0,shrinking revenue,,56.6,,,,,,,,,,
ASST,Strive Inc,Financial,Asset Management,,54.96,-10.31,-19.2,0.15,15.960000000000003,23.38,102.63,193.27,13.24,-65.88,1.0,5900000.0,2.74,30.09,Aug 10/b,29.4,2870000000.0,HIGH,65.15,3.65,1.41,70.44,0.5238,True,19.65,True,71.71,7.113,3.49,-5.3118,-0.95,1.688,1.0,6.4,29.0,141.88,30.09,284305581.0,>40% above 50-day SMA; shrinking revenue,,-2.3,,,,,,,,,,
ATAI,AtaiBeckley Inc,Healthcare,Biotechnology,,,36.07,137.0,-0.21,11.11,6.35,81.03,105.88,1.54,-1.34,2.75,14360000.0,0.0,7.35,Aug 12,7.69,2730000000.0,LOW,1.24,-0.54,0.0,6.53,0.0287,True,0.12,,,1.045,0.0,-0.6611,,,13.0,-0.41,,,7.35,99429148.0,low data confidence; incomplete signals,,4.6,,,,,,,,,,
ATKR,Atkore Inc,Industrials,Electrical Equipment & Parts,,14.88,-98.25,8.13,-1.21,4.08,3.41,16.2,66.09,1.69,-0.33,3.33,806530.0,1.79,94.32,Aug 03/b,93.5,3190000000.0,HIGH,0.77,0.27,1.97,6.06,0.0153,True,0.44,True,8.02,0.289,0.201,-0.1628,-0.33,1.013,4.0,0.27,34.0,29.28,94.32,69092259.0,deal-pinned,,-0.9,,,,,,,,,,
AVAT,Avalanche Treasury Corp,Financial,Asset Management,,,-2268.12,,0.0,41.34,1.2,26.36,-89.73,1.66,-89.9,,591550.0,3.72,1.08,Aug 26/a,,47220000.0,HIGH,120.41,2.86,2.34,125.7,0.9431,True,38.34,True,95.79,13.108,24.074,-8.3445,-3.57,1.775,1.0,22.59,16.0,95.65,1.08,740190.0,>40% above 50-day SMA; >20% above 20-day SMA; fresh >10% breakout,,,,,,,,,,,,
BANC,Banc of California Inc,Financial,Banks - Regional,,8.72,-1485.65,-60.17,-2.02,3.15,6.5,-8.81,8.92,0.77,-16.46,1.58,2990000.0,2.08,18.32,Jul 29/b,22.08,2900000000.0,HIGH,-1.72,-0.76,2.44,3.57,0.0425,False,-1.37,False,-5.72,2.332,1.638,-1.3448,-16.46,1.19,43.0,-11.97,37.0,-1.45,18.32,47285651.0,shrinking revenue,,20.5,,,,,,,,,,
BATRK,Atlanta Braves Holdings Inc,Communication Services,Entertainment,,,-140.5,-2.34,-0.19,,7.17,0.38,19.1,0.84,-7.139999999999999,2.0,563120.0,0.9,50.57,Aug 05/b,67.0,3250000000.0,HIGH,-2.62,1.32,1.14,2.67,0.08,False,-0.22,False,-1.01,2.377,1.044,-1.39,-7.14,0.973,27.0,-0.77,32.0,1.65,50.57,22726773.0,shrinking revenue,,32.5,,,,,,,,,,
BBNX,Beta Bionics Inc,Healthcare,Medical Devices,,,-35.38,37.76,-1.9,-4.32,25.12,57.71000000000001,102.69,3.29,-33.08,1.67,1290000.0,1.52,21.89,Jul 29/a,22.4,1150000000.0,HIGH,14.91,30.84,1.12,20.2,0.3221,True,13.46,True,24.31,7.461,4.824,-5.8303,-3.4,2.217,3.0,13.83,36.0,53.4,21.89,27478108.0,fresh >10% breakout,,2.3,,,,,,,,,,
BBW,Build A Bear Workshop Inc,Consumer Cyclical,Specialty Retail,6.06,6.41,-25.129999999999995,-7.21,-1.48,0.07,23.31,-24.5,-40.13,1.05,-67.23,1.0,562310.0,1.33,24.44,Aug 27/b,43.0,301080000.0,HIGH,-37.16,-10.01,0.73,-31.87,0.6311,False,-19.35,False,-26.77,5.544,4.992,-6.4948,-39.17,1.142,22.0,-34.72,16.0,-14.06,24.44,30237546.0,shrinking revenue,,75.9,,,,,,,,,,
BBWI,Bath & Body Works Inc,Consumer Cyclical,Specialty Retail,4.52,6.29,92.61,-2.26,0.0,0.02,8.7,-15.370000000000001,-14.41,1.39,-36.5,2.48,5900000.0,1.48,17.4,Aug 26/b,22.07,3510000000.0,HIGH,-10.54,-2.85,1.23,-5.25,0.1975,False,-5.03,False,-9.99,5.226,5.172,-4.0872,-26.68,1.185,,,17.0,-1.02,17.4,130374213.0,shrinking revenue,,26.8,,,,,,,,,,
BCDA,BioCardia Inc,Healthcare,Biotechnology,,,67.06,,1.81,9.98,17.46,20.94,-2.5,0.6,-35.0,1.0,515809.99999999994,0.33,1.17,Aug 12/a,15.5,17710000.0,HIGH,15.84,-1.68,0.62,21.13,0.2074,True,3.68,True,18.47,7.631,9.402,-4.5854,-16.43,2.316,4.0,-1.68,26.0,32.95,1.17,321594.0,illiquid (<$500K/day),,1224.8,,,,,,,,,,
BEAM,Beam Therapeutics Inc,Healthcare,Biotechnology,,,-17.25,-94.21,-4.7,0.9399999999999998,27.46,-26.919999999999998,-0.8699999999999999,2.2,-34.79,1.25,2150000.0,1.06,24.95,Aug 04/b,51.07,2580000000.0,HIGH,-16.16,3.44,1.19,-10.87,0.4064,False,-8.67,False,-8.92,6.252,3.687,-4.3605,-34.79,1.095,18.0,-11.93,33.0,-3.71,24.95,51919919.0,shrinking revenue,,104.7,,,,,,,,,,
BGS,B&G Foods Inc,Consumer Defensive,Packaged Foods,,5.58,59.89,-9.7,0.13,-5.08,17.42,-25.96,-41.82,0.54,-54.86,3.4,2120000.0,2.63,2.88,Aug 11/a,4.2,234070000.0,HIGH,-16.76,-8.86,2.63,-11.47,0.2257,False,-13.19,False,-17.37,3.646,5.903,-1.9596,-31.1,1.189,,,27.0,-15.54,2.88,6933115.0,shrinking revenue,,45.8,,,,,,,,,,
BHR,Braemar Hotels & Resorts Inc,Real Estate,REIT - Hotel & Motel,,,95.64,-4.5,0.0,-0.73,3.41,-13.94,-25.420000000000005,0.82,-43.89,3.0,549110.0,1.99,1.79,Aug 05/a,2.5,122940000.0,HIGH,-13.53,-5.29,2.52,-8.24,0.2135,False,-6.89,False,-12.2,3.911,3.911,-1.8472,-26.64,1.288,38.0,-21.49,31.0,-12.68,1.79,820670.0,shrinking revenue,,39.7,,,,,,,,,,
BIAF,BioAffinity Technologies Inc,Healthcare,Diagnostics & Research,,,87.3,18.99,0.0,,7.45,-24.91,-78.83,-1.43,-91.38,1.0,2950000.0,3.52,9.43,Aug 07/b,2700.0,11000000.0,HIGH,57.17,18.92,1.13,62.46,1.476,True,21.23,True,12.6,37.752,34.464,-25.5603,-53.66,1.877,12.0,43.1,30.0,23.27,9.43,89111446.0,>20% above 20-day SMA,,28532.0,,,,,,,,,,
BIRD,Smartbird Inc,Technology,Software - Infrastructure,,,27.229999999999997,-93.05,-2.52,1.03,19.09,-55.94,-17.55,2.62,-89.18,3.0,1010000.0,0.73,2.3,Aug 12,8.0,27160000.0,HIGH,-6.12,-8.37,1.14,-0.83,0.1605,False,-6.02,False,-8.53,5.497,8.696,-5.0545,-54.64,0.646,16.0,-3.36,,,2.3,1694985.0,shrinking revenue,,247.8,,,,,,,,,,
BKD,Brookdale Senior Living Inc,Healthcare,Medical Care Facilities,,66.7,152.05,-11.61,0.0,5.84,18.82,-16.12,-19.02,0.52,-33.0,1.17,5070000.0,1.46,11.45,Aug 10/a,19.25,2730000000.0,HIGH,-2.97,-3.86,1.62,2.32,0.0741,False,-3.98,False,-13.24,3.419,2.096,-1.3939,-29.8,0.922,,,28.0,-8.76,11.45,54493815.0,shrinking revenue,,68.1,,,,,,,,,,
BKKT,Bakkt Inc,Technology,Software - Infrastructure,,,189.82,-70.56,6.64,8.3,22.35,-6.619999999999999,-4.33,6.07,-82.71,1.0,1260000.0,3.03,8.61,Aug 10/a,12.5,388050000.0,HIGH,0.23,4.11,2.7,5.52,0.2284,True,7.18,True,10.86,7.11,11.092,-6.9744,-7.52,1.42,18.0,5.26,28.0,16.82,8.61,11406969.0,shrinking revenue,,45.2,,,,,,,,,,
BKU,BankUnited Inc,Financial,Banks - Regional,12.3,10.03,6.67,-5.42,-1.18,-0.62,4.06,-5.83,3.42,1.19,-14.09,2.55,969730.0,1.84,44.77,Jul 22/b,50.18,3190000000.0,HIGH,-3.37,0.67,1.96,1.92,0.067,False,-1.62,False,-3.9,2.318,1.385,-0.9313,-12.22,1.84,,,42.0,-2.55,44.77,41199869.0,shrinking revenue,,12.1,,,,,,,,,,
BMBL,Bumble Inc,Communication Services,Internet Content & Information,,2.97,65.75,-15.190000000000001,-54.02,1.6500000000000001,16.14,-5.74,-25.4,1.87,-61.89,2.92,2990000.0,1.11,2.79,Aug 05/a,3.49,368190000.0,HIGH,-0.36,-6.06,1.49,4.93,0.1489,False,-2.53,False,-2.95,4.613,7.706,-2.2648,-19.13,1.084,4.0,-6.06,31.0,-1.93,2.79,6409459.0,shrinking revenue,,25.1,,,,,,,,,,
BNC,CEA Industries Inc,Industrials,Farm & Heavy Construction Machinery,3.27,,96.82,-4.56,0.0,-1.7500000000000002,2.71,165.78,87.46,0.5,-59.61,1.0,1770000.0,3.57,5.98,Sep 11/a,29.0,246220000.0,HIGH,89.84,13.47,1.22,95.13,1.0836,True,50.18,True,86.65,10.921,10.87,-13.8885,-6.85,1.545,2.0,25.63,5.0,24.58,5.98,26360484.0,>40% above 50-day SMA; >20% above 20-day SMA; fresh >10% breakout; shrinking revenue,,384.9,,,,,,,,,,
BNGO,Bionano Genomics Inc,Healthcare,Medical Instruments & Supplies,,,67.74,21.36,1.16,-1.36,11.04,51.74999999999999,54.459999999999994,1.63,-22.42,1.0,836580.0,1.43,1.73,Aug 10/a,4.0,20370000.0,HIGH,44.17,30.08,0.5,49.46,0.55,True,32.67,True,43.26,9.785,10.405,-5.7899,-22.42,8.82,2.0,14.57,28.0,49.14,1.73,3743630.0,>40% above 50-day SMA; >20% above 20-day SMA; fresh >10% breakout,,131.2,,,,,,,,,,
BOLD,Boundless Bio Inc,Healthcare,Biotechnology,,,-50.51,,5.53,-2.92,4.65,96.5,144.35,0.42,-11.18,3.0,1280000.0,0.27,2.81,Aug 17,4.0,63920000.0,HIGH,-6.33,-1.06,3.61,-1.04,0.0758,False,-1.91,True,3.15,2.702,3.559,-1.2697,-11.19,0.642,21.0,-1.75,,,2.81,275417.0,illiquid (<$500K/day),,42.3,,,,,,,,,,
BOXL,Boxlight Corp,Technology,Consumer Electronics,,,100.61,-15.990000000000002,-0.14,0.37,8.38,23.33,-33.63,0.92,-98.79,3.0,1740000.0,0.04,4.42,Aug 12/a,225.0,2950000.0,HIGH,-21.91,-18.6,1.11,-16.62,0.4485,False,-21.81,False,-7.82,11.382,9.977,-6.8776,-55.31,0.087,27.0,50.85,26.0,-35.0,4.42,362185.0,illiquid (<$500K/day); shrinking revenue,,4990.5,,,,,,,,,,
BRBS,Blue Ridge Bankshares Inc (VA),Financial,Banks - Regional,42.52,,-200.0,-19.56,0.0,-1.12,2.95,17.91,16.17,0.67,-5.84,,830870.0,3.18,3.95,Apr 23/a,,349070000.0,HIGH,1.28,-3.19,1.89,6.57,0.0663,False,-0.44,True,5.18,2.24,2.278,-0.9236,-5.84,1.967,8.0,-1.25,,,3.95,5560258.0,shrinking revenue,,,,,,,,,,,,
BRR,ProCap Financial Inc,Financial,Capital Markets,,,-80744.44,,-0.31,-13.63,2.83,155.78,34.77,0.86,-64.43,,1030000.0,13.18,3.76,-,,332270000.0,HIGH,74.88,16.77,6.16,80.17,0.7793,True,40.72,True,73.4,6.715,8.511,-4.9415,-2.08,3.504,3.0,19.75,,,3.76,6764178.0,>40% above 50-day SMA; >20% above 20-day SMA; fresh >10% breakout,,,,,,,,,,,,
BRSP,BrightSpire Capital Inc,Real Estate,REIT - Mortgage,,6.32,19.53,-3.1,0.0,-6.529999999999999,3.19,-25.09,-26.02,1.39,-32.68,2.0,1600000.0,2.49,4.15,Jul 28/a,6.32,525080000.00000006,HIGH,-15.48,-6.32,2.92,-10.19,0.1962,False,-9.82,False,-15.65,2.673,2.41,-1.1156,-26.16,1.561,,,37.0,-17.0,4.15,6155738.0,shrinking revenue,,52.3,,,,,,,,,,
BTBT,Bit Digital Inc,Financial,Capital Markets,,,-530.2,25.15,0.0,8.15,22.37,-20.28,7.449999999999999,3.85,-61.980000000000004,1.0,28290000.0,1.31,1.73,Aug 13/b,4.2,623900000.0,HIGH,13.07,13.82,1.16,18.36,0.2719,True,12.3,True,16.09,7.159,10.405,-6.5254,-14.36,0.93,1.0,13.07,26.0,18.49,1.73,49570384.0,fresh >10% breakout,,142.8,,,,,,,,,,
BTCS,BTCS Inc,Financial,Capital Markets,,,-604.82,-11.75,-6.0,-9.22,4.79,45.45,-5.88,3.31,-73.98,1.0,1540000.0,2.53,1.6,Aug 20/b,5.0,83960000.0,HIGH,18.52,17.65,1.5,23.81,0.3003,True,15.15,True,33.79,7.911,13.687,-8.2568,-3.03,1.204,1.0,15.11,21.0,26.98,1.6,3619981.0,fresh >10% breakout; shrinking revenue,,212.5,,,,,,,,,,
BURU,Nuburu Inc,Industrials,Specialty Industrial Machinery,,,95.62,,0.0,23.51,,-84.35,-85.44,1.49,-99.39,,514720.0,1.76,1.03,-,,9540000.0,LOW,,,,,,,,,,,,,,,,,,,,,low data confidence; incomplete signals,,,,,,,,,,,,
BUSE,First Busey Corp,Financial,Banks - Regional,12.6,11.12,31.97,-6.94,-0.18,0.88,4.84,7.400000000000001,23.6,0.74,-4.35,2.0,782810.0,3.77,30.32,Jul 28/a,33.29,2500000000.0,HIGH,0.07,-0.69,4.17,5.36,0.0274,True,0.03,False,-0.23,1.6,1.682,-0.6957,-4.35,1.422,33.0,-3.04,37.0,0.3,30.32,21445887.0,shrinking revenue,,9.8,,,,,,,,,,
BXMT,Blackstone Mortgage Trust Inc,Real Estate,REIT - Mortgage,153.77,9.32,-1286.91,-2.87,0.01,-0.15,6.83,-26.640000000000004,-30.159999999999997,0.95,-35.79,2.0,2130000.0,3.75,13.27,Jul 30/b,18.5,2240000000.0,HIGH,-7.01,0.76,3.6,-1.72,0.101,False,-3.52,False,-10.39,2.352,2.336,-1.219,-24.9,1.476,,,36.0,-11.36,13.27,30232668.0,shrinking revenue,,39.4,,,,,,,,,,
BYND,Beyond Meat Inc,Consumer Defensive,Packaged Foods,,,83.86,-8.17,-43.73,-10.5,28.11,-46.03,-46.03,2.81,-95.01,5.0,1320000.0,0.86,11.51,Aug 05/a,12.5,197900000.0,HIGH,-22.07,11.64,1.08,-16.78,0.5217,False,-5.2,False,-21.29,6.653,6.864,-4.264,-52.34,0.893,,,31.0,-27.34,11.51,12720059.0,shrinking revenue,,8.6,,,,,,,,,,
BZFD,BuzzFeed Inc,Communication Services,Internet Content & Information,,,24.29,-21.78,0.15,-0.24,14.72,-25.33,63.22,3.89,-49.32,3.0,624160.0,0.39,1.12,Aug 04/a,1.0,93330000.0,HIGH,0.9,0.9,0.73,6.19,0.1555,True,1.06,False,-4.05,4.445,5.089,-4.0131,-34.12,0.399,15.0,0.9,32.0,0.9,1.12,381457.0,illiquid (<$500K/day); shrinking revenue,,-10.7,,,,,,,,,,
BZH,Beazer Homes USA Inc,Consumer Cyclical,Residential Construction,,22.93,-1349.09,-5.33,0.0,-5.26,9.18,23.18,69.31,2.19,-3.53,3.0,642910.0,2.06,33.32,Aug 07/b,29.5,888970000.0,HIGH,0.57,0.27,1.94,5.86,0.0082,True,0.27,True,0.8,0.27,0.18,-0.1291,-3.53,1.22,4.0,0.27,30.0,0.42,33.32,22641103.0,deal-pinned; shrinking revenue,,-11.5,,,,,,,,,,
CALM,Cal-Maine Foods Inc,Consumer Defensive,Farm Products,11.13,22.21,-110.85000000000001,-49.93,0.0,1.7000000000000002,11.25,-6.23,-10.3,0.22,-30.760000000000005,3.2,934480.0,2.11,72.89,Sep 30/b,88.0,3420000000.0,HIGH,-11.97,-2.84,1.99,-6.68,0.203,False,-5.85,False,-11.55,2.642,1.55,-1.5395,-23.48,1.028,38.0,-17.84,,,72.89,76650751.0,shrinking revenue,,20.7,,,,,,,,,,
CALY,Callaway Golf Co,Consumer Cyclical,Leisure,,16.39,264.04,-44.87,-0.8199999999999998,0.4,3.38,-19.37,7.23,0.96,-27.560000000000002,2.33,1950000.0,4.06,14.69,Aug 04/a,20.4,2620000000.0,HIGH,-7.55,-3.74,4.14,-2.26,0.0936,False,-4.91,False,-13.34,2.845,2.315,-1.2474,-27.56,1.637,47.0,-22.6,32.0,-23.13,14.69,29316456.0,shrinking revenue,,38.9,,,,,,,,,,
CAR,Avis Budget Group Inc,Industrials,Rental & Leasing Services,,18.3,767.61,-1.35,-88.58,-11.05,13.83,-37.53,17.19,2.12,-86.11,3.5,502480.0,2.57,117.71,Jul 28/a,128.57,4160000000.0,HIGH,-19.71,-0.83,3.22,-14.42,0.3412,False,-11.68,False,-17.7,5.082,6.363,-2.6386,-33.31,1.313,14.0,-14.78,37.0,-23.98,117.71,52589357.0,shrinking revenue,,9.2,,,,,,,,,,
CAST,Freecast Inc,Communication Services,Broadcasting,,,-34.22,-35.43,0.0,19.38,14.48,-83.02,-46.06,,-95.85,1.0,6520000.0,0.16,1.37,Jun 03,6.0,65190000.0,HIGH,-13.29,2.24,0.66,-8.0,0.2508,False,-1.58,False,-16.12,9.176,9.489,-5.8811,-85.36,0.114,,,,,1.37,2190442.0,shrinking revenue,,338.0,,,,,,,,,,
CATX,Perspective Therapeutics Inc,Healthcare,Medical Devices,,,23.29,-72.07,-2.34,6.890000000000001,25.24,-2.37,-37.39,1.85,-53.25,1.13,1620000.0,7.19,2.88,Aug 10/a,12.23,328760000.0,HIGH,-12.73,-1.37,6.86,-7.44,0.2418,False,-5.01,False,-5.21,5.853,5.903,-3.4694,-23.81,2.437,22.0,-10.28,28.0,-4.0,2.88,5009775.0,shrinking revenue,,324.7,,,,,,,,,,
CBRL,Cracker Barrel Old Country Store Inc,Consumer Cyclical,Restaurants,39.03,41.0,239.83000000000004,-2.9,0.0,5.13,23.6,-4.82,60.3,1.23,-25.22,3.18,917050.0,1.31,45.06,Sep 23/b,45.0,1010000000.0,HIGH,-21.84,-10.83,1.38,-16.55,0.3769,False,-13.91,False,-16.76,5.096,3.218,-3.4691,-25.22,1.287,24.0,-22.22,,,45.06,44616038.0,shrinking revenue,,-0.1,,,,,,,,,,
CBZ,Cbiz Inc,Industrials,Specialty Business Services,25.58,12.19,-52.62,-0.19,0.0,-9.21,4.09,75.66,105.3,0.91,-4.96,2.33,1370000.0,0.46,54.63,Jul 29/b,55.0,2960000000.0,HIGH,-0.05,0.05,0.56,5.24,0.0089,True,0.0,True,6.46,0.356,0.183,-0.283,-1.67,0.808,39.0,28.15,37.0,16.98,54.63,60939899.0,deal-pinned; shrinking revenue,,0.7,,,,,,,,,,
CC,Chemours Company,Basic Materials,Specialty Chemicals,,7.31,28.550000000000004,-1.49,2.03,2.87,9.96,-34.13,-24.29,1.4,-49.98,2.09,2530000.0,1.1,14.34,Aug 04/a,19.1,2160000000.0,HIGH,-10.21,-1.65,1.57,-4.92,0.1359,False,-5.84,False,-10.79,3.614,1.883,-1.9145,-34.34,0.963,,,32.0,-1.71,14.34,26695899.0,shrinking revenue,,33.2,,,,,,,,,,
CCOI,Cogent Communications Holdings Inc,Communication Services,Telecom Services,,,213.29,-4.34,-0.74,-3.95,14.8,-36.5,-55.00000000000001,0.77,-80.28,2.5,1650000.0,5.44,9.01,Aug 06/b,17.36,461450000.0,HIGH,-1.74,-3.33,4.13,3.55,0.1737,False,-4.85,False,-17.23,7.944,5.771,-4.9139,-38.62,1.842,35.0,-31.95,31.0,-17.42,9.01,20413843.0,shrinking revenue,,92.7,,,,,,,,,,
CDXS,Codexis Inc,Healthcare,Biotechnology,,,15.190000000000001,-2.69,-0.03,-2.23,3.78,-47.08,-18.56,2.56,-54.36,1.57,1160000.0,2.48,1.36,Aug 11/a,6.33,148930000.0,HIGH,-18.56,-8.11,3.08,-13.27,0.3294,False,-9.78,False,-17.27,7.09,6.618,-4.0803,-49.63,0.997,14.0,-14.47,27.0,-8.11,1.36,1400924.0,shrinking revenue,,365.4,,,,,,,,,,
CDZI,Cadiz Inc,Industrials,Pollution & Treatment Controls,,,-36.42,-76.27,0.38,1.76,16.56,-12.53,-25.989999999999995,1.74,-48.85,1.0,1020000.0,1.36,3.56,Aug 14,10.5,301450000.0,HIGH,-2.73,-1.11,1.38,2.56,0.267,False,-7.83,False,-0.3,6.722,6.742,-4.1406,-27.35,0.845,10.0,-11.22,,,3.56,3881386.0,shrinking revenue,,194.9,,,,,,,,,,
CELU,Celularity Inc,Healthcare,Biotechnology,,,-42.54,-77.37,0.0,0.2,11.77,74.13,3.15,0.79,-48.63,2.0,3950000.0,0.05,1.31,-,6.0,37920000.0,HIGH,63.75,-6.43,0.02,69.04,1.0994,False,-7.65,True,30.34,15.087,9.924,-32.4241,-48.63,0.032,18.0,69.03,,,1.31,25151726.0,shrinking revenue,,358.0,,,,,,,,,,
CERT,Certara Inc,Healthcare,Health Information Services,,21.56,642.62,-10.81,0.0,1.24,29.83,51.99,31.97,1.44,-39.34,2.23,3540000.0,1.9,8.42,Aug 04/b,8.34,1280000000.0,HIGH,-0.12,5.25,2.96,5.17,0.1579,True,3.87,True,7.31,4.181,5.76,-3.2274,-5.23,1.072,22.0,5.12,33.0,7.95,8.42,18486891.0,shrinking revenue,,-1.0,,,,,,,,,,
CGBD,Carlyle Secured Lending Inc,Financial,Asset Management,22.59,7.94,-100.44999999999999,-6.460000000000001,-4.43,,4.45,4.2,2.15,0.71,-15.98,2.5,561510.0,1.07,11.41,Aug 08/a,12.5,785060000.0,HIGH,0.53,0.35,1.33,5.82,0.0581,False,-0.9,True,3.84,2.26,2.629,-1.4544,-5.7,0.71,16.0,0.71,29.0,3.54,11.41,5245505.0,shrinking revenue,,9.6,,,,,,,,,,
CGTX,Cognition Therapeutics Inc,Healthcare,Biotechnology,,,58.93999999999999,,0.38,1.39,9.0,-28.28,-3.7000000000000006,1.79,-49.27,1.0,1110000.0,0.3,1.04,Aug 06/a,3.33,98900000.0,HIGH,4.42,2.97,0.92,9.71,0.1013,True,1.77,True,3.95,4.505,2.885,-2.5255,-14.75,0.828,31.0,-1.89,30.0,-3.7,1.04,373080.0,illiquid (<$500K/day),,220.2,,,,,,,,,,
CHPT,ChargePoint Holdings Inc,Consumer Cyclical,Specialty Retail,,,52.56000000000001,17.74,0.28,14.41,22.18,24.19,91.11,1.69,-18.16,3.0,1670000.0,1.6,10.32,Sep 02/a,7.3,277100000.0,HIGH,65.12,16.74,0.66,70.41,0.9786,True,34.52,True,57.75,8.7,7.752,-17.3624,-3.73,0.768,2.0,15.82,11.0,98.84,10.32,36615322.0,>40% above 50-day SMA; >20% above 20-day SMA; fresh >10% breakout,,-29.3,,,,,,,,,,
CJMB,Callan Jmb Inc,Industrials,Integrated Freight & Logistics,,,-1079.46,-23.13,0.63,2.35,5.34,217.59,20.0,-0.48,-59.36,,2180000.0,0.03,2.28,-,,13120000.0,HIGH,-8.43,1.79,0.34,-3.14,0.1719,True,2.59,True,18.55,6.576,7.456,-3.9928,-41.84,0.039,23.0,-14.93,,,2.28,440920.0,illiquid (<$500K/day); shrinking revenue,,,,,,,,,,,,
CLB,Core Laboratories Inc,Energy,Oil & Gas Equipment & Services,19.95,15.3,-43.46,-4.26,0.75,-3.6900000000000004,9.06,-3.7599999999999993,-29.56,1.12,-44.74,2.75,810070.0,1.11,11.25,Jul 29/a,15.17,516200000.00000006,HIGH,-10.14,-7.94,1.97,-4.85,0.1338,False,-7.92,False,-4.8,4.375,4.267,-1.9891,-13.06,1.008,22.0,-10.14,36.0,13.98,11.25,5553720.0,shrinking revenue,,34.8,,,,,,,,,,
CLDX,Celldex Therapeutics Inc,Healthcare,Biotechnology,,,-10.77,-96.99,0.0,19.58,11.38,17.92,27.339999999999996,0.87,-15.289999999999997,1.2,1010000.0,2.05,38.24,Aug 06/a,59.07,3000000000.0,HIGH,-5.3,-2.4,2.74,-0.01,0.103,False,-2.73,False,-2.25,3.618,3.478,-2.0736,-15.29,1.382,32.0,-2.07,30.0,-7.99,38.24,29721459.0,shrinking revenue,,54.5,,,,,,,,,,
CLRO,ClearOne Inc,Technology,Communication Equipment,,,87.05,-100.0,0.0,-1.38,3.51,25.22,-3.4300000000000006,0.24,-74.42,1.0,4500000.0,0.0,4.22,-,4.0,11290000.0,HIGH,-20.97,-7.86,0.65,-15.68,0.4755,False,-16.98,False,-25.8,5.907,4.502,-4.6194,-74.42,0.013,31.0,14.67,,,4.22,125725.0,illiquid (<$500K/day); shrinking revenue,,-5.2,,,,,,,,,,
CLSK,Cleanspark Inc,Financial,Capital Markets,,,-215.53999999999996,-30.53,-0.26,12.86,31.74,-16.07,47.2,3.84,-38.71,1.07,20780000.0,1.43,14.47,Aug 06/a,23.68,3720000000.0,HIGH,20.78,9.04,1.66,26.07,0.2715,True,14.63,True,11.49,6.121,7.602,-5.5847,-15.21,0.892,1.0,8.39,30.0,17.64,14.47,226755000.0,shrinking revenue,,63.6,,,,,,,,,,
CMRC,Commerce.com Inc,Technology,Software - Application,,5.3,112.72,0.09,-0.1,3.4300000000000006,8.62,21.53,23.33,1.03,-39.95,2.88,1050000.0,2.07,3.33,Aug 06/b,4.0,275920000.0,HIGH,50.0,-8.52,1.62,55.29,0.7449,True,20.27,True,21.09,6.834,3.904,-5.7564,-10.72,0.917,8.0,30.08,31.0,43.53,3.33,3796121.0,>20% above 20-day SMA,,20.1,,,,,,,,,,
CMTG,Claros Mortgage Trust Inc,Real Estate,REIT - Mortgage,,,-39.27,-99.41,0.68,0.45999999999999996,4.15,-47.62,-35.59,1.16,-64.16,3.8,737500.0,4.03,1.43,Jul 29/a,2.22,201750000.0,HIGH,-20.11,-4.03,3.32,-14.82,0.255,False,-9.0,False,-21.75,6.164,4.196,-3.0167,-43.7,1.755,,,36.0,-21.43,1.43,1365819.0,shrinking revenue,,55.2,,,,,,,,,,
CNDT,Conduent Inc,Technology,Information Technology Services,,,-187.22,-29.580000000000002,0.0,2.54,3.27,15.0,33.06,1.44,-45.97,1.0,1060000.0,2.57,1.61,Aug 10/b,4.67,250390000.0,HIGH,0.0,1.9,2.73,5.29,0.2659,False,-4.65,False,-0.62,7.382,4.969,-4.5774,-19.9,1.267,10.0,-14.81,29.0,3.21,1.61,1681110.0,shrinking revenue,,190.1,,,,,,,,,,
CNX,CNX Resources Corp,Energy,Oil & Gas E&P,5.5,7.99,-47.83,-18.32,-0.91,-1.32,10.4,0.67,-19.01,0.68,-24.6,3.2,1710000.0,3.96,32.89,Jul 30/b,38.83,4870000000.0,HIGH,-9.54,-7.14,3.86,-4.25,0.1497,False,-8.8,False,-6.52,2.886,2.341,-1.5076,-13.83,1.742,13.0,-9.59,36.0,-4.97,32.89,61998460.0,shrinking revenue,,18.1,,,,,,,,,,
CODI,Compass Diversified Holdings,Industrials,Conglomerates,,17.13,190.99,-11.42,2.47,-0.78,7.65,9.1,94.19,1.3,-16.75,1.67,714470.0,1.22,11.03,Aug 10/a,17.0,829850000.0,HIGH,-5.57,-2.48,1.59,-0.28,0.085,False,-2.75,True,0.25,2.992,2.085,-1.4268,-16.75,1.036,25.0,-10.18,28.0,-0.45,11.03,6211479.0,shrinking revenue,,54.1,,,,,,,,,,
CRBU,Caribou Biosciences Inc,Healthcare,Biotechnology,,,58.660000000000004,-43.79,0.0,11.89,12.81,-20.73,-34.01,2.31,-63.22,1.0,1650000.0,1.13,1.3,Aug 13/a,11.86,139370000.0,HIGH,-21.69,0.78,1.51,-16.4,0.4384,False,-12.93,False,-17.32,5.758,3.077,-3.8567,-38.39,1.155,18.0,-20.73,25.0,-17.72,1.3,1787709.0,shrinking revenue,,812.3,,,,,,,,,,
CRCT,Cricut Inc,Technology,Computer Hardware,13.68,23.83,62.0,-9.2,-0.57,0.89,10.03,26.46,38.24,0.26,-18.61,5.0,710830.0,1.94,5.64,Aug 04/a,4.07,1180000000.0,HIGH,0.89,-0.18,1.85,6.18,0.1007,False,-0.62,True,6.22,3.457,2.482,-2.2221,-10.05,0.93,33.0,17.75,32.0,14.17,5.64,4240318.0,shrinking revenue,,-27.8,,,,,,,,,,
CRDF,Cardiff Oncology Inc,Healthcare,Biotechnology,,,35.57,-14.05,19.29,-7.84,16.01,13.22,-24.73,1.4,-58.60999999999999,2.33,1240000.0,0.6,1.37,Aug 11/a,5.14,106580000.0,HIGH,55.68,4.58,0.78,60.97,0.543,True,22.87,True,35.11,7.143,7.299,-5.495,-9.27,1.494,1.0,5.38,27.0,38.38,1.37,1112123.0,>20% above 20-day SMA; shrinking revenue,,275.2,,,,,,,,,,
CRK,Comstock Resources Inc,Energy,Oil & Gas E&P,7.46,24.24,-92.98,-25.21,0.0,1.97,32.18,-1.9799999999999998,-40.0,0.51,-54.29999999999999,2.78,2550000.0,1.42,12.84,Jul 29/a,17.09,3770000000.0,HIGH,-9.7,-10.21,1.23,-4.41,0.2275,False,-11.38,False,-7.09,5.708,4.439,-3.7513,-20.35,1.084,13.0,-11.02,36.0,1.82,12.84,43277703.0,shrinking revenue,,33.1,,,,,,,,,,
CRMT,Americas Car Mart Inc,Consumer Cyclical,Auto & Truck Dealerships,,,-1092.6,-57.3,-1.34,-9.59,18.69,-27.500000000000004,-85.71,1.3,-94.97,2.0,1540000.0,0.19,1.74,Sep 09/b,7.5,14510000.0,HIGH,-26.89,-1.14,0.52,-21.6,0.61,False,-16.06,False,-39.0,17.57,12.644,-11.8702,-63.29,0.673,48.0,-42.38,8.0,17.57,1.74,1046923.0,shrinking revenue,,331.0,,,,,,,,,,
CRSR,Corsair Gaming Inc,Technology,Computer Hardware,43.61,16.14,138.92,-1.8000000000000003,-0.01,0.8100000000000002,21.89,49.5,147.32,1.86,-10.67,2.44,1740000.0,0.86,13.38,Aug 06/a,13.22,1450000000.0,HIGH,22.42,2.69,1.26,27.71,0.2541,True,7.9,True,15.61,4.655,4.275,-3.4552,-10.67,0.678,6.0,6.44,30.0,26.11,13.38,14581386.0,shrinking revenue,,-1.2,,,,,,,,,,
CRVO,CervoMed Inc,Healthcare,Biotechnology,,,8.25,-100.0,21.41,-0.48,13.71,-42.69,-42.55,-0.74,-75.7,1.0,2220000.0,0.08,2.43,Aug 10/b,15.0,36740000.0,HIGH,-7.25,-3.95,1.03,-1.96,0.1126,False,-5.12,False,-10.71,4.674,6.173,-2.3857,-38.17,0.355,,,29.0,-15.03,2.43,448136.0,illiquid (<$500K/day); shrinking revenue,,517.3,,,,,,,,,,
CSQR,Csquare Inc,Technology,Information Technology Services,,,,,0.0,7.75,2.28,,,,-23.53,1.3,1470000.0,9.07,17.97,Sep 02,28.5,2990000000.0,HIGH,-11.61,3.81,8.14,-6.32,0.2378,False,-3.24,,,5.732,3.561,-2.8129,,,,,,,17.97,29850601.0,incomplete signals,,58.6,,,,,,,,,,
CSWC,Capital Southwest Corp,Financial,Asset Management,12.92,9.75,-17.81,-21.1,0.08,,6.61,2.17,6.75,0.74,-8.82,1.67,664770.0,1.17,23.42,Aug 03/a,25.3,1490000000.0,HIGH,-6.17,-3.02,1.26,-0.88,0.1055,False,-4.76,False,-3.95,2.062,2.306,-1.0939,-9.05,1.022,16.0,-7.21,33.0,-2.17,23.42,15169650.0,shrinking revenue,,8.0,,,,,,,,,,
CTMX,CytomX Therapeutics Inc,Healthcare,Biotechnology,,,-7766.670000000001,-92.4,-0.0,5.96,18.47,-6.4399999999999995,-42.26,2.2,-66.38,1.12,3950000.0,2.43,2.76,Aug 06/a,12.25,601400000.0,HIGH,-15.85,-13.75,2.33,-10.56,0.3957,False,-16.48,False,-18.1,8.165,5.072,-5.0049,-31.34,2.036,13.0,-17.86,30.0,-18.1,2.76,13260106.0,shrinking revenue,,343.8,,,,,,,,,,
CWH,Camping World Holdings Inc,Consumer Cyclical,Auto & Truck Dealerships,,7.29,-13.170000000000002,-2.12,0.0,-6.959999999999999,19.35,-27.839999999999996,-8.05,2.16,-68.84,1.42,2080000.0,1.32,5.6,Jul 29/a,10.56,578450000.0,HIGH,-14.37,-8.79,1.65,-9.08,0.2497,False,-11.15,False,-10.92,6.233,4.286,-3.1324,-31.03,1.146,10.0,-16.67,36.0,-7.44,5.6,10372866.0,shrinking revenue,,88.6,,,,,,,,,,
CYCU,Cycurion Inc,Technology,Information Technology Services,,,90.57,-3.37,0.0,,11.13,-35.55,-65.81,0.91,-97.39,1.0,2300000.0,0.04,3.31,Aug 14/b,56.0,10690000.0,HIGH,-36.74,-1.49,0.27,-31.45,0.7186,False,-11.0,False,-22.65,11.047,4.834,-9.1571,-77.51,0.074,36.0,53.24,25.0,-39.6,3.31,1401500.0,shrinking revenue,,1591.8,,,,,,,,,,
CYH,Community Health Systems Inc,Healthcare,Medical Care Facilities,1.55,,-75.47,-9.83,-0.13,6.660000000000001,12.0,-4.97,-4.33,1.89,-35.21,3.22,1630000.0,1.81,2.87,Jul 22/a,3.18,404700000.0,HIGH,-4.65,-2.71,2.54,0.64,0.0593,False,-2.06,False,-3.6,3.285,3.833,-1.4289,-26.79,0.892,20.0,-3.69,41.0,3.24,2.87,3378479.0,shrinking revenue,,10.8,,,,,,,,,,
CYPH,Cypherpunk Technologies Inc,Healthcare,Biotechnology,6.36,8.57,145.12,,-0.48,12.27,7.52,387.01,408.62,0.87,-2.7,1.0,6320000.0,4.85,3.6,Aug 12/b,4.15,387950000.0,HIGH,153.52,39.53,1.79,158.81,1.0118,True,66.17,True,178.59,12.917,19.444,-13.1368,-2.96,2.558,2.0,47.54,27.0,447.11,3.6,38434363.0,>40% above 50-day SMA; >20% above 20-day SMA; fresh >10% breakout,,15.3,,,,,,,,,,
DAIC,CID Holdco Inc,Technology,Information Technology Services,,,58.440000000000005,,0.0,28.78,33.91,102.86,-13.309999999999999,3.0,-96.41,,7770000.0,0.53,3.55,May 11/a,,6970000.0,HIGH,733.33,55.7,0.17,738.62,1.5967,True,9.91,True,90.89,28.968,28.169,-81.7181,-50.35,2.608,19.0,733.33,,,3.55,91350429.0,>40% above 50-day SMA,,,,,,,,,,,,
DBGI,Digital Brands Group Inc,Consumer Cyclical,Apparel Retail,,,58.040000000000006,-46.34,,5.56,15.27,-85.01,-95.53,0.04,-99.38,,691470.0,0.61,4.47,-,,4170000.0,HIGH,-48.68,-13.54,0.22,-43.39,1.2072,False,-20.54,False,-65.81,26.943,25.28,-20.96,-86.7,0.552,,,,,4.47,12133637.0,shrinking revenue,,,,,,,,,,,,
DBI,Designer Brands Inc,Consumer Cyclical,Footwear & Accessories,21.12,8.6,44.1,-1.23,-0.35,2.09,14.46,-4.75,7.31,1.25,-34.35,3.0,593720.0,2.79,6.02,Sep 10/b,6.75,307760000.0,HIGH,4.7,-7.81,2.15,9.99,0.2835,True,6.21,True,2.69,6.087,5.814,-4.9738,-11.47,1.896,5.0,2.38,7.0,15.33,6.02,4438154.0,shrinking revenue,,12.1,,,,,,,,,,
DBRG,DigitalBridge Group Inc,Financial,Asset Management,10.32,,1100.21,99.04,0.0,0.8,6.8,0.7,3.32,1.45,-0.63,3.0,3730000.0,1.02,15.88,Aug 04/a,16.0,3020000000.0,HIGH,-0.31,-0.19,0.8,4.98,0.0083,False,-0.28,False,-0.03,0.241,0.22,-0.1721,-0.63,1.5,19.0,-0.31,32.0,0.06,15.88,75758368.0,deal-pinned,,0.8,,,,,,,,,,
DDD,3D Systems Corp,Technology,Computer Hardware,,,-115.10000000000001,-0.27,-3.16,21.95,27.26,1.68,77.94,2.78,-11.89,2.0,2940000.0,2.3,3.63,Aug 03/a,5.5,603110000.0,HIGH,13.79,13.08,3.02,19.08,0.1608,True,9.54,True,13.96,5.293,5.51,-3.8144,-6.92,1.083,2.0,15.61,33.0,28.27,3.63,7501822.0,fresh >10% breakout; shrinking revenue,,51.5,,,,,,,,,,
DFDV,DeFi Development Corp,Financial,Asset Management,,,-224.98,66.87,0.44,-0.29,19.55,101.33000000000001,44.29,-3.48,-68.09,1.0,1210000.0,7.46,6.06,Aug 12/a,10.4,197680000.0,HIGH,53.81,16.09,3.68,59.1,0.4776,True,18.57,True,59.58,10.095,19.307,-8.9768,-5.75,2.283,11.0,16.09,26.0,111.15,6.06,12984702.0,>40% above 50-day SMA,,71.6,,,,,,,,,,
DFH,Dream Finders Homes Inc,Consumer Cyclical,Residential Construction,7.99,9.58,-48.96,-7.57,-0.78,0.4699999999999999,24.55,-27.24,-19.5,1.9,-60.589999999999996,3.0,698920.0,2.79,11.35,Jul 30/b,18.0,1030000000.0,HIGH,-23.93,-10.63,2.51,-18.64,0.3538,False,-15.41,False,-20.77,6.223,3.604,-3.0924,-36.59,1.893,,,36.0,-14.92,11.35,9973927.0,shrinking revenue,,58.6,,,,,,,,,,
DGXX,Digi Power X Inc,Utilities,Utilities - Independent Power Producers,,5.68,-247.82999999999998,-28.54,-0.22,15.6,6.36,-39.41,69.71,6.2,-55.54,1.0,3570000.0,1.88,4.09,Aug 14/b,9.0,417430000.0,HIGH,0.49,9.65,3.12,5.78,0.2085,True,7.85,True,5.72,5.484,8.068,-4.1893,-32.73,0.818,1.0,6.51,25.0,3.02,4.09,8231881.0,shrinking revenue,,120.0,,,,,,,,,,
DHC,Diversified Healthcare Trust,Real Estate,REIT - Healthcare Facilities,,,59.28,-4.53,0.0,3.17,5.95,-9.59,12.03,2.27,-17.08,1.8,1690000.0,2.83,8.01,Aug 03/a,10.15,1940000000.0,HIGH,-0.12,4.3,2.87,5.17,0.1124,True,3.09,False,-4.54,2.952,3.371,-1.4971,-17.08,1.526,2.0,0.88,33.0,-8.98,8.01,12934942.0,shrinking revenue,,26.7,,,,,,,,,,
DNA,Ginkgo Bioworks Holdings Inc,Healthcare,Biotechnology,,,-4.34,-59.37,-3.32,8.23,13.99,-14.069999999999999,14.04,1.88,-55.17999999999999,4.33,1130000.0,1.55,7.88,Aug 05/a,7.0,530640000.0,HIGH,6.49,12.41,1.51,11.78,0.189,True,11.08,True,3.56,5.194,6.155,-4.6667,-29.26,1.305,2.0,11.61,31.0,-7.29,7.88,8400466.0,fresh >10% breakout; shrinking revenue,,-11.2,,,,,,,,,,
DNUT,Krispy Kreme Inc,Consumer Defensive,Grocery Stores,,37.02,95.38,-12.839999999999998,1.12,1.71,19.7,-16.8,-19.68,1.24,-40.9,3.17,2720000.0,1.26,3.02,Aug 06/b,4.38,523970000.0,HIGH,-15.88,-5.63,1.55,-10.59,0.2142,False,-9.17,False,-8.04,3.704,1.49,-1.8686,-20.0,0.847,22.0,-6.79,31.0,-2.58,3.02,7369933.0,shrinking revenue,,45.0,,,,,,,,,,
DOMO,Domo Inc,Technology,Software - Application,,40.01,62.94,-3.6799999999999997,-8.5,-10.38,18.35,55.37,-2.08,1.8,-79.66,3.0,2020000.0,0.99,3.76,Sep 03/a,3.93,176860000.0,HIGH,-1.05,-4.08,1.49,4.24,0.074,False,-1.27,True,0.77,3.782,3.59,-1.8506,-15.32,0.738,5.0,-1.83,10.0,-0.79,3.76,5094822.0,shrinking revenue,,4.5,,,,,,,,,,
DRK,DarkHorse Technologies Inc,Technology,Software - Infrastructure,,,-545.15,-18.75,0.0,14.219999999999999,4.28,-9.91,99.35,3.34,-75.48,1.0,660860.0,0.65,3.09,Aug 14/b,30.0,26900000.0,HIGH,18.39,5.46,0.62,23.68,0.4065,True,21.27,True,38.53,9.098,15.178,-9.107,-5.5,0.886,1.0,6.92,25.0,47.85,3.09,1809969.0,>20% above 20-day SMA; shrinking revenue,,870.9,,,,,,,,,,
DRMA,Dermata Therapeutics Inc,Healthcare,Biotechnology,,,55.49000000000001,,-0.0,2.22,6.53,-0.8500000000000001,-4.13,0.66,-80.6,1.0,737850.0,0.01,1.16,Aug 11/a,4.0,4670000.0,HIGH,-18.31,0.87,0.08,-13.02,0.5366,False,-11.08,False,-9.88,7.05,4.31,-5.2189,-32.56,0.022,19.0,-18.31,27.0,7.41,1.16,99622.0,illiquid (<$500K/day),,244.8,,,,,,,,,,
DRVN,Driven Brands Holdings Inc,Consumer Cyclical,Auto & Truck Dealerships,13.73,8.46,-22.25,-7.91,0.0,-3.9900000000000007,15.47,-3.15,17.29,0.96,-31.2,2.23,959370.0,1.81,12.28,Aug 06/b,16.28,2029999999.9999998,HIGH,-6.76,-1.52,1.44,-1.47,0.1428,False,-3.5,False,-9.1,4.348,1.71,-2.4363,-22.72,1.731,11.0,-4.66,31.0,-5.25,12.28,15265274.0,shrinking revenue,,32.6,,,,,,,,,,
DV,DoubleVerify Holdings Inc,Communication Services,Advertising Agencies,37.36,23.69,55.81,2.52,0.0,0.5,5.94,30.3,34.06,0.99,-1.39,3.06,4000000.0,1.13,13.46,Aug 06/a,13.64,2089999999.9999998,HIGH,1.13,-0.44,1.27,6.42,0.0206,True,0.57,True,7.04,0.448,0.371,-0.254,-1.39,1.995,6.0,0.67,30.0,14.94,13.46,47995862.0,deal-pinned,,1.3,,,,,,,,,,
DXC,DXC Technology Co,Technology,Information Technology Services,15.27,3.65,748.32,-5.06,0.76,7.33,17.3,25.35,-10.02,0.79,-31.25,3.27,3930000.0,2.35,10.78,Jul 30/a,11.21,1720000000.0,HIGH,-0.19,-11.06,3.63,5.1,0.1563,False,-4.2,True,0.54,4.499,6.679,-3.1008,-11.86,1.155,5.0,-5.36,35.0,-4.09,10.78,28584402.0,shrinking revenue,,4.0,,,,,,,,,,
EDBL,Edible Garden AG Inc,Consumer Defensive,Farm Products,,,99.37,12.839999999999998,,-0.07,3.8,-86.02,-98.59,1.71,-99.89,1.0,1540000.0,0.09,1.37,Aug 14/b,4.0,2670000.0,HIGH,-6.16,-5.52,0.81,-0.87,0.1196,False,-4.86,False,-34.78,5.297,2.92,-3.0487,-91.47,0.054,,,25.0,-17.96,1.37,230550.0,illiquid (<$500K/day),,192.0,,,,,,,,,,
EFOR,Everforth Inc,Technology,Information Technology Services,16.86,7.65,-48.0,-1.33,6.13,-1.06,10.2,71.7,-7.380000000000001,0.48,-40.37,2.71,937370.0,1.79,32.76,Jul 29/a,27.5,1340000000.0,HIGH,0.18,-3.79,2.32,5.47,0.132,True,2.52,True,15.92,5.25,4.67,-3.2672,-4.82,1.223,5.0,4.1,36.0,39.94,32.76,23268961.0,shrinking revenue,,-16.1,,,,,,,,,,
EMBC,Embecta Corp,Healthcare,Medical Instruments & Supplies,3.57,3.0,-53.64,-8.05,2.38,-16.31,12.05,70.1,-42.0,0.84,-65.4,3.25,1750000.0,2.01,5.29,Aug 07/b,4.0,299730000.0,HIGH,1.15,0.95,2.63,6.44,0.2061,True,1.5,True,18.51,5.42,3.97,-3.8228,-10.49,0.869,10.0,-7.03,30.0,51.14,5.29,6991806.0,shrinking revenue,,-24.4,,,,,,,,,,
ENPH,Enphase Energy Inc,Technology,Solar,34.33,15.34,-2.55,-19.63,0.03,-3.44,18.24,-33.74,-22.4,1.62,-53.02,2.55,4910000.0,1.45,34.64,Jul 28/a,45.65,4580000000.0,HIGH,-10.28,-5.51,1.66,-4.99,0.1307,False,-5.94,False,-10.53,5.514,5.629,-2.9828,-35.97,1.02,,,37.0,-1.23,34.64,158461119.0,shrinking revenue,,31.8,,,,,,,,,,
EPC,Edgewell Personal Care Co,Consumer Defensive,Household & Personal Products,,13.5,-52.52,-9.1,0.0,1.67,9.62,17.61,38.18,0.35,-9.25,2.14,757160.0,1.65,27.18,Aug 05/b,32.17,1250000000.0,HIGH,-4.87,1.76,2.22,0.42,0.1245,False,-2.56,False,-2.9,3.385,2.428,-1.7824,-9.25,1.274,47.0,-0.98,32.0,-4.73,27.18,15628421.0,shrinking revenue,,18.4,,,,,,,,,,
ERII,Energy Recovery Inc,Industrials,Pollution & Treatment Controls,24.78,43.15,-264.72,-57.24,-9.97,-1.49,6.78,-25.8,-28.16,0.9,-61.84,3.0,971620.0,2.0,6.99,Aug 05/a,8.0,356800000.0,HIGH,-11.52,-1.41,1.82,-6.23,0.1729,False,-7.2,False,-13.25,3.679,2.432,-2.1092,-25.16,1.404,33.0,-21.55,31.0,-19.93,6.99,7999163.0,shrinking revenue,,14.4,,,,,,,,,,
ETD,Ethan Allen Interiors Inc,Consumer Cyclical,"Furnishings, Fixtures & Appliances",13.73,17.13,-3.54,-8.48,-0.78,2.79,13.35,16.34,11.04,1.03,-17.46,3.33,695490.0,1.14,21.41,Jul 29/a,22.0,539590000.0,HIGH,-8.47,-3.56,1.15,-3.18,0.1806,False,-5.52,False,-6.36,3.913,1.308,-3.0768,-14.8,0.887,12.0,-10.61,36.0,-6.55,21.41,15752020.0,shrinking revenue,,2.8,,,,,,,,,,
EVGO,EVgo Inc,Consumer Cyclical,Specialty Retail,,,-52.07000000000001,-15.689999999999998,0.0,2.15,30.93,-21.65,-25.85,2.84,-70.66,1.89,3620000.0,4.43,1.52,Aug 05/b,3.21,478060000.0,HIGH,0.66,4.83,3.74,5.95,0.221,True,7.57,False,-0.82,6.208,7.895,-5.1004,-23.23,1.411,1.0,3.4,32.0,-0.65,1.52,6130437.0,shrinking revenue,,111.2,,,,,,,,,,
EXFY,Expensify Inc,Technology,Software - Application,,22.4,57.67,-5.31,-0.53,-10.05,2.15,43.59,175.08,1.74,-20.28,2.33,1420000.0,0.54,2.24,Aug 06/a,2.83,204260000.0,HIGH,-15.15,-1.75,1.26,-9.86,0.2598,False,-7.55,True,3.01,5.357,5.804,-2.8382,-20.28,0.761,19.0,-15.15,30.0,13.13,2.24,1493689.0,shrinking revenue,,26.3,,,,,,,,,,
EYPT,EyePoint Inc,Healthcare,Biotechnology,,,-28.449999999999996,-90.49,0.06,8.49,22.44,-71.65,-72.08,1.66,-79.85,1.92,3640000.0,2.0,3.85,Aug 06/b,25.55,331920000.0,HIGH,-27.63,-9.41,1.73,-22.34,0.4173,False,-13.39,False,-57.15,8.646,7.532,-5.8737,-75.82,1.207,25.0,-71.44,31.0,-68.57,3.85,18661027.0,shrinking revenue,,563.6,,,,,,,,,,
EZRA,Reliance Global Group Inc,Financial,Insurance Brokers,,,90.38,-31.620000000000005,32.26,2.97,4.61,-24.5,-62.38,0.28,-96.54,1.0,1870000.0,0.01,2.62,-,4760.0,4400000.0,HIGH,-13.25,-5.07,0.33,-7.96,0.1595,False,-5.77,True,4.62,7.593,3.626,-5.83,-43.04,0.013,20.0,5.01,,,2.62,230917.0,illiquid (<$500K/day); shrinking revenue,,181579.4,,,,,,,,,,
FBIN,Fortune Brands Innovations Inc,Industrials,Building Products & Equipment,31.91,11.71,-122.7,-4.11,57.65,0.9899999999999999,5.25,-7.08,-3.6699999999999995,1.3,-39.24,2.33,2530000.0,1.32,39.4,Aug 04/a,57.14,4700000000.0,HIGH,-11.52,-3.29,1.56,-6.23,0.2214,False,-7.33,False,-15.96,3.539,1.574,-1.8296,-28.56,1.086,33.0,-24.48,32.0,-24.65,39.4,90351914.0,shrinking revenue,,45.0,,,,,,,,,,
FCEL,Fuelcell Energy Inc,Industrials,Electrical Equipment & Parts,,,83.0,-29.4,1.0,33.39,26.4,-24.67,168.3,2.45,-52.190000000000005,2.2,10440000.0,0.79,18.11,Sep 02/b,20.88,1450000000.0,HIGH,-7.32,18.52,1.16,-2.03,0.4023,True,6.62,False,-5.88,8.129,6.681,-7.4664,-52.19,0.699,,,12.0,25.76,18.11,120162143.0,shrinking revenue,,15.3,,,,,,,,,,
FEAM,5E Advanced Materials Inc,Basic Materials,Specialty Chemicals,,,54.38000000000001,,0.0,0.76,1.3,56.25,50.6,1.92,-66.67,1.0,630030.0,4.82,2.5,May 12/a,3.75,104120000.0,HIGH,49.7,87.97,4.58,54.99,0.643,True,52.11,True,69.35,7.143,24.4,-11.3102,-0.4,2.583,2.0,42.05,,,2.5,1293037.0,>40% above 50-day SMA; >20% above 20-day SMA; fresh >10% breakout,,50.0,,,,,,,,,,
FEMY,Femasys Inc,Healthcare,Medical Instruments & Supplies,,,58.08,-18.92,17.07,33.58,7.33,-35.89,-77.62,-2.16,-88.33,1.0,719430.0,0.05,2.59,Aug 14/a,14.33,21690000.0,HIGH,-12.5,-3.0,0.23,-7.21,0.3489,False,-9.87,False,-11.89,8.977,5.019,-5.7198,-45.82,0.063,15.0,-7.17,24.0,19.91,2.59,455861.0,illiquid (<$500K/day); shrinking revenue,,453.3,,,,,,,,,,
FGI,FGI Industries Ltd,Consumer Cyclical,"Furnishings, Fixtures & Appliances",,23.16,200.53,2.86,0.0,0.05,8.63,97.97,154.74,2.24,-53.510000000000005,1.0,1740000.0,0.02,9.27,Aug 12/a,13.0,17890000.0,HIGH,19.94,3.52,0.52,25.23,0.4924,True,16.23,True,42.47,8.938,7.717,-7.1676,-53.51,0.035,4.0,3.52,26.0,95.88,9.27,440772.0,illiquid (<$500K/day); >40% above 50-day SMA,,40.2,,,,,,,,,,
FIBK,First Interstate BancSystem Inc,Financial,Banks - Regional,11.53,13.09,24.97,-7.8,-0.9399999999999998,-2.29,11.76,2.53,15.71,0.7,-8.0,3.5,1110000.0,3.63,37.35,Jul 23/a,37.5,3560000000.0,HIGH,-0.37,0.13,3.58,4.92,0.0351,True,0.55,False,-1.48,1.937,1.981,-1.0021,-8.0,1.581,46.0,-5.08,40.0,-1.97,37.35,41665181.0,shrinking revenue,,0.4,,,,,,,,,,
FLO,Flowers Foods Inc,Consumer Defensive,Packaged Foods,23.03,8.12,-30.510000000000005,-4.02,-1.26,26.280000000000005,22.97,-23.65,-29.03,0.43,-55.89999999999999,3.14,6940000.0,1.91,5.94,Aug 20/a,8.58,1260000000.0,HIGH,-14.53,-1.0,1.56,-9.24,0.2782,False,-9.07,False,-17.69,3.968,3.535,-2.1314,-33.41,1.446,46.0,-28.0,20.0,-14.53,5.94,55251942.0,shrinking revenue,,44.4,,,,,,,,,,
FLYE,Fly-E Group Inc,Consumer Cyclical,Auto Manufacturers,,,59.77,-48.42,0.0,1.24,0.16,-26.27,-10.51,-0.82,-92.73,,1370000.0,0.02,1.6,-,,2610000.0,HIGH,-4.36,-12.57,0.01,0.93,0.5418,False,-11.22,False,-10.47,23.768,9.375,-15.5708,-42.65,0.014,13.0,17.65,,,1.6,9448769.0,shrinking revenue,,,,,,,,,,,,
FMC,FMC Corp,Basic Materials,Agricultural Inputs,,6.11,-381.12,-17.46,-0.09,9.81,23.87,-12.64,-27.57,0.44,-73.11,2.65,3960000.0,2.29,10.09,Jul 29/a,13.55,1260000000.0,HIGH,-8.44,-8.11,2.67,-3.15,0.3203,False,-12.69,False,-9.15,7.093,5.451,-4.2886,-25.04,1.334,15.0,-5.35,36.0,0.8,10.09,39219503.0,shrinking revenue,,34.3,,,,,,,,,,
FOSL,Fossil Group Inc,Consumer Cyclical,Footwear & Accessories,,23.11,-320.56,-4.86,-0.93,11.74,12.3,27.51,27.21,1.59,-12.520000000000001,1.0,929510.0,1.47,5.47,Aug 12/a,9.0,323490000.0,HIGH,-2.5,10.06,1.87,2.79,0.2413,True,5.62,True,9.36,5.824,4.388,-3.877,-12.48,0.826,36.0,24.32,26.0,3.8,5.47,3753986.0,shrinking revenue,,64.5,,,,,,,,,,
FOXF,Fox Factory Holding Corp,Consumer Cyclical,Auto Parts,,10.07,46.88,-4.47,0.0,0.1,7.08,0.54,14.59,1.4,-29.359999999999996,2.57,554030.0,1.38,18.77,Aug 06/a,21.83,788920000.0,HIGH,-14.1,-4.19,1.91,-8.81,0.177,False,-7.56,False,-4.99,4.102,4.395,-2.2777,-15.03,0.964,20.0,-12.0,30.0,-0.48,18.77,8033582.0,shrinking revenue,,16.3,,,,,,,,,,
FSK,FS KKR Capital Corp,Financial,Asset Management,,7.44,83.73,-18.08,0.01,,4.95,9.93,11.12,0.92,-30.31,2.8,2290000.0,1.38,11.29,Aug 06/b,12.17,3120000000.0,HIGH,-5.21,-6.15,1.91,0.08,0.0957,False,-6.26,False,-2.89,2.609,4.119,-1.5854,-11.17,1.128,26.0,-7.23,31.0,2.26,11.29,19783242.0,shrinking revenue,,7.8,,,,,,,,,,
FTFT,Future FinTech Group Inc,Technology,Software - Application,,,-112.99999999999999,-44.92,0.0,,3.59,-52.0,-71.59,1.48,-96.45,2.0,5130000.0,0.24,5.5,-,14.3,44430000.0,HIGH,108.33,-31.59,0.07,113.62,2.5117,True,69.78,True,39.35,29.104,16.545,-44.8424,-57.56,4.817,5.0,90.97,,,5.5,80046328.0,>20% above 20-day SMA; shrinking revenue,,160.0,,,,,,,,,,
FTK,Flotek Industries Inc,Energy,Oil & Gas Equipment & Services,31.62,28.27,430.11999999999995,70.29,-5.83,3.88,17.18,38.57,82.24,1.41,-20.85,1.0,500520.0,1.16,31.4,Aug 04/a,39.42,1140000000.0,HIGH,27.28,19.21,1.28,32.57,0.391,True,22.62,True,14.7,5.221,5.446,-4.4002,-20.85,0.808,3.0,16.38,32.0,11.31,31.4,11716497.0,>20% above 20-day SMA; fresh >10% breakout,,25.5,,,,,,,,,,
FTRE,Fortrea Holdings Inc,Healthcare,Biotechnology,,18.74,96.64,-4.52,-20.24,0.34,12.68,30.18,103.58000000000001,1.9,-6.83,2.46,1480000.0,2.1,19.93,Jul 29/b,21.25,1900000000.0,HIGH,8.37,14.47,2.25,13.66,0.2247,True,8.51,True,8.03,5.106,4.717,-3.7223,-6.83,1.643,4.0,14.47,37.0,-2.3,19.93,25800843.0,shrinking revenue,,6.6,,,,,,,,,,
FUN,Six Flags Entertainment Corp,Consumer Cyclical,Leisure,,,-101.18,-7.04,10.14,-4.33,19.73,-51.0,-29.849999999999998,0.43,-55.35,1.94,2270000.0,1.24,12.22,Aug 06/b,21.07,1250000000.0,HIGH,-26.96,-7.28,1.41,-21.67,0.4311,False,-16.78,False,-25.14,6.734,4.828,-3.9315,-48.57,1.034,,,31.0,-22.41,12.22,28654853.0,shrinking revenue,,72.4,,,,,,,,,,
FWDI,Forward Industries Inc,Financial,Capital Markets,,36.09,-2.96,332.09,0.0,1.45,9.73,74.6,55.559999999999995,0.88,-78.31,1.0,1630000.0,4.04,7.7,Aug 12/a,11.17,568620000.0,HIGH,49.81,10.79,2.58,55.1,0.3338,True,21.68,True,51.47,8.015,14.156,-8.4717,-0.13,1.841,1.0,24.19,26.0,85.99,7.7,16367506.0,>40% above 50-day SMA; >20% above 20-day SMA; fresh >10% breakout,,45.1,,,,,,,,,,
GBDC,Golub Capital BDC Inc,Financial,Asset Management,19.3,9.81,-35.14,-19.23,-28.190000000000005,,4.74,1.54,-0.08,0.45,-12.950000000000001,1.29,1170000.0,1.56,12.54,Aug 03/a,13.62,3260000000.0,HIGH,-5.0,0.56,1.41,0.29,0.0796,False,-2.58,False,-3.32,1.914,1.994,-1.1163,-6.84,1.36,26.0,-4.2,33.0,-4.13,12.54,16663196.0,shrinking revenue,,8.6,,,,,,,,,,
GBTG,Global Business Travel Group Inc,Consumer Cyclical,Travel Services,58.9,19.71,5.11,37.88,-1.22,-0.31,2.09,1.07,72.0,0.96,-1.05,2.75,1860000.0,0.81,9.46,Aug 04/b,9.5,4940000000.0,HIGH,0.11,0.0,0.72,5.4,0.0046,False,-0.1,True,0.17,0.272,0.211,-0.1371,-1.05,1.452,11.0,-0.21,33.0,0.32,9.46,19828954.0,deal-pinned,,0.4,,,,,,,,,,
GCTK,GlucoTrack Inc,Healthcare,Medical Devices,,,92.08,,0.0,,3.9,-55.31,-84.96,0.71,-98.19,,758660.0,0.04,2.47,-,,1970000.0,HIGH,-52.55,0.82,0.28,-47.26,1.1534,False,-29.47,False,-51.98,14.433,6.478,-6.9551,-81.7,0.068,36.0,-42.22,,,2.47,321570.0,illiquid (<$500K/day),,,,,,,,,,,,
GCTS,GCT Semiconductor Holding Inc,Technology,Semiconductors,,,5.73,-17.85,0.0,12.3,12.91,-34.91,66.94,1.78,-47.33,1.0,2270000.0,0.87,2.07,Aug 10/a,3.2,190380000.0,HIGH,1.47,10.7,1.18,6.76,0.2113,True,10.67,True,2.41,5.386,3.865,-3.355,-33.23,0.823,2.0,8.38,28.0,1.47,2.07,3140743.0,shrinking revenue,,54.6,,,,,,,,,,
GDRX,GoodRx Holdings Inc,Healthcare,Health Information Services,71.76,9.49,-31.94,-1.31,-1.08,0.18,4.93,27.07,57.21000000000001,1.69,-41.82,2.62,1360000.0,1.0,3.38,Aug 05/a,4.03,1150000000.0,HIGH,-2.03,-5.06,1.12,3.26,0.0882,False,-2.43,True,0.42,3.519,2.811,-2.5768,-13.11,0.662,28.0,-7.65,31.0,3.36,3.38,4238854.0,shrinking revenue,,19.2,,,,,,,,,,
GEMI,Gemini Space Station Inc,Financial,Capital Markets,,,21.93,-47.66,-0.03,6.63,24.65,23.35,-3.3300000000000005,2.53,-78.28,2.78,1960000.0,7.88,5.81,Aug 13/a,5.19,753280000.0,HIGH,35.75,20.79,4.58,41.04,0.3216,True,28.09,True,34.17,8.05,22.255,-9.2268,-0.85,2.086,1.0,31.15,25.0,48.21,5.81,15941944.0,>20% above 20-day SMA; fresh >10% breakout; shrinking revenue,,-10.7,,,,,,,,,,
GIII,G-III Apparel Group Ltd,Consumer Cyclical,Apparel Manufacturing,9.09,11.52,84.28,-9.65,0.56,3.11,21.48,-20.71,1.92,1.28,-26.56,1.67,616480.0,2.17,27.57,Sep 02/b,37.33,1180000000.0,HIGH,-18.38,-0.93,1.51,-13.09,0.3723,False,-7.97,False,-16.64,4.163,1.451,-2.91,-26.56,1.663,39.0,-21.12,12.0,-3.16,27.57,25646806.0,shrinking revenue,,35.4,,,,,,,,,,
GLUE,Monte Rosa Therapeutics Inc,Healthcare,Biotechnology,,,-185.83,-61.33,-0.55,5.9,30.04,-33.75,-24.47,1.36,-52.93,1.0,1460000.0,1.1,12.13,Aug 06/b,28.5,1030000000.0,HIGH,-15.17,-12.73,1.33,-9.88,0.2032,False,-12.29,False,-29.21,6.201,5.12,-3.2635,-51.9,1.154,45.0,-47.63,31.0,-22.29,12.13,16536721.0,shrinking revenue,,135.0,,,,,,,,,,
GNL,Global Net Lease Inc,Real Estate,REIT - Diversified,,,87.22,-9.95,0.0,2.85,5.94,-4.88,-8.36,1.01,-12.61,1.89,2540000.0,3.28,8.77,Aug 05/a,10.25,2029999999.9999998,HIGH,-2.99,-2.77,4.05,2.3,0.0527,False,-3.38,False,-2.59,1.489,1.14,-0.7373,-7.97,1.365,46.0,-1.57,31.0,1.74,8.77,18592407.0,shrinking revenue,,16.9,,,,,,,,,,
GNTX,Gentex Corp,Consumer Cyclical,Auto Parts,11.8,10.05,25.53,-1.0,-3.5000000000000004,3.5699999999999994,8.06,-14.3,6.36,0.85,-23.63,2.2,2540000.0,1.71,22.24,Jul 24/b,25.36,4690000000.0,HIGH,-5.92,-1.51,1.78,-0.63,0.0891,False,-2.62,False,-5.07,2.088,1.259,-1.3589,-13.7,0.948,,,40.0,-2.88,22.24,55743048.0,shrinking revenue,,14.0,,,,,,,,,,
GOGO,Gogo Inc,Communication Services,Telecom Services,,6.94,-115.72,-1.43,0.0,-1.95,16.41,-28.74,-45.15,1.2,-75.53,2.0,2009999.9999999998,2.09,2.43,Aug 06/b,10.0,329280000.0,HIGH,-9.33,-8.99,2.06,-4.04,0.1692,False,-7.69,False,-23.4,6.173,4.321,-4.0072,-48.46,0.997,36.0,-37.37,31.0,-33.24,2.43,5366796.0,shrinking revenue,,311.5,,,,,,,,,,
GPK,Graphic Packaging Holding Co,Consumer Cyclical,Packaging & Containers,14.27,8.35,-76.54,-0.73,0.69,2.83,7.85,-13.07,-0.53,0.66,-54.120000000000005,3.15,5010000.0,2.37,9.31,Aug 04/b,12.49,2760000000.0,HIGH,-22.16,-2.21,2.03,-16.87,0.3423,False,-11.17,False,-14.84,4.427,5.8,-2.5283,-24.0,1.517,30.0,-21.57,33.0,-17.97,9.31,59642799.0,shrinking revenue,,34.2,,,,,,,,,,
GPRE,Green Plains Inc,Basic Materials,Chemicals,9.83,8.69,175.96,-15.24,0.0,6.860000000000001,19.69,2.23,-8.24,1.15,-22.88,2.0,1500000.0,1.95,15.15,Aug 06/b,19.0,1060000000.0,HIGH,-6.77,3.7,1.61,-1.48,0.132,True,0.76,False,-4.88,4.437,2.112,-3.0575,-22.9,1.321,45.0,-11.97,31.0,-0.33,15.15,27311073.0,shrinking revenue,,25.4,,,,,,,,,,
GPRO,GoPro Inc,Technology,Consumer Electronics,,,-186.44,-31.259999999999998,-0.25,20.69,23.99,65.84,92.59,2.42,-57.05,5.0,33290000.0,0.49,1.31,Aug 10/a,0.5,245160000.0,HIGH,107.94,-2.96,0.17,113.23,1.379,True,15.08,True,51.16,22.159,4.58,-17.4098,-36.1,0.5,10.0,-5.76,28.0,111.29,1.31,126324974.0,>40% above 50-day SMA; shrinking revenue,,-61.8,,,,,,,,,,
GRPN,Groupon Inc,Communication Services,Internet Content & Information,,22.19,-109.93000000000002,-0.8199999999999998,0.0,-2.74,35.91,17.85,73.77,0.2,-36.19,2.75,1440000.0,2.25,19.08,Aug 06/a,30.67,775890000.0,HIGH,-2.6,-0.16,3.09,2.69,0.0875,True,0.31,False,-15.8,4.421,4.14,-2.023,-36.19,1.055,46.0,-26.56,30.0,-23.77,19.08,19991293.0,shrinking revenue,,60.7,,,,,,,,,,
GT,Goodyear Tire & Rubber Co,Consumer Cyclical,Auto Parts,,18.14,-180.59,-4.82,0.0,-0.34,14.14,-18.42,-20.6,1.22,-52.45000000000001,2.25,9940000.0,1.6,5.05,Aug 05/a,7.8,1450000000.0,HIGH,-15.41,-5.08,1.75,-10.12,0.3068,False,-13.08,False,-20.61,5.021,2.376,-2.7172,-33.2,1.332,42.0,-30.73,31.0,-25.3,5.05,51568898.0,shrinking revenue,,54.5,,,,,,,,,,
HBNC,Horizon Bancorp Inc (IN),Financial,Banks - Regional,,8.74,3.56,-1.9799999999999998,-0.59,0.6,3.65,0.72,22.36,0.83,-7.41,1.4,651680.0,1.97,19.48,Jul 22/a,22.9,1000000000.0,HIGH,-0.36,-1.52,2.58,4.93,0.0315,False,-0.69,False,-2.69,1.888,1.951,-0.8418,-7.41,1.219,34.0,-4.74,41.0,-2.84,19.48,9763565.0,shrinking revenue,,17.6,,,,,,,,,,
HCAT,Health Catalyst Inc,Healthcare,Health Information Services,,215.4,6.88,-12.68,0.44,-7.71,3.31,2.87,47.33,1.53,-50.47999999999999,2.67,974060.0,0.88,1.79,Aug 06/a,1.82,134710000.0,HIGH,16.99,-1.65,1.7,22.28,0.1925,True,6.45,False,-5.68,5.722,3.911,-3.1141,-25.42,0.841,32.0,-21.49,30.0,3.47,1.79,855459.0,shrinking revenue,,1.7,,,,,,,,,,
HLIT,Harmonic Inc,Technology,Communication Equipment,,13.76,-183.79,-3.3099999999999996,-1.79,0.78,5.45,-26.39,19.87,1.33,-37.22,2.29,1730000.0,2.47,11.1,Aug 12/a,16.14,1210000000.0,HIGH,-10.99,-1.33,2.93,-5.7,0.1458,False,-5.9,False,-7.87,4.157,4.144,-2.4817,-32.69,1.533,26.0,-7.5,26.0,-7.5,11.1,17033627.0,shrinking revenue,,45.4,,,,,,,,,,
HNST,Honest Company Inc,Consumer Defensive,Household & Personal Products,,47.73,178.76,-10.87,-2.97,3.01,11.82,41.38,91.04,2.31,-11.31,2.14,2150000.0,1.34,5.33,Aug 05/a,5.2,571830000.0,HIGH,5.54,-3.96,1.27,10.83,0.1705,False,-3.66,True,11.39,4.433,2.814,-2.7068,-11.31,0.827,11.0,-6.82,31.0,38.44,5.33,12511708.0,shrinking revenue,,-2.4,,,,,,,,,,
HOG,Harley-Davidson Inc,Consumer Cyclical,Recreational Vehicles,16.04,13.37,-16.48,-5.86,4.27,0.98,17.19,1.01,47.33,1.31,-14.11,2.7,2410000.0,1.22,25.93,Jul 23/b,28.3,2700000000.0,HIGH,-8.05,-6.02,1.7,-2.76,0.0929,False,-5.61,False,-3.1,3.785,4.011,-2.0047,-10.15,0.944,10.0,-6.29,41.0,-2.22,25.93,47328892.0,shrinking revenue,,9.1,,,,,,,,,,
HP,Helmerich & Payne Inc,Energy,Oil & Gas Drilling,,28.49,145.34,-0.58,-4.82,-1.34,7.62,16.99,13.8,0.68,-15.07,2.71,1280000.0,2.07,40.91,Aug 05/a,44.8,4090000000.0,HIGH,-6.06,-4.03,1.97,-0.77,0.1551,False,-5.73,True,3.31,4.623,1.516,-2.6899,-15.07,1.132,13.0,-6.13,31.0,22.93,40.91,58519987.0,shrinking revenue,,9.5,,,,,,,,,,
HSCS,HeartSciences Inc,Healthcare,Medical Devices,,,45.16,10.53,0.0,-7.17,2.99,182.61,102.32999999999998,1.72,6.34,1.0,2320000.0,0.08,5.2,Sep 16/b,12.0,24960000.0,HIGH,85.71,46.89,1.05,91.0,0.7418,True,48.61,True,86.12,9.085,10.192,-8.7921,-0.19,1.486,2.0,37.2,3.0,51.16,5.2,593512.0,>40% above 50-day SMA; >20% above 20-day SMA; fresh >10% breakout; post-earnings jump,,130.8,,,,,,,,,,
HTLD,Heartland Express Inc,Industrials,Trucking,,22.94,198.35,-12.48,-0.1,1.48,7.23,-17.8,23.9,1.34,-28.64,3.5,713330.0,1.82,11.87,Jul 30/b,13.2,917940000.0,HIGH,-7.55,-4.66,1.83,-2.26,0.0814,False,-3.32,False,-8.6,3.55,1.938,-2.0876,-23.81,1.471,,,36.0,-6.76,11.87,8620847.0,shrinking revenue,,11.2,,,,,,,,,,
HUBG,Hub Group Inc,Industrials,Integrated Freight & Logistics,18.83,16.97,22.21,-5.31,0.0,0.26,6.0,-26.22,-5.19,1.23,-38.57,3.14,1090000.0,1.36,32.72,Jul 30,36.33,2000000000.0,HIGH,-19.67,-7.2,1.14,-14.38,0.2865,False,-11.3,False,-22.74,5.268,2.323,-2.2501,-36.61,1.631,47.0,-30.8,,,32.72,47342191.0,shrinking revenue,,11.0,,,,,,,,,,
HZO,Marinemax Inc,Consumer Cyclical,Specialty Retail,363.99,33.37,127.37,-6.98,0.0,-1.4,11.46,50.39,109.65,1.7,0.11,2.56,633530.0,1.97,52.56,Jul 23/b,45.0,1160000000.0,HIGH,0.69,0.67,1.63,5.98,0.0093,True,0.65,True,17.08,0.275,0.495,-0.192,0.0,1.212,1.0,0.46,41.0,59.66,52.56,40005772.0,deal-pinned; shrinking revenue,,-14.4,,,,,,,,,,
IAUX,i-80 Gold Corp,Basic Materials,Gold,,,-22.74,-12.53,2.62,-4.21,11.88,15.479999999999999,35.61,1.23,-20.09,1.0,10100000.0,1.63,1.79,Aug 10/a,3.12,1550000000.0,HIGH,-1.1,5.92,1.71,4.19,0.1781,True,0.17,True,12.48,4.489,4.749,-3.2213,-7.73,1.144,21.0,3.47,28.0,7.83,1.79,17240999.0,shrinking revenue,,74.3,,,,,,,,,,
IBIO,iBio Inc,Healthcare,Biotechnology,,,39.47,-100.0,0.9899999999999999,16.62,9.35,-24.26,-39.05,1.25,-66.49,1.11,809000.0,0.55,1.28,Aug 28/b,5.69,77890000.0,HIGH,-10.49,6.67,0.76,-5.2,0.2702,False,-1.77,False,-6.85,4.855,4.687,-2.8517,-39.34,1.028,22.0,-11.72,15.0,-5.88,1.28,751847.0,shrinking revenue,,344.5,,,,,,,,,,
IE,Ivanhoe Electric Inc,Basic Materials,Copper,,,13.449999999999998,-32.21,0.0,1.71,8.99,-16.58,-16.36,1.3,-55.87,1.14,2210000.0,2.06,9.51,Aug 07/b,21.08,1520000000.0,HIGH,-15.62,-1.55,1.98,-10.33,0.3456,False,-9.35,False,-4.92,7.995,3.428,-5.112,-23.98,1.304,18.0,-15.54,30.0,-11.12,9.51,23881646.0,shrinking revenue,,121.7,,,,,,,,,,
IHT,Innsuites Hospitality Trust,Real Estate,REIT - Hotel & Motel,,,44.59,2.1,-0.91,26.44,1.38,-12.35,35.17,0.32,-32.7,,510530.0,0.17,1.42,-,,19680000.0,HIGH,-5.96,5.97,0.88,-0.67,0.1852,True,4.03,False,-8.61,6.489,8.451,-4.0325,-25.26,1.943,,,,,1.42,128625.0,illiquid (<$500K/day),,,,,,,,,,,,
IMNM,Immunome Inc,Healthcare,Biotechnology,,,-29.43,-100.0,-7.06,-0.66,15.18,27.91,15.07,2.54,-20.26,1.07,1290000.0,3.08,23.97,Aug 11/a,36.31,2720000000.0,HIGH,-15.95,-2.36,3.65,-10.66,0.2845,False,-9.42,False,-5.11,4.486,3.692,-2.1826,-20.26,1.495,22.0,-13.03,27.0,-8.69,23.97,28444924.0,shrinking revenue,,51.5,,,,,,,,,,
IMXI,International Money Express Inc,Technology,Software - Infrastructure,19.43,8.82,-62.66,-16.69,0.0,3.4000000000000004,7.18,-15.71,-23.41,0.77,-24.33,3.0,541110.0,2.46,12.07,Aug 05,16.0,364650000.0,HIGH,-14.52,-14.82,3.19,-9.23,0.1877,False,-14.0,False,-10.42,2.839,4.855,-1.8377,-19.32,1.289,25.0,3.16,,,12.07,5687713.0,shrinking revenue,,32.6,,,,,,,,,,
INDP,Indaptus Therapeutics Inc,Healthcare,Biotechnology,,,99.83,,0.0,143.84,4.48,-8.97,101.70000000000002,0.76,-58.58,1.0,731510.0,1.59,3.55,Aug 13/b,10.0,545210000.0,HIGH,175.19,13.06,0.79,180.48,2.0867,True,79.56,True,91.17,12.097,16.338,-14.8217,-13.2,1.461,2.0,10.59,26.0,248.04,3.55,3392222.0,>40% above 50-day SMA; >20% above 20-day SMA; fresh >10% breakout,,181.7,,,,,,,,,,
INSP,Inspire Medical Systems Inc,Healthcare,Medical Devices,16.67,52.23,108.87,-7.6,-0.3,-4.61,13.41,80.19,40.42,0.72,-47.78,2.78,858860.0,2.48,76.78,Aug 03/a,61.07,2220000000.0,HIGH,23.12,3.31,2.91,28.41,0.3408,True,16.1,True,29.54,4.887,9.599,-2.8521,-2.56,1.458,1.0,5.55,33.0,47.03,76.78,50314641.0,shrinking revenue,,-20.5,,,,,,,,,,
IOND,Ionic Digital Inc,Financial,Capital Markets,,,,,0.0,2.06,0.69,,,,-1.35,1.0,834320.0,4.65,84.74,Sep 19/a,85.0,3810000000.0,HIGH,23.29,6.11,5.15,28.58,0.2953,True,11.05,,,5.996,2.962,-3.0908,,,3.0,3.78,,,84.74,59566276.0,incomplete signals,,0.3,,,,,,,,,,
IOVA,Iovance Biotherapeutics Inc,Healthcare,Biotechnology,,,68.51,65.65,0.0,4.51,22.4,162.15,164.86,0.83,-6.65,1.56,16710000.0,1.37,10.25,Aug 06/b,10.22,4640000000.0,HIGH,23.64,10.69,1.65,28.93,0.3128,True,17.59,True,50.98,4.864,4.293,-3.8972,-6.65,1.146,5.0,19.19,31.0,136.18,10.25,123425178.0,>40% above 50-day SMA,,-0.3,,,,,,,,,,
IPW,iPower Inc,Consumer Cyclical,Internet Retail,,,-976.0600000000001,-78.89,77.0,1.01,4.9,-92.64,-98.59,2.9,-99.93,1.0,924160.0,1.71,1.69,-,5940.0,1620000.0,HIGH,-38.77,-12.44,0.71,-33.48,0.5973,False,-13.53,False,-60.74,23.073,11.834,-12.464,-93.63,7.376,,,,,1.69,5648974.0,shrinking revenue,,351379.3,,,,,,,,,,
IRD,Opus Genetics Inc,Healthcare,Biotechnology,,,-18.7,-73.8,-10.01,16.57,16.27,27.27,13.100000000000001,0.6,-26.729999999999997,1.0,2210000.0,2.51,5.18,Aug 06/b,13.0,430950000.0,HIGH,27.9,-13.23,1.1,33.19,0.7406,True,9.58,True,28.56,11.942,4.44,-8.9719,-26.73,1.11,8.0,19.35,31.0,39.25,5.18,27292010.0,shrinking revenue,,151.0,,,,,,,,,,
ISPC,iSpecimen Inc,Healthcare,Diagnostics & Research,,,94.17,-78.69,,382.06,5.71,-48.65,-83.29,1.64,-98.14,1.0,590600.0,0.09,1.33,-,2400.0,3350000.0,HIGH,-21.3,-9.52,0.04,-16.01,0.2679,False,-11.95,False,-30.37,9.484,4.511,-6.3676,-55.07,0.244,23.0,-38.14,,,1.33,2037642.0,shrinking revenue,,180351.1,,,,,,,,,,
ITGR,Integer Holdings Corp,Healthcare,Medical Devices,34.43,18.4,-33.29,-2.74,-13.38,4.64,7.7,38.83,49.69,0.58,-0.4099999999999999,3.09,954890.0,0.87,126.28,Aug 03/b,120.6,4290000000.0,HIGH,0.86,0.12,1.09,6.15,0.015,True,0.44,True,7.98,0.286,0.158,-0.2246,-0.41,0.732,10.0,0.62,34.0,4.18,126.28,95593943.0,deal-pinned; shrinking revenue,,-4.5,,,,,,,,,,
ITRI,Itron Inc,Technology,Scientific & Technical Instruments,15.12,13.04,-18.95,-7.23,-4.87,1.66,14.47,11.92,-2.43,1.32,-36.31,1.5,749250.0,2.37,90.44,Jul 28/b,129.6,3960000000.0,HIGH,-9.59,-1.58,3.49,-4.3,0.1225,False,-5.32,False,-4.94,2.528,2.134,-1.0967,-16.41,0.93,38.0,6.68,38.0,6.68,90.44,48144771.0,shrinking revenue,,43.3,,,,,,,,,,
JACK,Jack In The Box Inc,Consumer Cyclical,Restaurants,3.11,4.13,-10.09,-22.62,-0.72,8.74,35.03,2.03,16.71,1.44,-45.26,2.5,931330.0,0.67,13.06,Aug 12/a,20.0,250480000.0,HIGH,-24.25,-10.91,1.12,-18.96,0.3545,False,-14.86,False,-18.07,6.601,3.292,-3.7185,-43.34,0.853,27.0,-26.88,26.0,-30.38,13.06,8499711.0,shrinking revenue,,53.1,,,,,,,,,,
JELD,JELD-WEN Holding Inc,Industrials,Building Products & Equipment,,,-39.48,-0.72,-0.64,-12.869999999999997,9.79,-1.12,32.33,2.24,-70.77,3.0,1780000.0,1.48,1.76,Aug 03/a,1.93,152700000.0,HIGH,-23.48,-14.15,1.56,-18.19,0.382,False,-19.63,False,-1.27,9.74,8.807,-6.6974,-31.25,0.76,15.0,-19.27,33.0,22.22,1.76,3793174.0,shrinking revenue,,9.7,,,,,,,,,,
JTAI,Jet.AI Inc,Technology,Software - Application,0.01,,99.07,139.01,0.0,5.9,4.24,106.30999999999999,-22.11,-0.58,-98.19,1.0,1390000.0,0.1,1.38,May 15/b,7.58,4890000.0,HIGH,-12.97,10.89,1.56,-7.68,0.366,False,-0.78,False,-17.68,6.67,7.273,-4.2185,-72.55,0.077,47.0,197.81,,,1.38,124111.0,illiquid (<$500K/day),,449.3,,,,,,,,,,
KBH,KB Home,Consumer Cyclical,Residential Construction,11.44,10.65,-71.17,-27.27,-10.22,2.55,12.9,-13.059999999999999,-10.25,1.33,-30.260000000000005,3.17,1200000.0,3.02,47.12,Sep 22/a,58.42,2890000000.0,HIGH,-14.9,-4.94,2.82,-9.61,0.236,False,-9.05,False,-13.61,3.49,3.396,-1.986,-25.95,2.13,32.0,-18.83,,,47.12,64964899.0,shrinking revenue,,24.0,,,,,,,,,,
KD,Kyndryl Holdings Inc,Technology,Information Technology Services,33.65,4.84,-206.45,-3.34,0.0,4.96,14.37,9.73,-2.43,1.71,-62.63000000000001,3.43,4099999.9999999995,2.34,12.07,Aug 05/b,14.2,2630000000.0,HIGH,-3.82,-11.05,2.65,1.47,0.1066,False,-7.12,False,-6.59,4.89,8.036,-2.8658,-17.95,1.108,5.0,-8.21,32.0,-13.17,12.07,46934725.0,shrinking revenue,,17.6,,,,,,,,,,
KEEL,Keel Infrastructure Corp,Technology,Information Technology Services,,,-984.8499999999999,-60.370000000000005,6.2,28.12,20.81,-36.25,67.78,4.0,-45.59,1.17,39300000.0,1.73,4.01,Aug 10/b,6.33,2480000000.0,HIGH,20.78,16.23,1.89,26.07,0.2685,True,17.05,True,7.49,6.648,11.222,-5.5026,-37.44,1.134,1.0,11.08,29.0,17.94,4.01,124020412.0,fresh >10% breakout; shrinking revenue,,57.9,,,,,,,,,,
KIDZ,KIDZ AI Inc,Consumer Defensive,Education & Training Services,,,96.72,-33.6,-98.71,1.39,3.79,-86.71,-99.21,-0.69,-99.97,,1060000.0,0.89,2.97,-,,2560000.0,HIGH,-33.85,2.06,5.92,-28.56,0.6863,False,-22.78,False,-48.35,13.85,11.448,-6.0686,-88.21,0.218,,,,,2.97,586506.0,shrinking revenue,,,,,,,,,,,,
KLC,KinderCare Learning Companies Inc,Consumer Defensive,Education & Training Services,,9.78,-122.63999999999999,-0.37,0.03,1.56,15.79,-46.15,-5.08,3.75,-69.5,3.5,797860.0,1.14,2.24,Aug 13/a,4.13,265480000.00000003,HIGH,-18.55,-5.88,1.4,-13.26,0.2129,False,-10.49,False,-41.61,5.462,8.929,-2.9865,-60.14,0.767,33.0,-58.6,25.0,-13.85,2.24,1635565.0,shrinking revenue,,84.4,,,,,,,,,,
KLTR,Kaltura Inc,Technology,Software - Application,,26.38,25.540000000000003,5.47,-1.47,6.06,2.27,-4.29,22.94,1.19,-34.63,1.0,567130.0,1.01,1.34,Aug 05/b,3.5,204420000.0,HIGH,-16.77,-5.63,2.34,-11.48,0.2204,False,-10.59,False,-10.33,4.051,5.224,-2.2824,-34.63,0.469,32.0,-4.29,32.0,-4.29,1.34,366087.0,illiquid (<$500K/day),,161.2,,,,,,,,,,
KMPR,Kemper Corp,Financial,Insurance - Property & Casualty,,6.38,-802.6099999999999,-9.18,1.54,1.82,9.27,5.79,-10.02,1.05,-50.27,3.0,1030000.0,1.45,26.48,Aug 05/a,36.33,1560000000.0,HIGH,-2.03,-5.09,1.65,3.26,0.0854,False,-4.04,False,-5.32,3.801,2.606,-2.0383,-15.13,1.083,38.0,-10.12,31.0,-9.53,26.48,24813966.0,shrinking revenue,,37.2,,,,,,,,,,
KPTI,Karyopharm Therapeutics Inc,Healthcare,Biotechnology,,,46.41,-11.86,-0.1,14.21,53.48,-79.16,-75.68,1.0,-82.89,1.33,1540000.0,1.24,1.88,Aug 13/b,8.8,42640000.0,HIGH,-4.08,17.5,1.37,1.21,0.3132,True,4.68,False,-50.34,9.347,11.436,-5.351,-82.69,0.742,52.0,-81.29,26.0,-5.53,1.88,2452258.0,shrinking revenue,,368.1,,,,,,,,,,
KRC,Kilroy Realty Corp,Real Estate,REIT - Office,24.1,74.74,-70.55,-6.04,-4.78,-8.12,8.27,-7.01,17.43,1.18,-23.98,2.71,1280000.0,2.94,34.23,Jul 27/a,39.46,4019999999.9999995,HIGH,-6.42,-1.95,2.81,-1.13,0.1161,False,-4.54,False,-8.33,2.36,1.139,-1.0469,-16.21,1.595,48.0,-12.14,38.0,-11.46,34.23,47449367.0,shrinking revenue,,15.3,,,,,,,,,,
KREF,KKR Real Estate Finance Trust Inc,Real Estate,REIT - Mortgage,,,-269.84,-23.18,0.65,7.82,13.76,-3.82,3.9800000000000004,0.92,-30.219999999999995,2.33,921600.0,2.1,6.79,Jul 21/a,8.8,400680000.0,HIGH,-10.42,-5.03,3.22,-5.13,0.1553,False,-7.74,False,-8.04,2.803,2.062,-1.4295,-14.16,0.989,26.0,-11.36,42.0,-8.37,6.79,4366598.0,shrinking revenue,,29.6,,,,,,,,,,
KSS,Kohl's Corp,Consumer Cyclical,Department Stores,7.22,10.33,-4.65,-0.8699999999999999,-0.8199999999999998,-2.01,28.37,-4.06,28.79,1.36,-34.38,3.29,4130000.0,1.06,16.55,Aug 26/b,16.83,1880000000.0,HIGH,-5.97,-3.61,0.92,-0.68,0.2107,False,-6.55,False,-9.01,5.416,2.417,-3.3468,-19.46,0.913,34.0,-13.53,17.0,-6.39,16.55,84526007.0,shrinking revenue,,1.7,,,,,,,,,,
KTB,Kontoor Brands Inc,Consumer Cyclical,Apparel Manufacturing,13.86,10.08,-11.52,-11.56,-16.7,6.5,10.55,-15.109999999999998,-3.83,0.89,-25.4,1.91,782960.0,2.24,66.36,Aug 12/b,97.5,3630000000.0,HIGH,-19.08,-1.57,2.23,-13.79,0.3101,False,-8.54,False,-15.94,3.989,2.517,-2.4697,-25.4,1.549,56.0,-20.37,27.0,-11.47,66.36,56129027.0,shrinking revenue,,46.9,,,,,,,,,,
KULR,KULR Technology Group Inc,Technology,Electronic Components,,,-319.07,-47.64,0.0,-0.07,15.3,-40.15,-6.69,2.34,-60.5,1.0,1250000.0,0.47,2.37,Aug 13/a,7.0,109680000.0,HIGH,-7.42,-0.42,0.87,-2.13,0.2056,False,-4.51,False,-10.37,4.973,4.641,-2.8828,-44.1,0.657,27.0,-15.36,25.0,-10.23,2.37,1668856.0,shrinking revenue,,195.4,,,,,,,,,,
LCTX,Lineage Cell Therapeutics Inc,Healthcare,Biotechnology,,,77.21,-61.34,0.0,2.35,15.24,-14.88,-33.55,1.59,-50.72,1.43,1340000.0,2.4,1.03,Aug 06/a,5.5,260490000.0,HIGH,-4.63,-3.74,2.91,0.66,0.147,False,-4.5,False,-6.38,5.27,5.825,-2.769,-25.36,1.758,16.0,-8.04,30.0,-6.36,1.03,1181458.0,shrinking revenue,,434.0,,,,,,,,,,
LFMD,LifeMD Inc,Healthcare,Health Information Services,,,-156.23,-24.01,0.0,11.55,18.48,-32.21,-21.27,1.98,-56.00999999999999,1.0,938390.0,1.26,3.22,Aug 05/a,8.12,155210000.0,HIGH,-2.72,-6.4,1.51,2.57,0.1586,True,1.69,False,-9.31,5.457,4.658,-3.8311,-36.86,1.205,,,31.0,-5.29,3.22,2495349.0,shrinking revenue,,152.2,,,,,,,,,,
LHAI,Linkhome Holdings Inc,Real Estate,Real Estate Services,,,-977.78,12.76,-29.330000000000002,31.85,4.28,63.51,1.68,-0.42,-92.27,,9680000.0,0.02,1.21,-,,20000000.0,HIGH,53.75,12.04,0.04,59.04,0.6171,True,16.68,True,26.86,13.335,9.091,-9.9402,-57.39,0.098,3.0,13.08,,,1.21,5946115.0,fresh >10% breakout,,,,,,,,,,,,
LIMN,Liminatus Pharma Inc,Healthcare,Biotechnology,,,-698.35,,0.0,,12.24,-41.61,-65.32,0.77,-97.54,,683630.0,0.03,3.48,-,,4670000.0,HIGH,-32.56,-1.14,0.59,-27.27,0.5292,False,-10.38,False,-30.85,7.746,7.615,-4.2399,-66.38,0.035,26.0,-36.15,,,3.48,164519.0,illiquid (<$500K/day),,,,,,,,,,,,
LODE,Comstock Inc,Basic Materials,Other Precious Metals & Mining,,,-25.85,-19.65,,13.419999999999998,9.77,-44.44,-2.93,1.47,-46.79,1.0,1360000.0,1.62,2.65,Jul 23/b,7.0,201380000.0,HIGH,-24.72,-1.12,1.91,-19.43,0.4706,False,-14.72,False,-20.34,7.062,6.792,-2.9641,-40.32,1.536,18.0,-24.93,41.0,-31.7,2.65,3426539.0,shrinking revenue,,164.2,,,,,,,,,,
LPX,Louisiana-Pacific Corp,Industrials,Building Products & Equipment,84.68,20.89,-51.849999999999994,-12.05,-0.11,2.34,11.0,-15.78,-9.59,1.62,-34.9,1.53,1180000.0,0.98,65.32,Aug 05/b,92.07,4570000000.0,HIGH,-10.74,-2.2,1.08,-5.45,0.1554,False,-4.68,False,-9.08,3.38,3.567,-1.3349,-22.01,1.039,30.0,-13.95,32.0,-14.96,65.32,72574859.0,shrinking revenue,,41.0,,,,,,,,,,
LRN,Stride Inc,Consumer Defensive,Education & Training Services,10.95,9.95,70.14,-2.69,0.0,-1.9799999999999998,18.7,-4.71,-9.74,0.14,-49.12,1.8,848470.0,1.97,78.9,Aug 04/a,118.2,3280000000.0,HIGH,-6.47,-4.59,2.54,-1.18,0.1075,False,-5.89,False,-6.64,2.81,2.674,-1.393,-19.77,0.898,13.0,-8.99,32.0,-1.93,78.9,54928486.0,shrinking revenue,,49.8,,,,,,,,,,
LUNG,Pulmonx Corp,Healthcare,Medical Devices,,,36.74,-4.62,-3.6699999999999995,-12.64,2.54,61.72,48.92,0.33,-28.37,1.8,573700.0,0.75,2.07,Jul 29/a,3.4,88900000.0,HIGH,-8.41,5.08,1.21,-3.12,0.3941,False,-4.5,True,7.74,6.646,4.106,-4.1611,-20.08,0.532,18.0,-9.21,36.0,65.6,2.07,774890.0,shrinking revenue,,64.3,,,,,,,,,,
LVWR,LiveWire Group Inc,Consumer Cyclical,Recreational Vehicles,,,4.0,55.2,-0.18,0.14,28.76,44.25,19.85,1.63,-74.69,3.0,4300000.0,0.53,1.63,Jul 23/b,7.25,334820000.0,HIGH,35.83,48.18,3.95,41.12,0.4179,True,31.08,True,31.92,8.694,19.632,-7.7753,-54.34,0.185,2.0,36.97,41.0,111.69,1.63,779469.0,>20% above 20-day SMA; fresh >10% breakout,,344.8,,,,,,,,,,
LXP,LXP Industrial Trust,Real Estate,REIT - Industrial,61.34,138.75,-105.98,0.45000000000000007,0.0,-4.89,2.64,14.35,26.14,1.04,-1.3,2.43,767410.0,1.35,60.81,Jul 29/b,61.0,3590000000.0,HIGH,-0.15,0.0,1.35,5.14,0.0078,False,-0.06,True,0.96,0.241,0.132,-0.1806,-1.3,1.014,21.0,-0.03,37.0,0.23,60.81,46442522.0,deal-pinned,,0.3,,,,,,,,,,
LXRX,Lexicon Pharmaceuticals Inc,Healthcare,Biotechnology,,,-915.7299999999999,-97.6,0.0,5.17,13.47,1.9900000000000002,26.539999999999996,1.07,-23.51,1.8,3380000.0,2.21,2.05,Aug 06/b,3.86,912160000.0,HIGH,-10.87,3.54,2.85,-5.58,0.238,False,-5.88,False,-9.52,4.146,3.415,-2.3626,-23.51,1.173,33.0,-12.02,31.0,-13.14,2.05,5649662.0,shrinking revenue,,88.3,,,,,,,,,,
LZB,La-Z-Boy Inc,Consumer Cyclical,"Furnishings, Fixtures & Appliances",15.11,10.61,-113.04,-3.36,-7.62,-0.89,4.97,-24.76,-8.3,1.25,-33.54,2.33,646220.0,3.37,29.84,Aug 18/a,41.0,1200000000.0,HIGH,-11.48,-3.65,2.59,-6.19,0.1365,False,-5.35,False,-18.51,2.978,2.245,-1.8327,-29.71,1.575,30.0,-26.57,22.0,-12.0,29.84,26471044.0,shrinking revenue,,37.4,,,,,,,,,,
MATW,Matthews International Corp,Industrials,Conglomerates,,26.14,-253.9,-29.580000000000002,0.52,-4.51,14.39,-22.31,-16.27,1.04,-33.79,1.67,593280.0,10.7,20.48,Aug 06/a,31.33,639250000.0,HIGH,-3.71,2.86,5.81,1.58,0.1047,False,-0.86,False,-14.18,3.066,5.078,-1.4856,-29.72,2.759,39.0,-26.04,30.0,-13.59,20.48,22494294.0,shrinking revenue,,53.0,,,,,,,,,,
MDXG,Mimedx Group Inc,Healthcare,Biotechnology,121.07,35.6,-255.9,-34.73,0.0,-0.8199999999999998,8.21,29.969999999999995,14.39,1.17,-40.15,1.0,1270000.0,3.08,4.77,Jul 29/a,7.4,695280000.0,HIGH,10.16,2.8,3.51,15.45,0.1241,True,4.78,True,9.06,3.759,3.983,-1.4973,-0.63,1.249,1.0,1.71,36.0,12.77,4.77,5109091.0,shrinking revenue,,55.1,,,,,,,,,,
MEDS,DataMEDS AI Inc,Healthcare,Medical Distribution,,,-34.99,-77.15,0.0,4.32,11.3,10.91,-37.28,-4.85,-94.99,,4410000.0,3.59,3.76,Aug 17/b,,11930000.0,HIGH,174.45,334.68,1.09,179.74,3.5061,True,129.09,True,72.67,38.404,75.532,-65.2973,-69.46,9.432,4.0,334.68,24.0,154.05,3.76,67833805.0,>40% above 50-day SMA; >20% above 20-day SMA; shrinking revenue,,,,,,,,,,,,
METC,Ramaco Resources Inc,Basic Materials,Coking Coal,,,8.51,-5.33,-17.08,-6.959999999999999,32.69,-34.1,-36.15,1.67,-84.05,1.67,1990000.0,1.41,9.22,Aug 04/a,19.89,538930000.0,HIGH,-22.52,-10.4,1.26,-17.23,0.5258,False,-23.83,False,-19.28,10.606,6.508,-6.0008,-39.3,1.029,12.0,-34.19,32.0,-0.22,9.22,27146546.0,shrinking revenue,,115.7,,,,,,,,,,
MFP,Midera Food Processing Inc,Industrials,Specialty Industrial Machinery,,16.39,,,1.54,109.89999999999999,3.59,,,,-19.48,2.0,896330.0,1.89,42.34,Aug 13/a,46.67,1920000000.0,HIGH,-16.51,2.0,3.13,-11.22,0.268,False,-6.5,False,-6.65,5.663,7.936,-3.6078,,1.067,18.0,-13.15,25.0,-1.72,42.34,24492354.0,incomplete signals,,10.2,,,,,,,,,,
MMS,Maximus Inc,Industrials,Specialty Business Services,8.26,6.69,4.98,-5.15,0.0,-0.83,6.26,0.36,-18.61,0.58,-44.06,1.33,675950.0,2.88,55.94,Aug 06/b,92.5,2930000000.0,HIGH,-3.92,-5.75,3.28,1.37,0.0778,False,-3.23,False,-3.87,2.859,1.913,-1.6356,-12.33,1.54,33.0,-10.08,31.0,-4.1,55.94,34141110.0,shrinking revenue,,65.4,,,,,,,,,,
MNRO,Monro Inc,Consumer Cyclical,Auto Parts,60.23,29.66,70.53,-4.62,0.0,-5.55,29.04,-22.19,-21.07,1.1,-49.39,2.2,1070000.0,2.6,12.1,Jul 29/b,22.0,378300000.0,HIGH,-3.59,-5.91,2.62,1.7,0.1335,False,-4.23,False,-11.29,4.475,4.711,-4.2294,-33.15,1.277,46.0,-29.69,37.0,-8.75,12.1,13526307.0,shrinking revenue,,81.8,,,,,,,,,,
MRTN,Marten Transport Ltd,Industrials,Trucking,87.1,20.56,-25.85,-2.77,0.0,5.99,5.82,-19.88,11.57,1.01,-26.950000000000003,2.67,698810.0,2.33,13.5,Jul 23/a,17.5,1100000000.0,HIGH,-9.58,-3.5,2.51,-4.29,0.1079,False,-4.55,False,-10.87,2.529,1.63,-1.3703,-25.08,1.838,46.0,-21.37,40.0,-17.18,13.5,9061978.0,shrinking revenue,,29.6,,,,,,,,,,
MSS,Maison Solutions Inc,Consumer Defensive,Grocery Stores,,1.21,-455.41999999999996,-13.48,-22.83,33.95,17.01,-57.3,-78.53,4.07,-99.21,1.0,2780000.0,0.07,1.56,Jul 01,162.5,1330000.0,HIGH,5.41,-9.3,0.09,10.7,0.273,False,-0.11,False,-12.53,8.874,13.462,-5.7446,-62.81,0.039,,,,,1.56,3601082.0,shrinking revenue,,10316.7,,,,,,,,,,
MTH,Meritage Homes Corp,Consumer Cyclical,Residential Construction,13.22,10.66,-32.91,-13.77,-0.06,1.23,7.05,-16.48,5.07,1.33,-25.920000000000005,2.25,830030.0,3.08,63.25,Jul 29/a,81.38,4120000000.0,HIGH,-11.76,-2.51,3.27,-6.47,0.2105,False,-6.12,False,-10.62,3.28,2.261,-2.0158,-25.92,1.565,,,36.0,-10.68,63.25,51809742.0,shrinking revenue,,28.7,,,,,,,,,,
MTN,Vail Resorts Inc,Consumer Cyclical,Resorts & Casinos,31.76,22.69,-16.37,-6.98,0.0,3.16,16.42,-3.44,3.0,0.77,-14.41,2.53,704770.0,2.41,139.8,Sep 28/a,147.54,4980000000.0,HIGH,-8.51,-0.51,2.26,-3.22,0.1791,True,0.02,False,-3.81,3.395,2.496,-2.27,-12.89,1.518,38.0,-5.72,,,139.8,104712051.0,shrinking revenue,,5.5,,,,,,,,,,
MXCT,MaxCyte Inc,Healthcare,Medical Devices,,,28.42,-14.529999999999998,0.0,-4.53,1.37,-1.6500000000000001,58.14,1.48,-36.19,1.33,1050000.0,0.46,1.19,Aug 12/a,4.1,122820000.0,HIGH,-13.77,1.28,1.13,-8.48,0.2185,False,-4.97,False,-3.15,5.06,4.202,-2.603,-22.73,0.481,26.0,-6.3,26.0,-6.3,1.19,540224.0,shrinking revenue,,244.5,,,,,,,,,,
MYGN,Myriad Genetics Inc,Healthcare,Diagnostics & Research,,,87.25,-10.51,-0.11,-6.06,8.82,-14.32,-18.11,1.64,-54.71,3.3,2000000.0,1.76,3.89,Jul 30/a,3.37,372080000.0,HIGH,21.56,2.64,1.74,26.85,0.3878,True,14.99,False,-3.2,6.39,7.969,-3.8699,-39.5,1.505,2.0,0.78,35.0,36.01,3.89,7060513.0,shrinking revenue,,-13.4,,,,,,,,,,
NAGE,Niagen Bioscience Inc,Consumer Defensive,Packaged Foods,15.89,19.3,-72.01,-4.28,0.0,-8.56,8.0,-14.57,-36.92,2.01,-71.58,1.0,626200.0,0.97,2.99,Aug 04/a,12.08,236590000.0,HIGH,-6.85,-1.64,1.6,-1.56,0.1316,False,-4.24,False,-6.37,2.938,2.007,-1.8127,-17.86,0.743,34.0,-12.06,32.0,1.01,2.99,1185563.0,shrinking revenue,,304.0,,,,,,,,,,
NATL,NCR Atleos Corp,Technology,Software - Application,17.7,8.51,42.73,-0.09,0.0,4.86,6.15,4.61,6.4399999999999995,0.57,-5.9,3.0,697090.0,2.28,45.64,Aug 05/b,50.2,3370000000.0,HIGH,-1.66,-1.36,2.24,3.63,0.0278,False,-1.0,False,-1.87,1.272,0.8,-0.7361,-5.31,1.44,43.0,-3.33,32.0,-2.5,45.64,32678971.0,shrinking revenue,,10.0,,,,,,,,,,
NAVI,Navient Corp,Financial,Credit Services,,9.84,89.9,-11.91,0.0,3.1400000000000006,12.37,17.55,17.26,1.16,-29.56,3.38,1160000.0,3.33,9.51,Aug 06/a,9.69,891880000.0,HIGH,0.63,-2.76,2.78,5.92,0.0866,True,0.0,True,4.91,3.789,4.89,-2.2114,-6.31,1.886,5.0,0.96,30.0,4.74,9.51,13304815.0,shrinking revenue,REVIEW,1.9,,,,,,,,,,
NEOG,Neogen Corp,Healthcare,Medical Devices,,31.71,98.16,-0.07,0.02,1.9799999999999998,4.9,39.63,49.43,1.79,0.0,1.8,2140000.0,3.49,13.0,Oct 06/a,13.33,2840000000.0,HIGH,8.79,8.79,3.08,14.08,0.137,True,8.92,True,15.72,3.231,2.769,-1.3962,-0.54,1.717,4.0,8.79,,,13.0,29291551.0,shrinking revenue,,2.5,,,,,,,,,,
NKTR,Nektar Therapeutics,Healthcare,Biotechnology,,,58.379999999999995,-9.34,-2.91,31.33,18.36,10.04,-10.34,-0.8,-38.44,1.33,872470.0,3.22,67.1,Aug 13/a,144.4,2290000000.0,HIGH,-9.35,-2.04,3.45,-4.06,0.1665,False,-6.62,False,-6.36,4.262,3.145,-2.1804,-13.71,1.981,32.0,-7.78,25.0,-8.11,67.1,57505792.0,shrinking revenue,,115.2,,,,,,,,,,
NMFC,New Mountain Finance Corp,Financial,Asset Management,,6.66,152.77,-82.98,-0.52,,3.77,-2.37,-11.41,0.65,-29.960000000000004,3.14,584360.0,1.28,6.99,Aug 03/a,8.29,660220000.0,HIGH,-7.54,-3.59,1.7,-2.25,0.1128,False,-5.39,False,-4.43,2.248,2.432,-1.2178,-11.29,1.067,26.0,-9.34,33.0,-3.32,6.99,3220018.0,shrinking revenue,,18.6,,,,,,,,,,
NN,NextNav Inc,Technology,Software - Infrastructure,,,50.1,-4.33,-0.29,7.99,15.43,-21.78,-23.3,1.16,-41.77,1.0,2600000.0,2.39,14.22,Aug 11/a,33.67,2400000000.0,HIGH,-18.97,-8.49,2.54,-13.68,0.1712,False,-7.57,False,-7.08,6.167,10.809,-3.3922,-28.61,1.009,28.0,-7.84,27.0,-20.25,14.22,37293791.0,shrinking revenue,,136.8,,,,,,,,,,
NRIX,Nurix Therapeutics Inc,Healthcare,Biotechnology,,,-55.54,-79.47,-2.86,-6.559999999999999,18.16,44.96,70.51,1.81,-9.88,1.21,1460000.0,1.94,25.44,Jul 09/a,33.93,2640000000.0,HIGH,-4.79,-0.31,2.16,0.5,0.0942,False,-1.88,True,1.14,4.206,3.086,-1.7741,-9.88,1.369,22.0,-5.53,50.0,10.32,25.44,34010747.0,shrinking revenue,,33.4,,,,,,,,,,
NTLA,Intellia Therapeutics Inc,Healthcare,Biotechnology,,,18.15,-46.23,-0.61,29.93,32.8,-22.53,-7.68,1.8,-57.03,2.26,4030000.0000000005,2.14,12.14,Aug 06/b,23.81,1700000000.0,HIGH,-5.45,2.27,2.31,-0.16,0.1847,False,-2.65,True,0.96,4.896,4.984,-3.0414,-34.31,1.334,18.0,-3.34,31.0,10.67,12.14,46228299.0,shrinking revenue,,96.1,,,,,,,,,,
NUAI,New Era Energy & Digital Inc,Technology,Software - Infrastructure,,,2.39,-82.55,0.0,130.63,31.34,-6.24,19.35,1.22,-37.96,1.0,7390000.0,1.14,5.86,Aug 14/a,10.67,624440000.0,HIGH,20.7,4.64,1.38,25.99,0.4163,True,8.54,True,14.16,8.709,9.386,-7.2757,-16.05,0.945,9.0,8.32,24.0,15.58,5.86,33735773.0,shrinking revenue,,82.1,,,,,,,,,,
NUS,Nu Skin Enterprises Inc,Consumer Defensive,Household & Personal Products,,3.95,-1304.66,-17.1,-1.18,-0.1,9.57,-8.76,-35.85,0.9,-68.67,3.0,641010.0,2.06,4.58,Aug 10/a,12.77,222940000.0,HIGH,-3.38,-5.95,2.48,1.91,0.0891,False,-3.75,False,-7.75,4.476,3.93,-2.3308,-16.73,1.078,7.0,-5.57,28.0,-5.95,4.58,2531821.0,shrinking revenue,,178.8,,,,,,,,,,
NVAX,Novavax Inc,Healthcare,Biotechnology,,,-153.98,-76.3,0.0,0.07,31.12,10.73,3.8,2.44,-15.54,2.29,4390000.0,2.54,10.11,Aug 06/b,14.71,1670000000.0,HIGH,13.09,5.42,1.88,18.38,0.2027,True,5.22,True,17.15,6.415,3.858,-3.7008,-5.95,1.326,13.0,7.9,31.0,31.3,10.11,57345641.0,shrinking revenue,,45.5,,,,,,,,,,
NVTS,Navitas Semiconductor Corp,Technology,Semiconductors,,,-284.43,-27.339999999999996,-10.14,13.819999999999999,17.72,-52.410000000000004,24.65,3.96,-66.55,2.86,14950000.0,1.43,11.43,Jul 27/a,14.37,2980000000.0,HIGH,-11.87,4.96,1.77,-6.58,0.235,False,-1.5,False,-5.73,5.764,3.893,-4.1318,-41.59,1.001,25.0,-16.33,38.0,14.19,11.43,140422042.0,shrinking revenue,,25.7,,,,,,,,,,
OCSL,Oaktree Specialty Lending Corp,Financial,Asset Management,25.88,9.11,-19.34,-67.83,0.42,,3.39,7.33,10.94,0.57,-12.78,3.0,520460.00000000006,1.25,12.41,Aug 05/b,12.5,1090000000.0,HIGH,-4.46,-2.36,1.41,0.83,0.0892,False,-3.54,False,-1.01,2.009,2.417,-1.1626,-6.9,0.992,14.0,-4.69,32.0,2.9,12.41,5936176.0,shrinking revenue,,0.7,,,,,,,,,,
OGN,Organon & Co,Healthcare,Drug Manufacturers - General,17.52,3.77,-28.360000000000003,-2.26,0.7,0.09,6.4,1.86,118.17999999999999,1.54,-0.76,3.0,2750000.0,1.8,13.68,Aug 11,14.0,3590000000.0,HIGH,-0.51,0.22,1.54,4.78,0.0152,False,-0.3,True,0.32,0.274,0.146,-0.1705,-0.76,0.922,10.0,-0.65,,,13.68,43933974.0,deal-pinned; shrinking revenue,,2.3,,,,,,,,,,
OGS,ONE Gas Inc,Utilities,Utilities - Regulated Gas,16.23,14.85,39.88,-2.86,0.0,1.83,5.79,-2.05,-12.72,0.62,-17.17,1.7,576150.0,1.91,75.19,Aug 04/a,89.19,4730000000.0,HIGH,-4.62,-2.7,2.07,0.67,0.0897,False,-4.62,False,-5.24,2.025,1.49,-1.2472,-8.73,1.369,23.0,-5.99,32.0,-2.77,75.19,41625803.0,shrinking revenue,,18.6,,,,,,,,,,
OI,O-I Glass Inc,Consumer Cyclical,Packaging & Containers,,4.04,-19384.0,-2.23,1.18,2.26,9.9,-34.24,-41.35,0.67,-64.1,2.3,3310000.0,2.39,6.07,Jul 28/a,9.59,932710000.0,HIGH,-15.46,-5.45,2.4,-10.17,0.268,False,-11.54,False,-19.17,4.589,2.636,-3.6881,-40.08,1.273,55.0,-36.7,37.0,-21.17,6.07,22267568.0,shrinking revenue,,58.0,,,,,,,,,,
OIS,Oil States International Inc,Energy,Oil & Gas Equipment & Services,,11.48,112.45,-5.29,-0.8500000000000001,-0.73,4.3,5.79,-31.290000000000003,1.2,-42.0,1.75,637180.0,1.8,8.41,Jul 30/b,11.0,507310000.0,HIGH,-2.77,0.24,2.23,2.52,0.092,False,-2.27,False,-1.5,3.627,2.378,-2.0212,-8.88,1.067,25.0,-3.56,36.0,10.95,8.41,4410314.0,shrinking revenue,,30.8,,,,,,,,,,
OLED,Universal Display Corp,Technology,Electronic Components,18.95,16.62,-24.92,-11.43,0.28,5.73,9.55,-11.96,-17.91,1.53,-48.95,1.64,772970.0,2.76,78.3,Jul 30/a,114.0,3600000000.0,HIGH,-8.78,2.19,2.48,-3.49,0.1712,False,-4.63,False,-5.86,3.981,2.478,-2.8069,-17.06,1.515,28.0,-13.52,35.0,-2.32,78.3,70364136.0,shrinking revenue,,45.6,,,,,,,,,,
OLN,Olin Corp,Basic Materials,Chemicals,,26.88,-933.63,-0.93,0.0,-2.49,10.18,-23.49,-34.22,1.21,-44.72,2.68,3170000.0,1.24,16.84,Jul 30/a,21.5,1920000000.0,HIGH,-8.48,-0.24,1.41,-3.19,0.0851,False,-2.82,False,-12.45,3.724,2.672,-2.0495,-32.15,0.985,44.0,-23.42,35.0,-9.02,16.84,48384890.0,shrinking revenue,,27.7,,,,,,,,,,
ONT,Onterris Inc,Industrials,Waste Management,,87.91,-90.95,-20.42,1.19,12.75,12.29,5.35,-19.08,1.79,-41.39,2.14,688740.0,1.39,18.11,Aug 05/a,20.33,635980000.0,HIGH,14.11,-3.98,1.75,19.4,0.2145,True,4.9,False,-1.07,4.77,6.378,-3.2057,-22.35,0.868,7.0,1.63,31.0,20.01,18.11,9348603.0,shrinking revenue,,12.3,,,,,,,,,,
OPEN,Opendoor Technologies Inc,Real Estate,Real Estate Services,,,-321.36,-43.65,-0.0,10.27,25.53,-42.73,-50.19,3.74,-75.6,3.0,55150000.0,0.74,2.56,Aug 04/a,4.27,2490000000.0,HIGH,-27.48,-8.24,1.33,-22.19,0.4321,False,-16.15,False,-28.59,5.622,4.297,-2.8395,-53.41,0.809,51.0,-46.56,32.0,-31.91,2.56,91008672.0,shrinking revenue,,66.8,,,,,,,,,,
OPTU,Optimum Communications Inc,Communication Services,Telecom Services,,,-225.51000000000002,-5.75,2.44,-24.22,10.94,-6.09,-18.8,1.17,-61.29,3.54,6280000.0,1.09,1.08,Aug 06/b,1.08,411950000.0,HIGH,27.36,9.31,3.09,32.65,0.243,True,8.55,True,18.49,7.216,7.407,-5.423,-39.33,0.947,18.0,25.58,31.0,37.76,1.08,2214575.0,shrinking revenue,,0.0,,,,,,,,,,
ORBS,Eightco Holdings Inc,Consumer Cyclical,Packaging & Containers,,,111.55999999999999,-72.71,0.77,11.28,7.84,0.97,10.18,2.61,-93.48,,13680000.0,1.29,1.04,-,,446970000.0,HIGH,18.18,8.9,1.26,23.47,0.4558,True,16.38,True,37.45,11.243,11.058,-9.5654,-13.33,0.923,9.0,15.04,,,1.04,12696007.0,shrinking revenue,,,,,,,,,,,,
ORGO,Organogenesis Holdings Inc,Healthcare,Drug Manufacturers - Specialty & Generic,,,-702.49,-56.68,0.0,5.05,20.01,-41.8,-40.83,1.27,-79.94,3.0,803800.0,1.25,1.42,Aug 06/a,2.0,182720000.0,HIGH,-21.11,-5.33,1.44,-15.82,0.3335,False,-11.61,False,-28.76,5.961,5.634,-3.3542,-47.21,0.866,43.0,-46.01,30.0,-23.66,1.42,1112497.0,shrinking revenue,,40.8,,,,,,,,,,
OSS,One Stop Systems Inc,Technology,Computer Hardware,182.09,150.83,-216.2,-33.74,-0.44,6.1,22.95,-50.92,-11.88,1.45,-56.66,1.0,1020000.0,0.72,9.05,Aug 05/b,19.25,225750000.0,HIGH,-20.61,3.78,1.01,-15.32,0.3838,False,-8.4,False,-22.33,5.335,3.867,-3.3285,-52.79,0.823,,,32.0,-31.02,9.05,7125171.0,shrinking revenue,,112.7,,,,,,,,,,
OVID,Ovid Therapeutics Inc,Healthcare,Biotechnology,,,-15.329999999999998,-88.31,0.0,26.839999999999996,11.43,18.5,16.96,0.22,-13.37,1.0,2160000.0,2.73,2.69,Aug 13/b,6.0,525350000.0,HIGH,-3.93,-1.82,3.72,1.36,0.1192,False,-2.45,True,2.69,4.331,3.717,-2.3792,-8.81,1.488,22.0,-5.28,26.0,2.67,2.69,4354720.0,shrinking revenue,,123.0,,,,,,,,,,
OXSQ,Oxford Square Capital Corp,Financial,Asset Management,,5.77,-32.89,-41.87,4.35,,4.34,-5.22,-26.16,0.33,-38.65,3.0,1630000.0,0.74,1.27,Jul 31/b,1.75,136790000.0,HIGH,-9.93,-5.93,0.84,-4.64,0.1065,False,-5.33,False,-10.6,2.925,3.15,-1.232,-21.12,1.172,48.0,-13.61,35.0,-11.81,1.27,1928001.0,shrinking revenue,,37.8,,,,,,,,,,
PAAI,Paradium.AI Inc,Communication Services,Internet Content & Information,7.65,50.0,-100.16000000000001,-50.72,0.0,-2.19,4.66,42.86,-41.18,0.46,-78.96,3.0,933360.0,49.38,1.5,Aug 10/a,2.0,71420000.0,HIGH,64.84,59.57,9.27,70.13,1.9327,True,34.23,True,29.31,29.952,123.333,-63.0852,-56.77,7.665,2.0,66.67,28.0,-6.25,1.5,9852610.0,>20% above 20-day SMA; fresh >10% breakout; shrinking revenue,,33.3,,,,,,,,,,
PACB,Pacific Biosciences of California Inc,Healthcare,Medical Devices,,,-3.08,-1.91,-0.45000000000000007,0.43,17.39,-2.14,-2.14,2.28,-49.82,2.25,6540000.0,0.76,1.37,Aug 05/a,2.16,425840000.0,HIGH,1.48,1.48,0.83,6.77,0.2531,True,0.62,True,1.87,5.37,4.38,-5.9703,-25.54,0.826,18.0,7.03,31.0,17.09,1.37,8151901.0,shrinking revenue,,57.7,,,,,,,,,,
PAL,Proficient Auto Logistics Inc,Industrials,Integrated Freight & Logistics,,7.07,-147.34,-5.32,-0.21,-2.71,12.63,-46.68,-35.22,1.23,-63.45,1.75,521770.0,3.78,4.01,Aug 10/a,12.0,112490000.0,HIGH,-24.77,-18.99,3.01,-19.48,0.2889,False,-19.72,False,-32.94,6.972,6.359,-3.4104,-47.85,2.046,,,28.0,-21.37,4.01,3122734.0,shrinking revenue,,199.3,,,,,,,,,,
PATK,Patrick Industries Inc,Consumer Cyclical,Recreational Vehicles,16.34,13.04,33.27,-0.56,2.11,-0.71,13.95,-21.36,-37.93,1.15,-53.73,1.73,647690.0,2.3,68.71,Jul 30/b,107.55,2210000000.0,HIGH,-17.62,-5.85,2.76,-12.33,0.2907,False,-12.62,False,-17.14,3.884,1.892,-1.6972,-28.57,1.424,30.0,-20.58,36.0,-18.2,68.71,41084693.0,shrinking revenue,,56.5,,,,,,,,,,
PAVS,Paranovus Entertainment Technology Ltd,Consumer Defensive,Packaged Foods,,,26.05,70797.99,0.0,0.0,3.88,-72.68,-98.79,-0.13,-100.0,1.0,1090000.0,0.0,4.07,-,210.0,3540000.0,HIGH,-19.09,-7.71,0.24,-13.8,0.3649,False,-13.91,False,-20.59,7.453,1.474,-4.6319,-59.7,0.01,29.0,-33.82,,,4.07,98425.0,illiquid (<$500K/day),,5059.7,,,,,,,,,,
PAYO,Payoneer Global Inc,Technology,Software - Infrastructure,51.52,23.62,-114.06,5.24,-0.03,1.6200000000000003,5.52,1.5700000000000003,56.7,0.88,-0.7,3.0,4080000.0,1.32,7.13,Aug 06/b,7.72,2420000000.0,HIGH,0.28,-0.14,2.13,5.57,0.0117,True,0.06,True,0.13,0.541,0.421,-0.3236,-0.7,1.138,11.0,0.14,31.0,0.28,7.13,17977758.0,deal-pinned,,8.3,,,,,,,,,,
PBI,Pitney Bowes Inc,Industrials,Integrated Freight & Logistics,13.73,9.25,116.73,-2.25,-68.64,-0.04,12.31,-3.71,65.52,1.64,-11.64,2.6,2000000.0,2.41,16.85,Jul 29/a,19.56,2310000000.0,HIGH,2.25,-2.77,2.75,7.54,0.0645,False,-1.61,False,-3.13,2.849,3.561,-1.4499,-11.64,1.448,46.0,-7.37,36.0,-4.59,16.85,29921295.0,shrinking revenue,,16.1,,,,,,,,,,
PEB,Pebblebrook Hotel Trust,Real Estate,REIT - Hotel & Motel,,,178.49,-0.1,-1.36,-2.04,15.5,-5.35,46.79,1.44,-9.48,3.0,2290000.0,1.89,18.04,Jul 29/a,19.02,2040000000.0,HIGH,-2.38,0.5,2.03,2.91,0.0566,False,-0.2,False,-2.32,3.096,2.051,-1.4952,-9.48,1.06,43.0,-6.58,36.0,-3.58,18.04,38380528.0,shrinking revenue,,5.4,,,,,,,,,,
PETS,Petmed Express Inc,Healthcare,Pharmaceutical Retailers,,,82.78,-19.86,0.36,-8.04,4.41,-8.0,-35.08,0.83,-60.73,5.0,633100.0,0.4,1.61,Aug 13/a,2.15,34900000.0,HIGH,-8.52,-3.59,2.8,-3.23,0.2221,False,-7.95,False,-13.81,3.727,2.484,-1.9647,-31.49,1.424,41.0,-17.86,25.0,-12.02,1.61,156536.0,illiquid (<$500K/day); shrinking revenue,,33.5,,,,,,,,,,
PHIO,Phio Pharmaceuticals Corp,Healthcare,Biotechnology,,,21.14,,4.09,-0.24,2.13,0.0,-12.710000000000003,0.84,-75.42,1.0,615240.0,0.25,1.03,Aug 07/b,14.0,11970000.0,HIGH,-12.71,0.0,0.98,-7.42,0.2441,False,-5.06,False,-3.36,5.014,4.854,-2.4572,-16.94,0.135,22.0,-1.9,30.0,-0.96,1.03,175235.0,illiquid (<$500K/day),,1259.2,,,,,,,,,,
PLAY,Dave & Buster's Entertainment Inc,Communication Services,Entertainment,,,-210.7,-2.39,0.54,2.73,26.13,-43.68,-51.09,1.92,-69.55,2.17,1980000.0,1.58,6.73,Sep 14/a,13.43,234410000.0,HIGH,-34.34,-20.54,1.0,-29.05,0.5428,False,-21.8,False,-29.97,9.548,3.878,-6.121,-45.55,3.617,34.0,-37.92,4.0,-1.9,6.73,24714494.0,shrinking revenue,,99.6,,,,,,,,,,
PLRX,Pliant Therapeutics Inc,Healthcare,Biotechnology,,,48.78,,0.0,-7.000000000000001,5.44,-4.31,-16.54,1.27,-43.08,3.5,503010.0,0.87,1.11,Aug 11/a,1.51,68730000.0,HIGH,-3.9,-3.48,1.11,1.39,0.0982,False,-2.33,True,0.43,4.569,3.604,-3.0064,-9.76,0.956,18.0,-2.63,27.0,7.77,1.11,448903.0,illiquid (<$500K/day),,36.0,,,,,,,,,,
POLA,Polar Power Inc,Industrials,Electrical Equipment & Parts,,,-355.98,-62.36999999999999,0.0,12.82,9.55,-30.17,-31.319999999999997,1.17,-78.26,1.0,1030000.0,0.03,1.25,-,35.0,5390000.0,HIGH,-16.67,-5.3,0.25,-11.38,0.2638,False,-8.46,False,-18.83,5.2,4.0,-2.5214,-47.03,0.045,34.0,-23.31,,,1.25,176639.0,illiquid (<$500K/day); shrinking revenue,,2700.0,,,,,,,,,,
POST,Post Holdings Inc,Consumer Defensive,Packaged Foods,14.06,10.64,-27.889999999999997,-1.83,-5.5,-3.4099999999999997,15.96,-13.390000000000002,-21.39,0.39,-34.71,1.67,955330.0,2.17,76.57,Aug 06/a,105.17,3370000000.0,HIGH,-4.88,-3.53,2.15,0.41,0.1255,False,-5.83,False,-9.11,2.869,1.985,-1.9247,-21.63,1.382,38.0,-16.14,30.0,-2.69,76.57,78056008.0,shrinking revenue,,37.4,,,,,,,,,,
PPLI,People Inc,Communication Services,Internet Content & Information,6.59,32.44,160.9,-25.590000000000003,-0.05,-11.85,15.17,-15.289999999999997,-5.83,1.06,-25.1,1.67,956060.0,1.46,36.19,Aug 03/a,57.36,2690000000.0,HIGH,-5.9,-7.13,1.45,-0.61,0.0923,False,-5.63,False,-11.29,3.043,2.155,-1.6356,-25.1,0.978,55.0,-21.22,33.0,-13.96,36.19,36745519.0,shrinking revenue,,58.5,,,,,,,,,,
PRGO,Perrigo Company plc,Healthcare,Drug Manufacturers - Specialty & Generic,,5.57,977.7999999999998,-3.17,0.0,1.9799999999999998,16.33,32.29,40.52,0.7,-40.13,2.4,3190000.0,2.16,13.56,Aug 05/b,15.33,1880000000.0,HIGH,-4.84,-0.66,2.56,0.45,0.1334,False,-4.28,True,8.26,4.172,3.835,-2.208,-9.6,1.103,10.0,-4.98,32.0,25.79,13.56,38042142.0,shrinking revenue,,13.1,,,,,,,,,,
PRIM,Primoris Services Corp,Industrials,Engineering & Construction,30.35,14.79,-129.13,-10.71,-7.739999999999999,-1.8500000000000003,9.54,-23.86,-46.09,1.44,-62.470000000000006,1.62,1620000.0,1.75,77.13,Aug 04/a,118.27,4150000000.0000005,HIGH,-0.06,3.99,2.28,5.23,0.0958,True,2.76,False,-4.35,3.861,2.891,-2.362,-22.32,1.433,33.0,-12.19,32.0,-7.52,77.13,93501613.0,shrinking revenue,,53.3,,,,,,,,,,
PRKS,United Parks & Resorts Inc,Consumer Cyclical,Leisure,13.45,9.38,-7.21,-1.41,-1.24,-9.85,13.74,-26.69,5.75,1.24,-38.63,2.23,681410.0,3.25,34.19,Aug 04/b,48.45,1550000000.0,HIGH,-24.58,-6.89,3.12,-19.29,0.3277,False,-14.04,False,-20.79,5.008,5.44,-2.5506,-31.62,1.564,55.0,-27.44,33.0,-24.87,34.19,27475939.0,shrinking revenue,,41.7,,,,,,,,,,
PROK,ProKidney Corp,Healthcare,Biotechnology,,,-20.38,-32.13,-0.34,3.06,36.18,4.37,-2.05,1.79,-45.11,2.0,1290000.0,7.3,1.91,Aug 10/a,6.25,577440000.0,HIGH,18.63,5.52,6.05,23.92,0.2296,True,4.63,True,15.0,6.346,9.948,-4.6398,-14.73,2.226,12.0,3.24,28.0,18.63,1.91,2882037.0,shrinking revenue,,227.2,,,,,,,,,,
PSN,Parsons Corp,Technology,Information Technology Services,31.0,13.22,-128.34,-0.53,3.9,4.95,5.19,-14.150000000000002,-10.65,0.7,-49.92,1.6,1400000.0,2.2,44.82,Jul 29/b,58.1,4790000000.0,HIGH,-8.62,-4.52,2.59,-3.33,0.1163,False,-5.01,False,-9.51,3.516,4.306,-2.4229,-28.06,0.912,16.0,-7.85,37.0,11.16,44.82,55633128.0,shrinking revenue,,29.6,,,,,,,,,,
PUMP,ProPetro Holding Corp,Energy,Oil & Gas Equipment & Services,,28.58,4.06,-6.24,-62.5,31.259999999999998,14.38,-28.95,-28.71,0.86,-43.35,1.82,3880000.0,2.2,10.48,Jul 29/b,16.38,1290000000.0,HIGH,-7.5,-0.19,2.4,-2.21,0.1985,False,-5.35,False,-9.68,5.314,2.653,-3.3247,-30.6,1.388,,,37.0,2.64,10.48,39165520.0,shrinking revenue,,56.3,,,,,,,,,,
PURR,Hyperliquid Strategies Inc,Financial,Capital Markets,21.69,28.76,43889.58,,0.0,66.03,13.71,51.83,140.85,,-0.35,1.0,16420000.000000002,3.51,14.09,Aug 27/b,22.3,3350000000.0,HIGH,33.18,18.9,2.02,38.47,0.2813,True,18.93,True,58.07,8.795,8.801,-7.1128,-2.63,1.57,1.0,9.82,16.0,21.89,14.09,342281784.0,>40% above 50-day SMA,,58.3,,,,,,,,,,
PVH,PVH Corp,Consumer Cyclical,Apparel Manufacturing,,5.87,-148.29,-3.2400000000000007,0.88,1.67,9.48,-4.83,14.610000000000001,1.76,-27.190000000000005,2.12,999090.0,1.21,73.35,Sep 02/a,87.45,3380000000.0,HIGH,-6.56,0.47,1.08,-1.27,0.149,False,-0.18,False,-6.82,3.736,2.168,-2.6665,-19.51,1.129,34.0,-15.36,11.0,1.47,73.35,81995659.0,shrinking revenue,,19.2,,,,,,,,,,
PYXS,Pyxis Oncology Inc,Healthcare,Biotechnology,,,-33.64,-100.0,-0.13,0.58,5.53,64.04,116.23000000000002,1.34,-40.0,1.2,1330000.0,0.42,3.33,Aug 13/b,8.44,277750000.0,HIGH,8.12,-2.92,0.61,13.41,0.2931,False,-1.28,True,8.39,9.713,3.303,-5.5881,-19.76,0.487,10.0,-6.59,26.0,10.63,3.33,3180094.0,shrinking revenue,,153.5,,,,,,,,,,
PZZA,Papa John's International Inc,Consumer Cyclical,Restaurants,24.83,14.66,-12.98,-8.84,0.0,7.51,18.71,-45.76,-41.31,1.12,-64.51,2.56,1310000.0,2.23,19.78,Aug 06/b,30.82,651190000.0,HIGH,-17.38,-9.35,2.11,-12.09,0.2549,False,-11.25,False,-24.47,4.33,3.033,-2.6567,-46.47,1.298,,,31.0,-19.72,19.78,30080848.0,shrinking revenue,,55.8,,,,,,,,,,
QMCO,Quantum Corp,Technology,Computer Hardware,,29.87,-277.09,25.69,-0.05,13.23,7.39,60.83,383.43,3.13,-9.75,1.0,1440000.0,1.3,25.09,Aug 10/a,26.5,988800000.0,HIGH,12.76,9.9,1.82,18.05,0.1694,True,6.58,True,40.27,7.314,4.026,-4.3639,-9.75,0.761,2.0,5.29,28.0,112.99,25.09,24385337.0,>40% above 50-day SMA,,5.6,,,,,,,,,,
QUCY,Quantum Cyber NV,Healthcare,Diagnostics & Research,,,97.59,-100.0,0.0,-17.76,8.87,-21.59,134.73,2.38,-72.01,1.0,2000000.0,0.15,1.38,Apr 14,9.0,116010000.0,HIGH,6.15,4.55,0.38,11.44,0.2755,False,-2.11,True,3.66,7.236,4.348,-5.109,-28.12,0.468,12.0,-6.76,,,1.38,1139433.0,shrinking revenue,,552.2,,,,,,,,,,
RAMP,LiveRamp Holdings Inc,Technology,Software - Infrastructure,15.56,9.56,143.93,9.84,0.0,0.49,10.4,-0.21,37.85,1.27,-1.49,3.0,1040000.0,2.5,37.66,Aug 05/a,38.5,2290000000.0,HIGH,0.21,0.03,2.2,5.5,0.0093,False,-0.16,False,-0.27,0.391,0.743,-0.2711,-1.49,1.481,3.0,0.13,31.0,-0.37,37.66,44535719.0,deal-pinned,,2.2,,,,,,,,,,
RBBN,Ribbon Communications Inc,Technology,Software - Application,21.03,11.03,-141.4,-12.8,0.0,-0.9199999999999999,3.27,-32.81,-21.82,1.38,-57.95,1.4,795170.0,2.1,1.72,Jul 28/a,3.3,307580000.0,HIGH,-15.27,-14.0,1.89,-9.98,0.2553,False,-11.36,False,-16.15,5.606,7.558,-3.3175,-29.51,2.01,,,37.0,-16.1,1.72,1655286.0,shrinking revenue,,91.9,,,,,,,,,,
RC,Ready Capital Corp,Real Estate,REIT - Mortgage,,,-79.69,-60.260000000000005,0.01,-2.08,13.2,-5.14,5.06,1.55,-62.36000000000001,3.29,1250000.0,4.25,1.66,Aug 06/a,1.8,274220000.0,HIGH,-11.7,1.84,4.49,-6.41,0.2553,False,-4.6,False,-0.34,4.389,6.024,-2.8468,-17.0,1.709,18.0,-12.17,30.0,7.1,1.66,2017895.0,shrinking revenue,,8.4,,,,,,,,,,
RCUS,Arcus Biosciences Inc,Healthcare,Biotechnology,,,,-74.38,-0.27,3.3099999999999996,15.39,3.83,12.53,0.94,-20.47,1.46,1420000.0,2.04,25.24,Aug 05/a,39.27,3210000000.0,HIGH,-16.81,4.86,1.83,-11.52,0.3621,False,-10.39,False,-11.06,5.125,2.853,-3.1327,-20.47,1.641,18.0,-16.2,31.0,-8.88,25.24,42751936.0,shrinking revenue,,55.6,,,,,,,,,,
REF,Reformation Inc,Consumer Cyclical,Apparel Retail,,,,,-9.4,43.36,13.21,,,,-15.24,1.33,639190.0,5.24,14.63,Sep 10/a,19.25,864340000.0,HIGH,1.04,0.83,5.35,6.33,0.2133,True,2.28,,,6.533,6.083,-4.33,,,,,6.0,11.25,14.63,9082613.0,incomplete signals,,31.6,,,,,,,,,,
RGP,Resources Connection Inc,Industrials,Consulting Services,,,78.98,-23.84,0.0,-7.44,2.94,-6.38,4.49,0.54,-28.58,2.5,517640.0,1.34,3.96,Jul 22/a,5.67,137420000.0,HIGH,-8.76,-6.38,2.21,-3.47,0.1548,False,-4.32,False,-6.86,4.69,2.02,-3.1722,-18.69,0.933,12.0,-4.35,41.0,5.32,3.96,1297283.0,shrinking revenue,,43.2,,,,,,,,,,
RHI,Robert Half Inc,Industrials,Staffing & Employment Services,32.53,18.96,-35.39,-2.44,0.0,-0.22,21.94,18.33,62.88,0.83,-19.96,3.25,2260000.0,1.29,37.38,Jul 23/a,34.78,3830000000.0,HIGH,-16.47,-3.49,1.38,-11.18,0.3231,False,-9.77,False,-8.11,4.252,3.13,-2.3818,-19.96,1.014,15.0,-16.88,40.0,5.92,37.38,87897224.0,shrinking revenue,,-7.0,,,,,,,,,,
RLAY,Relay Therapeutics Inc,Healthcare,Biotechnology,,,-0.44,-48.3,-12.18,23.4,25.38,18.64,88.4,1.72,-11.42,1.07,3190000.0,3.16,18.84,Aug 06/a,27.08,4130000000.0,HIGH,-3.09,-1.15,2.99,2.2,0.1047,False,-1.17,False,-2.46,3.887,3.822,-2.1584,-11.42,1.54,22.0,-8.59,30.0,-4.61,18.84,64101816.0,shrinking revenue,,43.7,,,,,,,,,,
RNST,Renasant Corp,Financial,Banks - Regional,12.17,10.34,8726.17,-0.63,-2.68,0.67,4.98,-2.57,17.16,1.02,-8.8,1.29,648520.0,2.93,40.62,Jul 28/a,47.86,3710000000.0,HIGH,-2.12,-0.9,3.08,3.17,0.0384,False,-0.63,False,-3.97,2.115,1.576,-0.9669,-8.8,1.52,33.0,-7.53,37.0,-7.32,40.62,25178324.0,shrinking revenue,,17.8,,,,,,,,,,
RPD,Rapid7 Inc,Technology,Software - Infrastructure,39.34,6.55,-30.64,-1.55,-0.03,10.91,11.25,77.86,89.7,1.02,-42.86,3.27,2450000.0,2.26,11.97,Aug 10/a,11.96,806790000.0,HIGH,1.01,-6.41,2.65,6.3,0.3349,True,0.72,True,3.83,7.608,8.104,-7.4789,-19.09,1.37,26.0,-2.44,28.0,3.1,11.97,25033767.0,shrinking revenue,,-0.1,,,,,,,,,,
RWAY,Runway Growth Finance Corp,Financial,Asset Management,61.94,4.99,42.77,-124.47,-6.65,-0.9399999999999998,10.41,20.11,-4.84,0.63,-37.45,2.38,570610.0,0.41,6.69,Aug 06/a,8.04,280380000.0,HIGH,0.75,-0.45,0.62,6.04,0.0357,True,1.23,True,7.53,1.968,1.196,-1.0613,-4.29,0.607,26.0,-1.33,30.0,11.87,6.69,2534617.0,shrinking revenue,,20.2,,,,,,,,,,
RXRX,Recursion Pharmaceuticals Inc,Healthcare,Biotechnology,,,40.28,-60.099999999999994,-0.88,3.49,37.21,18.58,13.65,1.05,-46.66,2.14,18810000.0,2.36,3.83,Aug 05/b,7.22,2049999999.9999998,HIGH,9.43,12.32,2.6,14.72,0.1982,True,12.67,True,17.52,5.537,8.616,-5.3398,-6.36,1.323,1.0,8.19,32.0,20.82,3.83,58931566.0,shrinking revenue,,88.5,,,,,,,,,,
SBET,Sharplink Inc,Financial,Capital Markets,,63.75,56.02,1553.26,-0.29,17.48,17.28,76.75,21.74,10.61,-52.14,1.0,9450000.0,1.72,9.35,Aug 10/b,15.67,2029999999.9999998,HIGH,18.2,2.19,1.72,23.49,0.1869,True,9.86,True,31.0,7.097,8.449,-5.7989,-1.48,1.131,1.0,13.2,29.0,51.29,9.35,80371367.0,fresh >10% breakout,,67.6,,,,,,,,,,
SDGR,Schrodinger Inc,Healthcare,Health Information Services,,,113.42000000000002,7.539999999999999,-0.76,-1.18,17.52,84.14,137.87,1.62,-4.57,1.57,1360000.0,3.86,29.02,Aug 05/a,21.43,2170000000.0,HIGH,47.23,39.86,2.89,52.52,0.5973,True,36.79,True,57.4,5.903,5.755,-7.3907,-4.57,3.339,4.0,39.86,31.0,76.95,29.02,44315580.0,>40% above 50-day SMA; >20% above 20-day SMA,,-26.2,,,,,,,,,,
SDOT,Sadot Group Inc,Consumer Defensive,Farm Products,,,435.47,-100.0,0.0,0.09,10.68,-30.53,-69.62,-1.54,-95.68,3.0,2880000.0,0.14,11.24,Aug 14/b,3000.0,16350000.000000002,HIGH,-14.72,-6.57,0.14,-9.43,0.7713,False,-19.09,False,-23.13,9.386,14.324,-22.8091,-89.4,0.069,19.0,-14.72,25.0,2.09,11.24,53204079.0,shrinking revenue,,26590.4,,,,,,,,,,
SECZ,Securitize Corp,Technology,Software - Application,,31.69,-5304.17,,0.0,5.17,2.18,-2.25,-0.18,0.87,-22.7,1.0,1720000.0,12.35,10.86,Aug 12/a,11.8,1770000000.0,HIGH,77.16,32.28,7.49,82.45,0.6341,True,45.34,True,50.42,7.537,16.759,-7.027,,3.037,2.0,39.77,26.0,90.53,10.86,24945839.0,incomplete signals; >40% above 50-day SMA; >20% above 20-day SMA; fresh >10% breakout,,8.7,,,,,,,,,,
SEER,Seer Inc,Healthcare,Biotechnology,,,8.4,-23.43,-0.14,-0.03,0.39,6.9,7.829999999999999,1.49,-22.82,1.0,1080000.0,0.52,1.86,Aug 11/a,4.0,102990000.0,HIGH,-8.37,-2.62,3.25,-3.08,0.1029,False,-4.98,False,-9.36,2.469,3.763,-1.2197,-20.51,0.496,34.0,-16.22,27.0,-13.08,1.86,336449.0,illiquid (<$500K/day); shrinking revenue,,115.1,,,,,,,,,,
SFNC,Simmons First National Corp,Financial,Banks - Regional,,9.95,5.91,-0.69,0.0,-0.2,3.73,4.52,22.41,0.94,-5.88,2.14,1410000.0,1.84,22.89,Jul 16/a,25.79,3310000000.0,HIGH,-0.52,-1.55,2.09,4.77,0.0542,False,-0.15,False,-1.34,2.091,1.529,-1.2446,-5.88,1.117,35.0,-2.22,45.0,-0.26,22.89,28322507.0,shrinking revenue,,12.7,,,,,,,,,,
SHOE,Shoe Station Group Inc,Consumer Cyclical,Apparel Retail,14.82,9.1,-67.28,-7.21,0.34,3.6699999999999995,39.4,-18.01,-24.97,1.36,-43.51,2.33,862150.0,4.35,13.07,Sep 10/b,15.0,355290000.0,HIGH,-15.51,1.24,2.59,-10.22,0.2536,False,-3.83,False,-10.42,6.542,4.667,-3.647,-19.37,1.885,29.0,-17.02,7.0,6.43,13.07,19160442.0,shrinking revenue,,14.8,,,,,,,,,,
SHPH,Shuttle Pharmaceuticals Holdings Inc,Healthcare,Drug Manufacturers - Specialty & Generic,,,94.37,,-95.34,-1.43,6.24,-7.23,-66.15,1.18,-94.26,,2110000.0,0.01,3.21,-,,2049999.9999999998,HIGH,-14.63,-6.96,0.47,-9.34,0.1855,False,-8.25,False,-9.92,7.906,9.19,-5.2609,-47.8,0.011,32.0,-12.05,,,3.21,185827.0,illiquid (<$500K/day),,,,,,,,,,,,
SIGA,SIGA Technologies Inc,Healthcare,Drug Manufacturers - Specialty & Generic,,,-64.94,-49.45,0.0,0.71,8.63,-27.310000000000002,-30.130000000000003,1.05,-62.44,,740340.0,1.01,3.14,Aug 06/a,11.57,225610000.0,HIGH,3.29,-0.32,1.02,8.58,0.1203,True,1.18,False,-1.0,4.754,6.051,-2.7767,-27.82,0.885,10.0,-2.79,30.0,2.95,3.14,2274738.0,shrinking revenue,,268.5,,,,,,,,,,
SITC,SITE Centers Corp,Real Estate,REIT - Retail,1.23,,-103.3,-67.47,0.0,-1.58,10.07,-19.3,-29.880000000000003,0.98,-44.24,3.0,1160000.0,2.56,2.95,Aug 03/a,3.5,154800000.0,HIGH,-3.91,1.72,2.63,1.38,0.1048,True,0.8,False,-13.89,2.542,2.373,-1.5777,-38.54,1.29,,,33.0,-6.94,2.95,2858691.0,shrinking revenue,,18.6,,,,,,,,,,
SKYQ,Sky Quarry Inc,Energy,Oil & Gas Integrated,,,5.76,-100.0,0.0,-8.18,4.28,135.9,-18.34,2.1,-85.81,,11140000.0,0.08,2.76,-,,24380000.0,HIGH,0.36,-12.1,0.32,5.65,0.2947,False,-1.67,False,-18.33,12.51,5.616,-5.6925,-60.57,0.541,4.0,-12.1,,,2.76,8306565.0,shrinking revenue,,,,,,,,,,,,
SLDP,Solid Power Inc,Consumer Cyclical,Auto Parts,,,24.98,-103.54999999999998,-0.13,-5.99,14.11,-13.94,-21.84,1.99,-72.12,1.0,3590000.0,1.37,2.47,Aug 04/a,6.88,563610000.0,HIGH,4.22,0.41,1.82,9.51,0.1356,True,1.93,True,6.19,5.02,6.073,-2.9057,-9.02,0.875,12.0,6.01,32.0,15.42,2.47,6547179.0,shrinking revenue,,178.5,,,,,,,,,,
SLE,Super League Enterprise Inc,Communication Services,Internet Content & Information,,,95.03,0.27,0.0,-6.570000000000001,6.49,58.879999999999995,8.97,1.48,-96.28,1.0,1290000.0,0.32,5.1,Aug 14/b,10.67,12610000.0,HIGH,26.55,11.6,1.33,31.84,0.4163,True,20.96,True,45.65,9.29,16.627,-7.4036,-30.8,0.12,1.0,10.87,25.0,124.67,5.1,1354426.0,>40% above 50-day SMA; >20% above 20-day SMA; fresh >10% breakout,,109.2,,,,,,,,,,
SLM,SLM Corp,Financial,Credit Services,7.03,7.48,-8.56,-2.76,0.0,1.46,9.48,8.99,28.13,0.97,-19.19,2.09,2490000.0,2.03,25.1,Jul 23/a,28.55,4720000000.0,HIGH,-5.14,-4.92,2.71,0.15,0.0859,False,-4.01,False,-4.12,2.86,1.673,-1.7339,-11.21,1.055,25.0,-9.52,40.0,3.8,25.1,48579919.0,shrinking revenue,REVIEW,13.7,,,,,,,,,,
SMG,Scotts Miracle-Gro Company,Basic Materials,Agricultural Inputs,45.82,10.86,-25.509999999999998,-1.34,-0.22999999999999998,6.63,10.4,-19.06,-18.59,1.84,-30.5,1.88,929450.0,1.27,52.36,Jul 29/b,76.6,3050000000.0,HIGH,-14.18,-6.35,1.47,-8.89,0.1907,False,-10.07,False,-16.54,3.319,3.209,-1.4803,-30.5,0.95,46.0,-22.99,37.0,-25.55,52.36,46357163.0,shrinking revenue,,46.3,,,,,,,,,,
SMPL,Simply Good Foods Co,Consumer Defensive,Packaged Foods,,5.98,-242.88,-6.29,1.07,-4.3,9.24,-19.79,-30.519999999999996,0.18,-62.580000000000005,2.2,2400000.0,2.06,10.13,Jul 09/b,14.38,896110000.0,HIGH,-6.89,1.91,2.15,-1.6,0.2175,False,-4.84,False,-7.39,4.989,4.146,-3.1095,-32.86,1.28,11.0,-10.2,51.0,-21.11,10.13,24274326.0,shrinking revenue,,42.0,,,,,,,,,,
SMR,NuScale Power Corp,Industrials,Specialty Industrial Machinery,,,1.36,-99.07,-84.57,15.509999999999998,16.09,-29.56,-31.03,2.35,-85.6,2.61,33040000.0,1.95,8.27,Aug 05/a,11.97,3550000000.0,HIGH,-12.02,-2.82,1.6,-6.73,0.332,False,-11.74,False,-8.52,8.866,11.85,-6.7657,-27.26,1.322,9.0,-14.74,31.0,-11.83,8.27,371725209.0,shrinking revenue,,44.7,,,,,,,,,,
SON,Sonoco Products Co,Consumer Cyclical,Packaging & Containers,7.53,7.72,178.77,-1.24,1.49,11.79,10.35,-3.63,-5.73,0.33,-19.5,2.14,1160000.0,1.58,48.84,Jul 22/a,62.89,4830000000.0,HIGH,-17.89,1.08,1.51,-12.6,0.311,False,-7.1,False,-11.53,3.361,1.74,-1.7441,-19.5,1.147,40.0,-13.28,41.0,-11.44,48.84,63207392.0,shrinking revenue,,28.8,,,,,,,,,,
SPIR,Spire Global Inc,Industrials,Specialty Business Services,,,-114.03000000000002,-5.91,-6.69,27.190000000000005,11.07,-39.91,-6.559999999999999,2.8,-56.04,1.5,822620.0,2.86,11.4,Aug 12/a,20.88,463100000.0,HIGH,-18.22,0.53,3.69,-12.93,0.324,False,-7.92,False,-10.13,5.934,9.737,-3.5172,-43.56,1.264,28.0,-18.75,26.0,-18.22,11.4,7789665.0,shrinking revenue,,83.2,,,,,,,,,,
SPRO,Spero Therapeutics Inc,Healthcare,Biotechnology,10.35,,-443.89000000000004,-100.0,-0.17,1.81,2.82,-50.44,-54.25,1.51,-63.31,2.0,1250000.0,0.4,1.13,Aug 12/a,5.0,65810000.0,HIGH,-7.38,-0.88,1.43,-2.09,0.147,False,-4.26,False,-11.62,3.597,8.407,-1.4873,-51.71,0.264,,,26.0,-5.04,1.13,414604.0,illiquid (<$500K/day); shrinking revenue,,342.5,,,,,,,,,,
SR,Spire Inc,Utilities,Utilities - Regulated Gas,8.83,14.43,1126.29,-0.4,-0.06,1.46,4.65,2.83,-13.48,0.53,-16.87,1.6,543930.0,2.26,79.23,Aug 05/b,92.33,4680000000.0,HIGH,-2.09,-2.62,2.23,3.2,0.0645,False,-3.17,False,-3.09,2.059,1.704,-1.2766,-6.4,1.451,17.0,-4.78,32.0,-0.41,79.23,44980492.0,shrinking revenue,,16.5,,,,,,,,,,
SRPT,Sarepta Therapeutics Inc,Healthcare,Biotechnology,,25.9,-102.46,-34.34,0.0,4.61,24.51,14.719999999999999,20.78,0.36,-20.58,2.8,3390000.0,1.86,20.11,Aug 05/a,21.86,2120000000.0,HIGH,7.03,-3.87,1.93,12.32,0.2587,False,-3.07,True,8.4,7.342,5.569,-4.7942,-14.86,1.029,12.0,-5.72,31.0,26.24,20.11,68400360.0,shrinking revenue,,8.7,,,,,,,,,,
SRXH,SRX Global Inc,Consumer Defensive,Packaged Foods,,,98.37,-52.62,0.0,5.07,7.9,-77.08,-77.37,0.94,-95.98,1.0,4580000.0,0.25,1.67,Aug 13/a,600.0,32880000.000000004,HIGH,-10.22,-0.6,1.73,-4.93,0.2596,True,0.51,False,-5.55,6.826,8.982,-3.4869,-69.41,0.337,,,25.0,-8.74,1.67,1097679.0,shrinking revenue,,35828.1,,,,,,,,,,
SSP,E.W. Scripps Co,Communication Services,Broadcasting,,,-2057.38,-9.2,-0.67,2.14,7.91,9.82,-7.6499999999999995,0.7,-43.97,3.0,699970.0,3.09,3.02,Aug 06/a,4.93,279860000.0,HIGH,-7.65,-4.43,3.28,-2.36,0.111,False,-5.82,False,-4.08,5.771,2.318,-1.9101,-21.56,1.309,22.0,-8.48,30.0,2.37,3.02,2096152.0,shrinking revenue,,63.2,,,,,,,,,,
SST,System1 Inc,Industrials,Specialty Business Services,,,30.89,-61.34,0.34,-15.869999999999997,9.37,16.84,120.53,1.57,-64.19,1.0,540260.0,0.63,3.33,Aug 05/a,6.5,34930000.0,HIGH,72.54,2.15,0.25,77.83,1.2422,True,11.13,True,40.74,20.418,14.114,-12.4704,-38.9,0.337,13.0,48.66,31.0,100.6,3.33,4576619.0,>40% above 50-day SMA; shrinking revenue,,95.2,,,,,,,,,,
SSTK,Shutterstock Inc,Communication Services,Internet Content & Information,,,-618.96,-16.93,0.0,-9.79,8.75,-65.66,-73.34,1.16,-84.61,3.0,1150000.0,1.61,4.54,Aug 04/a,25.0,167740000.0,HIGH,-14.66,-13.69,1.83,-9.37,0.2845,False,-14.81,False,-23.36,7.222,9.251,-4.4557,-68.58,0.861,,,32.0,-24.58,4.54,5355474.0,shrinking revenue,,450.7,,,,,,,,,,
SSYS,Stratasys Ltd,Technology,Computer Hardware,,42.67,3.44,-0.35,0.0,1.77,3.98,-10.31,2.96,1.99,-37.55,1.5,717150.0,1.25,8.0,Aug 13/b,12.0,700700000.0,HIGH,1.27,5.96,1.25,6.56,0.0879,True,3.1,False,-1.8,3.277,3.625,-2.3338,-14.16,1.177,28.0,-9.71,26.0,-9.5,8.0,5560697.0,shrinking revenue,,50.0,,,,,,,,,,
STDN,Standard Nuclear Inc,Basic Materials,Specialty Chemicals,,,,,1.22,55.13,4.49,,,,-25.95,1.12,1060000.0,1.14,12.84,Aug 27/b,17.5,2009999999.9999998,HIGH,1.58,4.48,1.37,6.87,0.4066,False,-4.79,,,9.468,7.243,-6.8115,,,14.0,-8.94,16.0,-6.28,12.84,12517174.0,incomplete signals,,36.3,,,,,,,,,,
STOK,Stoke Therapeutics Inc,Healthcare,Biotechnology,,,-131.96,-32.51,-0.51,9.62,20.94,-8.29,-14.34,1.25,-29.31,1.0,891440.0,1.75,28.43,Aug 03/a,46.46,1830000000.0,HIGH,-11.95,-3.95,1.93,-6.66,0.2189,False,-6.65,False,-6.84,4.401,3.166,-2.1336,-16.23,1.182,18.0,-12.04,33.0,-3.82,28.43,24674284.0,shrinking revenue,,63.4,,,,,,,,,,
STXS,Stereotaxis Inc,Healthcare,Medical Instruments & Supplies,,,-1.49,-12.82,0.0,0.42,6.57,-29.26,-26.919999999999998,1.36,-62.95,1.0,866880.0,0.77,1.33,Aug 11/a,3.0,133270000.00000001,HIGH,-6.34,0.0,1.3,-1.05,0.1754,False,-2.88,False,-5.49,4.834,5.263,-2.393,-31.44,0.708,16.0,-8.28,27.0,-5.0,1.33,700438.0,shrinking revenue,,125.6,,,,,,,,,,
SUNE,SUNation Energy Inc,Technology,Solar,,,83.37,-37.52,100.01,16.57,2.23,-3.53,24.24,2.55,-73.97,3.0,4550000.0,0.06,2.46,Mar 18/a,15000.0,16020000.0,HIGH,7.89,-24.07,0.03,13.18,0.9008,False,-7.13,False,-4.55,19.425,13.008,-21.8759,-49.49,0.08,8.0,3.8,,,2.46,32667778.0,shrinking revenue,,609656.1,,,,,,,,,,
SVC,Service Properties Trust,Real Estate,REIT - Hotel & Motel,,,-659.08,-16.32,465.68000000000006,66.7,4.22,-23.31,-35.2,1.72,-56.940000000000005,2.0,1820000.0,2.07,6.48,Aug 05/a,10.42,839220000.0,HIGH,-19.7,-2.85,2.35,-14.41,0.3032,False,-11.76,False,-18.28,3.604,3.704,-1.4523,-28.16,1.227,50.0,-25.94,31.0,-17.77,6.48,11586587.0,shrinking revenue,,60.8,,,,,,,,,,
SWRD,Stewards Inc,Financial,Credit Services,,,-76.28,4.61,,0.0,,-40.28,-28.33,1.67,-71.33,,641830.0,0.53,2.15,-,,453910000.0,LOW,,,,,,,,,,,,,,,,,,,,,low data confidence; incomplete signals,REVIEW,,,,,,,,,,,
TBPH,Theravance Biopharma Inc,Healthcare,Biotechnology,16.86,9.13,-110.55999999999999,-20.86,-10.19,-0.88,3.32,2.65,21.48,0.19,-19.07,3.0,643610.0,1.06,17.02,Aug 10/b,17.0,883660000.0,HIGH,0.06,-0.06,1.66,5.35,0.0051,False,-0.11,True,0.38,0.313,0.176,-0.1284,-4.06,0.818,12.0,-0.06,29.0,0.65,17.02,7010799.0,deal-pinned; shrinking revenue,,-0.1,,,,,,,,,,
TDAY,USA TODAY Co Inc,Communication Services,Publishing,,21.93,-84.8,-8.3,-0.05,0.4099999999999999,21.76,-20.81,-3.85,1.4,-32.25,2.0,2150000.0,1.7,6.24,Aug 06/b,8.7,916140000.0,HIGH,-3.55,-5.31,1.56,1.74,0.068,False,-2.23,False,-15.23,4.064,3.045,-1.6831,-32.25,1.011,34.0,-28.19,31.0,-22.0,6.24,14884931.0,shrinking revenue,,39.4,,,,,,,,,,
TDOC,Teladoc Health Inc,Healthcare,Health Information Services,,,-15.72,-3.95,-9.85,5.48,14.05,-21.93,14.13,2.13,-36.28,2.58,4560000.0,1.21,6.3,Jul 29/a,7.58,1140000000.0,HIGH,-1.41,-3.08,1.63,3.88,0.0873,False,-0.38,False,-13.56,3.951,2.46,-2.2749,-36.28,0.788,47.0,-32.04,36.0,-4.26,6.3,21385115.0,shrinking revenue,,20.3,,,,,,,,,,
TDS,Telephone And Data Systems Inc,Communication Services,Telecom Services,13.19,166.03,5025.29,-73.92,-0.57,5.81,6.04,-9.32,-14.580000000000002,0.31,-26.91,2.25,1200000.0,2.41,35.9,Aug 07/b,47.5,3860000000.0,HIGH,6.85,-4.8,2.07,12.14,0.2228,True,0.46,True,3.13,3.185,1.978,-2.4014,-6.78,1.458,11.0,0.08,30.0,8.85,35.9,50591113.0,shrinking revenue,,32.3,,,,,,,,,,
TH,Target Hospitality Corp,Industrials,Specialty Business Services,,23.59,39.95,38.71,0.06,27.12,6.5,5.11,132.86,1.49,1.63,1.0,1490000.0,3.32,21.19,Aug 10/b,26.33,2109999999.9999998,HIGH,18.71,14.23,2.2,24.0,0.2265,True,12.64,True,21.97,4.395,3.492,-4.4974,-1.07,1.726,2.0,12.95,29.0,31.86,21.19,43092678.0,fresh >10% breakout,,24.3,,,,,,,,,,
THO,Thor Industries Inc,Consumer Cyclical,Recreational Vehicles,13.66,15.87,-26.66,-3.91,0.0,2.75,10.07,-6.370000000000001,-11.24,1.42,-44.83,2.61,650000.0,2.7,67.77,Sep 22/b,84.0,3530000000.0,HIGH,-14.74,-7.77,2.62,-9.45,0.1879,False,-9.06,False,-11.0,3.707,2.081,-1.6667,-17.02,1.653,28.0,-14.77,,,67.77,49084638.0,shrinking revenue,,23.9,,,,,,,,,,
THRY,Thryv Holdings Inc,Technology,Software - Application,,,-219.47,-28.389999999999997,11.74,0.8100000000000002,7.98,-47.71,-33.45,0.86,-85.65,2.5,755600.0,2.15,1.83,Aug 04/b,4.0,81320000.0,HIGH,-12.02,-8.04,2.26,-6.73,0.1708,False,-4.5,False,-32.61,7.931,9.071,-4.5563,-58.74,1.311,51.0,-55.15,33.0,-38.38,1.83,1378545.0,shrinking revenue,,118.6,,,,,,,,,,
TMCI,Treace Medical Concepts Inc,Healthcare,Medical Devices,,,11.63,-4.24,2.52,-9.64,3.28,7.16,242.75000000000003,1.48,-40.99,3.0,565870.0,0.61,4.49,Aug 07/b,5.5,292010000.0,HIGH,3.46,-3.02,1.39,8.75,0.1293,False,-2.38,False,-0.01,4.828,4.788,-3.2837,-13.62,0.632,11.0,-4.47,30.0,2.51,4.49,1138763.0,shrinking revenue,,22.5,,,,,,,,,,
TNGX,Tango Therapeutics Inc,Healthcare,Biotechnology,,,-5.04,-100.0,-0.48,22.97,34.34,-22.24,12.58,1.18,-36.75,1.17,3000000.0,2.08,21.75,Aug 11/b,45.18,3670000000.0,HIGH,-8.92,-11.37,2.52,-3.63,0.1733,False,-7.63,False,-15.75,5.9,8.391,-3.332,-35.13,1.242,,,28.0,-17.43,21.75,58260715.0,shrinking revenue,,107.7,,,,,,,,,,
TRIP,TripAdvisor Inc,Consumer Cyclical,Travel Services,875.25,8.22,-31.259999999999998,-16.47,-0.58,-0.04,26.17,-31.819999999999997,-4.84,0.86,-56.15,3.0,3540000.0,1.29,8.84,Aug 06/b,13.17,1040000000.0,HIGH,-11.6,-4.23,1.23,-6.31,0.1951,False,-5.83,False,-23.08,4.194,4.412,-1.8314,-41.65,1.022,38.0,-38.1,31.0,-15.16,8.84,34511720.0,shrinking revenue,,49.0,,,,,,,,,,
TRLV,Trulieve Cannabis Corp,Healthcare,Drug Manufacturers - Specialty & Generic,,19.25,-2821.78,-10.31,-5.37,26.030000000000005,0.89,9.6,74.61,1.8,-16.64,1.0,1300000.0,9.74,11.07,Aug 07/b,18.18,2130000000.0,HIGH,-0.27,-4.73,5.78,5.02,0.1261,False,-4.24,True,10.94,6.627,9.666,-3.5077,-13.24,2.758,11.0,-5.3,30.0,26.51,11.07,25202543.0,shrinking revenue,,64.2,,,,,,,,,,
TRN,Trinity Industries Inc,Industrials,Railroads,6.74,12.58,608.23,-4.17,-1.41,5.82,5.3,-18.77,-5.82,1.34,-26.899999999999995,3.0,699340.0,2.71,28.0,Jul 30/b,34.0,2230000000.0,HIGH,-6.01,-0.28,3.4,-0.72,0.0932,False,-2.17,False,-10.97,2.411,1.714,-1.0364,-26.91,1.272,38.0,-24.53,36.0,-18.41,28.0,15893788.0,shrinking revenue,,21.4,,,,,,,,,,
TSHA,Taysha Gene Therapies Inc,Healthcare,Biotechnology,,,-40.13,-100.0,-0.65,11.07,17.7,-21.81,10.09,1.17,-31.230000000000004,1.08,3220000.0,2.83,5.02,Aug 11/a,13.0,1640000000.0,HIGH,-17.57,0.2,3.04,-12.28,0.2898,False,-9.16,False,-13.55,5.073,6.375,-1.8675,-29.49,1.981,28.0,-21.19,27.0,-21.62,5.02,16139607.0,shrinking revenue,,159.0,,,,,,,,,,
TSSI,TSS Inc,Technology,Information Technology Services,16.65,26.86,-15.83,-20.08,-17.09,18.38,14.87,-37.61,-22.46,2.0,-61.14000000000001,1.0,867130.0,0.63,8.46,Aug 13/a,15.5,238730000.0,HIGH,-3.31,0.12,0.67,1.98,0.1527,True,0.9,False,-11.26,5.361,3.428,-3.2907,-34.11,0.692,27.0,-25.79,25.0,-12.6,8.46,6858212.0,shrinking revenue,,83.2,,,,,,,,,,
TTEC,TTEC Holdings Inc,Technology,Information Technology Services,,1.13,-89.29,-11.04,0.0,-12.05,22.1,-42.99,-58.36,0.97,-69.39,2.33,539460.0,2.21,1.22,Aug 10/a,3.0,60140000.0,HIGH,-10.95,-2.4,3.04,-5.66,0.1992,False,-7.51,False,-32.16,5.152,6.557,-2.4094,-56.12,1.184,33.0,-51.2,28.0,-29.48,1.22,512477.0,shrinking revenue,,145.9,,,,,,,,,,
TVRD,Tvardi Therapeutics Inc,Healthcare,Biotechnology,,,31.47,,0.0,-12.41,2.64,-38.02,-55.71,0.35,-96.27,1.78,2350000.0,0.05,1.63,Aug 14/b,9.25,21740000.0,HIGH,-12.37,-10.93,0.98,-7.08,0.1801,False,-9.72,False,-23.23,6.315,4.172,-3.2662,-71.35,0.313,10.0,-11.89,25.0,-7.91,1.63,222756.0,illiquid (<$500K/day),,467.5,,,,,,,,,,
UA,Under Armour Inc,Consumer Cyclical,Apparel Manufacturing,,24.73,121.31,-3.27,0.37,9.86,23.25,-18.23,-19.19,1.52,-39.29,3.07,2950000.0,1.41,4.8,Aug 07/b,6.02,2080000000.0,HIGH,-8.4,-2.24,1.82,-3.11,0.1091,False,-3.21,False,-16.62,3.701,3.125,-2.2233,-34.47,0.906,47.0,-25.81,30.0,-19.06,4.8,11114896.0,shrinking revenue,,25.4,,,,,,,,,,
UAA,Under Armour Inc,Consumer Cyclical,Apparel Manufacturing,,25.01,121.31,-3.27,0.5,10.04,28.1,-19.47,-20.13,1.6,-40.12,3.14,8650000.0,1.54,4.88,Aug 07/b,5.95,2080000000.0,HIGH,-9.46,-2.98,1.7,-4.17,0.1115,False,-3.95,False,-17.21,4.04,3.689,-2.2515,-34.93,1.217,47.0,-26.17,30.0,-20.13,4.88,39503953.0,shrinking revenue,,21.9,,,,,,,,,,
UAMY,United States Antimony Corp,Basic Materials,Other Industrial Metals & Mining,,63.14,-50.0,-24.7,0.54,8.14,24.57,-41.02,-49.18,0.37,-76.51,1.0,6520000.0,1.4,4.63,Aug 11/a,11.19,692970000.0,HIGH,-15.66,-2.11,1.41,-10.37,0.2316,False,-7.2,False,-14.59,6.464,3.024,-4.6103,-43.47,0.843,30.0,-25.44,27.0,-6.84,4.63,32121878.0,shrinking revenue,,141.7,,,,,,,,,,
UAVS,AgEagle Aerial Systems Inc,Technology,Computer Hardware,,,19.58,-36.01,0.13,3.07,5.58,8.23,-3.7699999999999996,2.89,-65.05,1.0,1490000.0,0.42,1.02,Aug 14/a,18.15,64160000.0,HIGH,0.99,8.51,0.41,6.28,0.2359,False,-1.78,True,13.28,6.513,2.941,-4.4788,-12.07,0.467,17.0,-5.56,24.0,10.87,1.02,1571718.0,shrinking revenue,,1679.4,,,,,,,,,,
UCB,United Community Banks Inc,Financial,Banks - Regional,11.35,10.38,50.970000000000006,-0.48,-3.1,1.9900000000000002,3.74,5.6,16.02,0.89,-6.7,2.14,915380.0,1.87,34.69,Jul 21/b,40.17,4179999999.9999995,HIGH,-2.5,-1.95,2.25,2.79,0.0409,False,-1.21,False,-2.41,2.098,1.24,-0.9888,-6.7,1.303,46.0,-3.64,43.0,-1.87,34.69,26734278.0,shrinking revenue,,15.8,,,,,,,,,,
UIS,Unisys Corp,Technology,Information Technology Services,,2.27,-363.31,-2.03,-1.4,-0.53,8.94,-32.2,4.35,1.97,-51.81,1.5,772610.0,1.49,2.4,Jul 29/a,4.81,175000000.0,HIGH,-12.41,-4.0,2.01,-7.12,0.1728,False,-6.49,False,-18.86,4.673,5.0,-2.5922,-44.44,0.956,49.0,-40.89,36.0,-23.81,2.4,1472359.0,shrinking revenue,,100.4,,,,,,,,,,
UNFI,United Natural Foods Inc,Consumer Defensive,Food Distribution,35.05,11.53,138.76,-0.7,-0.65,-0.37,4.86,-9.46,18.5,0.97,-17.89,2.27,601940.0,2.17,46.82,Sep 08/b,54.0,2820000000.0,HIGH,-2.54,3.52,1.93,2.75,0.1382,True,2.54,False,-1.3,4.003,2.905,-1.968,-9.91,1.369,35.0,-5.85,9.0,6.58,46.82,30733135.0,shrinking revenue,,15.3,,,,,,,,,,
UPB,Upstream Bio Inc,Healthcare,Biotechnology,,,2.11,-17.5,-0.06,3.6799999999999997,10.98,-14.56,-36.28,1.39,-84.14,1.5,593880.0,1.69,5.34,Aug 11/b,29.83,292480000.0,HIGH,-23.39,-8.09,1.63,-18.1,0.3928,False,-13.88,False,-19.28,6.28,3.745,-3.4167,-33.25,1.005,22.0,-22.04,28.0,-24.68,5.34,3784074.0,shrinking revenue,,458.6,,,,,,,,,,
UPWK,Upwork Inc,Communication Services,Internet Content & Information,10.92,6.12,-15.869999999999997,-1.68,-4.21,-7.77,16.33,3.73,-26.43,1.05,-63.44,2.45,3390000.0,1.33,8.35,Aug 10/a,9.88,1040000000.0,HIGH,-3.02,-4.02,1.69,2.27,0.1295,False,-4.11,False,-6.54,3.969,2.874,-2.2751,-15.74,0.888,29.0,-13.65,28.0,-0.12,8.35,23177888.0,shrinking revenue,,18.3,,,,,,,,,,
UPXI,Upexi Inc,Communication Services,Internet Content & Information,,,-72.32,-26.57,0.0,-3.2300000000000004,24.08,31.120000000000005,11.21,-0.22,-84.65,1.0,2460000.0,5.09,1.19,Sep 17/a,2.0,97700000.0,HIGH,10.19,8.18,2.45,15.48,0.1883,True,11.9,True,29.49,7.203,16.639,-6.7846,-4.65,2.327,1.0,12.8,1.0,12.8,1.19,5495882.0,fresh >10% breakout; post-earnings jump; shrinking revenue,,68.1,,,,,,,,,,
USDE,StableCoinX Inc,Financial,Capital Markets,,,-2093.88,,0.0,8.31,5.91,0.89,-6.509999999999999,0.97,-32.56,,5160000.0,2.88,10.19,-,,277040000.0,HIGH,37.52,36.96,1.32,42.81,0.5903,True,37.32,True,140.34,15.393,20.118,-24.7449,,1.447,1.0,32.17,,,10.19,85531696.0,incomplete signals; >40% above 50-day SMA; >20% above 20-day SMA; fresh >10% breakout,,,,,,,,,,,,
UTZ,Utz Brands Inc,Consumer Defensive,Packaged Foods,,17.07,-195.24,1.39,0.0,1.1,9.81,101.99000000000001,84.94,0.73,-0.63,2.8,3560000.0,1.03,14.24,Aug 05/b,14.31,2049999999.9999998,HIGH,1.42,0.07,1.76,6.71,0.0139,True,0.15,True,7.62,0.278,0.421,-0.356,-0.63,0.419,6.0,0.07,32.0,0.92,14.24,29727098.0,deal-pinned,,0.5,,,,,,,,,,
UWMC,UWM Holdings Corp,Financial,Mortgage Finance,,3.65,-310.77,-62.46000000000001,-34.82,2.7,25.48,-43.69,-66.12,1.86,-81.22,2.1,19090000.0,0.82,1.25,Aug 05/a,2.69,2009999999.9999998,HIGH,-10.71,-6.02,1.33,-5.42,0.247,False,-9.94,False,-22.09,6.646,5.6,-3.2324,-47.48,0.812,,,31.0,4.17,1.25,16229082.0,shrinking revenue,,115.2,,,,,,,,,,
VC,Visteon Corp,Consumer Cyclical,Auto Parts,17.25,9.04,-23.51,-0.93,-11.85,2.92,14.48,-16.87,11.33,1.29,-26.150000000000002,1.82,542480.0,2.78,94.61,Jul 23/b,129.0,2530000000.0,HIGH,-10.69,-5.4,3.23,-5.4,0.1004,False,-6.18,False,-8.48,2.902,4.851,-1.5778,-24.31,1.692,26.0,-11.07,41.0,-5.49,94.61,46440963.0,shrinking revenue,,36.3,,,,,,,,,,
VEEA,Veea Inc,Technology,Information Technology Services,,,-165.89,1135.6,0.0,,42.21,-32.41,-64.81,0.03,-76.16,,4250000.0,0.48,4.45,-,,13840000.0,HIGH,57.8,94.32,0.15,63.09,2.1802,True,65.58,True,48.15,25.165,32.427,-36.2654,-49.89,9.802,4.0,94.32,,,4.45,69909265.0,>40% above 50-day SMA; >20% above 20-day SMA,,,,,,,,,,,,
VEEE,Twin Vee PowerCats Co,Consumer Cyclical,Recreational Vehicles,,,84.25,-34.22,-35.12,-2.4,5.77,50.79,-42.03,0.94,-93.28,1.0,2220000.0,0.21,8.58,May 07/b,74.0,5010000.0,HIGH,-17.06,-8.33,2.71,-11.77,0.2555,False,-10.96,False,-37.2,5.997,3.263,-3.6856,-84.54,0.006,45.0,-76.29,,,8.58,168829.0,illiquid (<$500K/day); shrinking revenue,,762.5,,,,,,,,,,
VIP,Vulcan Infrastructure and Power Inc,Financial,Capital Markets,24.71,,-113.84999999999998,-73.68,22.48,82.39,4.03,19.88,53.17000000000001,2.97,-42.56,1.0,516760.0,0.48,1.93,-,4.0,73880000.0,HIGH,5.46,6.04,1.92,10.75,0.1432,True,5.61,False,-2.09,5.848,7.254,-2.9007,-42.56,0.247,9.0,2.12,,,1.93,233765.0,illiquid (<$500K/day); shrinking revenue,,107.3,,,,,,,,,,
VISN,Vistance Networks Inc,Technology,Communication Equipment,7.13,9.39,1697.9200000000003,-76.98,-1.6500000000000001,10.9,12.81,-8.97,32.46,2.52,-12.82,2.5,12120000.0,2.55,6.57,Aug 06/b,14.67,1520000000.0,HIGH,-41.39,1.62,3.0,-36.1,1.1106,False,-13.6,False,-34.98,3.762,2.588,-11.1058,-49.17,1.465,,,31.0,-34.95,6.57,75440160.0,shrinking revenue,,123.3,,,,,,,,,,
VITL,Vital Farms Inc,Consumer Defensive,Farm Products,,38.06,-299.2,-10.14,0.66,-23.13,27.2,15.18,-21.79,1.05,-74.11,2.2,1730000.0,2.58,11.99,Aug 06/b,13.22,514750000.0,HIGH,13.43,19.54,2.92,18.72,0.2433,True,14.62,True,2.9,4.099,6.756,-4.4279,-14.69,1.504,2.0,19.54,31.0,-2.04,11.99,16453694.0,fresh >10% breakout; shrinking revenue,,10.3,,,,,,,,,,
VNDA,Vanda Pharmaceuticals Inc,Healthcare,Biotechnology,,,-125.07,-3.92,0.0,3.52,13.44,-11.55,-40.14,0.68,-48.39,1.5,880700.0,1.88,5.13,Aug 05/a,12.19,310170000.0,HIGH,-2.84,-0.39,2.22,2.45,0.1239,False,-2.6,False,-3.35,3.523,2.144,-2.0872,-22.51,0.968,22.0,-5.7,31.0,0.79,5.13,3928348.0,shrinking revenue,,137.6,,,,,,,,,,
VNT,Vontier Corp,Technology,Scientific & Technical Instruments,13.03,8.26,-68.39,-2.17,0.0,3.06,7.76,4.85,-11.24,1.12,-34.94,1.85,1530000.0,1.88,31.36,Aug 06/b,40.22,4240000000.0,HIGH,-4.91,-3.06,2.19,0.38,0.0884,False,-3.37,False,-2.51,2.581,1.977,-1.5446,-14.27,1.198,31.0,-6.72,31.0,-6.72,31.36,42548609.0,shrinking revenue,,28.3,,,,,,,,,,
VREX,Varex Imaging Corp,Healthcare,Medical Devices,35.43,17.28,117.16,3.6900000000000004,-16.36,-2.87,3.03,75.59,66.73,0.97,-0.75,3.0,851390.0,0.98,18.49,Aug 10/b,18.95,779320000.0,HIGH,-0.11,0.16,1.12,5.18,0.0048,False,-0.0,True,19.91,0.234,0.27,-0.1447,-0.75,0.812,2.0,0.11,29.0,48.99,18.49,13814486.0,deal-pinned,,2.5,,,,,,,,,,
VSNT,Versant Media Group Inc,Communication Services,Entertainment,6.62,5.27,-28.54,-3.75,0.0,3.7599999999999993,4.28,-7.93,-0.9000000000000001,,-40.37,2.57,1820000.0,3.19,35.18,Aug 06/b,46.2,4880000000.0,HIGH,-9.21,-6.35,3.56,-3.92,0.1804,False,-9.16,False,-6.55,3.701,5.671,-2.285,-16.95,1.411,12.0,-12.73,31.0,-1.7,35.18,62514052.0,shrinking revenue,,31.3,,,,,,,,,,
VSTS,Vestis Corp,Industrials,Rental & Leasing Services,,17.78,1711.76,-1.8000000000000003,2.86,-2.93,6.15,7.3,87.26,1.04,-18.22,3.25,1420000.0,3.0,13.82,Aug 11/b,13.0,1830000000.0,HIGH,8.9,6.88,2.82,14.19,0.1573,True,6.47,False,-0.94,3.961,3.075,-2.3729,-18.22,1.554,3.0,4.14,28.0,-0.36,13.82,19848071.0,shrinking revenue,,-5.9,,,,,,,,,,
VTIX,Virtuix Holdings Inc,Technology,Computer Hardware,,,-208.9,-25.66,-10.39,16.69,4.53,-68.85,-86.71,,-98.77,1.33,685870.0,0.59,1.14,Aug 19/a,8.07,38730000.0,HIGH,-12.31,7.55,1.22,-7.02,0.435,False,-5.4,False,-34.12,9.192,12.281,-5.9503,-69.27,0.465,,,21.0,-8.8,1.14,398042.0,illiquid (<$500K/day); shrinking revenue,,607.9,,,,,,,,,,
VUZI,Vuzix Corp,Technology,Consumer Electronics,,,8.67,-14.06,-0.33,-1.56,22.59,-16.92,25.569999999999997,1.75,-51.07000000000001,1.0,1020000.0,1.09,2.75,Aug 13/a,6.0,232140000.0,HIGH,-6.46,10.44,1.73,-1.17,0.2194,True,6.18,True,7.68,4.468,5.455,-3.1209,-17.91,0.756,25.0,4.17,25.0,4.17,2.75,1675650.0,shrinking revenue,,118.2,,,,,,,,,,
VYGR,Voyager Therapeutics Inc,Healthcare,Biotechnology,,,28.96,-39.13,-0.11,0.96,7.34,-16.94,-17.38,1.27,-44.32,1.09,590030.0,0.91,3.09,Aug 06/a,14.89,190400000.0,HIGH,-8.85,-3.13,1.25,-3.56,0.2076,False,-7.17,False,-4.36,4.693,3.56,-2.4146,-20.97,0.996,15.0,-10.69,30.0,-1.28,3.09,1424681.0,shrinking revenue,,381.9,,,,,,,,,,
VYX,NCR Voyix Corp,Technology,Information Technology Services,16.54,6.57,74.83,-21.47,-0.83,4.12,21.56,-10.01,1.97,1.43,-50.06,1.29,2480000.0,2.4,6.74,Aug 05/b,12.96,930590000.0,HIGH,-14.79,-18.4,1.94,-9.5,0.348,False,-18.36,False,-17.76,8.15,4.154,-4.6544,-33.53,1.647,33.0,-21.99,32.0,-24.1,6.74,24936174.0,shrinking revenue,,92.3,,,,,,,,,,
WEAV,Weave Communications Inc,Healthcare,Health Information Services,,29.45,53.44,15.52,0.0,7.429999999999999,7.68,40.19,52.83,1.68,-8.59,3.0,2720000.0,1.22,7.29,Aug 06/a,7.4,583300000.0,HIGH,0.0,-0.41,1.11,5.29,0.0081,False,-0.25,True,6.74,0.363,0.686,-0.2032,-4.83,0.66,11.0,-0.27,30.0,37.81,7.29,21832140.0,deal-pinned,,1.5,,,,,,,,,,
WGO,Winnebago Industries Inc,Consumer Cyclical,Recreational Vehicles,19.45,11.28,-18.07,-9.86,-1.31,0.9899999999999999,9.2,-7.8100000000000005,-20.13,1.18,-47.31,2.33,650410.0,2.13,26.43,Jun 25/b,34.4,747150000.0,HIGH,-16.83,-6.81,2.49,-11.54,0.2346,False,-10.34,False,-13.42,3.994,2.497,-2.0811,-20.37,1.413,22.0,-15.61,60.0,-3.08,26.43,16161948.0,shrinking revenue,,30.2,,,,,,,,,,
WHR,Whirlpool Corp,Consumer Cyclical,"Furnishings, Fixtures & Appliances",10.75,9.05,-0.72,-6.81,0.0,-2.67,24.18,-17.73,-41.06,1.17,-66.28,3.0,2500000.0,1.51,31.97,Aug 03/a,42.55,2080000000.0,HIGH,-20.77,-5.97,1.39,-15.48,0.3338,False,-14.49,False,-17.76,5.284,3.378,-2.5684,-32.12,1.451,33.0,-18.46,33.0,-18.46,31.97,98539832.0,shrinking revenue,,33.1,,,,,,,,,,
WLY,John Wiley & Sons Inc,Communication Services,Publishing,12.73,9.08,-206.6,-2.63,0.0,0.1,11.77,3.0,32.03,0.75,-16.27,1.0,561280.0,1.86,48.1,Sep 03/b,68.0,2430000000.0,HIGH,-6.75,-0.68,1.72,-1.46,0.1891,False,-4.74,False,-5.81,4.89,4.096,-2.0121,-16.27,1.256,38.0,-5.7,11.0,-5.05,48.1,30394855.0,shrinking revenue,,41.4,,,,,,,,,,
WNC,Wabash National Corp,Industrials,Farm & Heavy Construction Machinery,,9.68,-143.54,-9.06,-0.45000000000000007,-3.91,10.8,4.4,50.89,1.47,-18.04,1.0,1080000.0,0.94,11.86,Jul 29/b,22.5,483140000.0,HIGH,-1.33,-4.43,1.52,3.96,0.2479,False,-7.73,False,-7.4,6.209,6.155,-3.9897,-18.04,0.699,12.0,-7.13,37.0,-4.35,11.86,8577971.0,shrinking revenue,,89.7,,,,,,,,,,
WOLF,Wolfspeed Inc,Technology,Semiconductors,,,34.73,-24.06,0.0,47.67,70.68,-55.43,50.0,1.99,-92.69,3.0,4059999.9999999995,0.92,25.59,Aug 19/a,27.5,1350000000.0,HIGH,-0.66,6.8,1.45,4.63,0.229,False,-1.45,False,-7.6,7.741,6.381,-4.5423,-50.45,0.642,24.0,-19.5,21.0,-2.88,25.59,66487088.0,shrinking revenue,,7.5,,,,,,,,,,
WU,Western Union Company,Financial,Credit Services,4.98,4.08,-33.96,-1.15,-0.54,-3.1,15.24,-13.200000000000001,-32.68,0.54,-40.29,3.81,9550000.0,2.8,6.18,Jul 30/a,6.95,1930000000.0,HIGH,-15.34,-12.09,3.18,-10.05,0.1766,False,-12.03,False,-16.59,3.433,5.34,-1.9322,-30.95,1.175,47.0,-21.57,35.0,-2.83,6.18,58080306.0,shrinking revenue,REVIEW,12.5,,,,,,,,,,
WVE,Wave Life Sciences Inc,Healthcare,Biotechnology,,,-10.46,-73.88,38.04,6.02,9.85,-29.38,-64.11,-1.44,-79.98,1.06,3080000.0,1.43,4.35,Jul 30/b,19.94,857160000.0,HIGH,-17.77,-5.02,1.35,-12.48,0.2403,False,-10.05,False,-18.84,4.975,3.908,-2.0187,-32.87,0.987,55.0,-25.51,36.0,-24.48,4.35,15752252.0,shrinking revenue,,358.4,,,,,,,,,,
XHLD,TEN Holdings Inc,Communication Services,Broadcasting,,,41.35,-34.5,0.0,0.4099999999999999,7.84,680.95,623.53,5.76,-36.21,1.0,4110000.0000000005,1.66,9.84,Aug 10/b,120.0,117860000.0,HIGH,28.46,10.31,1.8,33.75,0.4675,True,5.25,True,78.32,15.383,3.963,-8.9477,-36.22,1.12,8.0,4.9,29.0,387.13,9.84,35795991.0,>40% above 50-day SMA; shrinking revenue,,1119.5,,,,,,,,,,
XOS,Xos Inc,Industrials,Farm & Heavy Construction Machinery,,,39.55,-74.23,-7.090000000000001,11.94,11.09,-16.99,34.9,1.8,-68.68,2.0,2890000.0,0.05,2.59,Aug 13/a,4.0,36820000.0,HIGH,-26.0,0.39,0.22,-20.71,0.5014,False,-14.08,False,-3.23,6.398,4.44,-2.8178,-47.68,0.05,23.0,23.92,25.0,23.63,2.59,1980426.0,shrinking revenue,,54.4,,,,,,,,,,
XPOF,Xponential Fitness Inc,Consumer Cyclical,Leisure,,7.42,-770.8,-13.44,1.8500000000000003,-3.2199999999999998,28.14,-46.56,-36.19,1.22,-60.53999999999999,2.75,828440.0,1.16,3.65,Aug 06/a,5.6,179760000.0,HIGH,-29.67,-8.52,1.41,-24.38,0.5886,False,-21.82,False,-33.46,7.75,6.986,-4.776,-49.02,0.997,,,30.0,-27.44,3.65,3043427.0,shrinking revenue,,53.4,,,,,,,,,,
XPON,Expion Energy Inc,Industrials,Electrical Equipment & Parts,,,72.72,-32.1,0.0,3.55,39.55,-14.27,-35.63,0.7,-81.1,,2530000.0,0.03,4.65,Mar 17/b,48.0,4470000.0,HIGH,35.37,1.31,0.01,40.66,0.902,False,-19.99,True,2.45,13.273,13.763,-25.8595,-60.56,0.071,17.0,-11.76,,,4.65,50241132.0,shrinking revenue,,932.3,,,,,,,,,,
XPRO,Expro Ltd,Energy,Oil & Gas Equipment & Services,91.6,18.36,-88.65,-6.99,-1.05,-5.77,6.75,19.1,-1.73,0.96,-14.400000000000002,2.29,1060000.0,1.54,16.46,Jul 28/b,17.4,1850000000.0,HIGH,-9.66,-4.3,1.91,-4.37,0.1356,False,-6.58,False,-3.74,4.635,2.977,-2.4599,-14.4,1.167,22.0,-10.4,38.0,6.74,16.46,14894969.0,shrinking revenue,,5.7,,,,,,,,,,
XRAY,DENTSPLY Sirona Inc,Healthcare,Medical Instruments & Supplies,,6.32,181.71,-4.06,3.15,2.66,11.17,-7.6499999999999995,-15.28,0.87,-35.34,2.79,5060000.0,1.67,9.54,Aug 06/a,13.5,1900000000.0,HIGH,-12.64,-8.09,2.06,-7.35,0.219,False,-10.77,False,-19.99,4.889,2.83,-2.8745,-33.93,1.351,33.0,-32.48,30.0,-21.29,9.54,43264592.0,shrinking revenue,,41.5,,,,,,,,,,
XTND,Xtend AI Robotics Inc,Technology,Computer Hardware,,,-87.41,146.18,0.0,,,0.44,-50.3,3.38,-74.24,1.0,563160.0,3.01,4.52,Sep 02,9.5,1130000000.0,LOW,,,,,,,,,,,,,,,,,,,,,low data confidence; incomplete signals,,,,,,,,,,,,
YEXT,Yext Inc,Technology,Software - Infrastructure,35.13,8.08,390.62,-1.76,-22.94,-9.26,6.67,61.58,28.18,1.14,-32.0,3.0,1120000.0,2.23,6.14,Sep 01/b,7.0,607730000.0,HIGH,-3.31,-5.25,2.03,1.98,0.1236,False,-5.01,True,3.49,6.718,3.746,-2.3452,-22.08,1.284,16.0,-5.54,13.0,-5.97,6.14,7966659.0,shrinking revenue,,14.0,,,,,,,,,,
ZD,Ziff Davis Inc,Communication Services,Advertising Agencies,,9.93,-329.73,-18.59,-3.39,-3.5900000000000003,16.1,24.9,35.75,1.11,-4.94,2.14,651640.0,4.28,57.49,Aug 06/a,63.67,1970000000.0,HIGH,2.51,0.24,4.0,7.8,0.0923,True,1.93,True,5.19,2.878,3.444,-1.4211,-4.94,2.012,5.0,2.26,30.0,12.84,57.49,39586360.0,shrinking revenue,,10.7,,,,,,,,,,
ZNB,Zeta Network Group,Communication Services,Entertainment,,,-409.55,28.550000000000004,-99.67,-41.78,7.0,-71.39,-94.39,2.72,-99.96,,692630.0,0.08,1.48,-,,1440000.0,HIGH,-16.38,4.96,0.92,-11.09,0.397,False,-6.24,False,-33.78,8.591,10.811,-4.9288,-71.97,0.043,,,,,1.48,95570.0,illiquid (<$500K/day),,,,,,,,,,,,
ZYME,Zymeworks BC Inc,Healthcare,Biotechnology,,23.37,-2162.88,-90.58,0.0,-2.51,6.86,14.82,11.19,1.17,-15.22,1.0,617640.0,1.77,26.57,Aug 06/a,41.23,1900000000.0,HIGH,-7.32,-1.04,1.35,-2.03,0.2063,False,-5.42,True,3.47,4.33,4.403,-3.7977,-15.22,1.451,14.0,-6.01,30.0,14.87,26.57,22734542.0,shrinking revenue,,55.2,,,,,,,,,,
